,CourseCode,Name,Session,Career,Units,ModeOfDelivery,Year
0,BIAN2115,'Race' and Human Genetic Variation,,Undergraduate,6.0,In Person,2014
1,ENGL3005,"16th, 17th and 18th Century Literature(H)",,Undergraduate,6.0,In Person,2014
2,ENGL2008,19th and 20th Century Literature,,Undergraduate,6.0,In Person,2014
3,ENGL2115,20th Century American Drama,,Undergraduate,6.0,In Person,2014
4,ASGS1001,20th Century History,First Semester,Undergraduate,6.0,In Person,2014
5,PREP1102,20th Century History,First Semester/Second Semester,Undergraduate,6.0,In Person,2014
6,HIST8018,A Globalising World,Second Semester,Postgraduate,6.0,Blended,2014
7,MUSI2217,A History of Jazz,Second Semester,Undergraduate,6.0,In Person,2014
8,MGMT7169,A Management Framework For Business Projects,Second Semester,Postgraduate,6.0,In Person,2014
9,ANCH2020,A region in antiquity: Gallipoli and western Turkey,Spring Session,Undergraduate,12.0,In Person,2014
10,ANCH6505,A region in antiquity: Gallipoli and western Turkey,Spring Session,Postgraduate,12.0,In Person,2014
11,ECCO8001,ANU College of Business and Economics Sub-Thesis,First Semester/Second Semester,Postgraduate,18.0,In Person,2014
12,EXTN1001A,ANU Extension Astrophysics A,Autumn Session,Undergraduate,0.0,In Person,2014
13,EXTN1001B,ANU Extension Astrophysics B,,Undergraduate,6.0,In Person,2014
14,EXTN1002A,ANU Extension Chemistry A,Autumn Session,Undergraduate,0.0,In Person,2014
15,EXTN1002B,ANU Extension Chemistry B,,Undergraduate,6.0,In Person,2014
16,EXTN1004A,ANU Extension Conservation Biology A,Autumn Session,Undergraduate,0.0,In Person,2014
17,EXTN1004B,ANU Extension Conservation Biology B,,Undergraduate,6.0,In Person,2014
18,EXTN1012A,ANU Extension Maths A,Autumn Session,Undergraduate,0.0,In Person,2014
19,EXTN1012B,ANU Extension Maths B,,Undergraduate,6.0,In Person,2014
20,EXTN1011A,ANU Extension Physics A,Autumn Session,Undergraduate,0.0,In Person,2014
21,EXTN1011B,ANU Extension Physics B,,Undergraduate,6.0,In Person,2014
22,SCNC5922,ANU/NUS JD (Band 2 NP),First Semester/Second Semester,Undergraduate,6.0,In Person,2014
23,PHYS8011,ANU/NUS Study Program I,First Semester/Second Semester,Postgraduate,6.0,In Person,2014
24,PHYS8012,ANU/NUS Study Program II,First Semester/Second Semester,Postgraduate,6.0,In Person,2014
25,ASGS1106,ASGS1106 Support For Microeconomics 1,Second Semester,Undergraduate,6.0,In Person,2014
26,ASGS1107,ASGS1107 Support for Communication For Business,Second Semester,Undergraduate,6.0,In Person,2014
27,PSYC3025,Abnormal Psychology across the Life Span,First Semester,Undergraduate,6.0,In Person,2014
28,ANTH7002,Aboriginal Studies Sub-thesis,First Semester/Second Semester,Postgraduate,18.0,In Person,2014
29,ANTH7003,Aboriginal Studies Sub-thesis (Part-Time),First Semester/Second Semester,Postgraduate,9.0,In Person,2014
30,ABST8900P,"Aboriginal and Economic Policy Research, RSSS",,Research,6.0,In Person,2014
31,ABST9000P,"Aboriginal and Economic Policy Research, RSSS",,Research,6.0,In Person,2014
32,ABST8900F,"Aboriginal and Economic Policy Research, RSSS",,Research,6.0,In Person,2014
33,ABST9000F,"Aboriginal and Economic Policy Research, RSSS",,Research,6.0,In Person,2014
34,ARTH2098,Aboriginal and Torres Strait Islander Art,,Undergraduate,6.0,In Person,2014
35,ARTH6598,Aboriginal and Torres Strait Islander Art,,Postgraduate,6.0,Online or In Person,2014
36,EDUC8007,Academic  Leadership and Management,First Semester,Postgraduate,6.0,In Person,2014
37,EDUC8005,Academic Career in Context,,Postgraduate,6.0,In Person,2014
38,DEMO6925,Academic Skills for Social Scientists,Summer Session/Autumn Session,Postgraduate,6.0,In Person,2014
39,PHYS8203,Accelerators and their application,First Semester,Postgraduate,6.0,In Person,2014
40,ASIA3020,Accessing Japanese Law: Contemporary Issues in Japanese Law and Society,,Undergraduate,6.0,In Person,2014
41,ASIA6021,Accessing Japanese Law: Contemporary Issues in Japanese Law and Society,,Postgraduate,6.0,In Person,2014
42,PREP1103,Accounting,First Semester/Second Semester,Undergraduate,6.0,In Person,2014
43,ACCT4004F,Accounting IV Honours (S),First Semester/Second Semester,Undergraduate,12.0,In Person,2014
44,ACCT4004P,Accounting IV Honours (S),First Semester/Second Semester,Undergraduate,12.0,In Person,2014
45,INFS2005,Accounting Information Systems,First Semester/Second Semester,Undergraduate,6.0,In Person,2014
46,INFS7004,Accounting Information Systems,Second Semester,Postgraduate,6.0,In Person,2014
47,BUSN1002,Accounting Processes and Systems,First Semester/Second Semester,Undergraduate,6.0,In Person,2014
48,BUSN3001,Accounting Theory,First Semester/Second Semester,Undergraduate,6.0,In Person,2014
49,LEGW8100,Accounts,Summer Session/Autumn Session/Winter Session/Spring Session,Postgraduate,3.0,In Person,2014
50,LING3005,Acoustics of Voice,,Undergraduate,6.0,In Person,2014
51,LING6505,Acoustics of Voice,,Postgraduate,6.0,In Person,2014
52,LANG2103,Acquiring Pragmatics of a Second Language,,Undergraduate,6.0,In Person,2014
53,LANG6103,Acquiring Pragmatics of a Second Language,,Postgraduate,6.0,In Person,2014
54,EDUC8006,Action Learning Project,Summer Session/First Semester/Second Semester,Postgraduate,3.0,In Person,2014
55,EDUC8010,Action Learning Project 2,First Semester/Second Semester,Postgraduate,3.0,In Person,2014
56,EDUC8009,Action Research Project 1,First Semester,Postgraduate,6.0,In Person,2014
57,EDUC8011,Action Research Project 3,Second Semester,Postgraduate,6.0,In Person,2014
58,ACST4031,Actuarial Control Cycle A1,First Semester,Undergraduate,6.0,In Person,2014
59,ACST4032,Actuarial Control Cycle A2,Second Semester,Undergraduate,6.0,In Person,2014
60,ACST4033,Actuarial Control Cycle B,Second Semester,Undergraduate,6.0,In Person,2014
61,ACST4004P,Actuarial Studies IV Honours (S),First Semester/Second Semester,Undergraduate,12.0,In Person,2014
62,ACST4004F,Actuarial Studies IV Honours (S),First Semester/Second Semester,Undergraduate,12.0,In Person,2014
63,STAT3038,Actuarial Techniques,Second Semester,Undergraduate,6.0,In Person,2014
64,STAT6045,Actuarial Techniques,Second Semester,Postgraduate,6.0,In Person,2014
65,LAWS2201,Administrative Law,First Semester,Undergraduate,6.0,In Person,2014
66,LEGW8118,Administrative Law Practice,Summer Session/Autumn Session/Winter Session/Spring Session,Postgraduate,3.0,Online,2014
67,COMP4600,Advanced Algorithms,Second Semester,Undergraduate,6.0,In Person,2014
68,COMP8460,Advanced Algorithms,Second Semester,Postgraduate,6.0,In Person,2014
69,PHIL3072,Advanced Analytic Philosophy,First Semester,Undergraduate,6.0,In Person,2014
70,GREK2125,Advanced Ancient Greek,First Semester/Second Semester,Undergraduate,6.0,In Person,2014
71,GREK6125,Advanced Ancient Greek,First Semester/Second Semester,Postgraduate,6.0,In Person,2014
72,GREK2115,Advanced Ancient Greek N,,Undergraduate,6.0,In Person,2014
73,GREK2116,Advanced Ancient Greek O,,Undergraduate,6.0,In Person,2014
74,GREK2117,Advanced Ancient Greek P - Reading course,First Semester,Undergraduate,6.0,In Person,2014
75,GREK2118,Advanced Ancient Greek Q - Reading Course,Second Semester,Undergraduate,6.0,In Person,2014
76,ARAB3001,Advanced Arabic A,First Semester,Undergraduate,6.0,In Person,2014
77,ARAB6503,Advanced Arabic A,First Semester,Postgraduate,6.0,In Person,2014
78,ARAB3002,Advanced Arabic B,Second Semester,Undergraduate,6.0,In Person,2014
79,ARAB6504,Advanced Arabic B,Second Semester,Postgraduate,6.0,In Person,2014
80,ARCH8018,Advanced Archaeology 1,,Postgraduate,6.0,In Person,2014
81,ARCH8019,Advanced Archaeology 2,,Postgraduate,6.0,In Person,2014
82,ARCH8020,Advanced Archaeology 3,,Postgraduate,6.0,In Person,2014
83,ARCH8021,Advanced Archaeology 4,,Postgraduate,6.0,In Person,2014
84,ARCH8022,Advanced Archaeology 5,,Postgraduate,6.0,In Person,2014
85,ARCH8023,Advanced Archaeology 6,,Postgraduate,6.0,In Person,2014
86,BUSN8056,Advanced Auditing and Assurance Services,First Semester/Second Semester,Postgraduate,6.0,In Person,2014
87,COMP4560,Advanced Computing Project,First Semester/Second Semester,Undergraduate,12.0,In Person,2014
88,COMP3560,Advanced Computing R&D Industry Experience,Summer Session,Undergraduate,0.0,In Person,2014
89,COMP2550,Advanced Computing R&D Methods,First Semester,Undergraduate,6.0,In Person,2014
90,COMP3550,Advanced Computing R&D Project,First Semester/Second Semester,Undergraduate,12.0,In Person,2014
91,COMP4550,Advanced Computing Research Project,First Semester/Second Semester,Undergraduate,24.0,In Person,2014
92,PHIL3071,Advanced Continental Philosophy,First Semester,Undergraduate,6.0,In Person,2014
93,POGO8202,Advanced Contract Management,,Postgraduate,6.0,In Person,2014
94,LAWS8218,Advanced Contracts,Spring Session,Postgraduate,6.0,In Person,2014
95,FINM8004,Advanced Corporate Finance,First Semester/Second Semester,Postgraduate,6.0,In Person,2014
96,COMP3420,Advanced Databases and Data Mining,First Semester,Undergraduate,6.0,In Person,2014
97,FINM3007,Advanced Derivatives Pricing and Applications,Second Semester,Undergraduate,6.0,In Person,2014
98,EMSC8019,Advanced Earth Physics,,Postgraduate,6.0,In Person,2014
99,PHIL3073,"Advanced Ethics, Social and Political Philosophy",Second Semester,Undergraduate,6.0,In Person,2014
100,ARCH8002,Advanced Field Training in Archaeological Science,Winter Session,Postgraduate,6.0,In Person,2014
101,FREN3008,Advanced French Topics,First Semester,Undergraduate,6.0,In Person,2014
102,FREN6508,Advanced French Topics,First Semester,Postgraduate,6.0,In Person,2014
103,ACST8048,Advanced General Insurance,,Postgraduate,6.0,In Person,2014
104,EMSC8021,"Advanced Geochemistry, Petrology and Tectonics",,Postgraduate,6.0,In Person,2014
105,ACST8049,Advanced Global Retirement Income Systems,First Semester,Postgraduate,6.0,In Person,2014
106,INDN3012,Advanced Indonesian A In-Country,Summer Session/Winter Session,Undergraduate,6.0,In Person,2014
107,INDN3013,Advanced Indonesian B In-Country,Summer Session/Winter Session,Undergraduate,6.0,In Person,2014
108,LAWS2264,Advanced International Law,Second Semester,Undergraduate,6.0,In Person,2014
109,FINM8006,Advanced Investments,First Semester/Second Semester,Postgraduate,6.0,In Person,2014
110,ANTH8034,Advanced Issues in Anthropology,Second Semester,Postgraduate,12.0,In Person,2014
111,JPNS3006,Advanced Japanese:  Language in Context,First Semester,Undergraduate,6.0,In Person,2014
112,JPNS3005,Advanced Japanese: Issues in Contemporary Japan,,Undergraduate,6.0,In Person,2014
113,JPNS6505,Advanced Japanese: Issues in Contemporary Japan,,Postgraduate,6.0,In Person,2014
114,JPNS6506,Advanced Japanese: Language in Context,First Semester,Postgraduate,6.0,In Person,2014
115,JPNS6507,Advanced Japanese: Readings in Culture and Society,,Postgraduate,6.0,In Person,2014
116,JPNS3007,Advanced Japanese: Readings in Culture and Society,,Undergraduate,6.0,In Person,2014
117,JPNS3008,Advanced Japanese: Readings in Literature,Second Semester,Undergraduate,6.0,In Person,2014
118,JPNS6508,Advanced Japanese: Readings in Literature,Second Semester,Postgraduate,6.0,In Person,2014
119,CHEM3062,Advanced Laboratory Techniques in Chemical Synthesis,First Semester,Undergraduate,3.0,In Person,2014
120,LATN2125,Advanced Latin,First Semester/Second Semester,Undergraduate,6.0,In Person,2014
121,LATN6125,Advanced Latin,First Semester/Second Semester,Postgraduate,6.0,In Person,2014
122,LATN6117,Advanced Latin P,,Postgraduate,6.0,In Person,2014
123,LATN2117,Advanced Latin P - Reading Course,First Semester,Undergraduate,6.0,In Person,2014
124,LATN2118,Advanced Latin Q - Reading Course,Second Semester,Undergraduate,6.0,In Person,2014
125,ACST8047,Advanced Life Insurance,,Postgraduate,6.0,In Person,2014
126,BUSN3003,Advanced Management Accounting,,Undergraduate,6.0,In Person,2014
127,BUSN8003,Advanced Managerial Decision Making,,Postgraduate,6.0,In Person,2014
128,STAT3005,Advanced Marketing Research Methods,First Semester,Undergraduate,6.0,In Person,2014
129,STAT7007,Advanced Marketing Research Methods,First Semester,Postgraduate,6.0,In Person,2014
130,STAT8056,Advanced Mathematical Statistics,Second Semester,Postgraduate,6.0,In Person,2014
131,STAT3056,Advanced Mathematical Statistics,Second Semester,Undergraduate,6.0,In Person,2014
132,LAWS8165,Advanced Military Administrative Law,Spring Session,Postgraduate,6.0,In Person,2014
133,LAWS8164,Advanced Military Discipline Law,,Postgraduate,9.0,In Person,2014
134,LAWS8166,Advanced Military Operations Law,Autumn Session,Postgraduate,6.0,In Person,2014
135,EMSC8707,Advanced Natural Hazards,,Postgraduate,6.0,In Person,2014
136,PERS3005,Advanced Persian A,First Semester,Undergraduate,6.0,In Person,2014
137,PERS6005,Advanced Persian A,First Semester,Postgraduate,6.0,In Person,2014
138,PERS3006,Advanced Persian B,Second Semester,Undergraduate,6.0,In Person,2014
139,PERS6006,Advanced Persian B,Second Semester,Postgraduate,6.0,In Person,2014
140,PHIL3062,Advanced Philosophical Topics A,,Undergraduate,6.0,In Person,2014
141,PHIL3063,Advanced Philosophical Topics B,,Undergraduate,6.0,In Person,2014
142,CHEM3202,Advanced Physical & Materials Chemistry,First Semester,Undergraduate,6.0,In Person,2014
143,LAWS8183,Advanced Principles of International Law,Summer Session/Winter Session,Postgraduate,6.0,In Person,2014
144,SKRT3108,Advanced Reading In South Asian Cultures,Second Semester,Undergraduate,6.0,Online or In Person,2014
145,CHIN3211,Advanced Readings in Chinese A,First Semester,Undergraduate,6.0,In Person,2014
146,CHIN6211,Advanced Readings in Chinese A,First Semester/Second Semester,Postgraduate,6.0,In Person,2014
147,CHIN3212,Advanced Readings in Chinese B,Second Semester,Undergraduate,6.0,In Person,2014
148,CHIN6212,Advanced Readings in Chinese B,Second Semester,Postgraduate,6.0,In Person,2014
149,CHIN3210,Advanced Readings in Chinese C,,Undergraduate,3.0,In Person,2014
150,CHIN6210,Advanced Readings in Chinese C,,Postgraduate,3.0,In Person,2014
151,JPNS6027,Advanced Readings in Japanese Economy,,Undergraduate,6.0,In Person,2014
152,JPNS3027,Advanced Readings in Japanese Economy,,Undergraduate,6.0,In Person,2014
153,JPNS6023,Advanced Readings in Japanese History,,Postgraduate,6.0,In Person,2014
154,JPNS3023,Advanced Readings in Japanese History,,Undergraduate,6.0,In Person,2014
155,JPNS3024,Advanced Readings in Japanese Law,First Semester,Undergraduate,6.0,In Person,2014
156,JPNS6025,Advanced Readings in Japanese Law,First Semester,Postgraduate,6.0,In Person,2014
157,JPNS3026,Advanced Readings in Japanese: International Relations and Politics,Second Semester,Undergraduate,6.0,In Person,2014
158,JPNS6026,Advanced Readings in Japanese: International Relations and Politics,Second Semester,Postgraduate,6.0,In Person,2014
159,JPNS3025,Advanced Readings in Science and Technology,,Undergraduate,6.0,In Person,2014
160,JPNS6125,Advanced Readings in Science and Technology,,Postgraduate,6.0,In Person,2014
161,SKRT6508,Advanced Readings in South Asian Cultures,Second Semester,Postgraduate,6.0,Online or In Person,2014
162,HIND6108,Advanced Readings in South Asian Cultures,Second Semester,Postgraduate,6.0,In Person,2014
163,URDU3108,Advanced Readings in South Asian Cultures,,Undergraduate,6.0,In Person,2014
164,HIND3108,Advanced Readings in South Asian Cultures,Second Semester,Undergraduate,6.0,In Person,2014
165,URDU6508,Advanced Readings in South Asias Cultures,,Postgraduate,6.0,In Person,2014
166,INDN6005,Advanced Readings in South East Asian Cultures,,Postgraduate,6.0,In Person,2014
167,INDN3005,Advanced Readings in Southeast Asian Culture,,Undergraduate,6.0,In Person,2014
168,THAI6008,Advanced Readings in Thai Language and Culture,Second Semester,Postgraduate,6.0,Online or In Person,2014
169,THAI3008,Advanced Readings in Thai Language and Culture,Second Semester,Undergraduate,6.0,Online or In Person,2014
170,PSYC3018,Advanced Research Methods,Second Semester,Undergraduate,6.0,In Person,2014
171,BIOL8702,Advanced Research Techniques,First Semester,Postgraduate,6.0,In Person,2014
172,SOCY8102,Advanced Social Research Methods,First Semester/Second Semester,Postgraduate,6.0,In Person,2014
173,SPAN6509,Advanced Spanish I,Second Semester,Postgraduate,6.0,In Person,2014
174,SPAN6510,Advanced Spanish II,First Semester,Postgraduate,6.0,In Person,2014
175,SPAN3031,Advanced Spanish Topics in Language and Linguistics,Second Semester,Undergraduate,6.0,In Person,2014
176,SPAN3030,Advanced Spanish topics in Language and Culture,First Semester,Undergraduate,6.0,In Person,2014
177,STAT3006,Advanced Stochastic Processes,,Undergraduate,6.0,In Person,2014
178,SCNC1101,Advanced Studies 1,Summer Session/First Semester/Autumn Session/Winter Session/Second Semester/Spring Session,Undergraduate,6.0,In Person,2014
179,ARTS1101,Advanced Studies 1: Thinking Research,First Semester,Undergraduate,6.0,In Person,2014
180,SCNC1102,Advanced Studies 2,Summer Session/First Semester/Autumn Session/Winter Session/Second Semester/Spring Session,Undergraduate,6.0,In Person,2014
181,ARTS1102,Advanced Studies 2: Doing Research,Second Semester,Undergraduate,6.0,In Person,2014
182,SCNC2101,Advanced Studies 3,Summer Session/First Semester/Autumn Session/Winter Session/Second Semester/Spring Session,Undergraduate,6.0,In Person,2014
183,ARTS2101,Advanced Studies 3,Summer Session/First Semester/Autumn Session/Winter Session/Second Semester/Spring Session,Undergraduate,6.0,In Person,2014
184,ARTS2102,Advanced Studies 4,Summer Session/First Semester/Autumn Session/Winter Session/Second Semester/Spring Session,Undergraduate,6.0,In Person,2014
185,SCNC2102,Advanced Studies 4,Summer Session/First Semester/Autumn Session/Winter Session/Second Semester/Spring Session,Undergraduate,6.0,In Person,2014
186,ARTS3101,Advanced Studies 5,Summer Session/First Semester/Autumn Session/Winter Session/Second Semester/Spring Session,Undergraduate,6.0,In Person,2014
187,SCNC3101,Advanced Studies 5,Summer Session/First Semester/Autumn Session/Winter Session/Second Semester/Spring Session,Undergraduate,6.0,In Person,2014
188,ARTS3102,Advanced Studies 6,Summer Session/First Semester/Autumn Session/Winter Session/Second Semester/Spring Session,Undergraduate,6.0,In Person,2014
189,SCNC3102,Advanced Studies 6,Summer Session/First Semester/Autumn Session/Winter Session/Second Semester/Spring Session,Undergraduate,6.0,In Person,2014
190,ASIA1114,Advanced Studies in Asia and the Pacific 1,Summer Session/First Semester/Autumn Session/Winter Session/Second Semester/Spring Session,Undergraduate,6.0,In Person,2014
191,ASIA2114,Advanced Studies in Asia and the Pacific 2,Summer Session/First Semester/Winter Session/Second Semester/Spring Session,Undergraduate,6.0,In Person,2014
192,ASIA3114,Advanced Studies in Asia and the Pacific 3,Summer Session/First Semester/Autumn Session/Winter Session/Second Semester/Spring Session,Undergraduate,6.0,In Person,2014
193,STST3004,Advanced Study in Asia-Pacific Security,,Undergraduate,6.0,In Person,2014
194,LAWS8030,Advanced Succession Practice,Second Semester,Postgraduate,6.0,Online,2014
195,PHYS3002,Advanced Theoretical Physics,Second Semester,Undergraduate,6.0,In Person,2014
196,COMP4620,Advanced Topics in Artificial Intelligence,,Undergraduate,6.0,In Person,2014
197,COMP8620,Advanced Topics in Artificial intelligence,,Postgraduate,6.0,In Person,2014
198,ENGN8637,Advanced Topics in Communications and Signal Processing,,Postgraduate,6.0,In Person,2014
199,INFS8201,Advanced Topics in Information Systems Research,First Semester,Postgraduate,6.0,In Person,2014
200,COMP8670,Advanced Topics in Logic and Computation,,Postgraduate,6.0,In Person,2014
201,ENGN8536,Advanced Topics in Mechatronics Systems,,Postgraduate,6.0,In Person,2014
202,ECON8901,"Advanced Topics in Poverty, Public Policy and Development",Second Semester,Postgraduate,6.0,In Person,2014
203,ENGN8527,Advanced Topics in Solar Energy Technologies,Second Semester,Postgraduate,6.0,In Person,2014
204,COMP4680,Advanced Topics in Statistical Machine Learning,Second Semester,Undergraduate,6.0,In Person,2014
205,COMP8650,Advanced Topics in Statistical Machine Learning,Second Semester,Postgraduate,6.0,In Person,2014
206,LANG7000F,Advanced Translation Thesis,First Semester/Second Semester,Postgraduate,12.0,In Person,2014
207,LANG7000P,Advanced Translation Thesis,First Semester/Second Semester,Postgraduate,12.0,In Person,2014
208,LANG7001F,Advanced Translation and Commentary,First Semester/Second Semester,Postgraduate,12.0,In Person,2014
209,LANG7001P,Advanced Translation and Commentary,First Semester/Second Semester,Postgraduate,12.0,In Person,2014
210,TURK3001,Advanced Turkish A,,Undergraduate,6.0,In Person,2014
211,TURK6505,Advanced Turkish A,,Postgraduate,6.0,In Person,2014
212,TURK3002,Advanced Turkish B,,Undergraduate,6.0,In Person,2014
213,TURK6506,Advanced Turkish B,,Postgraduate,6.0,In Person,2014
214,EMSC8018,Advanced Water and Marine Geosciences,,Postgraduate,6.0,In Person,2014
215,BIOL6303,Advances Field Studies in Functional Ecology,,Postgraduate,6.0,In Person,2014
216,BIOL3107,Advances in Medical and Plant Biochemistry,First Semester,Undergraduate,6.0,In Person,2014
217,BIOL6107,Advances in Medical and Plant Biochemistry,First Semester,Postgraduate,6.0,In Person,2014
218,BIOL3177,Advances in Molecular Plant Science,First Semester,Undergraduate,6.0,In Person,2014
219,BIOL6177,Advances in Molecular Plant Science,First Semester,Postgraduate,6.0,In Person,2014
220,MKTG2033,Advertising,First Semester,Undergraduate,6.0,In Person,2014
221,LAWS8132,Advocacy,Winter Session,Postgraduate,6.0,In Person,2014
222,IDEC8018,Agricultural Economics and Resource Policy,Second Semester,Postgraduate,6.0,In Person,2014
223,POGO8116,Agriculture in International Trade,,Postgraduate,6.0,In Person,2014
224,IDEC8007,Aid and Development Policy,,Postgraduate,6.0,Online,2014
225,ANCH2022,Alexander the Great and the Hellenistic World,,Undergraduate,6.0,In Person,2014
226,ASGS1005,Algebra,First Semester,Undergraduate,6.0,In Person,2014
227,MATH2322,"Algebra 1 Honours: Groups, Rings and Advanced Linear Algebra",Second Semester,Undergraduate,6.0,In Person,2014
228,MATH6118,"Algebra 1:  Groups, Rings and Advanced Linear Algebra",Second Semester,Postgraduate,6.0,In Person,2014
229,MATH3345,Algebra 2 Honours:  Field extensions and Galois Theory,First Semester,Undergraduate,6.0,In Person,2014
230,MATH6215,Algebra 2: Field extensions and Galois Theory,First Semester,Postgraduate,6.0,In Person,2014
231,MATH3354,Algebra 3: Advanced Topics in Algebra,Second Semester,Undergraduate,6.0,In Person,2014
232,MATH6216,Algebra 3: Advanced Topics in Algebra,Second Semester,Postgraduate,6.0,In Person,2014
233,MATH1003,Algebra and Calculus Methods,First Semester,Undergraduate,6.0,In Person,2014
234,MATH6204,Algebraic Topology,Second Semester,Postgraduate,6.0,In Person,2014
235,MATH4204,Algebraic Topology Honours,Second Semester,Undergraduate,6.0,In Person,2014
236,COMP3600,Algorithms,Second Semester,Undergraduate,6.0,In Person,2014
237,COMP6466,Algorithms,Second Semester,Postgraduate,6.0,In Person,2014
238,COMP8400,Algorithms and Techniques for Data Mining,First Semester,Postgraduate,6.0,In Person,2014
239,MUSI2215,All Shook Up: A History of Rock 'n' Roll,,Undergraduate,6.0,In Person,2014
240,CHIN3116,Alternative Readings of Chinese Masterpieces,,Undergraduate,6.0,In Person,2014
241,CHIN6116,Alternative Readings of Chinese Masterpieces,,Postgraduate,6.0,In Person,2014
242,HIST2126,American Sixties,,Undergraduate,6.0,In Person,2014
243,HIST6126,American Sixties,,Postgraduate,6.0,In Person,2014
244,HIST2107,American Voices: Aspects of Social Thought in the United States,,Undergraduate,6.0,In Person,2014
245,HIST6107,"American Voices: Aspects of Social Thought in the United States, 1900-1990",,Postgraduate,6.0,In Person,2014
246,ARCH8104,An Introduction to Cultural and Environmental Heritage,First Semester,Postgraduate,6.0,In Person,2014
247,EMSC8012,An Introduction to Inverse Problems in the Earth Sciences,,Postgraduate,6.0,In Person,2014
248,POLS1007,An Introduction to Latin American Studies,Second Semester,Undergraduate,6.0,In Person,2014
249,PASI2020,An introduction to Languages of the Pacific,,Undergraduate,6.0,In Person,2014
250,PASI6020,An introduction to Languages of the Pacific,,Postgraduate,6.0,In Person,2014
251,MATH2320,Analysis 1 Honours: Metric Spaces and Applications,First Semester,Undergraduate,6.0,In Person,2014
252,MATH6110,Analysis 1: Metric spaces and Applications,First Semester,Postgraduate,6.0,In Person,2014
253,MATH3320,"Analysis 2 Honours: Topology, Lebesgue Integration and Hilbert Spaces",First Semester,Undergraduate,6.0,In Person,2014
254,MATH6212,"Analysis 2: Topology, Lebesgue Integration and Hilbert Spaces",First Semester,Postgraduate,6.0,In Person,2014
255,MATH3325,"Analysis 3 Honours: Functional analysis, Spectral theory and Applications",Second Semester,Undergraduate,6.0,In Person,2014
256,MATH6214,"Analysis 3: Functional Analysis, Spectral theory and Applications",Second Semester,Postgraduate,6.0,In Person,2014
257,BIOL6019,Analysis Tools for Population Genetics,,Postgraduate,6.0,In Person,2014
258,BIOL3159,Analysis Tools for Population Genetics,,Undergraduate,6.0,In Person,2014
259,BUSN8007,Analysis of Financial Reporting,First Semester,Postgraduate,6.0,In Person,2014
260,BIAN3016,Analysis of Mammalian Remains,,Undergraduate,6.0,In Person,2014
261,BIAN6518,Analysis of Mammalian Remains,,Postgraduate,6.0,In Person,2014
262,POPH8313,Analysis of Public Health Data,Second Semester,Postgraduate,6.0,In Person,2014
263,POPH8913,Analysis of Public Health Data,,Research,6.0,In Person,2014
264,ARCH6126,Analytical Methods for Anthropology and Archaeology,Second Semester,Postgraduate,3.0,In Person,2014
265,EMSC8022,Analytical Techniques,,Postgraduate,6.0,In Person,2014
266,ANCH1013,Ancient Athens: democracy and empire,First Semester,Undergraduate,6.0,In Person,2014
267,GREK4005P,Ancient Greek IV Honours,First Semester/Second Semester,Undergraduate,12.0,In Person,2014
268,GREK4005F,Ancient Greek IV Honours,First Semester/Second Semester,Undergraduate,12.0,In Person,2014
269,BIAN3125,Ancient Health & Disease,Second Semester,Undergraduate,6.0,In Person,2014
270,BIAN6512,Ancient Health & Disease,Second Semester,Postgraduate,6.0,In Person,2014
271,ANCH4005P,Ancient History IV Honours (S),First Semester/Second Semester,Undergraduate,12.0,In Person,2014
272,ANCH4005F,Ancient History IV Honours (S),First Semester/Second Semester,Undergraduate,12.0,In Person,2014
273,BIAN6519,Ancient Medicine,Second Semester,Postgraduate,6.0,In Person,2014
274,BIAN2130,Ancient Medicine,Second Semester,Undergraduate,6.0,In Person,2014
275,ANCH2021,Ancient World in Film,,Undergraduate,6.0,In Person,2014
276,ANCH6013,Ancient World in Film,,Postgraduate,6.0,In Person,2014
277,ARCH6108,"Animals, Plants & People",Second Semester,Postgraduate,6.0,In Person,2014
278,ARCH2108,"Animals, Plants and People",Second Semester,Undergraduate,6.0,In Person,2014
279,ARTV6000,Animation,First Semester/Second Semester,Postgraduate,6.0,In Person,2014
280,DART8114,Animation Elements for Digital Visual Effects 1,First Semester/Second Semester,Postgraduate,6.0,In Person,2014
281,ARTV3101,Animation and Video 5,First Semester,Undergraduate,12.0,In Person,2014
282,ARTV3102,Animation and Video 6,Second Semester,Undergraduate,12.0,In Person,2014
283,ARTV3616,Animation and Video 8: Independent Work Proposal,Second Semester,Undergraduate,6.0,In Person,2014
284,ARTV2610,Animation and Video: 3D Animation and Character Development,First Semester,Undergraduate,6.0,In Person,2014
285,ARTV2614,Animation and Video: 3D and 2D Animation,Second Semester,Undergraduate,6.0,In Person,2014
286,ARTV1104,Animation and Video: Digital Equipment and Studios,Second Semester,Undergraduate,6.0,In Person,2014
287,ARTV3615,Animation and Video: Project Development.,First Semester,Undergraduate,6.0,In Person,2014
288,ARTV1103,Animation and Video: The Digital Workspace,First Semester,Undergraduate,6.0,In Person,2014
289,ARTV2609,Animation and Video: Video Camera and Storyboarding,First Semester,Undergraduate,6.0,In Person,2014
290,ARTV2613,Animation and Video: Video Production,Second Semester,Undergraduate,6.0,In Person,2014
291,ARTV2615,Animation: Creative Possibilities,First Semester,Undergraduate,6.0,In Person,2014
292,ARTV2616,Animation: Creative Project Research and Development,Second Semester,Undergraduate,6.0,In Person,2014
293,CHMD8009,Anthropological Approaches to Health Interventions,Second Semester,Postgraduate,6.0,Online or In Person,2014
294,CHMD8010,Anthropological Concepts for Health Research: From Risk to Suffering,First Semester,Postgraduate,6.0,Online or In Person,2014
295,ANTH8102,Anthropological Field Methods,Autumn Session,Postgraduate,12.0,In Person,2014
296,ANTH8031,Anthropological-Linguistic Field Methods,,Postgraduate,6.0,Online,2014
297,ANTH4005P,Anthropology IV Honours (S),First Semester/Second Semester,Undergraduate,12.0,In Person,2014
298,ANTH4005F,Anthropology IV Honours (S),First Semester/Second Semester,Undergraduate,12.0,In Person,2014
299,ANTH7000,Anthropology Sub-thesis,First Semester/Second Semester,Postgraduate,18.0,In Person,2014
300,ANTH7001,Anthropology Sub-thesis (Part-Time),First Semester/Second Semester,Postgraduate,9.0,In Person,2014
301,ANTH2010,Anthropology of Art,,Undergraduate,6.0,In Person,2014
302,ANTH6010,Anthropology of Art,,Postgraduate,6.0,In Person,2014
303,ANTH6034,Anthropology of Emotion,,Postgraduate,6.0,In Person,2014
304,ANTH2034,Anthropology of Emotion,,Undergraduate,6.0,In Person,2014
305,ANTH6064,Anthropology of Environmental Disasters,First Semester,Postgraduate,6.0,In Person,2014
306,BIAN2064,Anthropology of Environmental Disasters,First Semester,Undergraduate,6.0,In Person,2014
307,ANTH6514,Anthropology of Media,,Postgraduate,6.0,Online or In Person,2014
308,ANTH2006,Anthropology of New Guinea and Melanesia,,Undergraduate,6.0,In Person,2014
309,ANTH6006,Anthropology of New Guinea and Melanesia,,Postgraduate,6.0,In Person,2014
310,ANTH8900P,"Anthropology, RSH&A",,Research,1.0,In Person,2014
311,ANTH9000F,"Anthropology, RSH&A",,Research,1.0,In Person,2014
312,ANTH9000P,"Anthropology, RSH&A",,Research,1.0,In Person,2014
313,ANTH8900F,"Anthropology, RSH&A",,Research,1.0,In Person,2014
314,ITAL3017,Apocalypse Then: Dante's Inferno,,Undergraduate,6.0,In Person,2014
315,MATH3104,"Applied Algebra 1 Honours: Groups, Rings and Advanced Linear Algebra",Second Semester,Undergraduate,6.0,In Person,2014
316,MATH3116,Applied Analysis 1 Honours: Metric Spaces and Applications,First Semester,Undergraduate,6.0,In Person,2014
317,ARAB2010,Applied Arabic,Spring Session,Undergraduate,12.0,In Person,2014
318,LAWS8650,Applied Australian Migration Law and Practice,Second Semester,Postgraduate,6.0,Blended,2014
319,FINM7007,Applied Corporate Finance,First Semester/Second Semester,Postgraduate,6.0,In Person,2014
320,FINM7041,Applied Derivatives,First Semester/Second Semester,Postgraduate,6.0,In Person,2014
321,IDEC8020,Applied Economic Dynamics,First Semester,Postgraduate,6.0,In Person,2014
322,ECON4021F,Applied Economics IV Honours (S),First Semester/Second Semester,Undergraduate,12.0,In Person,2014
323,ECON4021P,Applied Economics IV Honours (S),First Semester/Second Semester,Undergraduate,12.0,In Person,2014
324,IDEC8001,Applied Economics: Cost/Benefit Analysis,Second Semester,Postgraduate,6.0,In Person,2014
325,IDEC8088,Applied Economics: Cost/Benefit Analysis,First Semester,Postgraduate,6.0,In Person,2014
326,EMDV8108,Applied Environmental and Resource Management,First Semester,Postgraduate,6.0,In Person,2014
327,POPH8310,Applied Epidemiological Methods,,Postgraduate,6.0,In Person,2014
328,PHIL6501,Applied Ethics,,Postgraduate,6.0,In Person,2014
329,PHIL2085,Applied Ethics,,Undergraduate,6.0,In Person,2014
330,FINM8014,Applied Financial Intermediation and Debt Markets,First Semester,Postgraduate,6.0,In Person,2014
331,ECON8073,Applied Health Econometrics,,Postgraduate,6.0,In Person,2014
332,FINM7042,Applied International Financial Management,,Postgraduate,6.0,In Person,2014
333,FINM7008,Applied Investments,First Semester/Second Semester,Postgraduate,6.0,In Person,2014
334,LING4105F,Applied Linguistics IV Honours,First Semester/Second Semester,Undergraduate,12.0,In Person,2014
335,LING4105P,Applied Linguistics IV Honours,First Semester/Second Semester,Undergraduate,12.0,In Person,2014
336,LING8011,Applied Linguistics Research and Writing  A,,Postgraduate,6.0,Blended,2014
337,LING8012,Applied Linguistics Research and Writing B,,Postgraduate,6.0,Blended,2014
338,EMET8010,Applied Macro and Financial Econometrics,Second Semester,Postgraduate,6.0,In Person,2014
339,EMET3008,Applied Macro and Financial Econometrics,Second Semester,Undergraduate,6.0,In Person,2014
340,EMET3006,Applied Micro-econometrics,First Semester,Undergraduate,6.0,In Person,2014
341,LAWS8170,Applied Migration Law,Summer Session/Autumn Session/Winter Session,Postgraduate,6.0,Online,2014
342,PERS3007,Applied Persian,,Undergraduate,12.0,In Person,2014
343,PERS6007,Applied Persian,,Postgraduate,12.0,In Person,2014
344,SOCY3030,Applied Policy Project,,Undergraduate,6.0,In Person,2014
345,FINM3008,Applied Portfolio Construction,Second Semester,Undergraduate,6.0,In Person,2014
346,FINM8100,Applied Project in Finance,First Semester/Second Semester,Postgraduate,6.0,In Person,2014
347,STAT8053,Applied Research Essay,First Semester/Second Semester,Postgraduate,3.0,In Person,2014
348,FINM7038,Applied Research Essay,,Postgraduate,3.0,In Person,2014
349,FINM7011,Applied Research Project 1,First Semester/Second Semester,Postgraduate,6.0,In Person,2014
350,STAT3008,Applied Statistics,Second Semester,Undergraduate,6.0,In Person,2014
351,STAT7001,Applied Statistics,Second Semester,Postgraduate,6.0,In Person,2014
352,STAT8002,Applied Time Series Analysis,First Semester,Postgraduate,6.0,In Person,2014
353,MMIB8001,Applied Topics in Business Studies 1,First Semester/Second Semester,Postgraduate,6.0,In Person,2014
354,MMIB8002,Applied Topics in Business Studies 2,First Semester/Second Semester,Postgraduate,12.0,In Person,2014
355,FINM7044,Applied Valuation,First Semester/Second Semester,Postgraduate,6.0,In Person,2014
356,ECON8002,Applied Welfare Economics,,Postgraduate,6.0,In Person,2014
357,EMET8001,Applied micro-econometrics,,Postgraduate,6.0,In Person,2014
358,INTR8072,Approaches and Methods in International Relations,,Postgraduate,6.0,In Person,2014
359,HIST2110,Approaches to History,First Semester,Undergraduate,6.0,In Person,2014
360,HIST6110,Approaches to History,First Semester,Postgraduate,6.0,Online or In Person,2014
361,MEAS8121,Approaches to the Study of Modern Muslim Societies,,Postgraduate,6.0,In Person,2014
362,ARAB6510,Arab Current Affairs and Media Arabic,Second Semester,Postgraduate,6.0,In Person,2014
363,ARAB3008,Arab Current Affairs and Media Arabic,Second Semester,Undergraduate,6.0,In Person,2014
364,ARCH3021,Archaeological Field Methods,,Undergraduate,6.0,In Person,2014
365,ARCH8027,Archaeological Research in Australia,Summer Session/Autumn Session/Winter Session/Spring Session,Postgraduate,6.0,Online or In Person,2014
366,ARCH8030,Archaeological Science Research Project 1,Summer Session/First Semester/Autumn Session/Winter Session/Second Semester/Spring Session,Postgraduate,6.0,Online or In Person,2014
367,ARCH8031,Archaeological Science Research Project 2,Summer Session/First Semester/Autumn Session/Winter Session/Second Semester/Spring Session,Postgraduate,6.0,Online or In Person,2014
368,ARCH4105F,Archaeology IV Honours (S),First Semester/Second Semester,Undergraduate,12.0,In Person,2014
369,ARCH4105P,Archaeology IV Honours (S),First Semester/Second Semester,Undergraduate,12.0,In Person,2014
370,ARCH7002,Archaeology Master of Arts Sub-Thesis - Full-time,First Semester/Second Semester,Postgraduate,18.0,In Person,2014
371,ARCH7003,Archaeology Master of Arts Sub-Thesis - Part-time,First Semester/Second Semester,Postgraduate,9.0,In Person,2014
372,ARCH7100,Archaeology Sub-Thesis,First Semester/Second Semester,Postgraduate,18.0,In Person,2014
373,ARCH7101,Archaeology Sub-Thesis (Part-time),First Semester/Second Semester,Postgraduate,9.0,In Person,2014
374,ARCH8008,Archaeology and The Sacred Landscape,,Postgraduate,6.0,In Person,2014
375,ASIA3051,Archaeology in China,Spring Session,Undergraduate,6.0,In Person,2014
376,ASIA6151,Archaeology in China,Spring Session,Postgraduate,6.0,In Person,2014
377,ARCH2052,Archaeology in Film and Fiction,Second Semester,Undergraduate,6.0,In Person,2014
378,ARCH6521,Archaeology of Death and Mortuary Practices,,Postgraduate,6.0,In Person,2014
379,ARCH3028,Archaeology of Death and Mortuary Practices,,Undergraduate,6.0,In Person,2014
380,ARCH2054,Archaeology of Death and Mortuary Practices,,Undergraduate,6.0,In Person,2014
381,ARCH2050,Archaeology of Southeast Asia,Second Semester,Undergraduate,6.0,In Person,2014
382,ARCH6040,Archaeology of the Central Andes,,Postgraduate,6.0,In Person,2014
383,ARCH6005,Archaeology of the Pacific Islanders,First Semester,Postgraduate,6.0,In Person,2014
384,ARCH8033,"Archaeology, Climate Change and Society",Second Semester,Postgraduate,6.0,Online or In Person,2014
385,ARCH1111,Archaeology: Finding treasure and history,First Semester,Undergraduate,6.0,In Person,2014
386,ARTV8107,Arguing Objects,Autumn Session/Spring Session,Postgraduate,6.0,In Person,2014
387,STST8029,"Arms Control: Theory, Technology, Policy",,Postgraduate,6.0,In Person,2014
388,ARTH4005F,Art History IV Honours (S),First Semester/Second Semester,Undergraduate,12.0,In Person,2014
389,ARTH4005P,Art History IV Honours (S),First Semester/Second Semester,Undergraduate,12.0,In Person,2014
390,ARTH6998,Art History Internship (S),,Postgraduate,6.0,In Person,2014
391,ARTH7100,Art History Sub-Thesis (MA Program),First Semester/Second Semester,Postgraduate,18.0,In Person,2014
392,ARTH7101,Art History Sub-Thesis (MA Program: Part-Time),First Semester/Second Semester,Postgraduate,9.0,In Person,2014
393,ARTH4006P,Art History and Curatorship IV Honours (S),First Semester/Second Semester,Undergraduate,12.0,In Person,2014
394,ARTH4006F,Art History and Curatorship IV Honours (S),First Semester/Second Semester,Undergraduate,12.0,In Person,2014
395,ARTH3001,Art History and Curatorship Internship,Second Semester,Undergraduate,12.0,In Person,2014
396,ARTH7000,Art History and Curatorship Sub-Thesis,First Semester/Second Semester,Postgraduate,18.0,In Person,2014
397,ARTH7001,Art History and Curatorship Sub-thesis (Part-time),First Semester/Second Semester,Postgraduate,9.0,In Person,2014
398,ARTH8015,Art Museum Internship: Audience Development,Second Semester,Postgraduate,6.0,In Person,2014
399,ARTH8014,Art Museum Internship: Collection Management,First Semester,Postgraduate,6.0,In Person,2014
400,ARTH6059,Art and Architecture of Asia:  Continuity and Change,,Postgraduate,6.0,Online or In Person,2014
401,ARTH2059,Art and Architecture of Asia: Histories and Traditions,,Undergraduate,6.0,In Person,2014
402,ARTH2056,Art and Architecture of Southeast Asia: Tradition and Transformation,Second Semester,Undergraduate,6.0,In Person,2014
403,ARTH6056,Art and Architecture of Southeast Asia: Tradition and Transformation,Second Semester,Postgraduate,6.0,Online or In Person,2014
404,COMP6720,Art and Interaction in New Media,Second Semester,Postgraduate,6.0,In Person,2014
405,COMP1720,Art and Interaction in New Media,Second Semester,Undergraduate,6.0,In Person,2014
406,ARTH6044,Art and Its Context: Materials Techniques Display,,Postgraduate,6.0,Online or In Person,2014
407,ARTH2044,"Art and Its Context: Materials, Techniques, Display",,Undergraduate,6.0,In Person,2014
408,ARTV2015,Art and Politics,Winter Session,Undergraduate,6.0,In Person,2014
409,ARTH2057,Art and Politics of Collecting,,Undergraduate,6.0,In Person,2014
410,ARTH6504,Art of Portraiture: History and Theory,,Postgraduate,6.0,Online or In Person,2014
411,ARTH2102,Art of Portraiture: History and Theory,,Undergraduate,6.0,In Person,2014
412,ARTH2052,Art of the Modern Print,First Semester,Undergraduate,6.0,In Person,2014
413,ARTH6052,Art of the Modern Print,First Semester,Postgraduate,6.0,Online or In Person,2014
414,ARTH6082,"Art, War and Conflict",,Postgraduate,6.0,In Person,2014
415,ARTH2082,"Art, War and Conflict",,Undergraduate,6.0,In Person,2014
416,ANCH2009,Artefacts and Society in the Greco-Roman World,,Undergraduate,6.0,In Person,2014
417,MUSI4404,Articulating Music Practice,First Semester/Second Semester,Undergraduate,6.0,In Person,2014
418,MUSI8011,Articulating Music Practice,Second Semester,Postgraduate,6.0,In Person,2014
419,COMP3620,Artificial Intelligence,First Semester,Undergraduate,6.0,In Person,2014
420,COMP6320,Artificial Intelligence,First Semester,Postgraduate,6.0,In Person,2014
421,COMP8740,Artificial Intelligence Project,First Semester/Second Semester,Postgraduate,12.0,In Person,2014
422,ARTS8101,Arts & Social Sciences: Research methods and techniques,Summer Session/First Semester/Autumn Session/Winter Session/Second Semester/Spring Session,Postgraduate,6.0,In Person,2014
423,EMDV8009,Asia Pacific Environmental Conflicts: Causes and Solutions,Second Semester,Postgraduate,6.0,In Person,2014
424,INTR8022,Asia Pacific Security,,Postgraduate,6.0,Online or In Person,2014
425,ASIA3023,Asia Pacific Week Internship,First Semester/Autumn Session,Undergraduate,6.0,In Person,2014
426,ASIA8037,Asia and the World,Second Semester,Postgraduate,6.0,In Person,2014
427,ASIA8020,Asia-Pacific Core Studies A,First Semester,Postgraduate,6.0,In Person,2014
428,ASIA8021,Asia-Pacific Core Studies B,Second Semester,Postgraduate,6.0,In Person,2014
429,STST4001,Asia-Pacific Security Honours,First Semester/Second Semester,Undergraduate,12.0,In Person,2014
430,ARTH2104,Asian Art In-Country,,Undergraduate,12.0,In Person,2014
431,BUSI7055,Asian Business Systems,Second Semester,Postgraduate,6.0,In Person,2014
432,ECHI2119,"Asian Giants: India, China and Japan; Alternate Paths to Prosperity(H)",,Undergraduate,6.0,In Person,2014
433,ECHI2109,"Asian Giants: India, China and Japan; Alternate Paths to Prosperity(P)",,Undergraduate,6.0,In Person,2014
434,NSPO8015,Asian Regionalism and Security: Implications for Australia,First Semester,Postgraduate,6.0,In Person,2014
435,ASIA4001P,Asian Studies IV Honours (S),First Semester/Second Semester,Undergraduate,12.0,In Person,2014
436,ASIA4001F,Asian Studies IV Honours (S),First Semester/Second Semester,Undergraduate,12.0,In Person,2014
437,ARTV6101,Assemblage,Second Semester,Postgraduate,6.0,In Person,2014
438,HGEO8001,Assessing Vulnerability to Natural Hazards,First Semester,Postgraduate,6.0,Online or In Person,2014
439,POGO8201,Asset Planning and Network Management,,Postgraduate,6.0,In Person,2014
440,FINM7013,Asset Pricing,,Postgraduate,3.0,In Person,2014
441,ASTR8004,Astronomical Computing,,Postgraduate,6.0,In Person,2014
442,ASTR4005F,Astronomy and Astrophysics IV Honours,First Semester/Second Semester,Undergraduate,12.0,In Person,2014
443,ASTR4005P,Astronomy and Astrophysics IV Honours,First Semester/Second Semester,Undergraduate,12.0,In Person,2014
444,ASTR8001,Astronomy and Astrophysics Research Project,First Semester/Second Semester,Postgraduate,3.0,In Person,2014
445,ASTR8002,Astrophysical Gas Dynamics,,Postgraduate,6.0,In Person,2014
446,ASTR1001,Astrophysics,,Undergraduate,6.0,In Person,2014
447,ASTR8010,Astrophysics Research Project,,Postgraduate,6.0,In Person,2014
448,ASTR3005,Astrophysics Research Topic,First Semester/Second Semester,Undergraduate,6.0,In Person,2014
449,PHYS3031,Atomic Physics: Atom-light interactions,Second Semester,Undergraduate,6.0,In Person,2014
450,BUSN3002,Auditing,First Semester/Second Semester,Undergraduate,6.0,In Person,2014
451,BUSN8012,Auditing Concepts and Issues,,Postgraduate,6.0,In Person,2014
452,BUSN7054,Auditing and Assurance Services,First Semester/Second Semester,Postgraduate,6.0,In Person,2014
453,POGO8026,Australia and the Global Economy,,Postgraduate,6.0,In Person,2014
454,HIST8017,Australia and the World at War,Second Semester,Postgraduate,6.0,Online,2014
455,PASI2002,Australia in Oceania in the 19th and 20th centuries,Second Semester,Undergraduate,6.0,In Person,2014
456,PASI6002,Australia in Oceania in the 19th and 20th centuries,Second Semester,Postgraduate,6.0,In Person,2014
457,ENVS6104,Australia's Environment,Second Semester,Postgraduate,6.0,In Person,2014
458,ENVS1004,Australia's Environment,Second Semester,Undergraduate,6.0,In Person,2014
459,ENVS6010,Australia's Forests,Winter Session,Postgraduate,6.0,In Person,2014
460,ENVS2010,Australia's Forests,Winter Session,Undergraduate,6.0,In Person,2014
461,INTR8049,Australia's Global Challenges,,Postgraduate,6.0,In Person,2014
462,NSPO8002,Australia's National Security Challenges,,Postgraduate,6.0,In Person,2014
463,NSPO8001,Australia's National Security Community,,Postgraduate,6.0,In Person,2014
464,NSPO8005,Australia's Security Challenges,,Postgraduate,12.0,In Person,2014
465,STST3002,Australia's Security in the Asian Century,Second Semester,Undergraduate,6.0,In Person,2014
466,STST8101,Australia's Strategic Environment,Second Semester,Postgraduate,6.0,In Person,2014
467,LAWS8168,Australia's Visa System,Summer Session/Autumn Session/Winter Session,Postgraduate,6.0,Online,2014
468,HIST1213,"Australia, the Region and the World: 1939-2007",Second Semester,Undergraduate,6.0,In Person,2014
469,JPNS9550F,"Australia/Japan Research Centre, Crawford School of Economics and Government",,Research,24.0,In Person,2014
470,JPNS9550P,"Australia/Japan Research Centre, Crawford School of Economics and Government",,Research,24.0,In Person,2014
471,ARCH2004,Australian Archaeology,,Undergraduate,6.0,In Person,2014
472,ARCH6004,Australian Archaeology,,Postgraduate,6.0,In Person,2014
473,ARTH2027,Australian Art: 20th and  21st Century,,Undergraduate,6.0,In Person,2014
474,ARTH6027,Australian Art: 20th and 21st Century,,Postgraduate,6.0,Online or In Person,2014
475,ARTH2049,Australian Art: Methods and Approaches,,Undergraduate,6.0,In Person,2014
476,ARTH6049,Australian Art: Methods and Approaches,,Postgraduate,6.0,Online or In Person,2014
477,ARTV2054,Australian Art: The Modern Period,,Undergraduate,6.0,In Person,2014
478,LAWS8068,Australian Aviation Law,,Postgraduate,6.0,In Person,2014
479,STST8119,Australian Capability and Defense Organisation,Second Semester,Postgraduate,6.0,In Person,2014
480,FILM2066,Australian Cinema: The Kelly Gang to Baz Luhrmann's Australia,Second Semester,Undergraduate,6.0,In Person,2014
481,LAWS8181,Australian Climate Law,,Postgraduate,6.0,In Person,2014
482,ENGL2081,"Australian Crimes: Crime narratives on page, stage and screen",First Semester,Undergraduate,6.0,In Person,2014
483,POLS2103,Australian Democracy: Comparative & Theoretical Approaches,,Undergraduate,6.0,In Person,2014
484,HIST8013,Australian Dictionary of Biography Internship,Winter Session,Postgraduate,12.0,In Person,2014
485,LAWS8012,Australian Disaster Law,Winter Session,Postgraduate,6.0,In Person,2014
486,ECHI2112,Australian Economic History(H),,Undergraduate,6.0,In Person,2014
487,ECHI2102,Australian Economic History(P),,Undergraduate,6.0,In Person,2014
488,POLS3001,Australian Foreign Policy: Australia's Foreign Wars,First Semester,Undergraduate,6.0,In Person,2014
489,STST8100,Australian Foreign and Defence Policy,Winter Session,Postgraduate,6.0,In Person,2014
490,LAWS8240,Australian Human Rights and Discrimination,,Postgraduate,6.0,In Person,2014
491,ANTH8045,Australian Indigenous Development,Second Semester,Postgraduate,12.0,Online or In Person,2014
492,ANTH8040,Australian Indigenous Policy,First Semester,Postgraduate,12.0,Online or In Person,2014
493,LAWS2273,Australian Legal History,Summer Session,Undergraduate,6.0,In Person,2014
494,LAWS8167,Australian Migration Law,Summer Session/Autumn Session/Winter Session,Postgraduate,6.0,Online,2014
495,ANIP3005,Australian National Internship B,First Semester/Second Semester,Undergraduate,12.0,In Person,2014
496,ANIP6506,Australian National Internship C,First Semester/Second Semester,Postgraduate,18.0,In Person,2014
497,ANIP3006,Australian National Internship C,First Semester/Second Semester,Undergraduate,18.0,In Person,2014
498,ANIP6505,Australian National Internships Program B,First Semester/Second Semester,Postgraduate,12.0,In Person,2014
499,ANIP3007,Australian National Internships Program D,First Semester/Second Semester,Undergraduate,24.0,In Person,2014
500,ANIP6507,Australian National Internships Program D,First Semester/Second Semester,Postgraduate,24.0,In Person,2014
501,ANIP3003,Australian National Internships Program Internship A,First Semester/Second Semester,Undergraduate,6.0,In Person,2014
502,ANIP6503,Australian National Internships Program Internship A (Graduate),First Semester/Second Semester,Postgraduate,6.0,In Person,2014
503,HIST2227,Australian Political History,First Semester,Undergraduate,6.0,In Person,2014
504,POLS2114,Australian Political Institutions,Second Semester,Undergraduate,6.0,In Person,2014
505,LAWS1205,Australian Public Law,First Semester/Second Semester,Undergraduate,6.0,In Person,2014
506,SOCY2033,Australian Society: Development and Change,,Undergraduate,6.0,In Person,2014
507,STST8004,Australian Strategic and Defence Policy,Second Semester,Postgraduate,6.0,In Person,2014
508,PREP1104,Australian Studies,First Semester,Undergraduate,6.0,In Person,2014
509,AUST4005P,Australian Studies IV Honours (S),First Semester/Second Semester,Undergraduate,12.0,In Person,2014
510,AUST4005F,Australian Studies IV Honours (S),First Semester/Second Semester,Undergraduate,12.0,In Person,2014
511,AUST8900P,"Australian Studies, RSH&A",,Research,24.0,In Person,2014
512,AUST9000F,"Australian Studies, RSH&A",,Research,24.0,In Person,2014
513,AUST9000P,"Australian Studies, RSH&A",,Research,24.0,In Person,2014
514,AUST8900F,"Australian Studies, RSH&A",,Research,24.0,In Person,2014
515,BIOL2111,Australian Vertebrates,Second Semester,Undergraduate,6.0,In Person,2014
516,BIOL6111,Australian Vertebrates,Second Semester,Postgraduate,6.0,In Person,2014
517,CRWF8007,Australian Water Conflicts,,Postgraduate,6.0,In Person,2014
518,BIOL3193,Bacteria and Health:  An Ecological and Evolutionary Perspective,Second Semester,Undergraduate,6.0,In Person,2014
519,ANCH2016,Bad neighbours: Law and life in ancient Athens,,Undergraduate,6.0,In Person,2014
520,ANCH6502,Bad neighbours: evidence of Athenian life from 4th century law-court speeches,,Postgraduate,6.0,In Person,2014
521,IDEC8014,"Banking, Finance and Monetary Policy in the Asia Pacific Region",Second Semester,Postgraduate,6.0,In Person,2014
522,LAWS2209,Bankruptcy and Insolvency,Winter Session/Second Semester,Undergraduate,6.0,In Person,2014
523,PREP1001,Basic Literacy,Summer Session/First Semester,Undergraduate,9.0,In Person,2014
524,PREP1002,Basic Numeracy,Summer Session/First Semester,Undergraduate,9.0,In Person,2014
525,LEGW8141,Becoming a Practitioner,Summer Session/Autumn Session/Winter Session/Spring Session,Postgraduate,3.0,In Person,2014
526,ECON6013,Behavioural Economics: Psychology and Economics,Second Semester,Postgraduate,6.0,In Person,2014
527,ECON2013,Behavioural Economics: Psychology and Economics,Second Semester,Undergraduate,6.0,In Person,2014
528,ANTH6056,"Belonging, Identity and Nationalism",First Semester,Postgraduate,6.0,In Person,2014
529,ANTH2056,"Belonging, Identity and Nationalism",First Semester,Undergraduate,6.0,In Person,2014
530,GERM6510,"Berlin Stories: Places, Words, Images",,Postgraduate,6.0,Blended,2014
531,HUMN8006,Best Practice in Managing Heritage Places,Winter Session,Postgraduate,6.0,In Person,2014
532,POGO8297,Bid Management,,Postgraduate,6.0,In Person,2014
533,PREP1006,Big Ideas in Science,Summer Session,Undergraduate,6.0,In Person,2014
534,BIOL2201,Big Questions in Biology,First Semester,Undergraduate,6.0,In Person,2014
535,BIOL6201,Big Questions in Biology,First Semester,Postgraduate,6.0,In Person,2014
536,COMP4660,Bio-inspired Computing: Applications and Interfaces,First Semester,Undergraduate,6.0,In Person,2014
537,COMP8420,Bio-inspired Computing: Applications and Interfaces,First Semester,Postgraduate,6.0,In Person,2014
538,BIAN8004,Bioanthropology Honour IV Project,First Semester,Postgraduate,6.0,In Person,2014
539,BIAN8005,Bioanthropology Honour IV Seminar,First Semester,Postgraduate,6.0,In Person,2014
540,BIOL2171,Biochemistry and Nutrition,First Semester,Undergraduate,6.0,In Person,2014
541,BIOL6171,Biochemistry and Nutrition,First Semester,Postgraduate,6.0,In Person,2014
542,ENVS3039,Biodiversity Conservation,First Semester,Undergraduate,6.0,In Person,2014
543,ENVS6024,Biodiversity Conservation,First Semester,Postgraduate,6.0,In Person,2014
544,LAWS8280,Biodiversity Law and Policy,,Postgraduate,6.0,In Person,2014
545,ENVS2003,Biodiversity and Landscape Ecology,First Semester,Undergraduate,6.0,In Person,2014
546,ENVS6203,Biodiversity and Landscape Ecology,First Semester,Postgraduate,6.0,In Person,2014
547,HIST8010,Biographical Practices,Autumn Session,Postgraduate,6.0,In Person,2014
548,HIST8004,Biographical Research Project,Winter Session,Postgraduate,12.0,In Person,2014
549,HUMN8009,Biography and Society,,Postgraduate,6.0,In Person,2014
550,MATH6100,Bioinformatics and Biological Modelling,Second Semester,Postgraduate,6.0,In Person,2014
551,MATH2307,Bioinformatics and Biological Modelling,Second Semester,Undergraduate,6.0,In Person,2014
552,BIOL3157,Bioinformatics and Functional Genomics,Second Semester,Undergraduate,6.0,In Person,2014
553,BIOL6243,Bioinformatics and Functional Genomics,Second Semester,Postgraduate,6.0,In Person,2014
554,BIAN4005F,Biological Anthropology IV S,First Semester/Second Semester,Undergraduate,12.0,In Person,2014
555,BIAN4005P,Biological Anthropology IV S,First Semester/Second Semester,Undergraduate,12.0,In Person,2014
556,BIAN7002,Biological Anthropology Sub-Thesis,First Semester/Second Semester,Postgraduate,18.0,In Person,2014
557,BIAN7003,Biological Anthropology Sub-Thesis (Part-time),First Semester/Second Semester,Postgraduate,9.0,In Person,2014
558,PSYC2007,Biological Basis of Behaviour,First Semester,Undergraduate,6.0,In Person,2014
559,PSYC6010,Biological Basis of Behaviour,First Semester,Postgraduate,6.0,In Person,2014
560,PREP1105,Biology,First Semester,Undergraduate,6.0,In Person,2014
561,BIOL1003,"Biology 1: Evolution, Ecology and Genetics",First Semester,Undergraduate,6.0,In Person,2014
562,BIOL1004,Biology 2: Molecular and Cell Biology,Second Semester,Undergraduate,6.0,In Person,2014
563,BIOL4001F,Biology IV Honours,First Semester/Second Semester,Undergraduate,12.0,In Person,2014
564,BIOL4001P,Biology IV Honours,First Semester/Second Semester,Undergraduate,12.0,In Person,2014
565,BIOL8704,Biology Literature Research Project,Summer Session/First Semester/Autumn Session/Winter Session/Second Semester/Spring Session,Postgraduate,6.0,In Person,2014
566,BIOL8706,Biology Research Project,First Semester/Second Semester,Postgraduate,6.0,In Person,2014
567,BIOL3208,Biology Research Project,Summer Session/First Semester/Autumn Session/Winter Session/Second Semester/Spring Session,Undergraduate,6.0,In Person,2014
568,BIOL3209,Biology Research Project,Summer Session/First Semester/Autumn Session/Winter Session/Second Semester/Spring Session,Undergraduate,12.0,In Person,2014
569,BIOL3191,"Biology, Society and Ethics",Second Semester,Undergraduate,6.0,In Person,2014
570,BIOL6191,"Biology, Society and Ethics",Second Semester,Postgraduate,6.0,In Person,2014
571,BIOL6106,Biosecurity,Second Semester,Postgraduate,6.0,In Person,2014
572,BIOL3106,Biosecurity,Second Semester,Undergraduate,6.0,In Person,2014
573,STAT8003,Biostatistics,First Semester,Postgraduate,6.0,In Person,2014
574,POPH8101,Biostatistics in Population Health,Autumn Session,Postgraduate,6.0,In Person,2014
575,ASTR3002,Black Holes and Cosmology,Second Semester,Undergraduate,6.0,In Person,2014
576,ASIA6167,Borders and their Transgressions in Mainland Southeast Asia,,Postgraduate,6.0,In Person,2014
577,ASIA2167,Borders and their Transgressions in Mainland Southeast Asia,,Undergraduate,6.0,In Person,2014
578,POPH8399,Bound Volume,,Postgraduate,12.0,In Person,2014
579,ARCH2002,Britain before the Romans - from Stonehenge to the Celts,First Semester,Undergraduate,6.0,In Person,2014
580,ARCH6002,Britain before the Romans - from Stonehenge to the Celts,,Postgraduate,6.0,In Person,2014
581,ARCH2056,Britons and Romans: Archaeology of the Western Roman Empire,First Semester,Undergraduate,6.0,In Person,2014
582,ARCH6056,Britons and Romans: The Archaeology of the Western Roman Empire,First Semester,Postgraduate,6.0,In Person,2014
583,ASIA6051,Buddhist Thought,,Postgraduate,6.0,In Person,2014
584,ASIA2251,Buddhist Thought,,Undergraduate,6.0,In Person,2014
585,MUSC8015,Building Communities Through Learning,Second Semester,Postgraduate,6.0,In Person,2014
586,POLS2009,Bureaucracy and Public Policy,Second Semester,Undergraduate,6.0,In Person,2014
587,ASIA2039,Burma/Myanmar - a Country in Crisis,,Undergraduate,6.0,In Person,2014
588,ASIA6039,Burma/Myanmar: a Country in Crisis,,Postgraduate,6.0,In Person,2014
589,MGMT7031,Business  Project Planning and Management (BPPM): IARU Program 2008,,Postgraduate,6.0,In Person,2014
590,BUSN7057,Business Association Law,First Semester/Second Semester,Postgraduate,6.0,In Person,2014
591,MGMT7001,Business Communication,,Postgraduate,6.0,In Person,2014
592,MGMT2003,Business Decision Making,Second Semester,Undergraduate,6.0,In Person,2014
593,ECON8069,Business Economics,First Semester/Second Semester,Postgraduate,6.0,In Person,2014
594,MGMT3016,Business Ethics,Second Semester,Undergraduate,6.0,In Person,2014
595,PAAE8006,Business Ethics,,Postgraduate,6.0,In Person,2014
596,ASGS1015,Business Information Systems,First Semester,Undergraduate,12.0,In Person,2014
597,INFS1001,Business Information Systems,First Semester/Second Semester,Undergraduate,6.0,In Person,2014
598,BUSN1001,Business Reporting and Analysis,First Semester/Second Semester,Undergraduate,6.0,In Person,2014
599,BUSN8053,Business Research Methods,,Postgraduate,6.0,In Person,2014
600,STAT1009,Business Statistics,,Undergraduate,6.0,In Person,2014
601,EMET8012,Business and Economic Forecasting,Second Semester,Postgraduate,6.0,In Person,2014
602,EMET3007,Business and Economic Forecasting,Second Semester,Undergraduate,6.0,In Person,2014
603,MGMT3102,Business and its Social Stakeholders,,Undergraduate,6.0,In Person,2014
604,MGMT3101,Business and the Natural Environment,,Undergraduate,6.0,In Person,2014
605,BUSI3028,Business in China,,Undergraduate,6.0,In Person,2014
606,ARTH2038,Byzantine Commonwealth,,Undergraduate,6.0,In Person,2014
607,ARTH6038,Byzantine Commonwealth,,Postgraduate,6.0,Online or In Person,2014
608,ARTH2015,Byzantine Empire,,Undergraduate,6.0,In Person,2014
609,ARTH6015,Byzantine Empire,,Postgraduate,6.0,Online or In Person,2014
610,DESA2011,CAD-Design-Create 1,First Semester,Undergraduate,6.0,In Person,2014
611,DESA6100,CAD-Design-Create 1,First Semester/Second Semester,Postgraduate,6.0,In Person,2014
612,DESA6101,CAD-Design-Create 2,First Semester/Second Semester,Postgraduate,6.0,In Person,2014
613,DESA2012,CAD-Design-Create 2,Second Semester,Undergraduate,6.0,In Person,2014
614,PAAS9804,CAP Supervised Research Project,,Research,1.0,In Person,2014
615,SPAN2102,"CULTURA, cultura, kultura, Spanish Language and Culture Workshop 2B",,Undergraduate,6.0,In Person,2014
616,PREP1106,Calculus,First Semester/Second Semester,Undergraduate,6.0,In Person,2014
617,POGO8089,Campaigns in Politics and Policy,,Postgraduate,6.0,In Person,2014
618,CHIN6201,Cantonese A,First Semester,Postgraduate,6.0,In Person,2014
619,CHIN3201,Cantonese A,First Semester,Undergraduate,6.0,In Person,2014
620,CHIN6202,Cantonese B,Second Semester,Postgraduate,6.0,In Person,2014
621,CHIN3202,Cantonese B,Second Semester,Undergraduate,6.0,In Person,2014
622,CHIN3203,Cantonese C,First Semester,Undergraduate,6.0,In Person,2014
623,CHIN6203,Cantonese C,First Semester,Postgraduate,6.0,In Person,2014
624,FINM7014,Capital Raising,,Postgraduate,3.0,In Person,2014
625,MGMT2005,Career Planning and Management,First Semester,Undergraduate,6.0,In Person,2014
626,POLS2099,Cartographies of Security: Critical Security Studies and International Politics,,Undergraduate,6.0,In Person,2014
627,ARTV2016,Cartographies: Art Exploration and Knowledge,,Undergraduate,6.0,In Person,2014
628,MGMT8041,Case Studies in Advanced Strategic Analysis,,Postgraduate,6.0,In Person,2014
629,EMET8002,Case Studies in Applied Economic Analysis and Econometrics,Second Semester,Postgraduate,6.0,In Person,2014
630,IDEC8023,Case Studies in Applied Economics,First Semester,Postgraduate,6.0,In Person,2014
631,POGO8036,Case Studies in Diplomacy,,Postgraduate,6.0,In Person,2014
632,DIPL8003,Case Studies in Diplomacy,First Semester,Postgraduate,6.0,In Person,2014
633,CRWF8004,Case Studies in Economic Policy,Second Semester,Postgraduate,6.0,In Person,2014
634,POGO8055,Case Studies in Public Sector Management,Winter Session,Postgraduate,6.0,In Person,2014
635,CHIN3041,Case Studies in Translation: Chinese/English,Second Semester,Undergraduate,6.0,Blended,2014
636,CHIN6041,Case Studies in Translation: Chinese/English,Second Semester,Postgraduate,6.0,Blended,2014
637,POGO8122,Case Study In Public Sector Management B,,Postgraduate,6.0,In Person,2014
638,CHEM3206,Catalysis in Chemistry,Second Semester,Undergraduate,6.0,In Person,2014
639,BIOL6174,Cell Physiology in Health and Disease,Second Semester,Postgraduate,6.0,In Person,2014
640,BIOL2174,Cell Physiology in Health and Disease,Second Semester,Undergraduate,6.0,In Person,2014
641,NEUR3101,Cellular Neuroscience,First Semester,Undergraduate,6.0,In Person,2014
642,NEUR6101,Cellular Neuroscience,First Semester,Postgraduate,6.0,In Person,2014
643,MEAS8103,Central Asia in Regional and Global Perspectives,,Postgraduate,6.0,In Person,2014
644,ARTV2121,Ceramic Making and Surfacing,First Semester/Second Semester,Undergraduate,6.0,In Person,2014
645,ARTV2105,Ceramics 5,First Semester/Second Semester,Undergraduate,12.0,In Person,2014
646,ARTV3106,Ceramics 6,First Semester/Second Semester,Undergraduate,12.0,In Person,2014
647,DESA2105,Ceramics Design 5,First Semester/Second Semester,Undergraduate,12.0,In Person,2014
648,DESA3106,Ceramics Design 6,First Semester/Second Semester,Undergraduate,12.0,In Person,2014
649,DESA2106,Ceramics Design: Glaze & Colour Development,First Semester,Undergraduate,6.0,In Person,2014
650,DESA2107,Ceramics Design: Kilns & Firing,First Semester,Undergraduate,6.0,In Person,2014
651,DESA2109,Ceramics Design: Public & Private Commissioning,Second Semester,Undergraduate,6.0,In Person,2014
652,DESA2108,Ceramics Design: Working Large,Second Semester,Undergraduate,6.0,In Person,2014
653,ARTV2122,Ceramics Exploration of a Thrown Form.,Autumn Session,Undergraduate,6.0,In Person,2014
654,ARTV2123,Ceramics Glaze & Colour Development  Advanced,First Semester,Undergraduate,6.0,In Person,2014
655,ARTV2112,"Ceramics: Concepts, Materials, Processes 2",,Undergraduate,6.0,In Person,2014
656,DESA3102,Ceramics: Design Developing a Design practice (Independent Work Proposal),Second Semester,Undergraduate,6.0,In Person,2014
657,DESA3101,Ceramics: Design Finding Your Voice Independent Work Proposal,First Semester,Undergraduate,6.0,In Person,2014
658,ARTV3104,Ceramics: Developing a Studio Practice (Independent Work Proposal),Second Semester,Undergraduate,6.0,In Person,2014
659,ARTV3103,Ceramics: Finding your Voice Independent Work Proposal,First Semester,Undergraduate,6.0,In Person,2014
660,ARTV2117,Ceramics: Glaze & Colour Development,First Semester,Undergraduate,6.0,In Person,2014
661,ARTV2118,Ceramics: Kilns & Firing,First Semester,Undergraduate,6.0,In Person,2014
662,ARTV1101,Ceramics: Materials & Technology,First Semester,Undergraduate,6.0,In Person,2014
663,ARTV2120,Ceramics: Public & Private Commissioning,Second Semester,Undergraduate,6.0,In Person,2014
664,ARTV1102,Ceramics: Throwing & Surface Decoration,Second Semester,Undergraduate,6.0,In Person,2014
665,ARTV2119,Ceramics: Working Large,Second Semester,Undergraduate,6.0,In Person,2014
666,CHEM2202,Chemical Structure and Reactivity 1,First Semester,Undergraduate,6.0,In Person,2014
667,CHEM2203,Chemical Structure and Reactivity 2,Second Semester,Undergraduate,6.0,In Person,2014
668,PREP1107,Chemistry,First Semester/Second Semester,Undergraduate,6.0,In Person,2014
669,CHEM1101,Chemistry 1,First Semester,Undergraduate,6.0,In Person,2014
670,CHEM1201,Chemistry 2,Second Semester,Undergraduate,6.0,In Person,2014
671,CHEM4005F,Chemistry IV Honours (S),First Semester/Second Semester,Undergraduate,12.0,In Person,2014
672,CHEM4005P,Chemistry IV Honours (S),First Semester/Second Semester,Undergraduate,12.0,In Person,2014
673,CHEM8001,Chemistry Special Topics,First Semester/Second Semester,Postgraduate,6.0,In Person,2014
674,EMSC6015,Chemistry of Planet Earth,Second Semester,Postgraduate,6.0,In Person,2014
675,EMSC2015,Chemistry of Planet Earth,Second Semester,Undergraduate,6.0,In Person,2014
676,LING3021,Child Language Acquisition,,Undergraduate,6.0,In Person,2014
677,LING6521,Child Language Acquisition,,Postgraduate,6.0,Blended,2014
678,POGO8898,Children and Social Policy,,Postgraduate,6.0,In Person,2014
679,ASIA6014,"China Now: Ideology, Media and Culture",,Postgraduate,6.0,In Person,2014
680,ASIA2014,"China Now: Ideology, Media and Culture",,Undergraduate,6.0,In Person,2014
681,CRWF8008,China and the World,,Postgraduate,6.0,In Person,2014
682,CHIN9513F,China in the World PhD,,Research,0.0,In Person,2014
683,CHIN9513P,China in the World PhD,,Research,0.0,In Person,2014
684,CHIN9540F,China in the World PhD Students Enrolments,,Research,0.0,In Person,2014
685,CHIN9050F,China in the World PhD Students Enrolments,,Research,0.0,In Person,2014
686,CHIN9510F,China in the World PhD Students Enrolments,,Research,0.0,In Person,2014
687,CHIN9510P,China in the World PhD Students Enrolments,,Research,0.0,In Person,2014
688,CHIN9540P,China in the World PhD Students Enrolments,,Research,0.0,In Person,2014
689,CHIN9050P,China in the World PhD Students Enrolments,,Research,0.0,In Person,2014
690,ASIA2042,China through Film and Television,,Undergraduate,6.0,In Person,2014
691,STST8013,China's Defence and Strategic Challenges,First Semester,Postgraduate,6.0,In Person,2014
692,INTR2012,China's New Approaches to Asia Pacific Security,Second Semester,Undergraduate,6.0,In Person,2014
693,POGO8046,"China, India and Global Policy",,Postgraduate,6.0,In Person,2014
694,CRWF8015,"China, India and the Future of Asia",,Postgraduate,6.0,In Person,2014
695,INTR8060,China: Global Engagement and Domestic Transformation,Second Semester,Postgraduate,6.0,In Person,2014
696,ASIA2073,Chinese Calligraphy: History and Practice,Winter Session,Undergraduate,6.0,In Person,2014
697,ASIA6073,Chinese Calligraphy: History and Practice,Winter Session,Postgraduate,6.0,Online or In Person,2014
698,ASIA2003,Chinese Fictions,,Undergraduate,6.0,In Person,2014
699,ASIA2203,Chinese Foundations of Civilizations: Prehistory through to Early History,,Undergraduate,6.0,In Person,2014
700,ASIA6203,Chinese Foundations of Civilizations: Prehistory through to Early History,,Postgraduate,6.0,In Person,2014
701,CHIN3005,Chinese Language and Society,,Undergraduate,6.0,In Person,2014
702,CHIN6505,Chinese Language and Society,,Postgraduate,6.0,In Person,2014
703,LAWS2276,Chinese Law and Society,Winter Session,Undergraduate,6.0,In Person,2014
704,LING2017,Chinese Linguistics,,Undergraduate,6.0,In Person,2014
705,LING6017,Chinese Linguistics,,Postgraduate,6.0,In Person,2014
706,ASIA2054,Chinese Philosophy: Creation and Development,,Undergraduate,6.0,In Person,2014
707,ASIA6054,Chinese Philosophy: Creation and Development,,Postgraduate,6.0,In Person,2014
708,CHIN1202,Chinese Secondary Extension - Continuing,First Semester/Second Semester,Undergraduate,6.0,In Person,2014
709,EXTN1003A,Chinese Secondary Extension - Continuing A,Autumn Session,Undergraduate,0.0,In Person,2014
710,EXTN1003B,Chinese Secondary Extension - Continuing B,,Undergraduate,6.0,In Person,2014
711,ASIA6169,Chinese Traditional Theatre: Literature and Performance,,Postgraduate,6.0,In Person,2014
712,CHIN3216,Chinese-English Interpreting,First Semester,Undergraduate,6.0,In Person,2014
713,CHIN6216,Chinese-English Interpreting: Methodology and Practice,First Semester,Postgraduate,6.0,In Person,2014
714,GEND2031,Cinema in Southeast Asia: Genre and Cultural Identities,,Undergraduate,6.0,In Person,2014
715,LAWS8175,Citizenship Law in Context,Spring Session,Postgraduate,6.0,In Person,2014
716,ARTV2056,City Sites: studies in art and urbanity,Second Semester,Undergraduate,6.0,In Person,2014
717,LEGW8104,Civil Practice,,Postgraduate,6.0,In Person,2014
718,POGO6001,Civil Service Development Program Non Award 1,,Postgraduate,24.0,In Person,2014
719,POGO6002,Civil Service Development Program Non Award 2,,Postgraduate,24.0,In Person,2014
720,ASIA2053,Civil Wars and Civil Peace,,Undergraduate,6.0,In Person,2014
721,NSPO8010,Civil-Military Relations,Second Semester,Postgraduate,6.0,In Person,2014
722,POLS8021,Civilian Protection in Conflict and Post-Conflict Zones,,Postgraduate,6.0,In Person,2014
723,HIST1214,Clash of Empires: 1450 to the Present,,Undergraduate,6.0,In Person,2014
724,ENGL2067,Classic Novel into Film,,Undergraduate,6.0,In Person,2014
725,ECHI8011,Classic Works of Economic Theory,,Postgraduate,6.0,In Person,2014
726,CHIN3030,Classical Chinese 1,First Semester,Undergraduate,6.0,In Person,2014
727,CHIN6530,Classical Chinese 1,First Semester,Postgraduate,6.0,In Person,2014
728,CHIN3031,Classical Chinese 2,Second Semester,Undergraduate,6.0,In Person,2014
729,CHIN6531,Classical Chinese 2,Second Semester,Postgraduate,6.0,In Person,2014
730,CHIN3032,Classical Chinese 3,First Semester,Undergraduate,6.0,In Person,2014
731,CHIN6532,Classical Chinese 3,First Semester,Postgraduate,6.0,In Person,2014
732,CHIN3033,Classical Chinese 4,Second Semester,Undergraduate,6.0,In Person,2014
733,CHIN6533,Classical Chinese 4,Second Semester,Postgraduate,6.0,In Person,2014
734,CHIN3114,Classical Chinese Poetry,,Undergraduate,6.0,In Person,2014
735,CHIN6114,Classical Chinese Poetry,,Postgraduate,6.0,In Person,2014
736,GERM2024,Classical German Literature,,Undergraduate,6.0,In Person,2014
737,SOCY2040,Classical Sociological Theory,First Semester,Undergraduate,6.0,In Person,2014
738,CLAS4005F,Classics IV Honours,First Semester/Second Semester,Undergraduate,12.0,In Person,2014
739,CLAS4005P,Classics IV Honours,First Semester/Second Semester,Undergraduate,12.0,In Person,2014
740,CLAS7000,Classics Sub-thesis Full-time,First Semester/Second Semester,Postgraduate,18.0,In Person,2014
741,CLAS7001,Classics Sub-thesis Part-time,First Semester/Second Semester,Postgraduate,9.0,In Person,2014
742,ASGS1002,Clear Thinking and Reasoning,First Semester,Undergraduate,6.0,In Person,2014
743,ENVS3020,Climate Change Science & Policy,,Undergraduate,6.0,In Person,2014
744,ENVS6307,Climate Change Science & Policy,,Postgraduate,6.0,Blended,2014
745,ENVS6301,Climate Change Science & Policy in Practice,,Postgraduate,6.0,In Person,2014
746,ENVS3001,Climate Change Science & Policy in Practice,,Undergraduate,6.0,In Person,2014
747,ENVS8005,Climate Change Science: Carbon Accounting,,Postgraduate,6.0,Online,2014
748,ENVS8003,Climate Change Vulnerability and Adaptation,Winter Session,Postgraduate,6.0,In Person,2014
749,LAWS8008,Climate Change and Displacement,Winter Session,Postgraduate,6.0,In Person,2014
750,LAWS2274,Climate Law,Second Semester,Undergraduate,6.0,In Person,2014
751,ENVS6303,Climatology,Second Semester,Postgraduate,6.0,In Person,2014
752,ENVS3013,Climatology,Second Semester,Undergraduate,6.0,In Person,2014
753,PSYC8101,Clinical Coursework I,First Semester/Winter Session,Postgraduate,12.0,In Person,2014
754,PSYC8102,Clinical Coursework II,Second Semester,Postgraduate,12.0,In Person,2014
755,PSYC8103,Clinical Coursework III,First Semester/Winter Session,Postgraduate,12.0,In Person,2014
756,PSYC8104,Clinical Coursework IV,Autumn Session/Second Semester,Postgraduate,12.0,In Person,2014
757,MEDI4003,Clinical Experience Final Year Medical Students,Summer Session/First Semester/Autumn Session/Winter Session/Second Semester/Spring Session,Undergraduate,0.0,In Person,2014
758,PSYC8201,Clinical Field Placement I,First Semester,Postgraduate,6.0,In Person,2014
759,PSYC8202,Clinical Field Placement II,First Semester/Second Semester,Postgraduate,6.0,In Person,2014
760,PSYC8203,Clinical Field Placement III,First Semester/Second Semester,Postgraduate,6.0,In Person,2014
761,PSYC8204,Clinical Field Placement IV,First Semester/Second Semester,Postgraduate,6.0,In Person,2014
762,PSYC9312,Clinical Research Extension,First Semester/Second Semester,Postgraduate,3.0,In Person,2014
763,PSYC8301,Clinical Research I,First Semester/Second Semester,Postgraduate,6.0,In Person,2014
764,PSYC8302,Clinical Research II,First Semester/Second Semester,Postgraduate,6.0,In Person,2014
765,PSYC8303,Clinical Research III,First Semester/Second Semester,Postgraduate,6.0,In Person,2014
766,PSYC8304,Clinical Research IV,First Semester/Second Semester,Postgraduate,6.0,In Person,2014
767,MEDI8101,Clinical Sports Injury Management 1,,Postgraduate,9.0,In Person,2014
768,MEDI8102,Clinical Sports Injury Management 2,,Postgraduate,9.0,In Person,2014
769,LAWS2267,Clinical Youth Law Program,First Semester/Second Semester,Undergraduate,6.0,In Person,2014
770,ENGL1014,Close Encounters: How to Read Literature,First Semester,Undergraduate,6.0,In Person,2014
771,EMSC6028,Coastal Environmental Earth Science,Summer Session,Postgraduate,6.0,In Person,2014
772,EMSC3028,Coastal Environmental Earth Science,Summer Session,Undergraduate,6.0,In Person,2014
773,PSYC6030,Cognitive and Clinical Neuropsychology,,Postgraduate,6.0,In Person,2014
774,PSYC3029,Cognitive and Clinical Neuropsychology,First Semester,Undergraduate,6.0,In Person,2014
775,HIST8015,Colonial Australia in an Imperial World,First Semester,Postgraduate,6.0,Online,2014
776,HIST2224,"Colonialism, Sex, Race and Gender: Historical Episodes",First Semester,Undergraduate,6.0,In Person,2014
777,ARTS4500P,Combined Arts Honours,First Semester/Second Semester,Undergraduate,12.0,In Person,2014
778,ARTS4500F,Combined Arts Honours,First Semester/Second Semester,Undergraduate,12.0,In Person,2014
779,STST8117,Command and Leadership,,Postgraduate,6.0,In Person,2014
780,COMM4004F,Commerce IV Honours (S),First Semester/Second Semester,Undergraduate,12.0,In Person,2014
781,COMM4004P,Commerce IV Honours (S),First Semester/Second Semester,Undergraduate,12.0,In Person,2014
782,BUSN8801,Commerce Research Report,First Semester/Second Semester,Postgraduate,6.0,In Person,2014
783,LAWS8131,Commercial Drafting,First Semester/Second Semester,Postgraduate,6.0,Online,2014
784,LAWS8298,Commercial Equity,Autumn Session,Postgraduate,6.0,In Person,2014
785,BUSN7052,Commercial Law,First Semester/Second Semester,Postgraduate,6.0,In Person,2014
786,LAWS8140,Commercial Law,,Postgraduate,6.0,In Person,2014
787,LAWS2210,Commercial Law,First Semester,Undergraduate,6.0,In Person,2014
788,LEGW8105,Commercial Practice,,Postgraduate,6.0,In Person,2014
789,LAWS8156,Commonwealth Compensation Law,First Semester,Postgraduate,6.0,Online,2014
790,LAWS6202,Commonwealth Constitutional Law,Second Semester,Postgraduate,6.0,In Person,2014
791,LAWS2202,Commonwealth Constitutional Law,Second Semester,Undergraduate,6.0,In Person,2014
792,LAWS8117,Commonwealth Environmental Law,Winter Session,Postgraduate,6.0,In Person,2014
793,SCOM8014,Communicating Science with the Public,First Semester,Postgraduate,6.0,In Person,2014
794,SCOM8714,Communicating Science with the Public (Hong Kong),,Postgraduate,6.0,Blended,2014
795,MGMT2100,Communication for Business,First Semester/Second Semester,Undergraduate,6.0,In Person,2014
796,COMP8705,Communication for Computing Professionals,First Semester,Postgraduate,6.0,In Person,2014
797,ASGS1003,Communications,First Semester,Undergraduate,6.0,In Person,2014
798,LAWS2268,Community Law Clinical Program,First Semester/Second Semester,Undergraduate,12.0,In Person,2014
799,POGO8099,Community and Social Policy,Autumn Session,Postgraduate,6.0,In Person,2014
800,BUSN2015,Company Accounting,First Semester/Second Semester,Undergraduate,6.0,In Person,2014
801,LAWS8016,Comparative Constitutional Law,Winter Session,Postgraduate,6.0,In Person,2014
802,CRWF8005,Comparative Economic Policy of APEC Countries,,Postgraduate,6.0,In Person,2014
803,POGO8069,Comparative Industry Policy,,Postgraduate,6.0,In Person,2014
804,POLS3031,Comparative Judicial Politics,,Undergraduate,6.0,In Person,2014
805,LAWS2272,Comparative Law,,Undergraduate,6.0,In Person,2014
806,ASIA2065,Comparative Politics (Asia Pacific),Second Semester,Undergraduate,6.0,In Person,2014
807,POGO8129,Comparative Public Policy,,Postgraduate,6.0,In Person,2014
808,POGO8032,Comparative Public Sector Management,First Semester,Postgraduate,6.0,In Person,2014
809,LAWS8154,Competition Law,Summer Session,Postgraduate,6.0,In Person,2014
810,ECON8055,Competition Policy and the Economics of Regulation,,Postgraduate,6.0,In Person,2014
811,ECON3155,Competition Policy and the Economics of Regulation (H),,Undergraduate,6.0,In Person,2014
812,ECON3055,Competition Policy and the Economics of Regulation (P),,Undergraduate,6.0,In Person,2014
813,MATH6213,Complex Analysis,Second Semester,Postgraduate,6.0,In Person,2014
814,MATH3228,Complex Analysis Honours,Second Semester,Undergraduate,6.0,In Person,2014
815,ENVS6025,Complex Environmental Problems in Action,Second Semester,Postgraduate,6.0,In Person,2014
816,ENVS3040,Complex Environmental Problems in Action,Second Semester,Undergraduate,6.0,In Person,2014
817,ENGN6511,Composite Materials,Second Semester,Postgraduate,6.0,In Person,2014
818,ENGN4511,Composite Materials,Second Semester,Undergraduate,6.0,In Person,2014
819,DART8110,Compositing for Digital Visual Effects,First Semester/Second Semester,Postgraduate,6.0,In Person,2014
820,MATH8020,Computational Science,,Postgraduate,6.0,In Person,2014
821,COMP4610,Computer Graphics,,Undergraduate,6.0,In Person,2014
822,COMP6461,Computer Graphics,,Postgraduate,6.0,In Person,2014
823,COMP6331,Computer Networks,First Semester,Postgraduate,6.0,In Person,2014
824,COMP3310,Computer Networks,First Semester,Undergraduate,6.0,In Person,2014
825,COMP4006,Computer Science Honours,First Semester/Second Semester,Undergraduate,24.0,In Person,2014
826,COMP4005F,Computer Science IV Honours,First Semester/Second Semester,Undergraduate,12.0,In Person,2014
827,COMP4005P,Computer Science IV Honours,First Semester/Second Semester,Undergraduate,12.0,In Person,2014
828,COMP3006,Computer Science Research Project,,Undergraduate,6.0,In Person,2014
829,COMP8750,Computer System Project,First Semester/Second Semester,Postgraduate,12.0,In Person,2014
830,ENGN4528,Computer Vision,First Semester,Undergraduate,6.0,In Person,2014
831,ENGN6528,Computer Vision,First Semester,Postgraduate,6.0,In Person,2014
832,ASGS1004,Computing Fundamentals,,Undergraduate,6.0,In Person,2014
833,COMP8715,Computing Project,Second Semester,Postgraduate,12.0,In Person,2014
834,COMP8800,Computing Research Project,First Semester/Second Semester,Postgraduate,6.0,In Person,2014
835,ENGN2219,Computing for Engineering Simulation,First Semester,Undergraduate,6.0,In Person,2014
836,COMP6719,Computing for Engineering Simulation,First Semester,Postgraduate,6.0,In Person,2014
837,COMP6310,Concurrent and Distributed Systems,Second Semester,Postgraduate,6.0,In Person,2014
838,COMP2310,Concurrent and Distributed Systems,Second Semester,Undergraduate,6.0,In Person,2014
839,PHYS3032,Condensed Matter Physics,Second Semester,Undergraduate,6.0,In Person,2014
840,ASIA2087,Conflict Management and Resolution,Second Semester,Undergraduate,6.0,In Person,2014
841,INTR8052,Conflict Resolution and Peace Building,,Postgraduate,12.0,In Person,2014
842,POLS8024,Conflict Resolution and Peace Studies,,Postgraduate,6.0,In Person,2014
843,POGO8003,Conflict and Development,,Postgraduate,6.0,In Person,2014
844,ANTH8043,Conflict and Development in the Pacific,Winter Session,Postgraduate,12.0,Online or In Person,2014
845,LAWS2212,Conflict of Laws,First Semester,Undergraduate,6.0,In Person,2014
846,LAWS8144,Conflict of Laws,Autumn Session,Postgraduate,6.0,In Person,2014
847,HUMN8004,Connections to Country: Understanding Indigenous heritage in Australia,,Postgraduate,6.0,In Person,2014
848,ARTV6102,Construction,First Semester,Postgraduate,6.0,In Person,2014
849,MKTG2031,Consumer Behaviour,First Semester,Undergraduate,6.0,In Person,2014
850,MKTG7050,Consumer Behaviour and Analysis,First Semester,Postgraduate,6.0,In Person,2014
851,LEGW8135,Consumer Law Practice,Summer Session/Autumn Session/Winter Session/Spring Session,Postgraduate,3.0,Online,2014
852,LAWS2259,Consumer Protection and Product Liability Law,Second Semester,Undergraduate,6.0,In Person,2014
853,ANTH8101,Contemporary Anthropological Theory,Autumn Session,Postgraduate,12.0,In Person,2014
854,ARTV2053,Contemporary Asian Art,,Undergraduate,6.0,In Person,2014
855,ARTV6007,Contemporary Australian Art,First Semester/Second Semester,Postgraduate,6.0,In Person,2014
856,ARTV2017,Contemporary Australian Art,Second Semester,Undergraduate,6.0,In Person,2014
857,ENGL2011,Contemporary Australian Writing,,Undergraduate,6.0,In Person,2014
858,DIPL8002,"Contemporary Challenges in Diplomacy: Politics, Economics, Law, and Strategy",First Semester,Postgraduate,12.0,In Person,2014
859,SOCY2061,Contemporary Chinese Society,First Semester,Undergraduate,6.0,In Person,2014
860,ANTH8103,Contemporary Development Theory,Summer Session/Autumn Session/Winter Session/Second Semester,Postgraduate,12.0,In Person,2014
861,POGO8027,Contemporary Economic Theories for Policy,,Postgraduate,6.0,In Person,2014
862,EURO4105P,Contemporary Europe IV Honours(S),First Semester/Second Semester,Undergraduate,12.0,In Person,2014
863,EURO4105F,Contemporary Europe IV Honours(S),First Semester/Second Semester,Undergraduate,12.0,In Person,2014
864,GERM3020,Contemporary German Society,,Undergraduate,6.0,In Person,2014
865,POGO8118,Contemporary Issues 2,,Postgraduate,6.0,In Person,2014
866,POGO8126,Contemporary Issues I,,Postgraduate,6.0,In Person,2014
867,BUSN7005,Contemporary Issues in Accounting,First Semester/Second Semester,Postgraduate,6.0,In Person,2014
868,LAWS8271,Contemporary Issues in Administrative Law,,Postgraduate,6.0,In Person,2014
869,ARCH8024,Contemporary Issues in Archaeology,,Postgraduate,6.0,In Person,2014
870,STST8033,Contemporary Issues in Australian Defence Policy,Summer Session/First Semester/Second Semester,Postgraduate,6.0,In Person,2014
871,LAWS2213,Contemporary Issues in Constitutional Law,Second Semester,Undergraduate,6.0,In Person,2014
872,LAWS8128,Contemporary Issues in Constitutional Law,,Postgraduate,6.0,In Person,2014
873,INTR8055,Contemporary Issues in International Political Economy,Second Semester,Postgraduate,6.0,In Person,2014
874,INTR8066,Contemporary Issues in International Relations,,Postgraduate,12.0,In Person,2014
875,MEDI8204,Contemporary Issues in Public Health,Second Semester,Postgraduate,6.0,In Person,2014
876,PHIL2060,Contemporary Metaphysics,First Semester,Undergraduate,6.0,In Person,2014
877,ENVS8016,Contemporary Perspectives in Environment-Society Interaction,Second Semester,Postgraduate,6.0,In Person,2014
878,ENVS8015,Contemporary Perspectives in Environmental Science,First Semester,Postgraduate,6.0,In Person,2014
879,POLS3025,Contemporary Political Analysis,Second Semester,Undergraduate,6.0,In Person,2014
880,POLS2063,Contemporary Political Theory,Second Semester,Undergraduate,6.0,In Person,2014
881,SOCY3014,Contemporary Social Theory,,Undergraduate,6.0,In Person,2014
882,SOCY1003,Contemporary Society,,Undergraduate,6.0,In Person,2014
883,GREK1102,Continuing Ancient Greek,Second Semester,Undergraduate,6.0,In Person,2014
884,GREK6112,Continuing Ancient Greek,Second Semester,Postgraduate,6.0,In Person,2014
885,GREK2119,Continuing Ancient Greek (L),Second Semester,Undergraduate,6.0,In Person,2014
886,FREN2024,Continuing French I,First Semester,Undergraduate,6.0,In Person,2014
887,FREN6503,Continuing French I,First Semester,Postgraduate,6.0,In Person,2014
888,FREN6504,Continuing French II,Second Semester,Postgraduate,6.0,In Person,2014
889,FREN2025,Continuing French II,Second Semester,Undergraduate,6.0,In Person,2014
890,LATN6002,Continuing Latin,Second Semester,Postgraduate,6.0,In Person,2014
891,LATN1102,Continuing Latin,Second Semester,Undergraduate,6.0,In Person,2014
892,LATN2119,Continuing Latin (L),Second Semester,Undergraduate,6.0,In Person,2014
893,PORT2001,Continuing Portuguese I,Second Semester,Undergraduate,6.0,In Person,2014
894,PORT6503,Continuing Portuguese I,Second Semester,Postgraduate,6.0,In Person,2014
895,PORT2002,Continuing Portuguese II,,Undergraduate,6.0,In Person,2014
896,PORT6504,Continuing Portuguese II,,Postgraduate,6.0,In Person,2014
897,SPAN2001,Continuing Spanish I,First Semester,Undergraduate,6.0,In Person,2014
898,SPAN6503,Continuing Spanish I,First Semester,Postgraduate,6.0,In Person,2014
899,SPAN2002,Continuing Spanish II,Second Semester,Undergraduate,6.0,In Person,2014
900,SPAN6504,Continuing Spanish II,Second Semester,Postgraduate,6.0,In Person,2014
901,FINM7003,Continuous Time Finance,First Semester,Postgraduate,6.0,In Person,2014
902,FINM3003,Continuous Time Finance,First Semester,Undergraduate,6.0,In Person,2014
903,POGO8299,Contract Negotiation,,Postgraduate,6.0,In Person,2014
904,LAWS1204,Contracts,First Semester/Second Semester,Undergraduate,6.0,In Person,2014
905,ACST8040,Control Cycle A1,First Semester,Postgraduate,6.0,In Person,2014
906,ACST8041,Control Cycle A2,Second Semester,Postgraduate,6.0,In Person,2014
907,ACST8033,Control Cycle B,Second Semester,Postgraduate,6.0,In Person,2014
908,ENGN3223,Control Systems,Second Semester,Undergraduate,6.0,In Person,2014
909,ENGN6223,Control Systems,Second Semester,Postgraduate,6.0,In Person,2014
910,SOCY3016,Controversies in Crime Control,Second Semester,Undergraduate,6.0,In Person,2014
911,HIST6128,"Convicts and Emigrants: Australia, 1770s to 1870s",Second Semester,Postgraduate,6.0,In Person,2014
912,HIST2128,Convicts and Settlers: Australia 1770s to 1870s,Second Semester,Undergraduate,6.0,In Person,2014
913,ARTV6104,Cool Old Masters,,Postgraduate,6.0,In Person,2014
914,ARTV2050,Cool Old Masters,,Undergraduate,6.0,In Person,2014
915,STST1003,Coping with Crisis: The Practice of International Security,,Undergraduate,6.0,In Person,2014
916,EMSC3019,Coral Reef Field Studies,,Undergraduate,6.0,In Person,2014
917,POGO8091,Core Issues in Development,,Postgraduate,6.0,In Person,2014
918,BUSN7050,Corporate Accounting,First Semester/Second Semester,Postgraduate,6.0,In Person,2014
919,LAWS8110,Corporate Environmental Responsibility,,Postgraduate,6.0,In Person,2014
920,FINM2001,Corporate Finance,First Semester/Second Semester,Undergraduate,6.0,In Person,2014
921,BUSI8015,Corporate Finance,,Postgraduate,6.0,In Person,2014
922,BUSN7049,Corporate Financial Reporting,,Postgraduate,6.0,In Person,2014
923,BUSN7045,Corporate Governance,First Semester,Postgraduate,6.0,In Person,2014
924,BUSN8145,Corporate Governance: Research Preparation,First Semester,Postgraduate,6.0,In Person,2014
925,BUSN3017,"Corporate Social Responsibility, Accountability and Reporting",Second Semester,Undergraduate,6.0,In Person,2014
926,MGMT3015,Corporate Strategy,First Semester,Undergraduate,6.0,In Person,2014
927,MGMT7102,Corporate Strategy,Summer Session/Autumn Session/Second Semester,Postgraduate,6.0,In Person,2014
928,MGMT2001,Corporate Sustainability,First Semester,Undergraduate,6.0,In Person,2014
929,FINM3005,Corporate Valuation,First Semester/Second Semester,Undergraduate,6.0,In Person,2014
930,FINM8013,Corporate and Behavioural Finance,,Postgraduate,6.0,In Person,2014
931,LAWS2203,Corporations Law,First Semester,Undergraduate,6.0,In Person,2014
932,POGO8076,Corruption and Anti-corruption,Winter Session,Postgraduate,6.0,In Person,2014
933,SOCY2063,Corruption in our world,Summer Session,Undergraduate,6.0,In Person,2014
934,ECON8018,Cost-Benefit Analysis,Second Semester,Postgraduate,6.0,In Person,2014
935,ECON2133,Cost-benefit Analysis,Second Semester,Undergraduate,6.0,In Person,2014
936,ARTV2055,"Costume, Fashion and Visual Culture",,Undergraduate,6.0,In Person,2014
937,ARTV2040,Craft and Design Interstudio,,Undergraduate,6.0,In Person,2014
938,ARTV2039,Craft and Design Practice-led Research,First Semester,Undergraduate,6.0,In Person,2014
939,VCUG2001,Creating Knowledge,Second Semester,Undergraduate,6.0,In Person,2014
940,MUSI1105,Creative Musicianship 1,First Semester,Undergraduate,6.0,In Person,2014
941,MUSI1106,Creative Musicianship 2,Second Semester,Undergraduate,6.0,In Person,2014
942,MUSI2203,Creative Musicianship 3,First Semester,Undergraduate,6.0,In Person,2014
943,MUSI2204,Creative Musicianship 4,Second Semester,Undergraduate,6.0,In Person,2014
944,MUSI3314,Creative Musicianship 5,First Semester,Undergraduate,6.0,In Person,2014
945,MUSI3315,Creative Musicianship 6,Second Semester,Undergraduate,6.0,In Person,2014
946,ENGL2076,Creative Writing,First Semester,Undergraduate,6.0,In Person,2014
947,ENGL2077,Creative Writing 2: Story to Script,Second Semester,Undergraduate,6.0,In Person,2014
948,ENGL2078,Creative Writing 3: Advanced Fiction,,Undergraduate,6.0,In Person,2014
949,MGMT7193,Creativity and Management,,Postgraduate,6.0,In Person,2014
950,STAT8036,Credibility Theory,Second Semester,Postgraduate,6.0,In Person,2014
951,STAT3036,Credibility Theory,Second Semester,Undergraduate,6.0,In Person,2014
952,HIST6232,Crime and Justice: Historical Dilemmas,First Semester,Postgraduate,6.0,In Person,2014
953,HIST2232,Crime and Justice: Historical Dilemmas,First Semester,Undergraduate,6.0,In Person,2014
954,LAWS2214,Criminal Justice,,Undergraduate,6.0,In Person,2014
955,SOCY8005,Criminal Justice Ethics,,Postgraduate,6.0,In Person,2014
956,LAWS1206,Criminal Law and Procedure,First Semester,Undergraduate,6.0,In Person,2014
957,LEGW8106,Criminal Practice,Summer Session/Autumn Session/Winter Session/Spring Session,Postgraduate,3.0,Online,2014
958,POLS8030,Critical Concepts in Nuclear Politics,,Postgraduate,6.0,In Person,2014
959,ANTH8038,Critical Issues in Gender and Development,First Semester,Postgraduate,6.0,Online or In Person,2014
960,EMDV6902,Critical Reading and Writing in Environmental Management and Development,,Postgraduate,6.0,In Person,2014
961,POGO8106,Critical Readings I,,Postgraduate,6.0,In Person,2014
962,POGO8092,Critical Readings II,,Postgraduate,6.0,In Person,2014
963,LANG6040,Critical Readings for Translators,,Postgraduate,6.0,In Person,2014
964,LANG3040,Critical Readings for Translators,,Undergraduate,6.0,In Person,2014
965,PREP1108,Critical Thinking and Reasoning,First Semester/Second Semester,Undergraduate,6.0,In Person,2014
966,HUMN8027,Critical issues in Heritage and Museum Studies,Second Semester,Postgraduate,6.0,Online or In Person,2014
967,ANTH8030,Critically Assessing Contemporary Development Practice,Summer Session/First Semester/Autumn Session/Winter Session/Second Semester/Spring Session,Postgraduate,6.0,Online or In Person,2014
968,LING6021,Cross Cultural Communication,First Semester,Postgraduate,6.0,Online,2014
969,LING2021,Cross Cultural Communication (L),First Semester,Undergraduate,6.0,In Person,2014
970,LING1021,Cross-Cultural Communication,,Undergraduate,6.0,In Person,2014
971,BUSI3029,Cross-Cultural Management,Second Semester,Undergraduate,6.0,In Person,2014
972,ANTH6515,Crossing Borders: Diasporas and Transnationalism,Second Semester,Postgraduate,6.0,In Person,2014
973,ANTH2129,Crossing Borders: Diasporas and Transnationalism,Second Semester,Undergraduate,6.0,In Person,2014
974,MICR6501,Crystal Chemical Characterisation,,Postgraduate,6.0,In Person,2014
975,POGO8131,Cultural Change within Organisations,,Postgraduate,6.0,In Person,2014
976,CHMD8015,Cultural Epidemiology: Theory and Methods,Second Semester,Postgraduate,3.0,In Person,2014
977,HUMN8005,Cultural Landscapes and Routes,,Postgraduate,6.0,In Person,2014
978,ASIA2306,Cultural Studies in Asia & the Pacific,,Undergraduate,6.0,In Person,2014
979,HUMN8007,Cultural and Environmental Heritage Research Project,Summer Session/First Semester/Autumn Session/Winter Session/Second Semester/Spring Session,Postgraduate,6.0,Online or In Person,2014
980,HUMN8018,Cultural and Environmental Heritage: Extended Research Project,Summer Session/First Semester/Autumn Session/Winter Session/Second Semester/Spring Session,Postgraduate,12.0,In Person,2014
981,HUMN8003,Cultural and Environmental Heritage: Key concepts and practices,First Semester,Postgraduate,12.0,Online or In Person,2014
982,ASGS1010,Culture & Human Diversity: Introducing Anthropology,,Undergraduate,12.0,In Person,2014
983,ASIA2302,Culture & Modernity in Asia,,Undergraduate,6.0,In Person,2014
984,ANTH2009,Culture and Development,First Semester,Undergraduate,6.0,In Person,2014
985,ANTH6009,Culture and Development,First Semester,Postgraduate,6.0,In Person,2014
986,POLS8003,Culture and Development in Latin America,,Postgraduate,6.0,Blended,2014
987,ANTH1002,Culture and Human Diversity: Introducing Anthropology,Second Semester,Undergraduate,6.0,In Person,2014
988,ANTH2057,Culture and Person,Second Semester,Undergraduate,6.0,In Person,2014
989,ANTH6057,Culture and Person,Second Semester,Postgraduate,6.0,In Person,2014
990,ASIA1025,Culture and Society in Asia and the Pacific,First Semester,Undergraduate,6.0,In Person,2014
991,ASIA1066,Culture and Traditions: Foundations of Chinese Studies A,First Semester,Undergraduate,6.0,In Person,2014
992,ASIA2366,Culture and Traditions: Foundations of Chinese Studies A,First Semester,Undergraduate,6.0,In Person,2014
993,BIAN6120,"Culture, Biology & Population Dynamics",Second Semester,Postgraduate,6.0,In Person,2014
994,BIAN2120,"Culture, Biology and Population Dynamics",Second Semester,Undergraduate,6.0,In Person,2014
995,CHMD8019,"Culture, Health, Medicine Internship",First Semester/Second Semester,Postgraduate,6.0,In Person,2014
996,ANCH2101,"Cultures in conflict: Greeks, Romans and others in southern Italy and Sicily",,Undergraduate,12.0,In Person,2014
997,ANCH6101,"Cultures in conflict: Greeks, Romans and others in southern Italy and Sicily",,Postgraduate,12.0,In Person,2014
998,ARTH2045,Curatorship Theory and Practice,Second Semester,Undergraduate,6.0,In Person,2014
999,ARTH6045,Curatorship Theory and Practice,Second Semester,Postgraduate,12.0,Online or In Person,2014
1000,SPAN3100,Current Affairs in the Spanish-speaking World,Second Semester,Undergraduate,6.0,In Person,2014
1001,SPAN6512,Current Affairs in the Spanish-speaking World (Continuing),First Semester,Postgraduate,6.0,In Person,2014
1002,SPAN6513,Current Affairs in the Spanish-speaking World (Intermediate),Second Semester,Postgraduate,6.0,In Person,2014
1003,POGO8043,Current Issues and Challenges in Regional and Local Government,,Postgraduate,6.0,In Person,2014
1004,SCOM8022,Current Issues for Science Centres,First Semester/Second Semester,Postgraduate,6.0,In Person,2014
1005,LAWS2262,Current Issues in Administrative Law,,Undergraduate,6.0,In Person,2014
1006,POLS2132,Current Issues in International Security,Second Semester,Undergraduate,6.0,In Person,2014
1007,CHEM3207,Current Topics in Chemical Biology,Second Semester,Undergraduate,6.0,In Person,2014
1008,EMSC8004,Current Topics in Geophysical Fluid Dynamics - A Practical Introduction,,Postgraduate,6.0,In Person,2014
1009,FREN3106,Current affairs and the French Press,Second Semester,Undergraduate,6.0,In Person,2014
1010,EDUC8003,Curriculum Design and Innovation,Summer Session,Postgraduate,6.0,In Person,2014
1011,MEDI8111,Custodial Medicine Elective,Second Semester,Postgraduate,6.0,In Person,2014
1012,ARTV2018,Cyberculture,First Semester,Undergraduate,6.0,In Person,2014
1013,ARTV6008,Cyberculture,Second Semester,Postgraduate,6.0,In Person,2014
1014,PSYC9011,DPsych Clinical Coursework I,,Research,6.0,In Person,2014
1015,PSYC9012,DPsych Clinical Coursework II,,Research,6.0,In Person,2014
1016,PSYC9013,DPsych Clinical Coursework III,,Research,4.0,In Person,2014
1017,PSYC9014,DPsych Clinical Coursework IV,,Research,4.0,In Person,2014
1018,PSYC9015,DPsych Clinical Coursework V,,Research,2.0,In Person,2014
1019,PSYC9015,DPsych Clinical Coursework V,First Semester,Postgraduate,2.0,In Person,2014
1020,PSYC9016,DPsych Clinical Coursework VI,,Research,2.0,In Person,2014
1021,PSYC9016,DPsych Clinical Coursework VI,,Postgraduate,2.0,In Person,2014
1022,PSYC9021,DPsych Clinical Field Placement I,,Research,6.0,In Person,2014
1023,PSYC9022,DPsych Clinical Field Placement II,,Research,6.0,In Person,2014
1024,PSYC9023,DPsych Clinical Field Placement III,,Research,6.0,In Person,2014
1025,PSYC9024,DPsych Clinical Field Placement IV,,Research,6.0,In Person,2014
1026,ANCH6506,"Dark Age to democracy: early Greek history, 1000-480 BC",Second Semester,Postgraduate,6.0,In Person,2014
1027,ANCH2024,"Dark Age to democracy: early Greek history, 1000-480 BC",Second Semester,Undergraduate,6.0,In Person,2014
1028,EMSC8023,Data Analysis,,Postgraduate,6.0,In Person,2014
1029,MATH6210,Data Mining,,Postgraduate,6.0,In Person,2014
1030,MATH3346,Data Mining Honours,,Undergraduate,6.0,In Person,2014
1031,HIST6236,Debating Anzac,,Postgraduate,6.0,In Person,2014
1032,HIST2236,Debating Anzac,,Undergraduate,6.0,In Person,2014
1033,POGO8010,Decentralisation and Relationships with Non-Government Organisations,,Postgraduate,6.0,In Person,2014
1034,POGO8065,Decision Making Under Uncertainty,Spring Session,Postgraduate,6.0,In Person,2014
1035,POGO8007,Decision-Making in Government,,Postgraduate,6.0,In Person,2014
1036,ASIA2164,Defining the Nation: India on the eve of Independence 1945,,Undergraduate,6.0,In Person,2014
1037,POGO8123,Delivering Public Value,First Semester,Postgraduate,6.0,In Person,2014
1038,POLS2118,Democracy and Democratization in Latin America,,Undergraduate,6.0,In Person,2014
1039,ASIA2070,Democracy in Southeast Asia,Second Semester,Undergraduate,6.0,In Person,2014
1040,ASIA6070,Democracy in Southeast Asia,Second Semester,Postgraduate,6.0,In Person,2014
1041,INTR8059,Democracy in World Politics,,Postgraduate,6.0,In Person,2014
1042,PHIL2101,"Democracy, Difference and Desire",First Semester,Undergraduate,6.0,In Person,2014
1043,GEND2101,"Democracy, Difference and Desire",,Undergraduate,6.0,In Person,2014
1044,POLS2126,Democracy: Its Causes and Consequences,,Undergraduate,6.0,In Person,2014
1045,POGO8086,Democratisation in Asia,,Postgraduate,6.0,In Person,2014
1046,DEMO8011,Demographic Analysis II,Second Semester,Postgraduate,6.0,In Person,2014
1047,DEMO8900F,"Demographic and Social Research, ADSRI",,Research,6.0,In Person,2014
1048,DEMO8900P,"Demographic and Social Research, ADSRI",,Research,6.0,In Person,2014
1049,FINM2002,Derivatives,First Semester/Second Semester,Undergraduate,6.0,In Person,2014
1050,FINM7017,Derivatives,,Postgraduate,3.0,In Person,2014
1051,FINM8009,"Derivatives: Markets, Valuation and Risk Management",Second Semester,Postgraduate,6.0,In Person,2014
1052,DESA4005P,Design Arts Honours,First Semester/Second Semester,Undergraduate,12.0,In Person,2014
1053,DESA4005F,Design Arts Honours,First Semester/Second Semester,Undergraduate,12.0,In Person,2014
1054,ARTV2051,Design History,Second Semester,Undergraduate,6.0,In Person,2014
1055,STAT7029,Design of Experiments and Surveys,First Semester,Postgraduate,6.0,In Person,2014
1056,STAT3012,Design of Experiments and Surveys,First Semester,Undergraduate,6.0,In Person,2014
1057,POGO8063,Designing Public Policies and Programs,Winter Session,Postgraduate,6.0,In Person,2014
1058,ARCH8102,Designing Research in Archaeology,Second Semester,Postgraduate,6.0,In Person,2014
1059,POGO8070,Developing and Implementing Industry Policy,,Postgraduate,6.0,In Person,2014
1060,ASIA2063,Development Dilemmas in Chinese Politics,Second Semester,Undergraduate,6.0,In Person,2014
1061,POGO8095,Development Policy and Practice,First Semester,Postgraduate,6.0,In Person,2014
1062,ECON2900,Development Poverty and Famine,Second Semester,Undergraduate,6.0,In Person,2014
1063,ECON2901,Development Poverty and Famine(H),Second Semester,Undergraduate,6.0,In Person,2014
1064,ANTH8104,Development Studies Field Methods,,Research,12.0,In Person,2014
1065,DEST4005F,Development Studies IV Honours (S),First Semester/Second Semester,Undergraduate,12.0,In Person,2014
1066,DEST4005P,Development Studies IV Honours (S),First Semester/Second Semester,Undergraduate,12.0,In Person,2014
1067,POGO8072,Development Theories and Themes,First Semester,Postgraduate,6.0,In Person,2014
1068,POLS2011,Development and Change,First Semester,Undergraduate,6.0,In Person,2014
1069,SOCY2035,Development and Change of Urban Society,,Undergraduate,6.0,In Person,2014
1070,POLS2095,Development in Latin America,First Semester,Undergraduate,6.0,In Person,2014
1071,ANTH8009,Development in Practice,First Semester,Postgraduate,6.0,Online or In Person,2014
1072,BUSI2027,Development of Modern Business,,Undergraduate,6.0,In Person,2014
1073,PSYC2002,Developmental Psychology,First Semester,Undergraduate,6.0,In Person,2014
1074,LING2023,Dictionaries and Dictionary-Making,Second Semester,Undergraduate,6.0,In Person,2014
1075,LING6023,Dictionaries and Dictionary-Making,Second Semester,Postgraduate,6.0,Blended,2014
1076,MATH2305,Differential Equations and Applications,First Semester,Undergraduate,6.0,In Person,2014
1077,MATH6205,Differential Geometry,First Semester/Second Semester,Postgraduate,6.0,In Person,2014
1078,MATH3342,Differential Geometry H,First Semester,Undergraduate,6.0,In Person,2014
1079,ASTR8007,Diffuse Matter in the Universe,,Postgraduate,6.0,In Person,2014
1080,DART8119,Digital Arts Studio Research,First Semester/Second Semester,Postgraduate,24.0,In Person,2014
1081,DART8120,Digital Arts Studio Research P,First Semester/Second Semester,Postgraduate,12.0,In Person,2014
1082,ENGN6626,Digital Communications,First Semester,Postgraduate,6.0,In Person,2014
1083,ENGN3226,Digital Communications,First Semester,Undergraduate,6.0,In Person,2014
1084,ARTV6004,Digital Compositing,First Semester/Second Semester,Postgraduate,6.0,In Person,2014
1085,ARTV2619,Digital Compositing: Creative Possibilities,First Semester,Undergraduate,6.0,In Person,2014
1086,ARTV2620,Digital Compositing: Creative Project Research and Development,Second Semester,Undergraduate,6.0,In Person,2014
1087,NEWM2006,Digital Cultures,First Semester,Undergraduate,6.0,In Person,2014
1088,NEWM6506,Digital Cultures,First Semester,Postgraduate,6.0,In Person,2014
1089,HIST6237,"Digital History, Digital Heritage",,Postgraduate,6.0,Online,2014
1090,HIST2237,"Digital History, Digital Heritage: the past in a digital present",,Undergraduate,6.0,Blended,2014
1091,HUMN8024,Digital Humanities: Theories and Projects,Spring Session,Postgraduate,6.0,In Person,2014
1092,VISC8005,Digital Media Methods,,Postgraduate,6.0,In Person,2014
1093,DART3100,Digital Specialization 1,First Semester,Undergraduate,6.0,In Person,2014
1094,DART3102,Digital Specialization 3,Second Semester,Undergraduate,6.0,In Person,2014
1095,DART3103,Digital Specialization 4,Second Semester,Undergraduate,6.0,In Person,2014
1096,ENGN6213,Digital Systems and Microprocessors,First Semester,Postgraduate,6.0,In Person,2014
1097,ENGN3213,Digital Systems and Microprocessors,First Semester,Undergraduate,6.0,In Person,2014
1098,DART8112,Digital Video,First Semester/Second Semester,Postgraduate,6.0,In Person,2014
1099,SOCY2062,Dimensions of Crime: Identifying and Controlling Offenders,Second Semester,Undergraduate,6.0,In Person,2014
1100,DEMO8072,Dimensions of Poverty and Welfare,,Postgraduate,6.0,In Person,2014
1101,ECON8026,Diploma Macroeconomics,Second Semester,Postgraduate,6.0,In Person,2014
1102,ECON8025,Diploma Microeconomics,First Semester,Postgraduate,6.0,In Person,2014
1103,DIPL8009,Diplomacy in a Globalising World,Second Semester,Postgraduate,6.0,Online,2014
1104,DIPL8006,"Diplomacy, Politics and the United Nations",Winter Session,Postgraduate,12.0,In Person,2014
1105,DIPL8000,Diplomatic Doctoral Research Preparation,Second Semester,Postgraduate,12.0,In Person,2014
1106,CHMD8001,"Directed Readings in Culture, Health and Medicine",First Semester/Second Semester,Postgraduate,6.0,Online or In Person,2014
1107,ARAB3007,Directed Study Project (Arabic),,Undergraduate,6.0,In Person,2014
1108,ARAB6509,Directed Study Project (Arabic),,Postgraduate,6.0,In Person,2014
1109,HGEO8002,Disaster Risk Reduction and Management,Second Semester,Postgraduate,6.0,In Person,2014
1110,POGO8075,Disasters and Humanitarian Aid Policy Evaluation Issues,,Postgraduate,6.0,In Person,2014
1111,ENGN1211,Discovering Engineering,First Semester,Undergraduate,6.0,In Person,2014
1112,EXTN1005A,Discovering Engineering A,Autumn Session,Undergraduate,0.0,In Person,2014
1113,EXTN1005B,Discovering Engineering B,,Undergraduate,6.0,In Person,2014
1114,MATH1005,Discrete Mathematical Models,Second Semester,Undergraduate,6.0,In Person,2014
1115,ENGN4537,Discrete-Time Signal Processing,First Semester,Undergraduate,6.0,In Person,2014
1116,ENGN6537,Discrete-Time Signal Processing,First Semester,Postgraduate,6.0,In Person,2014
1117,NSPO8013,"Disease, Security and Biological Weapons",Second Semester,Postgraduate,6.0,In Person,2014
1118,LAWS8116,Dispute Management,Summer Session,Postgraduate,6.0,In Person,2014
1119,BIOL1009,Diversity of Life,First Semester,Undergraduate,6.0,In Person,2014
1120,LAWS9001F,Doctor of Juridical Science (Faculty of Law),,Research,6.0,In Person,2014
1121,LAWS9001P,Doctor of Juridical Science (Faculty of Law),,Research,6.0,In Person,2014
1122,HLTH9000P,"Doctor of Philosophy (Centre for Research on Ageing, Health and Wellbeing)",,Research,6.0,In Person,2014
1123,HLTH9000F,"Doctor of Philosophy (Centre for Research on Ageing, Health and Wellbeing)",,Research,6.0,In Person,2014
1124,COMP9000P,Doctor of Philosophy (Computer Science),,Research,3.0,In Person,2014
1125,COMP9000F,Doctor of Philosophy (Computer Science),,Research,3.0,In Person,2014
1126,ENGN9000F,Doctor of Philosophy (Engineering),,Research,3.0,In Person,2014
1127,ENGN9000P,Doctor of Philosophy (Engineering),,Research,3.0,In Person,2014
1128,PSYC9002P,"Doctor of Philosophy - Research Course in Clinical Psychology, Dept of Psychology, SHPS",,Research,6.0,In Person,2014
1129,PSYC9002F,"Doctor of Philosophy - Research Course in Clinical Psychology, Dept of Psychology, SHPS",,Research,6.0,In Person,2014
1130,PSYC9000F,"Doctor of Philosophy - Research Course in Psychology, Department of Pyschology, SHPS",,Research,6.0,In Person,2014
1131,PSYC9000P,"Doctor of Philosophy - Research Course in Psychology, Department of Pyschology, SHPS",,Research,6.0,In Person,2014
1132,HECN9552F,"Doctor of Philosophy - Research Course,  ACERH, Institute of Population Health",,Research,24.0,In Person,2014
1133,HECN9552P,"Doctor of Philosophy - Research Course,  ACERH, Institute of Population Health",,Research,24.0,In Person,2014
1134,HLTH9550F,"Doctor of Philosophy - Research Course,  CMHR, Institute of Population Health",,Research,6.0,In Person,2014
1135,HLTH9550P,"Doctor of Philosophy - Research Course,  CMHR, Institute of Population Health",,Research,6.0,In Person,2014
1136,POPH9550F,"Doctor of Philosophy - Research Course,  NCEPH, Institute of Population Health",,Research,6.0,In Person,2014
1137,POPH9550P,"Doctor of Philosophy - Research Course,  NCEPH, Institute of Population Health",,Research,6.0,In Person,2014
1138,MEDN9550F,"Doctor of Philosophy - Research Course, John Curtin School of Medical Research",,Research,6.0,In Person,2014
1139,MEDN9550P,"Doctor of Philosophy - Research Course, John Curtin School of Medical Research",,Research,6.0,In Person,2014
1140,MEDI9950P,"Doctor of Philosophy - Research Course, Medical School",,Research,24.0,In Person,2014
1141,MEDI9950F,"Doctor of Philosophy - Research Course, Medical School",,Research,24.0,In Person,2014
1142,ASTR9550P,"Doctor of Philosophy - Research Course, Research School of Astronomy & Astrophysics",,Research,6.0,In Person,2014
1143,ASTR9550F,"Doctor of Philosophy - Research Course, Research School of Astronomy & Astrophysics",,Research,6.0,In Person,2014
1144,CHEM9550P,"Doctor of Philosophy - Research Course, Research School of Chemistry",,Research,6.0,In Person,2014
1145,CHEM9550F,"Doctor of Philosophy - Research Course, Research School of Chemistry",,Research,6.0,In Person,2014
1146,EMSC9005F,"Doctor of Philosophy in Earth Chemistry, Research School of Earth Sciences",,Research,3.0,In Person,2014
1147,EMSC9005P,"Doctor of Philosophy in Earth Chemistry, Research School of Earth Sciences",,Research,3.0,In Person,2014
1148,EMSC9004F,"Doctor of Philosophy in Earth Environment, Research School of Earth Sciences",,Research,3.0,In Person,2014
1149,EMSC9004P,"Doctor of Philosophy in Earth Environment, Research School of Earth Sciences",,Research,3.0,In Person,2014
1150,EMSC9003F,"Doctor of Philosophy in Earth Materials and Processes, Research School of Earth Sciences",,Research,3.0,In Person,2014
1151,EMSC9003P,"Doctor of Philosophy in Earth Materials and Processes, Research School of Earth Sciences",,Research,3.0,In Person,2014
1152,EMSC9002P,"Doctor of Philosophy in Earth Physics, Research School of Earth Sciences",,Research,3.0,In Person,2014
1153,EMSC9002F,"Doctor of Philosophy in Earth Physics, Research School of Earth Sciences",,Research,3.0,In Person,2014
1154,EMSC9001P,"Doctor of Philosophy in Earth Sciences, Research School of Earth Sciences",,Research,3.0,In Person,2014
1155,EMSC9001F,"Doctor of Philosophy in Earth Sciences, Research School of Earth Sciences",,Research,3.0,In Person,2014
1156,PUBH9550P,"Doctor of Philosophy,  APHCRI, Institute of Population Health",,Research,24.0,In Person,2014
1157,PUBH9550F,"Doctor of Philosophy,  APHCRI, Institute of Population Health",,Research,24.0,In Person,2014
1158,PHYS9000F,"Doctor of Philosophy,  Quantum Science, Research School of Physics and Engineering",,Research,6.0,In Person,2014
1159,PHYS9000P,"Doctor of Philosophy,  Quantum Science, Research School of Physics and Engineering",,Research,6.0,In Person,2014
1160,PHYS9554P,"Doctor of Philosophy, Applied Mathematics, Research School of Physics and Engineering",,Research,24.0,In Person,2014
1161,PHYS9554F,"Doctor of Philosophy, Applied Mathematics, Research School of Physics and Engineering",,Research,24.0,In Person,2014
1162,BIOL9001F,"Doctor of Philosophy, Biomedical Science & Biochemistry, Research School of Biology",,Research,24.0,In Person,2014
1163,BIOL9001P,"Doctor of Philosophy, Biomedical Science & Biochemistry, Research School of Biology",,Research,24.0,In Person,2014
1164,ENVS9007F,"Doctor of Philosophy, Environmental Science, Fenner School of Environment and Society",,Research,24.0,In Person,2014
1165,ENVS9007P,"Doctor of Philosophy, Environmental Science, Fenner School of Environment and Society",,Research,24.0,In Person,2014
1166,BIOL9000F,"Doctor of Philosophy, Evolution, Ecology and Genetics, Research School of Biology",,Research,6.0,In Person,2014
1167,BIOL9000P,"Doctor of Philosophy, Evolution, Ecology and Genetics, Research School of Biology",,Research,6.0,In Person,2014
1168,ENVS9000F,"Doctor of Philosophy, Forestry, Fenner School of Environment and Society",,Research,6.0,In Person,2014
1169,ENVS9000P,"Doctor of Philosophy, Forestry, Fenner School of Environment and Society",,Research,6.0,In Person,2014
1170,GMTH9550F,"Doctor of Philosophy, General Mathematics, Mathematical Sciences Institute",,Research,6.0,In Person,2014
1171,GMTH9550P,"Doctor of Philosophy, General Mathematics, Mathematical Sciences Institute",,Research,6.0,In Person,2014
1172,ENVS9001F,"Doctor of Philosophy, Geography, Fenner School of Environment and Society",,Research,24.0,In Person,2014
1173,ENVS9001P,"Doctor of Philosophy, Geography, Fenner School of Environment and Society",,Research,24.0,In Person,2014
1174,ENVS9004F,"Doctor of Philosophy, Global Environmental Change, Fenner School of Environment and Society",,Research,24.0,In Person,2014
1175,ENVS9004P,"Doctor of Philosophy, Global Environmental Change, Fenner School of Environment and Society",,Research,24.0,In Person,2014
1176,ENVS9006F,"Doctor of Philosophy, Human Ecology, Fenner School of Environment and Society",,Research,6.0,In Person,2014
1177,ENVS9006P,"Doctor of Philosophy, Human Ecology, Fenner School of Environment and Society",,Research,6.0,In Person,2014
1178,ENVS9008P,"Doctor of Philosophy, Interdisciplinary Environmental Studies, Fenner School of Environment and Soci",,Research,6.0,In Person,2014
1179,ENVS9008F,"Doctor of Philosophy, Interdisciplinary Environmental Studies, Fenner School of Environment and Soci",,Research,6.0,In Person,2014
1180,ENVS9003F,"Doctor of Philosophy, LE&CB, Fenner School of Environment and Society",,Research,6.0,In Person,2014
1181,ENVS9003P,"Doctor of Philosophy, LE&CB, Fenner School of Environment and Society",,Research,6.0,In Person,2014
1182,PHYS9556F,"Doctor of Philosophy, Laser Physics Centre, Research School of Physics and Engineering",,Research,24.0,In Person,2014
1183,PHYS9556P,"Doctor of Philosophy, Laser Physics Centre, Research School of Physics and Engineering",,Research,24.0,In Person,2014
1184,PHYS9561F,"Doctor of Philosophy, Non-Linear Physics, Research School of Physics and Engineering",,Research,24.0,In Person,2014
1185,PHYS9561P,"Doctor of Philosophy, Non-Linear Physics, Research School of Physics and Engineering",,Research,24.0,In Person,2014
1186,PHYS9557F,"Doctor of Philosophy, Nuclear Physics, Research School of Physics and Engineering",,Research,6.0,In Person,2014
1187,PHYS9557P,"Doctor of Philosophy, Nuclear Physics, Research School of Physics and Engineering",,Research,6.0,In Person,2014
1188,PHYS9558F,"Doctor of Philosophy, Optical Sciences, Research School of Physics and Engineering",,Research,24.0,In Person,2014
1189,PHYS9558P,"Doctor of Philosophy, Optical Sciences, Research School of Physics and Engineering",,Research,24.0,In Person,2014
1190,BIOL9002F,"Doctor of Philosophy, Plant Sciences, Research School of Biology",,Research,6.0,In Person,2014
1191,BIOL9002P,"Doctor of Philosophy, Plant Sciences, Research School of Biology",,Research,6.0,In Person,2014
1192,PHYS9551F,"Doctor of Philosophy, Plasma Research, Research School of Physics and Engineering",,Research,6.0,In Person,2014
1193,PHYS9551P,"Doctor of Philosophy, Plasma Research, Research School of Physics and Engineering",,Research,6.0,In Person,2014
1194,SOCS9552F,"Doctor of Philosophy, Sociology Program, Research School of Social Sciences",,Research,24.0,In Person,2014
1195,SOCS9552P,"Doctor of Philosophy, Sociology Program, Research School of Social Sciences",,Research,24.0,In Person,2014
1196,ENVS9002F,"Doctor of Philosophy, Sustainable Development, Fenner School of Environment and Society",,Research,24.0,In Person,2014
1197,ENVS9002P,"Doctor of Philosophy, Sustainable Development, Fenner School of Environment and Society",,Research,24.0,In Person,2014
1198,PHYS9555P,"Doctor of Philosophy, Theoretical Physics, Research School of Physics and Engineering",,Research,6.0,In Person,2014
1199,PHYS9555F,"Doctor of Philosophy, Theoretical Physics, Research School of Physics and Engineering",,Research,6.0,In Person,2014
1200,POPH9551F,Doctor of Population Health National Centre for Epidemiology and Population Health,,Research,24.0,In Person,2014
1201,POPH9551P,Doctor of Population Health National Centre for Epidemiology and Population Health,,Research,24.0,In Person,2014
1202,PSYC9001F,"Doctor of Psychology Research Component, Department of Psychology, SHPS",,Research,6.0,In Person,2014
1203,PSYC9001P,"Doctor of Psychology Research Component, Department of Psychology, SHPS",,Research,6.0,In Person,2014
1204,DIPL8005P,Doctorate Thesis,First Semester/Second Semester,Postgraduate,24.0,In Person,2014
1205,DIPL8005F,Doctorate Thesis,First Semester/Second Semester,Postgraduate,24.0,In Person,2014
1206,COMP6490,Document Analysis,Second Semester,Postgraduate,6.0,In Person,2014
1207,COMP4650,Document Analysis,Second Semester,Undergraduate,6.0,In Person,2014
1208,FILM2010,Documentary: Real Life in Virtual Space,Second Semester,Undergraduate,6.0,In Person,2014
1209,FILM6501,Documentary: Real Life in Virtual Space,,Postgraduate,6.0,In Person,2014
1210,CRWF8014,Domestic Climate Change Policy and Economics,First Semester,Postgraduate,6.0,Online,2014
1211,POGO8006,Domestic and International Economic Policy,,Postgraduate,6.0,In Person,2014
1212,ARTV2721,Drawing 1,,Undergraduate,6.0,In Person,2014
1213,ARTV2722,Drawing 2,,Undergraduate,6.0,In Person,2014
1214,ENGN2229,Dynamics and Simulation,Second Semester,Undergraduate,6.0,In Person,2014
1215,BUSI2023,Dynamics of Asian Business,Second Semester,Undergraduate,6.0,In Person,2014
1216,BUSI2022,Dynamics of Business in the Americas,,Undergraduate,6.0,In Person,2014
1217,BUSI2024,Dynamics of Business in the Middle East,First Semester,Undergraduate,6.0,In Person,2014
1218,BUSI2034,Dynamics of European Business,First Semester,Undergraduate,6.0,In Person,2014
1219,MEAS8112,Dynamics of Israeli-Palestinian Conflict,First Semester,Postgraduate,6.0,In Person,2014
1220,MKTG2032,E-Marketing,,Undergraduate,6.0,In Person,2014
1221,EMSC1008,EARTH: The Chemistry and Physics of our Planet,Second Semester,Undergraduate,6.0,In Person,2014
1222,EMDV8004,EMD Research Essay,,Postgraduate,6.0,In Person,2014
1223,ITAL6507,Early Italian Literature from the Sicilian School to the Renaissance,,Postgraduate,6.0,In Person,2014
1224,ITAL2010,Early Italian Literature from the Sicilian School to the Renaissance,,Undergraduate,6.0,In Person,2014
1225,EMSC8011,"Earth Materials: Crystal Structures, Defect Microstructures and Mechanical Behaviour",,Postgraduate,6.0,In Person,2014
1226,EAST7000,East Asian Studies Graduate Program Sub-Thesis,First Semester/Second Semester,Postgraduate,24.0,In Person,2014
1227,EAST7001,East Asian Studies Graduate Program Sub-Thesis (Part-time),First Semester/Second Semester,Postgraduate,12.0,In Person,2014
1228,ASIA2166,East Asian Women and War,,Undergraduate,6.0,In Person,2014
1229,ASIA6166,East Asian Women and War,,Postgraduate,6.0,In Person,2014
1230,ARTH8013,East-West Interactions in Art,,Postgraduate,12.0,Online or In Person,2014
1231,ENVS3014,Ecological Assessment and Management,Second Semester,Undergraduate,6.0,In Person,2014
1232,ENVS6514,Ecological Assessment and Management,Second Semester,Postgraduate,6.0,In Person,2014
1233,EMDV8012,Ecological Economics and Policy,Second Semester,Postgraduate,6.0,In Person,2014
1234,BIOL2191,Ecology of Health and Disease,First Semester,Undergraduate,6.0,In Person,2014
1235,IDEC8017,Econometric Techniques,Second Semester,Postgraduate,6.0,In Person,2014
1236,EMET8008,Econometric Theory,Second Semester,Postgraduate,6.0,In Person,2014
1237,EMET2007,Econometrics I: Econometric Methods,First Semester,Undergraduate,6.0,In Person,2014
1238,EMET6007,Econometrics I: Econometric Methods,First Semester,Postgraduate,6.0,In Person,2014
1239,EMET2008,Econometrics II: Econometric Modelling,Second Semester,Undergraduate,6.0,In Person,2014
1240,EMET6008,Econometrics II: Econometric Modelling,Second Semester,Postgraduate,6.0,In Person,2014
1241,POGO8060,Economic Concepts,,Postgraduate,6.0,In Person,2014
1242,IDEC8022,Economic Development,First Semester,Postgraduate,6.0,In Person,2014
1243,ECON8075,Economic Evaluation of Health Programs,,Postgraduate,6.0,In Person,2014
1244,EMSC3007,Economic Geology,Second Semester,Undergraduate,6.0,In Person,2014
1245,CRWF8001,Economic Globalisation and the Environment,,Postgraduate,6.0,Online,2014
1246,ECON8050,Economic Growth,,Postgraduate,6.0,In Person,2014
1247,ECHI4004P,Economic History IV Honours (S),First Semester/Second Semester,Undergraduate,12.0,In Person,2014
1248,ECHI4004F,Economic History IV Honours (S),First Semester/Second Semester,Undergraduate,12.0,In Person,2014
1249,ECHI8004,Economic History Research Project,,Postgraduate,6.0,In Person,2014
1250,ECHI8008,Economic History Research Project,,Postgraduate,18.0,In Person,2014
1251,ECHI8009,Economic History Research Project A,,Postgraduate,12.0,In Person,2014
1252,EMET8005,Economic Models and Introductory Econometrics,First Semester,Postgraduate,6.0,In Person,2014
1253,ECON8003,Economic Policy Issues,Second Semester,Postgraduate,6.0,In Person,2014
1254,ECON8036,Economic Seminars for Graduate Program in Economics,Second Semester,Postgraduate,6.0,In Person,2014
1255,LAWS8029,Economic and Social Rights,,Postgraduate,6.0,In Person,2014
1256,PREP1109,Economics,First Semester/Second Semester,Undergraduate,6.0,In Person,2014
1257,ECON3100,Economics 3 (H),Second Semester,Undergraduate,6.0,In Person,2014
1258,ECON1100,Economics I (H),Second Semester,Undergraduate,6.0,In Person,2014
1259,ECON4004F,Economics IV Honours (S),First Semester/Second Semester,Undergraduate,12.0,In Person,2014
1260,ECON4004P,Economics IV Honours (S),First Semester/Second Semester,Undergraduate,12.0,In Person,2014
1261,SOCS9557F,Economics Program RSSS,,Research,24.0,In Person,2014
1262,SOCS9557P,Economics Program RSSS,,Research,24.0,In Person,2014
1263,IDEC8024,Economics Seminars,Second Semester,Postgraduate,6.0,In Person,2014
1264,POGO8039,Economics and  International Policy,,Postgraduate,6.0,In Person,2014
1265,POGO8081,Economics for Government,First Semester,Postgraduate,6.0,In Person,2014
1266,ENVS2007,Economics for the Environment,First Semester,Undergraduate,6.0,In Person,2014
1267,ECON8074,Economics of Health Insurance and Financing,,Postgraduate,6.0,In Person,2014
1268,ECON4006F,Economics/Econometrics IV Honours (S),First Semester/Second Semester,Undergraduate,12.0,In Person,2014
1269,ECON4006P,Economics/Econometrics IV Honours (S),First Semester/Second Semester,Undergraduate,12.0,In Person,2014
1270,DEMO8045,Education and Labour Force,,Postgraduate,6.0,In Person,2014
1271,ASIA6309,Education and Social Change in Modern Japan,,Postgraduate,6.0,In Person,2014
1272,ASIA2309,Education and Social Change in Modern Japan,,Undergraduate,6.0,In Person,2014
1273,SOCY2021,Education and Society,,Undergraduate,6.0,In Person,2014
1274,EDUC9000F,"Educational Development and Academic Methods, RSSS",,Research,24.0,In Person,2014
1275,EDUC9000P,"Educational Development and Academic Methods, RSSS",,Research,24.0,In Person,2014
1276,EDUC8900F,"Educational Development and Academic Methods, RSSS",,Research,24.0,In Person,2014
1277,EDUC8900P,"Educational Development and Academic Methods, RSSS",,Research,24.0,In Person,2014
1278,MGMT7006,Effective Business Decision Making,,Postgraduate,6.0,In Person,2014
1279,HIST8104,Effective and Ethical Research Design,First Semester/Autumn Session/Winter Session/Second Semester/Spring Session,Postgraduate,6.0,In Person,2014
1280,POLS2111,"Elections, Political Behaviour and Public Opinion in Australia",Winter Session,Undergraduate,6.0,In Person,2014
1281,HIST2121,"Electric Citizens: The Rise of the Modern Media in the United States, 1865-2000",,Undergraduate,6.0,In Person,2014
1282,HIST6121,"Electric Citizens: The Rise of the Modern Media in the United States, 1865-2000",,Postgraduate,6.0,In Person,2014
1283,PHYS3055,Electro Optics,,Undergraduate,3.0,In Person,2014
1284,PHYS2016,Electromagnetism,Second Semester,Undergraduate,6.0,In Person,2014
1285,INFS7040,Electronic Commerce for Managers,First Semester/Second Semester,Postgraduate,6.0,In Person,2014
1286,MKTG7037,Electronic Marketing,,Postgraduate,6.0,In Person,2014
1287,ENGN2218,Electronic Systems and Design,First Semester,Undergraduate,6.0,In Person,2014
1288,TURK1001,Elementary Turkish A,,Undergraduate,6.0,In Person,2014
1289,TURK6001,Elementary Turkish A,,Postgraduate,6.0,In Person,2014
1290,TURK1002,Elementary Turkish B,,Undergraduate,6.0,In Person,2014
1291,TURK6002,Elementary Turkish B,,Postgraduate,6.0,In Person,2014
1292,ENGN8537,Embedded Systems and Real Time Digital Signal Processing,Second Semester,Postgraduate,6.0,In Person,2014
1293,ANCH2017,Emperors and Madmen: The Early Roman Empire,,Undergraduate,6.0,In Person,2014
1294,ENGL2068,Empire and its Fictions,Second Semester,Undergraduate,6.0,In Person,2014
1295,ASIA2307,Empire in Asia,,Undergraduate,6.0,In Person,2014
1296,FINM8011,Empirical Finance,,Postgraduate,6.0,In Person,2014
1297,POGO8023,Empirical Political Analysis 1: Public Opinion,,Postgraduate,6.0,In Person,2014
1298,POGO8050,Empirical Political Analysis 2: Political Economy,,Postgraduate,6.0,In Person,2014
1299,IDEC8025,Empirical Public Finance,,Postgraduate,6.0,In Person,2014
1300,BUSN8100,Empirical Research in Financial Accounting,Second Semester,Postgraduate,6.0,In Person,2014
1301,MGMT7064,Employment Relations,,Postgraduate,6.0,In Person,2014
1302,MGMT2002,Employment Relations,,Undergraduate,6.0,In Person,2014
1303,LEGW8136,Employment and Industrial Practice,Summer Session/Autumn Session/Winter Session,Postgraduate,3.0,Online,2014
1304,POGO8002,Empowerment and Rights-Based Development,,Postgraduate,6.0,In Person,2014
1305,CRWF8017,Energy Economics,Second Semester,Postgraduate,6.0,In Person,2014
1306,CRWF8009,Energy Politics and Governance,,Postgraduate,6.0,In Person,2014
1307,ENGN4516,Energy Resources and Renewable Technologies,Second Semester,Undergraduate,6.0,In Person,2014
1308,ENGN6224,Energy Systems Engineering,First Semester,Postgraduate,6.0,In Person,2014
1309,ENGN3224,Energy Systems Engineering,First Semester,Undergraduate,6.0,In Person,2014
1310,MEAS8109,Energy and Security in Central Asia and the Caucasus,,Postgraduate,6.0,In Person,2014
1311,ASIA2020,Engaging Asia: Working with Government,,Undergraduate,6.0,In Person,2014
1312,ASIA6020,Engaging Asia: Working with Government,,Postgraduate,6.0,In Person,2014
1313,ENGN3230,Engineering Innovation,Second Semester,Undergraduate,6.0,In Person,2014
1314,ENGN3200,Engineering Internship,First Semester/Autumn Session/Winter Session/Second Semester/Spring Session,Undergraduate,6.0,In Person,2014
1315,ENGN3221,Engineering Management,First Semester,Undergraduate,6.0,In Person,2014
1316,ENGN3601,Engineering Materials,First Semester,Undergraduate,6.0,In Person,2014
1317,ENGN6601,Engineering Materials,First Semester,Postgraduate,6.0,In Person,2014
1318,ENGN3706,Engineering Research & Development Project,Summer Session/First Semester/Second Semester,Undergraduate,6.0,In Person,2014
1319,ENGN8104,Engineering Research Project,First Semester/Second Semester,Postgraduate,12.0,In Person,2014
1320,ENGN2707,Engineering Research and Development Project,Second Semester,Undergraduate,6.0,In Person,2014
1321,ENGN4706,Engineering Research and Development Project,Summer Session/First Semester/Second Semester,Undergraduate,6.0,In Person,2014
1322,ENGN4712,Engineering Research and Development Project,Summer Session/First Semester/Second Semester,Undergraduate,6.0,In Person,2014
1323,ENGN3712,Engineering Research and Development Project,Summer Session/First Semester/Second Semester,Undergraduate,6.0,In Person,2014
1324,ENGN4718,Engineering Research and Development Project,First Semester/Second Semester,Undergraduate,6.0,In Person,2014
1325,ENGN2706,Engineering Research and Development Project (Methods),First Semester,Undergraduate,6.0,In Person,2014
1326,ENGN1215,Engineering Sciences,First Semester,Undergraduate,6.0,In Person,2014
1327,ENGN6410,Engineering Sustainable Systems,Second Semester,Postgraduate,6.0,In Person,2014
1328,ENGN3410,Engineering Sustainable Systems,Second Semester,Undergraduate,6.0,In Person,2014
1329,VIET3015,English - Vietnamese Translation,First Semester/Second Semester,Undergraduate,6.0,In Person,2014
1330,IDEC6902,English For Economists,,Postgraduate,12.0,In Person,2014
1331,ENGL4005P,English IV Honours (S),First Semester/Second Semester,Undergraduate,12.0,In Person,2014
1332,ENGL4005F,English IV Honours (S),First Semester/Second Semester,Undergraduate,12.0,In Person,2014
1333,ENGL7000,English Sub-Thesis,First Semester/Second Semester,Postgraduate,18.0,In Person,2014
1334,ENGL7002,English Sub-Thesis (Part-time),First Semester/Second Semester,Postgraduate,9.0,In Person,2014
1335,IDEC6903,English for Economists A,,Postgraduate,12.0,In Person,2014
1336,EMDV6901,English for Environmental Management and Development,,Postgraduate,6.0,In Person,2014
1337,POGO6901,English for Policy and Governance,,Postgraduate,6.0,In Person,2014
1338,LAWS1209,English in a Legal Context,First Semester/Second Semester,Undergraduate,0.0,In Person,2014
1339,ENGL9000F,"English, RSH&A",,Research,6.0,In Person,2014
1340,ENGL9000P,"English, RSH&A",,Research,6.0,In Person,2014
1341,VIET6015,English-Vietnamese Translation,First Semester/Second Semester,Postgraduate,6.0,In Person,2014
1342,EDUC8001,Enhancing Your Academic Practice,Summer Session/First Semester/Second Semester,Postgraduate,6.0,In Person,2014
1343,HIST6228,Enlightenment Worlds,,Postgraduate,6.0,In Person,2014
1344,HIST2228,Enlightenment Worlds,,Undergraduate,6.0,In Person,2014
1345,MUSI2220,Ensemble 1,First Semester/Second Semester,Undergraduate,6.0,In Person,2014
1346,MUSI2221,Ensemble 2,Second Semester,Undergraduate,6.0,In Person,2014
1347,ACST8060,Enterprise Risk Management 1,,Postgraduate,6.0,In Person,2014
1348,ACST8061,Enterprise Risk Management 2,,Postgraduate,6.0,In Person,2014
1349,INFS8004,Enterprise Systems and Business Process Management,Second Semester,Postgraduate,6.0,In Person,2014
1350,INFS3002,Enterprise Systems in Business,Second Semester,Undergraduate,6.0,In Person,2014
1351,MGMT3027,Entrepreneurship and Innovation,Second Semester,Undergraduate,6.0,In Person,2014
1352,MGMT7161,Entrepreneurship and New Venture Planning,Autumn Session/Winter Session,Postgraduate,6.0,In Person,2014
1353,ARTV6921,Environment Studio 1,First Semester,Postgraduate,6.0,In Person,2014
1354,ARTV2921,Environment Studio 1,First Semester,Undergraduate,6.0,In Person,2014
1355,ARTV2922,Environment Studio 2,First Semester,Undergraduate,6.0,In Person,2014
1356,ENVS4005F,Environment and Society Honours,First Semester/Second Semester,Undergraduate,12.0,In Person,2014
1357,ENVS4005P,Environment and Society Honours,First Semester/Second Semester,Undergraduate,12.0,In Person,2014
1358,ENVS1001,Environment and Society: Geography of Sustainability,First Semester,Undergraduate,6.0,In Person,2014
1359,ENVS6101,Environment and Society: Geography of Sustainability,First Semester,Postgraduate,6.0,In Person,2014
1360,PASI2003,"Environment, Conflict and Development in the Western Pacific",First Semester,Undergraduate,6.0,In Person,2014
1361,PASI6003,"Environment, Conflict and Development in the Western Pacific",First Semester,Postgraduate,6.0,In Person,2014
1362,EMDV8027,Environmental Accounting and Planning,,Postgraduate,6.0,In Person,2014
1363,EMDV8103,Environmental Assessment,Second Semester,Postgraduate,6.0,In Person,2014
1364,CHEM2204,Environmental Chemistry,,Undergraduate,6.0,In Person,2014
1365,LAWS8278,Environmental Dispute Management,,Postgraduate,6.0,In Person,2014
1366,IDEC8053,Environmental Economics,First Semester,Postgraduate,6.0,In Person,2014
1367,EMDV8104,Environmental Governance,First Semester,Postgraduate,6.0,In Person,2014
1368,LAWS8146,Environmental Landuse Planning Law,,Postgraduate,6.0,In Person,2014
1369,LAWS2215,Environmental Law,First Semester,Undergraduate,6.0,In Person,2014
1370,LAWS2216,Environmental Law Elective,,Undergraduate,6.0,In Person,2014
1371,LAWS8187,Environmental Litigation,Winter Session,Postgraduate,6.0,In Person,2014
1372,LAWS8188,Environmental Markets,,Postgraduate,6.0,In Person,2014
1373,MATH3133,Environmental Mathematics,Second Semester,Undergraduate,6.0,In Person,2014
1374,MATH6102,Environmental Modelling and Integrated Assessment,Second Semester,Postgraduate,6.0,In Person,2014
1375,ENVS3028,Environmental Policy,First Semester,Undergraduate,6.0,In Person,2014
1376,ENVS6528,Environmental Policy,First Semester,Postgraduate,6.0,In Person,2014
1377,EMDV8007,Environmental Policy and Communications,Second Semester,Postgraduate,6.0,In Person,2014
1378,LAWS8010,Environmental Protection and Human Rights,,Postgraduate,6.0,In Person,2014
1379,LAWS8111,Environmental Regulation,Autumn Session,Postgraduate,6.0,In Person,2014
1380,SOCY2022,Environmental Sociology,,Undergraduate,6.0,In Person,2014
1381,EMDV8001,"Environmental Sustainability, Health and Development",Second Semester,Postgraduate,6.0,In Person,2014
1382,LAWS8145,Environmental and Risk Assessment Law,Spring Session,Postgraduate,6.0,In Person,2014
1383,ASIA6079,"Environments, People and Power in Asia",,Postgraduate,6.0,In Person,2014
1384,LAWS2205,Equity and Trusts,Second Semester,Undergraduate,6.0,In Person,2014
1385,LAWS6205,Equity and Trusts,Second Semester,Postgraduate,6.0,In Person,2014
1386,ESEN1101,Essential University English,First Semester/Second Semester,Undergraduate,6.0,In Person,2014
1387,ARTV2726,Etching 2,,Undergraduate,6.0,In Person,2014
1388,INTR8051,Ethics and Culture in World Politics,,Postgraduate,6.0,In Person,2014
1389,POLS8035,Ethics and Politics,,Postgraduate,6.0,In Person,2014
1390,POGO8059,Ethics and Public Integrity,,Postgraduate,6.0,In Person,2014
1391,NSPO8014,Ethics and Technologies of War,Second Semester,Postgraduate,6.0,In Person,2014
1392,INTR8053,Ethics of Peace and War,First Semester,Postgraduate,6.0,In Person,2014
1393,SCOM8021,"Ethics, Issues and Consequences of Science",Second Semester,Postgraduate,6.0,Online,2014
1394,INTR8040,Ethnicity and Conflict in Asia and the Pacific,,Postgraduate,6.0,In Person,2014
1395,ASIA2303,Ethnography & Religion in Asia,,Undergraduate,6.0,In Person,2014
1396,HIST2205,"Europe and the Atlantic World, c. 1450-1750",,Undergraduate,6.0,In Person,2014
1397,HIST2140,Europe in the 20th Century,Second Semester,Undergraduate,6.0,In Person,2014
1398,EURO1004,Europe in the Modern Era,First Semester,Undergraduate,6.0,In Person,2014
1399,FILM2003,"European Cinemas, European Societies",,Undergraduate,6.0,In Person,2014
1400,LANG3003,European Narrative,,Undergraduate,6.0,In Person,2014
1401,ENGL3006,European Narrative (English),,Undergraduate,6.0,In Person,2014
1402,PHIL2087,European Philosophy A,Second Semester,Undergraduate,6.0,In Person,2014
1403,PHIL2097,European Philosophy B,,Undergraduate,6.0,In Person,2014
1404,EURO4005F,European Studies IV Honours(S),First Semester/Second Semester,Undergraduate,12.0,In Person,2014
1405,EURO4005P,European Studies IV Honours(S),First Semester/Second Semester,Undergraduate,12.0,In Person,2014
1406,EURO2003,"European Union: Policies, Institutions and Challenges",First Semester,Undergraduate,6.0,In Person,2014
1407,ARCH2058,European prehistory from cultivation to the Celts,,Undergraduate,6.0,In Person,2014
1408,LAWS2207,Evidence,Summer Session/Second Semester,Undergraduate,6.0,In Person,2014
1409,MEDI8114,Evidence Based Practice: Translational Medicine in Clinical Settings,,Postgraduate,6.0,In Person,2014
1410,BIOL3206,Evolution of Biodiversity,Second Semester,Undergraduate,6.0,In Person,2014
1411,BIOL6206,Evolution of Biodiversity,Second Semester,Postgraduate,6.0,In Person,2014
1412,BIOL3131,Evolutionary and Behavioural Ecology,First Semester,Undergraduate,6.0,In Person,2014
1413,BIOL6631,Evolutionary and Behavioural Ecology,First Semester,Postgraduate,6.0,In Person,2014
1414,SOCY2026,"Excessive Appetites: Sociocultural Perspectives on Addiction, Drug Use and Gender",Second Semester,Undergraduate,6.0,In Person,2014
1415,ECCO5921,Exchange - Bachelor of Social Sciences (Honours),First Semester/Second Semester,Undergraduate,6.0,In Person,2014
1416,ECCO5920,Exchange Program Business and Economics - Band 2,First Semester/Second Semester,Undergraduate,6.0,In Person,2014
1417,ECCO5922,Exchange Program Business and Economics - Band 3,First Semester/Second Semester,Undergraduate,6.0,In Person,2014
1418,DART5920,Exchange Program for  Digital Arts Students,,Undergraduate,6.0,In Person,2014
1419,ECCO8820,Exchange Program for  Graduate  Economics  & Commerce Students,First Semester/Second Semester,Postgraduate,6.0,In Person,2014
1420,ARTV8820,Exchange Program for  Graduate  Visual Arts Students,,Postgraduate,6.0,In Person,2014
1421,DART8820,Exchange Program for  Graduate Digital Art Students,,Postgraduate,6.0,In Person,2014
1422,ARTV5920,Exchange Program for  Visual Arts Students,First Semester,Undergraduate,6.0,In Person,2014
1423,ARTS5920,Exchange Program for Arts Students,First Semester/Second Semester,Undergraduate,6.0,In Person,2014
1424,ASIA5920,Exchange Program for Asian Studies Students,First Semester/Winter Session/Second Semester,Undergraduate,6.0,In Person,2014
1425,ARTS8820,Exchange Program for Graduate Arts Students,First Semester/Second Semester,Postgraduate,6.0,In Person,2014
1426,ASIA8820,Exchange Program for Graduate Exchange Students,,Postgraduate,6.0,In Person,2014
1427,LAWS8820,Exchange Program for Graduate Law Students,First Semester/Second Semester,Postgraduate,6.0,In Person,2014
1428,SCNC8820,Exchange Program for Graduate Science Students,Summer Session/First Semester/Autumn Session/Winter Session/Second Semester/Spring Session,Postgraduate,6.0,In Person,2014
1429,COMP8820,Exchange Program for Graduate Students in Computer Science,First Semester/Second Semester,Postgraduate,6.0,In Person,2014
1430,ENGN8820,Exchange Program for Graduate Students in Engineering,,Postgraduate,6.0,In Person,2014
1431,LAWS5920,Exchange Program for Law Students,First Semester/Second Semester,Undergraduate,6.0,In Person,2014
1432,SCNC5921,Exchange Program for Science Students (Band 1),First Semester/Second Semester,Undergraduate,6.0,In Person,2014
1433,SCNC5920,Exchange Program for Science Students (Band 2),First Semester/Second Semester,Undergraduate,6.0,In Person,2014
1434,COMP5920,Exchange Program in Computer Science,First Semester/Second Semester,Undergraduate,6.0,In Person,2014
1435,ENGN5920,Exchange Program in Engineering,First Semester/Winter Session/Second Semester,Undergraduate,6.0,In Person,2014
1436,LAWS8241,Executive Power,Spring Session,Postgraduate,6.0,In Person,2014
1437,POGO8034,Executive Report,,Postgraduate,24.0,In Person,2014
1438,SCOM8007,Exhibition Design,Second Semester,Postgraduate,6.0,In Person,2014
1439,MUSC8010,Exhibition Innovations Workshop,,Postgraduate,6.0,Online or In Person,2014
1440,SCOM8023,"Exhibition, Theory, Design and Evaluation",First Semester/Second Semester,Postgraduate,12.0,In Person,2014
1441,STST8106,Expeditionary Operations,Autumn Session,Postgraduate,6.0,In Person,2014
1442,BUSI3065,Experience in Asia Project,,Undergraduate,6.0,In Person,2014
1443,BIOL6202,Experimental Design and Analysis in Biology,Second Semester,Postgraduate,6.0,In Person,2014
1444,BIOL2202,Experimental Design and Analysis in Biology,Second Semester,Undergraduate,6.0,In Person,2014
1445,ANTH8018,Explanation and Interpretation in the Analysis on Cultures,,Postgraduate,6.0,In Person,2014
1446,HIST2231,Exploration: Columbus to the Moon,Second Semester,Undergraduate,6.0,In Person,2014
1447,HIST6235,Exploration: Columbus to the Moon,Second Semester,Postgraduate,6.0,In Person,2014
1448,ARTH8004,Exploring Asian Art in Asia,,Postgraduate,12.0,In Person,2014
1449,ANTH8039,Exploring Gender and Development,First Semester,Postgraduate,12.0,Online or In Person,2014
1450,ANTH8060,"Exploring Gender, Resources and the Environment",Second Semester,Postgraduate,6.0,In Person,2014
1451,ARTV2317,Extended Investigations in Glass,Second Semester,Undergraduate,6.0,In Person,2014
1452,ESEN6101,Extended University English,First Semester/Second Semester,Postgraduate,6.0,In Person,2014
1453,ARTH2055,Fabric of Life: An Introduction To Textile History,,Undergraduate,6.0,In Person,2014
1454,ARTH6055,Fabric of Life: An Introduction to Textile History,,Postgraduate,6.0,Online or In Person,2014
1455,DEMO8044,Family Demography: An International Perspective,,Postgraduate,6.0,In Person,2014
1456,LAWS6217,Family Law,,Postgraduate,6.0,In Person,2014
1457,LAWS2217,Family Law,Second Semester,Undergraduate,6.0,In Person,2014
1458,LEGW8107,Family Law Practice,Autumn Session/Winter Session/Spring Session,Postgraduate,3.0,Online,2014
1459,LAWS2261,Federal Criminal Law,,Undergraduate,6.0,In Person,2014
1460,LAWS8310,Federal Criminal Law,,Postgraduate,6.0,In Person,2014
1461,LAWS8313,Federal Criminal Procedure and Evidence,,Postgraduate,6.0,In Person,2014
1462,LAWS2275,Federal Judicial System,First Semester,Undergraduate,6.0,In Person,2014
1463,LAWS8143,Federal Litigation,First Semester,Postgraduate,6.0,Online,2014
1464,CRWF8002,Federalism and Decentralisation,,Postgraduate,6.0,In Person,2014
1465,LAWS2218,Feminist and Critical Legal Theory,Second Semester,Undergraduate,6.0,In Person,2014
1466,PHYS6501,Fibre Optic Communication Systems,First Semester,Postgraduate,6.0,In Person,2014
1467,PHYS3060,Fibre Optic Communication Systems,First Semester,Undergraduate,6.0,In Person,2014
1468,ENGN6513,Fibre Optics Communication Systems,First Semester,Postgraduate,6.0,In Person,2014
1469,ENGN4513,Fibre Optics Communications Systems,First Semester,Undergraduate,6.0,In Person,2014
1470,EMSC3001,Field Geology,Winter Session,Undergraduate,6.0,In Person,2014
1471,LING2009,Field Methods,,Undergraduate,6.0,In Person,2014
1472,LING6009,Field Methods,,Postgraduate,6.0,Blended,2014
1473,POPH8311,Field Placement,,Postgraduate,6.0,In Person,2014
1474,BIOL6010,Field Studies in Behavioural Ecology,First Semester,Postgraduate,6.0,In Person,2014
1475,BIOL3132,Field Studies in Behavioural Ecology,First Semester,Undergraduate,6.0,In Person,2014
1476,SCOM8004A,Fieldwork Placement (Part A),First Semester,Postgraduate,12.0,In Person,2014
1477,SCOM8004B,Fieldwork Placement (Part B),Second Semester,Postgraduate,12.0,In Person,2014
1478,ARTV1020,Figure & Life,First Semester,Undergraduate,6.0,In Person,2014
1479,DESA1020,Figure and Life,First Semester,Undergraduate,6.0,In Person,2014
1480,FILM4005F,Film Studies IV Honours (S),,Undergraduate,12.0,In Person,2014
1481,FILM4005P,Film Studies IV Honours (S),,Undergraduate,12.0,In Person,2014
1482,FILM2008,Film and Music,,Undergraduate,6.0,In Person,2014
1483,PHIL2102,Film as Philosophy,,Undergraduate,6.0,In Person,2014
1484,ANTH2049,Filming Cultures,,Undergraduate,6.0,In Person,2014
1485,FINM7002,Finance Concepts in Regulation,,Postgraduate,6.0,In Person,2014
1486,FINM4004F,Finance IV Honours (S),First Semester/Second Semester,Undergraduate,12.0,In Person,2014
1487,FINM4004P,Finance IV Honours (S),First Semester/Second Semester,Undergraduate,12.0,In Person,2014
1488,FINM8010,Finance Theory,,Postgraduate,6.0,In Person,2014
1489,ECON8037,Financial Economics,,Postgraduate,6.0,In Person,2014
1490,ECON3016,Financial Economics(H),,Undergraduate,6.0,In Person,2014
1491,ECON3006,Financial Economics(P),,Undergraduate,6.0,In Person,2014
1492,MGMT7225,Financial Governance in the Australian Public Sector,,Postgraduate,6.0,In Person,2014
1493,FINM3006,Financial Intermediation and Debt Markets,First Semester,Undergraduate,6.0,In Person,2014
1494,FINM7010,Financial Management Applications,,Postgraduate,3.0,In Person,2014
1495,FINM7039,Financial Management Systems,,Postgraduate,3.0,In Person,2014
1496,STAT6046,Financial Mathematics,First Semester/Second Semester,Postgraduate,6.0,In Person,2014
1497,STAT2032,Financial Mathematics,First Semester/Second Semester,Undergraduate,6.0,In Person,2014
1498,BUSN3008,Financial Reporting By Corporations,First Semester,Undergraduate,6.0,In Person,2014
1499,BUSN8181,Financial Reporting and Analysis,Second Semester/Spring Session,Postgraduate,6.0,In Person,2014
1500,MKTG7003,Financial Services Marketing,,Postgraduate,6.0,In Person,2014
1501,FINM7036,Financial Spreadsheet Techniques,,Postgraduate,3.0,In Person,2014
1502,BUSN2036,Financial Statement Analysis,First Semester,Undergraduate,6.0,In Person,2014
1503,BUSN7036,Financial Statement Analysis,First Semester,Postgraduate,6.0,In Person,2014
1504,BUSN7008,Financial Statements and Reporting,First Semester/Second Semester,Postgraduate,6.0,In Person,2014
1505,ENGN6615,Finite Element Analysis,Second Semester,Postgraduate,6.0,In Person,2014
1506,ENGN4615,Finite Element Analysis,Second Semester,Undergraduate,6.0,In Person,2014
1507,ENVS3008,Fire in the Environment,Summer Session,Undergraduate,6.0,In Person,2014
1508,ENVS6308,Fire in the Environment,Summer Session,Postgraduate,6.0,In Person,2014
1509,CRWF8016,Food Wars: Food Security and Agricultural Policy,Second Semester,Postgraduate,6.0,Online or In Person,2014
1510,ANTH2132,Food for Thought: Anthropological theories of food and eating,First Semester,Undergraduate,6.0,In Person,2014
1511,ANTH6518,Food for Thought: Anthropological theories of food and eating,First Semester,Postgraduate,6.0,In Person,2014
1512,SOCY3029,"Food, Environment and Development",,Undergraduate,6.0,In Person,2014
1513,FORA7001,Forensic Anthropology Sub-Thesis Full-time,First Semester/Second Semester,Postgraduate,18.0,In Person,2014
1514,FORA7002,Forensic Anthropology Sub-thesis Part-Time,First Semester/Second Semester,Postgraduate,9.0,In Person,2014
1515,BIAN2128,Forensic Anthropology and Archaeology,,Undergraduate,6.0,In Person,2014
1516,BIAN6515,Forensic Anthropology and Archaeology,,Postgraduate,6.0,In Person,2014
1517,ENVS4055P,Forest Sciences IV Honours,First Semester/Second Semester,Undergraduate,12.0,In Person,2014
1518,ENVS4055F,Forest Sciences IV Honours,First Semester/Second Semester,Undergraduate,12.0,In Person,2014
1519,LAWS8185,Forestry Law,,Postgraduate,6.0,In Person,2014
1520,ENVS8105,Forestry Research Essay,,Postgraduate,6.0,In Person,2014
1521,COMP2600,Formal Methods in Software Engineering,Second Semester,Undergraduate,6.0,In Person,2014
1522,COMP6260,Formal Methods in Software Engineering,Second Semester,Postgraduate,6.0,In Person,2014
1523,ANTH8036,Forms of Sociality,,Postgraduate,6.0,In Person,2014
1524,ARTV1032,Foundation Computer Studies,Second Semester,Undergraduate,6.0,In Person,2014
1525,LAWS1201,Foundations of Australian Law,Summer Session/First Semester/Second Semester,Undergraduate,6.0,In Person,2014
1526,ENGL2083,Foundations of Drama,Second Semester,Undergraduate,6.0,In Person,2014
1527,EMET1001,Foundations of Economic and Financial Models,Second Semester,Undergraduate,6.0,In Person,2014
1528,FINM7006,Foundations of Finance,First Semester/Second Semester,Postgraduate,6.0,In Person,2014
1529,FINM1001,Foundations of Finance,First Semester/Second Semester,Undergraduate,6.0,In Person,2014
1530,BUSN8110,Foundations of Management Accounting Research,,Postgraduate,6.0,In Person,2014
1531,MATH6203,Foundations of Mathematics,First Semester,Postgraduate,6.0,In Person,2014
1532,MATH3343,Foundations of Mathematics Honours,First Semester,Undergraduate,6.0,In Person,2014
1533,MEDI3005,Foundations of Medicine,First Semester,Undergraduate,18.0,In Person,2014
1534,PHYS1001,Foundations of Physics,First Semester,Undergraduate,6.0,In Person,2014
1535,POLS2120,Foundations of Political Theory,First Semester,Undergraduate,6.0,In Person,2014
1536,SOCY2037,Foundations of Social Research,,Undergraduate,6.0,In Person,2014
1537,EDUC8101,Foundations of University Teaching and Learning,Summer Session/First Semester/Second Semester,Postgraduate,0.0,In Person,2014
1538,EDUC8100,Foundations of University Teaching and Learning,Summer Session/First Semester/Second Semester,Postgraduate,6.0,In Person,2014
1539,PHYS3035,Fourier Systems and Optics,Second Semester,Undergraduate,6.0,In Person,2014
1540,MATH3062,Fractal Geometry & Applications to Digital Imaging,Second Semester,Undergraduate,6.0,In Person,2014
1541,MATH6116,Fractal Geometry & Applications to Digital Imaging,Second Semester,Postgraduate,6.0,In Person,2014
1542,ARCH4004,Frameworks for Archaeological Science,,Undergraduate,6.0,Online or In Person,2014
1543,ARCH8103,Frameworks for Archaeological Science,First Semester/Second Semester,Postgraduate,6.0,Online or In Person,2014
1544,ARTV2019,Framing Other Cultures,,Undergraduate,6.0,In Person,2014
1545,VISC8012,Framing the World: Mediating Relations,,Postgraduate,6.0,In Person,2014
1546,COMP8440,Free and Open Source Software Development,Autumn Session,Postgraduate,6.0,In Person,2014
1547,LAWS8243,Freedom of Information and Privacy,,Postgraduate,6.0,In Person,2014
1548,HUMN8015,Freilich Foundation: Topics in bigotry and intolerance,,Postgraduate,6.0,In Person,2014
1549,FREN2023,French Cinema,,Undergraduate,6.0,In Person,2014
1550,FREN4005F,French IV Honours (S),First Semester/Second Semester,Undergraduate,12.0,In Person,2014
1551,FREN4005P,French IV Honours (S),First Semester/Second Semester,Undergraduate,12.0,In Person,2014
1552,FREN2022,French Literature and The Pacific,,Undergraduate,6.0,In Person,2014
1553,ASIA6050,From Angkor Wat to Rapa Nui: UNESCO World Heritage in SE Asia & the Pacific,,Postgraduate,6.0,In Person,2014
1554,ASIA3050,From Angkor Wat to Rapa Nui: UNESCO World Heritage in SE Asia & the Pacific,,Undergraduate,6.0,In Person,2014
1555,ARCH1112,From Origins to Civilizations,Second Semester,Undergraduate,6.0,In Person,2014
1556,ASTR3007,From Stars to Galaxies,First Semester,Undergraduate,6.0,In Person,2014
1557,PHIL1004,Fundamental Ideas in Philosophy: An Introduction,First Semester,Undergraduate,6.0,In Person,2014
1558,LAWS8260,Fundamentals of Business Law,,Postgraduate,6.0,In Person,2014
1559,EMSC6021,Fundamentals of Climate System Science,Second Semester,Postgraduate,6.0,In Person,2014
1560,EMSC2021,Fundamentals of Climate System Science,Second Semester,Undergraduate,6.0,In Person,2014
1561,EMET8014,Fundamentals of Econometric Methods,First Semester,Postgraduate,6.0,In Person,2014
1562,LAWS8189,Fundamentals of Environmental Law,Summer Session/Winter Session,Postgraduate,6.0,In Person,2014
1563,POPH8100,Fundamentals of Epidemiology,First Semester/Winter Session,Postgraduate,6.0,In Person,2014
1564,LAWS8568,Fundamentals of Government and Commercial Law,,Postgraduate,12.0,In Person,2014
1565,LAWS8015,Fundamentals of Government and Commercial Law,Summer Session/Winter Session,Postgraduate,6.0,In Person,2014
1566,MEDI8115,Fundamentals of Health Protection and Health Promotion,First Semester,Postgraduate,6.0,In Person,2014
1567,PHYS8204,Fundamentals of Nuclear Radiation,First Semester,Postgraduate,6.0,In Person,2014
1568,PHYS8201,Fundamentals of Nuclear Science,First Semester,Postgraduate,6.0,In Person,2014
1569,ENGN8524,Fundamentals of Solar Cells,First Semester,Postgraduate,6.0,In Person,2014
1570,FINM7021,Funds Management,,Postgraduate,3.0,In Person,2014
1571,ARTV2205,Furniture 5,First Semester,Undergraduate,12.0,In Person,2014
1572,ARTV3206,Furniture 6,Second Semester,Undergraduate,12.0,In Person,2014
1573,DESA2205,Furniture Design 5,First Semester,Undergraduate,12.0,In Person,2014
1574,DESA3206,Furniture Design 6,Second Semester,Undergraduate,12.0,In Person,2014
1575,DESA2207,Furniture Design: Complex Linear Structures,First Semester,Undergraduate,6.0,In Person,2014
1576,DESA2209,Furniture Design: Compound Volumetric Structures,Second Semester,Undergraduate,6.0,In Person,2014
1577,DESA2206,Furniture Design: Curved Componentry,First Semester,Undergraduate,6.0,In Person,2014
1578,DESA2208,Furniture Design: Individual Boxes,Second Semester,Undergraduate,6.0,In Person,2014
1579,DESA3202,Furniture Design: Self-Determined  Design Proposal,Second Semester,Undergraduate,6.0,In Person,2014
1580,DESA3201,Furniture Design: Solutions for the Real World,First Semester,Undergraduate,6.0,In Person,2014
1581,ARTV2206,Furniture: Bend/Curve,First Semester,Undergraduate,6.0,In Person,2014
1582,ARTV2209,Furniture: Collect/Display,Second Semester,Undergraduate,6.0,In Person,2014
1583,ARTV1202,Furniture: Elevate/Surface,Second Semester,Undergraduate,6.0,In Person,2014
1584,ARTV2208,Furniture: Hold / Contain,Second Semester,Undergraduate,6.0,In Person,2014
1585,ARTV3216,Furniture: Independent Creative Work Proposal,Second Semester,Undergraduate,6.0,In Person,2014
1586,ARTV1201,Furniture: Shape/Structure,First Semester,Undergraduate,6.0,In Person,2014
1587,ARTV3215,Furniture: Site/Situation,First Semester,Undergraduate,6.0,In Person,2014
1588,ARTV2207,Furniture: Support/Body,First Semester,Undergraduate,6.0,In Person,2014
1589,ENVS2015,GIS and Spatial Analysis,Second Semester,Undergraduate,6.0,In Person,2014
1590,ENVS6015,GIS and Spatial Analysis,Second Semester,Postgraduate,6.0,In Person,2014
1591,ASTR8006,Galaxies,,Postgraduate,6.0,In Person,2014
1592,MEAS2108,Gallipoli: History and National Imagination,,Undergraduate,6.0,In Person,2014
1593,ECON8076,Game Theory,Second Semester,Postgraduate,6.0,In Person,2014
1594,POLS2125,Game Theory and Social Sciences,Second Semester,Undergraduate,6.0,In Person,2014
1595,MATH2301,"Games, Graphs and Machines",First Semester,Undergraduate,6.0,In Person,2014
1596,INTR8035,Gender Globalisation and Development,,Postgraduate,6.0,In Person,2014
1597,POLS2086,Gender Globalisation and Development,,Undergraduate,6.0,In Person,2014
1598,ANTH6025,Gender and Cross-Cultural Perspective,First Semester,Postgraduate,6.0,In Person,2014
1599,MEAS2107,Gender and Culture in Iran and the Middle East,Second Semester,Undergraduate,6.0,In Person,2014
1600,POGO8061,Gender and Policy,,Postgraduate,6.0,In Person,2014
1601,DEMO8048,Gender and Population,Winter Session,Postgraduate,6.0,In Person,2014
1602,ASIA6016,Gender and Power in East Asia,,Postgraduate,6.0,In Person,2014
1603,CHIN3214,Gender and Sexuality in Chinese Literature and Film,,Undergraduate,6.0,In Person,2014
1604,CHIN6214,Gender and Sexualtiy in Chinese Literature and Film,,Postgraduate,6.0,In Person,2014
1605,ARTV2020,Gender and Visual Culture,,Undergraduate,6.0,In Person,2014
1606,INTR8054,Gender and War,,Postgraduate,6.0,In Person,2014
1607,ASIA2305,Gender in Asia & the Pacific,,Undergraduate,6.0,In Person,2014
1608,ANTH2025,Gender in Cross-Cultural Perspective,First Semester,Undergraduate,6.0,In Person,2014
1609,GEND2024,Gender in Humanities: Reading Jane Eyre,,Undergraduate,6.0,In Person,2014
1610,ASIA2006,Gender in Korean History,,Undergraduate,6.0,In Person,2014
1611,ASIA6106,Gender in Korean History,,Postgraduate,6.0,In Person,2014
1612,GEND6024,Gender in the Humanities: Reading Jane Eyre,,Postgraduate,6.0,In Person,2014
1613,GEND2025,"Gender, Health and Embodiment",,Undergraduate,6.0,In Person,2014
1614,GEND6025,"Gender, Health and Embodiment",,Postgraduate,6.0,In Person,2014
1615,ASIA2092,"Gender, Labour and Capitalism in East Asia",Second Semester,Undergraduate,6.0,In Person,2014
1616,ASIA6092,"Gender, Labour and Capitalism in East Asia",Second Semester,Postgraduate,6.0,In Person,2014
1617,ANTH8106,"Gender, Nature and Development",Second Semester,Postgraduate,6.0,In Person,2014
1618,GEND2023,"Gender, Sex and Sexuality: An Introduction to Feminist Theory",,Undergraduate,6.0,In Person,2014
1619,GEND4105F,"Gender, Sexuality and Culture Honours IV",First Semester/Second Semester,Undergraduate,12.0,In Person,2014
1620,GEND4105P,"Gender, Sexuality and Culture Honours IV",First Semester/Second Semester,Undergraduate,12.0,In Person,2014
1621,INTR8064,"Gender, War, and Justice in South and Southeast Asia",First Semester,Postgraduate,6.0,In Person,2014
1622,POLS2085,Gendered Politics of War,,Undergraduate,6.0,In Person,2014
1623,BIOL6142,General Microbiology,Second Semester,Postgraduate,6.0,In Person,2014
1624,BIOL2142,General Microbiology,Second Semester,Undergraduate,6.0,In Person,2014
1625,STAT3015,Generalised Linear Modelling,Second Semester,Undergraduate,6.0,In Person,2014
1626,STAT7030,Generalised Linear Models,Second Semester,Postgraduate,6.0,In Person,2014
1627,BIOL6161,Genes: Replication and Expression,First Semester,Postgraduate,6.0,In Person,2014
1628,BIOL2161,Genes: Replication and Expression,First Semester,Undergraduate,6.0,In Person,2014
1629,POLS2100,Genocide - Post 1945,First Semester,Undergraduate,6.0,In Person,2014
1630,POLS2096,Genocide Studies,,Undergraduate,6.0,In Person,2014
1631,BIOL8020,Genomics & Biotechnology,,Postgraduate,6.0,In Person,2014
1632,BIOL3161,Genomics and its Applications,First Semester,Undergraduate,6.0,In Person,2014
1633,BIOL6163,Genomics and its Applications,First Semester,Postgraduate,6.0,In Person,2014
1634,EMSC2019,Geobiology and Evolution of Life on Earth,Second Semester,Undergraduate,6.0,In Person,2014
1635,EMSC6019,Geobiology and Evolution of Life on Earth,Second Semester,Postgraduate,6.0,In Person,2014
1636,ENVS4015F,Geography IV Honours (S),First Semester/Second Semester,Undergraduate,12.0,In Person,2014
1637,ENVS4015P,Geography IV Honours (S),First Semester/Second Semester,Undergraduate,12.0,In Person,2014
1638,EMSC4005F,Geology IV Honours (S),First Semester/Second Semester,Undergraduate,12.0,In Person,2014
1639,EMSC4005P,Geology IV Honours (S),First Semester/Second Semester,Undergraduate,12.0,In Person,2014
1640,EMSC6802,Geology Reading Course,Summer Session/First Semester/Autumn Session/Winter Session/Second Semester/Spring Session,Postgraduate,6.0,In Person,2014
1641,EMSC8702,Geology Reading Course,Summer Session/First Semester/Autumn Session/Winter Session/Second Semester/Spring Session,Postgraduate,6.0,In Person,2014
1642,EMSC6801,Geology Research Project,Summer Session/First Semester/Autumn Session/Winter Session/Second Semester/Spring Session,Postgraduate,3.0,In Person,2014
1643,EMSC8701,Geology Research Project,Summer Session/First Semester/Autumn Session/Winter Session/Second Semester/Spring Session,Postgraduate,6.0,In Person,2014
1644,EMSC8705,Geology Special Topic,Summer Session/First Semester/Autumn Session/Winter Session/Second Semester/Spring Session,Postgraduate,6.0,In Person,2014
1645,EMSC6805,Geology Special Topic,Summer Session/First Semester/Autumn Session/Winter Session/Second Semester/Spring Session,Postgraduate,3.0,In Person,2014
1646,ENVS3026,Geomorphology: Landscape Evolution under Changing Climate,Summer Session,Undergraduate,6.0,In Person,2014
1647,ENVS6312,Geomorphology: Landscape Evolution under Changing Climate,Summer Session,Postgraduate,6.0,In Person,2014
1648,EMSC8013,Geophysical Continuum Mechanics,,Postgraduate,6.0,In Person,2014
1649,MEAS8114,Geopolitics of Central Asia,,Postgraduate,6.0,In Person,2014
1650,GERM2046,German Cinema,,Undergraduate,6.0,In Person,2014
1651,GERM3046,German Cinema,,Undergraduate,6.0,In Person,2014
1652,FILM3046,German Cinema (in English),,Undergraduate,6.0,In Person,2014
1653,GERM4005P,German IV Honours (S),First Semester/Second Semester,Undergraduate,12.0,In Person,2014
1654,GERM4005F,German IV Honours (S),First Semester/Second Semester,Undergraduate,12.0,In Person,2014
1655,GERM2111,German Language Change,,Undergraduate,6.0,In Person,2014
1656,GERM3041,German Prose of the 20th Century,,Undergraduate,6.0,In Person,2014
1657,GERM6507,German Studies - Advanced 1,First Semester,Postgraduate,6.0,In Person,2014
1658,GERM6503,German Studies Continuing I,First Semester,Postgraduate,6.0,In Person,2014
1659,GERM6504,German Studies Continuing II,Second Semester,Postgraduate,6.0,In Person,2014
1660,GERM6505,German Studies Intermediate I,First Semester,Postgraduate,6.0,In Person,2014
1661,GERM6506,German Studies Intermediate II,Second Semester,Postgraduate,6.0,In Person,2014
1662,GERM6501,German Studies Introduction I,First Semester,Postgraduate,6.0,In Person,2014
1663,GERM6502,German Studies Introduction II,Second Semester,Postgraduate,6.0,In Person,2014
1664,GERM3007,German Studies: Advanced German 1,First Semester,Undergraduate,6.0,In Person,2014
1665,GERM3008,German Studies: Advanced German 2,Second Semester,Undergraduate,6.0,In Person,2014
1666,GERM6508,German Studies: Advanced German 2,Second Semester,Postgraduate,6.0,In Person,2014
1667,GERM2103,German Studies: Continuing German 1,First Semester,Undergraduate,6.0,In Person,2014
1668,GERM2104,German Studies: Continuing German 2,Second Semester,Undergraduate,6.0,In Person,2014
1669,GERM2105,German Studies: Intermediate German 1,First Semester,Undergraduate,6.0,In Person,2014
1670,GERM2106,German Studies: Intermediate German 2,Second Semester,Undergraduate,6.0,In Person,2014
1671,GERM1021,German Studies: Introduction to German (1),First Semester,Undergraduate,6.0,In Person,2014
1672,GERM1022,German Studies: Introduction to German (2),Second Semester,Undergraduate,6.0,In Person,2014
1673,ARTV2305,Glass 5,First Semester,Undergraduate,12.0,In Person,2014
1674,ARTV3306,Glass 6,Second Semester,Undergraduate,12.0,In Person,2014
1675,DESA2305,Glass Design 5,First Semester,Undergraduate,12.0,In Person,2014
1676,DESA3306,Glass Design 6,Second Semester,Undergraduate,12.0,In Person,2014
1677,DESA2309,Glass Design: Advanced Hot glass and Cold Working Process for Design Application,Second Semester,Undergraduate,6.0,In Person,2014
1678,DESA2308,Glass Design: Advanced Kiln Formed Glass and Cold Working Processes for Design application,Second Semester,Undergraduate,6.0,In Person,2014
1679,DESA3301,Glass Design: Developing an Original Inquiry in Glass Design,First Semester,Undergraduate,6.0,In Person,2014
1680,DESA2307,Glass Design: Intermediate Glass  Blowing and Finishing Techniques for Design Application,First Semester,Undergraduate,6.0,In Person,2014
1681,DESA2306,Glass Design: Intermediate Kiln Formed Glass for Design Application,First Semester,Undergraduate,6.0,In Person,2014
1682,DESA3302,Glass Design: Resolving a Body of Work in Glass Design,Second Semester,Undergraduate,6.0,In Person,2014
1683,ARTV1301,Glass Introduction,First Semester,Undergraduate,6.0,In Person,2014
1684,ARTV2316,Glass: Advanced Hot and Cold Glass Working Process,Second Semester,Undergraduate,6.0,In Person,2014
1685,ARTV2315,Glass: Advanced Kiln Forming and Cold Working Processes,Second Semester,Undergraduate,6.0,In Person,2014
1686,ARTV3301,Glass: Developing an Original Inquiry,First Semester,Undergraduate,6.0,In Person,2014
1687,ARTV2314,Glass: Intermediate  Blowing and Finishing Techniques,First Semester,Undergraduate,6.0,In Person,2014
1688,ARTV2313,Glass: Intermediate Kiln Forming,First Semester,Undergraduate,6.0,In Person,2014
1689,ARTV1302,Glass: Processes and Methods,Second Semester,Undergraduate,6.0,In Person,2014
1690,ARTV3302,Glass: Resolving a Body of Work,Second Semester,Undergraduate,6.0,In Person,2014
1691,PHIL2111,Global Citizens,,Undergraduate,6.0,In Person,2014
1692,INTR8044,Global Civil Society and the Role of NGOs 1,,Postgraduate,6.0,In Person,2014
1693,INTR8061,Global Civil Society and the Role of NGOs 2,,Postgraduate,12.0,In Person,2014
1694,INTR8028,Global Environmental Politics,,Postgraduate,6.0,In Person,2014
1695,INTR8045,Global Governance 1,,Postgraduate,6.0,In Person,2014
1696,INTR8031,Global Governance 2,,Postgraduate,12.0,In Person,2014
1697,CHMD8006,Global Health and Development,Second Semester,Postgraduate,6.0,Online or In Person,2014
1698,PHIL2113,Global Justice,,Undergraduate,6.0,In Person,2014
1699,MKTG7035,Global Marketing,Second Semester,Postgraduate,6.0,In Person,2014
1700,INTR8032,Global Security 1,Second Semester,Postgraduate,6.0,In Person,2014
1701,INTR8047,Global Security 2,Second Semester,Postgraduate,12.0,In Person,2014
1702,STST8028,Global Security Actors? NATO and the European Union,,Postgraduate,6.0,In Person,2014
1703,POLS2064,Global Social Movements,,Undergraduate,6.0,In Person,2014
1704,POGO8044,Global Social Policy,,Postgraduate,6.0,In Person,2014
1705,ANTH1003,Global and Local,First Semester,Undergraduate,6.0,In Person,2014
1706,POGO8038,Globalisation and National Policy Dependence,,Postgraduate,6.0,In Person,2014
1707,POLS8031,"Globalisation: Theories, Issues, Debates",First Semester,Postgraduate,6.0,In Person,2014
1708,POLS8032,Globalisation: the Interaction of Economics and Politics,Second Semester,Postgraduate,6.0,In Person,2014
1709,ASIA8610,"Globalising Southeast Asia: Capitalism, Media, and 21st Century Cultures",,Postgraduate,6.0,In Person,2014
1710,ASIA3610,"Globalising Southeast Asia: Capitalism, Media, and 21st Century Cultures",,Undergraduate,6.0,In Person,2014
1711,POLS2075,Globalism and the Politics of Identity,Second Semester,Undergraduate,6.0,In Person,2014
1712,GEND2034,"Going Public: Sex, Sexuality and Feminism",First Semester,Undergraduate,6.0,In Person,2014
1713,ARTV2405,Gold & Silversmithing 5,First Semester/Second Semester,Undergraduate,12.0,In Person,2014
1714,ARTV3406,Gold & Silversmithing 6,First Semester/Second Semester,Undergraduate,12.0,In Person,2014
1715,DESA2405,Gold & Silversmithing Design 5,First Semester/Second Semester,Undergraduate,12.0,In Person,2014
1716,DESA3406,Gold & Silversmithing Design 6,First Semester/Second Semester,Undergraduate,12.0,In Person,2014
1717,DESA3402,Gold and Silversmithing Design: Development of Personal Language,Second Semester,Undergraduate,6.0,In Person,2014
1718,DESA2409,Gold and Silversmithing Design: Experimenting with Process,Second Semester,Undergraduate,6.0,In Person,2014
1719,DESA2406,Gold and Silversmithing Design: Forging and Flatware,First Semester,Undergraduate,6.0,In Person,2014
1720,DESA3401,Gold and Silversmithing Design: Production Multiples,First Semester,Undergraduate,6.0,In Person,2014
1721,DESA2407,Gold and Silversmithing Design: Utility as Context,First Semester,Undergraduate,6.0,In Person,2014
1722,DESA2408,Gold and Silversmithing Design: Vessel Construction,Second Semester,Undergraduate,6.0,In Person,2014
1723,ARTV3403,Gold and Silversmithing The Communicative Object,First Semester,Undergraduate,6.0,In Person,2014
1724,ARTV3404,Gold and Silversmithing The Experiential Object,,Undergraduate,6.0,In Person,2014
1725,ARTV3402,Gold and Silversmithing: Development of Personal Language,Second Semester,Undergraduate,6.0,In Person,2014
1726,ARTV2409,Gold and Silversmithing: Experimenting with Process,Second Semester,Undergraduate,6.0,In Person,2014
1727,ARTV2406,Gold and Silversmithing: Forging Flatware,First Semester,Undergraduate,6.0,In Person,2014
1728,ARTV2419,Gold and Silversmithing: Forming Sheet Metal,,Undergraduate,6.0,In Person,2014
1729,ARTV1401,Gold and Silversmithing: Introduction to Precise Miniature Construction,First Semester,Undergraduate,6.0,In Person,2014
1730,ARTV1402,Gold and Silversmithing: Movement and Articulated Form,Second Semester,Undergraduate,6.0,In Person,2014
1731,ARTV2417,Gold and Silversmithing: Small Scale Metal Casting,First Semester,Undergraduate,6.0,In Person,2014
1732,ARTV2420,Gold and Silversmithing: Steel Tool Making,,Undergraduate,6.0,In Person,2014
1733,ARTV2418,Gold and Silversmithing: Surface as Refinement of Form,Second Semester,Undergraduate,6.0,In Person,2014
1734,ARTV2407,Gold and Silversmithing: Utility as Context,First Semester,Undergraduate,6.0,In Person,2014
1735,ARTV2408,Gold and Silversmithing: Vessel Construction,Second Semester,Undergraduate,6.0,In Person,2014
1736,ARTV3401,Gold and Silversmithing: Working in Series/Multiples,First Semester,Undergraduate,6.0,In Person,2014
1737,POGO8047,Governance Reform in Developing Countries,,Postgraduate,6.0,In Person,2014
1738,POGO8012,Governance and Institutions,Second Semester,Postgraduate,6.0,In Person,2014
1739,POGO8022,"Governance, Economics and Security in the South Pacific",,Postgraduate,6.0,In Person,2014
1740,NSPO8016,"Governance, State Weakness and Human Security in Asia",Second Semester,Postgraduate,6.0,In Person,2014
1741,MEDI8205,Governing Public Health,,Postgraduate,6.0,In Person,2014
1742,POGO8066,Governing by the Rules,Summer Session,Postgraduate,6.0,In Person,2014
1743,LAWS8220,Government Contracts,Autumn Session,Postgraduate,6.0,In Person,2014
1744,LAWS8209,Government Corporations,,Postgraduate,6.0,In Person,2014
1745,LEGW8124,Government Law Practice,Autumn Session/Spring Session,Postgraduate,3.0,Online,2014
1746,POGO8064,Government in a Market Economy,Autumn Session,Postgraduate,6.0,In Person,2014
1747,CRWF8000,"Government, Markets and Global Change",First Semester/Second Semester,Postgraduate,6.0,In Person,2014
1748,CRWF6900,Graduate Academic and Research Skills for Public Policy,,Postgraduate,0.0,In Person,2014
1749,ARCH8004,Graduate Archaeology Fieldwork Report,,Postgraduate,12.0,In Person,2014
1750,MUSI7002,"Graduate Composition, Arranging, and Sound Design 1",First Semester/Second Semester,Postgraduate,12.0,In Person,2014
1751,MUSI8005,"Graduate Composition, Arranging, and Sound Design 2",First Semester/Second Semester,Postgraduate,12.0,In Person,2014
1752,MUSI8006,"Graduate Composition, Arranging, and Sound Design 3",First Semester/Second Semester,Postgraduate,12.0,In Person,2014
1753,PHYS8100,Graduate Diploma in Science (Physics) Topics,First Semester/Second Semester,Postgraduate,6.0,In Person,2014
1754,EAST8024,Graduate Language Supplement,,Postgraduate,3.0,In Person,2014
1755,MUSI7001,Graduate Music Performance 1,First Semester/Second Semester,Postgraduate,12.0,In Person,2014
1756,MUSI8003,Graduate Music Performance 2,First Semester/Second Semester,Postgraduate,12.0,In Person,2014
1757,MUSI8004,Graduate Music Performance 3,First Semester/Second Semester,Postgraduate,12.0,In Person,2014
1758,MUSI8007,Graduate Music Professional Practice Project 1,First Semester/Second Semester,Postgraduate,6.0,In Person,2014
1759,MUSI8008,Graduate Music Professional Practice Project 2,First Semester/Second Semester,Postgraduate,6.0,In Person,2014
1760,MUSI8009,Graduate Music Research Project 1,First Semester/Second Semester,Postgraduate,6.0,In Person,2014
1761,MUSI8010,Graduate Music Research Project 2,First Semester/Second Semester,Postgraduate,6.0,In Person,2014
1762,IDEC6906,Graduate Preparatory Econometrics,,Postgraduate,0.0,In Person,2014
1763,IDEC6907,Graduate Preparatory Mathematical Methods,,Postgraduate,0.0,In Person,2014
1764,HIST6545,Graduate Reading Course (A),,Postgraduate,6.0,In Person,2014
1765,ANTH8001,Graduate Reading Course (Anthropology),First Semester/Second Semester,Postgraduate,6.0,In Person,2014
1766,HIST6550,Graduate Reading Course (B),,Postgraduate,6.0,In Person,2014
1767,LING8001,Graduate Reading Course (Linguistics),First Semester/Second Semester,Postgraduate,6.0,Blended,2014
1768,CLAS8002,Graduate Reading Course A,First Semester/Second Semester,Postgraduate,6.0,In Person,2014
1769,CLAS8003,Graduate Reading Course B,First Semester/Second Semester,Postgraduate,6.0,In Person,2014
1770,ARCH8038,Graduate Reading Course in Archaeological Science,Summer Session/First Semester/Autumn Session/Winter Session/Second Semester/Spring Session,Postgraduate,6.0,Online or In Person,2014
1771,ARCH8001,Graduate Reading Course in Archaeology,,Postgraduate,6.0,In Person,2014
1772,LAWS8305,Graduate Research Unit,,Postgraduate,12.0,In Person,2014
1773,LAWS8301,Graduate Research Unit,Summer Session/First Semester/Second Semester,Postgraduate,12.0,In Person,2014
1774,LAWS8303,Graduate Research Unit (Environmental Law),Summer Session/First Semester/Second Semester,Postgraduate,12.0,In Person,2014
1775,LAWS8306,Graduate Research Unit (Government & Commercial Law),Summer Session/First Semester/Second Semester,Postgraduate,12.0,In Person,2014
1776,LAWS8304,Graduate Research Unit (International Law),Summer Session/First Semester/Second Semester,Postgraduate,12.0,In Person,2014
1777,LAWS8309,Graduate Research Unit (Law Governance & Development),Summer Session/First Semester/Second Semester,Postgraduate,12.0,In Person,2014
1778,LAWS8308,Graduate Research Unit (Legal Practice),Summer Session/First Semester/Second Semester,Postgraduate,12.0,In Person,2014
1779,STST8002,Grand Strategies in the Asia-Pacific,Second Semester,Postgraduate,12.0,In Person,2014
1780,STAT3011,Graphical Data Analysis,Second Semester,Undergraduate,6.0,In Person,2014
1781,STAT7026,Graphical Data Analysis,Second Semester,Postgraduate,6.0,In Person,2014
1782,STST8051,Great and Powerful Friends: Strategic alliances and Australian security,Autumn Session,Postgraduate,6.0,In Person,2014
1783,EMDV8121,Greening of Business,,Postgraduate,6.0,In Person,2014
1784,EMSC3025,Groundwater,Second Semester,Undergraduate,6.0,In Person,2014
1785,EMSC6025,Groundwater,Second Semester,Postgraduate,6.0,In Person,2014
1786,ENGN8170,Group Project,First Semester/Second Semester,Postgraduate,6.0,In Person,2014
1787,MGMT8149,Group Research Project,,Postgraduate,6.0,In Person,2014
1788,POGO8127,Growth and Structural Change,,Postgraduate,6.0,In Person,2014
1789,COMP6390,HCI and Usability Engineering,Second Semester,Postgraduate,6.0,In Person,2014
1790,DIPL8010,Harnessing Diplomacy for International Development,,Postgraduate,6.0,In Person,2014
1791,HUMN2001,Hashtag humanities: text and beyond in the digital age,First Semester,Undergraduate,6.0,In Person,2014
1792,DEMO8079,Health Demography,Second Semester,Postgraduate,6.0,In Person,2014
1793,ECON8039,Health Economics,,Postgraduate,6.0,In Person,2014
1794,ECON3004,Health Economics,,Undergraduate,6.0,In Person,2014
1795,LAWS8237,Health Law and Bioethics in Global Context,,Postgraduate,6.0,In Person,2014
1796,LAWS2219,"Health Law, Bioethics and Human Rights",,Undergraduate,6.0,In Person,2014
1797,MEDI8110,Health Policy Seminar,,Postgraduate,6.0,In Person,2014
1798,POGO8029,Health Policy in a Globalising World,Autumn Session,Postgraduate,6.0,In Person,2014
1799,PSYC3020,Health Psychology,Second Semester,Undergraduate,6.0,In Person,2014
1800,MEDI8109,Health Technology Assessment,Second Semester,Postgraduate,3.0,In Person,2014
1801,BIOL8021,Health and Disease in a Changing World,First Semester,Postgraduate,6.0,Online,2014
1802,ASTR8003,High Energy Astrophysics,,Postgraduate,6.0,In Person,2014
1803,COMP3320,High Performance Scientific Computation,First Semester,Undergraduate,6.0,In Person,2014
1804,COMP6464,High Performance Scientific Computing,First Semester,Postgraduate,6.0,In Person,2014
1805,HIND1100,Hindi 1A,First Semester,Undergraduate,6.0,Online or In Person,2014
1806,HIND6100,Hindi 1A,First Semester,Postgraduate,6.0,Online or In Person,2014
1807,HIND1008,Hindi 1A in-country,,Undergraduate,6.0,In Person,2014
1808,HIND6308,Hindi 1A in-country,,Postgraduate,6.0,In Person,2014
1809,HIND6200,Hindi 1B,Second Semester,Postgraduate,6.0,In Person,2014
1810,HIND1200,Hindi 1B,Second Semester,Undergraduate,6.0,In Person,2014
1811,HIND1009,Hindi 1B in-country,,Undergraduate,6.0,In Person,2014
1812,HIND6309,Hindi 1B in-country,,Postgraduate,6.0,In Person,2014
1813,HIND2002,Hindi 2 A-B in-country,Summer Session/Winter Session,Undergraduate,12.0,In Person,2014
1814,HIND6002,Hindi 2 A-B: in-country,Summer Session/Winter Session,Postgraduate,12.0,In Person,2014
1815,HIND6300,Hindi 2A,First Semester,Postgraduate,6.0,In Person,2014
1816,HIND2300,Hindi 2A,First Semester,Undergraduate,6.0,In Person,2014
1817,HIND6400,Hindi 2B,Second Semester,Postgraduate,6.0,In Person,2014
1818,HIND2400,Hindi 2B,Second Semester,Undergraduate,6.0,In Person,2014
1819,HIND3002,Hindi 3 A-B in-country,Summer Session/Winter Session,Undergraduate,12.0,In Person,2014
1820,HIND6003,Hindi 3 A-B in-country,Summer Session/Winter Session,Postgraduate,12.0,In Person,2014
1821,HIND3500,Hindi 3A,First Semester,Undergraduate,6.0,In Person,2014
1822,HIND6500,Hindi 3A,,Postgraduate,6.0,In Person,2014
1823,HIND6600,Hindi 3B,Second Semester,Postgraduate,6.0,In Person,2014
1824,HIND3600,Hindi 3B,Second Semester,Undergraduate,6.0,In Person,2014
1825,BIOL3203,Histology and Advanced Microscopy,Summer Session,Undergraduate,6.0,In Person,2014
1826,ASIA2037,Histories of Modern China,Second Semester,Undergraduate,6.0,In Person,2014
1827,ASIA6037,Histories of Modern China,Second Semester,Postgraduate,6.0,In Person,2014
1828,HIST4005F,History IV Honours (S),First Semester/Second Semester,Undergraduate,12.0,In Person,2014
1829,HIST4005P,History IV Honours (S),First Semester/Second Semester,Undergraduate,12.0,In Person,2014
1830,HIST7000,History Sub-Thesis Master of Arts (Full-time),First Semester/Second Semester,Postgraduate,18.0,In Person,2014
1831,HIST7001,History Sub-thesis (Part-Time),First Semester/Second Semester,Postgraduate,9.0,In Person,2014
1832,ANTH8017,History of Anthropological Theory,First Semester,Postgraduate,6.0,In Person,2014
1833,ARCH2006,History of Archaeology: Discovering the Past,Second Semester,Undergraduate,6.0,In Person,2014
1834,ARCH3026,History of Archaeology: Discovering the Past,,Undergraduate,6.0,In Person,2014
1835,ASIA6044,History of China: The Imperial Period (221 BC - 1800),First Semester,Postgraduate,6.0,In Person,2014
1836,ASIA2044,History of China: The Imperial Period (221 BC - 1800),First Semester,Undergraduate,6.0,In Person,2014
1837,ECHI2015,History of Economic Thought(H),,Undergraduate,6.0,In Person,2014
1838,ECHI2005,History of Economic Thought(P),Second Semester,Undergraduate,6.0,In Person,2014
1839,SPAN2603,History of the Spanish language. A linguistic time travel,,Undergraduate,6.0,In Person,2014
1840,ANCH2014,Homer and the Trojan War,,Undergraduate,6.0,In Person,2014
1841,ANCH6014,Homer and the Trojan War,,Postgraduate,6.0,In Person,2014
1842,ASIA6514,"Honour, Humiliation and Revenge",,Postgraduate,6.0,In Person,2014
1843,MUSI4407,Honours Music Professional Practice Project 1,First Semester/Second Semester,Undergraduate,6.0,In Person,2014
1844,MUSI4409,Honours Music Research Project 1,First Semester/Second Semester,Undergraduate,6.0,In Person,2014
1845,LAWS3202,Honours Thesis,First Semester/Second Semester,Undergraduate,12.0,In Person,2014
1846,MMIB4004P,Honours in Business,First Semester/Second Semester,Undergraduate,12.0,In Person,2014
1847,MMIB4004F,Honours in Business,First Semester/Second Semester,Undergraduate,12.0,In Person,2014
1848,ARTV4200P,Honours in Visual Arts,First Semester/Second Semester,Undergraduate,12.0,In Person,2014
1849,ARTV4200F,Honours in Visual Arts,First Semester/Second Semester,Undergraduate,12.0,In Person,2014
1850,HIST2233,How the Camera Changed History: A century of photography and cinema,First Semester,Undergraduate,6.0,In Person,2014
1851,HIST6233,How the Camera Changed History: A century of photography and cinema,First Semester,Postgraduate,6.0,In Person,2014
1852,BIOL1008,Human Biology,Second Semester,Undergraduate,6.0,In Person,2014
1853,COMP3900,Human Computer Interface Design and Evaluation,Second Semester,Undergraduate,6.0,In Person,2014
1854,ENVS2011,Human Ecology,First Semester,Undergraduate,6.0,In Person,2014
1855,ENVS6020,Human Ecology,First Semester,Postgraduate,6.0,In Person,2014
1856,ENVS4025P,Human Ecology IV Honours (S),First Semester/Second Semester,Undergraduate,12.0,In Person,2014
1857,ENVS4025F,Human Ecology IV Honours (S),First Semester/Second Semester,Undergraduate,12.0,In Person,2014
1858,BIAN3113,Human Evolution,First Semester,Undergraduate,6.0,In Person,2014
1859,BIAN6013,Human Evolution,First Semester,Postgraduate,6.0,In Person,2014
1860,ENVS3021,Human Futures,Second Semester,Undergraduate,6.0,In Person,2014
1861,ENVS6306,Human Futures,Second Semester,Postgraduate,6.0,In Person,2014
1862,BIOL6204,Human Genetics,First Semester,Postgraduate,6.0,In Person,2014
1863,BIOL3204,Human Genetics,First Semester,Undergraduate,6.0,In Person,2014
1864,POPH8318,"Human Health, Environment and Climate Change",First Semester,Postgraduate,6.0,In Person,2014
1865,BIOL6001,Human Physiology,First Semester,Postgraduate,6.0,In Person,2014
1866,BIOL2103,Human Physiology,First Semester,Undergraduate,6.0,In Person,2014
1867,MGMT2030,Human Resource Management and Strategy,First Semester,Undergraduate,6.0,In Person,2014
1868,LAWS2220,Human Rights Law in Australia,First Semester,Undergraduate,6.0,In Person,2014
1869,LAWS8155,Human Rights Litigation,Second Semester,Postgraduate,6.0,Online,2014
1870,POLS8036,Human Rights and Human Responsibility,,Postgraduate,6.0,In Person,2014
1871,HUMN8023,Human Rights and Humanitarian Law,Winter Session,Postgraduate,6.0,In Person,2014
1872,HIST2238,Human Rights in History,,Undergraduate,6.0,In Person,2014
1873,POLS2113,Human Rights in International Relations,First Semester,Undergraduate,6.0,In Person,2014
1874,POLS8023,Human Rights in International Relations: Theory and Practice,,Postgraduate,6.0,In Person,2014
1875,ASIA2081,Human Rights in Southeast Asia,,Undergraduate,6.0,In Person,2014
1876,ASIA6081,Human Rights in Southeast Asia,,Postgraduate,6.0,In Person,2014
1877,INTR8073,Human Security,,Postgraduate,6.0,In Person,2014
1878,ASIA2047,"Human Security: Conflict, Displacement and Peace Building",,Undergraduate,6.0,In Person,2014
1879,ASIA6047,"Human Security: Conflict, Displacement and Peace Building",,Postgraduate,6.0,In Person,2014
1880,BIAN2015,Human Skeletal Analysis,First Semester,Undergraduate,6.0,In Person,2014
1881,BIAN6517,Human Skeletal Analysis,First Semester,Postgraduate,6.0,In Person,2014
1882,BIAN3124,"Human Society as Animal Society: Sex, Conflict, Co-operation and Human Uniqueness",,Undergraduate,6.0,In Person,2014
1883,BIAN6124,"Human Society as Animal Society: Sex, Conflict, Co-operation and Human Uniqueness",,Postgraduate,6.0,In Person,2014
1884,HIST6133,"Human Variations and Racism in Western Culture, c. 1450-1950",,Postgraduate,6.0,In Person,2014
1885,HIST2133,"Human Variations and Racism in Western Culture, c. 1450-1950",,Undergraduate,6.0,In Person,2014
1886,ANTH8054,Humanitarian Action,Second Semester,Postgraduate,12.0,Online or In Person,2014
1887,INTR8062,Humanitarianism in World Politics,First Semester,Postgraduate,6.0,In Person,2014
1888,HUMN8900F,"Humanities, RSH&A",,Research,1.0,In Person,2014
1889,HUMN8900P,"Humanities, RSH&A",,Research,1.0,In Person,2014
1890,HUMN9000F,"Humanities, RSH&A",,Research,1.0,In Person,2014
1891,HUMN9000P,"Humanities, RSH&A",,Research,1.0,In Person,2014
1892,ENVS2020,Hydrology and Landforms for Natural Resource Management,First Semester,Undergraduate,6.0,In Person,2014
1893,ENVS6022,Hydrology and Landforms for Natural Resource Management,First Semester,Postgraduate,6.0,In Person,2014
1894,EXCH2305,IARU Global Summer Program,Winter Session,Undergraduate,0.0,In Person,2014
1895,COMP7310,ICT Sustainability,First Semester,Postgraduate,6.0,Online,2014
1896,MEDI3004,IMU Clinical Experience Bridging Course,Summer Session,Undergraduate,3.0,In Person,2014
1897,POGO8107,IT Management For NGOS and The Public Sector in Developing C ountries,,Postgraduate,6.0,In Person,2014
1898,PASI8007,Ideas and Issues in Pacific Politics,,Postgraduate,6.0,In Person,2014
1899,POLS2121,Ideas in Australian Politics,Second Semester,Undergraduate,6.0,In Person,2014
1900,POLS2119,Ideas in Politics,First Semester,Undergraduate,6.0,In Person,2014
1901,SOCY3022,"Identity, Difference and Ethnicity",,Undergraduate,6.0,In Person,2014
1902,FREN2014,Ideological Issues Under the Fifth Republic,,Undergraduate,6.0,In Person,2014
1903,ARTV1021,Image and Object,First Semester/Second Semester,Undergraduate,6.0,In Person,2014
1904,GERM3047,Images of 20th Century German Culture,,Undergraduate,6.0,In Person,2014
1905,GERM6509,Images of 20th Century German Culture,,Postgraduate,6.0,In Person,2014
1906,EMSC8015,Imaging Earth Structure,,Postgraduate,6.0,In Person,2014
1907,SOCY2053,Imagining the Future: The Social Origins of Utopias and Science Fiction,Second Semester,Undergraduate,6.0,In Person,2014
1908,HUMN3000,Immersive Cinema Experience,,Undergraduate,6.0,In Person,2014
1909,HUMN6000,Immersive Cinema Experience,,Postgraduate,6.0,In Person,2014
1910,POGO8053,Implementation and Service Delivery,,Postgraduate,6.0,In Person,2014
1911,POGO8085,Implementing Social Policy,Winter Session,Postgraduate,6.0,In Person,2014
1912,ARCH2600,In the footprints of Siddartha: The Archaeology of Buddhism,,Undergraduate,6.0,In Person,2014
1913,JPNS6525,In-country Japanese course,Summer Session,Postgraduate,12.0,In Person,2014
1914,JPNS2525,In-country Japanese course,Summer Session,Undergraduate,12.0,In Person,2014
1915,LAWS2221,Income Tax,Second Semester,Undergraduate,6.0,In Person,2014
1916,ENVS8049,Independent Research Project,First Semester/Second Semester,Postgraduate,6.0,In Person,2014
1917,ENVS3010,Independent Research Project,First Semester/Second Semester,Undergraduate,6.0,In Person,2014
1918,ASIA2075,India Arriving: Security & International Relations in South Asia,,Undergraduate,6.0,In Person,2014
1919,ASIA6075,India Arriving: Security and International Relations in South Asia,,Postgraduate,6.0,In Person,2014
1920,ASIA2061,India and 'Modernity': concepts and issues in South Asia from the 18th to the 21st centuries,,Undergraduate,6.0,In Person,2014
1921,ASIA2270,India in the Age of Asian Empires,First Semester,Undergraduate,6.0,In Person,2014
1922,ASIA6270,India in the Age of Asian Empires,First Semester,Postgraduate,6.0,In Person,2014
1923,ASIA2267,India: The Emerging Giant,,Undergraduate,6.0,In Person,2014
1924,ASIA6267,India: The Emerging Giant,,Postgraduate,6.0,In Person,2014
1925,ASIA2062,Indian Epics,,Undergraduate,6.0,In Person,2014
1926,ASIA6062,Indian Epics,,Postgraduate,6.0,In Person,2014
1927,INTR2014,Indian Foreign and Security Policy,Second Semester,Undergraduate,6.0,In Person,2014
1928,HIST6022,Indigenous Australian History,,Postgraduate,6.0,Online or In Person,2014
1929,HIST2022,Indigenous Australian History,,Undergraduate,6.0,In Person,2014
1930,ANTH6005,Indigenous Australian Societies and Culture,First Semester,Postgraduate,6.0,In Person,2014
1931,ANTH2005,Indigenous Australian Societies and Cultures,First Semester,Undergraduate,6.0,In Person,2014
1932,ARTV2021,Indigenous Australian Visual Culture,,Undergraduate,6.0,In Person,2014
1933,ANTH2017,Indigenous Australians and Australian Society Today,Second Semester,Undergraduate,6.0,In Person,2014
1934,ANTH6017,Indigenous Australians and Australian Society Today,Second Semester,Postgraduate,6.0,In Person,2014
1935,LAWS2238,Indigenous Australians and the Law,Second Semester,Undergraduate,6.0,In Person,2014
1936,MUSC8006,Indigenous Collections and Exhibitions,Winter Session,Postgraduate,6.0,In Person,2014
1937,LAWS4278,Indigenous Community Legal Clinic,,Undergraduate,6.0,In Person,2014
1938,ENVS2025,Indigenous Cultural and Natural Resource Management,,Undergraduate,6.0,In Person,2014
1939,MUSI2213,Indigenous Music and Media,Autumn Session/Winter Session,Undergraduate,6.0,In Person,2014
1940,INDG3002,Indigenous Peoples and Development,Winter Session,Undergraduate,6.0,In Person,2014
1941,INDG1001,"Indigenous Peoples, Populations and Communities",First Semester,Undergraduate,6.0,In Person,2014
1942,DEMO8043,Indirect Estimation Methods,,Postgraduate,6.0,In Person,2014
1943,ENGN4200,Individual Project,Summer Session/First Semester/Second Semester,Undergraduate,6.0,In Person,2014
1944,MUSM4117B,Individual Research Honours (Part B),First Semester/Second Semester,Undergraduate,12.0,In Person,2014
1945,ARTV2034,Individual Research Unit,First Semester/Second Semester,Undergraduate,6.0,In Person,2014
1946,ASIA3028,"Indonesia 1940-1950: War, revolution, diplomacy",,Undergraduate,6.0,In Person,2014
1947,ASIA6028,"Indonesia 1940-1950: War, revolution, diplomacy",,Postgraduate,6.0,In Person,2014
1948,ANTH3016,Indonesia Field School Extension,Winter Session,Undergraduate,6.0,Online or In Person,2014
1949,ANTH3014,Indonesia Field School: Contemporary Change in Indonesia,Autumn Session,Undergraduate,6.0,In Person,2014
1950,ASIA6069,"Indonesia Regions: Politics, Society, Economy",Second Semester,Postgraduate,6.0,In Person,2014
1951,ASIA2069,"Indonesia's Regions: Politics, Society, Economy",Second Semester,Undergraduate,6.0,In Person,2014
1952,ASIA2517,"Indonesia: Language, Media, and Arts in Social Change",First Semester,Undergraduate,6.0,In Person,2014
1953,ASIA6517,"Indonesia: Language, Media, and Arts in Social Change",First Semester,Postgraduate,6.0,In Person,2014
1954,ASIA2516,"Indonesia: Politics, Society and Development",First Semester,Undergraduate,6.0,In Person,2014
1955,ASIA6516,"Indonesia:Politics, Society and Development",First Semester,Postgraduate,6.0,In Person,2014
1956,INDN6102,Indonesian 1A,First Semester,Postgraduate,6.0,In Person,2014
1957,INDN1002,Indonesian 1A,First Semester,Undergraduate,6.0,In Person,2014
1958,INDN6105,Indonesian 1A: In-Country,Summer Session/Winter Session,Postgraduate,6.0,In Person,2014
1959,INDN1005,Indonesian 1A: In-Country,Summer Session/Winter Session,Undergraduate,6.0,In Person,2014
1960,INDN1003,Indonesian 1B,Second Semester,Undergraduate,6.0,In Person,2014
1961,INDN6103,Indonesian 1B,Second Semester,Postgraduate,6.0,In Person,2014
1962,INDN6106,Indonesian 1B: In-Country,Summer Session/Winter Session,Postgraduate,6.0,In Person,2014
1963,INDN1006,Indonesian 1B: In-Country,Summer Session/Winter Session,Undergraduate,6.0,In Person,2014
1964,INDN6002,Indonesian 2A,First Semester,Postgraduate,6.0,In Person,2014
1965,INDN2002,Indonesian 2A,First Semester,Undergraduate,6.0,In Person,2014
1966,INDN6204,Indonesian 2A: In-Country,Summer Session/Winter Session,Postgraduate,6.0,In Person,2014
1967,INDN2004,Indonesian 2A: In-Country,Summer Session/Winter Session,Undergraduate,6.0,In Person,2014
1968,INDN2003,Indonesian 2B,Second Semester,Undergraduate,6.0,In Person,2014
1969,INDN6003,Indonesian 2B,Second Semester,Postgraduate,6.0,In Person,2014
1970,INDN2006,Indonesian 2B: In-Country,Summer Session/Winter Session,Undergraduate,6.0,In Person,2014
1971,INDN6205,Indonesian 2B: In-Country,Summer Session/Winter Session,Postgraduate,6.0,In Person,2014
1972,INDN3002,Indonesian 3A,First Semester,Undergraduate,6.0,In Person,2014
1973,INDN6502,Indonesian 3A,First Semester,Postgraduate,6.0,In Person,2014
1974,INDN6012,Indonesian 3A: In-Country,,Postgraduate,6.0,In Person,2014
1975,INDN3003,Indonesian 3B,Second Semester,Undergraduate,6.0,In Person,2014
1976,INDN6503,Indonesian 3B,Second Semester,Postgraduate,6.0,In Person,2014
1977,INDN6013,Indonesian 3B: In-Country,,Postgraduate,6.0,In Person,2014
1978,INDN8001,Indonesian Refresher A,,Postgraduate,3.0,In Person,2014
1979,INDN8002,Indonesian Refresher B,,Postgraduate,3.0,In Person,2014
1980,INDN8003,Indonesian Refresher C,,Postgraduate,3.0,In Person,2014
1981,INDN8004,Indonesian Refresher D,,Postgraduate,3.0,In Person,2014
1982,IDEC8005,Indonesian Research Project,,Postgraduate,24.0,In Person,2014
1983,IDEC8006,Indonesian Research Project,,Postgraduate,12.0,In Person,2014
1984,COMP4800,Industrial Experience,First Semester/Second Semester,Undergraduate,0.0,In Person,2014
1985,ECON8038,Industrial Organisation,First Semester,Postgraduate,6.0,In Person,2014
1986,ECON3157,Industrial Organisation(H),First Semester,Undergraduate,6.0,In Person,2014
1987,ECON3057,Industrial Organisation(P),First Semester,Undergraduate,6.0,In Person,2014
1988,PSYC3028,Industrial and Organisational Psychology,Second Semester,Undergraduate,6.0,In Person,2014
1989,BIOL3141,Infection and Immunity,First Semester,Undergraduate,6.0,In Person,2014
1990,BIOL6141,Infection and Immunity,First Semester,Postgraduate,6.0,In Person,2014
1991,LAWS2278,Information Law,Second Semester,Undergraduate,6.0,In Person,2014
1992,INFS2024,Information Systems Analysis,First Semester,Undergraduate,6.0,In Person,2014
1993,INFS7007,Information Systems Analysis and Modelling,First Semester,Postgraduate,6.0,In Person,2014
1994,INFS8005,Information Systems Development Methodologies,,Postgraduate,6.0,In Person,2014
1995,INFS3024,Information Systems Management,First Semester,Undergraduate,6.0,In Person,2014
1996,INFS8205,Information Systems Strategy and Management,First Semester,Postgraduate,6.0,In Person,2014
1997,INFT4005F,Information Technology IV Honours(S),First Semester/Second Semester,Undergraduate,12.0,In Person,2014
1998,INFT4005P,Information Technology IV Honours(S),First Semester/Second Semester,Undergraduate,12.0,In Person,2014
1999,LAWS2245,Information Technology Law,First Semester,Undergraduate,6.0,In Person,2014
2000,ENGN8534,Information Theory,Second Semester,Postgraduate,6.0,In Person,2014
2001,COMP2610,Information Theory,Second Semester,Undergraduate,6.0,In Person,2014
2002,COMP6261,Information Theory,Second Semester,Postgraduate,6.0,In Person,2014
2003,COMP8780,Information and Human Centered Computing Project,First Semester/Second Semester,Postgraduate,12.0,In Person,2014
2004,POGO8218,Infrastructure Business Strategy,,Postgraduate,6.0,In Person,2014
2005,POGO8298,Infrastructure Finance,,Postgraduate,6.0,In Person,2014
2006,POGO8207,Infrastructure Operations,,Postgraduate,6.0,In Person,2014
2007,POGO8018,Infrastructure Provision,,Postgraduate,6.0,In Person,2014
2008,IDEC8027,Infrastructure Regulation Economics and Policy,Second Semester,Postgraduate,6.0,In Person,2014
2009,POGO8206,Infrastructure Systems Management,,Postgraduate,6.0,In Person,2014
2010,MGMT7165,Innovation and Commercialisation,Summer Session/First Semester/Autumn Session/Spring Session,Postgraduate,6.0,In Person,2014
2011,POGO8209,Innovation and Technology in the Infrastructure Sector,,Postgraduate,6.0,In Person,2014
2012,BUSI8240,Innovation in Services,,Postgraduate,3.0,In Person,2014
2013,POGO8052,Institutional Design and Organisational Development,,Postgraduate,6.0,In Person,2014
2014,STST8027,Insurgency & Counterinsurgency in an Age of Terror,Winter Session,Postgraduate,6.0,In Person,2014
2015,MGMT7184,Integrated Business Project Part A: Entrepreneurship and  New Venture Planning,Second Semester,Postgraduate,6.0,In Person,2014
2016,MGMT8242,Integrated Business Project Part B: Application,First Semester,Postgraduate,6.0,In Person,2014
2017,LAWS2222,Intellectual Property,First Semester,Undergraduate,6.0,In Person,2014
2018,STST8021,Intelligence and Security,Second Semester,Postgraduate,6.0,In Person,2014
2019,POGO8110,Inter Governmental Relations and Local Economic Development,,Postgraduate,6.0,In Person,2014
2020,ARTV1603,Interactive Digital Environments: Creative Possibilities,,Undergraduate,6.0,In Person,2014
2021,ARTV1604,"Interactive Digital Environments: Creative Projects,  Research and Development",,Undergraduate,6.0,In Person,2014
2022,HUMN8001,"Interdisciplinary Humanities Research: Methods, Theories and Skills",First Semester,Postgraduate,6.0,In Person,2014
2023,SOCY8004,"Interest Groups, Advocacy and Public Policy",,Postgraduate,6.0,In Person,2014
2024,GREK2101,Intermediate Ancient Greek,First Semester,Undergraduate,6.0,In Person,2014
2025,GREK6101,Intermediate Ancient Greek,First Semester,Postgraduate,6.0,In Person,2014
2026,ARAB2011,Intermediate Arabic A,First Semester,Undergraduate,6.0,In Person,2014
2027,ARAB6501,Intermediate Arabic A,First Semester,Postgraduate,6.0,In Person,2014
2028,ARAB2012,Intermediate Arabic B,Second Semester,Undergraduate,6.0,In Person,2014
2029,ARAB6502,Intermediate Arabic B,Second Semester,Postgraduate,6.0,In Person,2014
2030,FREN6505,Intermediate French I,First Semester,Postgraduate,6.0,In Person,2014
2031,FREN3006,Intermediate French I,First Semester,Undergraduate,6.0,In Person,2014
2032,FREN6506,Intermediate French II,Second Semester,Postgraduate,6.0,In Person,2014
2033,FREN3007,Intermediate French II,Second Semester,Undergraduate,6.0,In Person,2014
2034,LATN2101,Intermediate Latin,First Semester,Undergraduate,6.0,In Person,2014
2035,LATN6101,Intermediate Latin,First Semester,Postgraduate,6.0,In Person,2014
2036,PERS8003,Intermediate Persian A,First Semester,Postgraduate,6.0,In Person,2014
2037,PERS6004,Intermediate Persian B,Second Semester,Postgraduate,6.0,In Person,2014
2038,SPAN6507,Intermediate Spanish I,First Semester,Postgraduate,6.0,In Person,2014
2039,SPAN3001,Intermediate Spanish I,First Semester,Undergraduate,6.0,In Person,2014
2040,SPAN6508,Intermediate Spanish II,Second Semester,Postgraduate,6.0,In Person,2014
2041,SPAN3012,Intermediate Spanish II (Language and Culture),Second Semester,Undergraduate,6.0,In Person,2014
2042,SPAN3022,Intermediate Spanish II (Language and Linguistics),,Undergraduate,6.0,In Person,2014
2043,TURK2001,Intermediate Turkish A,,Undergraduate,6.0,In Person,2014
2044,TURK6503,Intermediate Turkish A,,Postgraduate,6.0,In Person,2014
2045,TURK2002,Intermediate Turkish B,,Undergraduate,6.0,In Person,2014
2046,TURK6504,Intermediate Turkish B,,Postgraduate,6.0,In Person,2014
2047,GRAD7911,Intermediate Writing for Government,,Postgraduate,3.0,In Person,2014
2048,PERS2003,Intermediate_Persian A,First Semester,Undergraduate,6.0,In Person,2014
2049,PERS2004,Intermediate_Persian B,Second Semester,Undergraduate,6.0,In Person,2014
2050,STST2002,Internal security issues in the Asia-Pacific,Second Semester,Undergraduate,6.0,In Person,2014
2051,LAWS8107,International Air and Space Law,,Postgraduate,6.0,In Person,2014
2052,LAWS2266,International Arbitration and Negotiation Moot Competition in Japan,,Undergraduate,6.0,In Person,2014
2053,ARCH2059,International Archaeological Field School,Summer Session,Undergraduate,6.0,In Person,2014
2054,ARCH2060,International Archaeological Field School Extension,First Semester,Undergraduate,6.0,In Person,2014
2055,BUSI2025,International Business,Summer Session/Second Semester,Undergraduate,6.0,In Person,2014
2056,BUSI7152,International Business Negotiation,,Postgraduate,6.0,In Person,2014
2057,BUSI7110,International Business Strategy,,Postgraduate,6.0,In Person,2014
2058,LAWS8277,International Business Transactions,,Postgraduate,6.0,In Person,2014
2059,CRWF8006,International Climate Change Policy and Economics,Second Semester,Postgraduate,6.0,Online,2014
2060,LAWS8180,International Climate Law,Summer Session,Postgraduate,6.0,In Person,2014
2061,LAWS8566,International Criminal Law,Autumn Session,Postgraduate,6.0,In Person,2014
2062,LAWS2252,International Criminal Law,,Undergraduate,6.0,In Person,2014
2063,POGO8001,International Dimensions of Public Administration,,Postgraduate,6.0,In Person,2014
2064,LAWS8567,International Dispute Resolution,Autumn Session,Postgraduate,6.0,In Person,2014
2065,LAWS2223,International Dispute Resolution,,Undergraduate,6.0,In Person,2014
2066,ECON3103,International Economics,First Semester,Undergraduate,6.0,In Person,2014
2067,ECON8015,International Economics,First Semester,Postgraduate,6.0,In Person,2014
2068,ECON3013,International Economics (H),First Semester,Undergraduate,6.0,In Person,2014
2069,LAWS2253,International Environmental Law,,Undergraduate,6.0,In Person,2014
2070,ENVS3033,International Environmental Policy,Summer Session,Undergraduate,6.0,In Person,2014
2071,ENVS3038,International Environmental Policy,,Undergraduate,6.0,In Person,2014
2072,ENVS6033,International Environmental Policy,Summer Session,Postgraduate,6.0,In Person,2014
2073,ENVS6038,International Environmental Policy,,Postgraduate,6.0,In Person,2014
2074,FINM7024,International Finance Concepts,,Postgraduate,3.0,In Person,2014
2075,LAWS8032,International Financial Institutions and Development,Winter Session,Postgraduate,6.0,In Person,2014
2076,POGO8087,International Financial Institutions and Economic Governance,,Postgraduate,6.0,In Person,2014
2077,FINM3002,International Financial Management,,Undergraduate,6.0,In Person,2014
2078,MGMT3025,International Human Resource Management,First Semester,Undergraduate,6.0,In Person,2014
2079,LAWS8234,International Human Rights Law,Winter Session,Postgraduate,6.0,In Person,2014
2080,LAWS8268,International Humanitarian Law,Winter Session,Postgraduate,6.0,In Person,2014
2081,LAWS8136,International Intellectual Property Law,,Postgraduate,6.0,In Person,2014
2082,LAWS8177,International Internship,First Semester/Second Semester,Postgraduate,24.0,In Person,2014
2083,LAWS2250,International Law,Second Semester,Undergraduate,6.0,In Person,2014
2084,LAWS6250,International Law,Second Semester,Postgraduate,6.0,In Person,2014
2085,LAWS8297,International Law and Australian Government,,Postgraduate,6.0,In Person,2014
2086,STST8107,International Law and Operations,Winter Session,Postgraduate,6.0,In Person,2014
2087,LAWS8023,International Law and United Nations Peace Operations,Winter Session,Postgraduate,6.0,In Person,2014
2088,LAWS8178,International Law and Use of Force,Autumn Session,Postgraduate,6.0,In Person,2014
2089,LAWS2225,International Law of Human Rights,First Semester,Undergraduate,6.0,In Person,2014
2090,LAWS8264,International Law of The Environment,Spring Session,Postgraduate,6.0,In Person,2014
2091,LAWS8229,International Law of World Trade,Autumn Session,Postgraduate,6.0,In Person,2014
2092,LAWS6224,International Law of the Sea,First Semester,Postgraduate,6.0,In Person,2014
2093,LAWS2224,International Law of the Sea,First Semester,Undergraduate,6.0,In Person,2014
2094,BUSI7033,International Management,First Semester,Postgraduate,6.0,In Person,2014
2095,BUSI3024,International Marketing,Second Semester,Undergraduate,6.0,In Person,2014
2096,DEMO8047,International Migration,,Postgraduate,6.0,In Person,2014
2097,CHMD8016,International Migration of Health Workers: Sociological and Ethical Aspects,,Postgraduate,3.0,In Person,2014
2098,ECON3021,International Monetary Economics,,Undergraduate,6.0,In Person,2014
2099,ECON8009,International Monetary Economics,,Postgraduate,6.0,In Person,2014
2100,LAWS2265,"International Mooting, Advocacy and Process",Second Semester,Undergraduate,6.0,In Person,2014
2101,POGO8115,International Negotiations,First Semester,Postgraduate,6.0,In Person,2014
2102,LAWS2258,International Organisations (Geneva),Summer Session,Undergraduate,6.0,In Person,2014
2103,LAWS6258,International Organisations (Geneva),Summer Session,Postgraduate,6.0,In Person,2014
2104,INTR8070,International Organization,Second Semester,Postgraduate,6.0,In Person,2014
2105,MGMT7065,International Perspectives on Human Resource Management,,Postgraduate,6.0,In Person,2014
2106,POGO8045,International Policy Making in the Shadow of the Future,First Semester,Postgraduate,6.0,In Person,2014
2107,CRWF8018,International Policy Studies and Placement,,Postgraduate,6.0,In Person,2014
2108,INTR8013,International Political Economy 1,Second Semester,Postgraduate,6.0,In Person,2014
2109,INTR8048,International Political Economy 2,Second Semester,Postgraduate,12.0,In Person,2014
2110,LAWS8252,International Refugee Law,Spring Session,Postgraduate,6.0,In Person,2014
2111,POLS4105F,International Relations IV Honours - Fulltime,First Semester/Second Semester,Undergraduate,12.0,In Person,2014
2112,POLS4105P,International Relations IV Honours - Fulltime,First Semester/Second Semester,Undergraduate,12.0,In Person,2014
2113,POLS3017,International Relations Theory,First Semester,Undergraduate,6.0,In Person,2014
2114,INTR8011,International Relations Theory,First Semester,Postgraduate,12.0,In Person,2014
2115,ASIA2017,International Relations in North East Asia,Second Semester,Undergraduate,6.0,In Person,2014
2116,ASIA6017,International Relations in NorthEast Asia,Second Semester,Postgraduate,6.0,In Person,2014
2117,INTR2010,International Relations in the Asia-Pacific,First Semester,Undergraduate,6.0,In Person,2014
2118,LAWS8179,International Security Law,Summer Session,Postgraduate,6.0,In Person,2014
2119,LAWS8025,International Security Law Research Project A,,Postgraduate,6.0,In Person,2014
2120,LAWS8026,International Security Law Research Project B,Second Semester,Postgraduate,12.0,In Person,2014
2121,STST2001,International Security issues in the Asia Pacific,First Semester,Undergraduate,6.0,In Person,2014
2122,BUSI3020,International Strategic Management,First Semester,Undergraduate,6.0,In Person,2014
2123,BUSI3030,International Supply Chain Management,Second Semester,Undergraduate,6.0,In Person,2014
2124,LAWS2226,International Trade Law,Second Semester,Undergraduate,6.0,In Person,2014
2125,ECON8006,International Trade Theory,Second Semester,Postgraduate,6.0,In Person,2014
2126,CRWF8003,International Water Politics,First Semester,Postgraduate,6.0,In Person,2014
2127,MUSC8004,Internship 1,Summer Session/First Semester/Autumn Session/Winter Session/Second Semester/Spring Session,Postgraduate,6.0,Online,2014
2128,MUSC8005,Internship 2,Summer Session/First Semester/Autumn Session/Winter Session/Second Semester/Spring Session,Postgraduate,6.0,Online,2014
2129,ARCH8036,Internship in Archaeological Science,Summer Session/First Semester/Autumn Session/Winter Session/Spring Session,Postgraduate,6.0,Online or In Person,2014
2130,STST8105,Intervention Operations,First Semester,Postgraduate,12.0,In Person,2014
2131,LAWS8153,Intro To Legal Reasoning and Research,,Postgraduate,6.0,In Person,2014
2132,ARTV2052,Introducing Asian Modernisms,,Undergraduate,6.0,In Person,2014
2133,STAT1031,Introduction to Actuarial Studies,,Undergraduate,6.0,In Person,2014
2134,COMP1130,Introduction to Advanced Computing I,First Semester,Undergraduate,6.0,In Person,2014
2135,COMP1140,Introduction to Advanced Computing II,Second Semester,Undergraduate,6.0,In Person,2014
2136,EMET7001,Introduction to Analysis of Economic Models and Data,Second Semester,Postgraduate,6.0,In Person,2014
2137,ANTH8105,Introduction to Anthropological Methods,Autumn Session,Postgraduate,6.0,In Person,2014
2138,ARCH8032,Introduction to Archaeological Science,First Semester,Postgraduate,12.0,Blended,2014
2139,ARTH1002,Introduction to Art History,First Semester,Undergraduate,6.0,In Person,2014
2140,ARTV1009,Introduction to Art and Design Theory A,First Semester,Undergraduate,6.0,In Person,2014
2141,ARTV1010,Introduction to Art and Design Theory B,Second Semester,Undergraduate,6.0,In Person,2014
2142,STST1001,Introduction to Asia-Pacific Security,First Semester,Undergraduate,6.0,In Person,2014
2143,ASIA2086,Introduction to Asian Religions,First Semester,Undergraduate,6.0,In Person,2014
2144,ANTH8046,Introduction to Australian Indigenous Development,Second Semester,Postgraduate,6.0,Online or In Person,2014
2145,ANTH8029,Introduction to Australian Indigenous Policy,First Semester,Postgraduate,6.0,Online or In Person,2014
2146,BURM1002,Introduction to Burmese,,Undergraduate,6.0,In Person,2014
2147,BURM6002,Introduction to Burmese,,Postgraduate,6.0,In Person,2014
2148,MEDI8202,Introduction to Clinical Governance,,Postgraduate,6.0,In Person,2014
2149,MEDI8113,Introduction to Clinical Practice,,Postgraduate,12.0,In Person,2014
2150,BUSN1101,Introduction to Commercial Law,Second Semester,Undergraduate,6.0,In Person,2014
2151,COMP6300,Introduction to Computer Systems,First Semester,Postgraduate,6.0,In Person,2014
2152,COMP2300,Introduction to Computer Systems,First Semester,Undergraduate,6.0,In Person,2014
2153,POGO6904,Introduction to Critical Reading and Writing,,Postgraduate,6.0,In Person,2014
2154,HUMN2051,Introduction to Cultural Heritage Management,,Undergraduate,6.0,In Person,2014
2155,ENGN1218,Introduction to Electronics,Second Semester,Undergraduate,6.0,In Person,2014
2156,ARCH6041,Introduction to Environmental Archaeology,,Postgraduate,6.0,In Person,2014
2157,ARCH2041,Introduction to Environmental Archaeology,,Undergraduate,6.0,In Person,2014
2158,EMDV8026,Introduction to Environmental Science,First Semester,Postgraduate,6.0,In Person,2014
2159,EMDV8078,Introduction to Environmental and Resource Economics,First Semester,Postgraduate,6.0,In Person,2014
2160,ENVS1003,Introduction to Environmental and Social Research,Second Semester,Undergraduate,6.0,In Person,2014
2161,ENVS6103,Introduction to Environmental and Social Research,Second Semester,Postgraduate,6.0,In Person,2014
2162,FILM1003,Introduction to Film Genres,,Undergraduate,6.0,In Person,2014
2163,FILM1002,Introduction to Film and New Media,First Semester,Undergraduate,6.0,In Person,2014
2164,MEDI8203,Introduction to Health Policy and Administration,First Semester,Postgraduate,6.0,In Person,2014
2165,HUMN2000,Introduction to Heritage and Museum Studies,Second Semester,Undergraduate,6.0,In Person,2014
2166,POGO8105,Introduction to Human Resource Management,,Postgraduate,6.0,In Person,2014
2167,ANTH8056,Introduction to Humanitarian Action,Second Semester,Postgraduate,6.0,Online or In Person,2014
2168,ANTH1004,Introduction to Indigenous Australian Studies,Second Semester,Undergraduate,6.0,In Person,2014
2169,ANTH8047,Introduction to Indigenous Environments,First Semester,Postgraduate,6.0,Online or In Person,2014
2170,POLS1006,Introduction to International Relations:  Contemporary Global Issues,Second Semester,Undergraduate,6.0,In Person,2014
2171,POLS1005,Introduction to International Relations: Foundations and Concepts,First Semester,Undergraduate,6.0,In Person,2014
2172,LAWS8001,"Introduction to Law, Governance and Development",Autumn Session,Postgraduate,6.0,In Person,2014
2173,STAT8004,Introduction to Linear Models,,Postgraduate,6.0,In Person,2014
2174,ENGL2009,Introduction to Literary Theory,Second Semester,Undergraduate,6.0,In Person,2014
2175,DEMO8083,Introduction to Longitudinal Methods,,Postgraduate,6.0,In Person,2014
2176,POGO8295,Introduction to Marketing Utilities,,Postgraduate,6.0,In Person,2014
2177,ENGN1217,Introduction to Mechanics,Second Semester,Undergraduate,6.0,In Person,2014
2178,ARTH1003,Introduction to Modern and Contemporary Art,Second Semester,Undergraduate,6.0,In Person,2014
2179,EMSC8706,Introduction to Natural Hazards,,Postgraduate,6.0,In Person,2014
2180,PREP1004,Introduction to Philosophy,Summer Session/First Semester/Second Semester,Undergraduate,6.0,In Person,2014
2181,POGO8049,Introduction to Planning and Policy,Second Semester,Postgraduate,6.0,In Person,2014
2182,POLS1002,Introduction to Politics,First Semester,Undergraduate,6.0,In Person,2014
2183,ASGS1021,Introduction to Politics and Economics,First Semester,Undergraduate,6.0,In Person,2014
2184,MEDN8002,Introduction to Principles and Practice of Clinical Research,Spring Session,Postgraduate,6.0,In Person,2014
2185,MEDI8112,Introduction to Professional Development,,Postgraduate,6.0,In Person,2014
2186,COMP1100,Introduction to Programming and Algorithms,First Semester,Undergraduate,6.0,In Person,2014
2187,PREP1005,Introduction to Psychology,Summer Session/First Semester/Second Semester,Undergraduate,6.0,In Person,2014
2188,SOCY2038,Introduction to Quantitative Research Methods,First Semester,Undergraduate,6.0,In Person,2014
2189,HUMN8016,Introduction to Rock Art Research: community consultation and documentation,,Postgraduate,6.0,In Person,2014
2190,ANTH8028,Introduction to Social Impact Studies,Second Semester,Postgraduate,6.0,Online or In Person,2014
2191,SOCY1004,Introduction to Social Psychology,Second Semester,Undergraduate,6.0,In Person,2014
2192,COMP1510,Introduction to Software Engineering,Second Semester,Undergraduate,6.0,In Person,2014
2193,COMP1110,Introduction to Software Systems,Second Semester,Undergraduate,6.0,In Person,2014
2194,COMP6710,Introduction to Software Systems,Second Semester,Postgraduate,6.0,In Person,2014
2195,INDN3107,"Introduction to Southeast Asian Performing Arts: Performance, Genres and Intercultural Translation",,Undergraduate,6.0,In Person,2014
2196,SPAN1001,Introduction to Spanish I,First Semester,Undergraduate,6.0,In Person,2014
2197,SPAN6501,Introduction to Spanish I,First Semester,Postgraduate,6.0,In Person,2014
2198,SPAN6502,Introduction to Spanish II,Second Semester,Postgraduate,6.0,In Person,2014
2199,SPAN1002,Introduction to Spanish II,Second Semester,Undergraduate,6.0,In Person,2014
2200,COMP4670,Introduction to Statistical Machine Learning,First Semester,Undergraduate,6.0,In Person,2014
2201,COMP8600,Introduction to Statistical Machine Learning,First Semester,Postgraduate,6.0,In Person,2014
2202,EMSC2012,Introduction to Structural and Field Geology,First Semester,Undergraduate,6.0,In Person,2014
2203,EMSC6031,Introduction to Structural and Field Geology,First Semester,Postgraduate,6.0,In Person,2014
2204,LING6003,Introduction to Syntax,Second Semester,Postgraduate,6.0,Blended,2014
2205,LING2003,Introduction to Syntax,Second Semester,Undergraduate,6.0,In Person,2014
2206,ENGN8100,Introduction to Systems Engineering,First Semester,Postgraduate,6.0,In Person,2014
2207,ANTH3015,Introduction to Visual Anthropology,,Undergraduate,6.0,In Person,2014
2208,GRAD7910,Introduction to Writing for Government,,Postgraduate,3.0,In Person,2014
2209,ASGS1007,Introduction to the Australian Economy,,Undergraduate,6.0,In Person,2014
2210,POGO6902,Introduction to the Economic Way of Thinking,,Postgraduate,6.0,In Person,2014
2211,MEAS1001,Introduction to the Modern Middle East,First Semester,Undergraduate,6.0,In Person,2014
2212,LING6001,Introduction to the Study of Language,First Semester,Postgraduate,6.0,Blended,2014
2213,LING1001,Introduction to the Study of Language,First Semester,Undergraduate,6.0,In Person,2014
2214,ARAB1002,Introductory Arabic A,First Semester,Undergraduate,6.0,In Person,2014
2215,ARAB6102,Introductory Arabic A,First Semester,Postgraduate,6.0,In Person,2014
2216,ARAB1003,Introductory Arabic B,Second Semester,Undergraduate,6.0,In Person,2014
2217,ARAB6103,Introductory Arabic B,Second Semester,Postgraduate,6.0,In Person,2014
2218,ARAB3003,Introductory Course to Arabic Linguistics,,Undergraduate,6.0,In Person,2014
2219,ARAB6505,Introductory Course to Arabic Linguistics,,Postgraduate,6.0,In Person,2014
2220,ARAB6507,Introductory Course to Arabic Literature,,Postgraduate,6.0,In Person,2014
2221,ARAB3005,Introductory Course to Arabic Literature,,Undergraduate,6.0,In Person,2014
2222,FREN6501,Introductory French I,First Semester,Postgraduate,6.0,In Person,2014
2223,FREN1003,Introductory French I,First Semester,Undergraduate,6.0,In Person,2014
2224,FREN1004,Introductory French II,Second Semester,Undergraduate,6.0,In Person,2014
2225,FREN6502,Introductory French II,Second Semester,Postgraduate,6.0,In Person,2014
2226,BIOL2176,Introductory Human Anatomy,Second Semester,Undergraduate,6.0,In Person,2014
2227,STAT2001,Introductory Mathematical Statistics,First Semester/Second Semester,Undergraduate,6.0,In Person,2014
2228,IDEC6904,Introductory Mathematics for Economists,,Postgraduate,6.0,In Person,2014
2229,PERS1001,Introductory Persian A,First Semester,Undergraduate,6.0,In Person,2014
2230,PERS6001,Introductory Persian A,First Semester,Postgraduate,6.0,In Person,2014
2231,PERS6002,Introductory Persian B,Second Semester,Postgraduate,6.0,In Person,2014
2232,PERS1002,Introductory Persian B,Second Semester,Undergraduate,6.0,In Person,2014
2233,ASGS1006,Introductory Politics,,Undergraduate,6.0,In Person,2014
2234,PORT1001,Introductory Portuguese I,Second Semester,Undergraduate,6.0,In Person,2014
2235,PORT6501,Introductory Portuguese I,Second Semester,Postgraduate,6.0,In Person,2014
2236,PORT1002,Introductory Portuguese II,First Semester,Undergraduate,6.0,In Person,2014
2237,PORT6502,Introductory Portuguese II,First Semester,Postgraduate,6.0,In Person,2014
2238,COMP6700,Introductory Programming,First Semester,Postgraduate,6.0,In Person,2014
2239,SKRT2201,Introductory Spoken Sanskrit,,Undergraduate,6.0,In Person,2014
2240,SKRT6201,Introductory Spoken Sanskrit,,Postgraduate,6.0,In Person,2014
2241,STAT7055,Introductory Statistics for Business and Finance,First Semester/Second Semester,Postgraduate,6.0,In Person,2014
2242,BIOL2113,Invertebrate Zoology,First Semester,Undergraduate,6.0,In Person,2014
2243,BIOL6113,Invertebrate Zoology,First Semester,Postgraduate,6.0,In Person,2014
2244,LAWS8174,"Investigations, Inquiries and Inquisitorial Processes",,Postgraduate,6.0,In Person,2014
2245,BUSI8045,Investment Decision Making,,Postgraduate,6.0,In Person,2014
2246,ENGN3211,Investment Decisions and Financial Systems,,Undergraduate,6.0,In Person,2014
2247,FINM2003,Investments,First Semester/Second Semester,Undergraduate,6.0,In Person,2014
2248,MEAS2000,Iranian History and Culture,First Semester,Undergraduate,6.0,In Person,2014
2249,MEAS1002,Islam : History and Institutions,Second Semester,Undergraduate,6.0,In Person,2014
2250,MEAS8119,Islam In Turkey,,Postgraduate,6.0,In Person,2014
2251,MEAS8116,Islam and Democracy,Second Semester,Postgraduate,6.0,In Person,2014
2252,MEAS8118,Islam in Australia,,Postgraduate,6.0,In Person,2014
2253,MEAS8117,Islam in Central Asia,First Semester,Postgraduate,6.0,In Person,2014
2254,ASIA3164,Islam in South Asia: celebrating diversity and exploring issues,,Undergraduate,6.0,In Person,2014
2255,ASIA6165,Islam in Southeast Asia,,Postgraduate,6.0,In Person,2014
2256,ASIA2165,Islam in Southeast Asia,,Undergraduate,6.0,In Person,2014
2257,MEAS8115,Islam in World Politics,Second Semester,Postgraduate,6.0,In Person,2014
2258,MEAS8120,"Islam, Faith and Community",,Postgraduate,6.0,In Person,2014
2259,MEAS8111,"Islam, the West and International Terrorism",Second Semester,Postgraduate,6.0,In Person,2014
2260,MEAS8102,Islamic Radicalism,Second Semester,Postgraduate,6.0,In Person,2014
2261,ENVS6205,Island Sustainable Development: Fiji Field School,Winter Session,Postgraduate,6.0,In Person,2014
2262,ENVS2005,Island Sustainable Development: Fiji Field School,Winter Session,Undergraduate,6.0,In Person,2014
2263,ANTH8020,Issues in Anthropology,,Postgraduate,6.0,In Person,2014
2264,POPH8914,Issues in Applied Epidemiology,,Research,6.0,In Person,2014
2265,POPH8314,Issues in Applied Epidemiology,First Semester,Postgraduate,6.0,In Person,2014
2266,IDEC8030,Issues in Applied Macroeconomics,Second Semester,Postgraduate,6.0,In Person,2014
2267,IDEC8029,Issues in Applied Microeconomics,First Semester,Postgraduate,6.0,In Person,2014
2268,INTR8017,Issues in Australian Foreign Policy,,Postgraduate,6.0,In Person,2014
2269,PSYC3016,Issues in Behavioural Neuroscience,First Semester,Undergraduate,6.0,In Person,2014
2270,PSYC3015,Issues in Cognitive Psychology,Second Semester,Undergraduate,6.0,In Person,2014
2271,ARTV8208,Issues in Contemporary Craft,,Postgraduate,6.0,In Person,2014
2272,IDEC8003,Issues in Development Policy,First Semester,Postgraduate,6.0,In Person,2014
2273,IDEC8087,Issues in Development Policy,,Postgraduate,6.0,In Person,2014
2274,EMDV8013,Issues in Development and Environment,First Semester,Postgraduate,6.0,In Person,2014
2275,EMDV8106,Issues in Development and the Environment,,Postgraduate,6.0,In Person,2014
2276,POLS2094,Issues in International Political Economy,Second Semester,Undergraduate,6.0,In Person,2014
2277,ARTV2035,Issues in the Decorative Arts and Design,,Undergraduate,6.0,In Person,2014
2278,ANTH8049,Issues in the Design and Evaluation of Development Projects and Programs,Summer Session,Postgraduate,6.0,Online or In Person,2014
2279,MEAS8108,Issues of Development in the Middle East,,Postgraduate,6.0,In Person,2014
2280,ITAL4005F,Italian IV Honours (S),First Semester/Second Semester,Undergraduate,12.0,In Person,2014
2281,ITAL4005P,Italian IV Honours (S),First Semester/Second Semester,Undergraduate,12.0,In Person,2014
2282,ITAL8001,Italian Short Research Paper,,Postgraduate,6.0,In Person,2014
2283,ITAL6509,Italian Studies - Advanced 1,First Semester,Postgraduate,6.0,In Person,2014
2284,ITAL3015,Italian Studies - Advanced 1,First Semester,Undergraduate,6.0,In Person,2014
2285,ITAL3016,Italian Studies - Advanced 2,Second Semester,Undergraduate,6.0,In Person,2014
2286,ITAL2006,Italian Studies - Continuing 2,Second Semester,Undergraduate,6.0,In Person,2014
2287,ITAL6505,Italian Studies - Intermediate,First Semester,Postgraduate,6.0,In Person,2014
2288,ITAL2007,Italian Studies - Intermediate 1,First Semester,Undergraduate,6.0,In Person,2014
2289,ITAL2008,Italian Studies - Intermediate 2,Second Semester,Undergraduate,6.0,In Person,2014
2290,ITAL1003,Italian Studies - Introductory 2,Second Semester,Undergraduate,6.0,In Person,2014
2291,ITAL6501,Italian Studies - Introductory I,First Semester,Postgraduate,6.0,In Person,2014
2292,ITAL1002,Italian Studies - Introductory I,First Semester,Undergraduate,6.0,In Person,2014
2293,ITAL6510,Italian Studies Avanced II,Second Semester,Postgraduate,6.0,In Person,2014
2294,ITAL2005,Italian Studies Continuing 1,First Semester,Undergraduate,6.0,In Person,2014
2295,ITAL6503,Italian Studies Continuing 1,First Semester,Postgraduate,6.0,In Person,2014
2296,ITAL6504,Italian Studies Continuing II,Second Semester,Postgraduate,6.0,In Person,2014
2297,ITAL6506,Italian Studies Intermediate II,Second Semester,Postgraduate,6.0,In Person,2014
2298,ITAL6502,Italian Studies Introductory 2,Second Semester,Postgraduate,6.0,In Person,2014
2299,ITAL2011,Italian flair: Cultural life style in today's Italy,,Undergraduate,6.0,In Person,2014
2300,ITAL2012,Italian for Singers and Opera Lovers 1,,Undergraduate,6.0,In Person,2014
2301,ITAL2013,Italian for Singers and Opera Lovers 2,,Undergraduate,6.0,In Person,2014
2302,ITAL6512,Italian for Singers and Opera Lovers I,,Postgraduate,6.0,In Person,2014
2303,ITAL3018,Italiano/Standard e Regionale: Aspects of Spoken Italian,,Undergraduate,6.0,In Person,2014
2304,ENGL2074,Jane Austen History and Fiction,Second Semester,Undergraduate,6.0,In Person,2014
2305,INTR8063,Japan and Northeast Asia in the Postwar World: war and national identity,,Postgraduate,6.0,In Person,2014
2306,INTR2018,Japan's Security Dilemmas,First Semester,Undergraduate,6.0,In Person,2014
2307,JPNS3013,Japanese - English Translation,Second Semester,Undergraduate,6.0,In Person,2014
2308,JPNS6513,Japanese - English Translation,Second Semester,Postgraduate,6.0,In Person,2014
2309,ASIA2023,Japanese Economic Development Since World War 2,,Undergraduate,6.0,In Person,2014
2310,ASIA6023,Japanese Economic Development Since World War 2,,Postgraduate,6.0,In Person,2014
2311,ECON2008,Japanese Economy and Economic Policy,,Undergraduate,6.0,In Person,2014
2312,ECON8008,Japanese Economy and Economic Policy,,Postgraduate,6.0,In Person,2014
2313,JPNS2024,Japanese Grammar,First Semester,Undergraduate,6.0,In Person,2014
2314,JPNS6024,Japanese Grammar,First Semester,Postgraduate,6.0,In Person,2014
2315,ASIA2032,Japanese Law and Society,Summer Session,Undergraduate,6.0,In Person,2014
2316,ASIA6032,Japanese Law and Society,Summer Session,Postgraduate,6.0,In Person,2014
2317,LAWS2227,Japanese Law and Society,Summer Session,Undergraduate,6.0,In Person,2014
2318,JPNS2009,Japanese Lexicon,,Undergraduate,6.0,In Person,2014
2319,JPNS6009,Japanese Lexicon,,Postgraduate,6.0,In Person,2014
2320,JPNS2007,Japanese Linguistics,Second Semester,Undergraduate,6.0,In Person,2014
2321,JPNS6007,Japanese Linguistics,Second Semester,Postgraduate,6.0,In Person,2014
2322,JPNS2019,Japanese Phonetics and Phonology,,Undergraduate,6.0,In Person,2014
2323,JPNS6019,Japanese Phonetics and Phonology,,Postgraduate,6.0,In Person,2014
2324,ASIA6031,Japanese Politics,First Semester,Postgraduate,6.0,In Person,2014
2325,ASIA2031,Japanese Politics,First Semester,Undergraduate,6.0,In Person,2014
2326,JPNS8003,Japanese Refresher A,,Postgraduate,3.0,In Person,2014
2327,JPNS8004,Japanese Refresher B,,Postgraduate,3.0,In Person,2014
2328,JPNS8005,Japanese Refresher C,,Postgraduate,3.0,In Person,2014
2329,JPNS8006,Japanese Refresher D,,Postgraduate,3.0,In Person,2014
2330,JPNS8009,Japanese Refresher E,,Postgraduate,3.0,In Person,2014
2331,JPNS8010,Japanese Refresher F,,Postgraduate,3.0,In Person,2014
2332,JPNS1002,Japanese Secondary Extension - Advanced,Second Semester,Undergraduate,6.0,In Person,2014
2333,EXTN1007A,Japanese Secondary Extension - Advanced A,Autumn Session,Undergraduate,0.0,In Person,2014
2334,EXTN1007B,Japanese Secondary Extension - Advanced B,,Undergraduate,6.0,In Person,2014
2335,JPNS1001,Japanese Secondary Extension - Continuing,Second Semester,Undergraduate,6.0,In Person,2014
2336,EXTN1006A,Japanese Secondary Extension - Continuing A,Autumn Session,Undergraduate,0.0,In Person,2014
2337,EXTN1006B,Japanese Secondary Extension - Continuing B,,Undergraduate,6.0,In Person,2014
2338,JPNS3102,Japanese Seminar A,First Semester,Undergraduate,6.0,In Person,2014
2339,JPNS6102,Japanese Seminar A,First Semester,Postgraduate,6.0,In Person,2014
2340,JPNS6103,Japanese Seminar B,,Postgraduate,6.0,In Person,2014
2341,JPNS3103,Japanese Seminar B,,Undergraduate,6.0,In Person,2014
2342,JPNS8007,Japanese Update Online (1),,Postgraduate,6.0,In Person,2014
2343,JPNS8008,Japanese Update Online (2),,Postgraduate,6.0,In Person,2014
2344,LAWS3010,Jessup Moot,Summer Session,Undergraduate,6.0,In Person,2014
2345,PHYS9002F,Joint PhD Physics program ANU- National University of Singapore,,Research,24.0,In Person,2014
2346,PHYS9002P,Joint PhD Physics program ANU- National University of Singapore,,Research,24.0,In Person,2014
2347,LAWS8141,Judicial Review of Government Action,Spring Session,Postgraduate,6.0,In Person,2014
2348,ANTH8007,Key Concepts in Anthropology of Development,Second Semester,Postgraduate,6.0,Online or In Person,2014
2349,PREP1110,Key Moments in Western Civilisation,First Semester/Second Semester,Undergraduate,6.0,In Person,2014
2350,ANTH8055,Key issues in native title anthropology,,Postgraduate,6.0,In Person,2014
2351,MGMT7167,Knowledge Management,Winter Session,Postgraduate,6.0,In Person,2014
2352,KORE1201,Korean Beginning Secondary - Extension,First Semester/Second Semester,Undergraduate,6.0,In Person,2014
2353,KORE1202,Korean Continuing Secondary - Extension,Second Semester,Undergraduate,6.0,In Person,2014
2354,ASIA2080,"Korean Film: History, Culture and Society",,Undergraduate,6.0,In Person,2014
2355,ASIA6080,"Korean Film: History, Culture and Society",,Postgraduate,6.0,In Person,2014
2356,EXTN1008A,Korean Secondary Extension - Beginning A,Autumn Session,Undergraduate,0.0,In Person,2014
2357,EXTN1008B,Korean Secondary Extension - Beginning B,,Undergraduate,6.0,In Person,2014
2358,EXTN1009A,Korean Secondary Extension - Continuing A,Autumn Session,Undergraduate,0.0,In Person,2014
2359,EXTN1009B,Korean Secondary Extension - Continuing B,,Undergraduate,6.0,In Person,2014
2360,KORE6509,Korean Seminar A,,Postgraduate,6.0,In Person,2014
2361,KORE3009,Korean Seminar A,,Undergraduate,6.0,In Person,2014
2362,KORE3010,Korean Seminar B,,Undergraduate,6.0,In Person,2014
2363,KORE6510,Korean Seminar B,,Postgraduate,6.0,In Person,2014
2364,ASIA6056,Korean and Japanese Cinema: Shaping Identities Through the Lens,,Postgraduate,6.0,In Person,2014
2365,ASIA2056,Korean and Japanese Cinema: Shaping Identities through the Lens,,Undergraduate,6.0,In Person,2014
2366,KORE2015,Korean for Background Speakers A,,Undergraduate,6.0,In Person,2014
2367,KORE6015,Korean for Background Speakers A,,Postgraduate,6.0,In Person,2014
2368,KORE2016,Korean for Background Speakers B,,Undergraduate,6.0,In Person,2014
2369,KORE6016,Korean for Background Speakers B,,Postgraduate,6.0,In Person,2014
2370,LAWS8171,Kyoto Seminar: Japanese Law in the Global Era,Summer Session,Postgraduate,6.0,In Person,2014
2371,CHEM3061,Laboratory Techniques in Chemical Synthesis,First Semester,Undergraduate,3.0,In Person,2014
2372,ECON8041,Labour Economics and Industrial Relations,Second Semester,Postgraduate,6.0,In Person,2014
2373,ECON2059,Labour Economics and Industrial Relations(H),Second Semester,Undergraduate,6.0,In Person,2014
2374,ECON2009,Labour Economics and Industrial Relations(P),Second Semester,Undergraduate,6.0,In Person,2014
2375,LAWS2228,Labour Law,Second Semester,Undergraduate,6.0,In Person,2014
2376,POGO8079,Labour Relations,,Postgraduate,6.0,In Person,2014
2377,ENVS3004,Land and Catchment Management,Second Semester,Undergraduate,6.0,In Person,2014
2378,ENVS6304,Land and Catchment Management,Second Semester,Postgraduate,6.0,In Person,2014
2379,LAWS8312,"Land, Law and Development in Asia",Winter Session,Postgraduate,6.0,In Person,2014
2380,ARCH6017,Landscape Archaeology,,Postgraduate,12.0,In Person,2014
2381,ASIA2308,Language & History in Asia & the Pacific,,Undergraduate,6.0,In Person,2014
2382,LING6005,Language Change and Linguistic Reconstruction,,Postgraduate,6.0,Blended,2014
2383,LING2005,Language Change and Linguistic Reconstruction,,Undergraduate,6.0,In Person,2014
2384,LING2022,Language Policy and Language Politics,,Undergraduate,6.0,In Person,2014
2385,LING6022,Language Policy and Language Politics,,Postgraduate,6.0,Blended,2014
2386,LING2103,Language Power and Identity,,Undergraduate,6.0,In Person,2014
2387,LING6103,Language Power and Identity,,Postgraduate,6.0,Blended,2014
2388,JPNS3011,Language Variation and Change in the Japanese Archipelago,First Semester,Undergraduate,6.0,In Person,2014
2389,JPNS6511,Language Variation and Change in the Japanese Archipelago,First Semester,Postgraduate,6.0,In Person,2014
2390,LANG3005,Language and Identity in a European Context,,Undergraduate,6.0,In Person,2014
2391,LING2106,Language and Social Interaction,First Semester,Undergraduate,6.0,In Person,2014
2392,LING6311,Language and Social Interaction,First Semester,Postgraduate,6.0,Blended,2014
2393,LING1002,Language and Society,Second Semester,Undergraduate,6.0,In Person,2014
2394,LING6002,Language and Society,Second Semester,Postgraduate,6.0,Blended,2014
2395,LANG3004,Language and Society in Latin America,,Undergraduate,6.0,In Person,2014
2396,LING2027,Language and Society in Latin America,,Undergraduate,6.0,In Person,2014
2397,LING2105,Language and the law: introduction to forensic linguistics,First Semester,Undergraduate,6.0,In Person,2014
2398,LING6105,Language and the law: introduction to forensic linguistics,First Semester,Postgraduate,6.0,In Person,2014
2399,ASIA2001,Language in Asia,First Semester,Undergraduate,6.0,In Person,2014
2400,ASIA6001,Language in Asia,First Semester,Postgraduate,6.0,In Person,2014
2401,ASIA1001,Language in Asia,First Semester,Undergraduate,6.0,In Person,2014
2402,ASIA6101,Language in Asia (L),First Semester,Postgraduate,6.0,In Person,2014
2403,ASIA2103,Language in Asia (L),First Semester,Undergraduate,6.0,In Person,2014
2404,LING2016,Language in Indigenous Australia,Second Semester,Undergraduate,6.0,In Person,2014
2405,LING6016,Language in Indigenous Australian Society,Second Semester,Postgraduate,6.0,Blended,2014
2406,ITAL6015,Language of institutions and diplomacy in Italy,,Postgraduate,6.0,In Person,2014
2407,ITAL2015,Language of institutions and diplomacy in Italy,,Undergraduate,6.0,In Person,2014
2408,SPAN2604,Language variation across the Spanish-speaking world,,Undergraduate,6.0,In Person,2014
2409,LING6015,"Language, Culture and Translation",Second Semester,Postgraduate,6.0,Blended,2014
2410,LING2015,"Language, Culture, Translation",Second Semester,Undergraduate,6.0,In Person,2014
2411,LING2018,Languages in Contact,First Semester,Undergraduate,6.0,In Person,2014
2412,LING6018,Languages in Contact,First Semester,Postgraduate,6.0,Blended,2014
2413,PHYS8510,Lasers and Photonics,,Postgraduate,6.0,In Person,2014
2414,POLS8026,Latin America's International Relations,,Postgraduate,6.0,In Person,2014
2415,HIST2230,Latin America: Conquest and Colonisation,Second Semester,Undergraduate,6.0,In Person,2014
2416,LATN4005P,Latin IV Honours (S),First Semester/Second Semester,Undergraduate,12.0,In Person,2014
2417,LATN4005F,Latin IV Honours (S),First Semester/Second Semester,Undergraduate,12.0,In Person,2014
2418,LAWS2230,Law Internship,Summer Session/First Semester/Second Semester,Undergraduate,6.0,In Person,2014
2419,LAWS2270,Law Reform,,Undergraduate,6.0,In Person,2014
2420,LAWS8006,Law and Development in the Contemporary South Pacific,Autumn Session,Postgraduate,6.0,In Person,2014
2421,ECON8047,Law and Economics,First Semester,Postgraduate,6.0,In Person,2014
2422,LAWS8228,Law and Economics,Spring Session,Postgraduate,6.0,In Person,2014
2423,ECON2139,Law and Economics(H),First Semester,Undergraduate,6.0,In Person,2014
2424,ECON2120,Law and Economics(P),First Semester,Undergraduate,6.0,In Person,2014
2425,LAWS8071,Law and Governance in sub-Saharan Africa,Spring Session,Postgraduate,6.0,In Person,2014
2426,LAWS2260,Law and Psychology,Second Semester,Undergraduate,6.0,In Person,2014
2427,LAWS8034,Law and Regulation,Winter Session,Postgraduate,6.0,In Person,2014
2428,LAWS2256,Law and Sexualities,,Undergraduate,6.0,In Person,2014
2429,LAWS8069,Law and Society in South Asia,Spring Session,Postgraduate,6.0,In Person,2014
2430,LAWS2229,Law and Society in South East Asia,,Undergraduate,6.0,In Person,2014
2431,LAWS6229,Law and Society in South-East Asia,,Postgraduate,6.0,In Person,2014
2432,LAWS6503,Law and the Environment,,Postgraduate,6.0,In Person,2014
2433,LAWS3103,Law and the Environment,,Undergraduate,6.0,In Person,2014
2434,LAWS2280,Law and the Humanities,First Semester,Undergraduate,6.0,In Person,2014
2435,LEGL7001,Law in Professional Context,,Postgraduate,6.0,In Person,2014
2436,BUSN2101,Law of Business Entities,First Semester,Undergraduate,6.0,In Person,2014
2437,LAWS8253,Law of The Sea,Autumn Session,Postgraduate,6.0,In Person,2014
2438,ANTH8032,"Law, Order and Conflict in the Pacific",Winter Session,Postgraduate,6.0,Online or In Person,2014
2439,LAWS1202,Lawyers Justice and Ethics,Second Semester,Undergraduate,6.0,In Person,2014
2440,MGMT3021,Leadership,Second Semester,Undergraduate,6.0,In Person,2014
2441,MGMT7060,Leadership Perspectives and Challenges,,Postgraduate,6.0,In Person,2014
2442,MGMT7153,Leadership Skills,First Semester,Postgraduate,6.0,In Person,2014
2443,VCUG2002,Leadership and Influence in a Complex World,First Semester,Undergraduate,6.0,In Person,2014
2444,MGMT7061,Leading High Performance Teams,,Postgraduate,6.0,In Person,2014
2445,POGO8067,Leading Public Sector Change,Autumn Session,Postgraduate,6.0,In Person,2014
2446,AUST1001,Learning an Indigenous Australian Language,Summer Session/First Semester/Second Semester,Undergraduate,6.0,In Person,2014
2447,AUST6008,Learning an Indigenous Australian language 1,Summer Session/Second Semester,Postgraduate,6.0,In Person,2014
2448,AUST6009,Learning an Indigenous Australian language 2,Winter Session,Postgraduate,6.0,In Person,2014
2449,AUST2008,Learning an Indigenous Australian language 2,Winter Session,Undergraduate,6.0,In Person,2014
2450,EDUC8002,Learning and Teaching in Higher Education,Second Semester,Postgraduate,6.0,In Person,2014
2451,LEGW8101,Legal Ethics,Summer Session/Autumn Session/Winter Session/Spring Session,Postgraduate,3.0,In Person,2014
2452,LEGW8143,Legal Practice Experience,Summer Session/Autumn Session/Winter Session/Spring Session,Postgraduate,3.0,In Person,2014
2453,LEGW8129,Legal Practice Experience (12 units),,Postgraduate,12.0,In Person,2014
2454,LEGW8134,Legal Practice Experience (3u),,Postgraduate,3.0,In Person,2014
2455,LEGW8131,Legal Practice Experience (6 units),,Postgraduate,6.0,In Person,2014
2456,LEGW8130,Legal Practice Experience (9 units),,Postgraduate,9.0,In Person,2014
2457,PREP1111,Legal Studies,First Semester/Second Semester,Undergraduate,6.0,In Person,2014
2458,LAWS2249,Legal Theory,Second Semester,Undergraduate,6.0,In Person,2014
2459,LAWS8104,Legislation and Legislative Drafting,Autumn Session,Postgraduate,6.0,In Person,2014
2460,LAWS2279,Legislation and Regulatory Design,,Undergraduate,6.0,In Person,2014
2461,LAWS2251,Legislative Drafting and Technology,,Undergraduate,6.0,In Person,2014
2462,ASIA6045,Lies Conspiracy & Propaganda,,Postgraduate,6.0,In Person,2014
2463,ASIA2045,"Lies, Conspiracy and Propaganda",,Undergraduate,6.0,In Person,2014
2464,STAT3037,Life Contingencies,Second Semester,Undergraduate,6.0,In Person,2014
2465,STAT6043,Life Contingencies,Second Semester,Postgraduate,6.0,In Person,2014
2466,PSYC1005,Life Issues: Applying Psychology,First Semester,Undergraduate,6.0,In Person,2014
2467,PHYS1004,Life Physics,Second Semester,Undergraduate,6.0,In Person,2014
2468,INDN6104,Linguistic Aspects of Indonesian,,Postgraduate,6.0,In Person,2014
2469,INDN2101,Linguistic Aspects of Indonesian,,Undergraduate,6.0,In Person,2014
2470,PREP1112,Linguistics,First Semester/Second Semester,Undergraduate,6.0,In Person,2014
2471,LING4005F,Linguistics IV Honours (S),First Semester/Second Semester,Undergraduate,12.0,In Person,2014
2472,LING4005P,Linguistics IV Honours (S),First Semester/Second Semester,Undergraduate,12.0,In Person,2014
2473,ENGL2082,Literature and Human Rights,First Semester,Undergraduate,6.0,In Person,2014
2474,ENGL6028,Literature and Human Rights,,Postgraduate,6.0,In Person,2014
2475,ITAL2009,"Literature, History, Cinema: A-Three-Voice Dialogue",First Semester,Undergraduate,6.0,In Person,2014
2476,ITAL6508,"Literature, History, Cinema: A-Three-Voice Dialogue",,Postgraduate,6.0,In Person,2014
2477,LAWS2244,Litigation and Dispute Management,First Semester,Undergraduate,6.0,In Person,2014
2478,LAWS6244,Litigation and Dispute Management,,Postgraduate,6.0,In Person,2014
2479,SPAN2100,Living Hispanic Language,,Undergraduate,6.0,In Person,2014
2480,POGO8051,Local Development and Governance in an Indigenous Context,,Postgraduate,6.0,In Person,2014
2481,PHIL2080,Logic,First Semester,Undergraduate,6.0,In Person,2014
2482,COMP2620,Logic,First Semester,Undergraduate,6.0,In Person,2014
2483,COMP6262,Logic,First Semester,Postgraduate,6.0,In Person,2014
2484,PHIL1005,Logic and Critical Thinking,Second Semester,Undergraduate,6.0,In Person,2014
2485,POGO8073,Logics and Strategies of Research A,,Postgraduate,12.0,In Person,2014
2486,POGO8074,Logics and Strategies of Research B,,Postgraduate,12.0,In Person,2014
2487,ARCH6022,Long-term Biodiversity and Climate Change in Asia-Pacific,Winter Session,Postgraduate,6.0,In Person,2014
2488,ARCH3022,Long-term Biodiversity and Climate Change in Asia-Pacific,Winter Session,Undergraduate,6.0,In Person,2014
2489,PHIL2059,Love Death and Freedom (20th Century French Phenomenology),,Undergraduate,6.0,In Person,2014
2490,ASIA7500P,MA(Asia Pacific Studies) Sub-thesis,First Semester/Second Semester,Postgraduate,12.0,In Person,2014
2491,ASIA7500F,MA(Asia Pacific Studies) Sub-thesis,First Semester/Second Semester,Postgraduate,12.0,In Person,2014
2492,ANTH8050F,MAAPD (Research) Sub-thesis,First Semester/Second Semester,Postgraduate,12.0,In Person,2014
2493,ANTH8050P,MAAPD (Research) Sub-thesis,First Semester/Second Semester,Postgraduate,12.0,In Person,2014
2494,ANTH8048,MAAPD Honours Thesis,First Semester/Autumn Session/Second Semester,Postgraduate,24.0,In Person,2014
2495,ANTH8016,MAAPD Internship,Summer Session/First Semester/Autumn Session/Winter Session/Second Semester/Spring Session,Postgraduate,6.0,Online or In Person,2014
2496,PAAS8955F,"MPhil (Contemporary China Cntr, Pol and Social Change, Sch of International, Pol and Strategic Stud)",,Research,24.0,In Person,2014
2497,PAAS8955P,"MPhil (Contemporary China Cntr, Pol and Social Change, Sch of International, Pol and Strategic Stud)",,Research,24.0,In Person,2014
2498,PAAS8961F,"MPhil (Resource Management in Asia and the Pacific, Crawford School of Economics and Government)",,Research,24.0,In Person,2014
2499,PAAS8961P,"MPhil (Resource Management in Asia and the Pacific, Crawford School of Economics and Government)",,Research,24.0,In Person,2014
2500,ECON8900F,"MPhil -  Research course in Economics, ANU College of Business and Economics",,Research,24.0,In Person,2014
2501,ECON8900P,"MPhil -  Research course in Economics, ANU College of Business and Economics",,Research,24.0,In Person,2014
2502,COMM8900F,"MPhil - Research Course in Commerce, ANU College of Business and Economics",,Research,24.0,In Person,2014
2503,COMM8900P,"MPhil - Research Course in Commerce, ANU College of Business and Economics",,Research,24.0,In Person,2014
2504,ECHI8900P,"MPhil - Research Course in Economic History, ANU College of Business and Economics",,Research,24.0,In Person,2014
2505,ECHI8900F,"MPhil - Research Course in Economic History, ANU College of Business and Economics",,Research,24.0,In Person,2014
2506,MATH8900F,"MPhil - Research Course in Mathematics, Mathematical Sciences Institute, CMBE/CPMS",,Research,24.0,In Person,2014
2507,MATH8900P,"MPhil - Research Course in Mathematics, Mathematical Sciences Institute, CMBE/CPMS",,Research,24.0,In Person,2014
2508,SCOM8900F,"MPhil - Research Course in Scientific Communication, Centre for the Public Awareness",,Research,24.0,In Person,2014
2509,SCOM8900P,"MPhil - Research Course in Scientific Communication, Centre for the Public Awareness",,Research,24.0,In Person,2014
2510,STAT8900F,"MPhil - Research Course in Statistics, ANU College of Business and Economics",,Research,24.0,In Person,2014
2511,STAT8900P,"MPhil - Research Course in Statistics, ANU College of Business and Economics",,Research,24.0,In Person,2014
2512,MEAS8900F,"MPhil Arab,Islam MECA, RSSS",,Research,6.0,In Person,2014
2513,MEAS8900P,"MPhil Arab,Islam MECA, RSSS",,Research,6.0,In Person,2014
2514,ARCH8900F,"MPhil Arch & Anth, RSH&A",,Research,24.0,In Person,2014
2515,ARCH8900P,"MPhil Arch & Anth, RSH&A",,Research,24.0,In Person,2014
2516,ARTH8900F,"MPhil ArtHist,VisStud, RSH&A",,Research,24.0,In Person,2014
2517,ARTH8900P,"MPhil ArtHist,VisStud, RSH&A",,Research,24.0,In Person,2014
2518,CLAS8900F,"MPhil Classics, RSH&A",,Research,6.0,In Person,2014
2519,CLAS8900P,"MPhil Classics, RSH&A",,Research,6.0,In Person,2014
2520,CCLT8900F,"MPhil Cross Cult Rsch, RSH&A",,Research,24.0,In Person,2014
2521,CCLT8900P,"MPhil Cross Cult Rsch, RSH&A",,Research,24.0,In Person,2014
2522,ENGL8900F,"MPhil English, RSH&A",,Research,24.0,In Person,2014
2523,ENGL8900P,"MPhil English, RSH&A",,Research,24.0,In Person,2014
2524,FILM8900F,"MPhil Film Studies, RSH&A",,Research,1.0,In Person,2014
2525,FILM8900P,"MPhil Film Studies, RSH&A",,Research,1.0,In Person,2014
2526,FINM8900F,"MPhil Finance, ANU College of Business and Economics",,Research,24.0,In Person,2014
2527,FINM8900P,"MPhil Finance, ANU College of Business and Economics",,Research,24.0,In Person,2014
2528,HIST8900P,"MPhil History, RSSS",,Research,24.0,In Person,2014
2529,HIST8900F,"MPhil History, RSSS",,Research,24.0,In Person,2014
2530,LING8900F,"MPhil Linguistics, RSH&A",,Research,24.0,In Person,2014
2531,LING8900P,"MPhil Linguistics, RSH&A",,Research,24.0,In Person,2014
2532,LANG8900P,"MPhil Mod Euro Lang, RSH&A",,Research,24.0,In Person,2014
2533,LANG8900F,"MPhil Mod Euro Lang, RSH&A",,Research,24.0,In Person,2014
2534,MUSI8900F,"MPhil Music, RSH&A",,Research,6.0,In Person,2014
2535,MUSI8900P,"MPhil Music, RSH&A",,Research,6.0,In Person,2014
2536,PHIL8900F,"MPhil Philosophy, RSSS",,Research,24.0,In Person,2014
2537,PHIL8900P,"MPhil Philosophy, RSSS",,Research,24.0,In Person,2014
2538,POLS8900F,"MPhil Politics and International Relations, RSSS",,Research,24.0,In Person,2014
2539,POLS8900P,"MPhil Politics and International Relations, RSSS",,Research,24.0,In Person,2014
2540,PAAS8950F,"MPhil Research Course in Anthropology, School of Culture History & Language",,Research,6.0,In Person,2014
2541,PAAS8950P,"MPhil Research Course in Anthropology, School of Culture History & Language",,Research,6.0,In Person,2014
2542,PAAS8953P,"MPhil Research Course in Archeology & Natural History, School of Culture History & Language",,Research,24.0,In Person,2014
2543,PAAS8953F,"MPhil Research Course in Archeology & Natural History, School of Culture History & Language",,Research,24.0,In Person,2014
2544,PAAS8959F,"MPhil Research Course in Arndt-Corden Division of Economics, Crawford School",,Research,24.0,In Person,2014
2545,PAAS8959P,"MPhil Research Course in Arndt-Corden Division of Economics, Crawford School",,Research,24.0,In Person,2014
2546,ASIA8900P,"MPhil Research Course in Asian Studies, School of Culture History & Language",,Research,24.0,In Person,2014
2547,ASIA8900F,"MPhil Research Course in Asian Studies, School of Culture History & Language",,Research,24.0,In Person,2014
2548,PAAS8957P,"MPhil Research Course in International Relations, School of Intnl Pol & Strategic Studies",,Research,24.0,In Person,2014
2549,PAAS8957F,"MPhil Research Course in International Relations, School of Intnl Pol & Strategic Studies",,Research,24.0,In Person,2014
2550,PAAS8951F,"MPhil Research Course in Linguistics, School of Culture History & Language",,Research,24.0,In Person,2014
2551,PAAS8951P,"MPhil Research Course in Linguistics, School of Culture History & Language",,Research,24.0,In Person,2014
2552,NSPO8950F,"MPhil Research Course in National Security, National Security College",,Research,24.0,In Person,2014
2553,NSPO8950P,"MPhil Research Course in National Security, National Security College",,Research,24.0,In Person,2014
2554,PAAS8952P,"MPhil Research Course in Pacific & Asian History, School of Culture History & Language",,Research,24.0,In Person,2014
2555,PAAS8952F,"MPhil Research Course in Pacific & Asian History, School of Culture History & Language",,Research,24.0,In Person,2014
2556,POGO8950F,"MPhil Research Course in Policy & Governance, Crawford School",,Research,24.0,In Person,2014
2557,POGO8950P,"MPhil Research Course in Policy & Governance, Crawford School",,Research,24.0,In Person,2014
2558,PAAS8958P,"MPhil Research Course in Political& Social Change,School of Intnl Pol & Strategic Studies",,Research,6.0,In Person,2014
2559,PAAS8958F,"MPhil Research Course in Political& Social Change,School of Intnl Pol & Strategic Studies",,Research,6.0,In Person,2014
2560,PAAS8960F,"MPhil Research Course in Strategic Defence Studies, School of Intnl Pol & Strategic Studies",,Research,24.0,In Person,2014
2561,PAAS8960P,"MPhil Research Course in Strategic Defence Studies, School of Intnl Pol & Strategic Studies",,Research,24.0,In Person,2014
2562,PAAS8900F,"MPhil Research Cse in State Society & Governance in Melanesia, School of IPS",,Research,24.0,In Person,2014
2563,PAAS8900P,"MPhil Research Cse in State Society & Governance in Melanesia, School of IPS",,Research,24.0,In Person,2014
2564,SOCY8900P,"MPhil Sociology, RSSS",,Research,24.0,In Person,2014
2565,SOCY8900F,"MPhil Sociology, RSSS",,Research,24.0,In Person,2014
2566,ARTV8900F,"MPhil Visual Arts, RSH&A",,Research,6.0,In Person,2014
2567,ARTV8900P,"MPhil Visual Arts, RSH&A",,Research,6.0,In Person,2014
2568,GEND8900P,"MPhil Womens Studies, RSH&A",,Research,24.0,In Person,2014
2569,GEND8900F,"MPhil Womens Studies, RSH&A",,Research,24.0,In Person,2014
2570,PHYS8952F,"MPhil, Atomic and Molecular Physics,  Research School of Physics and Engineering",,Research,24.0,In Person,2014
2571,PHYS8952P,"MPhil, Atomic and Molecular Physics,  Research School of Physics and Engineering",,Research,24.0,In Person,2014
2572,PHYS8953F,"MPhil, Electronic Materials Engineering,  Research School of Physics and Engineering",,Research,6.0,In Person,2014
2573,PHYS8953P,"MPhil, Electronic Materials Engineering,  Research School of Physics and Engineering",,Research,6.0,In Person,2014
2574,ENVS8905P,"MPhil, Environmental & Natural Resource Management, Fenner School of Environment and Society",,Research,24.0,In Person,2014
2575,ENVS8905F,"MPhil, Environmental & Natural Resource Management, Fenner School of Environment and Society",,Research,24.0,In Person,2014
2576,IDEC8002,Macroeconomic Analysis and Policy,Second Semester,Postgraduate,6.0,In Person,2014
2577,IDEC8068,Macroeconomic Policy and Implementation,,Postgraduate,6.0,In Person,2014
2578,ECON7074,Macroeconomic Principles for Economic Policy,First Semester/Second Semester,Postgraduate,6.0,In Person,2014
2579,ECON8022,Macroeconomic Theory (Master),First Semester,Postgraduate,6.0,In Person,2014
2580,ECON1102,Macroeconomics 1,First Semester/Second Semester,Undergraduate,6.0,In Person,2014
2581,ECON2112,Macroeconomics 2(H),Second Semester,Undergraduate,6.0,In Person,2014
2582,ECON2102,Macroeconomics 2(P),Second Semester,Undergraduate,6.0,In Person,2014
2583,ECON3102,Macroeconomics 3,Second Semester,Undergraduate,6.0,In Person,2014
2584,EMSC3024,Magmatism and Metamorphism,First Semester,Undergraduate,6.0,In Person,2014
2585,EMSC6024,Magmatism and Metamorphism,First Semester,Postgraduate,6.0,In Person,2014
2586,ASIA6041,Mainland SE Asia: Colonial and Postcolonial Predicaments,,Postgraduate,6.0,In Person,2014
2587,ASIA2013,"Mainland Southeast Asia to 1900: Cambodia, Myanmar (Burma) Thailand and Vietnam",,Undergraduate,6.0,In Person,2014
2588,ASIA2041,Mainland Southeast Asia: Colonial and Postcolonial Predicaments,,Undergraduate,6.0,In Person,2014
2589,ARTV4007,Major D7 (Part-Time),First Semester/Second Semester,Undergraduate,12.0,In Person,2014
2590,ARTV4008,Major D8 (Part-Time),First Semester/Second Semester,Undergraduate,12.0,In Person,2014
2591,ENVS8101,Major Research Essay,First Semester/Second Semester,Postgraduate,6.0,In Person,2014
2592,INTR8068,Making Foreign Policy,First Semester,Postgraduate,6.0,In Person,2014
2593,HIST3007,Making History,Second Semester,Undergraduate,6.0,In Person,2014
2594,HIST6007,Making History,Second Semester,Postgraduate,6.0,In Person,2014
2595,POGO8090,Making and Evaluating Policy,First Semester,Postgraduate,6.0,In Person,2014
2596,NSPO8017,Malicious Networks: Transnational Terrorism and Crime,First Semester,Postgraduate,6.0,In Person,2014
2597,BUSN2011,Management Accounting,First Semester/Second Semester,Undergraduate,6.0,In Person,2014
2598,BUSN7031,Management Accounting and Cost Analysis,First Semester/Second Semester,Postgraduate,6.0,In Person,2014
2599,MGMT8002,Management Consulting,,Postgraduate,6.0,In Person,2014
2600,MGMT8191,Management Master Class,,Postgraduate,6.0,In Person,2014
2601,MGMT8006,Management Research Methods,First Semester,Postgraduate,6.0,In Person,2014
2602,POGO8800,Management and Organisational Change,,Postgraduate,6.0,In Person,2014
2603,MGMT7030,Management and Organisations,First Semester,Postgraduate,6.0,In Person,2014
2604,MGMT7243,Management and Strategy in Technology-based Business,,Postgraduate,6.0,In Person,2014
2605,MGMT1003,"Management, People and Organisations",First Semester/Second Semester,Undergraduate,6.0,In Person,2014
2606,STAT3014,Managerial Decision Analysis,,Undergraduate,6.0,In Person,2014
2607,STAT6028,Managerial Decision Analysis,,Postgraduate,6.0,In Person,2014
2608,ECON2014,Managerial Economics,First Semester,Undergraduate,6.0,In Person,2014
2609,ECON6014,Managerial Economics,First Semester,Postgraduate,6.0,In Person,2014
2610,MGMT7208,Managerial Judgment and Decision Making,,Postgraduate,6.0,In Person,2014
2611,MGMT7107,Managing Across Cultures,Second Semester,Postgraduate,6.0,In Person,2014
2612,MGMT7042,Managing Business Ethically,,Postgraduate,6.0,In Person,2014
2613,MGMT7029,Managing Change in Organisations,First Semester,Postgraduate,6.0,In Person,2014
2614,POGO8286,Managing Customer Services,,Postgraduate,6.0,In Person,2014
2615,POGO8071,Managing Development in an International Context,,Postgraduate,6.0,In Person,2014
2616,ENVS3041,Managing Forested Landscapes,First Semester,Undergraduate,6.0,In Person,2014
2617,ENVS6026,Managing Forested Landscapes,First Semester,Postgraduate,6.0,In Person,2014
2618,POGO8057,Managing Government Finances,Winter Session,Postgraduate,6.0,In Person,2014
2619,BUSN8062,Managing Major Projects: The Cross-Boundary Project Executive,First Semester,Postgraduate,6.0,In Person,2014
2620,POGO8204,Managing Operations,,Postgraduate,6.0,In Person,2014
2621,MGMT2035,Managing Organisational Change,First Semester,Undergraduate,6.0,In Person,2014
2622,POGO8203,Managing Performance,,Postgraduate,6.0,In Person,2014
2623,HUMN8021,Managing Small Museums and Heritage Places,,Postgraduate,6.0,In Person,2014
2624,COMP3120,Managing Software Development,First Semester,Undergraduate,6.0,In Person,2014
2625,COMP8110,Managing Software Projects in a System Context,Second Semester,Postgraduate,6.0,In Person,2014
2626,COMP4130,Managing Software Quality and Process,First Semester,Undergraduate,6.0,In Person,2014
2627,MGMT7007,Managing for Sustainability,First Semester,Postgraduate,6.0,In Person,2014
2628,MGMT8182,Managing in a Global Economy,,Postgraduate,6.0,In Person,2014
2629,BUSI7001,Managing the Global Supply Chain,,Postgraduate,6.0,In Person,2014
2630,STAT8010,Managing the Research Process,,Postgraduate,6.0,In Person,2014
2631,ARCH8034,"Managing, Mapping and Detecting Archaeological Sites",Spring Session,Postgraduate,6.0,In Person,2014
2632,ENGN3212,Manufacturing Technologies,First Semester,Undergraduate,6.0,In Person,2014
2633,ENGN6212,Manufacturing Technologies,First Semester,Postgraduate,6.0,In Person,2014
2634,EMSC3023,Marine Biogeochemistry,First Semester,Undergraduate,6.0,In Person,2014
2635,EMSC6023,Marine Biogeochemistry,First Semester,Postgraduate,6.0,In Person,2014
2636,BIOL6116,Marine Ecology,Second Semester,Postgraduate,6.0,In Person,2014
2637,BIOL3116,Marine Ecology,Second Semester,Undergraduate,6.0,In Person,2014
2638,LAWS8129,Marine and Coastal Law,,Postgraduate,6.0,In Person,2014
2639,MKTG7001,Marketing,First Semester,Postgraduate,6.0,In Person,2014
2640,MKTG2004,Marketing,Summer Session/First Semester/Second Semester,Undergraduate,6.0,In Person,2014
2641,MKTG8001,Marketing Analytics,,Postgraduate,6.0,In Person,2014
2642,MKTG7028,Marketing Communications,First Semester,Postgraduate,6.0,In Person,2014
2643,MKTG8043,Marketing Concepts and Practice,Second Semester/Spring Session,Postgraduate,6.0,In Person,2014
2644,MKTG8002,Marketing Metrics and Firm Value,,Postgraduate,6.0,In Person,2014
2645,MKTG8003,Marketing Models,,Postgraduate,6.0,In Person,2014
2646,MKTG2001,Marketing Research,Second Semester,Undergraduate,6.0,In Person,2014
2647,STAT6006,Marketing Research Methods,,Postgraduate,6.0,In Person,2014
2648,MKTG7027,Marketing Strategy,,Postgraduate,6.0,In Person,2014
2649,MKTG2003,Marketing for Financial Services,Second Semester,Undergraduate,6.0,In Person,2014
2650,BUSI8012,Marketing in the Asia-Pacific Region,,Postgraduate,6.0,In Person,2014
2651,ARCH8037,Master Class in Archaeological Science,Summer Session/Autumn Session/Winter Session,Postgraduate,6.0,In Person,2014
2652,SOCS8900F,"Master Research Course in History, RSSS",,Research,6.0,In Person,2014
2653,SOCS8900P,"Master Research Course in History, RSSS",,Research,6.0,In Person,2014
2654,LAWS8900F,"Master Research Course in Law, Faculty of Law",,Research,6.0,In Person,2014
2655,LAWS8900P,"Master Research Course in Law, Faculty of Law",,Research,6.0,In Person,2014
2656,MMIB8900F,"Master Research Course, Research School of Management",,Research,24.0,In Person,2014
2657,MMIB8900P,"Master Research Course, Research School of Management",,Research,24.0,In Person,2014
2658,BUSN8802,Master Research Project (Commerce),First Semester/Second Semester,Postgraduate,12.0,In Person,2014
2659,MMIB8005,Master Sub-Thesis (Business Studies),First Semester/Second Semester,Postgraduate,18.0,In Person,2014
2660,MMIB8006,Master Sub-Thesis (Business Studies),First Semester/Second Semester,Postgraduate,24.0,In Person,2014
2661,BUSN8803,Master Sub-Thesis (Commerce),First Semester/Second Semester,Postgraduate,18.0,In Person,2014
2662,BUSN8804,Master Sub-Thesis (Commerce),First Semester/Second Semester,Postgraduate,24.0,In Person,2014
2663,ENGN8180,Master Thesis Project,Summer Session/First Semester/Second Semester,Postgraduate,12.0,In Person,2014
2664,ANTH8052,Master of Anthropology Thesis F,Summer Session/First Semester/Second Semester,Postgraduate,24.0,In Person,2014
2665,ANTH8051,Master of Anthropology Thesis P,Summer Session/First Semester/Second Semester,Postgraduate,12.0,In Person,2014
2666,LING7103,Master of Applied  Linguistics Sub-Thesis,First Semester/Second Semester,Postgraduate,18.0,In Person,2014
2667,ANTH8053P,Master of Applied Anthropology and Participatory Development Thesis,,Postgraduate,12.0,In Person,2014
2668,LING7102,Master of Applied Linguistics Sub-Thesis,First Semester/Second Semester,Postgraduate,12.0,Blended,2014
2669,LING7101,Master of Applied Linguistics Sub-Thesis (P/T),First Semester/Second Semester,Postgraduate,6.0,In Person,2014
2670,ARTH8019,Master of Art History and Curatorial Studies Sub-Thesis,First Semester/Second Semester,Postgraduate,12.0,In Person,2014
2671,BIAN8006,Master of Biological Anthropology Thesis F,First Semester/Second Semester,Postgraduate,24.0,In Person,2014
2672,BIAN8007,Master of Biological Anthropology Thesis P,First Semester/Second Semester,Postgraduate,12.0,In Person,2014
2673,CLAS8017,Master of Classical Studies Sub-Thesis,First Semester/Second Semester,Postgraduate,12.0,In Person,2014
2674,CHMD8018,Master of Culture Health and Medicine Sub-Thesis FT,First Semester/Second Semester,Postgraduate,24.0,In Person,2014
2675,CHMD8017,Master of Culture Health and Medicine Sub-Thesis PT,First Semester/Second Semester,Postgraduate,12.0,In Person,2014
2676,POLS8034,Master of Globalisation Sub-Thesis,Second Semester,Postgraduate,12.0,In Person,2014
2677,HIST8020,Master of History Sub-Thesis,First Semester/Second Semester,Postgraduate,12.0,In Person,2014
2678,HUMN8002,Master of Liberal Arts Honours,First Semester/Second Semester,Postgraduate,12.0,In Person,2014
2679,LING7114,Master of Linguistics Sub-Thesis,First Semester/Second Semester,Postgraduate,6.0,Blended,2014
2680,PHYS8207,Master of Nuclear Science Research Project,Summer Session/First Semester/Second Semester,Postgraduate,6.0,In Person,2014
2681,HLTH8000P,"Master of Philosophy (Centre for Research on Ageing, Health and Wellbeing)",,Research,6.0,In Person,2014
2682,HLTH8000F,"Master of Philosophy (Centre for Research on Ageing, Health and Wellbeing)",,Research,6.0,In Person,2014
2683,COMP8900F,Master of Philosophy (Computer Science),,Research,3.0,In Person,2014
2684,COMP8900P,Master of Philosophy (Computer Science),,Research,3.0,In Person,2014
2685,DIPL8500F,"Master of Philosophy (Diplomacy, School of Regulation, Justice and Diplomacy)",,Research,24.0,In Person,2014
2686,DIPL8500P,"Master of Philosophy (Diplomacy, School of Regulation, Justice and Diplomacy)",,Research,24.0,In Person,2014
2687,ENGN8900P,Master of Philosophy (Engineering),,Research,3.0,In Person,2014
2688,ENGN8900F,Master of Philosophy (Engineering),,Research,3.0,In Person,2014
2689,PAAS8956P,"Master of Philosophy (Gender Relations,RSPAS)",,Research,24.0,In Person,2014
2690,PAAS8956F,"Master of Philosophy (Gender Relations,RSPAS)",,Research,24.0,In Person,2014
2691,PAAS8954F,"Master of Philosophy (Human Geography,RSPAS)",,Research,24.0,In Person,2014
2692,PAAS8954P,"Master of Philosophy (Human Geography,RSPAS)",,Research,24.0,In Person,2014
2693,PSYC8900F,"Master of Philosophy - Research Course in Psychology, Department of Pyschology, SHPS",,Research,6.0,In Person,2014
2694,PSYC8900P,"Master of Philosophy - Research Course in Psychology, Department of Pyschology, SHPS",,Research,6.0,In Person,2014
2695,HECN8952F,"Master of Philosophy - Research Course,  ACERH, Institute of Population Health",,Research,24.0,In Person,2014
2696,HECN8952P,"Master of Philosophy - Research Course,  ACERH, Institute of Population Health",,Research,24.0,In Person,2014
2697,HLTH8550F,"Master of Philosophy - Research Course,  CMHR, Institute of Population Health",,Research,24.0,In Person,2014
2698,HLTH8550P,"Master of Philosophy - Research Course,  CMHR, Institute of Population Health",,Research,24.0,In Person,2014
2699,POPH8950P,"Master of Philosophy - Research Course,  NCEPH, Institute of Population Health",,Research,6.0,In Person,2014
2700,POPH8950F,"Master of Philosophy - Research Course,  NCEPH, Institute of Population Health",,Research,6.0,In Person,2014
2701,MEDN8550F,"Master of Philosophy - Research Course, John Curtin School of Medical Research",,Research,6.0,In Person,2014
2702,MEDN8550P,"Master of Philosophy - Research Course, John Curtin School of Medical Research",,Research,6.0,In Person,2014
2703,MEDI8950P,"Master of Philosophy - Research Course, Medical School",,Research,6.0,In Person,2014
2704,MEDI8950F,"Master of Philosophy - Research Course, Medical School",,Research,6.0,In Person,2014
2705,ASTR8950F,"Master of Philosophy - Research Course, Research School of Astronomy & Astrophysics",,Research,24.0,In Person,2014
2706,ASTR8950P,"Master of Philosophy - Research Course, Research School of Astronomy & Astrophysics",,Research,24.0,In Person,2014
2707,CHEM8950P,"Master of Philosophy - Research Course, Research School of Chemistry",,Research,6.0,In Person,2014
2708,CHEM8950F,"Master of Philosophy - Research Course, Research School of Chemistry",,Research,6.0,In Person,2014
2709,EMSC8905F,"Master of Philosophy in Earth Chemistry, Research School of Earth Sciences",,Research,3.0,In Person,2014
2710,EMSC8905P,"Master of Philosophy in Earth Chemistry, Research School of Earth Sciences",,Research,3.0,In Person,2014
2711,EMSC8904F,"Master of Philosophy in Earth Environment, Research School of Earth Sciences",,Research,3.0,In Person,2014
2712,EMSC8904P,"Master of Philosophy in Earth Environment, Research School of Earth Sciences",,Research,3.0,In Person,2014
2713,EMSC8903F,"Master of Philosophy in Earth Materials and Processes, Research School of Earth Sciences",,Research,3.0,In Person,2014
2714,EMSC8903P,"Master of Philosophy in Earth Materials and Processes, Research School of Earth Sciences",,Research,3.0,In Person,2014
2715,EMSC8902P,"Master of Philosophy in Earth Physics, Research School of Earth Sciences",,Research,3.0,In Person,2014
2716,EMSC8902F,"Master of Philosophy in Earth Physics, Research School of Earth Sciences",,Research,3.0,In Person,2014
2717,EMSC8901F,"Master of Philosophy in Earth Sciences, Research School of Earth Sciences",,Research,3.0,In Person,2014
2718,EMSC8901P,"Master of Philosophy in Earth Sciences, Research School of Earth Sciences",,Research,3.0,In Person,2014
2719,PUBH8950P,"Master of Philosophy,  APHCRI, Institute of Population Health",,Research,24.0,In Person,2014
2720,PUBH8950F,"Master of Philosophy,  APHCRI, Institute of Population Health",,Research,24.0,In Person,2014
2721,PHYS8900F,"Master of Philosophy,  Quantum Science, Research School of Physics and Engineering",,Research,24.0,In Person,2014
2722,PHYS8900P,"Master of Philosophy,  Quantum Science, Research School of Physics and Engineering",,Research,24.0,In Person,2014
2723,PHYS8956P,"Master of Philosophy, Applied Mathematics, Research School of Physics and Engineering",,Research,24.0,In Person,2014
2724,PHYS8956F,"Master of Philosophy, Applied Mathematics, Research School of Physics and Engineering",,Research,24.0,In Person,2014
2725,BIOL8901F,"Master of Philosophy, Biomedical Science & Biochemistry, Research School of Biology",,Research,6.0,In Person,2014
2726,BIOL8901P,"Master of Philosophy, Biomedical Science & Biochemistry, Research School of Biology",,Research,6.0,In Person,2014
2727,ENVS8907F,"Master of Philosophy, Environmental Science, Fenner School of Environment and Society",,Research,24.0,In Person,2014
2728,ENVS8907P,"Master of Philosophy, Environmental Science, Fenner School of Environment and Society",,Research,24.0,In Person,2014
2729,BIOL8900F,"Master of Philosophy, Evolution, Ecology and Genetics, Research School of Biology",,Research,24.0,In Person,2014
2730,BIOL8900P,"Master of Philosophy, Evolution, Ecology and Genetics, Research School of Biology",,Research,24.0,In Person,2014
2731,ENVS8900P,"Master of Philosophy, Forestry, Fenner School of Environment and Society",,Research,24.0,In Person,2014
2732,ENVS8900F,"Master of Philosophy, Forestry, Fenner School of Environment and Society",,Research,24.0,In Person,2014
2733,GMTH8950F,"Master of Philosophy, General Mathematics, Mathematical Sciences Institute",,Research,6.0,In Person,2014
2734,GMTH8950P,"Master of Philosophy, General Mathematics, Mathematical Sciences Institute",,Research,6.0,In Person,2014
2735,ENVS8901P,"Master of Philosophy, Geography, Fenner School of Environment and Society",,Research,24.0,In Person,2014
2736,ENVS8901F,"Master of Philosophy, Geography, Fenner School of Environment and Society",,Research,24.0,In Person,2014
2737,ENVS8904F,"Master of Philosophy, Global Environmental Change, Fenner School of Environment and Society",,Research,24.0,In Person,2014
2738,ENVS8904P,"Master of Philosophy, Global Environmental Change, Fenner School of Environment and Society",,Research,24.0,In Person,2014
2739,ENVS8906P,"Master of Philosophy, Human Ecology, Fenner School of Environment and Society",,Research,24.0,In Person,2014
2740,ENVS8906F,"Master of Philosophy, Human Ecology, Fenner School of Environment and Society",,Research,24.0,In Person,2014
2741,ENVS8908F,"Master of Philosophy, Interdisciplinary Environmental Studies, Fenner School of Environment and Soci",,Research,24.0,In Person,2014
2742,ENVS8908P,"Master of Philosophy, Interdisciplinary Environmental Studies, Fenner School of Environment and Soci",,Research,24.0,In Person,2014
2743,ENVS8903P,"Master of Philosophy, LE&CB, Fenner School of Environment and Society",,Research,6.0,In Person,2014
2744,ENVS8903F,"Master of Philosophy, LE&CB, Fenner School of Environment and Society",,Research,6.0,In Person,2014
2745,PHYS8954P,"Master of Philosophy, Laser Physics Centre, Research School of Physics and Engineering",,Research,24.0,In Person,2014
2746,PHYS8954F,"Master of Philosophy, Laser Physics Centre, Research School of Physics and Engineering",,Research,24.0,In Person,2014
2747,PHYS8961P,"Master of Philosophy, Non-Linear Physics, Research School of Physics and Engineering",,Research,24.0,In Person,2014
2748,PHYS8961F,"Master of Philosophy, Non-Linear Physics, Research School of Physics and Engineering",,Research,24.0,In Person,2014
2749,PHYS8957F,"Master of Philosophy, Nuclear Physics, Research School of Physics and Engineering",,Research,24.0,In Person,2014
2750,PHYS8957P,"Master of Philosophy, Nuclear Physics, Research School of Physics and Engineering",,Research,24.0,In Person,2014
2751,PHYS8960P,"Master of Philosophy, Optical Sciences, Research School of Physics and Engineering",,Research,24.0,In Person,2014
2752,PHYS8960F,"Master of Philosophy, Optical Sciences, Research School of Physics and Engineering",,Research,24.0,In Person,2014
2753,BIOL8902F,"Master of Philosophy, Plant Sciences, Research School of Biology",,Research,24.0,In Person,2014
2754,BIOL8902P,"Master of Philosophy, Plant Sciences, Research School of Biology",,Research,24.0,In Person,2014
2755,PHYS8959F,"Master of Philosophy, Plasma Research, Research School of Physics and Engineering",,Research,6.0,In Person,2014
2756,PHYS8959P,"Master of Philosophy, Plasma Research, Research School of Physics and Engineering",,Research,6.0,In Person,2014
2757,ENVS8902F,"Master of Philosophy, Sustainable Development, Fenner School of Environment and Society",,Research,24.0,In Person,2014
2758,ENVS8902P,"Master of Philosophy, Sustainable Development, Fenner School of Environment and Society",,Research,24.0,In Person,2014
2759,PHYS8958F,"Master of Philosophy, Theoretical Physics, Research School of Physics and Engineering",,Research,24.0,In Person,2014
2760,PHYS8958P,"Master of Philosophy, Theoretical Physics, Research School of Physics and Engineering",,Research,24.0,In Person,2014
2761,PHYS8505,Master of Photonics Research Project,First Semester/Winter Session/Second Semester,Postgraduate,6.0,In Person,2014
2762,SCOM7000,Master of Science Communication Research Project,Summer Session/First Semester/Autumn Session/Winter Session/Second Semester/Spring Session,Postgraduate,3.0,In Person,2014
2763,HUMN8020,Masterclass in Cultural Heritage and Collections,,Postgraduate,6.0,In Person,2014
2764,VISC8003,Masterclasses in Ethnographic Film,First Semester,Postgraduate,6.0,In Person,2014
2765,ENVS8000P,Masters Dissertation,First Semester/Second Semester,Postgraduate,12.0,In Person,2014
2766,ENVS8000F,Masters Dissertation,First Semester/Second Semester,Postgraduate,12.0,In Person,2014
2767,IDEC8064,Masters Microeconomics,First Semester,Postgraduate,6.0,In Person,2014
2768,IDEC8011,Masters Research Essay,First Semester/Second Semester,Postgraduate,6.0,In Person,2014
2769,MICR8910P,Masters Research Thesis in Microscopy,,Research,6.0,In Person,2014
2770,MICR8910F,Masters Research Thesis in Microscopy,,Research,6.0,In Person,2014
2771,INDG8900P,"Masters of Philosophy (Research in Indigenous Studies, National Centre for Indigenous Studies)",,Research,6.0,In Person,2014
2772,INDG8900F,"Masters of Philosophy (Research in Indigenous Studies, National Centre for Indigenous Studies)",,Research,6.0,In Person,2014
2773,HUMN8010,Material Culture Studies,Second Semester,Postgraduate,6.0,Online or In Person,2014
2774,MATH4009P,Mathematical Applications and Computations IV Honours,First Semester/Second Semester,Undergraduate,12.0,In Person,2014
2775,MATH4009F,Mathematical Applications and Computations IV Honours,First Semester/Second Semester,Undergraduate,12.0,In Person,2014
2776,MATH6115,Mathematical Finance,Second Semester,Postgraduate,6.0,In Person,2014
2777,MATH1113,Mathematical Foundations for Actuarial Studies,Second Semester,Undergraduate,6.0,In Person,2014
2778,IDEC8015,Mathematical Methods in Applied Economics,First Semester,Postgraduate,6.0,In Person,2014
2779,ECON8013,Mathematical Techniques in Economics I,First Semester,Postgraduate,6.0,In Person,2014
2780,ECON8014,Mathematical Techniques in Economics II,Second Semester,Postgraduate,6.0,In Person,2014
2781,MATH4005F,Mathematics IV Honours (S),First Semester/Second Semester,Undergraduate,12.0,In Person,2014
2782,MATH4005P,Mathematics IV Honours (S),First Semester/Second Semester,Undergraduate,12.0,In Person,2014
2783,MATH8702,Mathematics Reading Course,First Semester/Second Semester,Postgraduate,6.0,In Person,2014
2784,MATH8701,Mathematics Research Project,Summer Session/First Semester/Second Semester,Postgraduate,6.0,In Person,2014
2785,MATH8705,Mathematics Special Topic,First Semester/Second Semester,Postgraduate,6.0,In Person,2014
2786,MATH1013,Mathematics and Applications 1,First Semester/Second Semester,Undergraduate,6.0,In Person,2014
2787,MATH1115,Mathematics and Applications 1 Honours,First Semester,Undergraduate,6.0,In Person,2014
2788,MATH1014,Mathematics and Applications 2,First Semester/Second Semester,Undergraduate,6.0,In Person,2014
2789,MATH1116,Mathematics and Applications 2 Honours,Second Semester,Undergraduate,6.0,In Person,2014
2790,DEMO6926,Mathematics and Computing for Social Scientists,Summer Session,Postgraduate,6.0,In Person,2014
2791,ECON2125,Mathematics for Economists A,First Semester,Undergraduate,6.0,In Person,2014
2792,ECON2127,Mathematics for Economists B,Second Semester,Undergraduate,6.0,In Person,2014
2793,MATH3015,Mathematics of Finance,Second Semester,Undergraduate,6.0,In Person,2014
2794,ASGS1025,Maths Bridging,Second Semester,Undergraduate,12.0,In Person,2014
2795,MATH2405,Maths Methods 1 Honours: Ordinary Differential Equations and Advanced Vector Calculus,First Semester,Undergraduate,6.0,In Person,2014
2796,MATH2406,"Maths Methods 2 Honours:  Partial Differential Equations,  Fourier Analysis and Complex Analysis",Second Semester,Undergraduate,6.0,In Person,2014
2797,MATH3512,Matrix Computations,,Undergraduate,6.0,In Person,2014
2798,MATH6112,Matrix Computations,,Postgraduate,6.0,In Person,2014
2799,ENVS8006,Measuring Forest Carbon,Winter Session,Postgraduate,6.0,In Person,2014
2800,ANTH8057,Measuring and analysing Indigenous wellbeing,,Postgraduate,6.0,In Person,2014
2801,ENGN2217,Mechanical Systems and Design,First Semester,Undergraduate,6.0,In Person,2014
2802,ARTV2622,Media Arts: An Historical and Theoretical Overview,First Semester,Undergraduate,6.0,In Person,2014
2803,POLS2104,"Media Politics: Political leaders, media moguls, journalists and audiences.",,Undergraduate,6.0,In Person,2014
2804,LAWS8172,Media and Communications Law,,Postgraduate,6.0,In Person,2014
2805,ANTH2128,Media and Modernity,,Undergraduate,6.0,In Person,2014
2806,ASIA2091,Media in Asia,Second Semester,Undergraduate,6.0,In Person,2014
2807,ANTH6026,Medical Anthropology,First Semester,Postgraduate,6.0,In Person,2014
2808,ANTH2026,Medical Anthropology,First Semester,Undergraduate,6.0,In Person,2014
2809,BIOL3190,Medical Science in the Workplace,Second Semester,Undergraduate,6.0,In Person,2014
2810,MEDI8011,Medicine 1A,First Semester,Postgraduate,24.0,In Person,2014
2811,MEDI1001,Medicine 1A,First Semester,Undergraduate,24.0,In Person,2014
2812,MEDI1002,Medicine 1B,Second Semester,Undergraduate,24.0,In Person,2014
2813,MEDI8012,Medicine 1B,Second Semester,Postgraduate,24.0,In Person,2014
2814,MEDI2000A,Medicine 2,First Semester,Undergraduate,24.0,In Person,2014
2815,MEDI2000B,Medicine 2,Second Semester,Undergraduate,24.0,In Person,2014
2816,MEDI8020A,Medicine 2,First Semester,Postgraduate,24.0,In Person,2014
2817,MEDI8020B,Medicine 2,Second Semester,Postgraduate,24.0,In Person,2014
2818,MEDI2001,Medicine 2A,First Semester,Undergraduate,24.0,In Person,2014
2819,MEDI2002,Medicine 2B,Second Semester,Undergraduate,24.0,In Person,2014
2820,MEDI3000A,Medicine 3,First Semester,Undergraduate,24.0,In Person,2014
2821,MEDI8030A,Medicine 3,First Semester,Postgraduate,24.0,In Person,2014
2822,MEDI3000,Medicine 3,Second Semester,Undergraduate,24.0,In Person,2014
2823,MEDI3000B,Medicine 3,Second Semester,Undergraduate,24.0,In Person,2014
2824,MEDI8030B,Medicine 3,Second Semester,Postgraduate,24.0,In Person,2014
2825,MEDI4000A,Medicine 4,First Semester,Undergraduate,24.0,In Person,2014
2826,MEDI8040B,Medicine 4,Second Semester,Postgraduate,24.0,In Person,2014
2827,MEDI4000B,Medicine 4,Second Semester,Undergraduate,24.0,In Person,2014
2828,MEDI8040A,Medicine 4,First Semester,Postgraduate,24.0,In Person,2014
2829,MEDI4001,Medicine 4A,First Semester/Second Semester,Undergraduate,24.0,In Person,2014
2830,MEDI4002,Medicine 4B,First Semester/Second Semester,Undergraduate,24.0,In Person,2014
2831,CHMD8008,Medicine and Society in History,Second Semester,Postgraduate,6.0,In Person,2014
2832,HIST2220,Medieval History,,Undergraduate,6.0,In Person,2014
2833,EMSC3032,"Melting Polar Ice Sheets, Sea Level Variations and Climate Change",,Undergraduate,6.0,In Person,2014
2834,EMSC6032,"Melting Polar Ice Sheets, Sea Level Variations and Climate Change",,Postgraduate,6.0,In Person,2014
2835,ARTV2024,Memory,First Semester,Undergraduate,6.0,In Person,2014
2836,ARTV6103,Memory,First Semester,Postgraduate,6.0,In Person,2014
2837,POPM8001,Mental Health,Winter Session,Postgraduate,6.0,In Person,2014
2838,FINM7026,Mergers and Acquisitions,,Postgraduate,3.0,In Person,2014
2839,PHIL2117,Meta-ethics,,Undergraduate,6.0,In Person,2014
2840,ARTH8012,Methodologies of Art History,First Semester,Postgraduate,12.0,Online or In Person,2014
2841,EMDV8002,Methods for Environmental Decision-Making,Spring Session,Postgraduate,6.0,In Person,2014
2842,POPH8315,Methods in Applied Epidemiological Research,Second Semester,Postgraduate,6.0,In Person,2014
2843,POPH8915,Methods in Applied Epidemiological Research,,Research,6.0,In Person,2014
2844,ARCH8040,Microanalysis in Archaeological Science,First Semester,Postgraduate,6.0,In Person,2014
2845,IDEC8016,Microeconomic Analysis and Policy,First Semester,Postgraduate,6.0,In Person,2014
2846,ECON7073,Microeconomic Principles for Economic Policy,First Semester/Second Semester,Postgraduate,6.0,In Person,2014
2847,ECON8011,Microeconomic Theory,First Semester,Postgraduate,6.0,In Person,2014
2848,ECON1101,Microeconomics 1,First Semester/Second Semester,Undergraduate,6.0,In Person,2014
2849,ECON2111,Microeconomics 2(H),First Semester,Undergraduate,6.0,In Person,2014
2850,ECON2101,Microeconomics 2(P),First Semester,Undergraduate,6.0,In Person,2014
2851,ECON3101,Microeconomics 3,First Semester,Undergraduate,6.0,In Person,2014
2852,PHYS3051,"Microphotonics, Biophotonics & Nanophotonics",Second Semester,Undergraduate,6.0,In Person,2014
2853,ENGN6613,"Microphotonics, Biophotonics and Nanophotonics",Second Semester,Postgraduate,6.0,In Person,2014
2854,PHYS6502,"Microphotonics, Biophotonics and Nanophotonics",Second Semester,Postgraduate,6.0,In Person,2014
2855,ENGN4613,"Microphotonics, Biophotonics and Nanophotonics",Second Semester,Undergraduate,6.0,In Person,2014
2856,MICR4005F,Microscopy IV Honours,First Semester,Undergraduate,24.0,In Person,2014
2857,MICR4005P,Microscopy IV Honours,First Semester,Undergraduate,24.0,In Person,2014
2858,MICR6101,Microscopy for Physical Sciences,,Postgraduate,6.0,In Person,2014
2859,MEAS7000,Middle Eastern and Central Asian Studies Sub-Thesis,Summer Session/First Semester/Autumn Session/Winter Session/Second Semester/Spring Session,Postgraduate,18.0,In Person,2014
2860,MEAS7001,Middle Eastern and Central Asian Studies Sub-Thesis (Part- Time),Summer Session/First Semester/Winter Session/Second Semester/Spring Session,Postgraduate,9.0,In Person,2014
2861,MEAS7100,Middle Eastern and Central Asian Sub-Thesis_(Intensive),Summer Session/First Semester/Autumn Session/Winter Session/Second Semester/Spring Session,Postgraduate,36.0,In Person,2014
2862,MEAS7102,Middle Eastern and Central Asian Sub-thesis,Summer Session/First Semester/Winter Session/Second Semester/Spring Session,Postgraduate,18.0,In Person,2014
2863,MEAS7101,Middle Eastern and Central Asian Sub-thesis (Part-time),Summer Session/First Semester/Autumn Session/Winter Session/Second Semester/Spring Session,Postgraduate,9.0,In Person,2014
2864,LAWS2269,Migration Law,Summer Session,Undergraduate,6.0,In Person,2014
2865,LAWS8176,Migration Law,,Postgraduate,6.0,In Person,2014
2866,ANTH8042,"Migration, Refugees and Development",Second Semester,Postgraduate,6.0,Online or In Person,2014
2867,LAWS8163,Military Administrative Law,Autumn Session,Postgraduate,6.0,In Person,2014
2868,LAWS8160,Military Discipline Law,Winter Session,Postgraduate,6.0,In Person,2014
2869,LAWS8161,Military Legal Practice,Spring Session,Postgraduate,6.0,In Person,2014
2870,LAWS8162,Military Operations Law,Summer Session,Postgraduate,6.0,In Person,2014
2871,ANTH8014,Mining Projects and Indigenous Peoples,Second Semester,Postgraduate,6.0,Online,2014
2872,SOCY2060,Mobile Societies,,Undergraduate,6.0,In Person,2014
2873,VCPG6002,Mobilising Research,Second Semester,Postgraduate,6.0,In Person,2014
2874,VCUG3002,Mobilising Research,Second Semester,Undergraduate,6.0,In Person,2014
2875,COMP8190,Model-Driven Software Development,Second Semester,Postgraduate,6.0,In Person,2014
2876,IDEC8127,Modelling the Global Economy: techniques and policy implications,Second Semester,Postgraduate,6.0,In Person,2014
2877,ENGL2006,Modern American Fiction,,Undergraduate,6.0,In Person,2014
2878,ASIA2078,Modern Arts in Taiwan,,Undergraduate,6.0,In Person,2014
2879,ASIA6078,Modern Arts in Taiwan,,Postgraduate,6.0,Online or In Person,2014
2880,ENGL2108,Modern Australian Drama,First Semester,Undergraduate,6.0,In Person,2014
2881,CHIN1012,Modern Chinese 1A: Spoken Chinese,First Semester,Undergraduate,6.0,In Person,2014
2882,CHIN6012,Modern Chinese 1A: Spoken Chinese,First Semester,Postgraduate,6.0,In Person,2014
2883,CHIN1013,Modern Chinese 1B: Written Chinese,First Semester,Undergraduate,6.0,In Person,2014
2884,CHIN6013,Modern Chinese 1B: Written Chinese,First Semester,Postgraduate,6.0,In Person,2014
2885,CHIN6022,Modern Chinese 2A: Spoken Chinese,Second Semester,Postgraduate,6.0,In Person,2014
2886,CHIN2022,Modern Chinese 2A: Spoken Chinese,Second Semester,Undergraduate,6.0,In Person,2014
2887,CHIN2023,Modern Chinese 2B: Written Chinese,Second Semester,Undergraduate,6.0,In Person,2014
2888,CHIN6023,Modern Chinese 2B: Written Chinese,Second Semester,Postgraduate,6.0,In Person,2014
2889,CHIN3020,Modern Chinese 3,First Semester,Undergraduate,6.0,In Person,2014
2890,CHIN6520,Modern Chinese 3,First Semester,Postgraduate,6.0,In Person,2014
2891,CHIN3021,Modern Chinese 4,Second Semester,Undergraduate,6.0,In Person,2014
2892,CHIN6521,Modern Chinese 4,Second Semester,Postgraduate,6.0,In Person,2014
2893,CHIN3022,Modern Chinese 5,First Semester,Undergraduate,6.0,In Person,2014
2894,CHIN6522,Modern Chinese 5,First Semester,Postgraduate,6.0,In Person,2014
2895,CHIN3023,Modern Chinese 6,Second Semester,Undergraduate,6.0,In Person,2014
2896,CHIN6523,Modern Chinese 6,Second Semester,Postgraduate,6.0,In Person,2014
2897,CHIN3024,Modern Chinese 7,First Semester,Undergraduate,6.0,In Person,2014
2898,CHIN6524,Modern Chinese 7,First Semester,Postgraduate,6.0,In Person,2014
2899,CHIN3025,Modern Chinese 8,Second Semester,Undergraduate,6.0,In Person,2014
2900,CHIN6525,Modern Chinese 8,Second Semester,Postgraduate,6.0,In Person,2014
2901,ASIA2034,Modern Chinese Fictions: Identity Politics in China Now,,Undergraduate,6.0,In Person,2014
2902,ASIA6034,Modern Chinese Fictions: Identity Politics in China Now,,Postgraduate,6.0,In Person,2014
2903,ENGL2101,Modern European Theatre,,Undergraduate,6.0,In Person,2014
2904,ASIA2058,Modern Japanese Culture,Second Semester,Undergraduate,6.0,In Person,2014
2905,ASIA2009,Modern Japanese Society,First Semester,Undergraduate,6.0,In Person,2014
2906,ASIA6010,Modern Japanese Society,First Semester,Postgraduate,6.0,In Person,2014
2907,JAVA2005,Modern Javanese A,First Semester,Undergraduate,6.0,In Person,2014
2908,JAVA6005,Modern Javanese A,First Semester,Postgraduate,6.0,In Person,2014
2909,JAVA3005,Modern Javanese B,Second Semester,Undergraduate,6.0,In Person,2014
2910,JAVA6505,Modern Javanese B,Second Semester,Postgraduate,6.0,In Person,2014
2911,ASIA2040,Modern Korea,,Undergraduate,6.0,In Person,2014
2912,ASIA6006,Modern Korea,,Postgraduate,6.0,In Person,2014
2913,KORE1020,Modern Korean 1,First Semester,Undergraduate,6.0,In Person,2014
2914,KORE6120,Modern Korean 1,First Semester,Postgraduate,6.0,In Person,2014
2915,KORE6121,Modern Korean 2,Second Semester,Postgraduate,6.0,In Person,2014
2916,KORE1021,Modern Korean 2,Second Semester,Undergraduate,6.0,In Person,2014
2917,KORE2521,Modern Korean 3,First Semester,Undergraduate,12.0,In Person,2014
2918,KORE6521,Modern Korean 3,First Semester,Postgraduate,12.0,In Person,2014
2919,KORE6522,Modern Korean 4,Second Semester,Postgraduate,12.0,In Person,2014
2920,KORE2522,Modern Korean 4,Second Semester,Undergraduate,12.0,In Person,2014
2921,KORE6512,Modern Korean 5,First Semester,Postgraduate,6.0,In Person,2014
2922,KORE3012,Modern Korean 5,First Semester,Undergraduate,6.0,In Person,2014
2923,KORE3013,Modern Korean 6,Second Semester,Undergraduate,6.0,In Person,2014
2924,KORE6513,Modern Korean 6,Second Semester,Postgraduate,6.0,In Person,2014
2925,ENGL2069,Modern Novel Into Film,First Semester,Undergraduate,6.0,In Person,2014
2926,THAI3006,Modern Thai Prose,First Semester,Undergraduate,6.0,Online or In Person,2014
2927,THAI6506,Modern Thai Prose,First Semester,Postgraduate,6.0,Online or In Person,2014
2928,THAI3012,Modern Thai Prose: In-Country,,Undergraduate,6.0,In Person,2014
2929,PHIL2074,Modern Theories of Knowledge,First Semester,Undergraduate,6.0,In Person,2014
2930,MEAS2003,"Modern Turkey: History, Culture and Regional Relations",,Undergraduate,6.0,In Person,2014
2931,MEAS6503,"Modern Turkey: History, Culture and Regional Relations",,Postgraduate,6.0,In Person,2014
2932,ARTH2043,Modernism and Postmodernism in Art and Design: 1850-2000,,Undergraduate,6.0,In Person,2014
2933,ARTH6043,Modernism and Postmodernism in Art and Design: 1850-2000,,Postgraduate,6.0,Online or In Person,2014
2934,ENGL2080,Modernist Literature 1890-1940,,Undergraduate,6.0,In Person,2014
2935,BIOL6162,Molecular Gene Technology,Second Semester,Postgraduate,6.0,In Person,2014
2936,BIOL2162,Molecular Gene Technology,Second Semester,Undergraduate,6.0,In Person,2014
2937,BIOL6144,Molecular Immunology,Second Semester,Postgraduate,6.0,In Person,2014
2938,BIOL3144,Molecular Immunology,Second Semester,Undergraduate,6.0,In Person,2014
2939,IDEC8012,Monetary Policy and Central Banking in the Asia Pacific,Winter Session,Postgraduate,6.0,In Person,2014
2940,ECON2026,Money and Banking,First Semester,Undergraduate,6.0,In Person,2014
2941,MNGL1002,Mongolian 1A,Summer Session,Undergraduate,6.0,In Person,2014
2942,MNGL6002,Mongolian 1A,Summer Session,Postgraduate,6.0,In Person,2014
2943,MNGL1003,Mongolian 1B,,Undergraduate,6.0,In Person,2014
2944,MNGL6003,Mongolian 1B,,Postgraduate,6.0,In Person,2014
2945,POGO8054,Monitoring and Evaluation,,Postgraduate,6.0,In Person,2014
2946,LING2007,Morphology,,Undergraduate,6.0,In Person,2014
2947,LING6007,Morphology,,Postgraduate,6.0,Blended,2014
2948,FILM2005,Moving Pictures: Cinema and the Visual Arts,First Semester,Undergraduate,6.0,In Person,2014
2949,LING7104,Mstr App Ling Sub-Thesis,First Semester/Second Semester,Postgraduate,24.0,Blended,2014
2950,COMP8320,Multicore Computing: Principles and Practice,,Postgraduate,6.0,In Person,2014
2951,COMP4340,Multicore Computing: Principles and Practice,,Undergraduate,6.0,In Person,2014
2952,GEND2032,Multiculturalism in Australia through Food and Sport,,Undergraduate,6.0,In Person,2014
2953,STAT8020,Multivariate Analysis,First Semester,Postgraduate,6.0,In Person,2014
2954,MUSC8013,Museum Education and Heritage Interpretation Study Tour,Winter Session,Postgraduate,6.0,Online or In Person,2014
2955,MUSC8016,Museum Learning: The Politics of Dress,Summer Session,Postgraduate,6.0,Online,2014
2956,MUSC8003,"Museum, Collection, and Heritage Management",,Postgraduate,6.0,In Person,2014
2957,MUSC8011,Museums and Collections: Extended Research Project,Summer Session/First Semester/Autumn Session/Winter Session/Second Semester/Spring Session,Postgraduate,12.0,Online or In Person,2014
2958,MUSC8007,Museums and Collections: Key Concepts and Practices,First Semester,Postgraduate,12.0,Online or In Person,2014
2959,MUSC8002,Museums and Collections: Meaning and Message,,Postgraduate,6.0,Online or In Person,2014
2960,MUSC8009,Museums and Collections: Research Project,Summer Session/First Semester/Autumn Session/Winter Session/Second Semester/Spring Session,Postgraduate,6.0,Online or In Person,2014
2961,MUSC8001,Museums and Society,,Postgraduate,6.0,In Person,2014
2962,MUSC8008,"Museums, Art and Society in the Asia-Pacific",First Semester,Postgraduate,6.0,Online or In Person,2014
2963,MUSI3312,"Music Business, Management and Law",First Semester,Undergraduate,6.0,In Person,2014
2964,MUSM4105F,Music IV Honours (S),,Undergraduate,12.0,In Person,2014
2965,MUSM4105P,Music IV Honours (S),,Undergraduate,12.0,In Person,2014
2966,MUSI1101,Music Performance 1,First Semester/Second Semester,Undergraduate,6.0,In Person,2014
2967,MUSI1102,Music Performance 2,First Semester/Second Semester,Undergraduate,6.0,In Person,2014
2968,MUSI2201,Music Performance 3,First Semester/Second Semester,Undergraduate,6.0,In Person,2014
2969,MUSI2202,Music Performance 4,First Semester/Second Semester,Undergraduate,6.0,In Person,2014
2970,MUSI3301,Music Performance 5,First Semester/Second Semester,Undergraduate,6.0,In Person,2014
2971,MUSI3302,Music Performance 6,First Semester/Second Semester,Undergraduate,6.0,In Person,2014
2972,MUSI2205,Music Performance Project 1,First Semester/Second Semester,Undergraduate,6.0,In Person,2014
2973,MUSI3307,Music Performance Project 2,First Semester/Second Semester,Undergraduate,6.0,In Person,2014
2974,MUSI2209,Music Recording and Production Techniques,First Semester,Undergraduate,6.0,In Person,2014
2975,MUSM3312,Music Research Project,,Undergraduate,6.0,In Person,2014
2976,MUSI2214,Music Research Project 1,First Semester/Second Semester,Undergraduate,6.0,In Person,2014
2977,MUSI3313,Music Research Project 2,First Semester/Second Semester,Undergraduate,6.0,In Person,2014
2978,MUSI4403,Music Sub-Thesis,First Semester/Second Semester,Undergraduate,6.0,In Person,2014
2979,MUSI8100,Music Sub-Thesis,First Semester,Postgraduate,12.0,In Person,2014
2980,MUSI3309,Music and Digital Media,Second Semester,Undergraduate,6.0,In Person,2014
2981,MUSI3310,Music and Globalisation,Second Semester,Undergraduate,6.0,In Person,2014
2982,MUSI2218,Music and Meaning,,Undergraduate,6.0,In Person,2014
2983,MUSI3311,Music and Politics,,Undergraduate,6.0,In Person,2014
2984,ASIA2055,Music and Society in Twentieth-Century Korea,First Semester,Undergraduate,6.0,In Person,2014
2985,ASIA6055,Music and Society in Twentieth-Century Korea,First Semester,Postgraduate,6.0,In Person,2014
2986,SPAN3101,Music and Society in the Spanish Speaking World,First Semester,Undergraduate,6.0,In Person,2014
2987,MUSI2212,Music and Spirituality,First Semester,Undergraduate,6.0,In Person,2014
2988,ASIA2174,Mysticism,First Semester,Undergraduate,6.0,In Person,2014
2989,ASIA6174,Mysticism,First Semester,Postgraduate,6.0,In Person,2014
2990,ARTH1005,"Myth, Ritual and Beauty: An Introduction to Asian Art",Winter Session,Undergraduate,6.0,In Person,2014
2991,CLAS2002,Myths and Legends of Ancient Greece and Rome,First Semester,Undergraduate,6.0,In Person,2014
2992,ECCO9820,NA Economics & Commerce  Research Course for Exchange Students,,Research,6.0,In Person,2014
2993,LAWS9820,NA Law Research Course for Exchange Students,,Research,6.0,In Person,2014
2994,LAWS8018,National Security Law,Spring Session,Postgraduate,6.0,In Person,2014
2995,NSPO8004,National Security Leadership and Risk Management,Second Semester,Postgraduate,6.0,In Person,2014
2996,NSPO8031F,National Security Policy Sub-thesis,First Semester/Second Semester,Postgraduate,24.0,In Person,2014
2997,NSPO8031P,National Security Policy Sub-thesis,First Semester/Second Semester,Postgraduate,24.0,In Person,2014
2998,NSPO8006,National Security Policymaking,Second Semester,Postgraduate,6.0,In Person,2014
2999,NSPO8003,National Security Strategy Planning and Implementation,,Postgraduate,6.0,In Person,2014
3000,NSPO8007,National Security: Concepts and Challenges,First Semester,Postgraduate,6.0,In Person,2014
3001,PASI1011,Navigating Pacific Studies Online Course,First Semester,Undergraduate,6.0,In Person,2014
3002,PASI6011,Navigating Pacific Studies Online Course,First Semester,Postgraduate,6.0,In Person,2014
3003,PASI8006,Navigating the Pacific: Mapping the Study and Research Resources,,Postgraduate,6.0,In Person,2014
3004,PASI3006,Navigating the Pacific: Mapping the study and research resources,,Undergraduate,6.0,In Person,2014
3005,HIST6226,Nazi Germany,,Postgraduate,6.0,In Person,2014
3006,HIST2226,Nazi Germany,,Undergraduate,6.0,In Person,2014
3007,ANTH8044,Negotiating Indigenous Environments,First Semester,Postgraduate,12.0,Online or In Person,2014
3008,MGMT2004,Negotiation,First Semester,Undergraduate,6.0,In Person,2014
3009,DIPL8004,Negotiation and Conflict Resolution,First Semester,Postgraduate,6.0,In Person,2014
3010,COMP2410,Networked Information Systems,First Semester,Undergraduate,6.0,In Person,2014
3011,COMP6340,Networked Information Systems,First Semester,Postgraduate,6.0,In Person,2014
3012,NEUR8704,Neuroscience Essay,Summer Session/First Semester/Autumn Session/Winter Session/Second Semester/Spring Session,Postgraduate,6.0,In Person,2014
3013,NEUR4005P,Neuroscience IV Honours (S),First Semester/Second Semester,Undergraduate,12.0,In Person,2014
3014,NEUR4005F,Neuroscience IV Honours (S),First Semester/Second Semester,Undergraduate,12.0,In Person,2014
3015,NEUR8700,Neuroscience Research proposal,Summer Session/First Semester/Autumn Session/Winter Session/Second Semester/Spring Session,Postgraduate,6.0,In Person,2014
3016,FREN2026,New Caledonia: Field Work and Research,Autumn Session,Undergraduate,6.0,In Person,2014
3017,FREN6511,New Caledonia: Field Work and Research,First Semester/Autumn Session,Postgraduate,6.0,In Person,2014
3018,DART8900P,"New Media Arts, RSH&A",,Research,24.0,In Person,2014
3019,DART9000F,"New Media Arts, RSH&A",,Research,6.0,In Person,2014
3020,DART9000P,"New Media Arts, RSH&A",,Research,6.0,In Person,2014
3021,DART8900F,"New Media Arts, RSH&A",,Research,24.0,In Person,2014
3022,DART8067,"New Media, Innovation and Research I",First Semester,Postgraduate,6.0,In Person,2014
3023,DART8071,"New Media, Innovation and Research II",Second Semester,Postgraduate,6.0,In Person,2014
3024,MEAS2001,New States of Eurasia: Emerging Issues in Politics and Security,Second Semester,Undergraduate,6.0,In Person,2014
3025,POGO8088,"New models for governance: strategy, innovation, decentralisation",Second Semester,Postgraduate,6.0,In Person,2014
3026,ENGL2005,Nineteenth Century US Literature,,Undergraduate,6.0,In Person,2014
3027,ENGN9820,Non Award Engineering and Computer Science Research Exchange,,Research,3.0,In Person,2014
3028,SCNC9820,Non Award Science Research Course for Exchange Students,,Research,6.0,In Person,2014
3029,ARTS9820,Non-Award Arts Research Course for Exchange Students,,Research,6.0,In Person,2014
3030,EMDV9800,"Non-Award Research Course in Environmental Management and Development, APSEG",,Postgraduate,6.0,In Person,2014
3031,IDEC9800,"Non-Award Research course in International and Development Economics, APSEG",,Postgraduate,6.0,In Person,2014
3032,POGO9800,"Non-Award Research course in Policy and Governance, APSEG",,Postgraduate,6.0,In Person,2014
3033,POLS8020,Non-Traditional Approaches to Security,,Postgraduate,6.0,In Person,2014
3034,ASIA9820,Nonaward Research Course for Exchange Students in Asian Studies,,Research,6.0,In Person,2014
3035,POLS8022,Norms & Ideas in International Security,,Postgraduate,6.0,In Person,2014
3036,PHYS8205,Nuclear Fuel Cycle,Second Semester,Postgraduate,6.0,In Person,2014
3037,PHYS8206,Nuclear Measurement,Second Semester,Postgraduate,6.0,In Person,2014
3038,PHYS3033,Nuclear Physics,First Semester,Undergraduate,6.0,In Person,2014
3039,INTR2024,Nuclear Politics in Asia: Challenges and Opportunities,,Undergraduate,6.0,In Person,2014
3040,STST8026,Nuclear Strategy in the Asian Century,Winter Session,Postgraduate,6.0,In Person,2014
3041,MATH3301,Number Theory and Cryptography,Second Semester,Undergraduate,6.0,In Person,2014
3042,MATH6114,Number Theory and Cryptography,Second Semester,Postgraduate,6.0,In Person,2014
3043,MATH3514,Numerical Optimisation,Second Semester,Undergraduate,6.0,In Person,2014
3044,MATH6119,Numerical Optimisation,Second Semester,Postgraduate,6.0,In Person,2014
3045,BIAN2119,"Nutrition, Disease and the Human Environment",,Undergraduate,6.0,In Person,2014
3046,BIAN6119,"Nutrition, Disease and the Human Environment",,Postgraduate,6.0,In Person,2014
3047,LAWS8311,Occupational Health and Safety Law,Spring Session,Postgraduate,6.0,In Person,2014
3048,PHYS3029,Ocean and Atmosphere Modelling,,Undergraduate,6.0,In Person,2014
3049,MEAS8100,Oil Religion Politics and Conflict in the Middle East,,Postgraduate,6.0,In Person,2014
3050,POGO8899,"Ombudsman Policy, Practice and Accountability",,Postgraduate,6.0,In Person,2014
3051,PASI2004,On the Beach: film and history in the Pacific,,Undergraduate,6.0,In Person,2014
3052,PASI6004,On the Beach: film and history in the Pacific,,Postgraduate,6.0,In Person,2014
3053,DEMO8087,Online Research Methods,Second Semester,Postgraduate,6.0,Online or In Person,2014
3054,IDEC8008,"Open Economy Macroeconomics, Finance, and Development",Second Semester,Postgraduate,6.0,In Person,2014
3055,COMP3300,Operating Systems Implementation,Second Semester,Undergraduate,6.0,In Person,2014
3056,COMP6330,Operating Systems Implementation,Second Semester,Postgraduate,6.0,In Person,2014
3057,STST8104,Operational Art,First Semester,Postgraduate,12.0,In Person,2014
3058,STAT8005,Operations Research - Linear Programming,,Postgraduate,6.0,In Person,2014
3059,PHYS8511,Optical Fibre Communications,First Semester,Postgraduate,6.0,In Person,2014
3060,PHYS6500,Optical Physics,First Semester,Postgraduate,6.0,In Person,2014
3061,ENGN3512,Optical Physics,First Semester,Undergraduate,6.0,In Person,2014
3062,PHYS3057,Optical Physics,First Semester,Undergraduate,6.0,In Person,2014
3063,ENGN6512,Optical Physics,First Semester,Postgraduate,6.0,In Person,2014
3064,ECON2015,Optimisation Techniques for Economists,,Undergraduate,6.0,In Person,2014
3065,ECON6015,Optimisation Techniques for Economists,,Postgraduate,6.0,In Person,2014
3066,MATH6405,Ordinary Differential Equations and Advanced Vector Calculus,,Postgraduate,6.0,In Person,2014
3067,MGMT7003,Organisational Behaviour,Summer Session/First Semester/Winter Session/Spring Session,Postgraduate,6.0,In Person,2014
3068,MGMT2007,Organisational Behaviour,Second Semester,Undergraduate,6.0,In Person,2014
3069,POGO8080,Organisational Finance and Budgeting,Summer Session,Postgraduate,6.0,In Person,2014
3070,CHEM3203,Organometallic Chemistry,First Semester,Undergraduate,6.0,In Person,2014
3071,PHIL2100,Origins of Analytical Philosophy,Second Semester,Undergraduate,6.0,In Person,2014
3072,ASIA2071,Other Chinas,,Undergraduate,6.0,In Person,2014
3073,ASIA6071,Other Chinas,,Postgraduate,6.0,In Person,2014
3074,POPH8916,Outbreak Investigation,,Research,6.0,In Person,2014
3075,POPH8316,Outbreak Investigation,First Semester,Postgraduate,6.0,In Person,2014
3076,SCOM8025,Outreach and Education Programs in Science Centres,First Semester/Second Semester,Postgraduate,12.0,In Person,2014
3077,COMP4630,Overview of Logic and Computation,,Undergraduate,6.0,In Person,2014
3078,POLS1008,"PPE Integrative Seminar Year 1: Puzzles in Politics, Philosophy and Economics",Second Semester,Undergraduate,6.0,In Person,2014
3079,PHIL2116,PPE Integrative Seminar Year 2,Second Semester,Undergraduate,6.0,In Person,2014
3080,POLS3026,PPE Integrative Seminar Year 3 Classic Literature in PPE,,Undergraduate,6.0,In Person,2014
3081,PASI3005,Pacific Islands Field School,Autumn Session/Second Semester/Spring Session,Undergraduate,6.0,In Person,2014
3082,PASI6005,Pacific Islands Field School,Autumn Session/Spring Session,Postgraduate,6.0,In Person,2014
3083,POLS2055,Pacific Politics,First Semester,Undergraduate,6.0,In Person,2014
3084,PASI2005,Pacific Politics: From Independence to Intervention,,Undergraduate,6.0,In Person,2014
3085,PASI6001,Pacific Studies in a Globalizing World,First Semester,Postgraduate,6.0,In Person,2014
3086,PASI2001,Pacific Studies in a Globalizing World,First Semester,Undergraduate,6.0,In Person,2014
3087,ARTH2039,Painters of Modern Life,,Undergraduate,6.0,In Person,2014
3088,ARTH6039,Painters of Modern Life,,Postgraduate,6.0,Online or In Person,2014
3089,ARTV3505,Painting 5,First Semester/Second Semester,Undergraduate,12.0,In Person,2014
3090,ARTV3506,Painting 6,First Semester/Second Semester,Undergraduate,12.0,In Person,2014
3091,ARTV2506,Painting: Approaches to Abstraction,First Semester,Undergraduate,6.0,In Person,2014
3092,ARTV2509,Painting: Approaches to Composition and Colour,First Semester,Undergraduate,6.0,In Person,2014
3093,ARTV1502,Painting: Composition and Space,Second Semester,Undergraduate,6.0,In Person,2014
3094,ARTV2511,"Painting: Concepts, Materials, Processes",Second Semester,Undergraduate,6.0,In Person,2014
3095,ARTV3509,Painting: Contemporary  International survey,First Semester,Undergraduate,6.0,In Person,2014
3096,ARTV3510,Painting: Critical Analysis and Reflection in the Studio,Second Semester,Undergraduate,6.0,In Person,2014
3097,ARTV2505,Painting: Focus on the Figure,First Semester,Undergraduate,6.0,In Person,2014
3098,ARTV3502,Painting: Independent Work Project Consolidation,First Semester/Second Semester,Undergraduate,6.0,In Person,2014
3099,ARTV1501,Painting: Introducing Painting,First Semester,Undergraduate,6.0,In Person,2014
3100,ARTV3501,Painting: Introducing the Work Proposal,First Semester/Second Semester,Undergraduate,6.0,In Person,2014
3101,ARTV3508,Painting: Materiality and Meaning,Second Semester,Undergraduate,6.0,In Person,2014
3102,ARTV3507,Painting: Open to Influence Studio Research,First Semester,Undergraduate,6.0,In Person,2014
3103,ARTV2507,Painting: Painting in the Photo Digital Age,Second Semester,Undergraduate,6.0,In Person,2014
3104,ARTV2508,Painting: Taking Your Own Direction,Second Semester,Undergraduate,6.0,In Person,2014
3105,ENVS3029,Palaeo-Environmental Reconstruction,,Undergraduate,6.0,In Person,2014
3106,ENVS6529,Palaeo-Environmental Reconstruction,,Postgraduate,6.0,In Person,2014
3107,EMSC3027,Palaeoclimatology and Climate Change,Second Semester,Undergraduate,6.0,In Person,2014
3108,EMSC6027,Palaeoclimatology and Climate Change,Second Semester,Postgraduate,6.0,In Person,2014
3109,COMP8300,Parallel Systems,,Postgraduate,6.0,In Person,2014
3110,COMP4300,Parallel Systems,,Undergraduate,6.0,In Person,2014
3111,BIOL3142,Parasitology,Second Semester,Undergraduate,6.0,In Person,2014
3112,BIOL6143,Parasitology,Second Semester,Postgraduate,6.0,In Person,2014
3113,MATH2306,Partial Differential Equations and Applications,Second Semester,Undergraduate,6.0,In Person,2014
3114,MATH6406,"Partial Differential Equations,  Fourier Analysis and Complex Analysis",,Postgraduate,6.0,In Person,2014
3115,POGO8008,Participation and Program Management,,Postgraduate,6.0,In Person,2014
3116,ENVS8011,Participation in the National Forestry Masters Program,Summer Session/First Semester/Autumn Session/Winter Session/Second Semester/Spring Session,Postgraduate,0.0,In Person,2014
3117,ANTH8021,Participatory Modelling for Development,,Postgraduate,6.0,In Person,2014
3118,ENVS6021,Participatory Resource Management: Working with Communities and Stakeholders,Winter Session,Postgraduate,6.0,Online or In Person,2014
3119,ENVS3007,Participatory Resource Management: Working with Communities and Stakeholders,Winter Session,Undergraduate,6.0,In Person,2014
3120,EMDV8011,Payments for Environmental Services,,Postgraduate,6.0,In Person,2014
3121,POLS2123,Peace and Conflict Studies,Second Semester,Undergraduate,6.0,In Person,2014
3122,POLS8037,"Peace, Conflict and Ethics",,Postgraduate,6.0,In Person,2014
3123,ASIA1022,Peacebuilding and Conflict Resolution,Second Semester,Undergraduate,6.0,In Person,2014
3124,POGO8056,People and Performance in Public Organisations,Summer Session,Postgraduate,6.0,In Person,2014
3125,ASIA1067,People in History: Foundations of Chinese Studies B,Second Semester,Undergraduate,6.0,In Person,2014
3126,ASIA2367,People in History: Foundations of Chinese Studies B,Second Semester,Undergraduate,6.0,In Person,2014
3127,PSYC3011,Perception,Second Semester,Undergraduate,6.0,In Person,2014
3128,MGMT7063,Performance Management,,Postgraduate,6.0,In Person,2014
3129,INDN1201,Performing Indonesian Language Secondary Extension,First Semester/Second Semester,Undergraduate,6.0,In Person,2014
3130,EXTN1010A,Performing Indonesian Language Secondary Extension A,Autumn Session,Undergraduate,0.0,In Person,2014
3131,EXTN1010B,Performing Indonesian Language Secondary Extension B,,Undergraduate,6.0,In Person,2014
3132,MEAS2106,Persian Art,Second Semester,Undergraduate,6.0,In Person,2014
3133,LAWS8074,Personal Injuries Compensation,Second Semester,Postgraduate,6.0,In Person,2014
3134,PSYC3026,Personality Psychology,Second Semester,Undergraduate,6.0,In Person,2014
3135,IDEC8100,Personnel Economics,,Postgraduate,6.0,In Person,2014
3136,IDEC8084,Personnel Economics for Management,,Postgraduate,6.0,In Person,2014
3137,PSYC2011,Perspectives on Crime from Psychology and Criminology,Second Semester,Undergraduate,6.0,In Person,2014
3138,CHMD8014,"Perspectives on Culture, Health and Medicine",First Semester,Postgraduate,6.0,Online or In Person,2014
3139,FINM9000F,"PhD  Research Course in Finance, ANU College of Business and Economics",,Research,24.0,In Person,2014
3140,FINM9000P,"PhD  Research Course in Finance, ANU College of Business and Economics",,Research,24.0,In Person,2014
3141,PAAS9562F,"PhD (Contemporary China Cntr, Pol and Social Change, Sch of International, Pol and Strategic Stud)",,Research,24.0,In Person,2014
3142,PAAS9562P,"PhD (Contemporary China Cntr, Pol and Social Change, Sch of International, Pol and Strategic Stud)",,Research,24.0,In Person,2014
3143,IDEC9550F,"PhD (Economics, Crawford)",,Research,6.0,In Person,2014
3144,IDEC9550P,"PhD (Economics, Crawford)",,Research,6.0,In Person,2014
3145,INDG9000P,"PhD (Research in Indigenous Studies, National Centre for Indigenous Studies)",,Research,6.0,In Person,2014
3146,INDG9000F,"PhD (Research in Indigenous Studies, National Centre for Indigenous Studies)",,Research,6.0,In Person,2014
3147,COMM9000F,"PhD - Research Course in Commerce, ANU College of Business and Economics",,Research,24.0,In Person,2014
3148,COMM9000P,"PhD - Research Course in Commerce, ANU College of Business and Economics",,Research,24.0,In Person,2014
3149,ECHI9000F,"PhD - Research Course in Economic History, ANU College of Business and Economics",,Research,24.0,In Person,2014
3150,ECHI9000P,"PhD - Research Course in Economic History, ANU College of Business and Economics",,Research,24.0,In Person,2014
3151,ECON9000P,"PhD - Research Course in Economics, ANU College of Business and Economics",,Research,24.0,In Person,2014
3152,ECON9000F,"PhD - Research Course in Economics, ANU College of Business and Economics",,Research,24.0,In Person,2014
3153,LAWS9000F,"PhD - Research Course in Law, Faculty of Law",,Research,6.0,In Person,2014
3154,LAWS9000P,"PhD - Research Course in Law, Faculty of Law",,Research,6.0,In Person,2014
3155,MATH9000F,"PhD - Research Course in Mathematics, Mathematical Sciences Institute, CMBE/CPMS",,Research,6.0,In Person,2014
3156,MATH9000P,"PhD - Research Course in Mathematics, Mathematical Sciences Institute, CMBE/CPMS",,Research,6.0,In Person,2014
3157,SCOM9000F,"PhD - Research Course in Scientific Communication, Centre for the Public Awareness of Science",,Research,6.0,In Person,2014
3158,SCOM9000P,"PhD - Research Course in Scientific Communication, Centre for the Public Awareness of Science",,Research,6.0,In Person,2014
3159,ASIA9001F,"PhD - Research Course in Southwest Asia Centre, Faculty of Asian Studies",,Research,24.0,In Person,2014
3160,ASIA9001P,"PhD - Research Course in Southwest Asia Centre, Faculty of Asian Studies",,Research,24.0,In Person,2014
3161,STAT9000P,"PhD - Research Course in Statistics, ANU College of Business and Economics",,Research,24.0,In Person,2014
3162,STAT9000F,"PhD - Research Course in Statistics, ANU College of Business and Economics",,Research,24.0,In Person,2014
3163,MEAS9000F,"PhD Arab,Islam MECA, RSSS",,Research,6.0,In Person,2014
3164,MEAS9000P,"PhD Arab,Islam MECA, RSSS",,Research,6.0,In Person,2014
3165,ARCH9000P,"PhD Arch & Anth, RSH&A",,Research,6.0,In Person,2014
3166,ARCH9000F,"PhD Arch & Anth, RSH&A",,Research,6.0,In Person,2014
3167,ARTH9000F,"PhD ArtHist,VisStud, RSH&A",,Research,24.0,In Person,2014
3168,ARTH9000P,"PhD ArtHist,VisStud, RSH&A",,Research,24.0,In Person,2014
3169,CLAS9000P,"PhD Classics, RSH&A",,Research,24.0,In Person,2014
3170,CLAS9000F,"PhD Classics, RSH&A",,Research,24.0,In Person,2014
3171,PSYC9411,PhD Clinical Coursework I,,Research,10.0,In Person,2014
3172,PSYC9412,PhD Clinical Coursework II,,Research,10.0,In Person,2014
3173,PSYC9413,PhD Clinical Coursework III,,Research,10.0,In Person,2014
3174,PSYC9414,PhD Clinical Coursework IV,,Research,10.0,In Person,2014
3175,PSYC9421,PhD Clinical Field Placement I,,Research,6.0,In Person,2014
3176,PSYC9422,PhD Clinical Field Placement II,,Research,6.0,In Person,2014
3177,PSYC9423,PhD Clinical Field Placement III,,Research,6.0,In Person,2014
3178,PSYC9424,PhD Clinical Field Placement IV,,Research,6.0,In Person,2014
3179,PSYC9431,PhD Clinical Research I,,Research,8.0,In Person,2014
3180,PSYC9432,PhD Clinical Research II,,Research,8.0,In Person,2014
3181,PSYC9433,PhD Clinical Research III,,Research,8.0,In Person,2014
3182,PSYC9434,PhD Clinical Research IV,,Research,8.0,In Person,2014
3183,FILM9000F,"PhD Film Studies, RSH&A",,Research,1.0,In Person,2014
3184,FILM9000P,"PhD Film Studies, RSH&A",,Research,1.0,In Person,2014
3185,HIST9000F,"PhD History, RSSS",,Research,24.0,In Person,2014
3186,HIST9000P,"PhD History, RSSS",,Research,24.0,In Person,2014
3187,LING9000P,"PhD Linguistics, RSH&A",,Research,24.0,In Person,2014
3188,LING9000F,"PhD Linguistics, RSH&A",,Research,24.0,In Person,2014
3189,LANG9000F,"PhD Mod Euro Lang, RSH&A",,Research,24.0,In Person,2014
3190,LANG9000P,"PhD Mod Euro Lang, RSH&A",,Research,24.0,In Person,2014
3191,MUSI9000F,"PhD Music, RSH&A",,Research,6.0,In Person,2014
3192,MUSI9000P,"PhD Music, RSH&A",,Research,6.0,In Person,2014
3193,PHIL9000F,"PhD Philosphy, RSSS",,Research,6.0,In Person,2014
3194,PHIL9000P,"PhD Philosphy, RSSS",,Research,6.0,In Person,2014
3195,POLS9000P,"PhD Politics and International Relations, RSSS",,Research,24.0,In Person,2014
3196,POLS9000F,"PhD Politics and International Relations, RSSS",,Research,24.0,In Person,2014
3197,PAAS9555F,"PhD Research Course in Anthropology, School of Culture History & Language",,Research,6.0,In Person,2014
3198,PAAS9555P,"PhD Research Course in Anthropology, School of Culture History & Language",,Research,6.0,In Person,2014
3199,PAAS9557F,"PhD Research Course in Archaeology & Natural History, School of Culture History & Language",,Research,6.0,In Person,2014
3200,PAAS9557P,"PhD Research Course in Archaeology & Natural History, School of Culture History & Language",,Research,6.0,In Person,2014
3201,ASIA9000P,"PhD Research Course in Asian Studies, School of Culture History & Language",,Research,24.0,In Person,2014
3202,ASIA9000F,"PhD Research Course in Asian Studies, School of Culture History & Language",,Research,24.0,In Person,2014
3203,DIPL9500F,"PhD Research Course in Diplomacy, School of Regulation Justice & Diplomacy",,Research,24.0,In Person,2014
3204,DIPL9500P,"PhD Research Course in Diplomacy, School of Regulation Justice & Diplomacy",,Research,24.0,In Person,2014
3205,EMDV9550F,"PhD Research Course in Environmental Development & Management, Crawford School",,Research,24.0,In Person,2014
3206,EMDV9550P,"PhD Research Course in Environmental Development & Management, Crawford School",,Research,24.0,In Person,2014
3207,PAAS9566F,"PhD Research Course in Gender Relations, Research School of Pacific and Asian Studies",,Research,24.0,In Person,2014
3208,PAAS9566P,"PhD Research Course in Gender Relations, Research School of Pacific and Asian Studies",,Research,24.0,In Person,2014
3209,PAAS9559F,"PhD Research Course in International Relations,School of International Political & Strategic Studies",,Research,24.0,In Person,2014
3210,PAAS9559P,"PhD Research Course in International Relations,School of International Political & Strategic Studies",,Research,24.0,In Person,2014
3211,PAAS9551F,"PhD Research Course in Linguistics, School of Culture History & Language",,Research,6.0,In Person,2014
3212,PAAS9551P,"PhD Research Course in Linguistics, School of Culture History & Language",,Research,6.0,In Person,2014
3213,NSPO9050P,"PhD Research Course in National Security, National Security College",,Research,24.0,In Person,2014
3214,NSPO9050F,"PhD Research Course in National Security, National Security College",,Research,24.0,In Person,2014
3215,PAAS9552F,"PhD Research Course in Pacific & Asian History, School of Culture History & Language",,Research,6.0,In Person,2014
3216,PAAS9552P,"PhD Research Course in Pacific & Asian History, School of Culture History & Language",,Research,6.0,In Person,2014
3217,POGO9550F,"PhD Research Course in Policy & Governance, Crawford School ",,Research,6.0,In Person,2014
3218,POGO9550P,"PhD Research Course in Policy & Governance, Crawford School ",,Research,6.0,In Person,2014
3219,PAAS9560F,"PhD Research Course in Political & Social Change, School of Intnl Pol & Strategic Studies",,Research,6.0,In Person,2014
3220,PAAS9560P,"PhD Research Course in Political & Social Change, School of Intnl Pol & Strategic Studies",,Research,6.0,In Person,2014
3221,PAAS9568F,"PhD Research Course in RegNet, School of Regulation Justice & Diplomacy",,Research,6.0,In Person,2014
3222,PAAS9568P,"PhD Research Course in RegNet, School of Regulation Justice & Diplomacy",,Research,6.0,In Person,2014
3223,PAAS9567P,"PhD Research Course in Resource Management in Asia Pacific, Crawford School",,Research,6.0,In Person,2014
3224,PAAS9567F,"PhD Research Course in Resource Management in Asia Pacific, Crawford School",,Research,6.0,In Person,2014
3225,PAAS9558F,"PhD Research Course in Strategic Defence Studies, School of Intnl Pol & Strategic Studies",,Research,6.0,In Person,2014
3226,PAAS9558P,"PhD Research Course in Strategic Defence Studies, School of Intnl Pol & Strategic Studies",,Research,6.0,In Person,2014
3227,POLS9500F,"PhD Research Course, Philosophy, School of Social Sciences, Faculty of Arts",,Research,24.0,In Person,2014
3228,POLS9500P,"PhD Research Course, Philosophy, School of Social Sciences, Faculty of Arts",,Research,24.0,In Person,2014
3229,MMIB9000F,"PhD Research Course, Research School of Management",,Research,24.0,In Person,2014
3230,MMIB9000P,"PhD Research Course, Research School of Management",,Research,24.0,In Person,2014
3231,PAAS9000F,"PhD Research Cse in State Society & Governance in Melanesia, School of IPS",,Research,6.0,In Person,2014
3232,PAAS9000P,"PhD Research Cse in State Society & Governance in Melanesia, School of IPS",,Research,6.0,In Person,2014
3233,SOCY9000F,"PhD Sociology, RSSS",,Research,6.0,In Person,2014
3234,SOCY9000P,"PhD Sociology, RSSS",,Research,6.0,In Person,2014
3235,ARTV9000F,"PhD Visual Arts, RSH&A",,Research,6.0,In Person,2014
3236,ARTV9000P,"PhD Visual Arts, RSH&A",,Research,6.0,In Person,2014
3237,GEND9000P,"PhD Womens Studies, RSH&A",,Research,24.0,In Person,2014
3238,GEND9000F,"PhD Womens Studies, RSH&A",,Research,24.0,In Person,2014
3239,DEMO9000F,"PhD, ADSRI",,Research,6.0,In Person,2014
3240,DEMO9000P,"PhD, ADSRI",,Research,6.0,In Person,2014
3241,PAAS9563F,"PhD, Arndt-Corden Division of Economics, Crawford School of Economics and Government",,Research,24.0,In Person,2014
3242,PAAS9563P,"PhD, Arndt-Corden Division of Economics, Crawford School of Economics and Government",,Research,24.0,In Person,2014
3243,PAAS9561P,"PhD, Arndt-Corden Division of Economics, Non-Economics, Crawford School of Economics and Government",,Research,24.0,In Person,2014
3244,PAAS9561F,"PhD, Arndt-Corden Division of Economics, Non-Economics, Crawford School of Economics and Government",,Research,24.0,In Person,2014
3245,PHYS9552F,"PhD, Atomic and Molecular Physics,  Research School of Physics and Engineering",,Research,24.0,In Person,2014
3246,PHYS9552P,"PhD, Atomic and Molecular Physics,  Research School of Physics and Engineering",,Research,24.0,In Person,2014
3247,PHYS9553F,"PhD, Electronic Materials Engineering,  Research School of Physics and Engineering",,Research,6.0,In Person,2014
3248,PHYS9553P,"PhD, Electronic Materials Engineering,  Research School of Physics and Engineering",,Research,6.0,In Person,2014
3249,ENVS9005F,"PhD, Environmental & Natural Resource Management, Fenner School of Environment and Society",,Research,6.0,In Person,2014
3250,ENVS9005P,"PhD, Environmental & Natural Resource Management, Fenner School of Environment and Society",,Research,6.0,In Person,2014
3251,PHIL4005F,Philosophy IV Honours (S),First Semester/Second Semester,Undergraduate,12.0,In Person,2014
3252,PHIL4005P,Philosophy IV Honours (S),First Semester/Second Semester,Undergraduate,12.0,In Person,2014
3253,PHIL2016,Philosophy of Language,,Undergraduate,6.0,In Person,2014
3254,PHIL2061,Philosophy of Psychology,Second Semester,Undergraduate,6.0,In Person,2014
3255,PHIL2057,Philosophy of Science,Second Semester,Undergraduate,6.0,In Person,2014
3256,PHIL2092,Philosophy of The Enlightenment,First Semester,Undergraduate,6.0,In Person,2014
3257,MATH1042,Philosophy of the Cosmos,First Semester,Undergraduate,6.0,In Person,2014
3258,PHIL2042,Philosophy of the Cosmos,First Semester,Undergraduate,6.0,In Person,2014
3259,PHIL1007,"Philosophy, Society, Humanity",Second Semester,Undergraduate,6.0,In Person,2014
3260,LING6010,Phonetics: Sounds of the World's Languages,Second Semester,Postgraduate,6.0,Blended,2014
3261,LING2010,Phonetics: Sounds of the World's Languages - Later Year,Second Semester,Undergraduate,6.0,In Person,2014
3262,LING2019,Phonological Analysis,,Undergraduate,6.0,In Person,2014
3263,LING6019,Phonological Analysis,,Postgraduate,6.0,Blended,2014
3264,ARTV6006,Photography,First Semester/Second Semester,Postgraduate,6.0,In Person,2014
3265,ARTV3604,Photography and Media Arts: Advanced Practice-led Research Methods,First Semester,Undergraduate,6.0,In Person,2014
3266,ARTV3607,Photography and Media Arts: Advanced Professional Methods,Second Semester,Undergraduate,6.0,In Person,2014
3267,ANTH8041,Photography in Social Context,,Postgraduate,6.0,In Person,2014
3268,ARTH6050,Photography: A History in Art,,Postgraduate,6.0,Online or In Person,2014
3269,ARTH2050,Photography: A History in Art,,Undergraduate,6.0,In Person,2014
3270,ARTV2621,Photography: An Historical and Theoretical Overview,Second Semester,Undergraduate,6.0,In Person,2014
3271,ARTV2611,Photography: Creative Possibilities,First Semester,Undergraduate,6.0,In Person,2014
3272,ARTV2612,Photography: Creative Project Research and Development,Second Semester,Undergraduate,6.0,In Person,2014
3273,ARTV2623,Photography: Issues in Contemporary Photography and Media Arts,Second Semester,Undergraduate,6.0,In Person,2014
3274,ARTV2604,Photomedia 4,,Undergraduate,12.0,In Person,2014
3275,ARTV3605,Photomedia 5,First Semester/Second Semester,Undergraduate,12.0,In Person,2014
3276,ARTV3606,Photomedia 6,Second Semester,Undergraduate,12.0,In Person,2014
3277,ARTV1601,Photomedia:  Black and White Photography and Camera Skills,First Semester,Undergraduate,6.0,In Person,2014
3278,ARTV1602,Photomedia: Colour Photography and Digital Skills,Second Semester,Undergraduate,6.0,In Person,2014
3279,ARTV2606,Photomedia: Digital Photography and Studio Lighting,First Semester,Undergraduate,6.0,In Person,2014
3280,ARTV3601,Photomedia: Documentary Project,First Semester,Undergraduate,6.0,In Person,2014
3281,ARTV2608,Photomedia: Experimental Processes,Second Semester,Undergraduate,6.0,In Person,2014
3282,ARTV3602,Photomedia: Independent Work Proposal,Second Semester,Undergraduate,6.0,In Person,2014
3283,ARTV2607,Photomedia: Large Format Photography,Second Semester,Undergraduate,6.0,In Person,2014
3284,ARTV2605,Photomedia: Medium Format Photography and the Fine Print,First Semester,Undergraduate,6.0,In Person,2014
3285,PHYS3059,Photonics,,Undergraduate,6.0,In Person,2014
3286,PHYS8016,Photonics Advanced Topics,,Postgraduate,6.0,In Person,2014
3287,PHYS8015,Photonics Laboratory,,Postgraduate,6.0,In Person,2014
3288,PHYS8014,Photonics in Biotechnology and Nanotechnology,,Postgraduate,6.0,In Person,2014
3289,ENGN4524,Photovoltaic Technologies,First Semester,Undergraduate,6.0,In Person,2014
3290,ENGN6524,Photovoltaic Technologies,First Semester,Postgraduate,6.0,In Person,2014
3291,ENGN8526,Photovoltaic module manufacturing,Second Semester,Postgraduate,6.0,In Person,2014
3292,CHEM2209,Physical & Materials Chemistry,Second Semester,Undergraduate,6.0,In Person,2014
3293,HUMN8022,Physical Conservation of Historic Heritage Places,Autumn Session,Postgraduate,6.0,In Person,2014
3294,CHEM3205,"Physical, Inorganic and Computational Chemistry",Second Semester,Undergraduate,6.0,In Person,2014
3295,PREP1113,Physics,First Semester,Undergraduate,6.0,In Person,2014
3296,PHYS1201,Physics 2,Second Semester,Undergraduate,6.0,In Person,2014
3297,PHYS1101,Physics I,First Semester,Undergraduate,6.0,In Person,2014
3298,PHYS4003P,Physics IV Honours (S),First Semester/Second Semester,Undergraduate,12.0,In Person,2014
3299,PHYS4003F,Physics IV Honours (S),First Semester/Second Semester,Undergraduate,12.0,In Person,2014
3300,PHYS3034,Physics of Fluid Flows,First Semester,Undergraduate,6.0,In Person,2014
3301,PHYS3070,Physics of the Earth,Second Semester,Undergraduate,6.0,In Person,2014
3302,EMSC4008F,Physics of the Earth IV Honours,First Semester/Second Semester,Undergraduate,12.0,In Person,2014
3303,EMSC4008P,Physics of the Earth IV Honours,First Semester/Second Semester,Undergraduate,12.0,In Person,2014
3304,EMSC3022,Planetary Science,Second Semester,Undergraduate,6.0,In Person,2014
3305,LEGW8137,Planning and Environmental Practice,Summer Session/Winter Session,Postgraduate,3.0,Online,2014
3306,BIOL6003,Plant Functional Diversity:  Genomes to Biomes,Second Semester,Postgraduate,6.0,In Person,2014
3307,BIOL2122,Plant Functional Diversity: Genomes to Biomes,Second Semester,Undergraduate,6.0,In Person,2014
3308,BIOL6125,Plants and Global Climate Change,Second Semester,Postgraduate,6.0,In Person,2014
3309,BIOL3125,Plants and Global Climate Change,Second Semester,Undergraduate,6.0,In Person,2014
3310,BIOL2121,Plants: Genes to Environment,First Semester,Undergraduate,6.0,In Person,2014
3311,BIOL6002,Plants: Genes to Environment,First Semester,Postgraduate,6.0,In Person,2014
3312,EMSC8016,Plate Tectonics and Mantle Dynamics,,Postgraduate,6.0,In Person,2014
3313,PHIL2118,Plato,,Undergraduate,6.0,In Person,2014
3314,FILM2002,Play into Film:  The Cinematic Adaptation of Theatrical Texts,,Undergraduate,6.0,In Person,2014
3315,ENGL2084,Poetry in English from Shakespeare to Postmodernism,First Semester,Undergraduate,6.0,In Person,2014
3316,MATH8001,Poetry of the Cosmos,,Postgraduate,6.0,In Person,2014
3317,ARTV8100,Points Of View,,Postgraduate,6.0,In Person,2014
3318,POGO8083,Policy Advocacy,First Semester,Postgraduate,6.0,In Person,2014
3319,POGO8101,Policy Process and Analysis,Second Semester,Postgraduate,6.0,In Person,2014
3320,PLST4005F,Policy Studies IV Honours (S),First Semester/Second Semester,Undergraduate,12.0,In Person,2014
3321,PLST4005P,Policy Studies IV Honours (S),First Semester/Second Semester,Undergraduate,12.0,In Person,2014
3322,POGO8109,Policy and Budget Analysis,,Postgraduate,6.0,In Person,2014
3323,SOCY3123,Policy and Program Evaluation,First Semester,Undergraduate,6.0,In Person,2014
3324,POGO8094,Policy and Social Capital,,Postgraduate,6.0,In Person,2014
3325,IDEC8019,Political Economy of Economic Reform,,Postgraduate,6.0,In Person,2014
3326,ECON3053,Political Economy of Macroeconomic Policy,,Undergraduate,6.0,In Person,2014
3327,ECON8070,Political Economy of Macroeconomic Policy,,Postgraduate,6.0,In Person,2014
3328,POLS2129,Political Economy of Market Reforms: Latin America in Comparative Perspective,,Undergraduate,6.0,In Person,2014
3329,POGO8082,Political Institutions and Policy Processes,Second Semester,Postgraduate,6.0,In Person,2014
3330,POLS2105,Political Leadership and Executive Government,First Semester,Undergraduate,6.0,In Person,2014
3331,PHIL2115,Political Philosophy from Hobbes to Mill,,Undergraduate,6.0,In Person,2014
3332,POLS4005P,Political Science IV Honours,First Semester/Second Semester,Undergraduate,12.0,In Person,2014
3333,POLS4005F,Political Science IV Honours,First Semester/Second Semester,Undergraduate,12.0,In Person,2014
3334,INTR8027,Political and Social Change in Southeast Asia,,Postgraduate,6.0,In Person,2014
3335,PREP1114,Politics,First Semester/Second Semester,Undergraduate,6.0,In Person,2014
3336,PHIL2065,Politics and Rights,,Undergraduate,6.0,In Person,2014
3337,ASIA2049,Politics and Society in Contemporary Korea,,Undergraduate,6.0,In Person,2014
3338,POLS2025,Politics in Britain,First Semester,Undergraduate,6.0,In Person,2014
3339,POLS2070,Politics in Central Asia,First Semester,Undergraduate,6.0,In Person,2014
3340,POLS2069,Politics in Russia,First Semester,Undergraduate,6.0,In Person,2014
3341,POLS2031,Politics in the Middle East,Second Semester,Undergraduate,6.0,In Person,2014
3342,INTR8058,Politics of Islam in Southeast Asia,,Postgraduate,6.0,In Person,2014
3343,POLS2124,Politics of Nuclear Weapons,First Semester,Undergraduate,6.0,In Person,2014
3344,ASIA2109,Politics of South Asia,Second Semester,Undergraduate,6.0,In Person,2014
3345,ASIA4814,Politics of the Korean Peninsula,,Undergraduate,6.0,In Person,2014
3346,ASIA8814,Politics of the Korean Peninsula,,Postgraduate,6.0,In Person,2014
3347,ITAL3010,"Politics, Culture and Society in Postwar Italy",,Undergraduate,6.0,In Person,2014
3348,LAWS8173,Pollution Law,,Postgraduate,6.0,In Person,2014
3349,ASIA6074,Popular Culture in East Asia,,Postgraduate,6.0,In Person,2014
3350,ASIA2074,Popular Culture in East Asia,,Undergraduate,6.0,In Person,2014
3351,ASIA2108,Popular Cultures in Indonesia,Second Semester,Undergraduate,6.0,In Person,2014
3352,ASIA6508,Popular Cultures in Indonesia,Second Semester,Postgraduate,6.0,In Person,2014
3353,INDN2108,Popular Cultures in Indonesia (L),Second Semester,Undergraduate,6.0,In Person,2014
3354,INDN6108,Popular Cultures in Indonesia (L),Second Semester,Postgraduate,6.0,In Person,2014
3355,POPS2002,Population Analysis,,Undergraduate,6.0,In Person,2014
3356,BIOL2131,Population Ecology,First Semester,Undergraduate,6.0,In Person,2014
3357,BIOL6004,Population Ecology,First Semester,Postgraduate,6.0,In Person,2014
3358,BIOL3151,Population Genetics,,Undergraduate,6.0,In Person,2014
3359,BIOL6016,Population Genetics,,Postgraduate,6.0,In Person,2014
3360,POPS4105F,Population Health Honours,First Semester/Second Semester,Undergraduate,12.0,In Person,2014
3361,POPS4105P,Population Health Honours,First Semester/Second Semester,Undergraduate,12.0,In Person,2014
3362,DEMO8049,Population Perspectives on HIV/Aids,,Postgraduate,6.0,In Person,2014
3363,DEMO8042,Population Policy in Australia,,Postgraduate,6.0,In Person,2014
3364,DEMO8051,Population Projections and Dynamics,,Postgraduate,6.0,In Person,2014
3365,POPS2001,Population Studies,,Undergraduate,6.0,In Person,2014
3366,POPS4005F,Population Studies IV Honours(S),First Semester/Second Semester,Undergraduate,12.0,In Person,2014
3367,POPS4005P,Population Studies IV Honours(S),First Semester/Second Semester,Undergraduate,12.0,In Person,2014
3368,DEMO6501,Population and Australia,,Postgraduate,6.0,In Person,2014
3369,SOCY2032,Population and Australia,,Undergraduate,6.0,In Person,2014
3370,DEMO8024,Population and Society: Theory and Empirical Perspectives,First Semester,Postgraduate,6.0,In Person,2014
3371,DEMO8088,"Population, Climate Change and Sustainable Development",Second Semester,Postgraduate,6.0,In Person,2014
3372,FINM8016,Portfolio Construction,First Semester/Second Semester,Postgraduate,6.0,In Person,2014
3373,FINM8200,Portfolio Theory,,Postgraduate,12.0,In Person,2014
3374,ARTH6093,Post-Colonial Discourses in Australian Art,,Postgraduate,6.0,Online or In Person,2014
3375,ARTH2093,Post-Colonial Discourses in Australian Art,,Undergraduate,6.0,In Person,2014
3376,ENGL2018,Post-Colonial Literature,,Undergraduate,6.0,In Person,2014
3377,POLS8028,Post-Conflict Justice,,Postgraduate,6.0,In Person,2014
3378,ARCH6037,Post-Roman Archaeology of Britain: Arthur and the Anglo Saxons,,Postgraduate,6.0,In Person,2014
3379,ARCH2037,Post-Roman Archaeology of Britain: Arthur and the Anglo Saxons,,Undergraduate,6.0,In Person,2014
3380,PHIL8011,Postgraduate Training in Philosophy: Foundations Seminar,Summer Session/First Semester/Autumn Session/Winter Session/Second Semester/Spring Session,Postgraduate,12.0,In Person,2014
3381,POLS8004,Postgraduate Training in Politics and Policy: Research Methods,Second Semester,Postgraduate,6.0,In Person,2014
3382,ARTH2061,Postmodern Sublime,First Semester,Undergraduate,6.0,In Person,2014
3383,ARTH6061,Postmodern Sublime,First Semester,Postgraduate,6.0,Online or In Person,2014
3384,FILM2004,Postwar European Cinema: Films and Directors,,Undergraduate,6.0,In Person,2014
3385,GERM2020,Postwar German Society,,Undergraduate,6.0,In Person,2014
3386,FILM2009,Postwar Italian Cinema,,Undergraduate,6.0,In Person,2014
3387,POGO8004,Poverty Reduction,Second Semester,Postgraduate,6.0,In Person,2014
3388,ENGN6625,Power Electronics,Second Semester,Postgraduate,6.0,In Person,2014
3389,ENGN4625,Power Electronics,Second Semester,Undergraduate,6.0,In Person,2014
3390,ASIA6506,Practical Assignment in Asia and the Pacific,Summer Session/First Semester/Autumn Session/Winter Session/Second Semester/Spring Session,Postgraduate,6.0,In Person,2014
3391,ASIA3006,Practical Assignment in Asia and the Pacific,Summer Session/First Semester/Autumn Session/Winter Session/Second Semester/Spring Session,Undergraduate,6.0,In Person,2014
3392,ENGN3100,Practical Experience,First Semester/Second Semester,Undergraduate,0.0,In Person,2014
3393,SCOM2001,Practical Skills for Communicating Science,First Semester,Undergraduate,6.0,In Person,2014
3394,MUSC8014,Practical Skills in Exhibition Design and Delivery,Second Semester,Postgraduate,6.0,In Person,2014
3395,ANTH8019,Practical Studies in Social Analysis,First Semester,Postgraduate,6.0,Online or In Person,2014
3396,DESA1021,Precise Drawing and Model Making,First Semester,Undergraduate,6.0,In Person,2014
3397,EMDV6900,Preparatory Course: Environmental Management and Development,Summer Session/Autumn Session,Postgraduate,18.0,In Person,2014
3398,IDEC6900,Preparatory Course: International and Development Economics,Summer Session/Autumn Session,Postgraduate,18.0,In Person,2014
3399,IDEC6901,Preparatory Course: Master of International and Development Economics,,Postgraduate,6.0,In Person,2014
3400,POGO6900,Preparatory Course: Policy and Governance,Summer Session/Autumn Session,Postgraduate,18.0,In Person,2014
3401,SCOM8024,Presenting Science to the Public,First Semester/Second Semester,Postgraduate,6.0,In Person,2014
3402,POLS2043,Pressure Groups and Political Lobbying,,Undergraduate,6.0,In Person,2014
3403,BIAN6018,Primate Behavioural Ecology Field School in Cambodia,Summer Session,Postgraduate,12.0,In Person,2014
3404,BIAN3018,Primate Behavioural Ecology Field School in Cambodia,Summer Session,Undergraduate,12.0,In Person,2014
3405,BIAN3021,Primate Conservation Biology,First Semester,Undergraduate,6.0,In Person,2014
3406,BIAN6520,Primate Conservation Biology,First Semester,Postgraduate,6.0,In Person,2014
3407,BIAN3127,Primate Ecology and Behaviour,,Undergraduate,6.0,In Person,2014
3408,BIAN6514,Primate Ecology and Behaviour,,Postgraduate,6.0,In Person,2014
3409,BIAN2126,Primate Evolutionary Biology,,Undergraduate,6.0,In Person,2014
3410,BIAN6513,Primate Evolutionary Biology,,Postgraduate,6.0,In Person,2014
3411,MUSM4093B,Principal Study 4 Honours (Part B),First Semester/Second Semester,Undergraduate,36.0,In Person,2014
3412,MEDN8003,Principles of Clinical Pharmacology,Spring Session,Postgraduate,6.0,In Person,2014
3413,PHYS8013,Principles of Energy Generation and Transformation,First Semester,Postgraduate,6.0,In Person,2014
3414,LAWS8150,Principles of Evidence Under the Uniform Act,First Semester,Postgraduate,6.0,Online,2014
3415,BIOL2151,Principles of Genetics,Second Semester,Undergraduate,6.0,In Person,2014
3416,BIOL6006,Principles of Genetics,Second Semester,Postgraduate,6.0,In Person,2014
3417,MEDI8108,Principles of Health Economics and Financing,Second Semester,Postgraduate,3.0,In Person,2014
3418,LAWS6504,Principles of Intellectual Property,First Semester,Postgraduate,6.0,In Person,2014
3419,LAWS3104,Principles of Intellectual Property,First Semester,Undergraduate,6.0,In Person,2014
3420,LAWS8182,Principles of International Law,Summer Session/Winter Session,Postgraduate,6.0,In Person,2014
3421,STAT6039,Principles of Mathematical Statistics,First Semester/Second Semester,Postgraduate,6.0,In Person,2014
3422,IDEC8042,Principles of Microeconomic Intervention,,Postgraduate,6.0,In Person,2014
3423,DEMO8008,Principles of Population Analysis,First Semester,Postgraduate,6.0,In Person,2014
3424,COMP3610,Principles of Programming Languages,,Undergraduate,6.0,In Person,2014
3425,COMP6361,Principles of Programming Languages,,Postgraduate,6.0,In Person,2014
3426,POGO8084,Principles of Social Policy,Summer Session,Postgraduate,6.0,In Person,2014
3427,BUSN3014,Principles of Tax Law,First Semester/Second Semester,Undergraduate,6.0,In Person,2014
3428,ARTV3705,Printmedia & Drawing 5,First Semester,Undergraduate,12.0,In Person,2014
3429,ARTV3706,Printmedia & Drawing 6,Second Semester,Undergraduate,12.0,In Person,2014
3430,ARTV1701,Printmedia and Drawing 1: Introduction to Drawing,First Semester,Undergraduate,6.0,In Person,2014
3431,ARTV1702,Printmedia and Drawing 2: Relief Printing,Second Semester,Undergraduate,6.0,In Person,2014
3432,ARTV2707,Printmedia and Drawing: Advanced Etching/Relief,Second Semester,Undergraduate,6.0,In Person,2014
3433,ARTV2717,Printmedia and Drawing: Book Design,First Semester,Undergraduate,6.0,In Person,2014
3434,ARTV3703,Printmedia and Drawing: Contemporary Print Methods,Second Semester,Undergraduate,6.0,In Person,2014
3435,ARTV2725,Printmedia and Drawing: Etching,First Semester,Undergraduate,6.0,In Person,2014
3436,ARTV2706,Printmedia and Drawing: Experimental Drawing,First Semester,Undergraduate,6.0,In Person,2014
3437,ARTV3701,Printmedia and Drawing: Independent Work Project Theory and Practice,First Semester,Undergraduate,6.0,In Person,2014
3438,ARTV3702,Printmedia and Drawing: Independent Work Project Theory and Practice 2,Second Semester,Undergraduate,6.0,In Person,2014
3439,ARTV2705,Printmedia and Drawing: Introduction to Etching,First Semester,Undergraduate,6.0,In Person,2014
3440,ARTV2729,Printmedia and Drawing: Life Drawing 1,First Semester,Undergraduate,6.0,In Person,2014
3441,ARTV3730,Printmedia and Drawing: Life Drawing 2,Second Semester,Undergraduate,6.0,In Person,2014
3442,ARTV2727,Printmedia and Drawing: Lithography,Second Semester,Undergraduate,6.0,In Person,2014
3443,ARTV2708,Printmedia and Drawing: Project Drawing,Second Semester,Undergraduate,6.0,In Person,2014
3444,ARTV2723,Printmedia and Drawing: Screenprinting 1,First Semester,Undergraduate,6.0,In Person,2014
3445,ARTV3734,Printmedia and Drawing: Screenprinting 2,First Semester,Undergraduate,6.0,In Person,2014
3446,ARTV2715,Printmedia and Drawing: Typography,Second Semester,Undergraduate,6.0,In Person,2014
3447,LAWS8033,"Prisons, Prisoners and the Law",,Postgraduate,6.0,In Person,2014
3448,LAWS8588,Privatisation and Regulation of Aviation,,Postgraduate,6.0,In Person,2014
3449,MATH3029,Probability Modelling with Applications,First Semester,Undergraduate,6.0,In Person,2014
3450,MATH6109,Probability Modelling with Applications,First Semester,Postgraduate,6.0,In Person,2014
3451,STAT8014,Probability Theory,,Postgraduate,6.0,In Person,2014
3452,ENGN8538,Probability and Stochastic Processes in Engineering,First Semester,Postgraduate,6.0,In Person,2014
3453,ENGN8150,Professional Communication I,First Semester/Second Semester,Postgraduate,6.0,In Person,2014
3454,ENGN8160,Professional Communication II,Second Semester,Postgraduate,6.0,In Person,2014
3455,LEGW8142,Professional Practice Core,Summer Session/Winter Session,Postgraduate,15.0,Online,2014
3456,ARTV2027,Professional Practices,First Semester,Undergraduate,6.0,In Person,2014
3457,ARTV2028,Professional Practices Advanced,Second Semester,Undergraduate,6.0,In Person,2014
3458,POGO8117,Program Management,Second Semester,Postgraduate,6.0,In Person,2014
3459,COMP6730,Programming for Scientists,Second Semester,Postgraduate,6.0,In Person,2014
3460,COMP1730,Programming for Scientists,Second Semester,Undergraduate,6.0,In Person,2014
3461,BUSN8005,Project Accounting and Financial Management,Second Semester,Postgraduate,6.0,In Person,2014
3462,BUSN7024,Project Management Principles,First Semester,Postgraduate,6.0,In Person,2014
3463,INFS3059,Project Management and Information Systems,Second Semester,Undergraduate,6.0,In Person,2014
3464,MGMT8005,Project Risk and Issues Management,Second Semester,Postgraduate,6.0,In Person,2014
3465,COMP3740,Project Work in Computing,First Semester/Second Semester,Undergraduate,6.0,In Person,2014
3466,BUSN3059,Project/Case Studies in Commerce,First Semester/Second Semester,Undergraduate,6.0,In Person,2014
3467,LAWS2204,Property,First Semester,Undergraduate,6.0,In Person,2014
3468,CHEM2208,Protein Engineering and Analysis,Second Semester,Undergraduate,6.0,In Person,2014
3469,CHEM6008,Protein Engineering and Analysis,,Postgraduate,6.0,In Person,2014
3470,PREP1115,Psychology,First Semester/Second Semester,Undergraduate,6.0,In Person,2014
3471,PSYC1003,"Psychology 1: Understanding Mind, Brain and Behaviour",First Semester,Undergraduate,6.0,In Person,2014
3472,PSYC1004,Psychology 2: Understanding People in Context,Second Semester,Undergraduate,6.0,In Person,2014
3473,PSYC4005P,Psychology IV Honours (S),First Semester/Second Semester,Undergraduate,12.0,In Person,2014
3474,PSYC4005F,Psychology IV Honours (S),First Semester/Second Semester,Undergraduate,12.0,In Person,2014
3475,PSYC3030,Psychology Undergraduate Research Experience,Summer Session/First Semester/Second Semester,Undergraduate,6.0,In Person,2014
3476,POGO8005,Public Administration,,Postgraduate,6.0,In Person,2014
3477,POLS2130,Public Choice and Politics,First Semester,Undergraduate,6.0,In Person,2014
3478,POGO8048,Public Finance,,Postgraduate,6.0,In Person,2014
3479,POPH8106,Public Health Research Project,,Postgraduate,6.0,In Person,2014
3480,MEDI8206,Public Health Research Project,Summer Session/First Semester/Autumn Session/Winter Session/Second Semester/Spring Session,Postgraduate,6.0,In Person,2014
3481,POPH8107,Public Health Research Project Development,,Postgraduate,6.0,In Person,2014
3482,MEDI8207,Public Health Research Project Development,Summer Session/First Semester/Autumn Session/Winter Session/Second Semester/Spring Session,Postgraduate,6.0,In Person,2014
3483,POPH8317,Public Health Surveillance,First Semester,Postgraduate,6.0,In Person,2014
3484,POPH8917,Public Health Surveillance,,Research,6.0,In Person,2014
3485,MEDI8116,"Public Health disasters, catastrophes and recovery",Second Semester,Postgraduate,6.0,In Person,2014
3486,POGO8121,Public Management Report,,Postgraduate,6.0,In Person,2014
3487,BUSN3006,Public Sector Accounting,,Undergraduate,6.0,In Person,2014
3488,BUSN7006,Public Sector Accounting and Reporting,,Postgraduate,6.0,In Person,2014
3489,POGO8120,Public Sector Communication and Marketing,,Postgraduate,6.0,In Person,2014
3490,ECON8034,Public Sector Economics (G),First Semester,Postgraduate,6.0,In Person,2014
3491,ECON2132,Public Sector Economics (H),First Semester,Undergraduate,6.0,In Person,2014
3492,ECON2131,Public Sector Economics (P),First Semester,Undergraduate,6.0,In Person,2014
3493,LAWS8522,Public Sector Employment Law,Autumn Session,Postgraduate,6.0,In Person,2014
3494,POGO8021,Public Sector Ethics,First Semester,Postgraduate,6.0,Online or In Person,2014
3495,FINM7029,Public Sector Financial Management,,Postgraduate,3.0,In Person,2014
3496,POGO8111,Public Sector Leadership,Winter Session,Postgraduate,6.0,In Person,2014
3497,POGO8062,Public Sector Management,Second Semester,Postgraduate,6.0,In Person,2014
3498,POGO8058,Public Sector Reform in Developing Countries,,Postgraduate,6.0,In Person,2014
3499,INDG3001,Public policy development and implementation and Indigenous Australians,,Undergraduate,6.0,In Person,2014
3500,POGO8267,Public-Private Partnerships,,Postgraduate,6.0,In Person,2014
3501,CHMD8004,Qualitative Methodologies for Health Research,First Semester/Second Semester,Postgraduate,6.0,Online or In Person,2014
3502,DEMO8020,Qualitative Research Analysis,,Postgraduate,6.0,In Person,2014
3503,BUSN8018,Qualitative Research Methods,,Postgraduate,6.0,In Person,2014
3504,SOCY2043,Qualitative Research Methods,,Undergraduate,6.0,In Person,2014
3505,ENVS2014,Qualitative Research Methods for Sustainability,Winter Session,Undergraduate,6.0,In Person,2014
3506,ENVS6014,Qualitative Research Methods for Sustainability,Winter Session,Postgraduate,6.0,In Person,2014
3507,MEDI8201,Qualitative and Social Research for Public Health,,Postgraduate,6.0,In Person,2014
3508,ARCH8026,Quantitative Analysis in Archaeology,,Postgraduate,6.0,In Person,2014
3509,IDEC8010,Quantitative International Economics,First Semester,Postgraduate,6.0,In Person,2014
3510,PSYC2009,Quantitative Methods in Psychology,First Semester,Undergraduate,6.0,In Person,2014
3511,IDEC8026,Quantitative Policy Impact Evaluation,First Semester,Postgraduate,6.0,In Person,2014
3512,DEMO8078,Quantitative Research Methods,,Postgraduate,6.0,In Person,2014
3513,STAT1008,Quantitative Research Methods,First Semester/Second Semester,Undergraduate,6.0,In Person,2014
3514,PHYS2013,Quantum Mechanics,First Semester,Undergraduate,6.0,In Person,2014
3515,BIAN6115,Race and Human Genetic Variation,,Postgraduate,6.0,In Person,2014
3516,CHIN3043,Rdgs in Taiwan Studies,,Undergraduate,6.0,In Person,2014
3517,ENGL4018,Re-making Literature: Topics in Reading and Analysing Genre,,Undergraduate,12.0,Online or In Person,2014
3518,PHYS8202,Reactor Science,First Semester,Postgraduate,6.0,In Person,2014
3519,ENGL8019,Reading Context: Topics in Production and Reception of Texts,,Postgraduate,12.0,Online or In Person,2014
3520,ENGL4019,Reading Context: Topics in Production and Reception of Texts,,Undergraduate,12.0,Online or In Person,2014
3521,GEND1002,Reading Popular Culture: An Introduction to Cultural Studies,Second Semester,Undergraduate,6.0,In Person,2014
3522,RUSS3003,Reading Russian For Academic Purposes II,Second Semester,Undergraduate,6.0,In Person,2014
3523,RUSS3002,Reading Russian for Academic Purposes I,First Semester,Undergraduate,6.0,In Person,2014
3524,RUSS6002,Reading Russian for Academic Purposes I,First Semester,Postgraduate,6.0,Online,2014
3525,RUSS6003,Reading Russian for Academic Purposes II,Second Semester,Postgraduate,6.0,In Person,2014
3526,ENGL1013,Reading across Time and Space: Literary Contexts,Second Semester,Undergraduate,6.0,In Person,2014
3527,CHIN3218,Reading in Chinese Philosophy,,Undergraduate,6.0,In Person,2014
3528,CHIN3014,Reading in Chinese Popular Culture,,Undergraduate,6.0,In Person,2014
3529,CHIN3115,Readings Modern Chinese Thought,,Undergraduate,6.0,In Person,2014
3530,LING8003,Readings in Applied Linguistics,First Semester/Second Semester,Postgraduate,6.0,Blended,2014
3531,ARTH8016,Readings in Art History and Curatorial Studies,First Semester/Second Semester,Postgraduate,6.0,Online or In Person,2014
3532,ARTH3002,Readings in Art History and Curatorship,,Undergraduate,6.0,In Person,2014
3533,ASIA3012,Readings in Asian Societies and Histories,Summer Session/First Semester/Autumn Session/Winter Session/Second Semester/Spring Session,Undergraduate,6.0,In Person,2014
3534,ASIA6512,Readings in Asian Societies and Histories,Summer Session/First Semester/Autumn Session/Winter Session/Second Semester/Spring Session,Postgraduate,6.0,In Person,2014
3535,CHIN3035,Readings in Chinese History,,Undergraduate,6.0,In Person,2014
3536,CHIN6035,Readings in Chinese History,,Postgraduate,6.0,In Person,2014
3537,CHIN6218,Readings in Chinese Philosophy,,Postgraduate,6.0,In Person,2014
3538,CHIN6034,Readings in Chinese Society,,Postgraduate,6.0,In Person,2014
3539,CHIN3034,Readings in Chinese Society,,Undergraduate,6.0,In Person,2014
3540,ECHI8002,Readings in Economic History,,Postgraduate,6.0,In Person,2014
3541,HIST8021,Readings in History,First Semester/Second Semester,Postgraduate,6.0,In Person,2014
3542,IDEC8123,Readings in International and Development Economics,First Semester/Second Semester,Postgraduate,6.0,In Person,2014
3543,JPNS3018,Readings in Japanese,First Semester/Second Semester,Undergraduate,6.0,In Person,2014
3544,JPNS6018,Readings in Japanese,First Semester,Postgraduate,6.0,In Person,2014
3545,JPNS6020,Readings in Japanese B,,Postgraduate,6.0,In Person,2014
3546,JPNS3019,Readings in Japanese B,,Undergraduate,6.0,In Person,2014
3547,JPNS6516,Readings in Japanese C,,Postgraduate,6.0,In Person,2014
3548,JPNS3020,Readings in Japanese C,,Undergraduate,6.0,In Person,2014
3549,JPNS6517,Readings in Japanese D,,Postgraduate,6.0,In Person,2014
3550,JPNS3021,Readings in Japanese D,,Undergraduate,6.0,In Person,2014
3551,ASIA6210,Readings in Modern Chinese History,,Postgraduate,6.0,In Person,2014
3552,CHIN6118,Readings in Modern Chinese Literature,,Postgraduate,6.0,In Person,2014
3553,CHIN3118,Readings in Modern Chinese Literature,,Undergraduate,6.0,In Person,2014
3554,CHIN6105,Readings in Modern Chinese Literature and Thought,,Postgraduate,6.0,In Person,2014
3555,CHIN3105,Readings in Modern Chinese Literature and Thought,,Undergraduate,6.0,In Person,2014
3556,CHIN6115,Readings in Modern Chinese Thought,,Postgraduate,6.0,In Person,2014
3557,NEUR8701,Readings in Neuroscience,First Semester/Second Semester,Postgraduate,6.0,In Person,2014
3558,HIND6008,Readings in South Asian Cultures,First Semester,Postgraduate,6.0,In Person,2014
3559,URDU6108,Readings in South Asian Cultures,,Postgraduate,6.0,In Person,2014
3560,SKRT2108,Readings in South Asian Cultures,First Semester,Undergraduate,6.0,Online or In Person,2014
3561,HIND2108,Readings in South Asian Cultures,First Semester,Undergraduate,6.0,In Person,2014
3562,SKRT6108,Readings in South Asian Cultures,First Semester,Postgraduate,6.0,Online or In Person,2014
3563,INDN6004,Readings in Southeast Asian Culture,First Semester,Postgraduate,6.0,In Person,2014
3564,INDN3004,Readings in Southeast Asian Culture,First Semester,Undergraduate,6.0,In Person,2014
3565,CHIN6043,Readings in Taiwan Studies,,Postgraduate,6.0,In Person,2014
3566,CHIN6117,Readings in Traditional Chinese Literature,,Postgraduate,6.0,In Person,2014
3567,LEGW8133,Real Estate Practice,,Postgraduate,6.0,In Person,2014
3568,HIST6213,Real Men: Manhood and Identity in the Western World,,Postgraduate,6.0,In Person,2014
3569,HIST2213,Real Men: Masculinities in Western History,,Undergraduate,6.0,In Person,2014
3570,COMP4330,Real-Time & Embedded Systems,,Undergraduate,6.0,In Person,2014
3571,COMP8330,Real-Time Embedded Systems,,Postgraduate,6.0,In Person,2014
3572,PHIL3070,"Reason, Critique and the Self: Kant and German Idealism",Second Semester,Undergraduate,6.0,In Person,2014
3573,CHMD8011,Refugee Health: From Displacement to Resettlement,,Postgraduate,6.0,Online or In Person,2014
3574,LAWS2271,Refugee Law,First Semester,Undergraduate,6.0,In Person,2014
3575,POLS6101,Refugee Politics: Displacement and Exclusion in the 20th and 21st Centuries,Second Semester,Postgraduate,6.0,In Person,2014
3576,POLS2101,Refugee Politics: Displacement and Exclusion in the Twentieth and Twenty-First Centuries,Second Semester,Undergraduate,6.0,In Person,2014
3577,POLS8029,Regional Integration in the Global Economy,,Postgraduate,6.0,In Person,2014
3578,POGO8114,Regional Trade Arrangements,,Postgraduate,6.0,In Person,2014
3579,IDEC8013,Regional and Global Approaches to Financial and Economic Integration,,Postgraduate,6.0,In Person,2014
3580,POGO8042,Regional and Local Government 2: Managing Performance,,Postgraduate,6.0,In Person,2014
3581,STAT6038,Regression Modelling,First Semester,Postgraduate,6.0,In Person,2014
3582,STAT2008,Regression Modelling,First Semester,Undergraduate,6.0,In Person,2014
3583,POGO8282,Regulatory Strategy,,Postgraduate,6.0,In Person,2014
3584,COMP6240,Relational Databases,Second Semester,Postgraduate,6.0,In Person,2014
3585,COMP2400,Relational Databases,Second Semester,Undergraduate,6.0,In Person,2014
3586,SOCY2057,"Relationships, Marriage and Family",,Undergraduate,6.0,In Person,2014
3587,MATH3329,"Relativity, Black Holes and Cosmology",,Undergraduate,6.0,In Person,2014
3588,ASIA2163,Religion and Politics in South Asia,,Undergraduate,6.0,In Person,2014
3589,ASIA6161,Religion and Politics in South Asia A,,Postgraduate,6.0,In Person,2014
3590,ASIA2161,Religion and Politics in South Asia A,,Undergraduate,6.0,In Person,2014
3591,ANTH2033,Religion and Society in India,,Undergraduate,6.0,In Person,2014
3592,ANTH2004,"Religion, Ritual and Cosmology",Second Semester,Undergraduate,6.0,In Person,2014
3593,ANTH6004,"Religion, Ritual and Cosmology",Second Semester,Postgraduate,6.0,In Person,2014
3594,ASIA6163,Religions and Politics in South Asia,,Postgraduate,6.0,In Person,2014
3595,ENGL2012,Renaissance Drama,Second Semester,Undergraduate,6.0,In Person,2014
3596,CHMD8005,"Representing Medicine: Performance, Drama and Identity",First Semester,Postgraduate,6.0,Online or In Person,2014
3597,ARTV2029,Representing the Self,,Undergraduate,6.0,In Person,2014
3598,DEMO8070,Reproductive Health Policy,,Postgraduate,6.0,In Person,2014
3599,COMP8100,Requirements Elicitation and Analysis Techniques,,Postgraduate,6.0,In Person,2014
3600,ARTV8054,Research,First Semester/Second Semester,Postgraduate,6.0,In Person,2014
3601,POGO8196,Research Design,First Semester,Postgraduate,12.0,In Person,2014
3602,ARCH3000,Research Design and Analysis in Archaeology,Second Semester,Undergraduate,6.0,In Person,2014
3603,ARCH6500,Research Design and Analysis in Archaeology,Second Semester,Postgraduate,6.0,In Person,2014
3604,BIAN3014,Research Design and Analysis in Biological Anthropology,Second Semester,Undergraduate,6.0,In Person,2014
3605,BIAN6516,Research Design and Analysis in Biological Anthropology,Second Semester,Postgraduate,6.0,In Person,2014
3606,ARTS8103,Research Design and Ethics,Summer Session/First Semester/Autumn Session/Winter Session/Second Semester/Spring Session,Postgraduate,6.0,In Person,2014
3607,ARCH8106,Research Design and Research Proposal,First Semester,Postgraduate,12.0,In Person,2014
3608,ASIA8075,"Research Design and Writing in International, Political and Strategic Studies",,Postgraduate,6.0,In Person,2014
3609,LING6509,Research Design in (Applied) Linguistics,First Semester,Postgraduate,6.0,Blended,2014
3610,ARAB3004,Research Essay (Arabic),First Semester,Undergraduate,6.0,In Person,2014
3611,ARAB6506,Research Essay (Arabic),First Semester,Postgraduate,6.0,In Person,2014
3612,ACST8050,Research Essay in Actuarial Studies,First Semester/Second Semester,Postgraduate,6.0,In Person,2014
3613,POPH8800,Research Integration: Knowledge Synthesis,,Postgraduate,3.0,In Person,2014
3614,PREP1101,Research Methods,First Semester/Second Semester,Undergraduate,0.0,In Person,2014
3615,POGO8096,Research Methods (6 units),First Semester/Winter Session,Postgraduate,6.0,In Person,2014
3616,MEDI8103,Research Methods 1,,Postgraduate,6.0,In Person,2014
3617,MEDI8104,Research Methods 2,,Postgraduate,6.0,In Person,2014
3618,EMSC8017,Research Methods and Proposal,,Postgraduate,6.0,In Person,2014
3619,ECHI8003,Research Methods and Resources in Economic History,,Postgraduate,6.0,In Person,2014
3620,EMDV8102,Research Methods for Environmental Management,First Semester,Postgraduate,6.0,In Person,2014
3621,NSPO8020,Research Methods in National Security Policy,,Postgraduate,6.0,In Person,2014
3622,EMSC8031,Research Methods in Physics of the Earth,,Postgraduate,6.0,In Person,2014
3623,PSYC9025,Research Practicum I,,Research,8.0,In Person,2014
3624,PSYC9026,Research Practicum II,,Research,8.0,In Person,2014
3625,BIOL8291,Research Presentation Skills,First Semester/Second Semester,Postgraduate,6.0,In Person,2014
3626,BIOL8701,Research Project,Summer Session/First Semester/Autumn Session/Winter Session/Second Semester/Spring Session,Postgraduate,6.0,In Person,2014
3627,ENGN8602,Research Project,First Semester/Second Semester,Postgraduate,6.0,In Person,2014
3628,EMDV8066,Research Project,Second Semester,Postgraduate,12.0,In Person,2014
3629,MEDI2003,Research Project,First Semester/Second Semester,Undergraduate,0.0,In Person,2014
3630,ENGN8601,Research Project,,Postgraduate,12.0,In Person,2014
3631,EMSC8030,Research Project,Summer Session/First Semester/Autumn Session/Winter Session/Second Semester,Postgraduate,6.0,In Person,2014
3632,MEDI8013,Research Project,First Semester/Second Semester,Postgraduate,0.0,In Person,2014
3633,DEMO8038,Research Project,,Postgraduate,18.0,In Person,2014
3634,POGO8135,Research Project (12 units),,Postgraduate,12.0,In Person,2014
3635,POGO8035,Research Project (6 units),First Semester/Second Semester,Postgraduate,6.0,In Person,2014
3636,POPH8312,Research Project in Applied Epidemiology,First Semester/Second Semester,Postgraduate,0.0,In Person,2014
3637,CHEM3060,Research Project in Chemistry,First Semester/Second Semester,Undergraduate,6.0,In Person,2014
3638,CHEM8003,Research Project in Chemistry,First Semester/Second Semester,Postgraduate,6.0,In Person,2014
3639,FINM8001,Research Project in Finance,First Semester/Second Semester,Postgraduate,12.0,In Person,2014
3640,BIOL8700,Research Proposal,First Semester/Second Semester,Postgraduate,12.0,In Person,2014
3641,EMDV8008,Research Proposal,First Semester,Postgraduate,6.0,In Person,2014
3642,ARCH8035,Research Seminars in Archaeological Science,,Postgraduate,6.0,In Person,2014
3643,BIOL3202,Research Skills in Biology,,Undergraduate,6.0,In Person,2014
3644,ARCH8041,Research Sub-Thesis in Archaeological Science (Part-time),Summer Session/First Semester/Autumn Session/Winter Session/Second Semester/Spring Session,Postgraduate,9.0,In Person,2014
3645,EDUC8004,Research Supervision,Second Semester,Postgraduate,6.0,In Person,2014
3646,STAT8012,Research Techniques (Statistics Graduate Program),,Postgraduate,6.0,In Person,2014
3647,ARCH8039,Research Thesis in Archaeological Science,Summer Session/First Semester/Autumn Session/Winter Session/Second Semester/Spring Session,Postgraduate,18.0,In Person,2014
3648,MICR9910P,Research Thesis in Microscopy,,Research,6.0,In Person,2014
3649,MICR9910F,Research Thesis in Microscopy,,Research,6.0,In Person,2014
3650,PHYS3042,Research Topics Physics,First Semester,Undergraduate,6.0,In Person,2014
3651,PHYS3045,Research Topics Physics,Summer Session/Second Semester,Undergraduate,6.0,In Person,2014
3652,PHYS3044,Research Topics in Physics,Second Semester,Undergraduate,3.0,In Person,2014
3653,PHYS3041,Research Topics in Physics,First Semester,Undergraduate,3.0,In Person,2014
3654,CLAS8018,Research in Classical Studies,First Semester/Second Semester,Postgraduate,12.0,In Person,2014
3655,EMDV8014,Research in Climate Change Policy and Economics,,Postgraduate,6.0,Blended,2014
3656,ENVS8013,Research in Climate Change Vulnerability and Adaptation,,Postgraduate,6.0,In Person,2014
3657,HGEO8003,Research in Natural Hazards and Disasters,First Semester/Second Semester,Postgraduate,6.0,In Person,2014
3658,HGEO8004,Research in Natural Hazards and Disasters,First Semester/Second Semester,Postgraduate,12.0,In Person,2014
3659,SCOM2002,Research in Science Communication,,Undergraduate,6.0,In Person,2014
3660,VISC8015,Research with a Video Camera,,Postgraduate,12.0,In Person,2014
3661,POLS3028,Researching and Writing Human Rights,First Semester,Undergraduate,6.0,In Person,2014
3662,ECON8040,Resource & Environmental Economics,,Postgraduate,6.0,In Person,2014
3663,ECON2129,Resource and Environmental Economics (H),,Undergraduate,6.0,In Person,2014
3664,ECON2128,Resource and Environmental Economics (P),Second Semester,Undergraduate,6.0,In Person,2014
3665,POGO8128,Responsible Parliamentary Government,,Postgraduate,6.0,In Person,2014
3666,LAWS2254,Restitution,Second Semester,Undergraduate,6.0,In Person,2014
3667,LAWS2255,Restrictive Trade Practices,First Semester,Undergraduate,6.0,In Person,2014
3668,ASIA8034,"Rethinking Northeast Asia: Region, Culture and Society",,Postgraduate,6.0,In Person,2014
3669,ASIA6273,"Revolutions, Rebellions and Reforms: Histories of Resistance in India",,Postgraduate,6.0,In Person,2014
3670,ASIA2273,"Revolutions, Rebellions and Reforms: Histories of Resistance in India",,Undergraduate,6.0,In Person,2014
3671,MGMT7203,Risk Analysis for Business Management,,Postgraduate,6.0,In Person,2014
3672,FINM7030,Risk Management,,Postgraduate,3.0,In Person,2014
3673,STAT3035,Risk Theory,First Semester,Undergraduate,6.0,In Person,2014
3674,STAT8035,Risk Theory,First Semester,Postgraduate,6.0,In Person,2014
3675,SOCY8002,Risk and Society,,Postgraduate,6.0,In Person,2014
3676,POGO8112,Risk for Public Sector Managers,,Postgraduate,6.0,In Person,2014
3677,SOCY2008,"Risks, Hazards and Disasters",,Undergraduate,6.0,In Person,2014
3678,ENGN4627,Robotics,Second Semester,Undergraduate,6.0,In Person,2014
3679,ENGN6627,Robotics,Second Semester,Postgraduate,6.0,In Person,2014
3680,EMSC2017,Rocks and Minerals,First Semester,Undergraduate,6.0,In Person,2014
3681,EMSC6017,Rocks and Minerals,First Semester,Postgraduate,6.0,In Person,2014
3682,ANCH1014,Rome: Republic to Empire,Second Semester,Undergraduate,6.0,In Person,2014
3683,ARTH2060,Russian Art: Icons and Revolutions,,Undergraduate,6.0,In Person,2014
3684,ARTH6060,Russian Art: Icons and Revolutions,,Postgraduate,6.0,Online or In Person,2014
3685,RUSS4005P,Russian IV Honours (S),First Semester/Second Semester,Undergraduate,12.0,In Person,2014
3686,RUSS4005F,Russian IV Honours (S),First Semester/Second Semester,Undergraduate,12.0,In Person,2014
3687,STAT8022,Sample Surveys,,Postgraduate,6.0,In Person,2014
3688,ASIA3011,Samurai Society and Social Control  in Japan,First Semester,Undergraduate,6.0,In Person,2014
3689,ASIA6511,Samurai Society and Social Control in Japan,First Semester,Postgraduate,6.0,In Person,2014
3690,SKRT1002,Sanskrit 1A,First Semester,Undergraduate,6.0,Online or In Person,2014
3691,SKRT6102,Sanskrit 1A,First Semester,Postgraduate,6.0,Online or In Person,2014
3692,SKRT6103,Sanskrit 1B,Second Semester,Postgraduate,6.0,Online or In Person,2014
3693,SKRT1003,Sanskrit 1B,Second Semester,Undergraduate,6.0,Online or In Person,2014
3694,SKRT2103,Sanskrit 2A,First Semester,Undergraduate,6.0,Online or In Person,2014
3695,SKRT6160,Sanskrit 2A,First Semester,Postgraduate,6.0,Online or In Person,2014
3696,SKRT6107,Sanskrit 2B,Second Semester,Postgraduate,6.0,Online or In Person,2014
3697,SKRT2104,Sanskrit 2B,Second Semester,Undergraduate,6.0,Online or In Person,2014
3698,SKRT6105,Sanskrit 3A,First Semester,Postgraduate,6.0,Online or In Person,2014
3699,SKRT2105,Sanskrit 3A,First Semester,Undergraduate,6.0,Online or In Person,2014
3700,SKRT6106,Sanskrit 3B,Second Semester,Postgraduate,6.0,Online or In Person,2014
3701,SKRT2106,Sanskrit 3B,Second Semester,Undergraduate,6.0,Online or In Person,2014
3702,SCOM1001,Science Communication 1: Science and Public Awareness,First Semester,Undergraduate,6.0,In Person,2014
3703,SCOM1002,Science Communication 2: Scientific Evidence and Social Change,,Undergraduate,6.0,In Person,2014
3704,SCOM4005F,Science Communication IV Honours,First Semester/Second Semester,Undergraduate,12.0,In Person,2014
3705,SCOM4005P,Science Communication IV Honours,First Semester/Second Semester,Undergraduate,12.0,In Person,2014
3706,SCOM8026,Science Communication Research Project,First Semester/Second Semester,Postgraduate,12.0,In Person,2014
3707,SCOM8020,Science Communication and Creative Teaching,Second Semester,Postgraduate,6.0,In Person,2014
3708,SCOM8012,Science Communication and the Web,Winter Session,Postgraduate,6.0,In Person,2014
3709,SCOM3012,Science Communication and the Web,,Undergraduate,6.0,In Person,2014
3710,SCNC2021,Science Research Project,Summer Session/First Semester/Autumn Session/Winter Session/Second Semester/Spring Session,Undergraduate,6.0,In Person,2014
3711,SCNC3021,Science Research Project,Summer Session/First Semester/Autumn Session/Winter Session/Second Semester/Spring Session,Undergraduate,6.0,In Person,2014
3712,SCNC8021,Science Research Project,Summer Session/First Semester/Autumn Session/Winter Session/Second Semester/Spring Session,Postgraduate,3.0,In Person,2014
3713,SCNC1001,Science Under the Microscope,,Undergraduate,6.0,In Person,2014
3714,SCOM6027,Science and Public Policy,Second Semester,Postgraduate,6.0,Blended,2014
3715,SCOM3027,Science and Public Policy,Second Semester,Undergraduate,6.0,Blended,2014
3716,SCOM2003,Science in Popular Fiction,Second Semester,Undergraduate,6.0,In Person,2014
3717,SCOM6003,Science in Popular Fiction,Second Semester,Postgraduate,6.0,In Person,2014
3718,SCOM3002,Science in the Media,Second Semester,Undergraduate,6.0,In Person,2014
3719,SCOM6016,Science in the Media,Autumn Session/Second Semester,Postgraduate,6.0,In Person,2014
3720,POGO8093,"Science, Innovation and Public Policy",,Postgraduate,6.0,In Person,2014
3721,SCOM3001,"Science, Risk and Ethics",First Semester,Undergraduate,6.0,In Person,2014
3722,MATH3511,Scientific Computing,First Semester,Undergraduate,6.0,In Person,2014
3723,MATH6111,Scientific Computing,First Semester,Postgraduate,6.0,In Person,2014
3724,BIAN6510,Scientific Dating and Isotope analysis for Archaeology and Palaeoanthropology,Second Semester,Postgraduate,6.0,In Person,2014
3725,BIAN3010,Scientific Dating and Isotope analysis for Archaeology and Palaeoanthropology,Second Semester,Undergraduate,6.0,In Person,2014
3726,MATH3501,Scientific and Industrial Modelling,Second Semester,Undergraduate,6.0,In Person,2014
3727,MATH6103,Scientific and Industrial Modelling,Second Semester,Postgraduate,6.0,In Person,2014
3728,ENGL2063,Scottish Literature,,Undergraduate,6.0,In Person,2014
3729,ARTV2733,Screenprinting 1,,Undergraduate,6.0,In Person,2014
3730,NEWM2002,"Screens, Art and Performance",First Semester,Undergraduate,6.0,In Person,2014
3731,ARTV2805,Sculpture 5,First Semester,Undergraduate,12.0,In Person,2014
3732,ARTV3806,Sculpture 6,Second Semester,Undergraduate,12.0,In Person,2014
3733,ARTV2818,Sculpture Advanced Construction,First Semester,Undergraduate,6.0,In Person,2014
3734,ARTV2814,Sculpture Advanced Methods Through Innovative Sculptural Production Finish and Site Considerations,First Semester,Undergraduate,6.0,In Person,2014
3735,ARTV2816,"Sculpture Advanced Studio 1: Independent Research, Design, Drawing, Making",Second Semester,Undergraduate,6.0,In Person,2014
3736,ARTV2817,"Sculpture Advanced Studio 2: Independent Research, Concept Reflection & Material Extension",Second Semester,Undergraduate,6.0,In Person,2014
3737,DESA2805,Sculpture Design 5,First Semester,Undergraduate,12.0,In Person,2014
3738,DESA3806,Sculpture Design 6,Second Semester,Undergraduate,12.0,In Person,2014
3739,DESA2810,Sculpture Design: Advanced Mould Making Through Multiples and Reproduction Design Blanks,First Semester,Undergraduate,6.0,In Person,2014
3740,DESA2806,"Sculpture Design: Bricolage Through Collecting, Collating and Construction with Found Materials",First Semester,Undergraduate,6.0,In Person,2014
3741,DESA3802,Sculpture Design: Independent Work Proposal 2,Second Semester,Undergraduate,6.0,In Person,2014
3742,DESA2809,Sculpture Design: Material Integration and Context Through Mixed Media and Advanced Processes,Second Semester,Undergraduate,6.0,In Person,2014
3743,DESA2807,Sculpture Design: Space and Reproduction Through Mould Making and Surface Replication,First Semester,Undergraduate,6.0,In Person,2014
3744,DESA2808,"Sculpture Design: Space and Shape Investigations with Soft Sculpture, Pattern Making and Armature",Second Semester,Undergraduate,6.0,In Person,2014
3745,DESA3801,Sculpture Design:Independent Work Proposal 1 Introduction,First Semester,Undergraduate,6.0,In Person,2014
3746,ARTV2813,Sculpture Reproduction and Simulacra Through Casting and Finishing Bronze,Second Semester,Undergraduate,6.0,In Person,2014
3747,ARTV2815,"Sculpture Temporal Studies  Through Time, Change and Process Approaches to Sculpture",First Semester,Undergraduate,6.0,In Person,2014
3748,ARTV2806,"Sculpture: Bricolage Through Collecting, Collating and Construction with Found Materials",First Semester,Undergraduate,6.0,In Person,2014
3749,ARTV1801,"Sculpture: Constructed Form and Space , Through Investigations with Wood and Metal",First Semester,Undergraduate,6.0,In Person,2014
3750,ARTV3801,Sculpture: Independent Work Proposal 1 Introduction to IWP,First Semester,Undergraduate,6.0,In Person,2014
3751,ARTV3802,Sculpture: Independent Work Proposal 2,Second Semester,Undergraduate,6.0,In Person,2014
3752,ARTV2809,Sculpture: Material Integration and Context Through Mixed Media and Advanced Processes,Second Semester,Undergraduate,6.0,In Person,2014
3753,ARTV1802,"Sculpture: Plasticity, Observation and Abstraction Through Figure Modeling and Waste Moulding",Second Semester,Undergraduate,6.0,In Person,2014
3754,ARTV2807,Sculpture: Space and Reproduction Through Mould Making and Surface Replication,First Semester,Undergraduate,6.0,In Person,2014
3755,ARTV2808,"Sculpture: Space and Shape Investigations with Soft Sculpture, Pattern Making and Armature",Second Semester,Undergraduate,6.0,In Person,2014
3756,LING2101,Second Language Acquisition,,Undergraduate,6.0,In Person,2014
3757,LING6101,Second Language Acquisition,,Postgraduate,6.0,Blended,2014
3758,NSPO8019,Sectarianism and Religiously Motivated Violence,Second Semester,Postgraduate,6.0,Blended,2014
3759,STST2003,Securing Australia's Asia-Pacific Arc of Instability,First Semester,Undergraduate,6.0,In Person,2014
3760,POLS2131,Security Communities: From War to Peace,,Undergraduate,6.0,In Person,2014
3761,INTR2020,Security and Stability on the Korean Peninsula,Second Semester,Undergraduate,6.0,In Person,2014
3762,EMSC6014,Sedimentology and Stratigraphy,First Semester,Postgraduate,6.0,In Person,2014
3763,EMSC2014,Sedimentology and Stratigraphy,First Semester,Undergraduate,6.0,In Person,2014
3764,INTR8042,Seeking Security in Southeast Asia: Discourses and Practice,,Postgraduate,6.0,In Person,2014
3765,EMSC8002,Seismology,,Postgraduate,6.0,In Person,2014
3766,CRWF8012,Selected Themes in Economics and Government,Autumn Session,Postgraduate,6.0,In Person,2014
3767,POGO8102,Selected Themes in Public Policy,Summer Session/First Semester/Autumn Session/Winter Session/Second Semester/Spring Session,Postgraduate,6.0,In Person,2014
3768,NSPO8022,Selected Topic in National Security Policy,Autumn Session/Second Semester/Spring Session,Postgraduate,6.0,In Person,2014
3769,LAWS2257,Selected Topics in Australian-United States Comparative Law (ANU),Second Semester,Undergraduate,6.0,In Person,2014
3770,LAWS2248,Selected Topics in Australian-United States Comparative Law (Alabama),Summer Session,Undergraduate,6.0,In Person,2014
3771,EURO2010,Selected Topics in European Studies,,Undergraduate,6.0,In Person,2014
3772,FREN2021,Selected Topics in French Studies,Second Semester,Undergraduate,6.0,In Person,2014
3773,FREN6510,Selected Topics in French Studies,Second Semester,Postgraduate,6.0,In Person,2014
3774,GERM2112,Selected Topics in German Studies,,Undergraduate,6.0,In Person,2014
3775,MEDI8105,Selected Topics in Internal Medicine and Sport and Exercise 1,,Postgraduate,3.0,In Person,2014
3776,MEDI8106,Selected Topics in Internal Medicine and Sport and Exercise 2,,Postgraduate,3.0,In Person,2014
3777,SOCY3003,Selected Topics in Sociology,,Undergraduate,6.0,In Person,2014
3778,SPAN6505,Selected Topics in Spanish I,First Semester,Postgraduate,6.0,In Person,2014
3779,SPAN2003,Selected Topics in Spanish I,,Undergraduate,6.0,In Person,2014
3780,SPAN2004,Selected Topics in Spanish II,,Undergraduate,6.0,In Person,2014
3781,SPAN6506,Selected Topics in Spanish II,Second Semester,Postgraduate,6.0,In Person,2014
3782,LAWS2233,Selected Topics in Torts,Second Semester,Undergraduate,6.0,In Person,2014
3783,SOCY1002,Self and Society,First Semester,Undergraduate,6.0,In Person,2014
3784,LING2008,Semantics,First Semester,Undergraduate,6.0,In Person,2014
3785,LING6008,Semantics,First Semester,Postgraduate,6.0,Blended,2014
3786,ASIA3004,Semester In Asia,Summer Session/First Semester/Autumn Session/Winter Session/Second Semester/Spring Session,Undergraduate,24.0,In Person,2014
3787,ASIA6504,Semester in Asia,Summer Session/First Semester/Autumn Session/Winter Session/Second Semester/Spring Session,Postgraduate,24.0,In Person,2014
3788,ENGN3334,Semiconductors,Second Semester,Undergraduate,6.0,In Person,2014
3789,PHYS6504,Semiconductors,Second Semester,Postgraduate,6.0,In Person,2014
3790,ENGN6334,Semiconductors,Second Semester,Postgraduate,6.0,In Person,2014
3791,PHYS3053,Semiconductors for Optical Systems,,Undergraduate,3.0,In Person,2014
3792,EMSC3030,Seminar A,Summer Session/First Semester/Autumn Session/Winter Session/Second Semester/Spring Session,Undergraduate,3.0,In Person,2014
3793,EMSC6040,Seminar A: Short Research Project,,Postgraduate,3.0,In Person,2014
3794,EMSC3031,Seminar B,Summer Session/First Semester/Autumn Session/Winter Session/Second Semester/Spring Session,Undergraduate,3.0,In Person,2014
3795,EMSC6041,Seminar B: Short Research Project,,Postgraduate,3.0,In Person,2014
3796,EAST8017,Seminar in East Asian Studies A: Comparative Nationalisms Korea and Japan,,Postgraduate,6.0,In Person,2014
3797,BUSN8013,Seminar in Research Method in Commerce,First Semester/Second Semester,Postgraduate,6.0,In Person,2014
3798,HIND3501,Seminar on Hindi Language and Literature,,Undergraduate,6.0,In Person,2014
3799,LING6522,Seminar on Semantics,Second Semester,Postgraduate,6.0,Blended,2014
3800,LING3022,Seminar on Semantics,Second Semester,Undergraduate,6.0,In Person,2014
3801,NEUR3112,Sensory Neuroscience,Second Semester,Undergraduate,6.0,In Person,2014
3802,NEUR6102,Sensory Neuroscience,Second Semester,Postgraduate,6.0,In Person,2014
3803,BIOL3103,Sensory Physiology and Animal Behaviour,,Undergraduate,6.0,In Person,2014
3804,BIOL6103,Sensory Physiology and Animal Behaviour,,Postgraduate,6.0,In Person,2014
3805,POGO8208,Service Contracts,,Postgraduate,6.0,In Person,2014
3806,MKTG7023,Services Marketing,Second Semester,Postgraduate,6.0,In Person,2014
3807,POGO8015,Services and Investment Policy,Second Semester,Postgraduate,6.0,In Person,2014
3808,HIST8016,Settler Societies and Indigenous Encounters,First Semester,Postgraduate,6.0,Blended,2014
3809,PHIL2082,Sex and Death: the Philosophy of Biology,,Undergraduate,6.0,In Person,2014
3810,GEND1001,"Sex, Gender and Identity: An Introduction to Gender Studies",First Semester,Undergraduate,6.0,In Person,2014
3811,SOCY2044,"Sex, Gender and Society",,Undergraduate,6.0,In Person,2014
3812,HIST2229,Sexuality in Australian History,,Undergraduate,6.0,In Person,2014
3813,HIST6229,Sexuality in Australian History,,Postgraduate,6.0,In Person,2014
3814,ENGL2055,Shakespeare and Film,,Undergraduate,6.0,In Person,2014
3815,MEAS8122,Shiite Islam in World Politics,,Postgraduate,6.0,In Person,2014
3816,ARTV2030,Shopping Around,First Semester,Undergraduate,6.0,In Person,2014
3817,ENGN2228,Signal Processing,Second Semester,Undergraduate,6.0,In Person,2014
3818,LAWS8186,Site Contamination Law,,Postgraduate,6.0,In Person,2014
3819,ARTS8102,Situating the Thesis (TPR),Summer Session/First Semester/Autumn Session/Winter Session/Second Semester/Spring Session,Postgraduate,6.0,In Person,2014
3820,ANTH6519,Social Animals: anthropological perspectives on animal-human relationships,First Semester,Postgraduate,6.0,In Person,2014
3821,ANTH2133,Social Animals: anthropological perspectives on animal-human relationships,First Semester,Undergraduate,6.0,In Person,2014
3822,ANTH8008,Social Impact Studies in Project Cycle,Second Semester,Postgraduate,12.0,Online or In Person,2014
3823,SOCY2055,Social Inequality in Comparative Perspective,,Undergraduate,6.0,In Person,2014
3824,ANTH8006,Social Mapping and Community Politics,First Semester,Postgraduate,12.0,Online or In Person,2014
3825,MKTG3024,Social Marketing,Second Semester,Undergraduate,6.0,In Person,2014
3826,SOCY6054,"Social Networks: Introduction to Concepts, Analyses and Methods",,Postgraduate,6.0,In Person,2014
3827,PHIL2110,Social Philosophy,,Undergraduate,6.0,In Person,2014
3828,POGO8025,Social Policy Analysis,Second Semester,Postgraduate,6.0,In Person,2014
3829,POGO8024,"Social Policy, Society and Change",First Semester,Postgraduate,6.0,In Person,2014
3830,SOCY2101,Social Policy: Principles and Practice,Second Semester,Undergraduate,6.0,In Person,2014
3831,PSYC2001,Social Psychology,Second Semester,Undergraduate,6.0,In Person,2014
3832,DEMO8061,Social Research Design,First Semester,Postgraduate,6.0,In Person,2014
3833,DEMO8082,Social Research Practice,Second Semester,Postgraduate,6.0,In Person,2014
3834,SOCY8101,Social Research Theory and Design,First Semester/Second Semester,Postgraduate,6.0,In Person,2014
3835,DEMO8086,Social Science of the Internet,First Semester,Postgraduate,6.0,Online or In Person,2014
3836,ASIA8035,Societies in Asia,First Semester,Postgraduate,6.0,In Person,2014
3837,ENVS2013,Society and Environmental Change,First Semester,Undergraduate,6.0,In Person,2014
3838,ENVS6013,Society and Environmental Change,First Semester,Postgraduate,6.0,In Person,2014
3839,SOCY4005F,Sociology IV Honours (S),First Semester/Second Semester,Undergraduate,12.0,In Person,2014
3840,SOCY4005P,Sociology IV Honours (S),First Semester/Second Semester,Undergraduate,12.0,In Person,2014
3841,SOCY6008,Sociology of Disaster,,Postgraduate,6.0,In Person,2014
3842,SOCY3021,Sociology of Health and Illness,,Undergraduate,6.0,In Person,2014
3843,SOCY2059,Sociology of Resistance,First Semester,Undergraduate,6.0,In Person,2014
3844,SOCY2030,Sociology of Third World Development,Second Semester,Undergraduate,6.0,In Person,2014
3845,SOCY2056,Sociology of Work and Employment,,Undergraduate,6.0,In Person,2014
3846,COMP6311,Software Analysis and Design,Second Semester,Postgraduate,6.0,In Person,2014
3847,COMP2130,Software Analysis and Design,Second Semester,Undergraduate,6.0,In Person,2014
3848,COMP2100,Software Construction,First Semester,Undergraduate,6.0,In Person,2014
3849,COMP6442,Software Construction,First Semester,Postgraduate,6.0,In Person,2014
3850,COMP2500,Software Construction for Software Engineers,First Semester,Undergraduate,6.0,In Person,2014
3851,COMP3100,Software Engineering Group Project,First Semester/Second Semester,Undergraduate,6.0,In Person,2014
3852,COMP3820,Software Engineering Internship,Second Semester,Undergraduate,24.0,In Person,2014
3853,COMP4500,Software Engineering Practice,First Semester/Second Semester,Undergraduate,6.0,In Person,2014
3854,COMP8173,Software Engineering Processes,,Postgraduate,6.0,In Person,2014
3855,COMP3500,Software Engineering Project,First Semester/Second Semester,Undergraduate,6.0,In Person,2014
3856,COMP8790,Software Engineering Project,First Semester/Second Semester,Postgraduate,12.0,In Person,2014
3857,COMP4540,Software Engineering Research Project,First Semester/Second Semester,Undergraduate,12.0,In Person,2014
3858,ENGN4525,Solar Thermal Technologies,Second Semester,Undergraduate,6.0,In Person,2014
3859,ENGN6525,Solar Thermal Technologies,Second Semester,Postgraduate,6.0,In Person,2014
3860,PHYS3052,Solid State Physics,,Undergraduate,3.0,In Person,2014
3861,ASIA2274,South Asian Cinema,,Undergraduate,6.0,In Person,2014
3862,ASIA6085,Southeast Asia in World History,Second Semester,Postgraduate,6.0,In Person,2014
3863,ASIA2085,Southeast Asia in World History,Second Semester,Undergraduate,6.0,In Person,2014
3864,INTR2028,Southeast Asia: ASEAN and Regional Order,First Semester,Undergraduate,6.0,In Person,2014
3865,ASIA2015,Southeast Asia: Introduction to Key Debates,,Undergraduate,6.0,In Person,2014
3866,ECON8049,Southeast Asian Economic Policy and Development,First Semester,Postgraduate,6.0,In Person,2014
3867,ECON3019,Southeast Asian Economic Policy and Development(H),First Semester,Undergraduate,6.0,In Person,2014
3868,ECON3009,Southeast Asian Economic Policy and Development(P),First Semester,Undergraduate,6.0,In Person,2014
3869,ASIA6114,Southeast Asian Frontiers: Thailand and Burma/Myanmar,Winter Session,Postgraduate,12.0,In Person,2014
3870,ASIA3014,Southeast Asian Frontiers: Thailand and Burma/Myanmar,Winter Session,Undergraduate,12.0,In Person,2014
3871,ASIA2082,Southeast Asian Landscapes of Power,,Undergraduate,6.0,In Person,2014
3872,ASIA6082,Southeast Asian Landscapes of Power,,Postgraduate,6.0,In Person,2014
3873,ASIA2089,Southeast Asian Religions in Practice,Second Semester,Undergraduate,6.0,In Person,2014
3874,ASIA6060,Southeast Asian Security,,Postgraduate,6.0,In Person,2014
3875,ASIA2060,Southeast Asian Security,,Undergraduate,6.0,In Person,2014
3876,SEAS7001,Southeast Asian Studies Graduate Program: Sub-Thesis (Part-Time),First Semester/Second Semester,Postgraduate,12.0,In Person,2014
3877,SEAS7000,Southeast Asian Studies Graduate Program:Sub-Thesis,First Semester/Second Semester,Postgraduate,24.0,In Person,2014
3878,SPAN4005P,Spanish IV Honours,First Semester/Second Semester,Undergraduate,12.0,In Person,2014
3879,SPAN4005F,Spanish IV Honours,First Semester/Second Semester,Undergraduate,12.0,In Person,2014
3880,SCOM8015,Speaking of Science,Second Semester,Postgraduate,6.0,In Person,2014
3881,CLAS8001,Special Classics Graduate Reading Course,,Postgraduate,12.0,In Person,2014
3882,MEDI8107,Special Considerations in Sport and Exercise,,Postgraduate,3.0,In Person,2014
3883,LAWS2234,Special Law Elective 1: Animals and the Law,,Undergraduate,6.0,In Person,2014
3884,LAWS2235,Special Law Elective 2: Occupational Health and Safety Law,,Undergraduate,6.0,In Person,2014
3885,LAWS2239,Special Law Elective 3: Insurance Law,,Undergraduate,6.0,In Person,2014
3886,LAWS2240,Special Law Elective 4: International Social Justice Clinic,First Semester,Undergraduate,6.0,In Person,2014
3887,LAWS2241,Special Law Elective 5:,,Undergraduate,6.0,In Person,2014
3888,LAWS2246,Special Law Elective 6:,,Undergraduate,6.0,In Person,2014
3889,MGMT8172,Special Management Topic,First Semester/Autumn Session,Postgraduate,6.0,In Person,2014
3890,MMIB8003,Special Research Topic 1,First Semester,Postgraduate,6.0,In Person,2014
3891,MMIB8004,Special Research Topic 2,First Semester/Second Semester,Postgraduate,12.0,In Person,2014
3892,ENVS3016,Special Topic,Summer Session/First Semester/Autumn Session/Winter Session/Second Semester/Spring Session,Undergraduate,6.0,In Person,2014
3893,POLS8033,Special Topic Globalisation,Second Semester,Postgraduate,6.0,In Person,2014
3894,STST2004,Special Topic in Asia-Pacific Security,First Semester,Undergraduate,6.0,In Person,2014
3895,MATH6209,Special Topic in Mathematical Sciences,First Semester/Second Semester,Postgraduate,6.0,In Person,2014
3896,MEAS8105,Special Topic in Middle Eastern and Central Asian Studies,First Semester/Second Semester,Postgraduate,6.0,In Person,2014
3897,STST8108,Special Topic in Military and Defence Studies,Second Semester,Postgraduate,6.0,In Person,2014
3898,MEAS8123,Special Topic in Modern Islam,,Postgraduate,6.0,In Person,2014
3899,MUSI4405,Special Topic in Research Methodology for Music 1,First Semester/Second Semester,Undergraduate,6.0,In Person,2014
3900,MUSI4406,Special Topic in Research Methodology for Music 2,First Semester/Second Semester,Undergraduate,6.0,In Person,2014
3901,ASIA3022,Special Topic in Security Studies,,Undergraduate,6.0,In Person,2014
3902,DEMO8081,Special Topic in Social Research,First Semester/Second Semester,Postgraduate,6.0,In Person,2014
3903,EMSC3050,Special Topics,Summer Session/First Semester/Autumn Session/Winter Session/Second Semester/Spring Session,Undergraduate,6.0,In Person,2014
3904,FINM8002,Special Topics - Finance (Corporate and Behavioural Finance),First Semester/Second Semester,Postgraduate,6.0,In Person,2014
3905,LAWS8061,Special Topics Environmental Law 1,,Postgraduate,6.0,In Person,2014
3906,ENGN6521,Special Topics In  Engineering II,First Semester/Second Semester,Postgraduate,6.0,In Person,2014
3907,BUSN3060,Special Topics In Commerce,First Semester/Second Semester,Undergraduate,6.0,In Person,2014
3908,ACST3001,Special Topics in Actuarial Studies,First Semester/Second Semester,Undergraduate,6.0,In Person,2014
3909,ACST8051,Special Topics in Actuarial Studies 1,First Semester/Second Semester,Postgraduate,6.0,In Person,2014
3910,ACST8052,Special Topics in Actuarial Studies 2,First Semester/Second Semester,Postgraduate,6.0,In Person,2014
3911,STAT8024,Special Topics in Applied Statistics 1,First Semester/Second Semester,Postgraduate,6.0,In Person,2014
3912,STAT8025,Special Topics in Applied Statistics 2,First Semester/Second Semester,Postgraduate,6.0,In Person,2014
3913,ARAB3006,Special Topics in Arabic,Second Semester,Undergraduate,6.0,In Person,2014
3914,ARAB6508,Special Topics in Arabic,Second Semester,Postgraduate,6.0,In Person,2014
3915,ASIA8028,Special Topics in Asia and the Pacific,Summer Session/First Semester/Winter Session/Second Semester/Spring Session,Postgraduate,6.0,In Person,2014
3916,ASIA3026,Special Topics in Asia and the Pacific,Summer Session/Winter Session/Second Semester/Spring Session,Undergraduate,6.0,In Person,2014
3917,BUSN8102,Special Topics in Commerce,First Semester/Second Semester,Postgraduate,6.0,In Person,2014
3918,BUSN8103,Special Topics in Commerce,First Semester/Second Semester,Postgraduate,6.0,In Person,2014
3919,BUSN8010,Special Topics in Commerce,First Semester/Second Semester,Postgraduate,6.0,In Person,2014
3920,BUSN8101,Special Topics in Commerce,First Semester/Second Semester,Postgraduate,6.0,In Person,2014
3921,COMP6470,Special Topics in Computing,Summer Session/First Semester/Second Semester/Spring Session,Postgraduate,6.0,In Person,2014
3922,EMSC8014,Special Topics in Earth Science,First Semester/Autumn Session/Winter Session/Second Semester/Spring Session,Postgraduate,6.0,In Person,2014
3923,ECON3020,Special Topics in Economics,,Undergraduate,6.0,In Person,2014
3924,ENGN4521,Special Topics in Engineering 2,First Semester/Second Semester,Undergraduate,6.0,In Person,2014
3925,ENGN4522,Special Topics in Engineering 3,First Semester/Second Semester,Undergraduate,6.0,In Person,2014
3926,ENGN4523,Special Topics in Engineering 4,First Semester/Second Semester,Undergraduate,6.0,In Person,2014
3927,ENGN6520,Special Topics in Engineering I,First Semester/Winter Session/Second Semester,Postgraduate,6.0,In Person,2014
3928,ENGN4520,Special Topics in Engineering I,First Semester/Winter Session/Second Semester,Undergraduate,6.0,In Person,2014
3929,LAWS8291,Special Topics in Environmental Law,,Postgraduate,6.0,In Person,2014
3930,EMDV8041,Special Topics in Environmental Management and Development,First Semester/Second Semester,Postgraduate,6.0,In Person,2014
3931,FINM3004,Special Topics in Finance,First Semester/Second Semester,Undergraduate,6.0,In Person,2014
3932,FINM7031,Special Topics in Financial Management,,Postgraduate,3.0,In Person,2014
3933,LAWS8147,Special Topics in Government and Commercial Law:,Winter Session,Postgraduate,6.0,In Person,2014
3934,LAWS2263,Special Topics in Intellectual Property,,Undergraduate,6.0,In Person,2014
3935,LAWS8035,Special Topics in Intern Security Law 2 - Cyber Warfare Law,Spring Session,Postgraduate,6.0,In Person,2014
3936,LAWS8290,Special Topics in International Law 2,,Postgraduate,6.0,In Person,2014
3937,LAWS8296,Special Topics in International Law 3,Spring Session,Postgraduate,6.0,In Person,2014
3938,LAWS8122,Special Topics in International Law:,,Postgraduate,6.0,In Person,2014
3939,LAWS8019,Special Topics in International Security Law,Autumn Session/Spring Session,Postgraduate,6.0,In Person,2014
3940,LAWS8066,Special Topics in International Security Law 3: Intersection of Humanitarian Law & Human Rights Law,Spring Session,Postgraduate,6.0,In Person,2014
3941,POLS2128,Special Topics in Latin American Politics and Society I,,Undergraduate,6.0,In Person,2014
3942,POLS3027,Special Topics in Latin American Politics and Society II,,Undergraduate,6.0,In Person,2014
3943,LAWS8148,Special Topics in Law,,Postgraduate,6.0,In Person,2014
3944,LAWS8042,"Special Topics in Law, Governance & Development 2: Operationalising Treaties",Autumn Session,Postgraduate,6.0,In Person,2014
3945,LAWS8028,"Special Topics in Law, Governance and Development",Spring Session,Postgraduate,6.0,In Person,2014
3946,LAWS8067,"Special Topics in Laws, Governance & Development 3: Courts, Justice & Development",Autumn Session,Postgraduate,6.0,In Person,2014
3947,LAWS8157,Special Topics in Legal Practices,,Postgraduate,6.0,Online,2014
3948,LING6525,Special Topics in Linguistics,First Semester/Second Semester,Postgraduate,6.0,Blended,2014
3949,LING3025,Special Topics in Linguistics,First Semester/Second Semester,Undergraduate,6.0,In Person,2014
3950,MATH3349,Special Topics in Mathematics,Summer Session/First Semester/Autumn Session/Winter Session/Second Semester,Undergraduate,6.0,In Person,2014
3951,MATH4349,Special Topics in Mathematics,Summer Session/First Semester/Autumn Session/Winter Session/Second Semester/Spring Session,Undergraduate,6.0,In Person,2014
3952,PASI6000,Special Topics in Pacific Studies,,Postgraduate,6.0,In Person,2014
3953,PASI3000,Special Topics in Pacific Studies,,Undergraduate,6.0,In Person,2014
3954,PSYC3023,Special Topics in Psychology,First Semester/Second Semester,Undergraduate,6.0,In Person,2014
3955,SCOM3003,Special Topics in Science Communication,Summer Session/First Semester/Autumn Session/Winter Session/Second Semester/Spring Session,Undergraduate,6.0,In Person,2014
3956,STAT3039,Special Topics in Statistics,First Semester/Second Semester,Undergraduate,6.0,In Person,2014
3957,STAT8016,Special Topics in Statistics 1,,Postgraduate,6.0,In Person,2014
3958,STAT8017,Special Topics in Statistics 2,,Postgraduate,6.0,In Person,2014
3959,STST8017,Special Topics in Strategic Studies,Second Semester,Postgraduate,6.0,In Person,2014
3960,ARCH8105,Specialist Research Training,,Postgraduate,6.0,In Person,2014
3961,ARTV2318,Specialized Kiln Cast Glass Intensive,Autumn Session,Undergraduate,6.0,In Person,2014
3962,MICR8302,Specimen Preparation for Biological Samples,,Postgraduate,6.0,In Person,2014
3963,ENGL2075,Speculative Fictions: Challenges to Narrative Realism,,Undergraduate,6.0,In Person,2014
3964,PASI8003,Spirit Islands: Indigenous and Introduced Religions in Oceania,,Postgraduate,6.0,In Person,2014
3965,PASI3003,Spirit Islands: Indigenous and Introduced Religions in the Pacific,,Undergraduate,6.0,In Person,2014
3966,GERM3048,Spoken Interaction in German: Theory and Practice,Second Semester,Undergraduate,6.0,In Person,2014
3967,GERM2048,Spoken Interaction in German: Theory and Practice,Second Semester,Undergraduate,6.0,In Person,2014
3968,JPNS1012,Spoken Japanese 1,First Semester,Undergraduate,6.0,Blended,2014
3969,JPNS6112,Spoken Japanese 1,First Semester,Postgraduate,6.0,Blended,2014
3970,JPNS1013,Spoken Japanese 2,Second Semester,Undergraduate,6.0,Blended,2014
3971,JPNS6113,Spoken Japanese 2,Second Semester,Postgraduate,6.0,Blended,2014
3972,JPNS2012,Spoken Japanese 3,First Semester,Undergraduate,6.0,In Person,2014
3973,JPNS6012,Spoken Japanese 3,First Semester,Postgraduate,6.0,In Person,2014
3974,JPNS2013,Spoken Japanese 4,Second Semester,Undergraduate,6.0,In Person,2014
3975,JPNS6013,Spoken Japanese 4,Second Semester,Postgraduate,6.0,In Person,2014
3976,LAWS8070,Sports Law,,Postgraduate,6.0,In Person,2014
3977,EMDV8101,"State, Society and Natural Resources",Second Semester,Postgraduate,6.0,In Person,2014
3978,ANCH2023,"State, sanctuary and community: archaeology of settlement and memory in ancient Greece",,Undergraduate,12.0,In Person,2014
3979,ANCH6023,"State, sanctuary and community: archaeology of settlement and memory in ancient Greece",,Postgraduate,12.0,In Person,2014
3980,ASIA3015,State-Society Relations in Asia and the Pacific,,Undergraduate,6.0,In Person,2014
3981,NSPO8021,Statecraft and national security in cyberspace,,Postgraduate,6.0,In Person,2014
3982,INTR8050,"States, Globalisation and the Movement of Peoples",,Postgraduate,6.0,In Person,2014
3983,STAT8027,Statistical Inference,First Semester,Postgraduate,6.0,In Person,2014
3984,STAT3013,Statistical Inference,First Semester,Undergraduate,6.0,In Person,2014
3985,STAT2003,Statistical Marketing Research Methods,,Undergraduate,6.0,In Person,2014
3986,STAT1003,Statistical Techniques,First Semester,Undergraduate,6.0,In Person,2014
3987,PREP1116,Statistics,First Semester/Second Semester,Undergraduate,6.0,In Person,2014
3988,STAT4004F,Statistics IV Honours (S),First Semester/Second Semester,Undergraduate,12.0,In Person,2014
3989,STAT4004P,Statistics IV Honours (S),First Semester/Second Semester,Undergraduate,12.0,In Person,2014
3990,DEMO8007,Statistics for Social Scientists,First Semester,Postgraduate,6.0,In Person,2014
3991,LAWS8072,Statutory Interpretation,Winter Session,Postgraduate,6.0,In Person,2014
3992,ASTR8005,Stellar Atmospheres and Spectroscopy,,Postgraduate,6.0,In Person,2014
3993,STAT7018,Stochastic Modelling,Second Semester,Postgraduate,6.0,In Person,2014
3994,STAT3004,Stochastic Modelling,Second Semester,Undergraduate,6.0,In Person,2014
3995,POGO8205,Strategic Change Management,,Postgraduate,6.0,In Person,2014
3996,STST8010,Strategic Concepts and Asia Pacific Conflict,,Postgraduate,6.0,In Person,2014
3997,STST8025,Strategic Crises,,Postgraduate,6.0,In Person,2014
3998,MGMT7171,Strategic Human Resource Management,Second Semester,Postgraduate,6.0,In Person,2014
3999,POGO8104,Strategic Human Resource Management,,Postgraduate,6.0,In Person,2014
4000,MGMT7022,Strategic Management,First Semester,Postgraduate,6.0,In Person,2014
4001,MKTG3023,Strategic Marketing,First Semester,Undergraduate,6.0,In Person,2014
4002,MKTG8004,Strategic Marketing Optimisation,,Postgraduate,6.0,In Person,2014
4003,STST8001,Strategic Studies,First Semester,Postgraduate,12.0,In Person,2014
4004,STST7003,Strategic Studies Internship,Summer Session/First Semester/Autumn Session/Second Semester,Postgraduate,24.0,In Person,2014
4005,STST7001,Strategic Studies Sub-thesis - Full-time,Summer Session/First Semester/Second Semester,Postgraduate,24.0,In Person,2014
4006,STST7002,Strategic Studies Sub-thesis - Part-time,Summer Session/First Semester/Second Semester,Postgraduate,12.0,In Person,2014
4007,ECON8053,Strategic Thinking: An Introduction to Game Theory,Second Semester,Postgraduate,6.0,In Person,2014
4008,ECON2142,Strategic Thinking: An Introduction to Game Theory (H),Second Semester,Undergraduate,6.0,In Person,2014
4009,ECON2141,Strategic Thinking: An Introduction to Game Theory (P),Second Semester,Undergraduate,6.0,In Person,2014
4010,SCOM8501,Strategies in Science Communication,Spring Session,Postgraduate,6.0,In Person,2014
4011,STST8102,Strategy,Summer Session,Postgraduate,12.0,In Person,2014
4012,NSPO8012,Strategy Planning in National Security Crises,,Postgraduate,6.0,In Person,2014
4013,STST8052,Strategy in Action: The Development of the Operational Art,First Semester,Postgraduate,6.0,In Person,2014
4014,POGO8028,Structural Change in the Australian Economy and Industry,,Postgraduate,6.0,In Person,2014
4015,CHEM2210,Structural Elucidation in Chemistry,First Semester,Undergraduate,6.0,In Person,2014
4016,EMSC3002,Structural Geology and Tectonics,First Semester,Undergraduate,6.0,In Person,2014
4017,EMSC6030,Structural Geology and Tectonics,First Semester,Postgraduate,6.0,In Person,2014
4018,CHEM3204,Structural biology,First Semester,Undergraduate,6.0,In Person,2014
4019,LING2020,Structure of English,Second Semester,Undergraduate,6.0,In Person,2014
4020,GERM2110,Structure of German,,Undergraduate,6.0,In Person,2014
4021,COMP2560,Studies in Advanced Computing R&D,Second Semester,Undergraduate,6.0,In Person,2014
4022,SOCY2058,Studies in Social Problems,Winter Session,Undergraduate,6.0,In Person,2014
4023,DART8117,Studio Practice (Visual Effects) 12,First Semester/Second Semester,Postgraduate,12.0,In Person,2014
4024,DART8118,Studio Practice (Visual Effects) 18,First Semester/Second Semester,Postgraduate,18.0,In Person,2014
4025,DART8116,Studio Practice (Visual Effects) 6,First Semester/Second Semester,Postgraduate,6.0,In Person,2014
4026,ARTV8039,Studio Practice 12u,First Semester/Second Semester,Postgraduate,12.0,In Person,2014
4027,ARTV8040,Studio Practice 18u,First Semester/Second Semester,Postgraduate,18.0,In Person,2014
4028,ARTV8038,Studio Practice 6u,First Semester/Second Semester,Postgraduate,6.0,In Person,2014
4029,LING3008,Study of A Language Family,First Semester,Undergraduate,6.0,In Person,2014
4030,LING6508,Study of a Language Family,First Semester,Postgraduate,6.0,Blended,2014
4031,ENVS7001,Sub-Thesis,Summer Session/First Semester/Autumn Session/Winter Session/Second Semester/Spring Session,Postgraduate,6.0,In Person,2014
4032,STST7005P,Sub-Thesis in Military and Defence Studies,First Semester/Second Semester,Postgraduate,12.0,In Person,2014
4033,STST7005F,Sub-Thesis in Military and Defence Studies,First Semester/Second Semester,Postgraduate,12.0,In Person,2014
4034,LAWS2236,Succession,First Semester,Undergraduate,6.0,In Person,2014
4035,ASIA1018,Summer in Tokyo: Waseda University,Autumn Session,Undergraduate,6.0,In Person,2014
4036,ARCH8029,Supervised Project in Archaeological Science,First Semester/Autumn Session/Second Semester/Spring Session,Postgraduate,12.0,Online or In Person,2014
4037,LAWS4300,Supervised Research Paper,,Undergraduate,6.0,In Person,2014
4038,DEMO9800,Supervised Research Project,First Semester/Second Semester,Postgraduate,1.0,In Person,2014
4039,ANTH3010,Supervised Research in Anthropology,First Semester/Second Semester,Undergraduate,6.0,In Person,2014
4040,ARCH2055,Supervised Research in Archaeology,Summer Session/First Semester/Second Semester,Undergraduate,6.0,In Person,2014
4041,BIAN3129,Supervised Research in Biological Anthropology,First Semester/Second Semester,Undergraduate,6.0,In Person,2014
4042,ANTH8037,Supervised Special Project,Summer Session/First Semester/Autumn Session/Winter Session/Second Semester/Spring Session,Postgraduate,12.0,Online or In Person,2014
4043,ASGS1101,Support For Business Reporting and Analysis,First Semester,Undergraduate,6.0,In Person,2014
4044,ASGS1105,Support For Physics and its Foundations,First Semester,Undergraduate,6.0,In Person,2014
4045,ASGS1104,Support For Self and Society,First Semester,Undergraduate,6.0,In Person,2014
4046,ASGS1113,Support for Asia Pacific Security,First Semester,Undergraduate,6.0,In Person,2014
4047,ASGS1110,Support for Australia's Environment,Second Semester,Undergraduate,6.0,In Person,2014
4048,ASGS1111,Support for Business Information Systems,First Semester,Undergraduate,6.0,In Person,2014
4049,ASGS1114,Support for Foundations of International Relations: Europe,First Semester,Undergraduate,6.0,In Person,2014
4050,ASGS1109,Support for Global and Local Anthropology,Second Semester,Undergraduate,6.0,In Person,2014
4051,ASGS1103,Support for Individual and Society in Asia and the Pacific,First Semester,Undergraduate,6.0,In Person,2014
4052,ASGS1102,"Support for Management, People and Organisations",First Semester,Undergraduate,6.0,In Person,2014
4053,ASGS1108,Support for Peace Building and Conflict Resolution,Second Semester,Undergraduate,6.0,In Person,2014
4054,ASGS1112,Support for Quantitative Research Methods,First Semester,Undergraduate,6.0,In Person,2014
4055,ASGS1115,Support for Science Courses,First Semester,Undergraduate,6.0,In Person,2014
4056,SOCY2157,Surveillance and Society,Second Semester,Undergraduate,6.0,In Person,2014
4057,DEMO8014,Survey Data Analysis,Second Semester,Postgraduate,6.0,In Person,2014
4058,DEMO8089,Survey Data Analysis II,,Postgraduate,6.0,In Person,2014
4059,STAT8023,Survey Methods 2,,Postgraduate,6.0,In Person,2014
4060,DEMO8062,Survey Research Design,,Postgraduate,6.0,In Person,2014
4061,LAWS2247,Survey of United States Law,Summer Session/Second Semester,Undergraduate,6.0,In Person,2014
4062,STAT7042,Survival Models,First Semester,Postgraduate,6.0,In Person,2014
4063,STAT3032,Survival Models,First Semester,Undergraduate,6.0,In Person,2014
4064,BUSN7017,"Sustainability and Corporate Social Responsibility, Accountability and Reporting",Second Semester,Postgraduate,6.0,In Person,2014
4065,IDEC8004,Sustainability and Ecological Economics,,Postgraduate,6.0,In Person,2014
4066,PHIL2114,"Sustainability, System and Agency",,Undergraduate,6.0,In Person,2014
4067,ENVS6302,Sustainable Agricultural Practices,Second Semester,Postgraduate,6.0,In Person,2014
4068,ENVS3002,Sustainable Agricultural Practices,Second Semester,Undergraduate,6.0,In Person,2014
4069,ENVS6108,Sustainable Development,Second Semester,Postgraduate,6.0,In Person,2014
4070,ENVS1008,Sustainable Development,Second Semester,Undergraduate,6.0,In Person,2014
4071,EMDV8003,Sustainable Development,,Postgraduate,6.0,In Person,2014
4072,LAWS8037,Sustainable Energy Law,,Postgraduate,6.0,In Person,2014
4073,ENVS8012,Sustainable Forest Planning,,Postgraduate,6.0,In Person,2014
4074,MKTG2002,Sustainable Marketing,First Semester,Undergraduate,6.0,In Person,2014
4075,ENGN6420,Sustainable Product Development,First Semester,Postgraduate,6.0,In Person,2014
4076,ENGN4420,Sustainable Product Development,First Semester,Undergraduate,6.0,In Person,2014
4077,ENVS6012,Sustainable Systems: Rural,,Postgraduate,6.0,In Person,2014
4078,ENVS2022,Sustainable Systems: Rural,,Undergraduate,6.0,In Person,2014
4079,ENVS2012,Sustainable Systems: Urban,Second Semester,Undergraduate,6.0,In Person,2014
4080,ENVS6005,Sustainable Systems: Urban,Second Semester,Postgraduate,6.0,In Person,2014
4081,LING2026,Syntactic Theory,,Undergraduate,6.0,In Person,2014
4082,LING6026,Syntactic Theory,,Postgraduate,6.0,Blended,2014
4083,CHEM3201,Synthetic Aspects of Medicinal Chemistry,First Semester,Undergraduate,6.0,In Person,2014
4084,COMP3650,System Architectural Understanding and the Human Brain,,Undergraduate,6.0,In Person,2014
4085,COMP6365,System Architecture and the Human Brain,,Postgraduate,6.0,In Person,2014
4086,ENGN3331,System Dynamics,First Semester,Undergraduate,6.0,In Person,2014
4087,ENGN2226,Systems Engineering Analysis,Second Semester,Undergraduate,6.0,In Person,2014
4088,ENGN2225,Systems Engineering Design,First Semester,Undergraduate,6.0,In Person,2014
4089,ENGN4221,Systems Engineering Project,First Semester/Second Semester,Undergraduate,6.0,In Person,2014
4090,COMP6353,Systems Engineering for Software Engineers,First Semester,Postgraduate,6.0,In Person,2014
4091,COMP3530,Systems Engineering for Software Engineers,First Semester,Undergraduate,6.0,In Person,2014
4092,ENGN8120,Systems Modelling,Second Semester,Postgraduate,6.0,In Person,2014
4093,COMP8180,Systems and Software Safety,Autumn Session,Postgraduate,6.0,In Person,2014
4094,ASIA2072,Taiwan: History and Culture,,Undergraduate,6.0,In Person,2014
4095,ASIA6072,Taiwan: History and Culture,,Postgraduate,6.0,In Person,2014
4096,LAWS2237,Takeovers and Securities Industry Law,Winter Session,Undergraduate,6.0,In Person,2014
4097,PASI1010,Talking the Pacific: Melanesian pidgins and creoles in social context,Second Semester,Undergraduate,6.0,Online or In Person,2014
4098,PASI2010,Talking the Pacific: Melanesian pidgins and creoles in social context,,Undergraduate,6.0,In Person,2014
4099,PASI6010,Talking the Pacific: Melanesian pidgins and creoles in social context,Second Semester,Postgraduate,6.0,In Person,2014
4100,BUSN8016,Taxation Concepts and Issues,First Semester/Second Semester,Postgraduate,6.0,In Person,2014
4101,BUSN7021,Taxation Law,First Semester/Second Semester,Postgraduate,6.0,In Person,2014
4102,FINM7034,Taxation and Financial Systems,,Postgraduate,3.0,In Person,2014
4103,ASIA8036,Teaching Asia,Second Semester,Postgraduate,6.0,In Person,2014
4104,JPNS6514,Teaching Japanese Method,Second Semester,Postgraduate,6.0,In Person,2014
4105,JPNS6512,Teaching Japanese: Content,First Semester,Postgraduate,6.0,In Person,2014
4106,JPNS3012,Teaching Japanese: Content,First Semester,Undergraduate,6.0,In Person,2014
4107,JPNS3014,Teaching Japanese: Method,Second Semester,Undergraduate,6.0,In Person,2014
4108,LING2013,Teaching Languages,Second Semester,Undergraduate,6.0,In Person,2014
4109,LING6013,Teaching Languages,Second Semester,Postgraduate,6.0,Blended,2014
4110,POGO8009,Techniques and Innovations in Public Administration,,Postgraduate,6.0,In Person,2014
4111,MGMT3002,Techniques for Business Project Management,Second Semester,Undergraduate,6.0,In Person,2014
4112,CHEM3013,Techniques in Organic and Biological Chemistry,First Semester,Undergraduate,3.0,In Person,2014
4113,GEND6501,Technoculture and the Body,,Postgraduate,6.0,In Person,2014
4114,GEND2026,Technoculture and the Body,,Undergraduate,6.0,In Person,2014
4115,MGMT7106,Technology and Innovation Management and Strategy,,Postgraduate,6.0,In Person,2014
4116,LAWS8017,Telecommunications Law,,Postgraduate,6.0,In Person,2014
4117,HIST1209,Terror to Terrorism: A History,Second Semester,Undergraduate,6.0,In Person,2014
4118,POLS8027,Terrorism and Counter-Terrorism,,Postgraduate,6.0,In Person,2014
4119,TETM6002,Tetum 1A,First Semester,Postgraduate,6.0,Online or In Person,2014
4120,TETM1002,Tetum 1A,First Semester,Undergraduate,6.0,Online or In Person,2014
4121,TETM6003,Tetum 1B,Second Semester,Postgraduate,6.0,Online or In Person,2014
4122,TETM1003,Tetum 1B,Second Semester,Undergraduate,6.0,Online or In Person,2014
4123,TETM2005,Tetum 2B,,Undergraduate,6.0,Online or In Person,2014
4124,ARTV3902,Textile 8 Practice in Context,Second Semester,Undergraduate,6.0,In Person,2014
4125,ARTV2905,Textiles 5,First Semester,Undergraduate,12.0,In Person,2014
4126,ARTV3906,Textiles 6,First Semester/Second Semester,Undergraduate,12.0,In Person,2014
4127,DESA2905,Textiles Design 5,First Semester,Undergraduate,12.0,In Person,2014
4128,DESA3906,Textiles Design 6,First Semester/Second Semester,Undergraduate,12.0,In Person,2014
4129,DESA3902,Textiles Design: Design Contexts,Second Semester,Undergraduate,6.0,In Person,2014
4130,DESA3901,Textiles Design: Design Research,First Semester,Undergraduate,6.0,In Person,2014
4131,DESA2906,Textiles Design: Drawing for Design,First Semester,Undergraduate,6.0,In Person,2014
4132,DESA2908,Textiles Design: Fabricated Textiles,Second Semester,Undergraduate,6.0,In Person,2014
4133,DESA2909,Textiles Design: Marketing Design,Second Semester,Undergraduate,6.0,In Person,2014
4134,DESA2907,Textiles Design: Stitch for Design,First Semester,Undergraduate,6.0,In Person,2014
4135,ARTV2906,Textiles: Approaches to Drawing for Craft and Design,First Semester,Undergraduate,6.0,In Person,2014
4136,ARTV2908,Textiles: Constructed Textiles,Second Semester,Undergraduate,6.0,In Person,2014
4137,ARTV1901,Textiles: Dye and Surface Manipulation,First Semester,Undergraduate,6.0,In Person,2014
4138,ARTV2907,Textiles: Embroidery and Hand Stitch,First Semester,Undergraduate,6.0,In Person,2014
4139,ARTV2911,Textiles: Experimental Practices,Second Semester,Undergraduate,6.0,In Person,2014
4140,ARTV2909,Textiles: Maker to Market,Second Semester,Undergraduate,6.0,In Person,2014
4141,ARTV3901,Textiles: Practice-led Research,First Semester,Undergraduate,6.0,In Person,2014
4142,ARTV1902,Textiles: Print and Surface Design,Second Semester,Undergraduate,6.0,In Person,2014
4143,THAI1002,Thai 1A,First Semester,Undergraduate,6.0,Online or In Person,2014
4144,THAI6102,Thai 1A,First Semester,Postgraduate,6.0,Online or In Person,2014
4145,THAI6004,Thai 1A: In-Country,Summer Session,Postgraduate,6.0,In Person,2014
4146,THAI1004,Thai 1A: In-Country,Summer Session,Undergraduate,6.0,In Person,2014
4147,THAI6103,Thai 1B,Second Semester,Postgraduate,6.0,Online or In Person,2014
4148,THAI1003,Thai 1B,Second Semester,Undergraduate,6.0,Online or In Person,2014
4149,THAI2002,Thai 2A,First Semester,Undergraduate,6.0,Online or In Person,2014
4150,THAI6002,Thai 2A,First Semester,Postgraduate,6.0,Online or In Person,2014
4151,THAI2003,Thai 2B,Second Semester,Undergraduate,6.0,Online or In Person,2014
4152,THAI6003,Thai 2B,Second Semester,Postgraduate,6.0,Online or In Person,2014
4153,THAI3002,Thai 3A,First Semester,Undergraduate,6.0,Online or In Person,2014
4154,THAI6502,Thai 3A,First Semester,Postgraduate,6.0,Online or In Person,2014
4155,ASIA6076,Thailand: Contemporary Culture & Political Transformation in a Buddhist Kingdom,,Postgraduate,6.0,In Person,2014
4156,ASIA2076,Thailand: Contemporary Culture and Political Transformation in a Buddhist Kingdom,,Undergraduate,6.0,In Person,2014
4157,POLS8025,"The Alliance in Question: Australia, the United States and the Challenge of Research",,Postgraduate,6.0,In Person,2014
4158,ARCH6050,The Archaeology of South East Asia,Second Semester,Postgraduate,6.0,In Person,2014
4159,ARCH2005,The Archaeology of the Pacific Islanders,First Semester,Undergraduate,6.0,In Person,2014
4160,ARTH6057,The Art and Politics of Collecting,,Postgraduate,12.0,Online or In Person,2014
4161,POGO8296,The Asia Pacific Marketplace,,Postgraduate,6.0,In Person,2014
4162,ECHI1006,The Australian Economy: Past and Present,First Semester,Undergraduate,6.0,In Person,2014
4163,ASGS1008,The Big Ideas in Science,First Semester,Undergraduate,6.0,In Person,2014
4164,HIST2221,The Birth of Modernity: Britain 1688-1848,,Undergraduate,6.0,In Person,2014
4165,HIST6221,The Birth of Modernity: Britain 1688-1848,,Postgraduate,6.0,In Person,2014
4166,EMSC1006,The Blue Planet: An Introduction to Earth System Science,First Semester,Undergraduate,6.0,In Person,2014
4167,EMSC6107,The Blue Planet: an introduction to Earth system science,First Semester,Postgraduate,6.0,In Person,2014
4168,POGO8294,The Business Environment for Infrastructure Management,,Postgraduate,6.0,In Person,2014
4169,ASIA2066,The Chinese Art of War: Sunzi Bingfa,,Undergraduate,6.0,In Person,2014
4170,IDEC8021,The Chinese Economy,First Semester,Postgraduate,6.0,In Person,2014
4171,ASIA3002,The Chinese Southern Diaspora,,Undergraduate,6.0,In Person,2014
4172,ASIA6003,The Chinese Southern Diaspora,,Postgraduate,6.0,In Person,2014
4173,HIST2141,The Cold War: 1945-1989,,Undergraduate,6.0,In Person,2014
4174,PASI8001,"The Contemporary Pacific: Society, Politics and Development",,Postgraduate,6.0,In Person,2014
4175,PASI3001,"The Contemporary Pacific: Society, Politics and Development",,Undergraduate,6.0,In Person,2014
4176,HIST8101,"The Craft of History: Approaches, Themes and Methods",First Semester/Autumn Session/Second Semester/Spring Session,Postgraduate,6.0,In Person,2014
4177,SOCY1005,The Criminological Imagination: Theory and Understanding,First Semester,Undergraduate,6.0,In Person,2014
4178,MUSI2216,The Culture and Politics of Popular Music,,Undergraduate,6.0,In Person,2014
4179,POGO8016,The Economic Way of Thinking 1,First Semester,Postgraduate,6.0,In Person,2014
4180,POGO8019,The Economic Way of Thinking 2,Second Semester,Postgraduate,6.0,In Person,2014
4181,IDEC8081,The Economics of Incentives and Institutions,First Semester/Second Semester,Postgraduate,6.0,In Person,2014
4182,ECON8010,The Economics of Taxation and Redistribution,,Postgraduate,6.0,In Person,2014
4183,ECON2091,"The Economy, Politics and the State",Second Semester,Undergraduate,6.0,In Person,2014
4184,ECON8091,"The Economy, Politics and the State",Second Semester,Postgraduate,6.0,In Person,2014
4185,BUSI7020,The European Business System,First Semester,Postgraduate,6.0,In Person,2014
4186,EURO8003,The European Union: Regional Integration in Comparative Perspective.,Autumn Session,Postgraduate,6.0,In Person,2014
4187,STST3003,The Evolution & Roles of Australia's Security and Intelligence Organisations,Second Semester,Undergraduate,6.0,In Person,2014
4188,NSPO8018,The Evolution of National Security Policy since 1945,First Semester,Postgraduate,6.0,In Person,2014
4189,INTR8046,The Evolution of the International System 1,,Postgraduate,6.0,In Person,2014
4190,INTR8012,The Evolution of the International System 2,,Postgraduate,12.0,In Person,2014
4191,HIST6223,The French Revolution and Napoleon,Second Semester,Postgraduate,6.0,In Person,2014
4192,HIST2223,The French Revolution and Napoleon,Second Semester,Undergraduate,6.0,In Person,2014
4193,ASIA2027,The Future of East Timor,,Undergraduate,6.0,In Person,2014
4194,ASIA6027,The Future of East Timor,,Postgraduate,6.0,In Person,2014
4195,CHMD8020,The Future of Food and Human Health,Second Semester,Postgraduate,6.0,In Person,2014
4196,BUSI7019,The Global Business Environment,Second Semester,Postgraduate,6.0,In Person,2014
4197,CRWF8011,The Global Trading System,Second Semester,Postgraduate,6.0,In Person,2014
4198,HIST2214,"The Great War, 1914-1918",Second Semester,Undergraduate,6.0,In Person,2014
4199,HIST6214,"The Great War, 1914-1919",Second Semester,Postgraduate,6.0,In Person,2014
4200,MEAS8113,The Gulf Strategic Environment,First Semester,Postgraduate,6.0,In Person,2014
4201,LAWS8246,The High Court of Australia,Winter Session,Postgraduate,6.0,In Person,2014
4202,ARCH6006,The History of Archaeology: Discovering the Past,Second Semester,Postgraduate,6.0,In Person,2014
4203,LING2104,The History of the English Language,First Semester,Undergraduate,6.0,In Person,2014
4204,LING6529,The History of the English Language,First Semester,Postgraduate,6.0,Blended,2014
4205,CRIM2000,The Illicit Economy,,Undergraduate,6.0,Online or In Person,2014
4206,INDG3003,The Indigenous Economy,,Undergraduate,6.0,In Person,2014
4207,POLS2117,The International Relations of Latin America,,Undergraduate,6.0,In Person,2014
4208,ASIA6088,The Korean War,Second Semester,Postgraduate,6.0,In Person,2014
4209,ASIA2088,The Korean War,Second Semester,Undergraduate,6.0,In Person,2014
4210,LAWS8125,The Law of Corporate Governance,,Postgraduate,6.0,Online,2014
4211,LAWS8184,The Law of International Institutions,,Postgraduate,6.0,In Person,2014
4212,LAWS8570,The Legal Framework of Regulation,,Postgraduate,6.0,In Person,2014
4213,ASIA6271,The Making of India: 1857-Present,Second Semester,Postgraduate,6.0,In Person,2014
4214,ASIA2271,The Making of South Asia,Second Semester,Undergraduate,6.0,In Person,2014
4215,IDEC8028,The Microeconomics of Development,,Postgraduate,6.0,In Person,2014
4216,ASIA1030,The Modern Transformation of Asia and the Pacific,Second Semester,Undergraduate,6.0,In Person,2014
4217,ASIA2016,The Mongol Empire in World History,First Semester,Undergraduate,6.0,In Person,2014
4218,ASIA6116,The Mongol empire in World History,First Semester,Postgraduate,6.0,In Person,2014
4219,MUSI2219,The Music Teaching Studio in Theory and Practice,Second Semester,Undergraduate,6.0,In Person,2014
4220,ASIA6030,The Origins of the International Order in Southeast Asia,First Semester,Postgraduate,6.0,In Person,2014
4221,ASIA3030,The Origins of the International Order in Southeast Asia,First Semester,Undergraduate,6.0,In Person,2014
4222,ASIA2301,The Peopling of Asia & the Pacific,,Undergraduate,6.0,In Person,2014
4223,ASIA2275,The Pleasures and Powers of Stories in South Asia,Winter Session,Undergraduate,6.0,Blended,2014
4224,MEAS2105,The Political Economy of the Middle East,Second Semester,Undergraduate,6.0,In Person,2014
4225,POLS2102,The Political Philosophy of Deception,,Undergraduate,6.0,In Person,2014
4226,ASIA6026,The Politics of China,Second Semester,Postgraduate,6.0,In Person,2014
4227,ASIA2026,The Politics of China,Second Semester,Undergraduate,6.0,In Person,2014
4228,GEND2030,The Politics of Dance/Musicals,,Undergraduate,6.0,In Person,2014
4229,POLS2109,The Politics of Empire,,Undergraduate,6.0,In Person,2014
4230,POLS3032,The Politics of Empire,,Undergraduate,6.0,In Person,2014
4231,POLS6100,The Politics of Empire,,Postgraduate,6.0,In Person,2014
4232,INTR8043,The Post-Colonial Pacific and Global Change,,Postgraduate,6.0,In Person,2014
4233,HIST8102,The Professional Historian: Advanced Training,First Semester/Autumn Session/Winter Session/Second Semester/Spring Session,Postgraduate,6.0,In Person,2014
4234,HIST6234,The Reach of History: Presenting the past in the public domain,,Postgraduate,6.0,In Person,2014
4235,HIST2234,The Reach of History: Presenting the past in the public domain,,Undergraduate,6.0,In Person,2014
4236,IDEC8083,The Role of Financial Markets and Instruments for Economic Management and Development,Second Semester,Postgraduate,6.0,In Person,2014
4237,MUSI4401,The Scholar Musician 1,First Semester/Second Semester,Undergraduate,6.0,In Person,2014
4238,MUSI7003,The Scholar Musician 1,First Semester/Second Semester,Postgraduate,6.0,In Person,2014
4239,MUSI4402,The Scholar Musician 2,First Semester/Second Semester,Undergraduate,6.0,In Person,2014
4240,MUSI8001,The Scholar Musician 2,First Semester/Second Semester,Postgraduate,6.0,In Person,2014
4241,MUSI8002,The Scholar Musician 3,First Semester/Second Semester,Postgraduate,6.0,In Person,2014
4242,MEDI8100,The Scientific Basis of Sport and Exercise Medicine,,Postgraduate,6.0,In Person,2014
4243,PSYC3002,The Social Psychology of Groups Processes and Social Change,First Semester,Undergraduate,6.0,In Person,2014
4244,SPAN2601,The Sounds of Spanish,Second Semester,Undergraduate,6.0,In Person,2014
4245,ASIA2276,The South Asian Novel in English,Second Semester,Undergraduate,6.0,In Person,2014
4246,SPAN6511,The Spanish Speaking World Through Its Songs,,Postgraduate,6.0,In Person,2014
4247,LING6020,The Structure of English,Second Semester,Postgraduate,6.0,Blended,2014
4248,SPAN2602,The Structure of Spanish,First Semester,Undergraduate,6.0,In Person,2014
4249,SPAN6514,The Structure of Spanish,First Semester,Postgraduate,6.0,In Person,2014
4250,POGO8285,The Technology of Water Infrastructure,,Postgraduate,6.0,In Person,2014
4251,STST8015,The US and East Asian Security,,Postgraduate,6.0,In Person,2014
4252,DIPL8008,The United Nations and Peace,Winter Session,Postgraduate,6.0,In Person,2014
4253,ANTH8107,The World Bank and the Organisation of Development,,Postgraduate,6.0,In Person,2014
4254,ECHI2016,The World Economy Since 1800 (H),,Undergraduate,6.0,In Person,2014
4255,ECHI2006,The World Economy Since 1800 (P),Second Semester,Undergraduate,6.0,In Person,2014
4256,PHIL2094,Themes from Wittgenstein,,Undergraduate,6.0,In Person,2014
4257,LAWS8149,Themes in Administrative Law,,Postgraduate,6.0,In Person,2014
4258,ANTH2050,Themes in Anthropology I,,Undergraduate,6.0,In Person,2014
4259,ANTH2051,Themes in Anthropology II,Second Semester,Undergraduate,6.0,In Person,2014
4260,ANTH6051,Themes in Anthropology II,Second Semester,Postgraduate,6.0,In Person,2014
4261,PHYS3001,Theoretical Physics,First Semester,Undergraduate,6.0,In Person,2014
4262,PHYS4004F,Theoretical Physics IV Honours (S),First Semester/Second Semester,Undergraduate,12.0,In Person,2014
4263,PHYS4004P,Theoretical Physics IV Honours (S),First Semester/Second Semester,Undergraduate,12.0,In Person,2014
4264,DEMO8026,Theories in Demography,,Postgraduate,6.0,In Person,2014
4265,PHIL2064,Theories of Ethics,Second Semester,Undergraduate,6.0,In Person,2014
4266,PHIL2020,Theories of Social Justice,Second Semester,Undergraduate,6.0,In Person,2014
4267,ARTV2031,Theories of the Image,,Undergraduate,6.0,In Person,2014
4268,EDUC8012,Theory & Analysis in Education,Second Semester,Postgraduate,6.0,In Person,2014
4269,ANTH4012,Theory and Ethnography in the Analysis of Cultures,,Undergraduate,12.0,In Person,2014
4270,STAT8009,Theory and Methods of Inference,,Postgraduate,6.0,In Person,2014
4271,POGO6903,Theory and Practice in Development,,Postgraduate,6.0,In Person,2014
4272,ARCH8025,Theory in Archaeology,,Postgraduate,6.0,In Person,2014
4273,COMP3630,Theory of Computation,First Semester,Undergraduate,6.0,In Person,2014
4274,COMP6363,Theory of Computation,First Semester,Postgraduate,6.0,In Person,2014
4275,MATH6202,Theory of Partial Differential Equations,Second Semester,Postgraduate,6.0,In Person,2014
4276,MATH4202,Theory of Partial Differential Equations Honours,Second Semester,Undergraduate,6.0,In Person,2014
4277,ENGN2222,Thermal Energy Systems,Second Semester,Undergraduate,6.0,In Person,2014
4278,PHYS2020,Thermal and Statistical Physics,First Semester,Undergraduate,6.0,In Person,2014
4279,INTR8038,Thesis,First Semester/Second Semester,Postgraduate,24.0,In Person,2014
4280,ASIA8500P,Thesis,,Postgraduate,12.0,In Person,2014
4281,MEAS7013,Thesis,Summer Session/First Semester/Autumn Session,Postgraduate,6.0,In Person,2014
4282,ASIA8500F,Thesis,,Postgraduate,12.0,In Person,2014
4283,INTR8039,Thesis (Part Time),First Semester/Second Semester,Postgraduate,12.0,In Person,2014
4284,HIST8103,Thesis Development,Autumn Session/Winter Session/Second Semester/Spring Session,Postgraduate,6.0,In Person,2014
4285,POGO8891,Thesis Professional Doctor of Policy Administration,,Postgraduate,24.0,In Person,2014
4286,HUMN8104,Thesis Writing Workshop: The Five Essential Elements of a Thesis,,Postgraduate,6.0,In Person,2014
4287,HUMN8025,Thinking Archivally: an introduction to working with archives,,Postgraduate,6.0,In Person,2014
4288,ARCH2057,Thinking through the past: archaeological theory from 1950,,Undergraduate,6.0,In Person,2014
4289,VISC8009,Thinking with a Video Camera (Intensive),Autumn Session,Postgraduate,6.0,In Person,2014
4290,SOCY6045,Third World Development,Second Semester,Postgraduate,6.0,In Person,2014
4291,HIST1206,"Three American Revolutions, 1765 - 1876",First Semester,Undergraduate,6.0,In Person,2014
4292,ASIA3025,Tibet and China: Histories and Myths,,Undergraduate,6.0,In Person,2014
4293,ASIA6025,Tibet and China: Histories and Myths,,Postgraduate,6.0,In Person,2014
4294,STST1002,Tides of Conflict in the Asia-Pacific,Second Semester,Undergraduate,6.0,In Person,2014
4295,CHIN6042,Toolkit for Chinese Studies and Translation,,Postgraduate,6.0,In Person,2014
4296,CHIN3042,Toolkit for Chinese Studies and Translation,,Undergraduate,6.0,In Person,2014
4297,EMDV8010,Tools and Processes for environmental and Resource Management (12 units),,Postgraduate,12.0,In Person,2014
4298,LING8025,Tools and Resources for Language Analysis,,Postgraduate,6.0,In Person,2014
4299,MGMT7170,Tools and Techniques for Business Project Management,First Semester/Winter Session/Spring Session,Postgraduate,6.0,In Person,2014
4300,MATH6200,Topics in Algebra and Topology,First Semester/Second Semester,Postgraduate,6.0,In Person,2014
4301,LING8009,Topics in Applied Linguistics A: Language Learning and Education,,Postgraduate,6.0,Blended,2014
4302,BIAN8001,Topics in Bioarchaeology,First Semester/Second Semester,Postgraduate,6.0,In Person,2014
4303,MATH6208,Topics in Bioinformatics,First Semester/Second Semester,Postgraduate,6.0,In Person,2014
4304,MATH3353,Topics in Bioinformatics Honours,First Semester,Undergraduate,6.0,In Person,2014
4305,MATH6201,Topics in Computational Mathematics,First Semester/Second Semester,Postgraduate,6.0,In Person,2014
4306,MATH4201,Topics in Computational Maths Honours,First Semester/Second Semester,Undergraduate,6.0,In Person,2014
4307,COMP3710,Topics in Computer Science,Summer Session/First Semester/Second Semester/Spring Session,Undergraduate,6.0,In Person,2014
4308,ENVS8048,Topics in Environment & Society,Summer Session/First Semester/Autumn Session/Winter Session/Second Semester/Spring Session,Postgraduate,6.0,In Person,2014
4309,FORA8001,Topics in Forensic Anthropology/Archaeology,First Semester/Second Semester,Postgraduate,6.0,In Person,2014
4310,BIAN8002,Topics in Human Population Biology/Health,First Semester/Second Semester,Postgraduate,6.0,In Person,2014
4311,FINM8007,Topics in International Finance,First Semester/Second Semester,Postgraduate,6.0,In Person,2014
4312,LING8010,"Topics in Language, Text and Discourse",Second Semester,Postgraduate,6.0,Blended,2014
4313,ECON8001,Topics in Macroeconomics,Second Semester,Postgraduate,6.0,In Person,2014
4314,MATH6211,Topics in Mathematical Physics,First Semester/Second Semester,Postgraduate,6.0,In Person,2014
4315,MATH3351,Topics in Mathematical Physics Honours,First Semester,Undergraduate,6.0,In Person,2014
4316,ECON8021,Topics in Microeconomic Theory,Second Semester,Postgraduate,6.0,In Person,2014
4317,NEUR8001,Topics in Neuroscience,Summer Session/First Semester/Autumn Session/Winter Session/Second Semester/Spring Session,Postgraduate,6.0,In Person,2014
4318,ARCH3019,Topics in Pacific Archaeology,,Undergraduate,6.0,In Person,2014
4319,ARCH6519,Topics in Pacific Archaeology,,Postgraduate,6.0,In Person,2014
4320,BIAN8003,Topics in Primatology/Palaeoanthropology,First Semester/Second Semester,Postgraduate,6.0,In Person,2014
4321,MATH6207,Topics in Statistical Science,First Semester/Second Semester,Postgraduate,6.0,In Person,2014
4322,MATH6206,Topics in Stochastic Analysis,First Semester/Second Semester,Postgraduate,6.0,In Person,2014
4323,ANTH8035,Topics in the History of Anthropology,First Semester,Postgraduate,12.0,In Person,2014
4324,LAWS8142,Tort Liability and Public Authorities,,Postgraduate,6.0,In Person,2014
4325,LAWS1203,Torts,First Semester,Undergraduate,6.0,In Person,2014
4326,POGO8013,Trade Dispute Settlement,,Postgraduate,6.0,In Person,2014
4327,IDEC8069,Trade Policy and Structural Adjustment,,Postgraduate,6.0,In Person,2014
4328,LAWS8073,Trade Remedies Law: WTO Law & Domestic Implementation,,Postgraduate,6.0,In Person,2014
4329,IDEC8009,"Trade, Development and the Asia Pacific Economy",Winter Session,Postgraduate,6.0,In Person,2014
4330,FINM8017,Trading and Markets,Second Semester,Postgraduate,6.0,In Person,2014
4331,CLAS1001,Traditional Grammar,First Semester,Undergraduate,6.0,In Person,2014
4332,CLAS6001,Traditional Grammar,First Semester,Postgraduate,6.0,In Person,2014
4333,CLAS2011,Traditional Grammar (L),First Semester,Undergraduate,6.0,In Person,2014
4334,CHIN3220,Translating Chinese Literature: Pointing to the Moon,,Undergraduate,6.0,In Person,2014
4335,CHIN6220,Translating Chinese Literature: Pointing to the Moon,,Postgraduate,6.0,In Person,2014
4336,LANG6016,Translation Project,First Semester/Second Semester,Postgraduate,6.0,In Person,2014
4337,LANG6002,Translation across Languages: Specialised Materials,Second Semester,Postgraduate,6.0,Blended,2014
4338,LANG6001,Translation across Languages: The Translation of Literary Texts,First Semester,Postgraduate,6.0,Blended,2014
4339,LANG3002,Translation across Languages: specialised material,Second Semester,Undergraduate,6.0,In Person,2014
4340,LANG3001,Translation across Languages: the translation of literary texts,First Semester,Undergraduate,6.0,In Person,2014
4341,INDN6015,Translation from Indonesian,Second Semester,Postgraduate,6.0,In Person,2014
4342,INDN3015,Translation from Indonesian,Second Semester,Undergraduate,6.0,In Person,2014
4343,MEDN8005,Translational Medicine Essay,Summer Session/First Semester/Autumn Session/Winter Session/Second Semester/Spring Session,Postgraduate,6.0,In Person,2014
4344,MEDN8001,Translational Medicine Pathways,Second Semester,Postgraduate,6.0,In Person,2014
4345,MEDN8004,Translational Medicine Project,Summer Session/First Semester/Autumn Session/Winter Session/Second Semester/Spring Session,Postgraduate,6.0,In Person,2014
4346,MEDN8006,Translational Medicine Research Proposal,Summer Session/First Semester/Autumn Session/Winter Session/Second Semester/Spring Session,Postgraduate,6.0,In Person,2014
4347,MEDN8000,Translational Medicine: From Discovery to Healthcare,Winter Session,Postgraduate,6.0,In Person,2014
4348,LAWS8009,Transnational Anti-Corruption Laws,Summer Session,Postgraduate,6.0,In Person,2014
4349,LAWS8003,Transnational Business and Human Rights,,Postgraduate,6.0,In Person,2014
4350,DIPL8001,Transnational Diplomacy,Summer Session,Postgraduate,12.0,In Person,2014
4351,STST8016,Transnational Security,,Postgraduate,6.0,In Person,2014
4352,STST3001,Transnational security issues in the Asia-Pacific,First Semester,Undergraduate,6.0,In Person,2014
4353,GEND6021,"Trauma, Memory and Culture",,Postgraduate,6.0,In Person,2014
4354,GEND2021,"Trauma, Memory and Culture",,Undergraduate,6.0,In Person,2014
4355,ANCH2015,Travellers and Geographers in Antiquity,,Undergraduate,6.0,In Person,2014
4356,ANCH6501,Travellers and Geographers in Antiquity,,Postgraduate,6.0,In Person,2014
4357,LAWS8236,Tribunals and Government,,Postgraduate,6.0,In Person,2014
4358,ASIA2272,Truth and Falsity in Indian History and Politics,First Semester,Undergraduate,6.0,In Person,2014
4359,ASIA6272,Truth and Falsity in Indian History and Politics,First Semester,Postgraduate,6.0,In Person,2014
4360,HIST6509,"Tudor-Stuart England c.1485-1714: Politics, Society, Culture",First Semester,Postgraduate,6.0,In Person,2014
4361,HIST2219,"Tudor-Stuart England, c.1485-1714: Politics, Society and Culture",First Semester,Undergraduate,6.0,In Person,2014
4362,MEAS8010,Turkish History: Ottoman State to Modern Turkey,,Postgraduate,6.0,In Person,2014
4363,MEAS2002,Turkish History: Ottoman State to Modern Turkey,,Undergraduate,6.0,In Person,2014
4364,MUSI1104,Turning Points in Music History 1: A Millennium of Metamorphoses (900-1900),First Semester,Undergraduate,6.0,In Person,2014
4365,MUSI1109,Turning Points in Music History 2: A Century of Crisis and Change (1900-2013),Second Semester,Undergraduate,6.0,In Person,2014
4366,ARTV6100,Typography: Textual use in Visual Arts,Second Semester,Postgraduate,6.0,In Person,2014
4367,POLS2127,U.S. Politics,First Semester,Undergraduate,6.0,In Person,2014
4368,INTR8067,U.S. Security Policy in the Asia-Pacific,,Postgraduate,6.0,In Person,2014
4369,INTR2016,US Security Policy in Asia,Second Semester,Undergraduate,6.0,In Person,2014
4370,MUSC8012,Understanding Learning in Museums and Heritage,First Semester/Second Semester,Postgraduate,6.0,Online,2014
4371,LING8026,Understanding Qualitative Research & Writing in Language Studies,,Postgraduate,6.0,Blended,2014
4372,ASIA1021,Understanding War and Conflict,First Semester,Undergraduate,6.0,In Person,2014
4373,FILM2006,United States Cinema: Hollywood and Beyond,,Undergraduate,6.0,In Person,2014
4374,EURO3001,"Uniting Europe: history, politics, theory",Second Semester,Undergraduate,6.0,In Person,2014
4375,VCPG6001,Unravelling Complexity,First Semester,Postgraduate,6.0,In Person,2014
4376,LAWS3001,Unravelling Complexity,First Semester,Undergraduate,6.0,In Person,2014
4377,VCUG3001,Unravelling Complexity,First Semester,Undergraduate,6.0,In Person,2014
4378,DEMO8046,Urbanisation and Internal Migration,,Postgraduate,6.0,In Person,2014
4379,URDU6300,Urdu 2A,,Postgraduate,6.0,In Person,2014
4380,URDU6400,Urdu 2B,,Postgraduate,6.0,In Person,2014
4381,URDU6008,Urdu 2B in-country,,Postgraduate,6.0,In Person,2014
4382,URDU6500,Urdu 2C,,Postgraduate,6.0,In Person,2014
4383,URDU6600,Urdu 2D,,Postgraduate,6.0,In Person,2014
4384,FINM7035,Valuation,,Postgraduate,3.0,In Person,2014
4385,FINM8015,"Valuation, Strategy and Structure",,Postgraduate,6.0,In Person,2014
4386,POGO8041,Values in Rural Policy,,Postgraduate,6.0,In Person,2014
4387,ASIA2077,Varieties of Chinese,,Undergraduate,6.0,In Person,2014
4388,ASIA6077,Varieties of Chinese,,Postgraduate,6.0,In Person,2014
4389,ENVS6023,Vegetation and Soils: Landscape Co-evolution and Ecology,First Semester,Postgraduate,6.0,In Person,2014
4390,ENVS2021,Vegetation and Soils: Landscape Co-evolution and Ecology,First Semester,Undergraduate,6.0,In Person,2014
4391,FINM7040,Venture Capital and Private Equity,,Postgraduate,3.0,In Person,2014
4392,ENGL2061,Victorian Literature,First Semester,Undergraduate,6.0,In Person,2014
4393,ARTH2097,Victorian and Edwardian Art: Australia and Europe 1837-1914,,Undergraduate,6.0,In Person,2014
4394,ARTH6097,Victorian and Edwardian Art: Australia and Europe 1837-1914,,Postgraduate,6.0,Online or In Person,2014
4395,ARTV6003,Video Art,First Semester,Postgraduate,6.0,In Person,2014
4396,ARTV2617,Video: Creative Possibilities,First Semester,Undergraduate,6.0,In Person,2014
4397,ARTV2618,Video: Creative Project Research and Development,,Undergraduate,6.0,In Person,2014
4398,ENVS2017,Vietnam Field School,,Undergraduate,6.0,In Person,2014
4399,ANTH2135,Vietnam Field School,Summer Session,Undergraduate,6.0,In Person,2014
4400,ENVS6017,Vietnam Field School,,Postgraduate,6.0,In Person,2014
4401,ASIA2413,Vietnam: History And Contemporary Society,,Undergraduate,6.0,In Person,2014
4402,ASIA6413,Vietnam: History And Contemporary Society,,Postgraduate,6.0,In Person,2014
4403,VIET6102,Vietnamese 1A,First Semester,Postgraduate,6.0,Online or In Person,2014
4404,VIET1002,Vietnamese 1A,First Semester,Undergraduate,6.0,Online or In Person,2014
4405,VIET1006,Vietnamese 1A: In-Country,Summer Session/Winter Session,Undergraduate,6.0,In Person,2014
4406,VIET6006,Vietnamese 1A: In-Country,Summer Session/Winter Session,Postgraduate,6.0,In Person,2014
4407,VIET1003,Vietnamese 1B,Second Semester,Undergraduate,6.0,Online or In Person,2014
4408,VIET6103,Vietnamese 1B,Second Semester,Postgraduate,6.0,Online or In Person,2014
4409,VIET6007,Vietnamese 1B: In-Country,Summer Session/Winter Session,Postgraduate,6.0,In Person,2014
4410,VIET1007,Vietnamese 1B: In-Country,Summer Session/Winter Session,Undergraduate,6.0,In Person,2014
4411,VIET6002,Vietnamese 2A,Summer Session/First Semester,Postgraduate,6.0,Online or In Person,2014
4412,VIET2002,Vietnamese 2A,Summer Session/First Semester,Undergraduate,6.0,Online or In Person,2014
4413,VIET2003,Vietnamese 2B,Summer Session/Second Semester,Undergraduate,6.0,Blended,2014
4414,VIET6003,Vietnamese 2B,Summer Session/Second Semester,Postgraduate,6.0,Blended,2014
4415,VIET3002,Vietnamese 3A,Summer Session/First Semester,Undergraduate,6.0,In Person,2014
4416,VIET6502,Vietnamese 3A,Summer Session/First Semester,Postgraduate,6.0,In Person,2014
4417,VIET3003,Vietnamese 3B,Summer Session/Second Semester,Undergraduate,6.0,In Person,2014
4418,VIET6503,Vietnamese 3B,Summer Session/Second Semester,Postgraduate,6.0,In Person,2014
4419,ANTH6516,Violence and Terror,Second Semester,Postgraduate,6.0,In Person,2014
4420,ANTH2130,Violence and Terror,Second Semester,Undergraduate,6.0,In Person,2014
4421,LAWS8169,"Visa Compliance, Cancellation and Review",Summer Session/Autumn Session/Winter Session,Postgraduate,6.0,Online,2014
4422,ARTV1022,Vision and Perception,Second Semester,Undergraduate,6.0,In Person,2014
4423,DESA1022,Vision and Perception,Second Semester,Undergraduate,6.0,In Person,2014
4424,ARTV8300,Visual Arts Studio Masterclass,Summer Session/First Semester/Autumn Session/Winter Session/Second Semester,Postgraduate,6.0,In Person,2014
4425,ARTV8209,Visual Arts Studio Research,First Semester/Second Semester,Postgraduate,24.0,In Person,2014
4426,ARTV8210,Visual Arts Studio Research P,First Semester/Second Semester,Postgraduate,12.0,In Person,2014
4427,VISC8011,Visual Culture Research: Extended Project,Summer Session/First Semester/Autumn Session/Winter Session/Second Semester/Spring Session,Postgraduate,12.0,In Person,2014
4428,VISC8001,Visual Culture Research: Key Concepts,First Semester,Postgraduate,12.0,Online or In Person,2014
4429,VISC8008,Visual Culture Research: Special Topics,,Postgraduate,6.0,In Person,2014
4430,VISC8010,Visual Cultures of Asia,,Postgraduate,6.0,In Person,2014
4431,PSYC2008,Visual Perception and Cognition,Second Semester,Undergraduate,6.0,In Person,2014
4432,VISC8006,Visual Research Project,Summer Session/First Semester/Autumn Session/Winter Session/Second Semester/Spring Session,Postgraduate,6.0,Online or In Person,2014
4433,INTR8057,War and Peace in Asia,,Postgraduate,6.0,In Person,2014
4434,PASI2006,War in the Islands: The Second World War in the Pacific,Second Semester,Undergraduate,6.0,In Person,2014
4435,PASI6006,War in the Islands: the Second World War in the Pacific,Second Semester,Undergraduate,6.0,In Person,2014
4436,ANCH6504,Warfare in the Greek and Roman worlds,,Postgraduate,6.0,In Person,2014
4437,ANCH2019,Warfare in the Greek and Roman worlds,,Undergraduate,6.0,In Person,2014
4438,POLS3022,Washington DC Internship,First Semester,Undergraduate,12.0,In Person,2014
4439,CRWF8013,Water Economics and Governance,,Postgraduate,6.0,In Person,2014
4440,ENVS3005,Water Resource Management,First Semester,Undergraduate,6.0,In Person,2014
4441,ENVS6555,Water Resource Management,First Semester,Postgraduate,6.0,In Person,2014
4442,LAWS8123,Water Resources Law,,Postgraduate,6.0,In Person,2014
4443,PHYS2017,Waves and Optics,Second Semester,Undergraduate,6.0,In Person,2014
4444,ENVS6204,"Weather, Climate and Fire",Second Semester,Postgraduate,6.0,In Person,2014
4445,ENVS2004,"Weather, Climate and Fire",Second Semester,Undergraduate,6.0,In Person,2014
4446,COMP1710,Web Development and Design,First Semester,Undergraduate,6.0,In Person,2014
4447,DESA2013,Web-Design-Create 1,First Semester,Undergraduate,6.0,In Person,2014
4448,DESA2014,Web-Design-Create 2,Second Semester,Undergraduate,6.0,In Person,2014
4449,ASIA2304,What is Literature? Asian Perspectives,,Undergraduate,6.0,In Person,2014
4450,STST8032,Why and How We Fight: Understanding War and Conflict,Autumn Session,Postgraduate,6.0,In Person,2014
4451,LEGW8114,Wills Probate and Administration of Estate,Summer Session/Autumn Session/Winter Session/Spring Session,Postgraduate,3.0,Online,2014
4452,ENGN6536,Wireless Communications,Second Semester,Postgraduate,6.0,In Person,2014
4453,ENGN4536,Wireless Communications,Second Semester,Undergraduate,6.0,In Person,2014
4454,HIST1208,Women and Men in Australian History,,Undergraduate,6.0,In Person,2014
4455,ITAL3014,Women in Italian Society,,Undergraduate,6.0,In Person,2014
4456,GEND4005F,Women's Studies IV Honours (S),,Undergraduate,12.0,In Person,2014
4457,GEND4005P,Women's Studies IV Honours (S),,Undergraduate,12.0,In Person,2014
4458,POGO8068,Work Based Research Project,Spring Session,Postgraduate,6.0,In Person,2014
4459,PHYS3058,Work Experience in Photonics,First Semester/Second Semester,Undergraduate,6.0,In Person,2014
4460,PHYS6503,Work Experience in Photonics,First Semester/Second Semester,Postgraduate,6.0,In Person,2014
4461,LAWS2231,Work and Law - Selected Topics,,Undergraduate,6.0,In Person,2014
4462,POGO8113,Work-related Project,,Postgraduate,6.0,In Person,2014
4463,ARTV2038,Workshop Atelier,Winter Session/Second Semester,Undergraduate,6.0,In Person,2014
4464,HIST6136,"World At War, 1939-1945",First Semester,Postgraduate,6.0,In Person,2014
4465,ENGN6516,World Energy Resources and Renewable Technologies,Second Semester,Postgraduate,6.0,In Person,2014
4466,HUMN8019,World Heritage: conserving cultural heritage values,Winter Session,Postgraduate,6.0,In Person,2014
4467,INTR8036,World Politics,First Semester,Postgraduate,12.0,In Person,2014
4468,ARCH2130,World Rock Art,,Undergraduate,6.0,In Person,2014
4469,HUMN8008,World Rock Art: Global Perspectives on Rock Art Research,,Postgraduate,6.0,In Person,2014
4470,EMDV8035,World Trade and the Environment,,Postgraduate,6.0,In Person,2014
4471,HIST2136,"World at War, 1939-1945",First Semester,Undergraduate,6.0,In Person,2014
4472,ARTV8207,Writing About Practice,Winter Session,Postgraduate,6.0,In Person,2014
4473,HIST8011,Writing Biography,Autumn Session,Postgraduate,6.0,In Person,2014
4474,ASIA8038,Writing Ethnography in Asia and the Pacific,,Postgraduate,6.0,Blended,2014
4475,INTR8065,Writing International Relations,First Semester/Second Semester,Postgraduate,6.0,In Person,2014
4476,GEND2016,Writing Lives: Autobiography in Fiction and Memoir,,Undergraduate,6.0,In Person,2014
4477,POGO8037,Writing Public Policy,,Postgraduate,6.0,In Person,2014
4478,MUSI2211,Writing about Music,,Undergraduate,6.0,In Person,2014
4479,HUMN8026,Writing in the Public Sphere,,Postgraduate,6.0,In Person,2014
4480,HUMN8011,"Writing, World Histories and Lives: Key concepts",,Postgraduate,12.0,In Person,2014
4481,HUMN8012,"Writing, World Histories and Lives: Research Project",First Semester/Autumn Session/Winter Session/Second Semester/Spring Session,Postgraduate,6.0,In Person,2014
4482,HUMN8013,"Writing, World Histories and Lives: Special topics",,Postgraduate,6.0,In Person,2014
4483,HUMN8017,"Writing, World Histories and Lives:Extended Research Project",First Semester/Autumn Session/Winter Session/Second Semester/Spring Session,Postgraduate,12.0,In Person,2014
4484,JPNS1014,Written Japanese A,First Semester,Undergraduate,6.0,In Person,2014
4485,JPNS6114,Written Japanese A,First Semester,Postgraduate,6.0,In Person,2014
4486,JPNS1015,Written Japanese B,Second Semester,Undergraduate,6.0,In Person,2014
4487,JPNS6115,Written Japanese B,Second Semester,Postgraduate,6.0,In Person,2014
4488,JPNS2014,Written Japanese C,First Semester,Undergraduate,6.0,In Person,2014
4489,JPNS6014,Written Japanese C,First Semester,Postgraduate,6.0,In Person,2014
4490,JPNS2015,Written Japanese D,Second Semester,Undergraduate,6.0,In Person,2014
4491,JPNS6015,Written Japanese D,Second Semester,Postgraduate,6.0,In Person,2014
4492,CHIN6550,Year In China,First Semester,Postgraduate,18.0,In Person,2014
4493,JPNS6550,Year In Japan,First Semester/Second Semester,Postgraduate,18.0,In Person,2014
4494,ARAB3550,Year in Arab World (S),First Semester/Second Semester,Undergraduate,24.0,In Person,2014
4495,ASIA3551,Year in Asia A,Summer Session/First Semester/Second Semester,Undergraduate,24.0,In Person,2014
4496,ASIA3552,Year in Asia B,First Semester/Second Semester,Undergraduate,24.0,In Person,2014
4497,ASIA6551,Year in Asia Review,Autumn Session/Spring Session,Postgraduate,6.0,In Person,2014
4498,KORE6550,Year in Korea,First Semester,Postgraduate,18.0,In Person,2014
4499,THAI3550,Year in Thailand (S),Summer Session/First Semester/Winter Session/Second Semester,Undergraduate,24.0,In Person,2014
4500,ARAB3501,Year in the Arab World  Project,First Semester,Undergraduate,6.0,In Person,2014
4501,FILM1900,,,Undergraduate,,In Person,2014
4502,CHEM1901,,,Undergraduate,,In Person,2014
4503,CHEM2901,,,Undergraduate,,In Person,2014
4504,CHIN3505,,,Undergraduate,,In Person,2014
4505,CLAS2900,,,Undergraduate,,In Person,2014
4506,COMP1996,,,Undergraduate,,In Person,2014
4507,COMP3901,,,Undergraduate,,In Person,2014
4508,COMP3995,,,Undergraduate,,In Person,2014
4509,COMP4801,,,Undergraduate,,In Person,2014
4510,COMP4995,,,Undergraduate,,In Person,2014
4511,COMP5999,,,Undergraduate,,In Person,2014
4512,CRIM2900,,,Undergraduate,,In Person,2014
4513,DESA2900,,,Undergraduate,,In Person,2014
4514,DEST2900,,,Undergraduate,,In Person,2014
4515,ECCO3900,,,Undergraduate,,In Person,2014
4516,ENGN2997,,,Undergraduate,,In Person,2014
4517,ENGN3995,,,Undergraduate,,In Person,2014
4518,ENGN3996,,,Undergraduate,,In Person,2014
4519,ENGN6995,,,Postgraduate,,In Person,2014
4520,INDG2900,,,Undergraduate,,In Person,2014
4521,INDN1916,,,Undergraduate,,In Person,2014
4522,INDN3918,,,Undergraduate,,In Person,2014
4523,FSTY1901,,,Undergraduate,,In Person,2014
4524,FSTY2901,,,Undergraduate,,In Person,2014
4525,GEND2900,,,Undergraduate,,In Person,2014
4526,GEOG1901,,,Undergraduate,,In Person,2014
4527,GEOG5950,,,Undergraduate,,In Person,2014
4528,GEOL3901,,,Undergraduate,,In Person,2014
4529,GRAD7903,,,Postgraduate,,In Person,2014
4530,HIND1916,,,Undergraduate,,In Person,2014
4531,ECOS2901,,,Undergraduate,,In Person,2014
4532,EMDV6990,,,Postgraduate,,In Person,2014
4533,INTR1900,,,Undergraduate,,In Person,2014
4534,ITAL1900,,,Undergraduate,,In Person,2014
4535,JPNS1916,,,Undergraduate,,In Person,2014
4536,JPNS3505,,,Undergraduate,,In Person,2014
4537,ASTR2901,,,Undergraduate,,In Person,2014
4538,BIOL1901,,,Undergraduate,,In Person,2014
4539,BIOL2901,,,Undergraduate,,In Person,2014
4540,ASIA2902,,,Undergraduate,,In Person,2014
4541,ASIA2907,,,Undergraduate,,In Person,2014
4542,ASIA3913,,,Undergraduate,,In Person,2014
4543,ASIA5951,,,Undergraduate,,In Person,2014
4544,ARCH1910,,,Undergraduate,,In Person,2014
4545,ARCH2900,,,Undergraduate,,In Person,2014
4546,ARCH5950,,,Undergraduate,,In Person,2014
4547,ARTS3100,,,Undergraduate,,In Person,2014
4548,ARTS5950,,,Undergraduate,,In Person,2014
4549,ANCH2900,,,Undergraduate,,In Person,2014
4550,ANCH5950,,,Undergraduate,,In Person,2014
4551,ANTH1900,,,Undergraduate,,In Person,2014
4552,ARAB2900,,,Undergraduate,,In Person,2014
4553,KORE1916,,,Undergraduate,,In Person,2014
4554,LANG5950,,,Undergraduate,,In Person,2014
4555,LATN5950,,,Undergraduate,,In Person,2014
4556,LAWS  24,,,Undergraduate,,In Person,2014
4557,LAWS  48,,,Undergraduate,,In Person,2014
4558,LAWS1012,,,Undergraduate,,In Person,2014
4559,LAWS1040,,,Undergraduate,,In Person,2014
4560,LAWS2040,,,Undergraduate,,In Person,2014
4561,LAWS2041,,,Undergraduate,,In Person,2014
4562,PHYS1901,,,Undergraduate,,In Person,2014
4563,PHYS2901,,,Undergraduate,,In Person,2014
4564,PLST1900,,,Undergraduate,,In Person,2014
4565,LAWS8999,,,Postgraduate,,In Person,2014
4566,LING1900,,,Undergraduate,,In Person,2014
4567,MATH2901,,,Undergraduate,,In Person,2014
4568,POLS1900,,,Undergraduate,,In Person,2014
4569,POLS2900,,,Undergraduate,,In Person,2014
4570,MUSI1900,,,Undergraduate,,In Person,2014
4571,MUSM1910,,,Undergraduate,,In Person,2014
4572,MUSM1912,,,Undergraduate,,In Person,2014
4573,MUSM2910,,,Undergraduate,,In Person,2014
4574,MUSM2911,,,Undergraduate,,In Person,2014
4575,MUSM2930,,,Undergraduate,,In Person,2014
4576,MUSM2931,,,Undergraduate,,In Person,2014
4577,MUSM5950,,,Undergraduate,,In Person,2014
4578,LAWS8191,,,Postgraduate,,In Person,2014
4579,POPS2900,,,Undergraduate,,In Person,2014
4580,PSYC1900,,,Undergraduate,,In Person,2014
4581,PSYC1901,,,Undergraduate,,In Person,2014
4582,PSYC1995,,,Undergraduate,,In Person,2014
4583,PSYC2901,,,Undergraduate,,In Person,2014
4584,PSYC5950,,,Undergraduate,,In Person,2014
4585,PERS5950,,,Undergraduate,,In Person,2014
4586,PHIL1900,,,Undergraduate,,In Person,2014
4587,RUSS1900,,,Undergraduate,,In Person,2014
4588,SCCO3901,,,Undergraduate,,In Person,2014
4589,SCNC1902,,,Undergraduate,,In Person,2014
4590,SCNC1903,,,Undergraduate,,In Person,2014
4591,SCNC2901,,,Undergraduate,,In Person,2014
4592,SCNC3100,,,Undergraduate,,In Person,2014
4593,SCNC3901,,,Undergraduate,,In Person,2014
4594,SCOM2901,,,Undergraduate,,In Person,2014
4595,SEAS6926,,,Postgraduate,,In Person,2014
4596,SKRT3505,,,Undergraduate,,In Person,2014
4597,SOCY1900,,,Undergraduate,,In Person,2014
4598,SPAN5950,,,Undergraduate,,In Person,2014
4599,SRES2901,,,Undergraduate,,In Person,2014
4600,STAT1901,,,Undergraduate,,In Person,2014
4601,STST5999,,,Postgraduate,,In Person,2014
4602,THAI3505,,,Undergraduate,,In Person,2014
4603,TRAN5999,,,Undergraduate,,In Person,2014
4604,TURK1900,,,Undergraduate,,In Person,2014
4605,TURK5950,,,Undergraduate,,In Person,2014
4606,VIET1916,,,Undergraduate,,In Person,2014
4607,ARTV2900,,,Undergraduate,,In Person,2014
4608,ASIA1911,,,Undergraduate,,In Person,2014
4609,ASIA2912,,,Undergraduate,,In Person,2014
4610,ASIA3908,,,Undergraduate,,In Person,2014
4611,ENGN8200,,,Postgraduate,,In Person,2014
4612,FILM2900,,,Undergraduate,,In Person,2014
4613,FREN1900,,,Undergraduate,,In Person,2014
4614,ARCH2910,,,Undergraduate,,In Person,2014
4615,ARTH1900,,,Undergraduate,,In Person,2014
4616,ARTH2900,,,Undergraduate,,In Person,2014
4617,ARTH5950,,,Undergraduate,,In Person,2014
4618,ARTS1900,,,Undergraduate,,In Person,2014
4619,ARTS5960,,,Undergraduate,,In Person,2014
4620,ARTV1900,,,Undergraduate,,In Person,2014
4621,COMP2995,,,Undergraduate,,In Person,2014
4622,COMP2996,,,Undergraduate,,In Person,2014
4623,COMP3996,,,Undergraduate,,In Person,2014
4624,COMP6995,,,Postgraduate,,In Person,2014
4625,DESA1900,,,Undergraduate,,In Person,2014
4626,DEST5950,,,Undergraduate,,In Person,2014
4627,EAST6926,,,Postgraduate,,In Person,2014
4628,EAST6931,,,Postgraduate,,In Person,2014
4629,ECCO1900,,,Undergraduate,,In Person,2014
4630,ECCO1901,,,Undergraduate,,In Person,2014
4631,ECCO3901,,,Undergraduate,,In Person,2014
4632,BIAN2900,,,Undergraduate,,In Person,2014
4633,BIAN5950,,,Undergraduate,,In Person,2014
4634,BIOL3901,,,Undergraduate,,In Person,2014
4635,CLAS5950,,,Undergraduate,,In Person,2014
4636,COMP1901,,,Undergraduate,,In Person,2014
4637,ENGL1900,,,Undergraduate,,In Person,2014
4638,ENGL2900,,,Undergraduate,,In Person,2014
4639,ENGL5950,,,Undergraduate,,In Person,2014
4640,ENGN1995,,,Undergraduate,,In Person,2014
4641,ENGN1996,,,Undergraduate,,In Person,2014
4642,ENGN4996,,,Undergraduate,,In Person,2014
4643,FREN5950,,,Undergraduate,,In Person,2014
4644,GEOG2901,,,Undergraduate,,In Person,2014
4645,GEOG2999,,,Undergraduate,,In Person,2014
4646,GEOG3901,,,Undergraduate,,In Person,2014
4647,GEOL1901,,,Undergraduate,,In Person,2014
4648,GEOL2901,,,Undergraduate,,In Person,2014
4649,GERM5950,,,Undergraduate,,In Person,2014
4650,GRAD7900,,,Postgraduate,,In Person,2014
4651,GREK5951,,,Undergraduate,,In Person,2014
4652,HIND3918,,,Undergraduate,,In Person,2014
4653,HIST1900,,,Undergraduate,,In Person,2014
4654,ECCO5999,,,Undergraduate,,In Person,2014
4655,ECCO8890,,,Postgraduate,,In Person,2014
4656,ECOS3901,,,Undergraduate,,In Person,2014
4657,EMDV8119,,,Postgraduate,,In Person,2014
4658,ANTH2900,,,Undergraduate,,In Person,2014
4659,ARAB1900,,,Undergraduate,,In Person,2014
4660,ARAB2917,,,Undergraduate,,In Person,2014
4661,ARAB3918,,,Undergraduate,,In Person,2014
4662,LAWS2900,,,Undergraduate,,In Person,2014
4663,LAWS8190,,,Postgraduate,,In Person,2014
4664,LAWS8197,,,Postgraduate,,In Person,2014
4665,LAWS8198,,,Postgraduate,,In Person,2014
4666,LAWS8199,,,Postgraduate,,In Person,2014
4667,LAWS8299,,,Postgraduate,,In Person,2014
4668,LAWS8299,,,Postgraduate,,In Person,2014
4669,MEDI4900,,,Undergraduate,,In Person,2014
4670,LEGW8012,,,Postgraduate,,In Person,2014
4671,MATH1901,,,Undergraduate,,In Person,2014
4672,IDEC6990,,,Postgraduate,,In Person,2014
4673,IDEC8126,,,Postgraduate,,In Person,2014
4674,INDN3505,,,Undergraduate,,In Person,2014
4675,INTR2920,,,Undergraduate,,In Person,2014
4676,INTR5950,,,Undergraduate,,In Person,2014
4677,ITAL2900,,,Undergraduate,,In Person,2014
4678,PHIL2900,,,Undergraduate,,In Person,2014
4679,PHIL5950,,,Undergraduate,,In Person,2014
4680,PHYS3901,,,Undergraduate,,In Person,2014
4681,PLST5950,,,Undergraduate,,In Person,2014
4682,POGO8040,,,Postgraduate,,In Person,2014
4683,PERS1900,,,Undergraduate,,In Person,2014
4684,MUSM1911,,,Undergraduate,,In Person,2014
4685,MUSM1930,,,Undergraduate,,In Person,2014
4686,MUSM1931,,,Undergraduate,,In Person,2014
4687,MUSM2932,,,Undergraduate,,In Person,2014
4688,MUSM4100,,,Undergraduate,,In Person,2014
4689,NSPO5999,,,Postgraduate,,In Person,2014
4690,KORE2917,,,Undergraduate,,In Person,2014
4691,KORE3505,,,Undergraduate,,In Person,2014
4692,LANG1900,,,Undergraduate,,In Person,2014
4693,LATN2900,,,Undergraduate,,In Person,2014
4694,LAWS  96,,,Undergraduate,,In Person,2014
4695,POLS5950,,,Undergraduate,,In Person,2014
4696,POPS5950,,,Undergraduate,,In Person,2014
4697,PSYC2900,,,Undergraduate,,In Person,2014
4698,PSYC3900,,,Undergraduate,,In Person,2014
4699,PSYC3901,,,Undergraduate,,In Person,2014
4700,RELS5950,,,Undergraduate,,In Person,2014
4701,SCCO1901,,,Undergraduate,,In Person,2014
4702,SCCO2901,,,Undergraduate,,In Person,2014
4703,SCNC2902,,,Undergraduate,,In Person,2014
4704,SCNC2903,,,Undergraduate,,In Person,2014
4705,SCNC5952,,,Undergraduate,,In Person,2014
4706,SCOM1901,,,Undergraduate,,In Person,2014
4707,SOCY5950,,,Undergraduate,,In Person,2014
4708,SPAN2900,,,Undergraduate,,In Person,2014
4709,SRES1901,,,Undergraduate,,In Person,2014
4710,STAT2901,,,Undergraduate,,In Person,2014
4711,STAT3901,,,Undergraduate,,In Person,2014
4712,STST6990,,,Postgraduate,,In Person,2014
4713,THAI1916,,,Undergraduate,,In Person,2014
4714,THAI2917,,,Undergraduate,,In Person,2014
4715,VIET3505,,,Undergraduate,,In Person,2014
4716,ASIA1901,,,Undergraduate,,In Person,2014
4717,ASIA1906,,,Undergraduate,,In Person,2014
4718,ASIA3903,,,Undergraduate,,In Person,2014
4719,ASIA6990,,,Postgraduate,,In Person,2014
4720,ASIA6991,,,Postgraduate,,In Person,2014
4721,ASIA6992,,,Postgraduate,,In Person,2014
4722,ASTR1901,,,Undergraduate,,In Person,2014
4723,ASTR3901,,,Undergraduate,,In Person,2014
4724,ARCH1900,,,Undergraduate,,In Person,2014
4725,ARTS2900,,,Undergraduate,,In Person,2014
4726,ARTS5999,,,Undergraduate,,In Person,2014
4727,ARTS7900,,,Postgraduate,,In Person,2014
4728,ARTV2910,,,Undergraduate,,In Person,2014
4729,ANCH1900,,,Undergraduate,,In Person,2014
4730,ANTH5950,,,Undergraduate,,In Person,2014
4731,ARAB1916,,,Undergraduate,,In Person,2014
4732,ARAB3505,,,Undergraduate,,In Person,2014
4733,LING2900,,,Undergraduate,,In Person,2014
4734,LING5950,,,Undergraduate,,In Person,2014
4735,MATH3901,,,Undergraduate,,In Person,2014
4736,KORE3918,,,Undergraduate,,In Person,2014
4737,LANG2900,,,Undergraduate,,In Person,2014
4738,LATN1900,,,Undergraduate,,In Person,2014
4739,LAWS  12,,,Undergraduate,,In Person,2014
4740,LAWS4002,,,Undergraduate,,In Person,2014
4741,LAWS5998,,,Undergraduate,,In Person,2014
4742,LAWS5999,,,Undergraduate,,In Person,2014
4743,MUSI2900,,,Undergraduate,,In Person,2014
4744,MUSM1932,,,Undergraduate,,In Person,2014
4745,MUSM2912,,,Undergraduate,,In Person,2014
4746,MUSM7900,,,Postgraduate,,In Person,2014
4747,POPS1900,,,Undergraduate,,In Person,2014
4748,PLST2900,,,Undergraduate,,In Person,2014
4749,PORT1900,,,Undergraduate,,In Person,2014
4750,PORT2900,,,Undergraduate,,In Person,2014
4751,PERS2900,,,Undergraduate,,In Person,2014
4752,ENGN1997,,,Undergraduate,,In Person,2014
4753,ENGN2995,,,Undergraduate,,In Person,2014
4754,ENGN2996,,,Undergraduate,,In Person,2014
4755,ENGN4100,,,Undergraduate,,In Person,2014
4756,ENGN4995,,,Undergraduate,,In Person,2014
4757,ENGN5900,,,Undergraduate,,In Person,2014
4758,ENGN5999,,,Undergraduate,,In Person,2014
4759,COMP1993,,,Undergraduate,,In Person,2014
4760,COMP1995,,,Undergraduate,,In Person,2014
4761,COMP1997,,,Undergraduate,,In Person,2014
4762,COMP1998,,,Undergraduate,,In Person,2014
4763,COMP1999,,,Undergraduate,,In Person,2014
4764,COMP2901,,,Undergraduate,,In Person,2014
4765,COMP8200,,,Postgraduate,,In Person,2014
4766,CRIM1900,,,Undergraduate,,In Person,2014
4767,DEST1900,,,Undergraduate,,In Person,2014
4768,DIPL8007,,,Postgraduate,,In Person,2014
4769,EAST6921,,,Postgraduate,,In Person,2014
4770,ECCO1901,,,Undergraduate,,In Person,2014
4771,ECCO5950,,,Postgraduate,,In Person,2014
4772,ECOS1901,,,Undergraduate,,In Person,2014
4773,HIST2900,,,Undergraduate,,In Person,2014
4774,HIST5950,,,Undergraduate,,In Person,2014
4775,ICOM1900,,,Undergraduate,,In Person,2014
4776,ICOM2900,,,Undergraduate,,In Person,2014
4777,INDN2917,,,Undergraduate,,In Person,2014
4778,INTR2900,,,Undergraduate,,In Person,2014
4779,INTR2910,,,Undergraduate,,In Person,2014
4780,INTR8001,,,Postgraduate,,In Person,2014
4781,ITAL5950,,,Undergraduate,,In Person,2014
4782,JPNS2917,,,Undergraduate,,In Person,2014
4783,JPNS3918,,,Undergraduate,,In Person,2014
4784,BUSI6999,,,Postgraduate,,In Person,2014
4785,CHEM3901,,,Undergraduate,,In Person,2014
4786,CHIN1916,,,Undergraduate,,In Person,2014
4787,CHIN2917,,,Undergraduate,,In Person,2014
4788,CHIN3918,,,Undergraduate,,In Person,2014
4789,CLAS1900,,,Undergraduate,,In Person,2014
4790,FREN2900,,,Undergraduate,,In Person,2014
4791,FSTY3901,,,Undergraduate,,In Person,2014
4792,FSTY4100,,,Undergraduate,,In Person,2014
4793,GEND1900,,,Undergraduate,,In Person,2014
4794,GEND5950,,,Undergraduate,,In Person,2014
4795,GEOG1900,,,Undergraduate,,In Person,2014
4796,GEOG2900,,,Undergraduate,,In Person,2014
4797,GERM1900,,,Undergraduate,,In Person,2014
4798,GERM2900,,,Undergraduate,,In Person,2014
4799,GRAD7901,,,Postgraduate,,In Person,2014
4800,GRAD7902,,,Postgraduate,,In Person,2014
4801,GREK1900,,,Undergraduate,,In Person,2014
4802,GREK2900,,,Undergraduate,,In Person,2014
4803,GREK5950,,,Undergraduate,,In Person,2014
4804,HIND2917,,,Undergraduate,,In Person,2014
4805,HIND3505,,,Undergraduate,,In Person,2014
4806,EURO1900,,,Undergraduate,,In Person,2014
4807,EURO2900,,,Undergraduate,,In Person,2014
4808,EURO5950,,,Undergraduate,,In Person,2014
4809,FILM5950,,,Undergraduate,,In Person,2014
4810,FORA2900,,,Undergraduate,,In Person,2014
4811,RUSS2900,,,Undergraduate,,In Person,2014
4812,SCNC1901,,,Undergraduate,,In Person,2014
4813,SCNC5951,,,Undergraduate,,In Person,2014
4814,SCNC5953,,,Undergraduate,,In Person,2014
4815,SCNC5999,,,Undergraduate,,In Person,2014
4816,SCNC8888,,,Postgraduate,,In Person,2014
4817,SCOM3901,,,Undergraduate,,In Person,2014
4818,SEAS6921,,,Postgraduate,,In Person,2014
4819,SEAS6931,,,Postgraduate,,In Person,2014
4820,SKRT1916,,,Undergraduate,,In Person,2014
4821,SKRT2917,,,Undergraduate,,In Person,2014
4822,SKRT3918,,,Undergraduate,,In Person,2014
4823,SOCY2900,,,Undergraduate,,In Person,2014
4824,SPAN1900,,,Undergraduate,,In Person,2014
4825,SRES3901,,,Undergraduate,,In Person,2014
4826,THAI3918,,,Undergraduate,,In Person,2014
4827,TRAN6999,,,Postgraduate,,In Person,2014
4828,TURK2900,,,Undergraduate,,In Person,2014
4829,URDU3505,,,Undergraduate,,In Person,2014
4830,URDU3918,,,Undergraduate,,In Person,2014
4831,VIET2917,,,Undergraduate,,In Person,2014
4832,VIET3918,,,Undergraduate,,In Person,2014
