,CourseCode,Name,Session,Career,Units,ModeOfDelivery,Year
0,ENGL6020,"16th, 17th and 18th  Century Literature",,Postgraduate,6.0,In Person,2017
1,ENGL3005,"16th, 17th and 18th Century Literature(H)",,Undergraduate,6.0,In Person,2017
2,ENGL6022,19th & 20th Century Literature,First Semester,Postgraduate,6.0,In Person,2017
3,ENGL3022,19th and 20th Century Literature,First Semester,Undergraduate,6.0,In Person,2017
4,ENGL2115,20th Century American Drama,,Undergraduate,6.0,In Person,2017
5,ENGL6035,20th Century American Drama,,Postgraduate,6.0,In Person,2017
6,PREP1102,20th Century History,First Semester/Second Semester,Undergraduate,6.0,In Person,2017
7,ASGS1001,20th Century History,,Undergraduate,6.0,In Person,2017
8,MUSI2215,A Critical History of Rock,,Undergraduate,6.0,In Person,2017
9,MUSI6005,A Critical History of Rock,,Postgraduate,6.0,Blended,2017
10,HIST8018,A Globalising World,,Postgraduate,6.0,Online or In Person,2017
11,MUSI2217,A History of Jazz,,Undergraduate,6.0,In Person,2017
12,MGMT7169,A Management Framework For Business Projects,Second Semester,Postgraduate,6.0,In Person,2017
13,ARAB3009,A Semester in the Arab World,Summer Session,Undergraduate,24.0,In Person,2017
14,LING3030,A comparative study of Austronesian languages,,Undergraduate,6.0,In Person,2017
15,ANCH2020,A region in antiquity: Gallipoli and western Turkey,,Undergraduate,12.0,In Person,2017
16,ANCH6505,A region in antiquity: Gallipoli and western Turkey,,Postgraduate,12.0,In Person,2017
17,ASIA2107,ACICIS International Relations Program,First Semester/Second Semester,Undergraduate,6.0,Blended,2017
18,CBEA6070,ANU College of Business and Economics Internship Project (PG),First Semester/Second Semester,Postgraduate,6.0,In Person,2017
19,CBEA3070,ANU College of Business and Economics Internship Project (UG),First Semester/Second Semester,Undergraduate,6.0,In Person,2017
20,CBEA9820,ANU College of Business and Economics Research Course for Exchange  Students,,Research,6.0,In Person,2017
21,CBEA8001,ANU College of Business and Economics Sub-Thesis,,Postgraduate,18.0,In Person,2017
22,EXTN1001A,ANU Extension Astrophysics A,Autumn Session,Undergraduate,0.0,In Person,2017
23,EXTN1001B,ANU Extension Astrophysics B,Autumn Session,Undergraduate,6.0,In Person,2017
24,EXTN1002A,ANU Extension Chemistry A,Autumn Session,Undergraduate,0.0,In Person,2017
25,EXTN1002B,ANU Extension Chemistry B,Autumn Session,Undergraduate,6.0,In Person,2017
26,EXTN1004A,ANU Extension Conservation Biology A,Autumn Session,Undergraduate,0.0,In Person,2017
27,EXTN1004B,ANU Extension Conservation Biology B,Autumn Session,Undergraduate,6.0,In Person,2017
28,EXTN1012A,ANU Extension Maths A,Autumn Session,Undergraduate,0.0,In Person,2017
29,EXTN1012B,ANU Extension Maths B,Autumn Session,Undergraduate,6.0,In Person,2017
30,EXTN1011A,ANU Extension Physics A,Autumn Session,Undergraduate,0.0,In Person,2017
31,EXTN1011B,ANU Extension Physics B,Autumn Session,Undergraduate,6.0,In Person,2017
32,SCNC5922,ANU/NUS JD (Band 2 NP),First Semester/Second Semester,Undergraduate,6.0,In Person,2017
33,PHYS8011,ANU/NUS Study Program I,First Semester/Second Semester,Postgraduate,6.0,In Person,2017
34,PHYS8012,ANU/NUS Study Program II,First Semester/Second Semester,Postgraduate,6.0,In Person,2017
35,ASGS1106,ASGS1106 Support For Microeconomics 1,Second Semester,Undergraduate,6.0,In Person,2017
36,ASGS1107,ASGS1107 Support for Communication For Business,Second Semester,Undergraduate,6.0,In Person,2017
37,PSYC3025,Abnormal Psychology across the Life Span,First Semester,Undergraduate,6.0,In Person,2017
38,ARTH2098,Aboriginal and Torres Strait Islander Art,Summer Session,Undergraduate,6.0,In Person,2017
39,ARTH6598,Aboriginal and Torres Strait Islander Art,Summer Session,Postgraduate,6.0,In Person,2017
40,LING6030,Academic English,First Semester,Postgraduate,6.0,In Person,2017
41,LING2107,Academic English,First Semester,Undergraduate,6.0,In Person,2017
42,PHYS8203,Accelerators and their application,First Semester,Postgraduate,6.0,In Person,2017
43,LAWS8334,Access to Justice in Global and Local Contexts,Autumn Session,Postgraduate,6.0,In Person,2017
44,PREP1103,Accounting,First Semester/Second Semester,Undergraduate,6.0,In Person,2017
45,BUSN7051,Accounting Analytics,First Semester/Second Semester,Postgraduate,6.0,In Person,2017
46,BUSN3051,Accounting Analytics,First Semester/Second Semester,Undergraduate,6.0,In Person,2017
47,BUSN4500,Accounting Honours Thesis,First Semester/Second Semester,Undergraduate,6.0,In Person,2017
48,ACCT4004P,Accounting IV Honours (S),First Semester/Second Semester,Undergraduate,12.0,In Person,2017
49,ACCT4004F,Accounting IV Honours (S),First Semester/Second Semester,Undergraduate,12.0,In Person,2017
50,INFS2005,Accounting Information Systems,First Semester/Second Semester,Undergraduate,6.0,In Person,2017
51,INFS7004,Accounting Information Systems,First Semester/Second Semester,Postgraduate,6.0,In Person,2017
52,BUSN1002,Accounting Processes and Systems,First Semester/Second Semester,Undergraduate,6.0,In Person,2017
53,BUSN3001,Accounting Theory,First Semester/Second Semester,Undergraduate,6.0,In Person,2017
54,LEGW8100,Accounts,Spring Session,Postgraduate,3.0,In Person,2017
55,ACST4031,Actuarial Control Cycle 1,First Semester,Undergraduate,6.0,In Person,2017
56,ACST8040,Actuarial Control Cycle 1,First Semester,Postgraduate,6.0,In Person,2017
57,ACST4032,Actuarial Control Cycle 2,Second Semester,Undergraduate,6.0,In Person,2017
58,ACST8041,Actuarial Control Cycle 2,Second Semester,Postgraduate,6.0,In Person,2017
59,ACST4600,Actuarial Research Essay,First Semester/Second Semester,Undergraduate,6.0,In Person,2017
60,ACST4004P,Actuarial Studies IV Honours (S),First Semester/Second Semester,Undergraduate,12.0,In Person,2017
61,ACST4004F,Actuarial Studies IV Honours (S),First Semester/Second Semester,Undergraduate,12.0,In Person,2017
62,STAT3038,Actuarial Techniques,Second Semester,Undergraduate,6.0,In Person,2017
63,STAT6045,Actuarial Techniques,Second Semester,Postgraduate,6.0,In Person,2017
64,LAWS8652,Administrative Decision Making in Australian Migration Law,First Semester/Second Semester,Postgraduate,6.0,Online,2017
65,LAWS2201,Administrative Law,First Semester,Undergraduate,6.0,In Person,2017
66,LAWS6201,Administrative Law,First Semester,Postgraduate,6.0,In Person,2017
67,LAWS8709,Administrative Law & Commonwealth Constitutional Law A,,Postgraduate,8.0,Online,2017
68,LAWS8710,Administrative Law & Commonwealth Constitutional Law B,,Postgraduate,8.0,Online,2017
69,LEGW8118,Administrative Law Practice,Summer Session/Autumn Session,Postgraduate,3.0,Online,2017
70,MATH3104,"Advanced Algebra 1: Groups, Rings and Linear Algebra",Second Semester,Undergraduate,6.0,In Person,2017
71,MATH2322,"Advanced Algebra 1: Groups, Rings and Linear Algebra",Second Semester,Undergraduate,6.0,In Person,2017
72,MATH3345,Advanced Algebra 2: Field extensions and Galois Theory,First Semester,Undergraduate,6.0,In Person,2017
73,COMP4600,Advanced Algorithms,,Undergraduate,6.0,In Person,2017
74,COMP8460,Advanced Algorithms,,Postgraduate,6.0,In Person,2017
75,MATH2320,Advanced Analysis 1: Metric Spaces and Applications,First Semester,Undergraduate,6.0,In Person,2017
76,MATH3116,Advanced Analysis 1: Metric Spaces and Applications,First Semester,Undergraduate,6.0,In Person,2017
77,MATH3320,"Advanced Analysis 2: Topology, Lebesgue Integration and Hilbert Spaces",First Semester,Undergraduate,6.0,In Person,2017
78,PHIL3072,Advanced Analytic Philosophy,First Semester,Undergraduate,6.0,In Person,2017
79,GREK6125,Advanced Ancient Greek,First Semester/Second Semester,Postgraduate,6.0,In Person,2017
80,GREK2125,Advanced Ancient Greek,First Semester/Second Semester,Undergraduate,6.0,In Person,2017
81,ARAB3001,Advanced Arabic A,First Semester,Undergraduate,6.0,Online or In Person,2017
82,ARAB6503,Advanced Arabic A,First Semester,Postgraduate,6.0,Online or In Person,2017
83,ARAB3002,Advanced Arabic B,Second Semester,Undergraduate,6.0,Online or In Person,2017
84,ARAB6504,Advanced Arabic B,Second Semester,Postgraduate,6.0,Online or In Person,2017
85,BUSN4056,Advanced Auditing and Assurance Services,First Semester/Second Semester,Undergraduate,6.0,In Person,2017
86,BUSN8056,Advanced Auditing and Assurance Services,Second Semester,Postgraduate,6.0,In Person,2017
87,ECON3180,Advanced Behavioral Economics,,Undergraduate,6.0,In Person,2017
88,ECON8080,Advanced Behavioral Economics,,Postgraduate,6.0,In Person,2017
89,ECON4480,Advanced Behavioral Economics,,Undergraduate,6.0,In Person,2017
90,PHYS4103,Advanced Classical Mechanics,First Semester,Undergraduate,6.0,In Person,2017
91,LAWS8655,Advanced Comparative Migration Law,Second Semester,Postgraduate,6.0,Online,2017
92,MATH3228,Advanced Complex Analysis,Second Semester,Undergraduate,6.0,In Person,2017
93,COMP4560,Advanced Computing Project,Summer Session/First Semester/Second Semester,Undergraduate,6.0,In Person,2017
94,COMP3560,Advanced Computing R&D Industry Experience,First Semester/Second Semester,Undergraduate,0.0,In Person,2017
95,COMP2550,Advanced Computing R&D Methods,First Semester,Undergraduate,6.0,In Person,2017
96,COMP3550,Advanced Computing R&D Project,First Semester/Second Semester,Undergraduate,6.0,In Person,2017
97,COMP4450,Advanced Computing Research Methods,First Semester,Undergraduate,6.0,In Person,2017
98,COMP4550,Advanced Computing Research Project,First Semester/Second Semester,Undergraduate,12.0,In Person,2017
99,PHIL3071,Advanced Continental Philosophy,Second Semester,Undergraduate,6.0,In Person,2017
100,LAWS8218,Advanced Contracts,Spring Session,Postgraduate,6.0,In Person,2017
101,FINM8004,Advanced Corporate Finance,First Semester/Second Semester,Postgraduate,6.0,In Person,2017
102,FINM4015,Advanced Corporate Finance,First Semester/Second Semester,Undergraduate,6.0,In Person,2017
103,MATH3346,Advanced Data Mining,,Undergraduate,6.0,In Person,2017
104,FINM3007,Advanced Derivatives Pricing and Applications,Second Semester,Undergraduate,6.0,In Person,2017
105,MATH3342,Advanced Differential Geometry,First Semester,Undergraduate,6.0,In Person,2017
106,EMSC4109,Advanced Earth Physics,Second Semester,Undergraduate,6.0,In Person,2017
107,EMSC8019,Advanced Earth Physics,Second Semester,Postgraduate,6.0,In Person,2017
108,PHYS4102,Advanced Electromagnetism,First Semester,Undergraduate,6.0,In Person,2017
109,PHIL3073,"Advanced Ethics, Social and Political Philosophy",Second Semester,Undergraduate,6.0,In Person,2017
110,BIOL3303,Advanced Field Studies in Functional Ecology,Autumn Session,Undergraduate,6.0,In Person,2017
111,BIOL6303,Advanced Field Studies in Functional Ecology,Autumn Session,Postgraduate,6.0,In Person,2017
112,ARCH8002,Advanced Field Training in Archaeological Science,Winter Session,Postgraduate,6.0,In Person,2017
113,LING3032,Advanced Forensic Linguistics: Forensic Voice and Text Comparison,Second Semester,Undergraduate,6.0,Blended,2017
114,LING6032,Advanced Forensic Linguistics: Forensic Voice and Text Comparison,Second Semester,Postgraduate,6.0,In Person,2017
115,MATH3343,Advanced Foundations of Mathematics,First Semester,Undergraduate,6.0,In Person,2017
116,FREN3010,Advanced French I,First Semester,Undergraduate,6.0,In Person,2017
117,FREN6010,Advanced French I,First Semester,Postgraduate,6.0,In Person,2017
118,FREN3011,Advanced French II,Second Semester,Undergraduate,6.0,In Person,2017
119,FREN6011,Advanced French II,Second Semester,Postgraduate,6.0,In Person,2017
120,MATH6214,"Advanced Functional Analysis, Spectral theory and Applications",Second Semester,Postgraduate,6.0,In Person,2017
121,MATH3325,"Advanced Functional Analysis, Spectral theory and Applications",Second Semester,Undergraduate,6.0,In Person,2017
122,ACST8048,Advanced General Insurance,,Postgraduate,6.0,In Person,2017
123,EMSC4121,"Advanced Geochemistry, Petrology and Tectonics",First Semester,Undergraduate,6.0,In Person,2017
124,EMSC8021,"Advanced Geochemistry, Petrology and Tectonics",First Semester,Postgraduate,6.0,In Person,2017
125,ACST4049,Advanced Global Retirement Income Systems,,Undergraduate,6.0,In Person,2017
126,ACST8049,Advanced Global Retirement Income Systems,,Postgraduate,6.0,In Person,2017
127,ACST4045,Advanced Insurance,First Semester,Undergraduate,6.0,In Person,2017
128,ACST8045,Advanced Insurance,First Semester,Postgraduate,6.0,In Person,2017
129,LAWS4264,Advanced International Law,,Undergraduate,6.0,In Person,2017
130,FINM4106,Advanced Investments,First Semester/Second Semester,Undergraduate,6.0,In Person,2017
131,FINM8006,Advanced Investments,First Semester/Second Semester,Postgraduate,6.0,In Person,2017
132,ANTH8034,Advanced Issues in Anthropology,Second Semester,Postgraduate,12.0,In Person,2017
133,ITAL3016,Advanced Italian Topics in Language and Literary Studies,Second Semester,Undergraduate,6.0,In Person,2017
134,ITAL6510,Advanced Italian Topics in Language and Literary Studies,Second Semester,Postgraduate,6.0,In Person,2017
135,ITAL3015,"Advanced Italian Topics in Language, Culture and Society",First Semester,Undergraduate,6.0,In Person,2017
136,ITAL6509,"Advanced Italian Topics in Language, Culture and Society",First Semester,Postgraduate,6.0,In Person,2017
137,JPNS3006,Advanced Japanese:  Language in Context,,Undergraduate,6.0,In Person,2017
138,JPNS3005,Advanced Japanese: Issues in Contemporary Japan,Second Semester,Undergraduate,6.0,In Person,2017
139,JPNS6505,Advanced Japanese: Issues in Contemporary Japan,Second Semester,Postgraduate,6.0,In Person,2017
140,JPNS6506,Advanced Japanese: Language in Context,,Postgraduate,6.0,In Person,2017
141,JPNS3007,Advanced Japanese: Readings in Culture and Society,First Semester,Undergraduate,6.0,In Person,2017
142,JPNS6507,Advanced Japanese: Readings in Culture and Society,First Semester,Postgraduate,6.0,In Person,2017
143,JPNS3008,Advanced Japanese: Readings in Literature,,Undergraduate,6.0,In Person,2017
144,JPNS6508,Advanced Japanese: Readings in Literature,,Postgraduate,6.0,In Person,2017
145,KORE6017,Advanced Korean: Film and Society,,Postgraduate,6.0,In Person,2017
146,LATN2125,Advanced Latin,First Semester/Second Semester,Undergraduate,6.0,In Person,2017
147,LATN3125,Advanced Latin,,Undergraduate,6.0,In Person,2017
148,LATN6125,Advanced Latin,First Semester/Second Semester,Postgraduate,6.0,In Person,2017
149,ACST8047,Advanced Life Insurance,,Postgraduate,6.0,In Person,2017
150,CHIN3015,Advanced Literary Chinese,First Semester/Second Semester,Undergraduate,6.0,Online or In Person,2017
151,CHIN6015,Advanced Literary Chinese,First Semester/Second Semester,Postgraduate,6.0,Online or In Person,2017
152,BUSN3003,Advanced Management Accounting,,Undergraduate,6.0,In Person,2017
153,BUSN8003,Advanced Managerial Decision Making,,Postgraduate,6.0,In Person,2017
154,STAT3005,Advanced Marketing Research Methods,,Undergraduate,6.0,In Person,2017
155,STAT7007,Advanced Marketing Research Methods,,Postgraduate,6.0,In Person,2017
156,MATH6208,Advanced Mathematical Bioinformatics,First Semester/Second Semester,Postgraduate,6.0,In Person,2017
157,MATH3353,Advanced Mathematical Bioinformatics,First Semester,Undergraduate,6.0,In Person,2017
158,STAT3056,Advanced Mathematical Statistics,Second Semester,Undergraduate,6.0,In Person,2017
159,STAT8056,Advanced Mathematical Statistics,Second Semester,Postgraduate,6.0,In Person,2017
160,MATH1116,Advanced Mathematics and Applications  2,Second Semester,Undergraduate,6.0,In Person,2017
161,MATH1115,Advanced Mathematics and Applications 1,First Semester,Undergraduate,6.0,In Person,2017
162,LAWS8165,Advanced Military Administrative Law,,Postgraduate,9.0,In Person,2017
163,LAWS8164,Advanced Military Discipline Law,Winter Session,Postgraduate,9.0,In Person,2017
164,LAWS8166,Advanced Military Operations Law,Autumn Session,Postgraduate,6.0,In Person,2017
165,EXTN1014,Advanced Music (Classical) ANU,Autumn Session,Undergraduate,6.0,In Person,2017
166,EXTN1013,Advanced Music (Jazz) ANU,Autumn Session,Undergraduate,6.0,In Person,2017
167,EMSC8707,Advanced Natural Hazards,,Postgraduate,6.0,In Person,2017
168,PERS3005,Advanced Persian A,First Semester,Undergraduate,6.0,In Person,2017
169,PERS6005,Advanced Persian A,First Semester,Postgraduate,6.0,In Person,2017
170,PERS3006,Advanced Persian B,Second Semester,Undergraduate,6.0,In Person,2017
171,PERS6006,Advanced Persian B,Second Semester,Postgraduate,6.0,In Person,2017
172,PHIL3074,Advanced Philosophical Topics,,Undergraduate,6.0,In Person,2017
173,CHEM3202,Advanced Physical & Materials Chemistry,First Semester,Undergraduate,6.0,In Person,2017
174,LAWS8248,Advanced Principles of Competition Law,,Postgraduate,6.0,In Person,2017
175,LAWS8183,Advanced Principles of International Law,Autumn Session,Postgraduate,6.0,In Person,2017
176,PHYS4100,Advanced Quantum Physics,First Semester,Undergraduate,6.0,In Person,2017
177,CHIN3211,Advanced Readings in Chinese A,First Semester,Undergraduate,6.0,Online or In Person,2017
178,CHIN6211,Advanced Readings in Chinese A,First Semester,Postgraduate,6.0,In Person,2017
179,CHIN3212,Advanced Readings in Chinese B,Second Semester,Undergraduate,6.0,Online or In Person,2017
180,CHIN6212,Advanced Readings in Chinese B,Second Semester,Postgraduate,6.0,Online or In Person,2017
181,JPNS3023,Advanced Readings in Japanese A,First Semester,Undergraduate,6.0,In Person,2017
182,JPNS6023,Advanced Readings in Japanese A,First Semester,Postgraduate,6.0,In Person,2017
183,JPNS6025,Advanced Readings in Japanese B,Second Semester,Postgraduate,6.0,In Person,2017
184,JPNS3024,Advanced Readings in Japanese B,Second Semester,Undergraduate,6.0,In Person,2017
185,PHIL4011,Advanced Readings in Philosophy,First Semester/Second Semester,Undergraduate,6.0,In Person,2017
186,ASIA3108,Advanced Readings in South and Southeast Asian Cultures,Second Semester,Undergraduate,6.0,In Person,2017
187,ASIA6108,Advanced Readings in South and Southeast Asian Cultures,Second Semester,Postgraduate,6.0,In Person,2017
188,ENVS6319,Advanced Remote Sensing and GIS,First Semester,Postgraduate,6.0,In Person,2017
189,ENVS3019,Advanced Remote Sensing and GIS,First Semester,Undergraduate,6.0,In Person,2017
190,PSYC3018,Advanced Research Methods,Second Semester,Undergraduate,6.0,In Person,2017
191,EMDV9102,Advanced Research Methods for Environmental Management,,Research,6.0,In Person,2017
192,EMDV9066,Advanced Research Project in Environmental Management & Development,,Research,12.0,In Person,2017
193,EMDV9008,Advanced Research Proposal in Environmental Management & Development,,Research,6.0,In Person,2017
194,BIOL8702,Advanced Research Techniques,First Semester,Postgraduate,12.0,In Person,2017
195,SOCY8102,Advanced Social Research Methods,First Semester/Second Semester,Postgraduate,6.0,In Person,2017
196,SOCR8204,Advanced Social Science Approaches to Inform Policy Development and Service Delivery,,Postgraduate,6.0,Blended,2017
197,SPAN6510,Advanced Spanish Topics in Language and Culture,First Semester,Postgraduate,6.0,In Person,2017
198,SPAN3031,Advanced Spanish Topics in Language and Linguistics,,Undergraduate,6.0,In Person,2017
199,SPAN6509,Advanced Spanish Topics in Language and Linguistics,,Postgraduate,6.0,In Person,2017
200,SPAN3030,Advanced Spanish topics in Language and Culture,First Semester,Undergraduate,6.0,In Person,2017
201,PHYS4104,Advanced Statistical Mechanics,First Semester,Undergraduate,6.0,In Person,2017
202,STAT3006,Advanced Stochastic Processes,Second Semester,Undergraduate,6.0,In Person,2017
203,STAT7006,Advanced Stochastic Processes,Second Semester,Postgraduate,6.0,In Person,2017
204,SCNC2101,Advanced Studies 1,Summer Session/First Semester/Autumn Session/Winter Session/Second Semester/Spring Session,Undergraduate,6.0,In Person,2017
205,ARTS1101,Advanced Studies 1: Thinking Research,First Semester,Undergraduate,6.0,In Person,2017
206,SCNC2102,Advanced Studies 2,Summer Session/First Semester/Autumn Session/Winter Session/Second Semester/Spring Session,Undergraduate,6.0,In Person,2017
207,ARTS1102,Advanced Studies 2: Doing Research,Second Semester,Undergraduate,6.0,In Person,2017
208,ARTS2101,Advanced Studies 3,Summer Session/First Semester/Autumn Session/Winter Session/Second Semester/Spring Session,Undergraduate,6.0,In Person,2017
209,SCNC2103,Advanced Studies 3,Summer Session/First Semester/Autumn Session/Winter Session/Second Semester/Spring Session,Undergraduate,6.0,In Person,2017
210,SCNC2104,Advanced Studies 4,Summer Session/First Semester/Autumn Session/Winter Session/Second Semester/Spring Session,Undergraduate,6.0,In Person,2017
211,ARTS2102,Advanced Studies 4,Summer Session/First Semester/Autumn Session/Winter Session/Second Semester/Spring Session,Undergraduate,6.0,In Person,2017
212,ARTS3101,Advanced Studies 5,Summer Session/First Semester/Autumn Session/Winter Session/Second Semester/Spring Session,Undergraduate,6.0,In Person,2017
213,SCNC3101,Advanced Studies 5,Summer Session/First Semester/Autumn Session/Winter Session/Second Semester/Spring Session,Undergraduate,6.0,In Person,2017
214,ARTS3102,Advanced Studies 6,Summer Session/First Semester/Autumn Session/Winter Session/Second Semester/Spring Session,Undergraduate,6.0,In Person,2017
215,SCNC3102,Advanced Studies 6,Summer Session/First Semester/Autumn Session/Winter Session/Second Semester/Spring Session,Undergraduate,6.0,In Person,2017
216,ASIA1114,Advanced Studies in Asia and the Pacific 1,Summer Session/First Semester/Autumn Session/Winter Session/Second Semester/Spring Session,Undergraduate,6.0,In Person,2017
217,ASIA2114,Advanced Studies in Asia and the Pacific 2,Summer Session/First Semester/Autumn Session/Winter Session/Second Semester/Spring Session,Undergraduate,6.0,In Person,2017
218,ASIA3114,Advanced Studies in Asia and the Pacific 3,Summer Session/First Semester/Autumn Session/Winter Session/Second Semester/Spring Session,Undergraduate,6.0,In Person,2017
219,STST3004,Advanced Study in Asia-Pacific Security,,Undergraduate,6.0,In Person,2017
220,LAWS8030,Advanced Succession Practice,,Postgraduate,6.0,Online,2017
221,SOCR8010,Advanced Survey Data Analysis,,Postgraduate,6.0,In Person,2017
222,SOCR8203,Advanced Techniques in the Creation of Social Science Data,,Postgraduate,6.0,Blended,2017
223,PHYS3002,Advanced Theoretical Physics,Second Semester,Undergraduate,6.0,In Person,2017
224,MATH6216,Advanced Topics in Algebra,Second Semester,Postgraduate,6.0,In Person,2017
225,MATH3354,Advanced Topics in Algebra,Second Semester,Undergraduate,6.0,In Person,2017
226,COMP4620,Advanced Topics in Artificial Intelligence,Second Semester,Undergraduate,6.0,In Person,2017
227,COMP8620,Advanced Topics in Artificial intelligence,Second Semester,Postgraduate,6.0,In Person,2017
228,ENGN8637,Advanced Topics in Communications and Signal Processing,First Semester,Postgraduate,6.0,In Person,2017
229,INFS4201,Advanced Topics in Information Systems Research,First Semester,Undergraduate,6.0,In Person,2017
230,INFS8201,Advanced Topics in Information Systems Research,,Postgraduate,6.0,In Person,2017
231,COMP8670,Advanced Topics in Logic and Computation,Second Semester,Postgraduate,6.0,In Person,2017
232,MATH3351,Advanced Topics in Mathematical Physics,First Semester,Undergraduate,6.0,In Person,2017
233,ENGN8536,Advanced Topics in Mechatronics Systems,Second Semester,Postgraduate,6.0,In Person,2017
234,PHIL4010,Advanced Topics in Philosophy,First Semester/Second Semester,Undergraduate,6.0,In Person,2017
235,ECON8901,"Advanced Topics in Poverty, Public Policy and Development",Second Semester,Postgraduate,6.0,In Person,2017
236,ENGN8527,Advanced Topics in Solar Energy Technologies,,Postgraduate,6.0,In Person,2017
237,COMP4680,Advanced Topics in Statistical Machine Learning,,Undergraduate,6.0,In Person,2017
238,COMP8650,Advanced Topics in Statistical Machine Learning,,Postgraduate,6.0,In Person,2017
239,LANG7000F,Advanced Translation Thesis,,Postgraduate,12.0,In Person,2017
240,LANG7000P,Advanced Translation Thesis,,Postgraduate,12.0,In Person,2017
241,LANG7001F,Advanced Translation and Commentary,,Postgraduate,12.0,In Person,2017
242,LANG7001P,Advanced Translation and Commentary,,Postgraduate,12.0,In Person,2017
243,EMSC4018,Advanced Water and Marine Geosciences,First Semester,Undergraduate,6.0,In Person,2017
244,EMSC8018,Advanced Water and Marine Geosciences,First Semester,Postgraduate,6.0,In Person,2017
245,LAWS8321,Advanced Will Drafting,Spring Session,Postgraduate,6.0,Online,2017
246,BIOL3144,Advanced and Applied Immunology,Second Semester,Undergraduate,6.0,In Person,2017
247,BIOL6144,Advanced and Applied Immunology,Second Semester,Postgraduate,6.0,In Person,2017
248,BIOL6107,Advances in Medical and Plant Biochemistry,First Semester,Postgraduate,6.0,In Person,2017
249,BIOL3107,Advances in Medical and Plant Biochemistry,First Semester,Undergraduate,6.0,In Person,2017
250,BIOL3177,Advances in Molecular Plant Science,First Semester,Undergraduate,6.0,In Person,2017
251,BIOL6177,Advances in Molecular Plant Science,First Semester,Postgraduate,6.0,In Person,2017
252,MKTG2033,Advertising,First Semester,Undergraduate,6.0,In Person,2017
253,LAWS8327,Advocacy,Winter Session,Postgraduate,6.0,Online or In Person,2017
254,LAWS8132,Advocacy - Family Law,Autumn Session,Postgraduate,6.0,In Person,2017
255,IDEC8018,Agricultural Economics and Resource Policy,Second Semester,Postgraduate,6.0,In Person,2017
256,IDEC8007,Aid and Development Policy,First Semester,Postgraduate,6.0,In Person,2017
257,CRIM6005,"Alcohol, Drugs and Crime: Promoting Health and Preventing Consequences",,Postgraduate,6.0,In Person,2017
258,CRIM2005,"Alcohol, Drugs and Crime: Promoting Health and Preventing Consequences",,Undergraduate,6.0,In Person,2017
259,ANCH2022,Alexander the Great and the Hellenistic World,,Undergraduate,6.0,In Person,2017
260,ASGS1005,Algebra,First Semester,Undergraduate,6.0,In Person,2017
261,MATH6118,"Algebra 1:  Groups, Rings and Advanced Linear Algebra",Second Semester,Postgraduate,6.0,In Person,2017
262,MATH6215,Algebra 2: Field extensions and Galois Theory,First Semester,Postgraduate,6.0,In Person,2017
263,MATH1003,Algebra and Calculus Methods,First Semester,Undergraduate,6.0,In Person,2017
264,ANUC1003,Algebra and Calculus Methods,Second Semester,Undergraduate,6.0,In Person,2017
265,MATH6204,Algebraic Topology,Second Semester,Postgraduate,6.0,In Person,2017
266,MATH4204,Algebraic Topology Honours,Second Semester,Undergraduate,6.0,In Person,2017
267,COMP6466,Algorithms,Second Semester,Postgraduate,6.0,In Person,2017
268,COMP3600,Algorithms,Second Semester,Undergraduate,6.0,In Person,2017
269,NSPO8024,American National Security Policy,Second Semester,Postgraduate,6.0,In Person,2017
270,HIST6126,American Sixties,,Postgraduate,6.0,In Person,2017
271,HIST2126,American Sixties,,Undergraduate,6.0,In Person,2017
272,ARCH8104,An Introduction to Cultural and Environmental Heritage,First Semester,Postgraduate,6.0,Online or In Person,2017
273,ARCH4001,An Introduction to Cultural and Environmental Heritage,First Semester,Undergraduate,6.0,In Person,2017
274,EMSC8012,An Introduction to Inverse Problems in the Earth Sciences,,Postgraduate,6.0,In Person,2017
275,POLS1007,An Introduction to Latin American Studies,Second Semester,Undergraduate,6.0,In Person,2017
276,SOCY1004,Analysing the Social World: An Introduction to Social Psychology,Second Semester,Undergraduate,6.0,In Person,2017
277,MATH6110,Analysis 1: Metric spaces and Applications,First Semester,Postgraduate,6.0,In Person,2017
278,MATH6212,"Analysis 2: Topology, Lebesgue Integration and Hilbert Spaces",First Semester,Postgraduate,6.0,In Person,2017
279,BUSN4007,Analysis of Financial Reporting,First Semester/Second Semester,Undergraduate,6.0,In Person,2017
280,BUSN8007,Analysis of Financial Reporting,First Semester/Second Semester,Postgraduate,6.0,In Person,2017
281,BIAN6518,Analysis of Mammalian Remains,,Postgraduate,6.0,In Person,2017
282,BIAN3016,Analysis of Mammalian Remains,,Undergraduate,6.0,In Person,2017
283,POPH8913,Analysis of Public Health Data,,Research,6.0,In Person,2017
284,POPH8313,Analysis of Public Health Data,Second Semester,Postgraduate,6.0,Online or In Person,2017
285,EMSC4122,Analytical Techniques,Second Semester,Undergraduate,3.0,In Person,2017
286,EMSC8022,Analytical Techniques,Second Semester,Postgraduate,6.0,In Person,2017
287,EMSC8024,Analytical Techniques and Data Analysis,Second Semester,Postgraduate,6.0,In Person,2017
288,EMSC4020,Analytical Techniques and Data Analysis,Second Semester,Undergraduate,6.0,In Person,2017
289,ANCH1013,Ancient Athens: democracy and empire,First Semester,Undergraduate,6.0,In Person,2017
290,BIAN8010,Ancient Behaviour: Advanced Topics in Bioarchaeology,Second Semester,Postgraduate,6.0,In Person,2017
291,BIAN3125,Ancient Health & Disease,,Undergraduate,6.0,In Person,2017
292,BIAN6512,Ancient Health & Disease,,Postgraduate,6.0,In Person,2017
293,BIAN2130,Ancient Medicine,,Undergraduate,6.0,In Person,2017
294,BIAN6519,Ancient Medicine,,Postgraduate,6.0,In Person,2017
295,ANCH2021,Ancient World in Film,,Undergraduate,6.0,In Person,2017
296,ANCH6013,Ancient World in Film,,Postgraduate,6.0,In Person,2017
297,LAWS6234,Animals & the Law,,Postgraduate,6.0,Online,2017
298,ARCH6108,"Animals, Plants & People",,Postgraduate,6.0,In Person,2017
299,ARCH3108,"Animals, Plants and People",,Undergraduate,6.0,In Person,2017
300,ARTV6000,Animation,First Semester/Second Semester,Postgraduate,6.0,In Person,2017
301,ARTV3616,Animation and Video 8: Independent Work Proposal,Second Semester,Undergraduate,6.0,In Person,2017
302,ARTV2610,Animation and Video: 3D Animation and Character Development,First Semester,Undergraduate,6.0,In Person,2017
303,ARTV2614,Animation and Video: 3D and 2D Animation,Second Semester,Undergraduate,6.0,In Person,2017
304,ARTV1104,Animation and Video: Digital Equipment and Studios,Second Semester,Undergraduate,6.0,In Person,2017
305,ARTV3615,Animation and Video: Project Development.,First Semester,Undergraduate,6.0,In Person,2017
306,ARTV1103,Animation and Video: The Digital Workspace,First Semester,Undergraduate,6.0,In Person,2017
307,ARTV2609,Animation and Video: Video Camera and Storyboarding,First Semester,Undergraduate,6.0,In Person,2017
308,ARTV2613,Animation and Video: Video Production,Second Semester,Undergraduate,6.0,In Person,2017
309,ARTV2615,Animation: Creative Possibilities,First Semester/Second Semester,Undergraduate,6.0,In Person,2017
310,CHMD8009,Anthropological Approaches to Health Interventions,Second Semester,Postgraduate,6.0,Online or In Person,2017
311,CHMD8010,Anthropological Concepts for Health Research: From Risk to Suffering,First Semester,Postgraduate,6.0,Online or In Person,2017
312,ANTH8102,Anthropological Field Methods,Autumn Session,Postgraduate,12.0,In Person,2017
313,ANTH8949P,Anthropological Methods for PhD students,,Research,12.0,In Person,2017
314,ANTH9949,Anthropological Methods for PhD students,Autumn Session,Postgraduate,12.0,In Person,2017
315,ANTH8949F,Anthropological Methods for PhD students,,Research,12.0,In Person,2017
316,ANTH8901P,Anthropology PhD Thesis Writing Workshop,,Research,12.0,In Person,2017
317,ANTH9901,Anthropology PhD Thesis Writing Workshop,First Semester/Second Semester,Postgraduate,12.0,In Person,2017
318,ANTH8901F,Anthropology PhD Thesis Writing Workshop,,Research,12.0,In Person,2017
319,ANTH2010,Anthropology of Art,,Undergraduate,6.0,In Person,2017
320,ANTH6010,Anthropology of Art,,Postgraduate,6.0,In Person,2017
321,BIAN2064,Anthropology of Environmental Disasters,,Undergraduate,6.0,In Person,2017
322,ANTH6064,Anthropology of Environmental Disasters,,Postgraduate,6.0,In Person,2017
323,ANTH6514,Anthropology of Media,,Postgraduate,6.0,Online or In Person,2017
324,ANTH2066,Anthropology of Money: Introduction to Economic Anthropology,,Undergraduate,6.0,In Person,2017
325,ARAB6511,Applied Arabic,Spring Session,Postgraduate,12.0,In Person,2017
326,ARAB3010,Applied Arabic,Spring Session,Undergraduate,12.0,In Person,2017
327,LAWS8650,Applied Australian Migration Law and Practice,First Semester/Second Semester,Postgraduate,6.0,Blended,2017
328,FINM7007,Applied Corporate Finance,First Semester/Second Semester,Postgraduate,6.0,In Person,2017
329,FINM7041,Applied Derivatives,First Semester/Second Semester,Postgraduate,6.0,In Person,2017
330,IDEC8020,Applied Economic Dynamics,First Semester,Postgraduate,6.0,In Person,2017
331,ECON4485,Applied Economic Honours Research Essay,,Undergraduate,6.0,In Person,2017
332,ECON4021F,Applied Economics IV Honours (S),,Undergraduate,12.0,In Person,2017
333,ECON4021P,Applied Economics IV Honours (S),,Undergraduate,12.0,In Person,2017
334,IDEC8001,Applied Economics: Cost/Benefit Analysis,Second Semester,Postgraduate,6.0,In Person,2017
335,EMDV8108,Applied Environmental and Resource Management,,Postgraduate,6.0,In Person,2017
336,POPH8310,Applied Epidemiological Methods,,Postgraduate,6.0,In Person,2017
337,POPH8920,Applied Epidemiology Thesis,,Research,1.0,Blended,2017
338,PHIL2085,Applied Ethics,,Undergraduate,6.0,In Person,2017
339,FINM8014,Applied Financial Intermediation and Debt Markets,First Semester,Postgraduate,6.0,In Person,2017
340,FINM7006,Applied Foundations of Finance,First Semester/Second Semester,Postgraduate,6.0,In Person,2017
341,ECON8073,Applied Health Econometrics,,Postgraduate,6.0,In Person,2017
342,FINM7042,Applied International Financial Management,,Postgraduate,6.0,In Person,2017
343,FINM7008,Applied Investments,First Semester/Second Semester,Postgraduate,6.0,In Person,2017
344,LING8011,Applied Linguistics Research and Writing  A,First Semester,Postgraduate,6.0,In Person,2017
345,LING8012,Applied Linguistics Research and Writing B,First Semester,Postgraduate,6.0,In Person,2017
346,EMET4310,Applied Macro & Financial Econometrics,Second Semester,Undergraduate,6.0,In Person,2017
347,EMET8010,Applied Macro and Financial Econometrics,Second Semester,Postgraduate,6.0,In Person,2017
348,EMET3008,Applied Macro and Financial Econometrics,Second Semester,Undergraduate,6.0,In Person,2017
349,MKTG7060,Applied Market Research,Second Semester,Postgraduate,6.0,In Person,2017
350,MATH2305,Applied Mathematics I,First Semester,Undergraduate,6.0,In Person,2017
351,MATH2306,Applied Mathematics II,Second Semester,Undergraduate,6.0,In Person,2017
352,EMET3006,Applied Micro-econometrics,First Semester,Undergraduate,6.0,In Person,2017
353,EMET4301,Applied Micro-econometrics,First Semester,Undergraduate,6.0,In Person,2017
354,LAWS8170,Applied Migration Law,Summer Session/Autumn Session/Winter Session,Postgraduate,6.0,Online,2017
355,PERS6007,Applied Persian,,Postgraduate,12.0,In Person,2017
356,PERS3007,Applied Persian,,Undergraduate,12.0,In Person,2017
357,CRWF7000,Applied Policy Project,Second Semester,Postgraduate,6.0,In Person,2017
358,SOCY3030,Applied Policy Project,Second Semester,Undergraduate,6.0,In Person,2017
359,FINM8016,Applied Portfolio Construction,First Semester/Second Semester,Postgraduate,6.0,In Person,2017
360,FINM8100,Applied Project in Finance,First Semester/Second Semester,Postgraduate,6.0,In Person,2017
361,FINM7038,Applied Research Essay,,Postgraduate,3.0,In Person,2017
362,STAT8053,Applied Research Essay,First Semester/Second Semester,Postgraduate,3.0,In Person,2017
363,FINM7011,Applied Research Project 1,First Semester/Second Semester,Postgraduate,6.0,In Person,2017
364,STAT3008,Applied Statistics,Second Semester,Undergraduate,6.0,In Person,2017
365,STAT7001,Applied Statistics,Winter Session/Second Semester,Postgraduate,6.0,In Person,2017
366,STAT8002,Applied Time Series Analysis,First Semester,Postgraduate,6.0,In Person,2017
367,STAT4102,Applied Time Series Analysis,First Semester,Undergraduate,6.0,In Person,2017
368,MMIB8001,Applied Topics in Business Studies 1,Summer Session/First Semester/Autumn Session/Winter Session/Second Semester/Spring Session,Postgraduate,6.0,In Person,2017
369,MMIB8002,Applied Topics in Business Studies 2,Summer Session/First Semester/Autumn Session/Winter Session/Second Semester/Spring Session,Postgraduate,12.0,In Person,2017
370,FINM7044,Applied Valuation,First Semester/Second Semester,Postgraduate,6.0,In Person,2017
371,ECON4402,Applied Welfare Economics,Second Semester,Undergraduate,6.0,In Person,2017
372,ECON8002,Applied Welfare Economics,,Postgraduate,6.0,In Person,2017
373,EMET8001,Applied micro-econometrics,First Semester,Postgraduate,6.0,In Person,2017
374,INTR9072,Approaches and Methods in International Relations,,Research,6.0,In Person,2017
375,INTR8072,Approaches and Methods in International Relations,Second Semester,Postgraduate,6.0,In Person,2017
376,HIST2110,Approaches to History,First Semester,Undergraduate,6.0,In Person,2017
377,HIST6110,Approaches to History,First Semester,Postgraduate,6.0,Online or In Person,2017
378,MEAS8121,Approaches to the Study of Modern Muslim Societies,First Semester,Postgraduate,6.0,In Person,2017
379,ARAB6510,Arab Current Affairs and Media Arabic,Second Semester,Postgraduate,6.0,Online,2017
380,ARAB3008,Arab Current Affairs and Media Arabic,Second Semester,Undergraduate,6.0,Online,2017
381,ARCH2061,Archaeological Field Methods,Second Semester,Undergraduate,6.0,In Person,2017
382,ARCH2055,Archaeological Fieldschool,Summer Session/Winter Session/Second Semester,Undergraduate,6.0,In Person,2017
383,ARCH8043,Archaeological Science Extended Internship,Winter Session/Second Semester/Spring Session,Postgraduate,12.0,In Person,2017
384,ARCH8042,Archaeological Science Internship,Winter Session/Second Semester/Spring Session,Postgraduate,6.0,In Person,2017
385,ARCH8030,Archaeological Science Research Project 1,Summer Session/First Semester/Autumn Session/Winter Session/Second Semester/Spring Session,Postgraduate,6.0,Online or In Person,2017
386,ARCH8031,Archaeological Science Research Project 2,Summer Session/First Semester/Autumn Session/Winter Session/Second Semester/Spring Session,Postgraduate,6.0,Online or In Person,2017
387,ARCH4002,Archaeology Honours Research Seminar,First Semester,Undergraduate,6.0,In Person,2017
388,ARCH4003,Archaeology Honours Writing Seminar,Second Semester,Undergraduate,6.0,In Person,2017
389,ARCH1111,Archaeology Uncovered,First Semester,Undergraduate,6.0,In Person,2017
390,ASIA6151,Archaeology in Asia,,Postgraduate,6.0,In Person,2017
391,ASIA3051,Archaeology in Asia,,Undergraduate,6.0,In Person,2017
392,ARCH2052,Archaeology in Film and Fiction,,Undergraduate,6.0,In Person,2017
393,ASIA2203,Archaeology of China,Second Semester,Undergraduate,6.0,In Person,2017
394,ARCH3028,Archaeology of Death and Mortuary Practices,,Undergraduate,6.0,In Person,2017
395,ARCH6521,Archaeology of Death and Mortuary Practices,,Postgraduate,6.0,In Person,2017
396,ARCH2050,Archaeology of Southeast Asia,,Undergraduate,6.0,In Person,2017
397,ARCH6005,Archaeology of the Pacific Islanders,Second Semester,Postgraduate,6.0,In Person,2017
398,ARCH8033,"Archaeology, Climate Change and Society",Second Semester,Postgraduate,6.0,Online or In Person,2017
399,ARTV8107,Arguing Objects,Autumn Session/Spring Session,Postgraduate,6.0,In Person,2017
400,ARTH3001,Art History and Curatorship Internship,Second Semester,Undergraduate,12.0,In Person,2017
401,ARTH8015,Art Museum Internship: Audience Development,Second Semester,Postgraduate,6.0,In Person,2017
402,ARTH8014,Art Museum Internship: Collection Management,First Semester,Postgraduate,6.0,In Person,2017
403,ARTH6059,Art and Architecture of Asia:  Continuity and Change,First Semester,Postgraduate,6.0,Online or In Person,2017
404,ARTH2059,Art and Architecture of Asia: Histories and Traditions,First Semester,Undergraduate,6.0,In Person,2017
405,ARTH2056,Art and Architecture of Southeast Asia: Tradition and Transformation,,Undergraduate,6.0,In Person,2017
406,ARTH6056,Art and Architecture of Southeast Asia: Tradition and Transformation,,Postgraduate,6.0,Online or In Person,2017
407,ARTH1006,Art and Design Histories: Form and Space,First Semester,Undergraduate,6.0,In Person,2017
408,ARTH1007,Art and Design Histories: Making and Meaning,Second Semester,Undergraduate,6.0,In Person,2017
409,ANUC1120,Art and Design Histories: Making and Meaning,Second Semester,Undergraduate,6.0,In Person,2017
410,COMP1720,Art and Interaction in New Media,Second Semester,Undergraduate,6.0,In Person,2017
411,COMP6720,Art and Interaction in New Media,Second Semester,Postgraduate,6.0,In Person,2017
412,ARTH6044,Art and Its Context: Materials Techniques Display,,Postgraduate,6.0,Online or In Person,2017
413,ARTH2044,"Art and Its Context: Materials, Techniques, Display",,Undergraduate,6.0,In Person,2017
414,ARTV2015,Art and Politics,,Undergraduate,6.0,In Person,2017
415,ARTH2057,Art and Politics of Collecting,Second Semester,Undergraduate,6.0,In Person,2017
416,ARTH2080,"Art and Visual Culture of the Long Eighteenth Century, 1660-1815",First Semester,Undergraduate,6.0,In Person,2017
417,ARTH6080,"Art and Visual Culture of the Long Eighteenth Century, 1660-1815",First Semester,Postgraduate,6.0,In Person,2017
418,COMP1030,Art of Computing,First Semester,Undergraduate,6.0,In Person,2017
419,STST8121,Art of War I,Autumn Session,Postgraduate,12.0,In Person,2017
420,STST8122,Art of War II,Autumn Session,Postgraduate,12.0,In Person,2017
421,STST8123,Art of War III,Winter Session,Postgraduate,12.0,In Person,2017
422,STST8124,Art of War IV,Spring Session,Postgraduate,6.0,In Person,2017
423,ARTH2081,"Art of the European Courts, 1500-1815",,Undergraduate,12.0,In Person,2017
424,ARTH6081,"Art of the European Courts, 1500-1815",,Postgraduate,12.0,In Person,2017
425,ARTH6052,Art of the Modern Print,,Postgraduate,6.0,Online or In Person,2017
426,ARTH2052,Art of the Modern Print,,Undergraduate,6.0,In Person,2017
427,ARTH2082,"Art, War and Conflict",First Semester,Undergraduate,6.0,In Person,2017
428,ARTH6082,"Art, War and Conflict",First Semester,Postgraduate,6.0,In Person,2017
429,MUSI8011,Articulating Music Practice,First Semester,Postgraduate,6.0,In Person,2017
430,COMP3620,Artificial Intelligence,First Semester,Undergraduate,6.0,In Person,2017
431,COMP6320,Artificial Intelligence,First Semester,Postgraduate,6.0,In Person,2017
432,ARTS8101,Arts & Social Sciences: Research methods and techniques,Summer Session/First Semester/Autumn Session/Winter Session/Second Semester/Spring Session,Postgraduate,6.0,In Person,2017
433,ASIA6078,Arts in Contemporary Taiwan,Spring Session,Postgraduate,6.0,In Person,2017
434,ASIA2078,Arts in Contemporary Taiwan,Spring Session,Undergraduate,6.0,In Person,2017
435,EMDV8009,Asia Pacific Environmental Conflicts: Causes and Solutions,Second Semester,Postgraduate,6.0,In Person,2017
436,INTR8022,Asia Pacific Security,,Postgraduate,6.0,In Person,2017
437,ASIA3023,Asia Pacific Week Internship,First Semester/Autumn Session,Undergraduate,6.0,In Person,2017
438,ASIA1030,Asia and the Pacific in Motion,Second Semester,Undergraduate,6.0,In Person,2017
439,ASIA1025,"Asia and the Pacific: Power, diversity and change",First Semester,Undergraduate,6.0,In Person,2017
440,ASIA8037,Asia and the World,,Postgraduate,6.0,In Person,2017
441,ARTH2104,Asian Art In-Country,Winter Session,Undergraduate,12.0,In Person,2017
442,ARTH6104,Asian Art In-Country,,Postgraduate,12.0,In Person,2017
443,BUSI7055,Asian Business Systems,Second Semester,Postgraduate,6.0,In Person,2017
444,FINM3045,Asian Capital Markets,First Semester/Second Semester,Undergraduate,6.0,In Person,2017
445,FINM7045,Asian Capital Markets,First Semester/Second Semester,Postgraduate,6.0,In Person,2017
446,ECHI2119,"Asian Giants: India, China and Japan; Alternate Paths to Prosperity(H)",,Undergraduate,6.0,In Person,2017
447,ECHI2109,"Asian Giants: India, China and Japan; Alternate Paths to Prosperity(P)",,Undergraduate,6.0,In Person,2017
448,NSPO8015,Asian Regionalism and Security: Implications for Australia,Second Semester,Postgraduate,6.0,In Person,2017
449,LING2029,Assessing Language,,Undergraduate,6.0,In Person,2017
450,LING6029,Assessing Language,,Postgraduate,6.0,In Person,2017
451,EMDV8123,Assessing Vulnerability to Natural Hazards,,Postgraduate,6.0,Online or In Person,2017
452,FINM7013,Asset Pricing,,Postgraduate,3.0,In Person,2017
453,ASTR4004,Astronomical Computing,Second Semester,Undergraduate,6.0,In Person,2017
454,ASTR8004,Astronomical Computing,Second Semester,Postgraduate,6.0,In Person,2017
455,ASTR4005,Astronomy and Astrophysics IV Honours Research Project,First Semester/Second Semester,Undergraduate,6.0,In Person,2017
456,ASTR8001,Astronomy and Astrophysics Research Project,First Semester/Second Semester,Postgraduate,3.0,In Person,2017
457,ASTR8002,Astrophysical Gas Dynamics,,Postgraduate,6.0,In Person,2017
458,ASTR4012,Astrophysical Gas Dynamics,,Undergraduate,6.0,In Person,2017
459,ASTR1001,Astrophysics,First Semester/Second Semester,Undergraduate,6.0,Online,2017
460,ASTR8010,Astrophysics Research Project,First Semester/Second Semester,Postgraduate,6.0,In Person,2017
461,ASTR3005,Astrophysics Research Topic,First Semester/Second Semester,Undergraduate,6.0,In Person,2017
462,PHYS3031,Atomic Physics: Atom-light interactions,Second Semester,Undergraduate,6.0,In Person,2017
463,BUSN3002,Auditing,First Semester/Second Semester,Undergraduate,6.0,In Person,2017
464,BUSN8012,Auditing Concepts and Issues,,Postgraduate,6.0,In Person,2017
465,BUSN7054,Auditing and Assurance Services,First Semester/Second Semester,Postgraduate,6.0,In Person,2017
466,STST2003,Australia and Security in the Pacific Islands,First Semester,Undergraduate,6.0,In Person,2017
467,HIST8017,Australia and the World at War,,Postgraduate,6.0,Online or In Person,2017
468,PASI2002,Australia in Oceania in the 19th and 20th centuries,Second Semester,Undergraduate,6.0,In Person,2017
469,PASI6002,Australia in Oceania in the 19th and 20th centuries,Second Semester,Postgraduate,6.0,In Person,2017
470,ENVS1004,Australia's Environment,Second Semester,Undergraduate,6.0,In Person,2017
471,ENVS6104,Australia's Environment,Second Semester,Postgraduate,6.0,In Person,2017
472,NSPO8002,Australia's National Security Challenges,,Postgraduate,6.0,In Person,2017
473,NSPO8001,Australia's National Security Community,,Postgraduate,6.0,In Person,2017
474,NSPO8005,Australia's Security Challenges,,Postgraduate,12.0,In Person,2017
475,STST3002,Australia's Security in the Asian Century,First Semester,Undergraduate,6.0,In Person,2017
476,STST8100,Australia's Strategic and Defence Policy,Spring Session,Postgraduate,6.0,In Person,2017
477,LAWS8168,Australia's Visa System,Summer Session/Autumn Session,Postgraduate,6.0,Online,2017
478,JPNS9550P,"Australia/Japan Research Centre, Crawford School of Economics and Government",,Research,24.0,In Person,2017
479,JPNS9550F,"Australia/Japan Research Centre, Crawford School of Economics and Government",,Research,24.0,In Person,2017
480,ARCH6004,Australian Archaeology,First Semester,Postgraduate,6.0,In Person,2017
481,ARCH2004,Australian Archaeology,First Semester,Undergraduate,6.0,In Person,2017
482,ARTV2054,Australian Art: The Modern Period,,Undergraduate,6.0,In Person,2017
483,LAWS8068,Australian Aviation Law,,Postgraduate,6.0,In Person,2017
484,FILM2066,Australian Cinema: The Kelly Gang to Baz Luhrmann's Australia,,Undergraduate,6.0,In Person,2017
485,LAWS8181,Australian Climate Law,Winter Session,Postgraduate,6.0,In Person,2017
486,ENGL6024,"Australian Crimes: Crime Narratives on Page, Stage and Screen",,Postgraduate,6.0,In Person,2017
487,ENGL2081,"Australian Crimes: Crime narratives on page, stage and screen",,Undergraduate,6.0,In Person,2017
488,HIST8013,Australian Dictionary of Biography Internship,First Semester,Postgraduate,12.0,Online or In Person,2017
489,LAWS8012,Australian Disaster Law,,Postgraduate,6.0,In Person,2017
490,ECHI2112,Australian Economic History(H),,Undergraduate,6.0,In Person,2017
491,ECHI2102,Australian Economic History(P),,Undergraduate,6.0,In Person,2017
492,LAWS8240,Australian Human Rights and Discrimination,,Postgraduate,6.0,In Person,2017
493,INDG8001,Australian Indigenous Development,Second Semester,Postgraduate,6.0,Online or In Person,2017
494,INDG8002,Australian Indigenous Development (Advanced),Second Semester,Postgraduate,12.0,Online or In Person,2017
495,INDG8004,Australian Indigenous Policy,First Semester,Postgraduate,6.0,Online or In Person,2017
496,INDG8005,Australian Indigenous Policy (Advanced),First Semester,Postgraduate,12.0,Online or In Person,2017
497,LAWS4273,Australian Legal History,,Undergraduate,6.0,In Person,2017
498,LAWS8328,Australian Legal Responses to National Security and Counter Terrorism,Spring Session,Postgraduate,6.0,In Person,2017
499,LAWS8167,Australian Migration Law,Summer Session/Autumn Session,Postgraduate,6.0,Online,2017
500,MUSI2225,Australian Music Culture Studies,First Semester,Undergraduate,6.0,In Person,2017
501,ANIP3005,Australian National Internship B,Summer Session/First Semester/Winter Session/Second Semester,Undergraduate,12.0,In Person,2017
502,ANIP6505,Australian National Internships Program B,Summer Session/First Semester/Winter Session/Second Semester,Postgraduate,12.0,In Person,2017
503,ANIP3007,Australian National Internships Program D,First Semester/Second Semester,Undergraduate,24.0,In Person,2017
504,ANIP6507,Australian National Internships Program D,First Semester/Second Semester,Postgraduate,24.0,In Person,2017
505,ANIP4001,Australian National Internships Program Honours Internship A,Summer Session/First Semester/Autumn Session/Winter Session/Second Semester/Spring Session,Undergraduate,6.0,In Person,2017
506,ANIP3003,Australian National Internships Program Internship A,Summer Session/First Semester/Second Semester,Undergraduate,6.0,In Person,2017
507,ANIP6503,Australian National Internships Program Internship A (Graduate),First Semester/Second Semester,Postgraduate,6.0,In Person,2017
508,LAWS4285,Australian National Security Law,First Semester,Undergraduate,6.0,In Person,2017
509,HIST2227,Australian Political History,,Undergraduate,6.0,In Person,2017
510,POLS2114,Australian Political Institutions,Second Semester,Undergraduate,6.0,In Person,2017
511,LAWS6105,Australian Public Law,First Semester/Second Semester,Postgraduate,6.0,In Person,2017
512,LAWS1205,Australian Public Law,First Semester,Undergraduate,6.0,In Person,2017
513,LAWS8711,Australian Public Law & International Law A,,Postgraduate,8.0,Online,2017
514,LAWS8712,Australian Public Law & International Law B,,Postgraduate,8.0,Online,2017
515,STST8004,Australian Strategic and Defence Policy,Second Semester,Postgraduate,6.0,In Person,2017
516,PREP1104,Australian Studies,First Semester/Second Semester,Undergraduate,6.0,In Person,2017
517,BIOL3193,Bacteria and Health:  An Ecological and Evolutionary Perspective,Second Semester,Undergraduate,6.0,In Person,2017
518,ANCH2016,Bad neighbours: Law and life in ancient Athens,,Undergraduate,6.0,In Person,2017
519,ANCH6502,Bad neighbours: evidence of Athenian life from 4th century law-court speeches,,Postgraduate,6.0,In Person,2017
520,LEGW8010,Banking & Finance Law,Autumn Session/Winter Session,Postgraduate,3.0,Online,2017
521,LAWS4282,Bankruptcy and Insolvency,Second Semester,Undergraduate,6.0,In Person,2017
522,PREP1001,Basic Literacy,First Semester/Second Semester,Undergraduate,9.0,In Person,2017
523,PREP1002,Basic Numeracy,First Semester/Second Semester,Undergraduate,9.0,In Person,2017
524,LEGW8141,Becoming a Practitioner,Summer Session/Autumn Session/Winter Session/Spring Session,Postgraduate,6.0,In Person,2017
525,ECON2013,Behavioral Economics,Second Semester,Undergraduate,6.0,In Person,2017
526,GERM6510,"Berlin Stories: Places, Words, Images",First Semester,Postgraduate,6.0,In Person,2017
527,GERM3049,"Berlin Stories: Places, Words, Images",First Semester,Undergraduate,6.0,In Person,2017
528,HUMN8006,Best Practice in Managing Heritage Places,Autumn Session,Postgraduate,6.0,In Person,2017
529,STAT3017,Big Data Statistics,Second Semester,Undergraduate,6.0,In Person,2017
530,STAT7017,Big Data Statistics,Second Semester,Postgraduate,6.0,In Person,2017
531,PREP1006,Big Ideas in Science,,Undergraduate,6.0,In Person,2017
532,BIOL3201,Big Questions in Biology,,Undergraduate,6.0,In Person,2017
533,BIOL6201,Big Questions in Biology,,Postgraduate,6.0,In Person,2017
534,ENGN4820,Bio Micro and Nano Electro-Mechanical Systems (BioMEMS and BioNEMS),Second Semester,Undergraduate,6.0,In Person,2017
535,COMP8420,Bio-inspired Computing: Applications and Interfaces,,Postgraduate,6.0,In Person,2017
536,COMP4660,Bio-inspired Computing: Applications and Interfaces,,Undergraduate,6.0,In Person,2017
537,BIAN8005,Bioanthropology Honour IV Seminar,First Semester,Postgraduate,6.0,In Person,2017
538,BIOL2171,Biochemistry and Nutrition,First Semester,Undergraduate,6.0,In Person,2017
539,BIOL6171,Biochemistry and Nutrition,First Semester,Postgraduate,6.0,In Person,2017
540,ENVS3039,Biodiversity Conservation,Second Semester,Undergraduate,6.0,In Person,2017
541,ENVS6024,Biodiversity Conservation,Second Semester,Postgraduate,6.0,In Person,2017
542,LAWS8280,Biodiversity Law and Policy,,Postgraduate,6.0,Online,2017
543,ENVS2001,"Biodiversity Science: Wildlife, Vegetation and Landscape Ecology",Second Semester,Undergraduate,6.0,Online or In Person,2017
544,ENVS6201,"Biodiversity Science: Wildlife, Vegetation and Landscape Ecology",Second Semester,Postgraduate,6.0,Online or In Person,2017
545,HIST8010,Biographical Practices,Second Semester,Postgraduate,6.0,Online or In Person,2017
546,HIST8004,Biographical Research Project,First Semester,Postgraduate,12.0,Online or In Person,2017
547,HUMN8009,Biography and Society,,Postgraduate,6.0,In Person,2017
548,MATH2307,Bioinformatics and Biological Modelling,Second Semester,Undergraduate,6.0,In Person,2017
549,MATH6100,Bioinformatics and Biological Modelling,Second Semester,Postgraduate,6.0,In Person,2017
550,BIOL3157,Bioinformatics and Functional Genomics,Second Semester,Undergraduate,6.0,In Person,2017
551,BIOL6243,Bioinformatics and Functional Genomics,Second Semester,Postgraduate,6.0,In Person,2017
552,PSYC2007,Biological Basis of Behaviour,Second Semester,Undergraduate,6.0,In Person,2017
553,PSYC6010,Biological Basis of Behaviour,Second Semester,Postgraduate,6.0,In Person,2017
554,PREP1105,Biology,First Semester/Second Semester,Undergraduate,6.0,In Person,2017
555,BIOL1003,"Biology 1: Evolution, Ecology and Genetics",First Semester,Undergraduate,6.0,In Person,2017
556,BIOL1004,Biology 2: Molecular and Cell Biology,Second Semester,Undergraduate,6.0,In Person,2017
557,BIOL4001,Biology IV Honours,First Semester/Second Semester,Undergraduate,12.0,In Person,2017
558,BIOL8704,Biology Literature Research Project,First Semester/Second Semester,Postgraduate,6.0,Online,2017
559,BIOL3208,Biology Research Project,Summer Session/First Semester/Autumn Session/Winter Session/Second Semester/Spring Session,Undergraduate,6.0,In Person,2017
560,BIOL3209,Biology Research Project,Summer Session/First Semester/Autumn Session/Winter Session/Second Semester/Spring Session,Undergraduate,12.0,In Person,2017
561,BIOL8706,Biology Research Project,First Semester/Second Semester,Postgraduate,6.0,In Person,2017
562,BIOL3191,"Biology, Society and Ethics",Second Semester,Undergraduate,6.0,In Person,2017
563,BIOL6191,"Biology, Society and Ethics",Second Semester,Postgraduate,6.0,In Person,2017
564,ENGN3810,Biomechanics and Biomaterials,First Semester,Undergraduate,6.0,In Person,2017
565,ENGN3820,Biomedical Imaging,First Semester,Undergraduate,6.0,In Person,2017
566,BIOL3106,Biosecurity,Second Semester,Undergraduate,6.0,In Person,2017
567,BIOL6106,Biosecurity,Second Semester,Postgraduate,6.0,In Person,2017
568,STAT8003,Biostatistics,First Semester,Postgraduate,6.0,In Person,2017
569,POPH4101,Biostatistics in Population Health,First Semester/Second Semester,Undergraduate,6.0,Online or In Person,2017
570,POPH8101,Biostatistics in Population Health,First Semester/Second Semester,Postgraduate,6.0,Online or In Person,2017
571,ASTR4002,Black Holes and Cosmology,Second Semester,Undergraduate,6.0,In Person,2017
572,ASTR3002,Black Holes and Cosmology,Second Semester,Undergraduate,6.0,In Person,2017
573,ASTR6002,Black Holes and Cosmology,Second Semester,Postgraduate,6.0,In Person,2017
574,ASIA2167,Borders and their Transgressions in Mainland Southeast Asia,,Undergraduate,6.0,In Person,2017
575,POPH8399,Bound Volume,,Postgraduate,12.0,In Person,2017
576,ARCH2056,Britons and Romans: Archaeology of the Western Roman Empire,,Undergraduate,6.0,In Person,2017
577,ARCH6056,Britons and Romans: The Archaeology of the Western Roman Empire,,Postgraduate,6.0,In Person,2017
578,PHIL2012,Buddhist Philosophy,Second Semester,Undergraduate,6.0,In Person,2017
579,ASIA2251,Buddhist Thought,,Undergraduate,6.0,In Person,2017
580,POLS2009,Bureaucracy and Public Policy,First Semester,Undergraduate,6.0,In Person,2017
581,ASIA2039,Burma/Myanmar - a Country in Crisis,First Semester,Undergraduate,6.0,In Person,2017
582,ASIA6039,Burma/Myanmar: a Country in Crisis,First Semester,Postgraduate,6.0,In Person,2017
583,BURM1002,Burmese 1,First Semester,Undergraduate,6.0,Online or In Person,2017
584,BURM6002,Burmese 1,First Semester,Postgraduate,6.0,Online or In Person,2017
585,BURM6003,Burmese 2,Second Semester,Postgraduate,6.0,Online or In Person,2017
586,BURM1003,Burmese 2,Second Semester,Undergraduate,6.0,Online or In Person,2017
587,BURM2001,Burmese 3,First Semester,Undergraduate,6.0,Online or In Person,2017
588,BURM6101,Burmese 3,First Semester,Postgraduate,6.0,Online or In Person,2017
589,BURM2002,Burmese 4,Second Semester,Undergraduate,6.0,Online or In Person,2017
590,BURM6102,Burmese 4,Second Semester,Postgraduate,6.0,Online or In Person,2017
591,MGMT7031,Business  Project Planning and Management (BPPM): IARU Program 2008,,Postgraduate,6.0,In Person,2017
592,EMET4312,Business & Economic Forecasting,Second Semester,Undergraduate,6.0,In Person,2017
593,INFS8210,Business Analytics for Managers,Second Semester,Postgraduate,6.0,In Person,2017
594,BUSN7057,Business Association Law,First Semester/Second Semester,Postgraduate,6.0,In Person,2017
595,MGMT7001,Business Communication,First Semester,Postgraduate,6.0,In Person,2017
596,MGMT2003,Business Decision Making,First Semester,Undergraduate,6.0,In Person,2017
597,MGMT8242,Business Development Strategies,First Semester,Postgraduate,6.0,In Person,2017
598,ECON8069,Business Economics,First Semester/Second Semester,Postgraduate,6.0,In Person,2017
599,MGMT3016,Business Ethics,Second Semester,Undergraduate,6.0,In Person,2017
600,PAAE8006,Business Ethics,,Postgraduate,6.0,In Person,2017
601,ANUC1001,Business Information Systems,First Semester/Second Semester,Undergraduate,6.0,In Person,2017
602,ASGS1015,Business Information Systems,First Semester,Undergraduate,12.0,In Person,2017
603,INFS1001,Business Information Systems,First Semester/Second Semester,Undergraduate,6.0,In Person,2017
604,INFS4500,Business Information Systems Honours Thesis,First Semester/Second Semester,Undergraduate,6.0,In Person,2017
605,BUSI7152,Business Negotiations and Conflict Resolution,Autumn Session/Second Semester,Postgraduate,6.0,In Person,2017
606,BUSN1001,Business Reporting and Analysis,First Semester/Second Semester,Undergraduate,6.0,In Person,2017
607,BUSN8053,Business Research Methods,,Postgraduate,6.0,In Person,2017
608,STAT1009,Business Statistics,,Undergraduate,6.0,In Person,2017
609,EMET3007,Business and Economic Forecasting,Second Semester,Undergraduate,6.0,In Person,2017
610,EMET8012,Business and Economic Forecasting,Second Semester,Postgraduate,6.0,In Person,2017
611,MGMT3102,Business and its Social Stakeholders,,Undergraduate,6.0,In Person,2017
612,MGMT3101,Business and the Natural Environment,,Undergraduate,6.0,In Person,2017
613,BUSI3028,Business in China,,Undergraduate,6.0,In Person,2017
614,LAWS8254,"Business, Human Rights and Corporate Responsibility",Winter Session,Postgraduate,6.0,Online,2017
615,PAAS9804,CAP Supervised Research Project,,Research,1.0,In Person,2017
616,SPAN6515,"CULTURA, cultura, kultura, Spanish Language and Culture Workshop",Second Semester,Postgraduate,6.0,In Person,2017
617,SPAN2102,"CULTURA, cultura, kultura: Spanish Language and Culture Workshop",Second Semester,Undergraduate,6.0,In Person,2017
618,PREP1106,Calculus,First Semester/Second Semester,Undergraduate,6.0,In Person,2017
619,POGO8089,Campaigns in Politics and Policy,,Postgraduate,6.0,In Person,2017
620,CHIN3201,Cantonese A,First Semester,Undergraduate,6.0,In Person,2017
621,CHIN6201,Cantonese A,First Semester,Postgraduate,6.0,In Person,2017
622,CHIN6202,Cantonese B,Second Semester,Postgraduate,6.0,In Person,2017
623,CHIN3202,Cantonese B,Second Semester,Undergraduate,6.0,In Person,2017
624,CHIN6203,Cantonese C,,Postgraduate,6.0,In Person,2017
625,CHIN3203,Cantonese C,,Undergraduate,6.0,In Person,2017
626,FINM7014,Capital Raising,,Postgraduate,3.0,In Person,2017
627,MGMT2005,Career Planning and Management,First Semester,Undergraduate,6.0,In Person,2017
628,STST2099,Cartographies of Security: Critical Security Studies and International Politics,,Undergraduate,0.0,In Person,2017
629,ARTV2016,Cartographies: Art Exploration and Knowledge,,Undergraduate,6.0,In Person,2017
630,ARTV6806,Cartographies: Art Exploration and Knowledge,,Postgraduate,6.0,In Person,2017
631,MGMT8041,Case Studies in Advanced Strategic Analysis,,Postgraduate,6.0,In Person,2017
632,IDEC8023,Case Studies in Applied Econometrics,First Semester,Postgraduate,6.0,In Person,2017
633,EMET8002,Case Studies in Applied Economic Analysis and Econometrics,Second Semester,Postgraduate,6.0,In Person,2017
634,POGO8055,Case Studies in Decision Making,Winter Session,Postgraduate,6.0,In Person,2017
635,DIPL8003,Case Studies in Diplomacy,Autumn Session,Postgraduate,6.0,In Person,2017
636,POGO8210,Case Studies in Economic Policy,Second Semester,Postgraduate,6.0,In Person,2017
637,CHIN6041,Case Studies in Translation: Chinese/English,Second Semester,Postgraduate,6.0,In Person,2017
638,CHIN3041,Case Studies in Translation: Chinese/English,Second Semester,Undergraduate,6.0,In Person,2017
639,POGO8122,Case Study In Public Sector Management B,,Postgraduate,6.0,In Person,2017
640,CHEM3206,Catalysis in Chemistry,Second Semester,Undergraduate,6.0,In Person,2017
641,BIOL2117,Cell Biology,Second Semester,Undergraduate,6.0,In Person,2017
642,BIOL6117,Cell Biology,Second Semester,Postgraduate,6.0,In Person,2017
643,BIOL6174,Cell Physiology in Health and Disease,Second Semester,Postgraduate,6.0,In Person,2017
644,BIOL2174,Cell Physiology in Health and Disease,Second Semester,Undergraduate,6.0,In Person,2017
645,NEUR3101,Cellular Neuroscience,First Semester,Undergraduate,6.0,In Person,2017
646,NEUR6101,Cellular Neuroscience,First Semester,Postgraduate,6.0,In Person,2017
647,MEAS8103,Central Asia in Regional and Global Perspectives,,Postgraduate,6.0,In Person,2017
648,MEAS4103,Central Asia in Regional and Global Perspectives,,Undergraduate,6.0,In Person,2017
649,ARTV2121,Ceramic Making and Surfacing,,Undergraduate,6.0,In Person,2017
650,DESA2106,Ceramics Design: Glaze & Colour Development,,Undergraduate,6.0,In Person,2017
651,DESA2109,Ceramics Design: Public & Private Commissioning,Second Semester,Undergraduate,6.0,In Person,2017
652,DESA2110,Ceramics Design: Surface Decorating & Application,,Undergraduate,6.0,In Person,2017
653,DESA2108,Ceramics Design: Working Large,Second Semester,Undergraduate,6.0,In Person,2017
654,ARTV2122,Ceramics Exploration of a Thrown Form.,,Undergraduate,6.0,In Person,2017
655,ARTV2125,"Ceramics: Design, Process & Mould Making",First Semester,Undergraduate,6.0,In Person,2017
656,ARTV2117,Ceramics: Glaze & Colour Development,Autumn Session,Undergraduate,6.0,In Person,2017
657,ARTV2118,Ceramics: Kilns & Firing,,Undergraduate,6.0,In Person,2017
658,ARTV1101,Ceramics: Materials & Technology,Second Semester,Undergraduate,6.0,In Person,2017
659,ARTV2120,Ceramics: Public & Private Commissioning,Second Semester,Undergraduate,6.0,In Person,2017
660,ARTV2124,Ceramics: Surface Decorating & Application,First Semester,Undergraduate,6.0,In Person,2017
661,ARTV1102,Ceramics: Throwing & Surface Decoration,First Semester,Undergraduate,6.0,In Person,2017
662,ARTV2119,Ceramics: Working Large,Second Semester,Undergraduate,6.0,In Person,2017
663,POGO8115,Challenging the Global Food Trading Regime,First Semester,Postgraduate,6.0,In Person,2017
664,CHEM2211,Chemical Biology 1,First Semester,Undergraduate,6.0,In Person,2017
665,CHEM2208,Chemical Biology 2,Second Semester,Undergraduate,6.0,In Person,2017
666,CHEM2202,Chemical Structure and Reactivity 1,First Semester,Undergraduate,6.0,In Person,2017
667,CHEM2203,Chemical Structure and Reactivity 2,Second Semester,Undergraduate,6.0,In Person,2017
668,PREP1107,Chemistry,First Semester/Second Semester,Undergraduate,6.0,In Person,2017
669,CHEM1101,Chemistry 1,First Semester,Undergraduate,6.0,In Person,2017
670,CHEM1201,Chemistry 2,Second Semester,Undergraduate,6.0,In Person,2017
671,CHEM4005,Chemistry IV Honours (S),First Semester/Second Semester,Undergraduate,12.0,In Person,2017
672,CHEM8001,Chemistry Special Topics,,Postgraduate,6.0,In Person,2017
673,EMSC2015,Chemistry of Planet Earth,Second Semester,Undergraduate,6.0,In Person,2017
674,EMSC4015,Chemistry of Planet Earth,Second Semester,Undergraduate,6.0,In Person,2017
675,EMSC6015,Chemistry of Planet Earth,Second Semester,Postgraduate,6.0,In Person,2017
676,LING3021,Child Language Acquisition,Second Semester,Undergraduate,6.0,In Person,2017
677,LING6521,Child Language Acquisition,Second Semester,Postgraduate,6.0,Blended,2017
678,ASIA2014,"China Now: Discourse, Media and Culture",,Undergraduate,6.0,In Person,2017
679,ASIA6014,"China Now: Discourse, Media and Culture",,Postgraduate,6.0,In Person,2017
680,POGO8211,China and the World,,Postgraduate,6.0,In Person,2017
681,CHIN9513P,China in the World PhD,,Research,0.0,In Person,2017
682,CHIN9513F,China in the World PhD,,Research,0.0,In Person,2017
683,CHIN9050F,China in the World PhD Students Enrolments,,Research,0.0,In Person,2017
684,CHIN9510F,China in the World PhD Students Enrolments,,Research,0.0,In Person,2017
685,CHIN9510P,China in the World PhD Students Enrolments,,Research,0.0,In Person,2017
686,CHIN9050P,China in the World PhD Students Enrolments,,Research,0.0,In Person,2017
687,CHIN9540F,China in the World PhD Students Enrolments,,Research,0.0,In Person,2017
688,CHIN9540P,China in the World PhD Students Enrolments,,Research,0.0,In Person,2017
689,STST8013,China's Defence and Strategic Challenges,Spring Session,Postgraduate,6.0,In Person,2017
690,INTR2012,China's New Approaches to Asia Pacific Security,Second Semester,Undergraduate,6.0,In Person,2017
691,CRWF8015,"China, India and the Future of Asia",,Postgraduate,6.0,In Person,2017
692,INTR8060,China: Global Engagement and Domestic Transformation,Second Semester,Postgraduate,6.0,In Person,2017
693,ASIA8514,China: Wealth and Power,First Semester,Postgraduate,6.0,Online or In Person,2017
694,ASIA9513,China: the Big Questions,,Postgraduate,6.0,Online or In Person,2017
695,ASIA8513,China: the Big Questions,,Postgraduate,6.0,Online or In Person,2017
696,ASIA2073,Chinese Calligraphy: History and Practice,Winter Session,Undergraduate,6.0,In Person,2017
697,ASIA6073,Chinese Calligraphy: History and Practice,,Postgraduate,6.0,In Person,2017
698,LAWS4276,Chinese Law and Society,,Undergraduate,6.0,In Person,2017
699,LING2017,Chinese Linguistics,,Undergraduate,6.0,In Person,2017
700,LING6017,Chinese Linguistics,,Postgraduate,6.0,In Person,2017
701,ASIA2003,Chinese Literature,Second Semester,Undergraduate,6.0,In Person,2017
702,ASIA2054,Chinese Philosophy: Creation and Development,,Undergraduate,6.0,In Person,2017
703,CHIN1202,Chinese Secondary Extension - Continuing,First Semester/Second Semester,Undergraduate,6.0,In Person,2017
704,EXTN1003A,Chinese Secondary Extension - Continuing A,Autumn Session,Undergraduate,0.0,In Person,2017
705,EXTN1003B,Chinese Secondary Extension - Continuing B,Autumn Session,Undergraduate,6.0,In Person,2017
706,INTR8074,Chinese Thinking on International Relations,Second Semester,Postgraduate,6.0,In Person,2017
707,CHIN3216,Chinese-English Interpreting,First Semester,Undergraduate,6.0,In Person,2017
708,CHIN6216,Chinese-English Interpreting: Methodology and Practice,First Semester,Postgraduate,6.0,In Person,2017
709,FILM6013,Cinema from the Spanish-speaking World,,Postgraduate,6.0,In Person,2017
710,FILM2013,Cinema from the Spanish-speaking World,,Undergraduate,6.0,In Person,2017
711,SPAN2107,Cinema from the Spanish-speaking World,,Undergraduate,6.0,In Person,2017
712,SPAN6517,Cinema from the Spanish-speaking World,,Postgraduate,6.0,In Person,2017
713,LAWS8175,Citizenship Law in Context,,Postgraduate,6.0,In Person,2017
714,ARTV6807,City Sites: Studies in Art and Urbanity,,Postgraduate,6.0,In Person,2017
715,ARTV2056,City Sites: studies in art and urbanity,,Undergraduate,6.0,In Person,2017
716,LEGW8104,Civil Practice,,Postgraduate,6.0,In Person,2017
717,ASIA2053,Civil Wars and Civil Peace,,Undergraduate,6.0,In Person,2017
718,LAWS8247,Civil and Political Rights,,Postgraduate,6.0,In Person,2017
719,NSPO8010,Civil-Military Relations,Spring Session,Postgraduate,6.0,In Person,2017
720,POLS8021,Civilian Protection in Conflict and Post-Conflict Zones,,Postgraduate,6.0,In Person,2017
721,HIST1214,Clash of Empires: 1450 to the Present,First Semester,Undergraduate,6.0,In Person,2017
722,ECHI8011,Classic Works of Economic Theory,,Postgraduate,6.0,In Person,2017
723,ECHI4211,Classic Works of Economic Theory,,Undergraduate,6.0,In Person,2017
724,PHYS2201,Classical Mechanics,,Undergraduate,6.0,In Person,2017
725,SOCY2040,Classical Social Theory,,Undergraduate,6.0,In Person,2017
726,CLAS4006,Classics Methods and Evidence,First Semester,Undergraduate,12.0,In Person,2017
727,CLAS8019,Classics Methods and Evidence,First Semester,Postgraduate,12.0,In Person,2017
728,ASGS1002,Clear Thinking and Reasoning,,Undergraduate,6.0,In Person,2017
729,ENVS3020,Climate Change Science & Policy,Second Semester,Undergraduate,6.0,In Person,2017
730,ENVS6307,Climate Change Science & Policy,Second Semester,Postgraduate,6.0,Blended,2017
731,ENVS3001,Climate Change Science & Policy in Practice,,Undergraduate,6.0,In Person,2017
732,ENVS6301,Climate Change Science & Policy in Practice,,Postgraduate,6.0,In Person,2017
733,ENVS8005,Climate Change Science: Carbon Accounting,,Postgraduate,6.0,Online,2017
734,ENVS8003,Climate Change Vulnerability and Adaptation,Spring Session,Postgraduate,6.0,In Person,2017
735,LAWS8008,Climate Change and Displacement,,Postgraduate,6.0,In Person,2017
736,LAWS4274,Climate Law,Autumn Session,Undergraduate,6.0,In Person,2017
737,ENVS6303,Climatology,,Postgraduate,6.0,In Person,2017
738,ENVS3013,Climatology,,Undergraduate,6.0,In Person,2017
739,PSYC8101,Clinical Coursework I,First Semester/Winter Session,Postgraduate,12.0,In Person,2017
740,PSYC8102,Clinical Coursework II,Second Semester,Postgraduate,12.0,In Person,2017
741,PSYC8103,Clinical Coursework III,First Semester/Winter Session,Postgraduate,12.0,In Person,2017
742,PSYC8104,Clinical Coursework IV,Autumn Session/Second Semester,Postgraduate,12.0,In Person,2017
743,MEDI4003,Clinical Experience Final Year Medical Students,Summer Session/First Semester/Autumn Session/Winter Session/Second Semester/Spring Session,Undergraduate,0.0,In Person,2017
744,PSYC8201,Clinical Field Placement I,First Semester,Postgraduate,6.0,In Person,2017
745,PSYC8202,Clinical Field Placement II,First Semester/Second Semester,Postgraduate,6.0,In Person,2017
746,PSYC8203,Clinical Field Placement III,First Semester/Second Semester,Postgraduate,6.0,In Person,2017
747,PSYC8204,Clinical Field Placement IV,First Semester/Second Semester,Postgraduate,6.0,In Person,2017
748,PSYC9312,Clinical Research Extension,First Semester/Second Semester,Postgraduate,3.0,In Person,2017
749,PSYC8301,Clinical Research I,First Semester/Second Semester,Postgraduate,6.0,In Person,2017
750,PSYC8302,Clinical Research II,First Semester/Second Semester,Postgraduate,6.0,In Person,2017
751,PSYC8303,Clinical Research III,First Semester/Second Semester,Postgraduate,6.0,In Person,2017
752,PSYC8304,Clinical Research IV,First Semester/Second Semester,Postgraduate,6.0,In Person,2017
753,MEDI8101,Clinical Sports Injury Management 1,,Postgraduate,9.0,In Person,2017
754,MEDI8102,Clinical Sports Injury Management 2,,Postgraduate,9.0,In Person,2017
755,LAWS4267,Clinical Youth Law Program,First Semester/Second Semester,Undergraduate,6.0,In Person,2017
756,ENGL1014,Close Encounters: How to Read Literature,First Semester,Undergraduate,6.0,In Person,2017
757,ANUC1109,Close Encounters: How to Read Literature,First Semester,Undergraduate,6.0,In Person,2017
758,EMSC3028,Coastal Environmental Earth Science,,Undergraduate,6.0,In Person,2017
759,EMSC4028,Coastal Environmental Earth Science,,Undergraduate,6.0,In Person,2017
760,EMSC6028,Coastal Environmental Earth Science,,Postgraduate,6.0,In Person,2017
761,PSYC2008,Cognition,Second Semester,Undergraduate,6.0,In Person,2017
762,PSYC3029,Cognitive and Clinical Neuropsychology,,Undergraduate,6.0,In Person,2017
763,PSYC6030,Cognitive and Clinical Neuropsychology,,Postgraduate,6.0,In Person,2017
764,CBEA3001,College of Business and Economics Special Industry Project,First Semester/Second Semester,Undergraduate,6.0,In Person,2017
765,HIST8015,Colonial Australia in an Imperial World,First Semester,Postgraduate,6.0,Online or In Person,2017
766,STST8117,Command and Leadership,Spring Session,Postgraduate,12.0,In Person,2017
767,COMM4004F,Commerce IV Honours (S),First Semester/Second Semester,Undergraduate,12.0,In Person,2017
768,COMM4004P,Commerce IV Honours (S),First Semester/Second Semester,Undergraduate,12.0,In Person,2017
769,BUSN8801,Commerce Research Report,First Semester/Second Semester,Postgraduate,6.0,In Person,2017
770,LAWS8131,Commercial Drafting,First Semester,Postgraduate,6.0,Online,2017
771,LAWS8298,Commercial Equity,,Postgraduate,6.0,In Person,2017
772,LAWS8140,Commercial Law,,Postgraduate,6.0,In Person,2017
773,LAWS4210,Commercial Law,First Semester,Undergraduate,6.0,In Person,2017
774,BUSN7052,Commercial Law,First Semester/Second Semester,Postgraduate,6.0,In Person,2017
775,LEGW8105,Commercial Practice,,Postgraduate,6.0,In Person,2017
776,LAWS8156,Commonwealth Compensation Law,Second Semester,Postgraduate,6.0,Online,2017
777,LAWS2202,Commonwealth Constitutional Law,Second Semester,Undergraduate,6.0,In Person,2017
778,LAWS6202,Commonwealth Constitutional Law,Second Semester,Postgraduate,6.0,In Person,2017
779,LAWS8117,Commonwealth Environmental Law,,Postgraduate,6.0,Online,2017
780,SCOM8014,Communicating Science with the Public,First Semester,Postgraduate,6.0,In Person,2017
781,SCOM4014,Communicating Science with the Public,First Semester,Undergraduate,6.0,In Person,2017
782,SCOM8714,Communicating Science with the Public (Hong Kong),Summer Session,Postgraduate,6.0,Blended,2017
783,MGMT2100,Communication for Business,First Semester/Second Semester,Undergraduate,6.0,In Person,2017
784,COMP8701,Communication for Computing Professionals I,,Postgraduate,6.0,In Person,2017
785,COMP8705,Communication for Computing Professionals II,,Postgraduate,6.0,In Person,2017
786,ASGS1003,Communications,,Undergraduate,6.0,In Person,2017
787,LAWS4268,Community Law Clinical Program,First Semester/Second Semester,Undergraduate,6.0,In Person,2017
788,POGO8099,Community and Social Policy,,Postgraduate,6.0,In Person,2017
789,BUSN2015,Company Accounting,First Semester/Second Semester,Undergraduate,6.0,In Person,2017
790,LAWS8016,Comparative Constitutional Law,Winter Session,Postgraduate,6.0,In Person,2017
791,CRIM2008,Comparative Criminology: Punishment in Australia and Across the Globe,First Semester,Undergraduate,6.0,In Person,2017
792,POLS3031,Comparative Judicial Politics,Spring Session,Undergraduate,6.0,In Person,2017
793,LAWS2272,Comparative Law,,Undergraduate,6.0,In Person,2017
794,LAWS8654,Comparative Migration Law,First Semester,Postgraduate,6.0,Online,2017
795,LAWS8018,Comparative National Security Law,Autumn Session,Postgraduate,6.0,In Person,2017
796,LAWS4241,Comparative National and International Security Law: Australian and US Perspectives,,Undergraduate,6.0,In Person,2017
797,BIOL2115,Comparative Physiology,Second Semester,Undergraduate,6.0,In Person,2017
798,BIOL6115,Comparative Physiology,Second Semester,Postgraduate,6.0,In Person,2017
799,POLS3034,Comparative Political Parties and Party Systems,,Undergraduate,6.0,In Person,2017
800,ASIA2065,Comparative Politics (Asia Pacific),Second Semester,Undergraduate,6.0,In Person,2017
801,ASIA9077,Comparative Politics of Asia & the Pacific,Second Semester,Postgraduate,6.0,In Person,2017
802,ASIA8017,Comparative Politics of Asia & the Pacific,Second Semester,Postgraduate,6.0,In Person,2017
803,POGO8032,Comparative Public Sector Management,Spring Session,Postgraduate,6.0,In Person,2017
804,LAWS4287,Comparative land law in Asia,Summer Session,Undergraduate,6.0,In Person,2017
805,LAWS6255,Competition Law,,Postgraduate,6.0,Online,2017
806,LAWS8154,Competition Law,,Postgraduate,6.0,In Person,2017
807,LAWS4255,Competition Law,Second Semester,Undergraduate,6.0,In Person,2017
808,ECON8055,Competition Policy and the Economics of Regulation,,Postgraduate,6.0,In Person,2017
809,ECON3155,Competition Policy and the Economics of Regulation (H),,Undergraduate,6.0,In Person,2017
810,ECON3055,Competition Policy and the Economics of Regulation (P),,Undergraduate,6.0,In Person,2017
811,MATH6213,Complex Analysis,Second Semester,Postgraduate,6.0,In Person,2017
812,ENVS3040,Complex Environmental Problems in Action,Second Semester,Undergraduate,6.0,In Person,2017
813,ENVS6025,Complex Environmental Problems in Action,Second Semester,Postgraduate,6.0,In Person,2017
814,ENGN4511,Composite Materials,Second Semester,Undergraduate,6.0,In Person,2017
815,ENGN6511,Composite Materials,Second Semester,Postgraduate,6.0,In Person,2017
816,MUSI2226,Composition for Film and Video Games,Second Semester,Undergraduate,6.0,In Person,2017
817,MUSI1111,"Composition, Arranging, and Sound Design 1",First Semester,Undergraduate,6.0,In Person,2017
818,MUSI1112,"Composition, Arranging, and Sound Design 2",Second Semester,Undergraduate,6.0,In Person,2017
819,MUSI2223,"Composition, Arranging, and Sound Design 3",First Semester,Undergraduate,6.0,In Person,2017
820,MUSI2224,"Composition, Arranging, and Sound Design 4",Second Semester,Undergraduate,6.0,In Person,2017
821,MUSI3314,"Composition, Arranging, and Sound Design 5",First Semester,Undergraduate,6.0,In Person,2017
822,MUSI3315,"Composition, Arranging, and Sound Design 6",Second Semester,Undergraduate,6.0,In Person,2017
823,MATH8020,Computational Science,,Postgraduate,6.0,In Person,2017
824,COMP6461,Computer Graphics,Second Semester,Postgraduate,6.0,In Person,2017
825,COMP4610,Computer Graphics,Second Semester,Undergraduate,6.0,In Person,2017
826,COMP3310,Computer Networks,,Undergraduate,6.0,In Person,2017
827,COMP6331,Computer Networks,,Postgraduate,6.0,In Person,2017
828,COMP2300,Computer Organisation and Program Execution,First Semester,Undergraduate,6.0,In Person,2017
829,COMP6300,Computer Organisation and Program Execution,First Semester,Postgraduate,6.0,In Person,2017
830,COMP3820,Computer Science & Software Engineering Internship,Summer Session/First Semester/Autumn Session/Winter Session/Second Semester/Spring Session,Undergraduate,6.0,In Person,2017
831,COMP4006,Computer Science Honours,,Undergraduate,24.0,In Person,2017
832,COMP4005F,Computer Science IV Honours,,Undergraduate,12.0,In Person,2017
833,COMP4005P,Computer Science IV Honours,,Undergraduate,12.0,In Person,2017
834,ENGN4528,Computer Vision,First Semester,Undergraduate,6.0,In Person,2017
835,ENGN6528,Computer Vision,First Semester,Postgraduate,6.0,In Person,2017
836,COMP6301,Computing Foundations for Cyber Security,,Postgraduate,6.0,Blended,2017
837,ASGS1004,Computing Fundamentals,,Undergraduate,6.0,In Person,2017
838,COMP8715,Computing Project,Summer Session/First Semester/Second Semester,Postgraduate,6.0,In Person,2017
839,COMP8800,Computing Research Project,First Semester/Second Semester,Postgraduate,12.0,In Person,2017
840,ENGN2219,Computing for Engineering Simulation,First Semester,Undergraduate,6.0,In Person,2017
841,COMP6719,Computing for Engineering Simulation,First Semester,Postgraduate,6.0,In Person,2017
842,PHYS3032,Condensed Matter Physics,Second Semester,Undergraduate,6.0,In Person,2017
843,INTR8052,Conflict Resolution and Peace Building,,Postgraduate,12.0,In Person,2017
844,POLS8024,Conflict Resolution and Peace Studies,,Postgraduate,6.0,In Person,2017
845,POGO8003,Conflict and Development,,Postgraduate,6.0,In Person,2017
846,ANTH8043,Conflict and Development in the Pacific,Winter Session,Postgraduate,12.0,Online or In Person,2017
847,LAWS4212,Conflict of Laws,First Semester,Undergraduate,6.0,In Person,2017
848,LAWS8144,Conflict of Laws,Spring Session,Postgraduate,6.0,In Person,2017
849,LAWS8578,Constitutionalism in the Global South,,Postgraduate,6.0,In Person,2017
850,MKTG2031,Consumer Behaviour,First Semester,Undergraduate,6.0,In Person,2017
851,MKTG7050,Consumer Behaviour and Analysis,First Semester,Postgraduate,6.0,In Person,2017
852,LEGW8135,Consumer Law Practice,Autumn Session/Spring Session,Postgraduate,3.0,Online,2017
853,LAWS4259,Consumer Protection and Product Liability Law,Winter Session,Undergraduate,6.0,In Person,2017
854,ANTH8101,Contemporary Anthropological Theory,Autumn Session,Postgraduate,12.0,In Person,2017
855,ANTH8108,Contemporary Anthropological Theory,,Postgraduate,12.0,In Person,2017
856,ANTH9101,Contemporary Anthropological Theory,Autumn Session,Postgraduate,12.0,In Person,2017
857,ARTV2053,Contemporary Asian Art,Second Semester,Undergraduate,6.0,In Person,2017
858,ARTV6053,Contemporary Asian Art,Second Semester,Postgraduate,6.0,In Person,2017
859,ARTV6007,Contemporary Australian Art,,Postgraduate,6.0,In Person,2017
860,ARTV2017,Contemporary Australian Art,,Undergraduate,6.0,In Person,2017
861,INDG2002,Contemporary Australian Indigenous Music Studies,,Undergraduate,6.0,In Person,2017
862,ENGL2011,Contemporary Australian Writing,First Semester,Undergraduate,6.0,In Person,2017
863,ENGL6025,Contemporary Australian Writing,First Semester,Postgraduate,6.0,In Person,2017
864,DIPL8002,Contemporary Challenges in Diplomacy,Second Semester,Postgraduate,12.0,In Person,2017
865,SOCY2061,Contemporary Chinese Society,,Undergraduate,6.0,In Person,2017
866,ANTH8103,Contemporary Development Theory,Summer Session/Autumn Session/Winter Session/Spring Session,Postgraduate,12.0,In Person,2017
867,GERM2020,Contemporary German Society,,Undergraduate,6.0,In Person,2017
868,GERM3020,Contemporary German Society,,Undergraduate,6.0,In Person,2017
869,BUSN7005,Contemporary Issues in Accounting,First Semester/Second Semester,Postgraduate,6.0,In Person,2017
870,LAWS8271,Contemporary Issues in Administrative Law,,Postgraduate,6.0,In Person,2017
871,STST8033,Contemporary Issues in Australian Defence Policy,First Semester/Second Semester,Postgraduate,6.0,In Person,2017
872,LAWS4213,Contemporary Issues in Constitutional Law,,Undergraduate,6.0,In Person,2017
873,LAWS8128,Contemporary Issues in Constitutional Law,,Postgraduate,6.0,In Person,2017
874,INTR8055,Contemporary Issues in International Political Economy,,Postgraduate,6.0,In Person,2017
875,INTR8066,Contemporary Issues in International Relations,,Postgraduate,12.0,In Person,2017
876,MEAS8126,Contemporary Issues in Islamic Banking,,Postgraduate,6.0,In Person,2017
877,LAWS8653,Contemporary Issues in Migration Law,First Semester,Postgraduate,6.0,Online,2017
878,POPH8104,Contemporary Issues in Public Health,Second Semester,Postgraduate,6.0,In Person,2017
879,PHIL2060,Contemporary Metaphysics,,Undergraduate,6.0,In Person,2017
880,ENVS8016,Contemporary Perspectives in Environment-Society Interaction,Second Semester,Postgraduate,6.0,In Person,2017
881,ENVS8015,Contemporary Perspectives in Environmental Science,First Semester,Postgraduate,6.0,In Person,2017
882,POLS3025,Contemporary Political Analysis,Second Semester,Undergraduate,6.0,In Person,2017
883,POLS2063,Contemporary Political Theory,Second Semester,Undergraduate,6.0,In Person,2017
884,POLS3030,Contemporary Politics of Brazil,,Undergraduate,6.0,Online or In Person,2017
885,SOCY2161,Contemporary Social Theory,First Semester,Undergraduate,6.0,In Person,2017
886,GREK1102,Continuing Ancient Greek,Second Semester,Undergraduate,6.0,In Person,2017
887,GREK6112,Continuing Ancient Greek,Second Semester,Postgraduate,6.0,In Person,2017
888,GREK2119,Continuing Ancient Greek (L),Second Semester,Undergraduate,6.0,In Person,2017
889,FREN2024,Continuing French I,First Semester,Undergraduate,6.0,In Person,2017
890,FREN6503,Continuing French I,First Semester,Postgraduate,6.0,In Person,2017
891,FREN2025,Continuing French II,Second Semester,Undergraduate,6.0,In Person,2017
892,FREN6504,Continuing French II,Second Semester,Postgraduate,6.0,In Person,2017
893,LATN6002,Continuing Latin,Second Semester,Postgraduate,6.0,In Person,2017
894,LATN1102,Continuing Latin,Second Semester,Undergraduate,6.0,In Person,2017
895,LATN2119,Continuing Latin (L),Second Semester,Undergraduate,6.0,In Person,2017
896,PORT2001,Continuing Portuguese I,,Undergraduate,6.0,In Person,2017
897,PORT6503,Continuing Portuguese I,,Postgraduate,6.0,In Person,2017
898,PORT2002,Continuing Portuguese II,,Undergraduate,6.0,In Person,2017
899,PORT6504,Continuing Portuguese II,,Postgraduate,6.0,In Person,2017
900,SPAN6503,Continuing Spanish I,First Semester,Postgraduate,6.0,In Person,2017
901,SPAN2001,Continuing Spanish I,First Semester,Undergraduate,6.0,In Person,2017
902,SPAN2002,Continuing Spanish II,Second Semester,Undergraduate,6.0,In Person,2017
903,SPAN6504,Continuing Spanish II,Second Semester,Postgraduate,6.0,In Person,2017
904,FINM3003,Continuous Time Finance,First Semester,Undergraduate,6.0,In Person,2017
905,FINM7003,Continuous Time Finance,First Semester,Postgraduate,6.0,In Person,2017
906,LAWS6104,Contracts,First Semester/Second Semester,Postgraduate,6.0,In Person,2017
907,LAWS1204,Contracts,Second Semester,Undergraduate,6.0,In Person,2017
908,ENGN3223,Control Systems,Second Semester,Undergraduate,6.0,In Person,2017
909,ENGN6223,Control Systems,Second Semester,Postgraduate,6.0,In Person,2017
910,CRIM2003,Controversies in Crime Control,Second Semester,Undergraduate,6.0,In Person,2017
911,CRIM6003,Controversies in Crime Control,Second Semester,Postgraduate,6.0,In Person,2017
912,HIST6128,"Convicts and Emigrants: Australia, 1770s to 1870s",Second Semester,Postgraduate,6.0,In Person,2017
913,HIST2128,Convicts and Settlers: Australia 1770s to 1870s,Second Semester,Undergraduate,6.0,In Person,2017
914,STST1003,Coping with Crisis: The Practice of International Security,Second Semester,Undergraduate,6.0,In Person,2017
915,EMSC3019,Coral Reef Field Studies,Spring Session,Undergraduate,6.0,In Person,2017
916,EMSC6119,Coral Reef Field Studies,Spring Session,Postgraduate,6.0,In Person,2017
917,BUSN7050,Corporate Accounting,First Semester/Second Semester,Postgraduate,6.0,In Person,2017
918,LAWS8110,Corporate Environmental Responsibility,Autumn Session,Postgraduate,6.0,In Person,2017
919,BUSI8015,Corporate Finance,,Postgraduate,6.0,In Person,2017
920,FINM2001,Corporate Finance,First Semester/Second Semester,Undergraduate,6.0,In Person,2017
921,BUSN7049,Corporate Financial Reporting,First Semester,Postgraduate,6.0,In Person,2017
922,BUSN4045,Corporate Governance,,Undergraduate,6.0,In Person,2017
923,BUSN7045,Corporate Governance,First Semester,Postgraduate,6.0,In Person,2017
924,BUSN8145,Corporate Governance: Research Preparation,First Semester,Postgraduate,6.0,In Person,2017
925,BUSN3017,"Corporate Social Responsibility, Accountability and Reporting",Second Semester,Undergraduate,6.0,In Person,2017
926,MGMT3015,Corporate Strategy,First Semester,Undergraduate,6.0,In Person,2017
927,MGMT7102,Corporate Strategy,,Postgraduate,6.0,In Person,2017
928,MGMT2001,Corporate Sustainability,First Semester,Undergraduate,6.0,In Person,2017
929,FINM3005,Corporate Valuation,First Semester/Second Semester,Undergraduate,6.0,In Person,2017
930,FINM8013,Corporate and Behavioural Finance,,Postgraduate,6.0,In Person,2017
931,LAWS2203,Corporations Law,First Semester,Undergraduate,6.0,In Person,2017
932,LAWS6203,Corporations Law,First Semester,Postgraduate,6.0,In Person,2017
933,POGO8076,Corruption and Anti-corruption,Winter Session,Postgraduate,6.0,In Person,2017
934,CRIM3002,Corruption in Sport,First Semester,Undergraduate,6.0,Blended,2017
935,CRIM2009,Corruption in our world,,Undergraduate,6.0,In Person,2017
936,CRIM6009,Corruption in our world,,Postgraduate,6.0,In Person,2017
937,ECON4418,Cost Benefit Analysis,Second Semester,Undergraduate,6.0,In Person,2017
938,ECON8018,Cost-Benefit Analysis,Second Semester,Postgraduate,6.0,In Person,2017
939,IDEC8088,Cost-Benefit Analysis: Principles and Practice,First Semester,Postgraduate,6.0,In Person,2017
940,ECON2133,Cost-benefit Analysis,Second Semester,Undergraduate,6.0,In Person,2017
941,ARTV2055,"Costume, Fashion and Visual Culture",Winter Session,Undergraduate,6.0,In Person,2017
942,LAWS8067,"Courts, Justice & Development",,Postgraduate,6.0,In Person,2017
943,ARTV3030,Craft & Design Extended Investigations,,Undergraduate,6.0,In Person,2017
944,DESA3004,Craft and Design Major 7: Designing Through Making,First Semester,Undergraduate,6.0,In Person,2017
945,ARTV3028,Craft and Design Major 7: Developing A Visual Arts Practice,First Semester,Undergraduate,6.0,In Person,2017
946,DESA3005,Craft and Design Major 8: Developing a Design Practice,Second Semester,Undergraduate,6.0,In Person,2017
947,ARTV3029,Craft and Design Major 8: Resolving a Body of Original Work,Second Semester,Undergraduate,6.0,In Person,2017
948,ARTV2039,Craft and Design Practice-led Research,,Undergraduate,6.0,In Person,2017
949,VCPG6004,Creating Impact,First Semester,Postgraduate,6.0,In Person,2017
950,VCUG2004,Creating Impact,First Semester,Undergraduate,6.0,In Person,2017
951,VCUG2001,Creating Knowledge,Second Semester,Undergraduate,6.0,In Person,2017
952,DESN6003,Creative Data Visualisation: Representing Data in Visual and Material Form,,Postgraduate,6.0,In Person,2017
953,DESN2003,Creative Data Visualisation: Representing Data in Visual and Material Form,,Undergraduate,6.0,In Person,2017
954,MUSI4404,Creative Practice as Research,First Semester,Undergraduate,6.0,In Person,2017
955,ENGL4021,"Creative Reading: Topics in Theory, Methodology and Interpretation",First Semester,Undergraduate,6.0,Online or In Person,2017
956,ENGL8021,"Creative Reading: Topics in Theory, Methodology and Interpretation",First Semester,Postgraduate,6.0,Online or In Person,2017
957,ENGL2077,Creative Writing 2: Story to Script,,Undergraduate,6.0,In Person,2017
958,ENGL6026,Creative Writing 3 Advanced Fiction,,Postgraduate,6.0,In Person,2017
959,ENGL2078,Creative Writing 3: Advanced Fiction,,Undergraduate,6.0,In Person,2017
960,MGMT7193,Creativity and Management,,Postgraduate,6.0,In Person,2017
961,STAT4036,Credibility Theory,Second Semester,Undergraduate,6.0,In Person,2017
962,STAT8036,Credibility Theory,Second Semester,Postgraduate,6.0,In Person,2017
963,STAT3036,Credibility Theory,Second Semester,Undergraduate,6.0,In Person,2017
964,HIST6232,Crime and Justice: Historical Dilemmas,,Postgraduate,6.0,In Person,2017
965,HIST2232,Crime and Justice: Historical Dilemmas,,Undergraduate,6.0,In Person,2017
966,CRIM6001,Criminal Behaviour,Second Semester,Postgraduate,6.0,In Person,2017
967,CRIM3001,Criminal Behaviour,Second Semester,Undergraduate,6.0,In Person,2017
968,LAWS4214,Criminal Justice,First Semester,Undergraduate,6.0,In Person,2017
969,LAWS8703,Criminal Law & Procedure & Evidence A,Summer Session/Autumn Session/Winter Session,Postgraduate,8.0,Online,2017
970,LAWS8704,Criminal Law & Procedure & Evidence B,Autumn Session/Winter Session,Postgraduate,8.0,Online,2017
971,LAWS6106,Criminal Law and Procedure,First Semester,Postgraduate,6.0,In Person,2017
972,LAWS1206,Criminal Law and Procedure,First Semester,Undergraduate,6.0,In Person,2017
973,LEGW8106,Criminal Practice,Summer Session/Autumn Session/Winter Session/Spring Session,Postgraduate,3.0,In Person,2017
974,LAWS8320,Critical Approaches to International Law,,Postgraduate,6.0,In Person,2017
975,POLS8030,Critical Concepts in Nuclear Politics,,Postgraduate,6.0,In Person,2017
976,ANTH8038,Critical Issues in Gender and Development,First Semester,Postgraduate,6.0,Online or In Person,2017
977,ANTH8039,Critical Issues in Gender and Development (Advanced),First Semester,Postgraduate,12.0,Online or In Person,2017
978,LAWS4288,Critical Legal Theory,Second Semester,Undergraduate,6.0,In Person,2017
979,PREP1108,Critical Thinking and Reasoning,First Semester/Second Semester,Undergraduate,6.0,In Person,2017
980,HUMN8027,Critical issues in Heritage and Museum Studies,Second Semester,Postgraduate,6.0,Online or In Person,2017
981,ANTH8030,Critically Assessing Contemporary Development Practice,Summer Session/First Semester/Autumn Session/Winter Session/Second Semester/Spring Session,Postgraduate,6.0,Online or In Person,2017
982,LING2021,Cross Cultural Communication,First Semester,Undergraduate,6.0,Online or In Person,2017
983,LING6021,Cross Cultural Communication,First Semester,Postgraduate,6.0,Online or In Person,2017
984,SCOM3029,Cross Cultural Perspectives in Science Communication,Second Semester,Undergraduate,6.0,In Person,2017
985,SCOM6029,Cross Cultural Perspectives in Science Communication,Second Semester,Postgraduate,6.0,In Person,2017
986,SCOM8729,Cross Cultural Perspectives in Science Communication (Hong Kong),,Postgraduate,6.0,Blended,2017
987,BUSI3029,Cross-Cultural Management,,Undergraduate,6.0,In Person,2017
988,ANTH6515,"Crossing Borders: Migration, Identity and Livelihood",,Postgraduate,6.0,In Person,2017
989,ANTH2129,"Crossing Borders: Migration, Identity and Livelihood",,Undergraduate,6.0,In Person,2017
990,POGO8131,Cultural Change within Organisations,,Postgraduate,6.0,In Person,2017
991,ARCH2022,Cultural Landscapes and Environmental Change,Summer Session,Undergraduate,6.0,In Person,2017
992,ARCH6022,Cultural Landscapes and Environmental Change,Summer Session,Postgraduate,6.0,In Person,2017
993,HUMN8007,Cultural and Environmental Heritage Research Project,First Semester/Second Semester,Postgraduate,6.0,Online or In Person,2017
994,HUMN8018,Cultural and Environmental Heritage: Extended Research Project,Summer Session/First Semester/Autumn Session/Winter Session/Second Semester/Spring Session,Postgraduate,12.0,In Person,2017
995,ASGS1010,Culture & Human Diversity: Introducing Anthropology,,Undergraduate,12.0,In Person,2017
996,ANTH6009,Culture and Development,First Semester,Postgraduate,6.0,In Person,2017
997,ANTH2009,Culture and Development,First Semester,Undergraduate,6.0,In Person,2017
998,POLS8003,Culture and Development in Latin America,,Postgraduate,6.0,Blended,2017
999,HUMN8037,Culture and Heritage in China Field School,,Postgraduate,6.0,In Person,2017
1000,ANUC1102,Culture and Human Diversity: Introducing Anthropology,First Semester,Undergraduate,6.0,In Person,2017
1001,ANTH1002,Culture and Human Diversity: Introducing Anthropology,First Semester,Undergraduate,6.0,In Person,2017
1002,ASIA2302,Culture and Modernity in Asia: Anthropological Perspectives,First Semester,Undergraduate,6.0,In Person,2017
1003,ANTH6057,Culture and Person,Second Semester,Postgraduate,6.0,In Person,2017
1004,ANTH2057,Culture and Person,Second Semester,Undergraduate,6.0,In Person,2017
1005,BIAN6120,"Culture, Biology & Population Dynamics",,Postgraduate,6.0,In Person,2017
1006,BIAN2120,"Culture, Biology and Population Dynamics",,Undergraduate,6.0,In Person,2017
1007,CHMD8019,"Culture, Health, Medicine Internship",Summer Session/First Semester/Autumn Session/Winter Session/Second Semester/Spring Session,Postgraduate,6.0,In Person,2017
1008,ANTH2017,"Culture, Social Justice and Aboriginal Society Today",,Undergraduate,6.0,In Person,2017
1009,ANTH6017,"Culture, Social Justice and Aboriginal Society Today",,Postgraduate,6.0,In Person,2017
1010,ANCH2101,"Cultures in conflict: Greeks, Romans and others in southern Italy and Sicily",,Undergraduate,12.0,In Person,2017
1011,ANCH6101,"Cultures in conflict: Greeks, Romans and others in southern Italy and Sicily",,Postgraduate,12.0,In Person,2017
1012,ARTH2045,Curatorship Theory and Practice,,Undergraduate,6.0,In Person,2017
1013,ARTH6045,Curatorship Theory and Practice,,Postgraduate,12.0,Online or In Person,2017
1014,FREN6512,Current Affairs and the French Press,Second Semester,Postgraduate,6.0,In Person,2017
1015,FREN3107,Current Affairs and the French Press (Advanced),Second Semester,Undergraduate,6.0,In Person,2017
1016,FREN6513,Current Affairs and the French Press (Advanced),Second Semester,Postgraduate,6.0,In Person,2017
1017,SPAN6513,Current Affairs in the Spanish-Speaking World,First Semester,Postgraduate,6.0,In Person,2017
1018,SPAN3100,Current Affairs in the Spanish-speaking World,First Semester,Undergraduate,6.0,In Person,2017
1019,LAWS4262,Current Issues in Administrative Law,Second Semester,Undergraduate,6.0,In Person,2017
1020,POLS2132,Current Issues in International Security,Second Semester,Undergraduate,6.0,In Person,2017
1021,CHEM3207,Current Topics in Chemical Biology,Second Semester,Undergraduate,6.0,In Person,2017
1022,EMSC8004,Current Topics in Geophysical Fluid Dynamics - A Practical Introduction,,Postgraduate,6.0,In Person,2017
1023,FREN3106,Current affairs and the French Press,Second Semester,Undergraduate,6.0,In Person,2017
1024,MEDI8111,Custodial Medicine Elective,Second Semester,Postgraduate,6.0,In Person,2017
1025,COMP8501,Cyber Defensive Operations,,Postgraduate,6.0,Blended,2017
1026,LAWS8077,Cyber Law,,Postgraduate,6.0,Online or In Person,2017
1027,COMP8502,Cyber Offensive Operations,,Postgraduate,6.0,Blended,2017
1028,LAWS8035,Cyber Warfare Law,Spring Session,Postgraduate,6.0,In Person,2017
1029,NSPO8009,Cyber-intelligence and Security,Autumn Session,Postgraduate,6.0,Online or In Person,2017
1030,CRIM8002,Cyber-security and Cybercrime,,Postgraduate,6.0,Online or In Person,2017
1031,CRIM2010,Cybercrime: an introduction,First Semester,Undergraduate,6.0,In Person,2017
1032,CRIM6010,Cybercrime: an introduction,First Semester,Postgraduate,6.0,In Person,2017
1033,ARTV2018,Cyberculture,,Undergraduate,6.0,In Person,2017
1034,ARTV6008,Cyberculture,,Postgraduate,6.0,In Person,2017
1035,PSYC9011,DPsych Clinical Coursework I,,Research,6.0,In Person,2017
1036,PSYC9012,DPsych Clinical Coursework II,,Research,6.0,In Person,2017
1037,PSYC9013,DPsych Clinical Coursework III,,Research,4.0,In Person,2017
1038,PSYC9014,DPsych Clinical Coursework IV,,Research,4.0,In Person,2017
1039,PSYC9015,DPsych Clinical Coursework V,Summer Session/First Semester/Autumn Session/Winter Session/Second Semester/Spring Session,Postgraduate,2.0,In Person,2017
1040,PSYC9016,DPsych Clinical Coursework VI,,Research,2.0,In Person,2017
1041,PSYC9021,DPsych Clinical Field Placement I,,Research,6.0,In Person,2017
1042,PSYC9022,DPsych Clinical Field Placement II,,Research,6.0,In Person,2017
1043,PSYC9023,DPsych Clinical Field Placement III,,Research,6.0,In Person,2017
1044,PSYC9024,DPsych Clinical Field Placement IV,,Research,6.0,In Person,2017
1045,ANCH6506,"Dark Age to democracy: early Greek history, 1000-480 BC",Second Semester,Postgraduate,6.0,In Person,2017
1046,ANCH2024,"Dark Age to democracy: early Greek history, 1000-480 BC",Second Semester,Undergraduate,6.0,In Person,2017
1047,EMSC8023,Data Analysis,First Semester/Second Semester,Postgraduate,6.0,In Person,2017
1048,EMSC4123,Data Analysis,First Semester/Second Semester,Undergraduate,3.0,In Person,2017
1049,BIAN4011,Data Analysis and Methods in Biological Anthropology,First Semester,Undergraduate,6.0,Online or In Person,2017
1050,BIAN8008,Data Analysis and Methods in Biological Anthropology,First Semester,Postgraduate,6.0,In Person,2017
1051,COMP3425,Data Mining,,Undergraduate,6.0,In Person,2017
1052,COMP8410,Data Mining,Autumn Session,Postgraduate,6.0,Online or In Person,2017
1053,MATH6210,Data Mining,,Postgraduate,6.0,In Person,2017
1054,COMP3430,Data Wrangling,,Undergraduate,6.0,In Person,2017
1055,COMP8430,Data Wrangling,Summer Session,Postgraduate,6.0,In Person,2017
1056,SOCR3001,Data for Decision Making,,Undergraduate,6.0,In Person,2017
1057,VCPG8001,Dealing with Wicked Problems,,Postgraduate,6.0,In Person,2017
1058,HUMN8029,Debates and Issues in the Humanities,,Postgraduate,6.0,Online or In Person,2017
1059,HIST2236,Debating Anzac,First Semester,Undergraduate,6.0,In Person,2017
1060,HIST6236,Debating Anzac,First Semester,Postgraduate,6.0,In Person,2017
1061,JPNS6102,Debating Japan: Contemporary Intellectual Debate,,Postgraduate,6.0,In Person,2017
1062,JPNS3102,Debating Japan: Contemporary Intellectual Debates,First Semester,Undergraduate,6.0,In Person,2017
1063,POGO8065,Decision Making Under Uncertainty,Spring Session,Postgraduate,6.0,In Person,2017
1064,POGO8007,Decision-Making in Government,,Postgraduate,6.0,In Person,2017
1065,POGO8123,Delivering Public Value,Summer Session,Postgraduate,6.0,In Person,2017
1066,HIST6240,Democracy and Dissent: Europe Since 1945,,Postgraduate,6.0,In Person,2017
1067,HIST2240,Democracy and Dissent: Europe Since 1945,,Undergraduate,6.0,In Person,2017
1068,ASIA2070,Democracy in Southeast Asia,Second Semester,Undergraduate,6.0,In Person,2017
1069,ASIA6070,Democracy in Southeast Asia,Second Semester,Postgraduate,6.0,In Person,2017
1070,INTR8059,Democracy in World Politics,,Postgraduate,6.0,In Person,2017
1071,GEND2101,"Democracy, Difference and Desire",,Undergraduate,6.0,In Person,2017
1072,PHIL2101,"Democracy, Difference and Desire",,Undergraduate,6.0,In Person,2017
1073,POLS2126,Democracy: Its Causes and Consequences,,Undergraduate,6.0,In Person,2017
1074,DEMO8092,Demographic Modelling,Second Semester,Postgraduate,6.0,Online or In Person,2017
1075,FINM2002,Derivatives,First Semester/Second Semester,Undergraduate,6.0,In Person,2017
1076,FINM7017,Derivatives,,Postgraduate,3.0,In Person,2017
1077,FINM8009,"Derivatives: Markets, Valuation and Risk Management",Second Semester,Postgraduate,6.0,In Person,2017
1078,DESN2007,Design Fiction: Speculative and Critical Design,,Undergraduate,6.0,In Person,2017
1079,DESN8001,Design Inquiry: Application of Research,First Semester/Second Semester,Postgraduate,6.0,In Person,2017
1080,DESN6010,"Design Practice: Engagement, Internship and Entrepreneurship",First Semester,Postgraduate,6.0,In Person,2017
1081,DESN3010,"Design Practice: Engagement, Internship and Entrepreneurship",First Semester,Undergraduate,6.0,In Person,2017
1082,DESN2008,Design Thinking: Human-Centred Design Methodologies,,Undergraduate,6.0,In Person,2017
1083,DESN4011,Design and Research: Theory and Methods,,Undergraduate,6.0,In Person,2017
1084,STAT3012,Design of Experiments and Surveys,First Semester,Undergraduate,6.0,In Person,2017
1085,STAT7029,Design of Experiments and Surveys,First Semester,Postgraduate,6.0,In Person,2017
1086,STAT4029,Design of Experiments and Surveys,First Semester,Undergraduate,6.0,In Person,2017
1087,POGO8063,Designing Public Policies and Programs,Winter Session,Postgraduate,6.0,In Person,2017
1088,ARCH8102,Designing Research in Archaeology,Second Semester,Postgraduate,6.0,In Person,2017
1089,POGO8070,Developing and Implementing Industry Policy,,Postgraduate,6.0,In Person,2017
1090,ASIA2063,Development Dilemmas in Chinese Politics,,Undergraduate,6.0,In Person,2017
1091,POGO8095,Development Policy and Practice,,Postgraduate,6.0,In Person,2017
1092,ECON4409,Development Poverty & Famine,Second Semester,Undergraduate,6.0,In Person,2017
1093,ECON2900,Development Poverty and Famine,Second Semester,Undergraduate,6.0,In Person,2017
1094,ECON2901,Development Poverty and Famine(H),Second Semester,Undergraduate,6.0,In Person,2017
1095,ANTH8104,Development Studies Field Methods,,Research,12.0,In Person,2017
1096,POGO8072,Development Theories and Themes,First Semester,Postgraduate,6.0,In Person,2017
1097,POLS2011,Development and Change,First Semester,Undergraduate,6.0,In Person,2017
1098,SOCY2035,Development and Change of Urban Society,,Undergraduate,6.0,In Person,2017
1099,IDEC8031,Development and Environmental Planning in Developing Economies,Second Semester,Postgraduate,6.0,In Person,2017
1100,ANTH8009,Development in Practice,Winter Session,Postgraduate,6.0,Online or In Person,2017
1101,BUSI2027,Development of Modern Business,,Undergraduate,6.0,In Person,2017
1102,PSYC2002,Developmental Psychology,First Semester,Undergraduate,6.0,In Person,2017
1103,LING2023,Dictionaries and Dictionary-Making,,Undergraduate,6.0,In Person,2017
1104,LING6023,Dictionaries and Dictionary-Making,,Postgraduate,6.0,In Person,2017
1105,MATH6205,Differential Geometry,First Semester/Second Semester,Postgraduate,6.0,In Person,2017
1106,ASTR4017,Diffuse Matter in the Universe,Second Semester,Undergraduate,6.0,In Person,2017
1107,ASTR8007,Diffuse Matter in the Universe,Second Semester,Postgraduate,6.0,In Person,2017
1108,ENGN3226,Digital Communications,First Semester,Undergraduate,6.0,In Person,2017
1109,ENGN6626,Digital Communications,First Semester,Postgraduate,6.0,In Person,2017
1110,ANUC1113,Digital Culture: Being Human in the Information Age,First Semester,Undergraduate,6.0,In Person,2017
1111,HUMN1001,Digital Culture: Being Human in the Information Age,First Semester,Undergraduate,6.0,In Person,2017
1112,DESN2001,Digital Form and Fabrication,First Semester,Undergraduate,6.0,In Person,2017
1113,DESN6001,Digital Form and Fabrication,First Semester,Postgraduate,6.0,In Person,2017
1114,HIST6237,"Digital History, Digital Heritage",,Postgraduate,6.0,Online or In Person,2017
1115,HIST2237,"Digital History, Digital Heritage: the past in a digital present",,Undergraduate,6.0,Blended,2017
1116,HUMN8030,Digital Humanities and Public Culture Research Project,Summer Session/First Semester/Autumn Session/Winter Session/Second Semester/Spring Session,Postgraduate,6.0,Online or In Person,2017
1117,HUMN8031,Digital Humanities and Public Culture Research Project (Advanced),Summer Session/First Semester/Autumn Session/Winter Session/Second Semester/Spring Session,Postgraduate,12.0,Online or In Person,2017
1118,HUMN3001,Digital Humanities: Methods and Practices,Second Semester,Undergraduate,6.0,Blended,2017
1119,HUMN6003,Digital Humanities: Methods and Practices,Second Semester,Postgraduate,6.0,In Person,2017
1120,HUMN2001,Digital Humanities: Theories and Projects,Second Semester,Undergraduate,6.0,In Person,2017
1121,HUMN6001,Digital Humanities: Theories and Projects,Second Semester,Postgraduate,6.0,In Person,2017
1122,LAWS8076,Digital Media and Communication Law and Practice,Winter Session,Postgraduate,6.0,Online,2017
1123,DART3100,Digital Specialization 1,,Undergraduate,6.0,In Person,2017
1124,DART3101,Digital Specialization 2,,Undergraduate,6.0,In Person,2017
1125,DART3102,Digital Specialization 3,,Undergraduate,6.0,In Person,2017
1126,DART3103,Digital Specialization 4,,Undergraduate,6.0,In Person,2017
1127,ENGN3213,Digital Systems and Microprocessors,First Semester,Undergraduate,6.0,In Person,2017
1128,ENGN6213,Digital Systems and Microprocessors,First Semester,Postgraduate,6.0,In Person,2017
1129,ASIA3024,Digital frontiers in the Asia-Pacific: A media practicum,First Semester,Undergraduate,6.0,In Person,2017
1130,CRIM2004,Dimensions of Crime: Identifying and Controlling Offenders,Second Semester,Undergraduate,6.0,In Person,2017
1131,CRIM6004,Dimensions of Crime: Identifying and Controlling Offenders,Second Semester,Postgraduate,6.0,In Person,2017
1132,ECON4426,Diploma Macroeconomics,First Semester/Second Semester,Undergraduate,6.0,In Person,2017
1133,ECON8026,Diploma Macroeconomics,First Semester/Second Semester,Postgraduate,6.0,In Person,2017
1134,ECON4425,Diploma Microeconomics,First Semester/Second Semester,Undergraduate,6.0,In Person,2017
1135,ECON8025,Diploma Microeconomics,First Semester/Second Semester,Postgraduate,6.0,In Person,2017
1136,DIPL8009,Diplomacy in a Globalising World,Second Semester,Postgraduate,6.0,Online,2017
1137,DIPL8006,"Diplomacy, Politics and the United Nations",Winter Session,Postgraduate,12.0,In Person,2017
1138,CHMD8001,"Directed Readings in Culture, Health and Medicine",First Semester/Second Semester,Postgraduate,6.0,Online or In Person,2017
1139,ARAB3007,Directed Study Project (Arabic),Second Semester,Undergraduate,6.0,In Person,2017
1140,ARAB6509,Directed Study Project (Arabic),Second Semester,Postgraduate,6.0,In Person,2017
1141,EMDV8124,Disaster Risk Reduction and Management,Second Semester,Postgraduate,6.0,Online or In Person,2017
1142,ASIA8048,Disasters and Epidemics in Asia and the Pacific,,Postgraduate,6.0,Online or In Person,2017
1143,POGO8075,Disasters and Humanitarian Aid Policy Evaluation Issues,,Postgraduate,6.0,In Person,2017
1144,ENGN1211,Discovering Engineering,First Semester,Undergraduate,6.0,In Person,2017
1145,EXTN1005A,Discovering Engineering A,Autumn Session,Undergraduate,0.0,In Person,2017
1146,EXTN1005B,Discovering Engineering B,Autumn Session,Undergraduate,6.0,In Person,2017
1147,MATH1005,Discrete Mathematical Models,First Semester,Undergraduate,6.0,In Person,2017
1148,ANUC1005,Discrete Mathematical Models,First Semester,Undergraduate,6.0,In Person,2017
1149,ENGN4537,Discrete-Time Signal Processing,First Semester,Undergraduate,6.0,In Person,2017
1150,ENGN6537,Discrete-Time Signal Processing,First Semester,Postgraduate,6.0,In Person,2017
1151,NSPO8013,"Disease, Security and Biological Weapons",Second Semester,Postgraduate,6.0,In Person,2017
1152,LAWS8116,Dispute Management,Summer Session,Postgraduate,6.0,In Person,2017
1153,BIOL1009,Diversity of Life,Second Semester,Undergraduate,6.0,In Person,2017
1154,LAWS9001F,Doctor of Juridical Science (Faculty of Law),,Research,6.0,In Person,2017
1155,LAWS9001P,Doctor of Juridical Science (Faculty of Law),,Research,6.0,In Person,2017
1156,HLTH9000F,"Doctor of Philosophy (Centre for Research on Ageing, Health and Wellbeing)",,Research,6.0,In Person,2017
1157,HLTH9000P,"Doctor of Philosophy (Centre for Research on Ageing, Health and Wellbeing)",,Research,6.0,In Person,2017
1158,COMP9000F,Doctor of Philosophy (Computer Science),,Research,3.0,In Person,2017
1159,COMP9000P,Doctor of Philosophy (Computer Science),,Research,3.0,In Person,2017
1160,ENGN9000P,Doctor of Philosophy (Engineering),,Research,3.0,In Person,2017
1161,ENGN9000F,Doctor of Philosophy (Engineering),,Research,3.0,In Person,2017
1162,PSYC9002F,"Doctor of Philosophy - Research Course in Clinical Psychology, Dept of Psychology, SHPS",,Research,6.0,In Person,2017
1163,PSYC9002P,"Doctor of Philosophy - Research Course in Clinical Psychology, Dept of Psychology, SHPS",,Research,6.0,In Person,2017
1164,PSYC9000F,"Doctor of Philosophy - Research Course in Psychology, Department of Pyschology, SHPS",,Research,6.0,In Person,2017
1165,PSYC9000P,"Doctor of Philosophy - Research Course in Psychology, Department of Pyschology, SHPS",,Research,6.0,In Person,2017
1166,HECN9552F,"Doctor of Philosophy - Research Course,  ACERH, Institute of Population Health",,Research,24.0,In Person,2017
1167,HECN9552P,"Doctor of Philosophy - Research Course,  ACERH, Institute of Population Health",,Research,24.0,In Person,2017
1168,HLTH9550F,"Doctor of Philosophy - Research Course,  CMHR, Institute of Population Health",,Research,6.0,In Person,2017
1169,HLTH9550P,"Doctor of Philosophy - Research Course,  CMHR, Institute of Population Health",,Research,6.0,In Person,2017
1170,POPH9550F,"Doctor of Philosophy - Research Course,  NCEPH, Institute of Population Health",,Research,6.0,In Person,2017
1171,POPH9550P,"Doctor of Philosophy - Research Course,  NCEPH, Institute of Population Health",,Research,6.0,In Person,2017
1172,MEDN9550P,"Doctor of Philosophy - Research Course, John Curtin School of Medical Research",,Research,6.0,In Person,2017
1173,MEDN9550F,"Doctor of Philosophy - Research Course, John Curtin School of Medical Research",,Research,6.0,In Person,2017
1174,MEDI9950P,"Doctor of Philosophy - Research Course, Medical School",,Research,24.0,In Person,2017
1175,MEDI9950F,"Doctor of Philosophy - Research Course, Medical School",,Research,24.0,In Person,2017
1176,ASTR9550F,"Doctor of Philosophy - Research Course, Research School of Astronomy & Astrophysics",,Research,6.0,In Person,2017
1177,ASTR9550P,"Doctor of Philosophy - Research Course, Research School of Astronomy & Astrophysics",,Research,6.0,In Person,2017
1178,CHEM9550F,"Doctor of Philosophy - Research Course, Research School of Chemistry",,Research,6.0,In Person,2017
1179,CHEM9550P,"Doctor of Philosophy - Research Course, Research School of Chemistry",,Research,6.0,In Person,2017
1180,EMSC9005P,"Doctor of Philosophy in Earth Chemistry, Research School of Earth Sciences",,Research,3.0,In Person,2017
1181,EMSC9005F,"Doctor of Philosophy in Earth Chemistry, Research School of Earth Sciences",,Research,3.0,In Person,2017
1182,EMSC9004F,"Doctor of Philosophy in Earth Environment, Research School of Earth Sciences",,Research,3.0,In Person,2017
1183,EMSC9004P,"Doctor of Philosophy in Earth Environment, Research School of Earth Sciences",,Research,3.0,In Person,2017
1184,EMSC9003F,"Doctor of Philosophy in Earth Materials and Processes, Research School of Earth Sciences",,Research,3.0,In Person,2017
1185,EMSC9003P,"Doctor of Philosophy in Earth Materials and Processes, Research School of Earth Sciences",,Research,3.0,In Person,2017
1186,EMSC9002F,"Doctor of Philosophy in Earth Physics, Research School of Earth Sciences",,Research,3.0,In Person,2017
1187,EMSC9002P,"Doctor of Philosophy in Earth Physics, Research School of Earth Sciences",,Research,3.0,In Person,2017
1188,EMSC9001P,"Doctor of Philosophy in Earth Sciences, Research School of Earth Sciences",,Research,3.0,In Person,2017
1189,EMSC9001F,"Doctor of Philosophy in Earth Sciences, Research School of Earth Sciences",,Research,3.0,In Person,2017
1190,PHYS9000F,"Doctor of Philosophy,  Quantum Science, Research School of Physics and Engineering",,Research,6.0,In Person,2017
1191,PHYS9000P,"Doctor of Philosophy,  Quantum Science, Research School of Physics and Engineering",,Research,6.0,In Person,2017
1192,PHYS9554F,"Doctor of Philosophy, Applied Mathematics, Research School of Physics and Engineering",,Research,24.0,In Person,2017
1193,PHYS9554P,"Doctor of Philosophy, Applied Mathematics, Research School of Physics and Engineering",,Research,24.0,In Person,2017
1194,BIOL9001P,"Doctor of Philosophy, Biomedical Science & Biochemistry, Research School of Biology",,Research,24.0,In Person,2017
1195,BIOL9001F,"Doctor of Philosophy, Biomedical Science & Biochemistry, Research School of Biology",,Research,24.0,In Person,2017
1196,ENVS9007F,"Doctor of Philosophy, Environmental Science, Fenner School of Environment and Society",,Research,24.0,In Person,2017
1197,ENVS9007P,"Doctor of Philosophy, Environmental Science, Fenner School of Environment and Society",,Research,24.0,In Person,2017
1198,BIOL9000F,"Doctor of Philosophy, Evolution, Ecology and Genetics, Research School of Biology",,Research,6.0,In Person,2017
1199,BIOL9000P,"Doctor of Philosophy, Evolution, Ecology and Genetics, Research School of Biology",,Research,6.0,In Person,2017
1200,ENVS9000F,"Doctor of Philosophy, Forestry, Fenner School of Environment and Society",,Research,6.0,In Person,2017
1201,ENVS9000P,"Doctor of Philosophy, Forestry, Fenner School of Environment and Society",,Research,6.0,In Person,2017
1202,GMTH9550F,"Doctor of Philosophy, General Mathematics, Mathematical Sciences Institute",,Research,6.0,In Person,2017
1203,GMTH9550P,"Doctor of Philosophy, General Mathematics, Mathematical Sciences Institute",,Research,6.0,In Person,2017
1204,ENVS9001F,"Doctor of Philosophy, Geography, Fenner School of Environment and Society",,Research,24.0,In Person,2017
1205,ENVS9001P,"Doctor of Philosophy, Geography, Fenner School of Environment and Society",,Research,24.0,In Person,2017
1206,ENVS9004P,"Doctor of Philosophy, Global Environmental Change, Fenner School of Environment and Society",,Research,24.0,In Person,2017
1207,ENVS9004F,"Doctor of Philosophy, Global Environmental Change, Fenner School of Environment and Society",,Research,24.0,In Person,2017
1208,ENVS9006P,"Doctor of Philosophy, Human Ecology, Fenner School of Environment and Society",,Research,6.0,In Person,2017
1209,ENVS9006F,"Doctor of Philosophy, Human Ecology, Fenner School of Environment and Society",,Research,6.0,In Person,2017
1210,ENVS9008F,"Doctor of Philosophy, Interdisciplinary Environmental Studies, Fenner School of Environment and Soci",,Research,6.0,In Person,2017
1211,ENVS9008P,"Doctor of Philosophy, Interdisciplinary Environmental Studies, Fenner School of Environment and Soci",,Research,6.0,In Person,2017
1212,ENVS9003F,"Doctor of Philosophy, LE&CB, Fenner School of Environment and Society",,Research,6.0,In Person,2017
1213,ENVS9003P,"Doctor of Philosophy, LE&CB, Fenner School of Environment and Society",,Research,6.0,In Person,2017
1214,PHYS9556F,"Doctor of Philosophy, Laser Physics Centre, Research School of Physics and Engineering",,Research,24.0,In Person,2017
1215,PHYS9556P,"Doctor of Philosophy, Laser Physics Centre, Research School of Physics and Engineering",,Research,24.0,In Person,2017
1216,PHYS9561P,"Doctor of Philosophy, Non-Linear Physics, Research School of Physics and Engineering",,Research,24.0,In Person,2017
1217,PHYS9561F,"Doctor of Philosophy, Non-Linear Physics, Research School of Physics and Engineering",,Research,24.0,In Person,2017
1218,PHYS9557P,"Doctor of Philosophy, Nuclear Physics, Research School of Physics and Engineering",,Research,6.0,In Person,2017
1219,PHYS9557F,"Doctor of Philosophy, Nuclear Physics, Research School of Physics and Engineering",,Research,6.0,In Person,2017
1220,PHYS9558F,"Doctor of Philosophy, Optical Sciences, Research School of Physics and Engineering",,Research,24.0,In Person,2017
1221,PHYS9558P,"Doctor of Philosophy, Optical Sciences, Research School of Physics and Engineering",,Research,24.0,In Person,2017
1222,BIOL9002P,"Doctor of Philosophy, Plant Sciences, Research School of Biology",,Research,6.0,In Person,2017
1223,BIOL9002F,"Doctor of Philosophy, Plant Sciences, Research School of Biology",,Research,6.0,In Person,2017
1224,PHYS9551F,"Doctor of Philosophy, Plasma Research, Research School of Physics and Engineering",,Research,6.0,In Person,2017
1225,PHYS9551P,"Doctor of Philosophy, Plasma Research, Research School of Physics and Engineering",,Research,6.0,In Person,2017
1226,ENVS9002F,"Doctor of Philosophy, Sustainable Development, Fenner School of Environment and Society",,Research,24.0,In Person,2017
1227,ENVS9002P,"Doctor of Philosophy, Sustainable Development, Fenner School of Environment and Society",,Research,24.0,In Person,2017
1228,PHYS9555P,"Doctor of Philosophy, Theoretical Physics, Research School of Physics and Engineering",,Research,6.0,In Person,2017
1229,PHYS9555F,"Doctor of Philosophy, Theoretical Physics, Research School of Physics and Engineering",,Research,6.0,In Person,2017
1230,POPH9551F,Doctor of Population Health National Centre for Epidemiology and Population Health,,Research,24.0,In Person,2017
1231,POPH9551P,Doctor of Population Health National Centre for Epidemiology and Population Health,,Research,24.0,In Person,2017
1232,PSYC9001F,"Doctor of Psychology Research Component, Department of Psychology, SHPS",,Research,6.0,In Person,2017
1233,PSYC9001P,"Doctor of Psychology Research Component, Department of Psychology, SHPS",,Research,6.0,In Person,2017
1234,FINM8018,Doctoral Studies in Asset Pricing,Second Semester,Postgraduate,6.0,In Person,2017
1235,FINM8020,Doctoral Studies in Asset Pricing 2,,Postgraduate,6.0,In Person,2017
1236,FINM8019,Doctoral Studies in Corporate Finance,Second Semester,Postgraduate,6.0,In Person,2017
1237,FINM8021,Doctoral Studies in Corporate Finance Empirical,,Postgraduate,6.0,In Person,2017
1238,DIPL8005F,Doctorate Thesis,,Postgraduate,24.0,In Person,2017
1239,DIPL8005P,Doctorate Thesis,,Postgraduate,24.0,In Person,2017
1240,COMP4650,Document Analysis,Second Semester,Undergraduate,6.0,In Person,2017
1241,COMP6490,Document Analysis,Second Semester,Postgraduate,6.0,In Person,2017
1242,CRIM2001,Doing Criminology: Research and Practice in Crime and Criminal Justice,Second Semester,Undergraduate,6.0,Blended,2017
1243,CRIM6007,Doing Criminology: Research and Practice in Crime and Criminal Justice,Second Semester,Postgraduate,6.0,Blended,2017
1244,ANTH2067,Doing Ethnography: Practicum on Applied Anthropology,Second Semester,Undergraduate,6.0,In Person,2017
1245,ANTH6068,Doing Ethnography: Research Practicum on Applied Anthropology,Second Semester,Postgraduate,6.0,In Person,2017
1246,ANTH6138,Doing Medical Anthropology,Second Semester,Postgraduate,6.0,In Person,2017
1247,ANTH2138,Doing Medical Anthropology,Second Semester,Undergraduate,6.0,In Person,2017
1248,EMDV8081,Domestic Climate Change Policy and Economics,Summer Session,Postgraduate,6.0,Online,2017
1249,DESN6004,Dynamic Design and Generative Systems,,Postgraduate,6.0,In Person,2017
1250,DESN2004,Dynamic Design and Generative Systems,,Undergraduate,6.0,In Person,2017
1251,ENGN2229,Dynamics and Simulation,Second Semester,Undergraduate,6.0,In Person,2017
1252,BUSI2023,Dynamics of Asian Business,Second Semester,Undergraduate,6.0,In Person,2017
1253,BUSI2022,Dynamics of Business in the Americas,,Undergraduate,6.0,In Person,2017
1254,BUSI2024,Dynamics of Business in the Middle East,Second Semester,Undergraduate,6.0,In Person,2017
1255,BUSI2034,Dynamics of European Business,First Semester,Undergraduate,6.0,In Person,2017
1256,MEAS8112,Dynamics of Israeli-Palestinian Conflict,First Semester,Postgraduate,6.0,In Person,2017
1257,MKTG2032,E-Marketing,,Undergraduate,6.0,In Person,2017
1258,EMSC1008,EARTH: The Chemistry and Physics of our Planet,Second Semester,Undergraduate,6.0,In Person,2017
1259,EMSC6008,EARTH: The Chemistry and Physics of our Planet,Second Semester,Postgraduate,6.0,In Person,2017
1260,EMSC8011,"Earth Materials: Crystal Structures, Defect Microstructures and Mechanical Behaviour",,Postgraduate,6.0,In Person,2017
1261,EMSC8030,Earth Science Research Project,Summer Session/First Semester/Autumn Session/Winter Session/Second Semester,Postgraduate,6.0,In Person,2017
1262,EMSC4005,Earth and Marine Sciences Honours Thesis,First Semester/Second Semester,Undergraduate,3.0,In Person,2017
1263,ASIA2027,East Timor : Resistence Legacies and Development Challenges,,Undergraduate,6.0,In Person,2017
1264,ARTH4018,East-West Interactions in Art,,Undergraduate,12.0,In Person,2017
1265,ARTH8013,East-West Interactions in Art,,Postgraduate,12.0,Online or In Person,2017
1266,ENVS6514,Ecological Assessment and Management,Second Semester,Postgraduate,6.0,In Person,2017
1267,ENVS3014,Ecological Assessment and Management,Second Semester,Undergraduate,6.0,In Person,2017
1268,EMDV8012,Ecological Economics and Policy,First Semester,Postgraduate,6.0,In Person,2017
1269,BIOL3109,Ecological and Evolutionary Developmental Biology,First Semester,Undergraduate,6.0,In Person,2017
1270,BIOL6109,Ecological and Evolutionary Developmental Biology,First Semester,Postgraduate,6.0,In Person,2017
1271,BIOL2131,Ecology,First Semester,Undergraduate,6.0,In Person,2017
1272,BIOL6004,Ecology,First Semester,Postgraduate,6.0,In Person,2017
1273,BIOL2191,Ecology of Health and Disease,First Semester,Undergraduate,6.0,In Person,2017
1274,EMET4314,Econometric Methods,First Semester,Undergraduate,6.0,In Person,2017
1275,IDEC8017,Econometric Techniques,Second Semester,Postgraduate,6.0,In Person,2017
1276,EMET4308,Econometric Theory,Second Semester,Undergraduate,6.0,In Person,2017
1277,EMET8008,Econometric Theory,Second Semester,Postgraduate,6.0,In Person,2017
1278,EMET2007,Econometrics I: Econometric Methods,First Semester,Undergraduate,6.0,In Person,2017
1279,EMET4007,Econometrics I: Econometric Methods,First Semester,Undergraduate,6.0,In Person,2017
1280,EMET6007,Econometrics I: Econometric Methods,First Semester,Postgraduate,6.0,In Person,2017
1281,EMET3004,Econometrics II: Econometric Modelling,Second Semester,Undergraduate,6.0,In Person,2017
1282,EMET6008,Econometrics II: Econometric Modelling,Second Semester,Postgraduate,6.0,In Person,2017
1283,IDEC8022,Economic Development,Second Semester,Postgraduate,6.0,In Person,2017
1284,ECON8075,Economic Evaluation of Health Programs,,Postgraduate,6.0,In Person,2017
1285,EMSC3007,Economic Geology,Second Semester,Undergraduate,6.0,In Person,2017
1286,EMSC6007,Economic Geology,Second Semester,Postgraduate,6.0,In Person,2017
1287,ECON8050,Economic Growth,,Postgraduate,6.0,In Person,2017
1288,ECHI4004P,Economic History IV Honours (S),,Undergraduate,12.0,In Person,2017
1289,ECHI4004F,Economic History IV Honours (S),,Undergraduate,12.0,In Person,2017
1290,ECHI8008,Economic History Research Project,,Postgraduate,18.0,In Person,2017
1291,ECHI8004,Economic History Research Project,,Postgraduate,6.0,In Person,2017
1292,ECHI8009,Economic History Research Project A,,Postgraduate,12.0,In Person,2017
1293,EMET4305,Economic Models & Introduction to Econometrics,First Semester/Second Semester,Undergraduate,6.0,In Person,2017
1294,EMET8005,Economic Models and Introductory Econometrics,First Semester/Second Semester,Postgraduate,6.0,In Person,2017
1295,ECON3023,Economic Policy Issues,Second Semester,Undergraduate,6.0,In Person,2017
1296,ECON4403,Economic Policy Issues,Second Semester,Undergraduate,6.0,In Person,2017
1297,ECON8003,Economic Policy Issues,Second Semester,Postgraduate,6.0,In Person,2017
1298,ECON8036,Economic Seminars for Graduate Program in Economics,,Postgraduate,6.0,In Person,2017
1299,PREP1109,Economics,First Semester/Second Semester,Undergraduate,6.0,In Person,2017
1300,ECON3100,Economics 3 (H),Second Semester,Undergraduate,6.0,In Person,2017
1301,ECON4488,Economics Honours Research Essay,First Semester/Second Semester,Undergraduate,6.0,In Person,2017
1302,ECON1100,Economics I (H),Second Semester,Undergraduate,6.0,In Person,2017
1303,ECON2016,Economics II (H),Second Semester,Undergraduate,6.0,In Person,2017
1304,ECON4004F,Economics IV Honours (S),First Semester/Second Semester,Undergraduate,12.0,In Person,2017
1305,ECON4004P,Economics IV Honours (S),,Undergraduate,12.0,In Person,2017
1306,SOCS9557P,Economics Program RSSS,,Research,24.0,In Person,2017
1307,SOCS9557F,Economics Program RSSS,,Research,24.0,In Person,2017
1308,IDEC8024,Economics Seminars,Second Semester,Postgraduate,6.0,In Person,2017
1309,POGO8081,Economics for Government,First Semester,Postgraduate,6.0,In Person,2017
1310,ENVS2007,Economics for the Environment,First Semester,Undergraduate,6.0,In Person,2017
1311,ECON8074,Economics of Health Insurance and Financing,,Postgraduate,6.0,In Person,2017
1312,ECON4410,Economics of Taxation,,Undergraduate,6.0,In Person,2017
1313,ECON4006P,Economics/Econometrics IV Honours (S),,Undergraduate,12.0,In Person,2017
1314,ECON4006F,Economics/Econometrics IV Honours (S),,Undergraduate,12.0,In Person,2017
1315,ASIA2067,Economies of Emerging Asia,Second Semester,Undergraduate,6.0,In Person,2017
1316,ASIA2309,Education and Social Change in Modern Japan,,Undergraduate,6.0,In Person,2017
1317,SOCY2021,Education and Society,Second Semester,Undergraduate,6.0,In Person,2017
1318,MGMT7006,Effective Business Decision Making,,Postgraduate,6.0,In Person,2017
1319,HIST8104,Effective and Ethical Research Design,Autumn Session/Winter Session/Spring Session,Postgraduate,6.0,In Person,2017
1320,POLS2111,"Elections, Political Behaviour and Public Opinion in Australia",,Undergraduate,6.0,In Person,2017
1321,HIST6121,"Electric Citizens: The Rise of the Modern Media in the United States, 1865-2000",Second Semester,Postgraduate,6.0,In Person,2017
1322,HIST2121,"Electric Citizens: The Rise of the Modern Media in the United States, 1865-2000",Second Semester,Undergraduate,6.0,In Person,2017
1323,PHYS3055,Electro Optics,,Undergraduate,3.0,In Person,2017
1324,PHYS2016,Electromagnetism,Second Semester,Undergraduate,6.0,In Person,2017
1325,INFS7040,Electronic Commerce for Managers,First Semester/Second Semester,Postgraduate,6.0,In Person,2017
1326,MKTG7037,Electronic Marketing,,Postgraduate,6.0,In Person,2017
1327,ENGN2218,Electronic Systems and Design,First Semester,Undergraduate,6.0,In Person,2017
1328,TURK1001,Elementary Turkish A,First Semester,Undergraduate,6.0,In Person,2017
1329,TURK6001,Elementary Turkish A,First Semester,Postgraduate,6.0,In Person,2017
1330,TURK1002,Elementary Turkish B,Second Semester,Undergraduate,6.0,In Person,2017
1331,TURK6002,Elementary Turkish B,Second Semester,Postgraduate,6.0,In Person,2017
1332,ENGN8537,Embedded Systems and Real Time Digital Signal Processing,Second Semester,Postgraduate,6.0,In Person,2017
1333,ANCH2017,Emperors and Madmen: The Early Roman Empire,,Undergraduate,6.0,In Person,2017
1334,ENGL2068,Empire and its Fictions,,Undergraduate,6.0,In Person,2017
1335,ENGL6027,Empire and its Fictions,,Postgraduate,6.0,In Person,2017
1336,FINM8011,Empirical Finance,First Semester/Second Semester,Postgraduate,6.0,In Person,2017
1337,MGMT4019,Empirical Methods in Management,First Semester,Undergraduate,6.0,In Person,2017
1338,MGMT8019,Empirical Methods in Management,First Semester,Postgraduate,6.0,In Person,2017
1339,POGO8050,Empirical Political Analysis 2: Political Economy,,Postgraduate,6.0,In Person,2017
1340,IDEC8025,Empirical Public Finance,Second Semester,Postgraduate,6.0,In Person,2017
1341,BUSN8100,Empirical Research in Financial Accounting,First Semester/Second Semester,Postgraduate,6.0,In Person,2017
1342,MGMT2002,Employment Relations,,Undergraduate,6.0,In Person,2017
1343,MGMT7064,Employment Relations,,Postgraduate,6.0,In Person,2017
1344,LEGW8136,Employment and Industrial Practice,Summer Session/Winter Session,Postgraduate,3.0,Online,2017
1345,IDEC8089,Energy Economics,Second Semester,Postgraduate,6.0,In Person,2017
1346,POGO8212,Energy Politics and Governance,Second Semester,Postgraduate,6.0,In Person,2017
1347,ENGN4516,Energy Resources and Renewable Technologies,Second Semester,Undergraduate,6.0,In Person,2017
1348,ENGN6516,Energy Resources and Renewable Technologies,Second Semester,Postgraduate,6.0,In Person,2017
1349,NSPO8026,Energy and National Security,Spring Session,Postgraduate,6.0,In Person,2017
1350,MEAS4109,Energy and Security in Central Asia and the Caucasus,,Undergraduate,6.0,In Person,2017
1351,MEAS8109,Energy and Security in Central Asia and the Caucasus,,Postgraduate,6.0,In Person,2017
1352,ASIA3021,Engaging Asia: Australia and the Asian Century,First Semester,Undergraduate,6.0,Blended,2017
1353,ASIA8040,Engaging Asia: Australia and the Asian Century,First Semester,Postgraduate,6.0,Blended,2017
1354,ENGN8535,Engineering Data Analytics,First Semester,Postgraduate,6.0,In Person,2017
1355,ENGN3230,Engineering Innovation,Second Semester,Undergraduate,6.0,In Person,2017
1356,ENGN3200,Engineering Internship,Summer Session/First Semester/Autumn Session/Winter Session/Second Semester/Spring Session,Undergraduate,6.0,In Person,2017
1357,ENGN3221,Engineering Management,First Semester,Undergraduate,6.0,In Person,2017
1358,ENGN3601,Engineering Materials,First Semester,Undergraduate,6.0,In Person,2017
1359,ENGN6601,Engineering Materials,First Semester,Postgraduate,6.0,In Person,2017
1360,ENGN3706,Engineering Research & Development Project,Summer Session/First Semester/Autumn Session/Winter Session/Second Semester/Spring Session,Undergraduate,6.0,In Person,2017
1361,ENGN8104,Engineering Research Project,,Postgraduate,12.0,In Person,2017
1362,ENGN4712,Engineering Research and Development Project,Summer Session/First Semester/Autumn Session/Winter Session/Second Semester/Spring Session,Undergraduate,6.0,In Person,2017
1363,ENGN4718,Engineering Research and Development Project,Summer Session/First Semester/Autumn Session/Winter Session/Second Semester/Spring Session,Undergraduate,6.0,In Person,2017
1364,ENGN3712,Engineering Research and Development Project,Summer Session/First Semester/Autumn Session/Winter Session/Second Semester/Spring Session,Undergraduate,6.0,In Person,2017
1365,ENGN4706,Engineering Research and Development Project,Summer Session/First Semester/Autumn Session/Winter Session/Second Semester/Spring Session,Undergraduate,6.0,In Person,2017
1366,ENGN2707,Engineering Research and Development Project,Summer Session/First Semester/Autumn Session/Winter Session/Second Semester/Spring Session,Undergraduate,6.0,In Person,2017
1367,ENGN2706,Engineering Research and Development Project (Methods),First Semester,Undergraduate,6.0,In Person,2017
1368,ENGN1215,Engineering Sciences,First Semester,Undergraduate,6.0,In Person,2017
1369,ENGN6410,Engineering Sustainable Systems,Second Semester,Postgraduate,6.0,In Person,2017
1370,ENGN3410,Engineering Sustainable Systems,Second Semester,Undergraduate,6.0,In Person,2017
1371,ENGN2222,Engineering Thermodynamics,Second Semester,Undergraduate,6.0,In Person,2017
1372,ENGN3013,Engineering for a Humanitarian Context,,Undergraduate,6.0,In Person,2017
1373,VIET3015,English - Vietnamese Translation,Second Semester,Undergraduate,6.0,In Person,2017
1374,LAWS4209,English in a Legal Context,First Semester/Second Semester,Undergraduate,0.0,In Person,2017
1375,VIET6015,English-Vietnamese Translation,Second Semester,Postgraduate,6.0,In Person,2017
1376,HIST2228,Enlightenment Worlds,Second Semester,Undergraduate,6.0,In Person,2017
1377,HIST6228,Enlightenment Worlds,Second Semester,Postgraduate,6.0,In Person,2017
1378,ACST4060,Enterprise Risk Management 1,First Semester,Undergraduate,6.0,In Person,2017
1379,ACST8060,Enterprise Risk Management 1,First Semester,Postgraduate,6.0,In Person,2017
1380,ACST4061,Enterprise Risk Management 2,Second Semester,Undergraduate,6.0,In Person,2017
1381,ACST8061,Enterprise Risk Management 2,Second Semester,Postgraduate,6.0,In Person,2017
1382,INFS4004,Enterprise Systems and Business Process Management,First Semester,Undergraduate,6.0,In Person,2017
1383,INFS8004,Enterprise Systems and Business Process Management,First Semester/Second Semester,Postgraduate,6.0,In Person,2017
1384,INFS3002,Enterprise Systems in Business,Second Semester,Undergraduate,6.0,In Person,2017
1385,MGMT8015,Entrepreneurship and Innovation,Second Semester,Postgraduate,6.0,Online or In Person,2017
1386,MGMT3027,Entrepreneurship and Innovation,Second Semester,Undergraduate,6.0,In Person,2017
1387,MGMT7161,Entrepreneurship and New Venture Planning,Autumn Session/Winter Session/Second Semester,Postgraduate,6.0,In Person,2017
1388,ARTV6921,Environment Studio 1,First Semester,Postgraduate,6.0,In Person,2017
1389,ARTV2921,Environment Studio 1,First Semester,Undergraduate,6.0,In Person,2017
1390,ARTV2922,Environment Studio 2,,Undergraduate,6.0,In Person,2017
1391,PASI2003,Environment and Development in the Pacific,First Semester,Undergraduate,6.0,In Person,2017
1392,ENVS4005F,Environment and Society Honours,First Semester/Second Semester,Undergraduate,12.0,In Person,2017
1393,ENVS4005P,Environment and Society Honours,First Semester/Second Semester,Undergraduate,12.0,In Person,2017
1394,ENVS1001,Environment and Society: Geography of Sustainability,First Semester,Undergraduate,6.0,In Person,2017
1395,ENVS6101,Environment and Society: Geography of Sustainability,First Semester,Postgraduate,6.0,In Person,2017
1396,POLS3033,"Environment, Human Security and Conflict",Second Semester,Undergraduate,6.0,In Person,2017
1397,EMDV8103,Environmental Assessment,Winter Session,Postgraduate,6.0,In Person,2017
1398,CHEM2204,Environmental Chemistry,,Undergraduate,6.0,In Person,2017
1399,LAWS8278,Environmental Dispute Management,Winter Session,Postgraduate,6.0,In Person,2017
1400,IDEC8053,Environmental Economics,First Semester,Postgraduate,6.0,In Person,2017
1401,EMDV8104,Environmental Governance,First Semester,Postgraduate,6.0,In Person,2017
1402,LAWS8146,Environmental Landuse Planning Law,Spring Session,Postgraduate,6.0,In Person,2017
1403,LAWS4215,Environmental Law,Summer Session,Undergraduate,6.0,In Person,2017
1404,LAWS4281,Environmental Law Clinical Program,First Semester/Second Semester,Undergraduate,6.0,In Person,2017
1405,LAWS2216,Environmental Law Elective,,Undergraduate,6.0,In Person,2017
1406,LAWS8187,Environmental Litigation,,Postgraduate,6.0,In Person,2017
1407,MATH3133,Environmental Mathematics,Second Semester,Undergraduate,6.0,In Person,2017
1408,ENVS6202,"Environmental Measurement, Modelling and Monitoring",Winter Session,Postgraduate,6.0,In Person,2017
1409,ENVS2002,"Environmental Measurement, Modelling and Monitoring",Winter Session,Undergraduate,6.0,In Person,2017
1410,MATH6102,Environmental Modelling and Integrated Assessment,Second Semester,Postgraduate,6.0,In Person,2017
1411,ENVS3028,Environmental Policy,First Semester,Undergraduate,6.0,In Person,2017
1412,ENVS6528,Environmental Policy,First Semester,Postgraduate,6.0,In Person,2017
1413,EMDV8007,Environmental Policy and Communications,Second Semester,Postgraduate,6.0,In Person,2017
1414,LAWS8010,Environmental Protection and Human Rights,,Postgraduate,6.0,In Person,2017
1415,LAWS8111,Environmental Regulation,,Postgraduate,6.0,In Person,2017
1416,ENVS2018,Environmental Science Field School,Winter Session,Undergraduate,6.0,In Person,2017
1417,ENVS6218,Environmental Science Field School,Winter Session,Postgraduate,6.0,In Person,2017
1418,SOCY2022,Environmental Sociology,,Undergraduate,6.0,In Person,2017
1419,EMDV8001,"Environmental Sustainability, Health and Development",,Postgraduate,6.0,In Person,2017
1420,LAWS8145,Environmental and Risk Assessment Law,,Postgraduate,6.0,In Person,2017
1421,LAWS8707,Equity & Trusts & Corporations Law A,,Postgraduate,8.0,Online,2017
1422,LAWS8708,Equity & Trusts & Corporations Law B,,Postgraduate,8.0,Online,2017
1423,LAWS6205,Equity and Trusts,Second Semester,Postgraduate,6.0,In Person,2017
1424,LAWS2205,Equity and Trusts,Second Semester,Undergraduate,6.0,In Person,2017
1425,ESEN1101,Essential University English,First Semester/Second Semester,Undergraduate,6.0,In Person,2017
1426,ENVS3015,Essentials of Environmental Law,Winter Session,Undergraduate,6.0,Online or In Person,2017
1427,ENVS6315,Essentials of Environmental Law,Winter Session,Postgraduate,6.0,Online or In Person,2017
1428,LAWS8322,Estate Planning: Issues and Strategies,Autumn Session,Postgraduate,6.0,Online,2017
1429,NSPO8008,Ethical Challenges for National Security,Second Semester,Postgraduate,6.0,In Person,2017
1430,INTR8051,Ethics and Culture in World Politics,,Postgraduate,6.0,In Person,2017
1431,POLS8035,Ethics and Politics,,Postgraduate,6.0,In Person,2017
1432,NSPO8014,Ethics and Technologies of War,First Semester,Postgraduate,6.0,In Person,2017
1433,INTR8053,Ethics of Peace and War,First Semester,Postgraduate,6.0,In Person,2017
1434,SCOM8721,"Ethics, Issues and Consequences of Science (Hong Kong)",,Postgraduate,6.0,Blended,2017
1435,INTR8040,Ethnicity and Conflict in Asia and the Pacific,First Semester,Postgraduate,6.0,In Person,2017
1436,LAWS8579,Ethno-Political Conflicts and International Law,Autumn Session,Postgraduate,6.0,In Person,2017
1437,ASIA2303,Ethnography & Religion in Asia,,Undergraduate,6.0,In Person,2017
1438,HIST2205,"Europe and the Atlantic World, c.1492–1776.",,Undergraduate,6.0,In Person,2017
1439,HIST6205,"Europe and the Atlantic World, c.1492–1776.",,Postgraduate,6.0,In Person,2017
1440,EURO1004,Europe in the Modern Era,Second Semester,Undergraduate,6.0,In Person,2017
1441,LANG3003,European Narrative,,Undergraduate,6.0,In Person,2017
1442,ENGL3006,European Narrative (English),,Undergraduate,6.0,In Person,2017
1443,ARCH6058,European Prehistory from Cultivation to the Celts,First Semester,Postgraduate,6.0,In Person,2017
1444,EURO2003,"European Union: Policies, Institutions and Challenges",First Semester,Undergraduate,6.0,In Person,2017
1445,ARCH2058,European prehistory from cultivation to the Celts,First Semester,Undergraduate,6.0,In Person,2017
1446,LAWS6207,Evidence,Second Semester,Postgraduate,6.0,In Person,2017
1447,LAWS2207,Evidence,Second Semester,Undergraduate,6.0,In Person,2017
1448,MEDI8114,Evidence Based Practice: Translational Medicine in Clinical Settings,,Postgraduate,6.0,In Person,2017
1449,MGMT7250,Evidence-Based Management,First Semester/Second Semester,Postgraduate,6.0,Online or In Person,2017
1450,BIOL2114,Evolution,Second Semester,Undergraduate,6.0,In Person,2017
1451,BIOL6114,Evolution,Second Semester,Postgraduate,6.0,In Person,2017
1452,BIAN3124,Evolution and Human Behaviour,First Semester,Undergraduate,6.0,In Person,2017
1453,BIAN6124,Evolution and Human Behaviour,First Semester,Postgraduate,6.0,In Person,2017
1454,BIOL3206,Evolution of Biodiversity,Second Semester,Undergraduate,6.0,In Person,2017
1455,BIOL6206,Evolution of Biodiversity,Second Semester,Postgraduate,6.0,In Person,2017
1456,BIOL3131,Evolutionary and Behavioural Ecology,First Semester,Undergraduate,6.0,In Person,2017
1457,BIOL6631,Evolutionary and Behavioural Ecology,First Semester,Postgraduate,6.0,In Person,2017
1458,SOCY2026,"Excessive Appetites: Sociocultural Perspectives on Addiction, Drug Use and Gender",,Undergraduate,6.0,In Person,2017
1459,SOCY6065,"Excessive Appetites: Sociocultural Perspectives on Addiction, Drug Use and Gender",,Postgraduate,6.0,In Person,2017
1460,GEND2036,"Excessive Appetites: Sociocultural Perspectives on Addiction, Drug Use and Gender",,Undergraduate,6.0,In Person,2017
1461,CBEA5922,ExchExchange Program ANU College of Business and Economics - Band 3,First Semester/Second Semester,Undergraduate,6.0,In Person,2017
1462,CBEA5920,Exchange Program ANU College of Business and Economics - Band 2,First Semester/Winter Session/Second Semester/Spring Session,Undergraduate,6.0,In Person,2017
1463,CBEA8820,Exchange Program for  ANU College of Business and Economics (PG),First Semester/Second Semester,Postgraduate,6.0,In Person,2017
1464,ARTS5920,Exchange Program for Arts Students,First Semester/Winter Session/Second Semester,Undergraduate,6.0,In Person,2017
1465,ARTS8820,Exchange Program for Graduate Arts Students,First Semester/Second Semester,Postgraduate,6.0,In Person,2017
1466,LAWS8820,Exchange Program for Graduate Law Students,First Semester/Second Semester,Postgraduate,6.0,In Person,2017
1467,SCNC8820,Exchange Program for Graduate Science Students,Summer Session/First Semester/Autumn Session/Winter Session/Second Semester/Spring Session,Postgraduate,6.0,In Person,2017
1468,COMP8820,Exchange Program for Graduate Students in Computer Science,First Semester/Second Semester,Postgraduate,6.0,In Person,2017
1469,ENGN8820,Exchange Program for Graduate Students in Engineering,,Postgraduate,6.0,In Person,2017
1470,LAWS5920,Exchange Program for Law Students,First Semester/Second Semester,Undergraduate,6.0,In Person,2017
1471,SCNC5921,Exchange Program for Science Students (Band 1),First Semester/Second Semester,Undergraduate,6.0,In Person,2017
1472,SCNC5920,Exchange Program for Science Students (Band 2),First Semester/Winter Session/Second Semester,Undergraduate,6.0,In Person,2017
1473,COMP5920,Exchange Program in Computer Science,First Semester/Winter Session/Second Semester/Spring Session,Undergraduate,6.0,In Person,2017
1474,ENGN5920,Exchange Program in Engineering,First Semester/Winter Session/Second Semester/Spring Session,Undergraduate,6.0,In Person,2017
1475,CBEA5921,Exchange – ANU College of Business and Economics _ Bachelor of Social Sciences (Honours),First Semester/Second Semester,Undergraduate,6.0,In Person,2017
1476,LAWS8241,Executive Power,Winter Session,Postgraduate,6.0,In Person,2017
1477,SCOM8007,Exhibition Design,Second Semester,Postgraduate,6.0,In Person,2017
1478,MUSC8018,Exhibition Design and Delivery,Second Semester,Postgraduate,6.0,Online or In Person,2017
1479,BUSI3065,Experience in Asia Project,,Undergraduate,6.0,In Person,2017
1480,BIOL2202,Experimental Design and Analysis in Biology,Second Semester,Undergraduate,6.0,In Person,2017
1481,BIOL6202,Experimental Design and Analysis in Biology,Second Semester,Postgraduate,6.0,In Person,2017
1482,ANTH8018,Explanation and Interpretation in the Analysis on Cultures,,Postgraduate,6.0,In Person,2017
1483,HIST2231,Exploration: Columbus to the Moon,,Undergraduate,6.0,In Person,2017
1484,HIST6235,Exploration: Columbus to the Moon,,Postgraduate,6.0,In Person,2017
1485,ARTH8004,Exploring Asian Art in Asia,Winter Session,Postgraduate,12.0,In Person,2017
1486,ANTH8060,"Exploring Gender, Resources and the Environment",,Postgraduate,6.0,In Person,2017
1487,BIOL2222,Exquisite Corpse - Insight Into The Human Body,Winter Session,Undergraduate,6.0,In Person,2017
1488,DESN8003,Extended Design Inquiry: Application of Research,First Semester/Second Semester,Postgraduate,18.0,In Person,2017
1489,ESEN6101,Extended University English,First Semester/Second Semester,Postgraduate,6.0,In Person,2017
1490,LAWS6217,Family Law,,Postgraduate,6.0,In Person,2017
1491,LAWS4217,Family Law,Second Semester,Undergraduate,6.0,In Person,2017
1492,LAWS8591,Family Law (Children),Second Semester,Postgraduate,6.0,Online,2017
1493,LAWS8580,Family Law (Property),First Semester,Postgraduate,6.0,Online,2017
1494,LEGW8107,Family Law Practice,Summer Session/Winter Session,Postgraduate,3.0,Online,2017
1495,LAWS8310,Federal Criminal Law,,Postgraduate,6.0,In Person,2017
1496,LAWS4261,Federal Criminal Law,,Undergraduate,6.0,In Person,2017
1497,LAWS8313,Federal Criminal Procedure and Evidence,,Postgraduate,6.0,In Person,2017
1498,LAWS4275,Federal Judicial System,Second Semester,Undergraduate,6.0,In Person,2017
1499,LAWS8143,Federal Litigation,First Semester,Postgraduate,6.0,Online,2017
1500,LAWS4218,Feminist and Critical Legal Theory,First Semester,Undergraduate,6.0,In Person,2017
1501,PHYS6501,Fibre Optic Communication Systems,First Semester,Postgraduate,6.0,In Person,2017
1502,PHYS3060,Fibre Optic Communication Systems,First Semester,Undergraduate,6.0,In Person,2017
1503,ENGN6513,Fibre Optics Communication Systems,First Semester,Postgraduate,6.0,In Person,2017
1504,ENGN4513,Fibre Optics Communications Systems,First Semester,Undergraduate,6.0,In Person,2017
1505,EMSC3001,Field Geology,Winter Session,Undergraduate,6.0,In Person,2017
1506,EMSC6001,Field Geology,,Postgraduate,6.0,In Person,2017
1507,LING6009,Field Methods,First Semester,Postgraduate,6.0,Blended,2017
1508,LING3012,Field Methods,First Semester,Undergraduate,6.0,In Person,2017
1509,POPH8311,Field Placement,,Postgraduate,6.0,In Person,2017
1510,BIOL3132,Field Studies in Behavioural Ecology,First Semester,Undergraduate,6.0,In Person,2017
1511,BIOL6010,Field Studies in Behavioural Ecology,First Semester,Postgraduate,6.0,In Person,2017
1512,BIOL2203,Field Studies in Functional Ecology,Autumn Session,Undergraduate,6.0,In Person,2017
1513,SCOM8004A,Fieldwork Placement (Part A),First Semester,Postgraduate,12.0,In Person,2017
1514,SCOM8004B,Fieldwork Placement (Part B),Second Semester,Postgraduate,12.0,In Person,2017
1515,ANTH9902,Fieldwork in the Pacific,,Research,6.0,In Person,2017
1516,ANUC1123,Figure & Life,Second Semester,Undergraduate,6.0,In Person,2017
1517,ARTV1020,Figure & Life,First Semester/Second Semester,Undergraduate,6.0,In Person,2017
1518,HONS4100,Final Honours Grade,First Semester/Second Semester,Undergraduate,0.0,In Person,2017
1519,HONS4300,Final Honours Grade,First Semester/Second Semester,Undergraduate,0.0,In Person,2017
1520,HONS4500,Final Honours Grade,,Undergraduate,0.0,In Person,2017
1521,HONS4601,Final Honours Grade,First Semester/Second Semester,Undergraduate,0.0,In Person,2017
1522,HONS4602,Final Honours Grade,First Semester/Second Semester,Undergraduate,0.0,In Person,2017
1523,HONS4400,Final Honours Grade,First Semester/Second Semester,Undergraduate,0.0,In Person,2017
1524,HONS4600,Final Honours Grade,First Semester,Undergraduate,0.0,In Person,2017
1525,HONS4700,Final Honours Grade,First Semester/Second Semester,Undergraduate,0.0,In Person,2017
1526,FINM7002,Finance Concepts in Regulation,,Postgraduate,6.0,In Person,2017
1527,FINM4500,Finance Honours Thesis,First Semester/Second Semester,Undergraduate,6.0,In Person,2017
1528,FINM4004P,Finance IV Honours (S),First Semester/Second Semester,Undergraduate,12.0,In Person,2017
1529,FINM4004F,Finance IV Honours (S),First Semester/Second Semester,Undergraduate,12.0,In Person,2017
1530,FINM8010,Finance Theory,First Semester/Second Semester,Postgraduate,6.0,In Person,2017
1531,ECON4437,Financial Economics,Second Semester,Undergraduate,6.0,In Person,2017
1532,ECON8037,Financial Economics,Second Semester,Postgraduate,6.0,In Person,2017
1533,ECON3016,Financial Economics(H),Second Semester,Undergraduate,6.0,In Person,2017
1534,ECON3006,Financial Economics(P),Second Semester,Undergraduate,6.0,In Person,2017
1535,MGMT7225,Financial Governance in the Australian Public Sector,,Postgraduate,6.0,In Person,2017
1536,FINM3006,Financial Intermediation and Debt Markets,First Semester,Undergraduate,6.0,In Person,2017
1537,FINM7010,Financial Management Applications,,Postgraduate,3.0,In Person,2017
1538,FINM7039,Financial Management Systems,,Postgraduate,3.0,In Person,2017
1539,IDEC8083,Financial Markets and Instruments,Second Semester,Postgraduate,6.0,In Person,2017
1540,LAWS4237,Financial Markets and Takeovers,Second Semester,Undergraduate,6.0,In Person,2017
1541,STAT2032,Financial Mathematics,First Semester/Second Semester,Undergraduate,6.0,In Person,2017
1542,STAT6046,Financial Mathematics,First Semester/Second Semester,Postgraduate,6.0,In Person,2017
1543,BUSN3008,Financial Reporting By Corporations,First Semester,Undergraduate,6.0,In Person,2017
1544,BUSN8181,Financial Reporting and Analysis,Second Semester,Postgraduate,6.0,In Person,2017
1545,MKTG7003,Financial Services Marketing,,Postgraduate,6.0,In Person,2017
1546,FINM7036,Financial Spreadsheet Techniques,,Postgraduate,3.0,In Person,2017
1547,BUSN2036,Financial Statement Analysis,First Semester,Undergraduate,6.0,In Person,2017
1548,BUSN7036,Financial Statement Analysis,First Semester,Postgraduate,6.0,In Person,2017
1549,BUSN7008,Financial Statements and Reporting,First Semester/Second Semester,Postgraduate,6.0,In Person,2017
1550,ENGN4615,Finite Element Analysis,Second Semester,Undergraduate,6.0,In Person,2017
1551,ENGN6615,Finite Element Analysis,Second Semester,Postgraduate,6.0,In Person,2017
1552,ENVS3008,Fire in the Environment,Summer Session,Undergraduate,6.0,In Person,2017
1553,ENVS6308,Fire in the Environment,Summer Session,Postgraduate,6.0,In Person,2017
1554,ENGN3224,Fluid Mechanics and Heat Transfer,First Semester,Undergraduate,6.0,In Person,2017
1555,ENGN6224,Fluid Mechanics and Heat Transfer,First Semester,Postgraduate,6.0,In Person,2017
1556,EMDV8082,Food Wars: Food Security and Agricultural Policy,Second Semester,Postgraduate,6.0,Online or In Person,2017
1557,ANTH6518,Food for Thought: Anthropological theories of food and eating,,Postgraduate,6.0,In Person,2017
1558,ANTH2132,Food for Thought: Anthropological theories of food and eating,,Undergraduate,6.0,In Person,2017
1559,POGO8015,Foreign Direct Investment Policy,Second Semester,Postgraduate,6.0,In Person,2017
1560,POLS3001,Foreign Policy Analysis,First Semester,Undergraduate,6.0,In Person,2017
1561,BIAN2128,Forensic Anthropology and Archaeology,Second Semester,Undergraduate,6.0,In Person,2017
1562,BIAN6515,Forensic Anthropology and Archaeology,Second Semester,Postgraduate,6.0,In Person,2017
1563,ENVS4055F,Forest Sciences IV Honours,First Semester/Second Semester,Undergraduate,12.0,In Person,2017
1564,ENVS4055P,Forest Sciences IV Honours,First Semester/Second Semester,Undergraduate,12.0,In Person,2017
1565,ENVS8105,Forestry Research Essay,First Semester/Second Semester,Postgraduate,6.0,In Person,2017
1566,DESN6005,Form and Fabrication in Context,,Postgraduate,6.0,In Person,2017
1567,DESN2005,Form and Fabrication in Context,,Undergraduate,6.0,In Person,2017
1568,ARTV1032,Foundation Computer Studies,,Undergraduate,6.0,In Person,2017
1569,LAWS1201,Foundations of Australian Law,First Semester/Second Semester,Undergraduate,6.0,In Person,2017
1570,LAWS6101,Foundations of Australian Law,First Semester/Second Semester,Postgraduate,6.0,In Person,2017
1571,ASIA2366,Foundations of Chinese Culture,,Undergraduate,6.0,In Person,2017
1572,ASIA2044,Foundations of Chinese History: The Imperial Period (221 BC - 1800),First Semester,Undergraduate,6.0,In Person,2017
1573,ASIA8012,"Foundations of Chinese Society: Friends, Family, Connections",First Semester,Postgraduate,6.0,In Person,2017
1574,COMP6260,Foundations of Computing,Second Semester,Postgraduate,6.0,In Person,2017
1575,COMP1600,Foundations of Computing,Second Semester,Undergraduate,6.0,In Person,2017
1576,DESN2002,Foundations of Creative Code,First Semester,Undergraduate,6.0,In Person,2017
1577,DESN6002,Foundations of Creative Code,First Semester,Postgraduate,6.0,In Person,2017
1578,ENGL2083,Foundations of Drama,Second Semester,Undergraduate,6.0,In Person,2017
1579,EMET1001,Foundations of Economic and Financial Models,First Semester/Second Semester,Undergraduate,6.0,In Person,2017
1580,LAWS8581,Foundations of Family Law and Practice,First Semester/Second Semester,Postgraduate,6.0,Online,2017
1581,FINM1001,Foundations of Finance,First Semester/Second Semester,Undergraduate,6.0,In Person,2017
1582,MGMT7030,Foundations of Management,,Postgraduate,6.0,Online or In Person,2017
1583,BUSN8110,Foundations of Management Accounting Research,,Postgraduate,6.0,In Person,2017
1584,MATH6203,Foundations of Mathematics,First Semester,Postgraduate,6.0,In Person,2017
1585,MEDI3005,Foundations of Medicine,First Semester,Undergraduate,18.0,In Person,2017
1586,PHIL2119,Foundations of Modern Philosophy,,Undergraduate,6.0,In Person,2017
1587,NSPO8011,Foundations of National Security,First Semester,Postgraduate,6.0,In Person,2017
1588,CHEM2212,Foundations of Physical Chemistry,Second Semester,Undergraduate,6.0,Blended,2017
1589,PHYS1001,Foundations of Physics,First Semester,Undergraduate,6.0,In Person,2017
1590,POLS2120,Foundations of Political Theory,Winter Session,Undergraduate,6.0,In Person,2017
1591,SOCR1001,Foundations of Social Research,Second Semester,Undergraduate,6.0,In Person,2017
1592,PHYS3035,Fourier Systems and Optics,Second Semester,Undergraduate,6.0,In Person,2017
1593,MATH6116,Fractal Geometry and Chaotic Dynamics,First Semester,Postgraduate,6.0,In Person,2017
1594,MATH3062,Fractal Geometry and Chaotic Dynamics,First Semester,Undergraduate,6.0,In Person,2017
1595,ARCH4004,Frameworks for Archaeological Science,First Semester,Undergraduate,6.0,Online or In Person,2017
1596,ARCH8103,Frameworks for Archaeological Science,First Semester,Postgraduate,6.0,Online or In Person,2017
1597,COMP8440,Free and Open Source Software Development,,Postgraduate,6.0,In Person,2017
1598,LAWS8243,Freedom of Information and Privacy,,Postgraduate,6.0,In Person,2017
1599,FREN2022,French Literature and The Pacific,,Undergraduate,6.0,In Person,2017
1600,ASIA2314,From Mongols to Manchus: Inner Asian Frontiers 1400-1900,,Undergraduate,6.0,In Person,2017
1601,ARCH1112,From Origins to Civilizations,Second Semester,Undergraduate,6.0,In Person,2017
1602,ASTR4007,From Stars to Galaxies,First Semester,Undergraduate,6.0,In Person,2017
1603,ASTR6007,From Stars to Galaxies,First Semester,Postgraduate,6.0,In Person,2017
1604,ASTR3007,From Stars to Galaxies,First Semester,Undergraduate,6.0,In Person,2017
1605,DESN2006,Front-End Web: Crafting Online Experience,Second Semester,Undergraduate,6.0,In Person,2017
1606,DESN6006,Front-End Web: Crafting Online Experience,Second Semester,Postgraduate,6.0,In Person,2017
1607,ASIA8108,Fun and Politics in Everyday Life,,Postgraduate,6.0,Blended,2017
1608,PHIL1004,Fundamental Ideas in Philosophy: An Introduction,First Semester,Undergraduate,6.0,In Person,2017
1609,LAWS8651,Fundamentals of Australian Migration Law,First Semester/Second Semester,Postgraduate,6.0,Online,2017
1610,EMSC4021,Fundamentals of Climate System Science,Second Semester,Undergraduate,6.0,In Person,2017
1611,EMSC6021,Fundamentals of Climate System Science,Second Semester,Postgraduate,6.0,In Person,2017
1612,EMSC2021,Fundamentals of Climate System Science,Second Semester,Undergraduate,6.0,In Person,2017
1613,EMET8014,Fundamentals of Econometric Methods,First Semester,Postgraduate,6.0,In Person,2017
1614,LAWS8189,Fundamentals of Environmental Law,Summer Session,Postgraduate,6.0,In Person,2017
1615,POPH4100,Fundamentals of Epidemiology,First Semester/Second Semester,Undergraduate,6.0,Online or In Person,2017
1616,POPH8100,Fundamentals of Epidemiology,First Semester/Second Semester,Postgraduate,6.0,Online or In Person,2017
1617,PHYS8204,Fundamentals of Nuclear Radiation,First Semester,Postgraduate,6.0,In Person,2017
1618,PHYS8201,Fundamentals of Nuclear Science,First Semester,Postgraduate,6.0,In Person,2017
1619,ASIA4001,"Fundamentals of Research Design in Asia-Pacific Culture, History and Languages",First Semester,Undergraduate,12.0,In Person,2017
1620,STST4001,"Fundamentals of Research Design in Asia-Pacific International, Political and Security Studies",First Semester,Undergraduate,12.0,In Person,2017
1621,ASIA9051,Fundamentals of Research in Pacific and Asian Studies,First Semester,Postgraduate,6.0,In Person,2017
1622,ENGN8524,Fundamentals of Solar Cells,,Postgraduate,6.0,In Person,2017
1623,FINM7021,Funds Management,,Postgraduate,3.0,In Person,2017
1624,DESA2207,Furniture Design: Complex Linear Structures,Second Semester,Undergraduate,6.0,In Person,2017
1625,DESA2209,Furniture Design: Compound Volumetric Structures,First Semester,Undergraduate,6.0,In Person,2017
1626,DESA2206,Furniture Design: Curved Componentry,Second Semester,Undergraduate,6.0,In Person,2017
1627,DESA2208,Furniture Design: Individual Boxes,First Semester,Undergraduate,6.0,In Person,2017
1628,ARTV2206,Furniture: Bend/Curve,Second Semester,Undergraduate,6.0,In Person,2017
1629,ARTV2209,Furniture: Collect/Display,First Semester,Undergraduate,6.0,In Person,2017
1630,ARTV1202,Furniture: Elevate/Surface,Second Semester,Undergraduate,6.0,In Person,2017
1631,ARTV2208,Furniture: Hold / Contain,First Semester,Undergraduate,6.0,In Person,2017
1632,ARTV1201,Furniture: Shape/Structure,First Semester,Undergraduate,6.0,In Person,2017
1633,ARTV2207,Furniture: Support/Body,Second Semester,Undergraduate,6.0,In Person,2017
1634,ENVS2015,GIS and Spatial Analysis,Second Semester,Undergraduate,6.0,In Person,2017
1635,ENVS6015,GIS and Spatial Analysis,Second Semester,Postgraduate,6.0,In Person,2017
1636,ASTR8006,Galaxies,First Semester,Postgraduate,6.0,In Person,2017
1637,ASTR4006,Galaxies,First Semester,Undergraduate,6.0,In Person,2017
1638,MEAS2108,Gallipoli: History and National Imagination,First Semester,Undergraduate,6.0,In Person,2017
1639,ECON4453,Game Theory,Second Semester,Undergraduate,6.0,In Person,2017
1640,ECON8053,Game Theory,Second Semester,Postgraduate,6.0,In Person,2017
1641,ECON3153,Game Theory (H),Second Semester,Undergraduate,6.0,In Person,2017
1642,ECON3152,Game Theory (P),Second Semester,Undergraduate,6.0,In Person,2017
1643,POLS2125,Game Theory and Social Sciences,Second Semester,Undergraduate,6.0,In Person,2017
1644,MATH2301,"Games, Graphs and Machines",Second Semester,Undergraduate,6.0,In Person,2017
1645,ANTH6025,Gender and Cross-Cultural Perspective,First Semester,Postgraduate,6.0,In Person,2017
1646,ASIA2311,Gender and Cultural Studies in Asia and the Pacific,Second Semester,Undergraduate,6.0,In Person,2017
1647,MEAS2107,Gender and Culture in Iran and the Middle East,Second Semester,Undergraduate,6.0,In Person,2017
1648,GEND2107,Gender and Culture in Iran and the Middle East,Second Semester,Undergraduate,6.0,In Person,2017
1649,POLS2134,Gender and Politics,Second Semester,Undergraduate,6.0,In Person,2017
1650,DEMO8048,Gender and Population,First Semester,Postgraduate,6.0,In Person,2017
1651,PASI3002,Gender and Sexuality in the Pacific,Winter Session,Undergraduate,6.0,In Person,2017
1652,PASI8008,Gender and Sexuality in the Pacific,Winter Session,Postgraduate,6.0,In Person,2017
1653,ANTH2025,Gender in Cross-Cultural Perspective,First Semester,Undergraduate,6.0,In Person,2017
1654,GEND2035,Gender in Cross-Cultural Perspective,First Semester,Undergraduate,6.0,In Person,2017
1655,GERM3050,Gender in German Culture: From Goethe to Trans*,,Undergraduate,6.0,In Person,2017
1656,GERM6511,Gender in German Culture: From Goethe to Trans*,,Postgraduate,6.0,In Person,2017
1657,GEND2024,Gender in Humanities: Reading Jane Eyre,,Undergraduate,6.0,In Person,2017
1658,ASIA2006,Gender in Korean History,,Undergraduate,6.0,In Person,2017
1659,GEND2002,Gender in Korean History,,Undergraduate,6.0,In Person,2017
1660,ASIA6106,Gender in Korean History,,Postgraduate,6.0,In Person,2017
1661,GEND6024,Gender in the Humanities: Reading Jane Eyre,,Postgraduate,6.0,In Person,2017
1662,GEND2025,"Gender, Health and Embodiment",,Undergraduate,6.0,In Person,2017
1663,ASIA2092,"Gender, Labour and Capitalism in East Asia",,Undergraduate,6.0,In Person,2017
1664,ASIA6092,"Gender, Labour and Capitalism in East Asia",,Postgraduate,6.0,In Person,2017
1665,LAWS8329,"Gender, Law and Development",,Postgraduate,6.0,In Person,2017
1666,PAAS9569P,"Gender, Media and Cultural Studies PhD Course",,Research,6.0,In Person,2017
1667,PAAS9569F,"Gender, Media and Cultural Studies PhD Course",,Research,6.0,In Person,2017
1668,GEND2023,"Gender, Sex and Sexuality: An Introduction to Feminist Theory",First Semester,Undergraduate,6.0,In Person,2017
1669,ANTH8106,"Gender, Violence and Development",,Postgraduate,6.0,Online or In Person,2017
1670,INTR8064,"Gender, War, and Justice in South and Southeast Asia",,Postgraduate,6.0,In Person,2017
1671,STST2085,Gendered Politics of War,,Undergraduate,6.0,In Person,2017
1672,GEND2085,Gendered Politics of War,,Undergraduate,6.0,In Person,2017
1673,BIOL2142,General Microbiology,Second Semester,Undergraduate,6.0,In Person,2017
1674,BIOL6142,General Microbiology,Second Semester,Postgraduate,6.0,In Person,2017
1675,STAT3015,Generalised Linear Modelling,Second Semester,Undergraduate,6.0,In Person,2017
1676,STAT4030,Generalised Linear Modelling,Second Semester,Undergraduate,6.0,In Person,2017
1677,STAT7030,Generalised Linear Models,Second Semester,Postgraduate,6.0,In Person,2017
1678,BIOL6161,Genes: Replication and Expression,First Semester,Postgraduate,6.0,In Person,2017
1679,BIOL2161,Genes: Replication and Expression,First Semester,Undergraduate,6.0,In Person,2017
1680,BIOL6006,Genetics,First Semester,Postgraduate,6.0,In Person,2017
1681,BIOL2151,Genetics,First Semester,Undergraduate,6.0,In Person,2017
1682,BIOL3204,Genetics of Human Disease 1,First Semester,Undergraduate,6.0,In Person,2017
1683,BIOL6204,Genetics of Human Disease 1,First Semester,Postgraduate,6.0,In Person,2017
1684,BIOL6205,Genetics of Human Disease 2,Second Semester,Postgraduate,6.0,In Person,2017
1685,BIOL3205,Genetics of Human Disease 2,Second Semester,Undergraduate,6.0,In Person,2017
1686,POLS2100,Genocide - Post 1945,,Undergraduate,6.0,In Person,2017
1687,POLS2096,Genocide Studies,,Undergraduate,6.0,In Person,2017
1688,BIOL8020,Genomics & Biotechnology,,Postgraduate,6.0,In Person,2017
1689,BIOL3161,Genomics and its Applications,First Semester,Undergraduate,6.0,In Person,2017
1690,BIOL6163,Genomics and its Applications,First Semester,Postgraduate,6.0,In Person,2017
1691,EMSC6019,Geobiology and Evolution of Life on Earth,Second Semester,Postgraduate,6.0,In Person,2017
1692,EMSC2019,Geobiology and Evolution of Life on Earth,Second Semester,Undergraduate,6.0,In Person,2017
1693,EMSC4019,Geobiology and Evolution of Life on Earth,Second Semester,Undergraduate,6.0,In Person,2017
1694,ENVS4015F,Geography IV Honours (S),First Semester/Second Semester,Undergraduate,12.0,In Person,2017
1695,ENVS4015P,Geography IV Honours (S),First Semester/Second Semester,Undergraduate,12.0,In Person,2017
1696,EMSC6802,Geology Reading Course,Summer Session/First Semester/Autumn Session/Winter Session/Second Semester/Spring Session,Postgraduate,6.0,In Person,2017
1697,EMSC8702,Geology Reading Course,Summer Session/First Semester/Autumn Session/Winter Session/Second Semester/Spring Session,Postgraduate,6.0,In Person,2017
1698,EMSC6801,Geology Research Project,Summer Session/First Semester/Autumn Session/Winter Session/Second Semester/Spring Session,Postgraduate,3.0,In Person,2017
1699,EMSC8701,Geology Research Project,Summer Session/First Semester/Autumn Session/Winter Session/Second Semester/Spring Session,Postgraduate,6.0,In Person,2017
1700,EMSC6805,Geology Special Topic,Summer Session/First Semester/Autumn Session/Winter Session/Second Semester/Spring Session,Postgraduate,3.0,In Person,2017
1701,EMSC8705,Geology Special Topic,Summer Session/First Semester/Autumn Session/Winter Session/Second Semester/Spring Session,Postgraduate,6.0,In Person,2017
1702,ENVS3026,Geomorphology: Landscape Evolution under Changing Climate,,Undergraduate,6.0,In Person,2017
1703,ENVS6312,Geomorphology: Landscape Evolution under Changing Climate,,Postgraduate,6.0,In Person,2017
1704,EMSC8013,Geophysical Continuum Mechanics,,Postgraduate,6.0,In Person,2017
1705,MEAS4114,Geopolitics of Central Asia,,Undergraduate,6.0,In Person,2017
1706,MEAS8114,Geopolitics of Central Asia,,Postgraduate,6.0,In Person,2017
1707,FILM2012,"German Film Since the Wall: Identity, History and Belonging",,Undergraduate,6.0,In Person,2017
1708,FILM6012,"German Film Since the Wall: Identity, History and Belonging",,Postgraduate,6.0,In Person,2017
1709,GERM2113,"German Film Since the Wall: Identity, History and Belonging",,Undergraduate,6.0,In Person,2017
1710,GERM6513,"German Film Since the Wall: Identity, History and Belonging",,Postgraduate,6.0,In Person,2017
1711,GERM3051,German Literature and Culture Today,,Undergraduate,6.0,In Person,2017
1712,GERM6051,German Literature and Culture Today,,Postgraduate,6.0,In Person,2017
1713,GERM6507,German Studies - Advanced 1,First Semester,Postgraduate,6.0,In Person,2017
1714,GERM6503,German Studies Continuing I,First Semester,Postgraduate,6.0,In Person,2017
1715,GERM6504,German Studies Continuing II,Second Semester,Postgraduate,6.0,In Person,2017
1716,GERM6505,German Studies Intermediate I,First Semester,Postgraduate,6.0,In Person,2017
1717,GERM6506,German Studies Intermediate II,Second Semester,Postgraduate,6.0,In Person,2017
1718,GERM6501,German Studies Introduction I,First Semester,Postgraduate,6.0,In Person,2017
1719,GERM6502,German Studies Introduction II,Second Semester,Postgraduate,6.0,In Person,2017
1720,GERM3007,German Studies: Advanced German 1,First Semester,Undergraduate,6.0,In Person,2017
1721,GERM3008,German Studies: Advanced German 2,Second Semester,Undergraduate,6.0,In Person,2017
1722,GERM6508,German Studies: Advanced German 2,Second Semester,Postgraduate,6.0,In Person,2017
1723,GERM2103,German Studies: Continuing German 1,First Semester,Undergraduate,6.0,In Person,2017
1724,GERM2104,German Studies: Continuing German 2,Second Semester,Undergraduate,6.0,In Person,2017
1725,GERM2105,German Studies: Intermediate German 1,First Semester,Undergraduate,6.0,In Person,2017
1726,GERM3106,German Studies: Intermediate German 2,Second Semester,Undergraduate,6.0,In Person,2017
1727,GERM1021,German Studies: Introduction to German 1,First Semester,Undergraduate,6.0,In Person,2017
1728,GERM1022,German Studies: Introduction to German 2,Second Semester,Undergraduate,6.0,In Person,2017
1729,DESA2309,Glass Design: Advanced Hot glass and Cold Working Process for Design Application,Second Semester,Undergraduate,6.0,In Person,2017
1730,DESA2307,Glass Design: Blowing and Finishing Techniques in context,First Semester,Undergraduate,6.0,In Person,2017
1731,DESA2306,Glass Design: Kiln Casting,First Semester,Undergraduate,6.0,In Person,2017
1732,DESA2308,Glass Design: Kiln Forming,Second Semester,Undergraduate,6.0,In Person,2017
1733,ARTV1301,Glass Introduction,First Semester,Undergraduate,6.0,In Person,2017
1734,ARTV2316,Glass: Advanced Hot and Cold Glass Working Process,Second Semester,Undergraduate,6.0,In Person,2017
1735,ARTV2314,Glass: Blowing and Finishing Techniques in context,First Semester,Undergraduate,6.0,In Person,2017
1736,ARTV2313,Glass: Kiln Casting,First Semester,Undergraduate,6.0,In Person,2017
1737,ARTV2315,Glass: Kiln Forming,Second Semester,Undergraduate,6.0,In Person,2017
1738,ARTV1302,Glass: Processes and Methods,Second Semester,Undergraduate,6.0,In Person,2017
1739,HIST2241,Global Aboriginal and Native Histories,First Semester,Undergraduate,6.0,In Person,2017
1740,CBEA3066,Global Business Immersion,First Semester/Second Semester,Undergraduate,6.0,In Person,2017
1741,ANTH1003,"Global Citizen: Culture, Development and Inequality",Second Semester,Undergraduate,6.0,In Person,2017
1742,ANUC1103,"Global Citizen: Culture, Development and Inequality",Second Semester,Undergraduate,6.0,In Person,2017
1743,GEND2111,Global Citizens,,Undergraduate,6.0,In Person,2017
1744,PHIL2111,Global Citizens,,Undergraduate,6.0,In Person,2017
1745,INTR8044,Global Civil Society and the Role of NGOs 1,,Postgraduate,6.0,In Person,2017
1746,INTR8028,Global Environmental Politics,,Postgraduate,6.0,In Person,2017
1747,SCNC1002,Global Experiences in Science,Winter Session/Spring Session,Undergraduate,6.0,In Person,2017
1748,INTR8045,Global Governance,Second Semester,Postgraduate,6.0,In Person,2017
1749,LAWS8582,Global Health Law,,Postgraduate,6.0,In Person,2017
1750,CHMD8006,Global Health and Development,First Semester,Postgraduate,6.0,Online or In Person,2017
1751,PHIL2113,Global Justice,Second Semester,Undergraduate,6.0,In Person,2017
1752,ASIA8097,Global Learning,Winter Session/Second Semester/Spring Session,Postgraduate,6.0,In Person,2017
1753,ASIA2097,Global Learning,Winter Session/Second Semester,Undergraduate,6.0,In Person,2017
1754,MKTG7035,Global Marketing,Second Semester,Postgraduate,6.0,In Person,2017
1755,FREN3012,"Global Paris: Culture, History and Identity in the French Capital",,Undergraduate,6.0,In Person,2017
1756,INTR1010,Global Policy in the Asia-Pacific,First Semester,Undergraduate,6.0,In Person,2017
1757,POPH8102,Global Population Health,First Semester,Postgraduate,6.0,Online or In Person,2017
1758,INTR8032,Global Security,Second Semester,Postgraduate,6.0,In Person,2017
1759,ASIA5925,Global Semester,First Semester/Second Semester,Undergraduate,6.0,In Person,2017
1760,POLS2064,Global Social Movements,Second Semester,Undergraduate,6.0,In Person,2017
1761,GEND2064,Global Social Movements,Second Semester,Undergraduate,6.0,In Person,2017
1762,POGO8044,Global Social Policy,Summer Session,Postgraduate,6.0,In Person,2017
1763,POLS3037,"Globalisation: Communications, Culture and Democracy",First Semester,Undergraduate,6.0,In Person,2017
1764,POLS8031,"Globalisation: Theories, Issues, Debates",First Semester,Postgraduate,6.0,In Person,2017
1765,POLS8032,Globalisation: the Interaction of Economics and Politics,Second Semester,Postgraduate,6.0,In Person,2017
1766,GEND2034,"Going Public: Sex, Sexuality and Feminism",,Undergraduate,6.0,In Person,2017
1767,SOCY2010,"Going Public: Sex, Sexuality and Feminism",,Undergraduate,6.0,In Person,2017
1768,DESA2409,Gold and Silversmithing Design: Experimenting with Process,Second Semester,Undergraduate,6.0,In Person,2017
1769,DESA2406,Gold and Silversmithing Design: Forging and Flatware,First Semester,Undergraduate,6.0,In Person,2017
1770,DESA2407,Gold and Silversmithing Design: Utility as Context,First Semester,Undergraduate,6.0,In Person,2017
1771,DESA2408,Gold and Silversmithing Design: Vessel Construction,Second Semester,Undergraduate,6.0,In Person,2017
1772,ARTV2409,Gold and Silversmithing: Experimenting with Process,Second Semester,Undergraduate,6.0,In Person,2017
1773,ARTV2406,Gold and Silversmithing: Forging Flatware,First Semester,Undergraduate,6.0,In Person,2017
1774,ARTV1401,Gold and Silversmithing: Introduction to Precise Miniature Construction,First Semester,Undergraduate,6.0,In Person,2017
1775,ARTV1402,Gold and Silversmithing: Movement and Articulated Form,Second Semester,Undergraduate,6.0,In Person,2017
1776,ARTV2407,Gold and Silversmithing: Utility as Context,First Semester,Undergraduate,6.0,In Person,2017
1777,ARTV2408,Gold and Silversmithing: Vessel Construction,Second Semester,Undergraduate,6.0,In Person,2017
1778,POGO8012,Governance and Institutions,Second Semester,Postgraduate,6.0,In Person,2017
1779,ASIA9053,Governance and Social Theory,Autumn Session,Postgraduate,6.0,Online or In Person,2017
1780,NSPO8016,"Governance, State Weakness and Human Security in Asia",,Postgraduate,6.0,In Person,2017
1781,POGO8504,Governing Contemporary Public Policy,,Postgraduate,6.0,In Person,2017
1782,MEDI8205,Governing Public Health,,Postgraduate,6.0,In Person,2017
1783,POGO8219,Governing Urbanisation,,Postgraduate,6.0,Blended,2017
1784,POGO8066,Governing by the Rules,Summer Session,Postgraduate,6.0,In Person,2017
1785,LAWS8220,Government Contracts,Autumn Session,Postgraduate,6.0,In Person,2017
1786,LEGW8124,Government Law Practice,Autumn Session/Spring Session,Postgraduate,3.0,Online,2017
1787,POGO8064,Government in a Market Economy,Autumn Session,Postgraduate,6.0,In Person,2017
1788,CRWF8000,"Government, Markets and Global Change",First Semester/Second Semester,Postgraduate,6.0,In Person,2017
1789,CRWF7900,Graduate Academic and Research Skills for Public Policy,Summer Session/Winter Session,Postgraduate,0.0,In Person,2017
1790,MUSI7002,"Graduate Composition, Arranging, and Sound Design 1",First Semester/Second Semester,Postgraduate,12.0,In Person,2017
1791,MUSI8005,"Graduate Composition, Arranging, and Sound Design 2",Second Semester,Postgraduate,12.0,In Person,2017
1792,MUSI8006,"Graduate Composition, Arranging, and Sound Design 3",,Postgraduate,12.0,In Person,2017
1793,PHYS8100,Graduate Diploma in Science (Physics) Topics,First Semester/Second Semester,Postgraduate,6.0,In Person,2017
1794,MUSI7001,Graduate Music Performance 1,First Semester/Second Semester,Postgraduate,12.0,In Person,2017
1795,MUSI8003,Graduate Music Performance 2,First Semester/Second Semester,Postgraduate,12.0,In Person,2017
1796,MUSI8004,Graduate Music Performance 3,First Semester/Second Semester,Postgraduate,12.0,In Person,2017
1797,MUSI8007,Graduate Music Professional Practice Project 1,Second Semester,Postgraduate,6.0,In Person,2017
1798,MUSI8008,Graduate Music Professional Practice Project 2,First Semester,Postgraduate,6.0,In Person,2017
1799,MUSI8009,Graduate Music Research Project 1,Second Semester,Postgraduate,6.0,In Person,2017
1800,MUSI8010,Graduate Music Research Project 2,Second Semester,Postgraduate,6.0,In Person,2017
1801,IDEC6906,Graduate Preparatory Econometrics,Winter Session,Postgraduate,0.0,In Person,2017
1802,POGO6900,"Graduate Preparatory Economic, Social and Political Analysis",Summer Session/Winter Session,Postgraduate,0.0,In Person,2017
1803,EMDV6903,Graduate Preparatory Environmental Economics,Summer Session/Winter Session,Postgraduate,0.0,In Person,2017
1804,EMDV6900,Graduate Preparatory Environmental Science,Summer Session/Winter Session,Postgraduate,0.0,In Person,2017
1805,IDEC6905,Graduate Preparatory Macroeconomics,Winter Session,Postgraduate,0.0,In Person,2017
1806,IDEC6907,Graduate Preparatory Mathematical Methods,Summer Session,Postgraduate,0.0,In Person,2017
1807,IDEC6900,Graduate Preparatory Microeconomics,Summer Session,Postgraduate,0.0,In Person,2017
1808,ANTH8001,Graduate Reading Course (Anthropology),First Semester/Second Semester,Postgraduate,6.0,In Person,2017
1809,LING8001,Graduate Reading Course (Linguistics),First Semester/Second Semester,Postgraduate,6.0,Blended,2017
1810,CLAS8002,Graduate Reading Course A,First Semester/Second Semester,Postgraduate,6.0,In Person,2017
1811,CLAS8003,Graduate Reading Course B,First Semester/Second Semester,Postgraduate,6.0,In Person,2017
1812,ARCH8038,Graduate Reading Course in Archaeological Science,Summer Session/First Semester/Autumn Session/Winter Session/Second Semester/Spring Session,Postgraduate,6.0,Online or In Person,2017
1813,LAWS8301,Graduate Research Unit,Summer Session/First Semester/Second Semester,Postgraduate,12.0,In Person,2017
1814,LAWS8305,Graduate Research Unit,,Postgraduate,12.0,In Person,2017
1815,LAWS8308,Graduate Research Unit (Legal Practice),Summer Session/First Semester/Second Semester,Postgraduate,12.0,In Person,2017
1816,STAT7026,Graphical Data Analysis,Summer Session/Second Semester,Postgraduate,6.0,In Person,2017
1817,STAT3011,Graphical Data Analysis,Second Semester,Undergraduate,6.0,In Person,2017
1818,STAT4026,Graphical Data Analysis,Second Semester,Undergraduate,6.0,In Person,2017
1819,STST8051,Great and Powerful Friends: Strategic alliances and Australian security,,Postgraduate,6.0,In Person,2017
1820,EMSC3025,Groundwater,Second Semester,Undergraduate,6.0,In Person,2017
1821,EMSC4025,Groundwater,Second Semester,Undergraduate,6.0,In Person,2017
1822,EMSC6025,Groundwater,Second Semester,Postgraduate,6.0,In Person,2017
1823,ENGN8170,Group Project,First Semester/Second Semester,Postgraduate,12.0,In Person,2017
1824,MGMT8149,Group Research Project,,Postgraduate,6.0,In Person,2017
1825,VCPG6100,Group Research and Innovation Project (GRIP),,Postgraduate,6.0,In Person,2017
1826,POGO8127,Growth and Structural Change,,Postgraduate,6.0,In Person,2017
1827,HUMN6002,Gutenberg to Google: Histories of Information,First Semester,Postgraduate,6.0,In Person,2017
1828,HUMN2002,Gutenberg to Google: Histories of Information,First Semester,Undergraduate,6.0,In Person,2017
1829,COMP6390,HCI and Usability Engineering,Second Semester,Postgraduate,6.0,In Person,2017
1830,BIOL3108,Hallmarks of Cancer,Second Semester,Undergraduate,6.0,In Person,2017
1831,BIOL6108,Hallmarks of Cancer,Second Semester,Postgraduate,6.0,In Person,2017
1832,ARTV2057,Hands On: Material Language,,Undergraduate,6.0,In Person,2017
1833,ARTV6057,Hands On: Material Language,,Postgraduate,6.0,In Person,2017
1834,DIPL8010,Harnessing Diplomacy for International Development,Second Semester,Postgraduate,6.0,Online,2017
1835,ECON3004,Health Economics,Second Semester,Undergraduate,6.0,In Person,2017
1836,ECON8039,Health Economics,Second Semester,Postgraduate,6.0,In Person,2017
1837,LAWS8237,Health Law and Bioethics,Spring Session,Postgraduate,6.0,In Person,2017
1838,LAWS4219,"Health Law, Bioethics and Human Rights",Autumn Session,Undergraduate,6.0,In Person,2017
1839,MEDI8110,Health Policy Seminar,,Postgraduate,6.0,In Person,2017
1840,POGO8029,Health Policy in a Globalising World,,Postgraduate,6.0,In Person,2017
1841,POPH8115,Health Promotion and Protection,Second Semester,Postgraduate,6.0,Online or In Person,2017
1842,PSYC3020,Health Psychology,Second Semester,Undergraduate,6.0,In Person,2017
1843,BIOL8021,Health and Disease in a Changing World,First Semester,Postgraduate,6.0,Online,2017
1844,MUSC8020,Heritage and Museums Seminar Series,,Postgraduate,6.0,Blended,2017
1845,ASTR8003,High Energy Astrophysics,First Semester,Postgraduate,6.0,In Person,2017
1846,ASTR4003,High Energy Astrophysics,First Semester,Undergraduate,6.0,In Person,2017
1847,COMP3320,High Performance Scientific Computation,,Undergraduate,6.0,In Person,2017
1848,COMP6464,High Performance Scientific Computing,,Postgraduate,6.0,In Person,2017
1849,HIND6100,Hindi 1A,First Semester,Postgraduate,6.0,Online or In Person,2017
1850,HIND1100,Hindi 1A,First Semester,Undergraduate,6.0,Online or In Person,2017
1851,HIND6200,Hindi 1B,Second Semester,Postgraduate,6.0,Online or In Person,2017
1852,HIND1200,Hindi 1B,Second Semester,Undergraduate,6.0,Online or In Person,2017
1853,HIND2300,Hindi 2A,First Semester,Undergraduate,6.0,Online or In Person,2017
1854,HIND6300,Hindi 2A,First Semester,Postgraduate,6.0,Online or In Person,2017
1855,HIND2400,Hindi 2B,Second Semester,Undergraduate,6.0,Online or In Person,2017
1856,HIND6400,Hindi 2B,Second Semester,Postgraduate,6.0,Online or In Person,2017
1857,HIND3500,Hindi 3A,First Semester,Undergraduate,6.0,In Person,2017
1858,HIND6500,Hindi 3A,First Semester,Postgraduate,6.0,In Person,2017
1859,HIND3600,Hindi 3B,Second Semester,Undergraduate,6.0,In Person,2017
1860,HIND6600,Hindi 3B,Second Semester,Postgraduate,6.0,In Person,2017
1861,BIOL3203,Histology and Advanced Microscopy,Summer Session,Undergraduate,6.0,In Person,2017
1862,ASIA3052,Historical Studies Project,,Undergraduate,6.0,In Person,2017
1863,ASIA6037,Histories of Modern China,,Postgraduate,6.0,In Person,2017
1864,HIST4010,History Incorporated: Early Modern Bodies 1550-1750,,Undergraduate,12.0,In Person,2017
1865,HIST8023,"History Incorporated: Early Modern Bodies, 1550-1750",,Postgraduate,6.0,In Person,2017
1866,ANTH8017,History of Anthropological Theory,First Semester,Postgraduate,6.0,In Person,2017
1867,ANTH4011,History of Anthropological Theory,Autumn Session,Undergraduate,12.0,In Person,2017
1868,ARCH3026,History of Archaeology: Discovering the Past,,Undergraduate,6.0,In Person,2017
1869,ASIA6044,History of China: The Imperial Period (221 BC - 1800),,Postgraduate,6.0,In Person,2017
1870,ECHI3018,History of Economic Thought (H),,Undergraduate,6.0,In Person,2017
1871,ECHI3008,History of Economic Thought(P),,Undergraduate,6.0,In Person,2017
1872,ASIA2307,History of Empire in Asia,Second Semester,Undergraduate,6.0,In Person,2017
1873,ASIA2037,History of Modern China,,Undergraduate,6.0,In Person,2017
1874,SPAN6516,History of the Spanish Language: A Linguistic Time Travel,,Postgraduate,6.0,In Person,2017
1875,SPAN2603,History of the Spanish language. A linguistic time travel,,Undergraduate,6.0,In Person,2017
1876,ASIA3030,History of the State System in Southeast Asia,Second Semester,Undergraduate,6.0,In Person,2017
1877,ASIA6030,History of the State System in Southeast Asia,Second Semester,Postgraduate,6.0,In Person,2017
1878,HIST8022,"History, Human Rights, and Globalisation",,Postgraduate,6.0,Online or In Person,2017
1879,ARTV1033,Hold Everything: Studio Foundation,First Semester,Undergraduate,6.0,In Person,2017
1880,STST3003,Honeypots and Overcoats: Australian Intelligence in the World,First Semester,Undergraduate,6.0,In Person,2017
1881,ARTH4015,Honours Art Museum Internship 1,First Semester,Undergraduate,6.0,In Person,2017
1882,ARTH4016,Honours Art Museum Internship 2,Second Semester,Undergraduate,6.0,Blended,2017
1883,PHYS4110,Honours Research Project,Second Semester,Undergraduate,12.0,In Person,2017
1884,ENVS4001,Honours Research Skills,First Semester/Second Semester,Undergraduate,6.0,In Person,2017
1885,LAWS3202,Honours Thesis,First Semester/Second Semester,Undergraduate,12.0,In Person,2017
1886,ENVS4000,Honours Thesis,First Semester/Second Semester,Undergraduate,6.0,In Person,2017
1887,MMIB4004F,Honours in Business,,Undergraduate,12.0,In Person,2017
1888,MMIB4004P,Honours in Business,,Undergraduate,12.0,In Person,2017
1889,HIST6233,How the Camera Changed History: A century of photography and cinema,,Postgraduate,6.0,Online or In Person,2017
1890,HIST2233,How the Camera Changed History: A century of photography and cinema,,Undergraduate,6.0,In Person,2017
1891,BIOL3186,Human Anatomy,First Semester,Undergraduate,6.0,In Person,2017
1892,BIOL1008,Human Biology,First Semester,Undergraduate,6.0,In Person,2017
1893,COMP3900,Human Computer Interface Design and Evaluation,Second Semester,Undergraduate,6.0,In Person,2017
1894,ENVS2011,Human Ecology,First Semester,Undergraduate,6.0,In Person,2017
1895,ENVS6020,Human Ecology,First Semester,Postgraduate,6.0,In Person,2017
1896,ENVS4025F,Human Ecology IV Honours (S),First Semester/Second Semester,Undergraduate,12.0,In Person,2017
1897,ENVS4025P,Human Ecology IV Honours (S),First Semester/Second Semester,Undergraduate,12.0,In Person,2017
1898,BIAN3113,Human Evolution,First Semester,Undergraduate,6.0,In Person,2017
1899,BIAN6013,Human Evolution,First Semester,Postgraduate,6.0,In Person,2017
1900,ENVS6306,Human Futures,Second Semester,Postgraduate,6.0,In Person,2017
1901,ENVS3021,Human Futures,Second Semester,Undergraduate,6.0,In Person,2017
1902,POPH8318,"Human Health, Environment and Climate Change",First Semester,Postgraduate,6.0,Online or In Person,2017
1903,BIOL3006,Human Physiology,,Undergraduate,6.0,In Person,2017
1904,BIOL6001,Human Physiology,,Postgraduate,6.0,In Person,2017
1905,MGMT2030,Human Resource Management and Strategy,First Semester,Undergraduate,6.0,In Person,2017
1906,POLS2113,Human Rights,Second Semester,Undergraduate,6.0,In Person,2017
1907,LAWS4220,Human Rights Law in Australia,First Semester,Undergraduate,6.0,In Person,2017
1908,LAWS8155,Human Rights Litigation,Second Semester,Postgraduate,6.0,Online,2017
1909,POLS8036,Human Rights and Human Responsibility,,Postgraduate,6.0,In Person,2017
1910,HUMN8023,Human Rights and Humanitarian Law,Autumn Session,Postgraduate,6.0,In Person,2017
1911,ASIA2081,Human Rights in Asia,Second Semester,Undergraduate,6.0,In Person,2017
1912,ASIA8021,Human Rights in Asia and the Pacific,Second Semester,Postgraduate,6.0,In Person,2017
1913,HIST2238,Human Rights in History,First Semester,Undergraduate,6.0,In Person,2017
1914,POLS8023,Human Rights in International Relations: Theory and Practice,,Postgraduate,6.0,In Person,2017
1915,INTR8073,Human Security,,Postgraduate,6.0,In Person,2017
1916,ASIA6047,"Human Security: Conflict, Displacement and Peace Building",Second Semester,Postgraduate,6.0,In Person,2017
1917,INTR2047,"Human Security: Conflict, Displacement and Peace Building",Second Semester,Undergraduate,6.0,In Person,2017
1918,BIAN2015,Human Skeletal Analysis,First Semester,Undergraduate,6.0,In Person,2017
1919,BIAN6517,Human Skeletal Analysis,First Semester,Postgraduate,6.0,In Person,2017
1920,HIST2133,"Human Variations and Racism in Western Culture, c. 1450-1950",,Undergraduate,6.0,In Person,2017
1921,HIST6133,"Human Variations and Racism in Western Culture, c. 1450-1950",,Postgraduate,6.0,In Person,2017
1922,ANTH8054,Humanitarian Action (Advanced),Second Semester,Postgraduate,12.0,Online or In Person,2017
1923,INTR8062,Humanitarianism in World Politics,Second Semester,Postgraduate,6.0,In Person,2017
1924,HUMN8028,Humanities in the Public and Digital Sphere,First Semester,Postgraduate,6.0,In Person,2017
1925,EXCH2305,IARU Global Summer Program,Winter Session,Undergraduate,0.0,In Person,2017
1926,COMP7310,ICT Sustainability,,Postgraduate,6.0,Online,2017
1927,MEDI3004,IMU Clinical Experience Bridging Course,Summer Session,Undergraduate,3.0,In Person,2017
1928,POLS2121,Ideas in Australian Politics,,Undergraduate,6.0,In Person,2017
1929,POLS2119,Ideas in Politics,First Semester,Undergraduate,6.0,In Person,2017
1930,SOCY2163,"Identity, Difference and Racism",,Undergraduate,6.0,In Person,2017
1931,VCPG8002,Ignorance!,,Postgraduate,6.0,In Person,2017
1932,ANUC1124,Image and Object,Second Semester,Undergraduate,6.0,In Person,2017
1933,ARTV1021,Image and Object,First Semester/Second Semester,Undergraduate,6.0,In Person,2017
1934,EMSC8015,Imaging Earth Structure,,Postgraduate,6.0,In Person,2017
1935,FILM2014,Imagining the French Empire: French Colonialism on Film,First Semester,Undergraduate,6.0,In Person,2017
1936,FREN3108,Imagining the French Empire: French Colonialism on Film,First Semester,Undergraduate,6.0,In Person,2017
1937,FREN6514,Imagining the French Empire: French Colonialism on Film,First Semester,Postgraduate,6.0,In Person,2017
1938,FILM6014,Imagining the French Empire: French Colonialism on Film,First Semester,Postgraduate,6.0,In Person,2017
1939,SOCY2053,Imagining the Future: A Sociology of Utopias,Second Semester,Undergraduate,6.0,In Person,2017
1940,ANCH2025,"Imperialism, Conquest and Colonisation in the Ancient Mediterranean World",First Semester,Undergraduate,6.0,In Person,2017
1941,POGO8085,Implementing Social Policy,,Postgraduate,6.0,In Person,2017
1942,ARCH3024,In the footprints of Siddhartha: The Archaeology of Buddhism,Second Semester,Undergraduate,6.0,In Person,2017
1943,LAWS8325,In-House Corporate and Government Legal Practice,Summer Session,Postgraduate,6.0,Online,2017
1944,LAWS4221,Income Tax,Second Semester,Undergraduate,6.0,In Person,2017
1945,ENVS8049,Independent Research Project,,Postgraduate,6.0,In Person,2017
1946,ENVS3010,Independent Research Project,,Undergraduate,6.0,In Person,2017
1947,ASIA6270,India in the Age of Asian Empires,First Semester,Postgraduate,6.0,In Person,2017
1948,ASIA2270,India in the Age of Asian Empires: South Asian History to 1757,First Semester,Undergraduate,6.0,In Person,2017
1949,ASIA2115,"India: Society, Religion and Politics",,Undergraduate,6.0,In Person,2017
1950,ASIA2062,Indian Epics,,Undergraduate,6.0,In Person,2017
1951,INTR2014,Indian Foreign and Security Policy,,Undergraduate,6.0,In Person,2017
1952,HIST2022,Indigenous Australian History,,Undergraduate,6.0,In Person,2017
1953,HIST6022,Indigenous Australian History,,Postgraduate,6.0,Online or In Person,2017
1954,LAWS4238,Indigenous Australians and the Law,,Undergraduate,6.0,In Person,2017
1955,MUSC8006,Indigenous Collections and Exhibitions,,Postgraduate,6.0,In Person,2017
1956,LAWS4278,Indigenous Community Legal Clinic,First Semester,Undergraduate,6.0,In Person,2017
1957,ENVS2025,Indigenous Cultural and Natural Resource Management,First Semester,Undergraduate,6.0,In Person,2017
1958,INDG2001,Indigenous Cultural and Natural Resource Management,First Semester,Undergraduate,6.0,In Person,2017
1959,LAWS8583,Indigenous Peoples and International Law,,Postgraduate,6.0,In Person,2017
1960,INDG1001,"Indigenous Peoples, Populations and Communities",First Semester,Undergraduate,6.0,In Person,2017
1961,INDG3004,Indigenous Studies Supervised Research Project,Summer Session/First Semester/Autumn Session/Winter Session/Second Semester/Spring Session,Undergraduate,6.0,In Person,2017
1962,ANTH3017,"Indigenous Worlds: Challenges of Emergence, Recognition, and Change",Second Semester,Undergraduate,6.0,In Person,2017
1963,COMP8755,Individual Computing Project,First Semester/Second Semester,Postgraduate,6.0,In Person,2017
1964,ENGN4200,Individual Project,Summer Session/First Semester/Second Semester/Spring Session,Undergraduate,6.0,In Person,2017
1965,COMP3770,Individual Research Project,,Undergraduate,6.0,In Person,2017
1966,ARTV2034,Individual Research Unit,Summer Session/First Semester/Autumn Session/Winter Session/Second Semester/Spring Session,Undergraduate,6.0,In Person,2017
1967,ANTH6065,Indonesia Field School : Contemporary Change in Indonesia,,Postgraduate,6.0,In Person,2017
1968,ANTH3016,Indonesia Field School Extension,,Undergraduate,6.0,Online or In Person,2017
1969,ANTH6066,Indonesia Field School Extension,,Postgraduate,6.0,In Person,2017
1970,ANTH3014,Indonesia Field School: Contemporary Change in Indonesia,,Undergraduate,6.0,In Person,2017
1971,ASIA6069,"Indonesia Regions: Politics, Society, Economy",,Postgraduate,6.0,In Person,2017
1972,ASIA2069,"Indonesia's Regions: Politics, Society, Economy",,Undergraduate,6.0,In Person,2017
1973,ASIA2517,"Indonesia: Culture, Media and Everyday Life",Second Semester,Undergraduate,6.0,In Person,2017
1974,ASIA6517,"Indonesia: Language, Media, and Arts in Social Change",,Postgraduate,6.0,In Person,2017
1975,ASIA2516,"Indonesia: Politics, Society and Development",First Semester,Undergraduate,6.0,In Person,2017
1976,ASIA6516,"Indonesia:Politics, Society and Development",First Semester,Postgraduate,6.0,In Person,2017
1977,INDN1002,Indonesian 1A,First Semester,Undergraduate,6.0,Online or In Person,2017
1978,INDN6102,Indonesian 1A,First Semester,Postgraduate,6.0,Online or In Person,2017
1979,INDN1003,Indonesian 1B,Second Semester,Undergraduate,6.0,Online or In Person,2017
1980,INDN6103,Indonesian 1B,Second Semester,Postgraduate,6.0,Online or In Person,2017
1981,INDN2002,Indonesian 2A,First Semester,Undergraduate,6.0,Online or In Person,2017
1982,INDN6002,Indonesian 2A,First Semester,Postgraduate,6.0,Online or In Person,2017
1983,INDN2003,Indonesian 2B,Second Semester,Undergraduate,6.0,Online or In Person,2017
1984,INDN6003,Indonesian 2B,Second Semester,Postgraduate,6.0,Online or In Person,2017
1985,INDN6502,Indonesian 3A,First Semester,Postgraduate,6.0,In Person,2017
1986,INDN3002,Indonesian 3A,First Semester,Undergraduate,6.0,In Person,2017
1987,INDN6503,Indonesian 3B,Second Semester,Postgraduate,6.0,In Person,2017
1988,INDN3003,Indonesian 3B,Second Semester,Undergraduate,6.0,In Person,2017
1989,IDEC8006,Indonesian Research Project,,Postgraduate,12.0,In Person,2017
1990,IDEC8005,Indonesian Research Project,,Postgraduate,24.0,In Person,2017
1991,ENGN8833,Industrial Energy Efficiency and Decarbonisation,First Semester,Postgraduate,6.0,In Person,2017
1992,COMP4800,Industrial Experience,First Semester/Second Semester,Undergraduate,0.0,In Person,2017
1993,ECON4438,Industrial Organisation,Second Semester,Undergraduate,6.0,In Person,2017
1994,ECON8038,Industrial Organisation,Second Semester,Postgraduate,6.0,In Person,2017
1995,ECON3157,Industrial Organisation(H),Second Semester,Undergraduate,6.0,In Person,2017
1996,ECON3057,Industrial Organisation(P),Second Semester,Undergraduate,6.0,In Person,2017
1997,PSYC3028,Industrial and Organisational Psychology,Second Semester,Undergraduate,6.0,In Person,2017
1998,INFS8202,Industry Research Project,First Semester/Second Semester,Postgraduate,6.0,In Person,2017
1999,ANTH8058,Inequality and Development,Second Semester,Postgraduate,6.0,Online or In Person,2017
2000,BIOL6141,Infection and Immunity,First Semester,Postgraduate,6.0,In Person,2017
2001,BIOL3141,Infection and Immunity,First Semester,Undergraduate,6.0,In Person,2017
2002,LAWS4283,Information Law,,Undergraduate,6.0,In Person,2017
2003,INFS2024,Information Systems Analysis,First Semester,Undergraduate,6.0,In Person,2017
2004,INFS7007,Information Systems Analysis and Modelling,First Semester,Postgraduate,6.0,In Person,2017
2005,INFS8005,Information Systems Development Methodologies,,Postgraduate,6.0,In Person,2017
2006,INFS3024,Information Systems Management,First Semester,Undergraduate,6.0,In Person,2017
2007,INFS8205,Information Systems Strategy and Management,First Semester/Second Semester,Postgraduate,6.0,In Person,2017
2008,INFS4205,Information Systems Strategy and Management,,Undergraduate,6.0,In Person,2017
2009,INFT4005F,Information Technology IV Honours(S),,Undergraduate,12.0,In Person,2017
2010,INFT4005P,Information Technology IV Honours(S),,Undergraduate,12.0,In Person,2017
2011,LAWS4245,Information Technology Law,First Semester,Undergraduate,6.0,In Person,2017
2012,COMP2610,Information Theory,Second Semester,Undergraduate,6.0,In Person,2017
2013,COMP6261,Information Theory,Second Semester,Postgraduate,6.0,In Person,2017
2014,ENGN8534,Information Theory,Second Semester,Postgraduate,6.0,In Person,2017
2015,IDEC8027,Infrastructure Regulation Economics and Policy,,Postgraduate,6.0,In Person,2017
2016,MGMT7165,Innovation and Commercialisation,Summer Session/Winter Session,Postgraduate,6.0,In Person,2017
2017,VCPG6200,Innovation and Professional Practice Internship,,Postgraduate,6.0,In Person,2017
2018,POGO8209,Innovation and Technology in the Infrastructure Sector,,Postgraduate,6.0,In Person,2017
2019,BUSI8240,Innovation in Services,,Postgraduate,3.0,In Person,2017
2020,LAWS8584,Insolvency Law,First Semester,Postgraduate,6.0,Online,2017
2021,STST8027,Insurgency & Counterinsurgency in an Age of Terror,Second Semester,Postgraduate,6.0,In Person,2017
2022,MGMT7184,Integrated Business Project Part A: Entrepreneurship and  New Venture Planning,,Postgraduate,6.0,In Person,2017
2023,ENGN8831,Integration of Renewable Energy into Power Systems and Microgrids,First Semester,Postgraduate,6.0,In Person,2017
2024,LAWS4222,Intellectual Property,,Undergraduate,6.0,In Person,2017
2025,LAWS8592,Intellectual Property Law in Practice,Winter Session,Postgraduate,6.0,Online,2017
2026,STST8021,Intelligence and Security,First Semester,Postgraduate,6.0,In Person,2017
2027,POGO8110,Inter Governmental Relations and Local Economic Development,,Postgraduate,6.0,In Person,2017
2028,HUMN8001,"Interdisciplinary Humanities Research: Methods, Theories and Skills",First Semester,Postgraduate,6.0,In Person,2017
2029,HUMN9001,"Interdisciplinary Humanities Research: Methods, Theories and Skills",,Postgraduate,6.0,In Person,2017
2030,SOCY8004,"Interest Groups, Advocacy and Public Policy",,Postgraduate,6.0,In Person,2017
2031,GREK2101,Intermediate Ancient Greek,First Semester,Undergraduate,6.0,In Person,2017
2032,GREK6101,Intermediate Ancient Greek,First Semester,Postgraduate,6.0,In Person,2017
2033,ARAB2011,Intermediate Arabic A,First Semester,Undergraduate,6.0,Online or In Person,2017
2034,ARAB6501,Intermediate Arabic A,First Semester,Postgraduate,6.0,Online or In Person,2017
2035,ARAB2012,Intermediate Arabic B,Second Semester,Undergraduate,6.0,Online or In Person,2017
2036,ARAB6502,Intermediate Arabic B,Second Semester,Postgraduate,6.0,Online or In Person,2017
2037,FREN3006,Intermediate French I,First Semester,Undergraduate,6.0,In Person,2017
2038,FREN6505,Intermediate French I,First Semester,Postgraduate,6.0,In Person,2017
2039,FREN3007,Intermediate French II,Second Semester,Undergraduate,6.0,In Person,2017
2040,FREN6506,Intermediate French II,Second Semester,Postgraduate,6.0,In Person,2017
2041,LATN6101,Intermediate Latin,First Semester,Postgraduate,6.0,In Person,2017
2042,LATN2101,Intermediate Latin,First Semester,Undergraduate,6.0,In Person,2017
2043,LATN2121,Intermediate Latin I,,Undergraduate,6.0,In Person,2017
2044,LATN6121,Intermediate Latin I,,Postgraduate,6.0,In Person,2017
2045,LATN2122,Intermediate Latin II,,Undergraduate,6.0,In Person,2017
2046,LATN6122,Intermediate Latin II,,Postgraduate,6.0,In Person,2017
2047,PERS2003,Intermediate Persian A,First Semester,Undergraduate,6.0,In Person,2017
2048,PERS6003,Intermediate Persian A,First Semester,Postgraduate,6.0,Online or In Person,2017
2049,PERS2004,Intermediate Persian B,Second Semester,Undergraduate,6.0,In Person,2017
2050,PERS6004,Intermediate Persian B,Second Semester,Postgraduate,6.0,In Person,2017
2051,SPAN3001,Intermediate Spanish I,First Semester,Undergraduate,6.0,In Person,2017
2052,SPAN6507,Intermediate Spanish I,First Semester,Postgraduate,6.0,In Person,2017
2053,SPAN3012,Intermediate Spanish II (Language and Culture),Second Semester,Undergraduate,6.0,In Person,2017
2054,SPAN6508,Intermediate Spanish II (Language and Culture),Second Semester,Postgraduate,6.0,In Person,2017
2055,SPAN3022,Intermediate Spanish II (Language and Linguistics),,Undergraduate,6.0,In Person,2017
2056,SPAN6022,Intermediate Spanish II (Language and Linguistics),,Postgraduate,6.0,In Person,2017
2057,TURK2001,Intermediate Turkish A,,Undergraduate,6.0,In Person,2017
2058,TURK6503,Intermediate Turkish A,,Postgraduate,6.0,In Person,2017
2059,TURK6504,Intermediate Turkish B,,Postgraduate,6.0,In Person,2017
2060,TURK2002,Intermediate Turkish B,,Undergraduate,6.0,In Person,2017
2061,STST2002,Internal security issues in the Asia-Pacific,Second Semester,Undergraduate,6.0,In Person,2017
2062,ASIA2110,International Affairs Internship,Summer Session/First Semester/Autumn Session/Second Semester,Undergraduate,6.0,Blended,2017
2063,LAWS8107,International Air and Space Law,,Postgraduate,6.0,In Person,2017
2064,LAWS4266,International Arbitration and Negotiation Moot Competition in Japan,Spring Session,Undergraduate,6.0,In Person,2017
2065,ARCH2059,International Archaeological Field School,Summer Session,Undergraduate,6.0,In Person,2017
2066,ARCH2060,International Archaeological Field School Extension,First Semester,Undergraduate,6.0,In Person,2017
2067,LAWS8585,International Aviation Law,Autumn Session,Postgraduate,6.0,Online,2017
2068,BUSI2025,International Business,Summer Session/Second Semester,Undergraduate,6.0,In Person,2017
2069,BUSI4500,International Business Honours Thesis,First Semester/Second Semester,Undergraduate,6.0,In Person,2017
2070,BUSI7110,International Business Strategy,,Postgraduate,6.0,In Person,2017
2071,LAWS8277,International Business Transactions,,Postgraduate,6.0,In Person,2017
2072,EMDV8080,International Climate Change Policy and Economics,Second Semester,Postgraduate,6.0,Online,2017
2073,LAWS8180,International Climate Law,Summer Session,Postgraduate,6.0,In Person,2017
2074,LAWS8566,International Criminal Law,Autumn Session,Postgraduate,6.0,In Person,2017
2075,LAWS2252,International Criminal Law,,Undergraduate,6.0,In Person,2017
2076,LAWS8567,International Dispute Resolution,,Postgraduate,6.0,In Person,2017
2077,LAWS4223,International Dispute Resolution,,Undergraduate,6.0,In Person,2017
2078,ECON3103,International Economics,First Semester,Undergraduate,6.0,In Person,2017
2079,ECON4415,International Economics,First Semester,Undergraduate,6.0,In Person,2017
2080,ECON8015,International Economics,First Semester,Postgraduate,6.0,In Person,2017
2081,ECON3013,International Economics (H),First Semester,Undergraduate,6.0,In Person,2017
2082,LAWS2253,International Environmental Law,,Undergraduate,6.0,In Person,2017
2083,ENVS6033,International Environmental Policy,Summer Session,Postgraduate,6.0,In Person,2017
2084,ENVS6038,International Environmental Policy,,Postgraduate,6.0,In Person,2017
2085,ENVS3038,International Environmental Policy,,Undergraduate,6.0,In Person,2017
2086,ENVS3033,International Environmental Policy,Summer Session,Undergraduate,6.0,In Person,2017
2087,FINM7024,International Finance Concepts,,Postgraduate,3.0,In Person,2017
2088,LAWS8032,International Financial Institutions and Development,,Postgraduate,6.0,In Person,2017
2089,FINM3002,International Financial Management,,Undergraduate,6.0,In Person,2017
2090,ASIA8049,International History from Asia and the Pacific: Framing Critical Perspectives,Second Semester,Postgraduate,6.0,Online or In Person,2017
2091,MGMT3025,International Human Resource Management,First Semester,Undergraduate,6.0,In Person,2017
2092,LAWS8234,International Human Rights Law,Winter Session,Postgraduate,6.0,In Person,2017
2093,LAWS8268,International Humanitarian Law,Autumn Session,Postgraduate,6.0,In Person,2017
2094,INDG8006,International Indigenous Studies Research Project,Summer Session/First Semester/Autumn Session/Winter Session/Second Semester/Spring Session,Postgraduate,6.0,In Person,2017
2095,LAWS8136,International Intellectual Property Law,,Postgraduate,6.0,In Person,2017
2096,LAWS8177,International Internship,First Semester/Second Semester,Postgraduate,24.0,In Person,2017
2097,ASIA8053,"International Investment Treaties: Law, Arbitration and Policy",Spring Session,Postgraduate,6.0,In Person,2017
2098,LAWS8332,"International Investment Treaties: Law, Arbitration and Policy",Spring Session,Postgraduate,6.0,In Person,2017
2099,LAWS8330,International Labour Law,,Postgraduate,6.0,In Person,2017
2100,LAWS2250,International Law,Second Semester,Undergraduate,6.0,In Person,2017
2101,LAWS6250,International Law,Second Semester,Postgraduate,6.0,In Person,2017
2102,LAWS8333,International Law Internship,First Semester/Second Semester,Postgraduate,6.0,In Person,2017
2103,LAWS8297,International Law and Australian Government,,Postgraduate,6.0,In Person,2017
2104,STST8107,International Law and Operations,,Postgraduate,6.0,In Person,2017
2105,LAWS8023,International Law and United Nations Peace Operations,Winter Session,Postgraduate,6.0,In Person,2017
2106,LAWS8178,International Law and Use of Force,,Postgraduate,6.0,In Person,2017
2107,LAWS4225,International Law of Human Rights,First Semester,Undergraduate,6.0,In Person,2017
2108,LAWS8264,International Law of The Environment,Spring Session,Postgraduate,6.0,In Person,2017
2109,LAWS8229,International Law of World Trade,Spring Session,Postgraduate,6.0,In Person,2017
2110,LAWS4224,International Law of the Sea,Summer Session,Undergraduate,6.0,In Person,2017
2111,LAWS6224,International Law of the Sea,,Postgraduate,6.0,In Person,2017
2112,BUSI3024,International Marketing,Second Semester,Undergraduate,6.0,In Person,2017
2113,DEMO8047,International Migration,,Postgraduate,6.0,In Person,2017
2114,CHMD8016,International Migration of Health Workers: Sociological and Ethical Aspects,,Postgraduate,3.0,In Person,2017
2115,ECON8009,International Monetary Economics,,Postgraduate,6.0,In Person,2017
2116,ECON3021,International Monetary Economics,,Undergraduate,6.0,In Person,2017
2117,LAWS2265,"International Mooting, Advocacy and Process",,Undergraduate,6.0,In Person,2017
2118,LAWS6258,International Organisations (Geneva),Summer Session,Postgraduate,6.0,In Person,2017
2119,LAWS4258,International Organisations (Geneva),Summer Session,Undergraduate,6.0,In Person,2017
2120,POLS2133,International Organisations in World Politics,First Semester,Undergraduate,6.0,In Person,2017
2121,INTR8070,International Organization,,Postgraduate,6.0,In Person,2017
2122,MGMT7065,International Perspectives on Human Resource Management,,Postgraduate,6.0,In Person,2017
2123,POGO8045,International Policy Making in the Shadow of the Future,Second Semester,Postgraduate,6.0,In Person,2017
2124,CRWF8018,International Policy Studies and Placement,Summer Session/Autumn Session,Postgraduate,6.0,In Person,2017
2125,INTR8013,International Political Economy,First Semester,Postgraduate,6.0,In Person,2017
2126,LAWS8252,International Refugee Law,Spring Session,Postgraduate,6.0,In Person,2017
2127,INTR8011,International Relations Theory,First Semester,Postgraduate,12.0,In Person,2017
2128,POLS3017,International Relations Theory,Second Semester,Undergraduate,6.0,In Person,2017
2129,ASIA2017,International Relations in North East Asia,First Semester,Undergraduate,6.0,In Person,2017
2130,ASIA6017,International Relations in NorthEast Asia,,Postgraduate,6.0,In Person,2017
2131,INTR2010,International Relations in the Asia-Pacific,First Semester,Undergraduate,6.0,In Person,2017
2132,LAWS8179,International Security Law,Autumn Session,Postgraduate,6.0,In Person,2017
2133,LAWS8026,International Security Law Research Project,Summer Session/First Semester/Second Semester,Postgraduate,12.0,In Person,2017
2134,STST2001,International Security issues in the Asia Pacific,First Semester,Undergraduate,6.0,In Person,2017
2135,BUSI7033,International Strategic Management,First Semester,Postgraduate,6.0,Online or In Person,2017
2136,BUSI3020,International Strategic Management,First Semester,Undergraduate,6.0,In Person,2017
2137,BUSI3030,International Supply Chain Management,Second Semester,Undergraduate,6.0,In Person,2017
2138,POLS3036,International Terrorism,Second Semester,Undergraduate,6.0,In Person,2017
2139,LAWS4226,International Trade Law,Second Semester,Undergraduate,6.0,In Person,2017
2140,ECON4406,International Trade Theory,Second Semester,Undergraduate,6.0,In Person,2017
2141,ECON8006,International Trade Theory,,Postgraduate,6.0,In Person,2017
2142,MUSC8004,Internship 1,Summer Session/First Semester/Autumn Session/Winter Session/Second Semester/Spring Session,Postgraduate,6.0,Online,2017
2143,MUSC8005,Internship 2,Summer Session/First Semester/Autumn Session/Winter Session/Second Semester/Spring Session,Postgraduate,6.0,Online or In Person,2017
2144,ARCH8036,Internship in Archaeological Science,Summer Session/First Semester/Autumn Session,Postgraduate,6.0,Online or In Person,2017
2145,LAWS8066,Intersection of International Humanitarian and Human Rights Law,,Postgraduate,6.0,In Person,2017
2146,ARTV6105,Introducing Asian Modernisms,First Semester,Postgraduate,6.0,In Person,2017
2147,ARTV2052,Introducing Asian Modernisms,First Semester,Undergraduate,6.0,In Person,2017
2148,STAT1031,Introduction to Actuarial Studies,,Undergraduate,6.0,In Person,2017
2149,ARCH8032,Introduction to Archaeological Science,First Semester,Postgraduate,12.0,Blended,2017
2150,ASIA1035,Introduction to Asian Politics,Second Semester,Undergraduate,6.0,In Person,2017
2151,ASIA2086,Introduction to Asian Religions,,Undergraduate,6.0,In Person,2017
2152,STAT3016,Introduction to Bayesian Data Analysis,Second Semester,Undergraduate,6.0,In Person,2017
2153,STAT7016,Introduction to Bayesian Data Analysis,Second Semester,Postgraduate,6.0,In Person,2017
2154,STAT4116,Introduction to Bayesian Data Analysis,Second Semester,Undergraduate,6.0,In Person,2017
2155,POPH8552,Introduction to Clinical Epidemiology,First Semester,Postgraduate,6.0,Online,2017
2156,MEDI8202,Introduction to Clinical Governance,,Postgraduate,6.0,In Person,2017
2157,MEDI8113,Introduction to Clinical Practice,,Postgraduate,12.0,In Person,2017
2158,BUSN1101,Introduction to Commercial Law,Second Semester,Undergraduate,6.0,In Person,2017
2159,ENGL6015,Introduction to Creative Writing,Second Semester,Postgraduate,6.0,In Person,2017
2160,ENGL1015,Introduction to Creative Writing,Second Semester,Undergraduate,6.0,In Person,2017
2161,HUMN2051,Introduction to Cultural Heritage Management,First Semester,Undergraduate,6.0,In Person,2017
2162,COMP2420,"Introduction to Data Management, Analysis and Security",,Undergraduate,6.0,In Person,2017
2163,COMP7240,Introduction to Database Concepts,Summer Session,Postgraduate,6.0,In Person,2017
2164,EMET7001,Introduction to Economic Models,First Semester/Second Semester,Postgraduate,6.0,In Person,2017
2165,ENGN1218,Introduction to Electronics,Second Semester,Undergraduate,6.0,In Person,2017
2166,ARCH6041,Introduction to Environmental Archaeology,,Postgraduate,6.0,In Person,2017
2167,ARCH2041,Introduction to Environmental Archaeology,,Undergraduate,6.0,In Person,2017
2168,EMDV8026,Introduction to Environmental Science,,Postgraduate,6.0,In Person,2017
2169,EMDV8078,Introduction to Environmental and Resource Economics,First Semester,Postgraduate,6.0,In Person,2017
2170,ENVS6103,Introduction to Environmental and Social Research,Second Semester,Postgraduate,6.0,In Person,2017
2171,ENVS1003,Introduction to Environmental and Social Research,Second Semester,Undergraduate,6.0,In Person,2017
2172,PHIL1008,Introduction to Ethics,First Semester,Undergraduate,6.0,In Person,2017
2173,MUSI2213,Introduction to Ethnomusicology,First Semester,Undergraduate,6.0,In Person,2017
2174,FILM1002,Introduction to Film Studies,,Undergraduate,6.0,In Person,2017
2175,PSYC2011,Introduction to Forensic and Criminal Psychology,Second Semester,Undergraduate,6.0,In Person,2017
2176,MATH6242,Introduction to Geometry: Curves and Surfaces,Second Semester,Postgraduate,6.0,In Person,2017
2177,MATH2242,Introduction to Geometry: Curves and Surfaces,Second Semester,Undergraduate,6.0,In Person,2017
2178,POPH8103,Introduction to Health Services Research and Policy,First Semester,Postgraduate,6.0,Online or In Person,2017
2179,HUMN2000,Introduction to Heritage and Museum Studies,Second Semester,Undergraduate,6.0,In Person,2017
2180,POGO8105,Introduction to Human Resource Management,,Postgraduate,6.0,In Person,2017
2181,ANTH8056,Introduction to Humanitarian Action,Second Semester,Postgraduate,6.0,Online or In Person,2017
2182,ANTH1004,Introduction to Indigenous Australian Studies,,Undergraduate,6.0,In Person,2017
2183,POLS1006,Introduction to International Relations:  Contemporary Global Issues,Second Semester,Undergraduate,6.0,In Person,2017
2184,ANUC1105,Introduction to International Relations: Foundations and Concepts,First Semester,Undergraduate,6.0,In Person,2017
2185,POLS1005,Introduction to International Relations: Foundations and Concepts,First Semester,Undergraduate,6.0,In Person,2017
2186,STST1001,Introduction to International Security Studies,First Semester,Undergraduate,6.0,In Person,2017
2187,MEAS8124,Introduction to Islamic Banking,First Semester,Postgraduate,6.0,In Person,2017
2188,LAWS8001,"Introduction to Law, Governance and Development",Summer Session,Postgraduate,6.0,In Person,2017
2189,STAT8004,Introduction to Linear Models,,Postgraduate,6.0,In Person,2017
2190,ENGL6008,Introduction to Literary Theory,,Postgraduate,6.0,In Person,2017
2191,ENGL3008,Introduction to Literary Theory,,Undergraduate,6.0,In Person,2017
2192,MATH6222,Introduction to Mathematical Thinking: Problem-Solving and Proofs,First Semester,Postgraduate,6.0,In Person,2017
2193,MATH2222,Introduction to Mathematical Thinking: Problem-Solving and Proofs,First Semester,Undergraduate,6.0,In Person,2017
2194,ENGN1217,Introduction to Mechanics,Second Semester,Undergraduate,6.0,In Person,2017
2195,MUSI1110,Introduction to Music Technology,First Semester,Undergraduate,6.0,In Person,2017
2196,EMSC4706,Introduction to Natural Hazards,First Semester,Undergraduate,6.0,In Person,2017
2197,EMSC8706,Introduction to Natural Hazards,First Semester,Postgraduate,6.0,In Person,2017
2198,PREP1004,Introduction to Philosophy,,Undergraduate,6.0,In Person,2017
2199,POGO8049,Introduction to Planning and Policy,,Postgraduate,6.0,In Person,2017
2200,POLS1002,Introduction to Politics,First Semester,Undergraduate,6.0,In Person,2017
2201,ASGS1021,Introduction to Politics and Economics,,Undergraduate,6.0,In Person,2017
2202,POPH3000,Introduction to Population Health,Second Semester,Undergraduate,6.0,Online or In Person,2017
2203,MEDI8112,Introduction to Professional Development,,Postgraduate,6.0,In Person,2017
2204,ANUC1100,Introduction to Programming and Algorithms,First Semester/Second Semester,Undergraduate,6.0,In Person,2017
2205,COMP7230,Introduction to Programming for Data Scientists,Winter Session,Postgraduate,6.0,Online or In Person,2017
2206,PREP1005,Introduction to Psychology,First Semester/Second Semester,Undergraduate,6.0,In Person,2017
2207,SOCY2043,Introduction to Qualitative Research Methods,Second Semester,Undergraduate,6.0,In Person,2017
2208,BIOL2001,Introduction to Quantitative Biology,First Semester,Undergraduate,6.0,In Person,2017
2209,SOCY2038,Introduction to Quantitative Research Methods,First Semester,Undergraduate,6.0,In Person,2017
2210,PASI9001,Introduction to Research in the Pacific: Methods and Research Design,,Research,6.0,In Person,2017
2211,LAWS4277,Introduction to Roman Law,,Undergraduate,6.0,In Person,2017
2212,ASIA8044,Introduction to Sinological Methods,,Postgraduate,6.0,In Person,2017
2213,ANUC1104,Introduction to Social Psychology,Second Semester,Undergraduate,6.0,In Person,2017
2214,SOCR8201,Introduction to Social Science Methods and Types of Data,Autumn Session,Postgraduate,6.0,Blended,2017
2215,ANUC1110,Introduction to Software Systems,First Semester/Second Semester,Undergraduate,6.0,In Person,2017
2216,SPAN1001,Introduction to Spanish I,First Semester,Undergraduate,6.0,In Person,2017
2217,SPAN6501,Introduction to Spanish I,First Semester,Postgraduate,6.0,In Person,2017
2218,SPAN1002,Introduction to Spanish II,Second Semester,Undergraduate,6.0,In Person,2017
2219,SPAN6502,Introduction to Spanish II,Second Semester,Postgraduate,6.0,In Person,2017
2220,COMP4670,Introduction to Statistical Machine Learning,First Semester,Undergraduate,6.0,In Person,2017
2221,COMP8600,Introduction to Statistical Machine Learning,First Semester,Postgraduate,6.0,In Person,2017
2222,STAT7004,Introduction to Stochastic Processes,Second Semester,Postgraduate,6.0,In Person,2017
2223,STAT2005,Introduction to Stochastic Processes,Second Semester,Undergraduate,6.0,In Person,2017
2224,EMSC2012,Introduction to Structural and Field Geology,First Semester,Undergraduate,6.0,In Person,2017
2225,EMSC6031,Introduction to Structural and Field Geology,First Semester,Postgraduate,6.0,In Person,2017
2226,EMSC4012,Introduction to Structural and Field Geology,First Semester,Undergraduate,6.0,In Person,2017
2227,LING6003,Introduction to Syntax,First Semester,Postgraduate,6.0,In Person,2017
2228,LING2003,Introduction to Syntax,First Semester,Undergraduate,6.0,In Person,2017
2229,ENGN8100,Introduction to Systems Engineering,First Semester,Postgraduate,6.0,In Person,2017
2230,ARTV6059,Introduction to Virtual Reality,,Postgraduate,6.0,In Person,2017
2231,ARTV2059,Introduction to Virtual Reality,,Undergraduate,6.0,In Person,2017
2232,ASGS1007,Introduction to the Australian Economy,,Undergraduate,6.0,In Person,2017
2233,MEAS1001,Introduction to the Modern Middle East,First Semester,Undergraduate,6.0,In Person,2017
2234,LING1001,Introduction to the Study of Language,First Semester,Undergraduate,6.0,In Person,2017
2235,LING6001,Introduction to the Study of Language,First Semester,Postgraduate,6.0,Blended,2017
2236,ARAB6102,Introductory Arabic A,First Semester,Postgraduate,6.0,Online or In Person,2017
2237,ARAB1002,Introductory Arabic A,First Semester,Undergraduate,6.0,Online or In Person,2017
2238,ARAB6103,Introductory Arabic B,Second Semester,Postgraduate,6.0,Online or In Person,2017
2239,ARAB1003,Introductory Arabic B,Second Semester,Undergraduate,6.0,Online or In Person,2017
2240,ARAB3003,Introductory Course to Arabic Linguistics,First Semester,Undergraduate,6.0,In Person,2017
2241,ARAB6505,Introductory Course to Arabic Linguistics,First Semester,Postgraduate,6.0,In Person,2017
2242,ARAB6507,Introductory Course to Arabic Literature,Second Semester,Postgraduate,6.0,In Person,2017
2243,ARAB3005,Introductory Course to Arabic Literature,Second Semester,Undergraduate,6.0,In Person,2017
2244,FREN1003,Introductory French I,First Semester,Undergraduate,6.0,In Person,2017
2245,FREN6501,Introductory French I,First Semester,Postgraduate,6.0,In Person,2017
2246,FREN1004,Introductory French II,Second Semester,Undergraduate,6.0,In Person,2017
2247,FREN6502,Introductory French II,Second Semester,Postgraduate,6.0,In Person,2017
2248,STAT2001,Introductory Mathematical Statistics,First Semester/Second Semester,Undergraduate,6.0,In Person,2017
2249,PERS1001,Introductory Persian A,First Semester,Undergraduate,6.0,In Person,2017
2250,PERS6001,Introductory Persian A,First Semester,Postgraduate,6.0,In Person,2017
2251,PERS1002,Introductory Persian B,Second Semester,Undergraduate,6.0,Online or In Person,2017
2252,PERS6002,Introductory Persian B,Second Semester,Postgraduate,6.0,Online or In Person,2017
2253,ASGS1006,Introductory Politics,,Undergraduate,6.0,In Person,2017
2254,PORT6501,Introductory Portuguese I,First Semester,Postgraduate,6.0,In Person,2017
2255,PORT1001,Introductory Portuguese I,First Semester,Undergraduate,6.0,In Person,2017
2256,PORT6502,Introductory Portuguese II,Second Semester,Postgraduate,6.0,In Person,2017
2257,PORT1002,Introductory Portuguese II,Second Semester,Undergraduate,6.0,In Person,2017
2258,COMP6700,Introductory Programming,First Semester,Postgraduate,6.0,In Person,2017
2259,SKRT2201,Introductory Spoken Sanskrit,,Undergraduate,6.0,In Person,2017
2260,SKRT6201,Introductory Spoken Sanskrit,,Postgraduate,6.0,In Person,2017
2261,STAT4055,Introductory Statistics for Business and Finance,First Semester/Second Semester,Undergraduate,6.0,In Person,2017
2262,STAT7055,Introductory Statistics for Business and Finance,First Semester/Second Semester/Spring Session,Postgraduate,6.0,In Person,2017
2263,BIOL3113,Invertebrate Biology,,Undergraduate,6.0,In Person,2017
2264,BIOL6113,Invertebrate Biology,,Postgraduate,6.0,In Person,2017
2265,BUSI8045,Investment Decision Making,,Postgraduate,6.0,In Person,2017
2266,ENGN3211,Investment Decisions and Financial Systems,,Undergraduate,6.0,In Person,2017
2267,ACST4033,Investment and Asset Modelling,Second Semester,Undergraduate,6.0,In Person,2017
2268,ACST8033,Investment and Asset Modelling,Second Semester,Postgraduate,6.0,In Person,2017
2269,FINM2003,Investments,First Semester/Second Semester,Undergraduate,6.0,In Person,2017
2270,MEAS2000,Iranian History and Culture,First Semester,Undergraduate,6.0,In Person,2017
2271,MEAS1002,Islam : History and Institutions,Second Semester,Undergraduate,6.0,In Person,2017
2272,MEAS8119,Islam In Turkey,,Postgraduate,6.0,In Person,2017
2273,MEAS8116,Islam and Democracy,Second Semester,Postgraduate,6.0,In Person,2017
2274,MEAS8125,Islam and Modernity,First Semester,Postgraduate,6.0,In Person,2017
2275,MEAS8118,Islam in Australia,,Postgraduate,6.0,In Person,2017
2276,MEAS4117,Islam in Central Asia,,Undergraduate,6.0,In Person,2017
2277,MEAS8117,Islam in Central Asia,,Postgraduate,6.0,In Person,2017
2278,ASIA2165,Islam in Southeast Asia,Second Semester,Undergraduate,6.0,In Person,2017
2279,ASIA6165,Islam in Southeast Asia,Second Semester,Postgraduate,6.0,In Person,2017
2280,MEAS8115,Islam in World Politics,Second Semester,Postgraduate,6.0,In Person,2017
2281,MEAS8120,"Islam, Faith and Community",,Postgraduate,6.0,In Person,2017
2282,MEAS4111,"Islam, The West and International Terrorism",Second Semester,Undergraduate,6.0,In Person,2017
2283,MEAS8111,"Islam, the West and International Terrorism",Second Semester,Postgraduate,6.0,In Person,2017
2284,MEAS4102,Islamic Radicalism,Second Semester,Undergraduate,6.0,In Person,2017
2285,MEAS8102,Islamic Radicalism,Second Semester,Postgraduate,6.0,In Person,2017
2286,ENVS6205,Island Sustainable Development: Fiji Field School,Winter Session,Postgraduate,6.0,In Person,2017
2287,ENVS2005,Island Sustainable Development: Fiji Field School,Winter Session,Undergraduate,6.0,In Person,2017
2288,LING3013,Issues in Advanced Japanese Linguistics,,Undergraduate,6.0,In Person,2017
2289,POPH8914,Issues in Applied Epidemiology,,Research,6.0,In Person,2017
2290,IDEC8030,Issues in Applied Macroeconomics,Second Semester,Postgraduate,6.0,In Person,2017
2291,IDEC8029,Issues in Applied Microeconomics,First Semester,Postgraduate,6.0,In Person,2017
2292,INTR8017,Issues in Australian Foreign Policy,,Postgraduate,6.0,In Person,2017
2293,PSYC3016,Issues in Behavioural Neuroscience,First Semester,Undergraduate,6.0,In Person,2017
2294,PSYC2595,Issues in Contemporary Clinical Psychology,First Semester,Undergraduate,6.0,In Person,2017
2295,ARTV2035,Issues in Contemporary Craft and Design,,Undergraduate,6.0,In Person,2017
2296,ARTV6808,Issues in Contemporary Craft and Design,,Postgraduate,6.0,In Person,2017
2297,IDEC8003,Issues in Development Policy,First Semester,Postgraduate,6.0,In Person,2017
2298,EMDV8013,Issues in Development and Environment,First Semester,Postgraduate,6.0,In Person,2017
2299,POLS2094,Issues in International Political Economy,Second Semester,Undergraduate,6.0,In Person,2017
2300,POGO8220,Issues in Japanese Policy,Winter Session,Postgraduate,6.0,In Person,2017
2301,ANTH8049,Issues in the Design and Evaluation of Development Projects and Programs,Summer Session,Postgraduate,6.0,Online or In Person,2017
2302,MEAS8108,Issues of Development in the Middle East,,Postgraduate,6.0,In Person,2017
2303,ITAL2006,Italian Studies - Continuing 2,Second Semester,Undergraduate,6.0,In Person,2017
2304,ITAL2007,Italian Studies - Intermediate 1,First Semester,Undergraduate,6.0,In Person,2017
2305,ITAL2008,Italian Studies - Intermediate 2,Second Semester,Undergraduate,6.0,In Person,2017
2306,ITAL6505,Italian Studies - Intermediate 2,First Semester,Postgraduate,6.0,In Person,2017
2307,ITAL3505,Italian Studies - Intermediate I,,Undergraduate,6.0,In Person,2017
2308,ITAL3506,Italian Studies - Intermediate II,,Undergraduate,6.0,In Person,2017
2309,ITAL1003,Italian Studies - Introductory 2,Second Semester,Undergraduate,6.0,In Person,2017
2310,ITAL6501,Italian Studies - Introductory I,First Semester,Postgraduate,6.0,In Person,2017
2311,ITAL1002,Italian Studies - Introductory I,First Semester,Undergraduate,6.0,In Person,2017
2312,ITAL6503,Italian Studies Continuing 1,First Semester,Postgraduate,6.0,In Person,2017
2313,ITAL2005,Italian Studies Continuing 1,First Semester,Undergraduate,6.0,In Person,2017
2314,ITAL6504,Italian Studies Continuing II,Second Semester,Postgraduate,6.0,In Person,2017
2315,ITAL6506,Italian Studies Intermediate II,Second Semester,Postgraduate,6.0,In Person,2017
2316,ITAL6502,Italian Studies Introductory 2,Second Semester,Postgraduate,6.0,In Person,2017
2317,ENGL2074,Jane Austen History and Fiction,,Undergraduate,6.0,In Person,2017
2318,ENGL6023,Jane Austen History and Fiction,,Postgraduate,6.0,In Person,2017
2319,GEND2074,Jane Austen History and Fiction,,Undergraduate,6.0,In Person,2017
2320,INTR8063,Japan and Northeast Asia in the Postwar World: war and national identity,,Postgraduate,6.0,In Person,2017
2321,INTR2018,Japan's Security Dilemmas,Second Semester,Undergraduate,6.0,In Person,2017
2322,JPNS3013,Japanese - English Translation,Second Semester,Undergraduate,6.0,In Person,2017
2323,JPNS6513,Japanese - English Translation,Second Semester,Postgraduate,6.0,In Person,2017
2324,JPNS3001,Japanese 5,,Undergraduate,6.0,In Person,2017
2325,ECON2008,Japanese Economy and Economic Policy,,Undergraduate,6.0,In Person,2017
2326,ECON8008,Japanese Economy and Economic Policy,,Postgraduate,6.0,In Person,2017
2327,JPNS6024,Japanese Grammar,,Postgraduate,6.0,In Person,2017
2328,JPNS2024,Japanese Grammar and Expressions,First Semester,Undergraduate,6.0,In Person,2017
2329,LAWS2227,Japanese Law and Society,,Undergraduate,6.0,In Person,2017
2330,JPNS6007,Japanese Linguistics,Second Semester,Postgraduate,6.0,In Person,2017
2331,LING2028,Japanese Linguistics,Second Semester,Undergraduate,6.0,In Person,2017
2332,ASIA2095,Japanese Literature in Translation,,Undergraduate,6.0,In Person,2017
2333,ASIA6031,Japanese Politics,,Postgraduate,6.0,In Person,2017
2334,ASIA2031,Japanese Politics,,Undergraduate,6.0,In Person,2017
2335,ASIA2058,"Japanese Popular Culture: Manga, Anime, Film & the Visual Arts",Second Semester,Undergraduate,6.0,In Person,2017
2336,JPNS1002,Japanese Secondary Extension - Advanced,First Semester/Second Semester,Undergraduate,6.0,In Person,2017
2337,EXTN1007A,Japanese Secondary Extension - Advanced A,Autumn Session,Undergraduate,0.0,In Person,2017
2338,EXTN1007B,Japanese Secondary Extension - Advanced B,Autumn Session,Undergraduate,6.0,In Person,2017
2339,JPNS1001,Japanese Secondary Extension - Continuing,First Semester/Second Semester,Undergraduate,6.0,In Person,2017
2340,EXTN1006A,Japanese Secondary Extension - Continuing A,Autumn Session,Undergraduate,0.0,In Person,2017
2341,EXTN1006B,Japanese Secondary Extension - Continuing B,Autumn Session,Undergraduate,6.0,In Person,2017
2342,COMP2140,Java Programming,First Semester,Undergraduate,6.0,In Person,2017
2343,LAWS4010,Jessup Moot,Summer Session,Undergraduate,6.0,In Person,2017
2344,PHYS9002F,Joint PhD Physics program ANU- National University of Singapore,,Research,24.0,In Person,2017
2345,PHYS9002P,Joint PhD Physics program ANU- National University of Singapore,,Research,24.0,In Person,2017
2346,BUSN8200,Judgement and Decision Making Research in Accounting,First Semester/Second Semester,Postgraduate,6.0,In Person,2017
2347,LAWS8141,Judicial Review of Government Action,,Postgraduate,6.0,In Person,2017
2348,ANTH4010,Key Concepts in Anthropology of Development,Second Semester,Undergraduate,12.0,In Person,2017
2349,ANTH8007,Key Concepts in Anthropology of Development,Second Semester,Postgraduate,6.0,Online or In Person,2017
2350,PREP1110,Key Moments in Western Civilisation,First Semester/Second Semester,Undergraduate,6.0,In Person,2017
2351,ANTH8055,Key issues in native title anthropology,,Postgraduate,6.0,In Person,2017
2352,MGMT7167,Knowledge Management,,Postgraduate,6.0,In Person,2017
2353,KORE1201,Korean Beginning Secondary - Extension,,Undergraduate,6.0,In Person,2017
2354,KORE1202,Korean Continuing Secondary - Extension,,Undergraduate,6.0,In Person,2017
2355,ASIA6080,"Korean Film: History, Culture and Society",,Postgraduate,6.0,In Person,2017
2356,ASIA2080,"Korean Film: History, Culture and Society",,Undergraduate,6.0,In Person,2017
2357,EXTN1008A,Korean Secondary Extension - Beginning A,,Undergraduate,0.0,In Person,2017
2358,EXTN1008B,Korean Secondary Extension - Beginning B,,Undergraduate,6.0,In Person,2017
2359,EXTN1009A,Korean Secondary Extension - Continuing A,,Undergraduate,0.0,In Person,2017
2360,EXTN1009B,Korean Secondary Extension - Continuing B,,Undergraduate,6.0,In Person,2017
2361,KORE6509,Korean Seminar A,,Postgraduate,6.0,In Person,2017
2362,KORE3009,Korean Seminar A,,Undergraduate,6.0,In Person,2017
2363,KORE3010,Korean Seminar B,,Undergraduate,6.0,In Person,2017
2364,KORE6510,Korean Seminar B,,Postgraduate,6.0,In Person,2017
2365,LAWS8171,Kyoto Seminar: Japanese Law in the Global Era,,Postgraduate,6.0,In Person,2017
2366,ECON4441,Labour Economics & Industrial Relations,First Semester,Undergraduate,6.0,In Person,2017
2367,ECON8041,Labour Economics and Industrial Relations,First Semester,Postgraduate,6.0,In Person,2017
2368,ECON2059,Labour Economics and Industrial Relations(H),First Semester,Undergraduate,6.0,In Person,2017
2369,ECON2009,Labour Economics and Industrial Relations(P),First Semester,Undergraduate,6.0,In Person,2017
2370,LAWS4228,Labour Law,Second Semester,Undergraduate,6.0,In Person,2017
2371,ANTH8047,Land Rights and Resource Development,First Semester,Postgraduate,6.0,Online or In Person,2017
2372,ANTH8044,Land Rights and Resource Development (Advanced),First Semester,Postgraduate,12.0,Online or In Person,2017
2373,ENVS6304,Land and Catchment Management,Second Semester,Postgraduate,6.0,In Person,2017
2374,ENVS3004,Land and Catchment Management,Second Semester,Undergraduate,6.0,In Person,2017
2375,LAWS8312,"Land, Law and Development in Asia",,Postgraduate,6.0,In Person,2017
2376,LING6005,Language Change and Linguistic Reconstruction,Second Semester,Postgraduate,6.0,In Person,2017
2377,LING2005,Language Change and Linguistic Reconstruction,Second Semester,Undergraduate,6.0,In Person,2017
2378,LING2022,Language Policy and Language Politics,Second Semester,Undergraduate,6.0,In Person,2017
2379,LING6022,Language Policy and Language Politics,Second Semester,Postgraduate,6.0,In Person,2017
2380,SPAN6604,Language Variation Across the Spanish-speaking World,,Postgraduate,6.0,In Person,2017
2381,LANG3005,Language and Identity in a European Context,,Undergraduate,6.0,In Person,2017
2382,ASIA8051,"Language and Power in Asia: Speech, Script and Society",First Semester,Postgraduate,6.0,In Person,2017
2383,LING6311,Language and Social Interaction,First Semester,Postgraduate,6.0,In Person,2017
2384,LING2106,Language and Social Interaction,First Semester,Undergraduate,6.0,In Person,2017
2385,LING1002,Language and Society,Second Semester,Undergraduate,6.0,In Person,2017
2386,LING6002,Language and Society,Second Semester,Postgraduate,6.0,In Person,2017
2387,LING2027,Language and Society in Latin America,,Undergraduate,6.0,In Person,2017
2388,LING6027,Language and Society in Latin America,,Postgraduate,6.0,In Person,2017
2389,LANG3004,Language and Society in Latin America,,Undergraduate,6.0,In Person,2017
2390,LANG6004,Language and Society in Latin America,,Postgraduate,6.0,In Person,2017
2391,LING2105,Language and the law: introduction to forensic linguistics,,Undergraduate,6.0,In Person,2017
2392,LING6105,Language and the law: introduction to forensic linguistics,,Postgraduate,6.0,In Person,2017
2393,ASIA2001,Language in Asia,First Semester,Undergraduate,6.0,In Person,2017
2394,ASIA2103,Language in Asia (L),First Semester,Undergraduate,6.0,In Person,2017
2395,ASIA6101,Language in Asia (L),,Postgraduate,6.0,In Person,2017
2396,LING2016,Language in Indigenous Australia,,Undergraduate,6.0,In Person,2017
2397,LING6016,Language in Indigenous Australian Society,,Postgraduate,6.0,In Person,2017
2398,SPAN2604,Language variation across the Spanish-speaking world,,Undergraduate,6.0,In Person,2017
2399,LING6015,"Language, Culture and Translation",Second Semester,Postgraduate,6.0,In Person,2017
2400,LING2015,"Language, Culture, Translation",Second Semester,Undergraduate,6.0,In Person,2017
2401,LING2103,"Language, Power, and Identity",,Undergraduate,6.0,In Person,2017
2402,LING6103,"Language, Power, and Identity",,Postgraduate,6.0,In Person,2017
2403,LING6018,Languages in Contact,,Postgraduate,6.0,In Person,2017
2404,LING2018,Languages in Contact,,Undergraduate,6.0,In Person,2017
2405,PHYS8510,Lasers and Photonics,,Postgraduate,6.0,In Person,2017
2406,POLS8026,Latin America's International Relations,,Postgraduate,6.0,In Person,2017
2407,HIST2230,Latin America: Conquest and Colonisation,Second Semester,Undergraduate,6.0,In Person,2017
2408,LAWS8570,Law & Economics of Regulation,Spring Session,Postgraduate,6.0,In Person,2017
2409,LAWS8713,Law Capstone Project,,Postgraduate,6.0,Online,2017
2410,LAWS4230,Law Internship,Summer Session/First Semester/Winter Session/Second Semester,Undergraduate,6.0,In Person,2017
2411,LAWS4270,Law Reform,First Semester,Undergraduate,6.0,In Person,2017
2412,LAWS4239,Law and Armed Conflict,First Semester,Undergraduate,6.0,In Person,2017
2413,LAWS8006,Law and Development in the Contemporary South Pacific,,Postgraduate,6.0,In Person,2017
2414,ECON8047,Law and Economics,Second Semester,Postgraduate,6.0,In Person,2017
2415,LAWS8228,Law and Economics,,Postgraduate,6.0,In Person,2017
2416,ECON4447,Law and Economics,Second Semester,Undergraduate,6.0,In Person,2017
2417,ECON2139,Law and Economics(H),Second Semester,Undergraduate,6.0,In Person,2017
2418,ECON2120,Law and Economics(P),Second Semester,Undergraduate,6.0,In Person,2017
2419,LAWS8071,Law and Governance in sub-Saharan Africa,,Postgraduate,6.0,In Person,2017
2420,LAWS8586,Law and Legal Institutions,Summer Session/Winter Session,Postgraduate,6.0,In Person,2017
2421,LAWS8324,"Law and Organising for Reform, Justice and Inclusion",Summer Session,Postgraduate,6.0,Online,2017
2422,LAWS4279,Law and Politics of European Integration,Second Semester,Undergraduate,6.0,In Person,2017
2423,LAWS4260,Law and Psychology,Second Semester,Undergraduate,6.0,In Person,2017
2424,LAWS8034,Law and Regulation,Autumn Session,Postgraduate,6.0,In Person,2017
2425,LAWS4256,Law and Sexualities,,Undergraduate,6.0,In Person,2017
2426,LAWS8069,Law and Society in South Asia,Autumn Session,Postgraduate,6.0,In Person,2017
2427,LAWS2229,Law and Society in South East Asia,,Undergraduate,6.0,In Person,2017
2428,LAWS8594,Law and Society in South East Asia,,Postgraduate,6.0,In Person,2017
2429,LAWS3103,Law and the Environment,,Undergraduate,6.0,In Person,2017
2430,LAWS6503,Law and the Environment,,Postgraduate,6.0,In Person,2017
2431,LAWS4280,Law and the Humanities,Winter Session,Undergraduate,6.0,In Person,2017
2432,LEGL7001,Law in Professional Context,,Postgraduate,6.0,In Person,2017
2433,BUSN2101,Law of Business Entities,First Semester,Undergraduate,6.0,In Person,2017
2434,LAWS8253,Law of The Sea,Winter Session,Postgraduate,6.0,In Person,2017
2435,LAWS8326,"Law, Lawyers, Justice - Regional, Rural, Remote",Winter Session,Postgraduate,6.0,Online,2017
2436,ANTH8032,"Law, Order and Conflict in the Pacific",Winter Session,Postgraduate,6.0,Online or In Person,2017
2437,LAWS1202,Lawyers Justice and Ethics,Second Semester,Undergraduate,6.0,In Person,2017
2438,LAWS6102,"Lawyers, Justice and Ethics",Second Semester,Postgraduate,6.0,In Person,2017
2439,MGMT3021,Leadership,Second Semester,Undergraduate,6.0,In Person,2017
2440,MGMT7060,Leadership Perspectives and Challenges,,Postgraduate,6.0,In Person,2017
2441,MGMT7153,Leadership Skills,,Postgraduate,6.0,In Person,2017
2442,VCPG6003,Leadership and Influence in a Complex World,First Semester,Postgraduate,6.0,In Person,2017
2443,VCUG2002,Leadership and Influence in a Complex World,First Semester,Undergraduate,6.0,In Person,2017
2444,POGO8111,Leadership and Organisational Analysis,Winter Session,Postgraduate,6.0,In Person,2017
2445,MGMT7061,Leading High Performance Teams,,Postgraduate,6.0,In Person,2017
2446,MGMT8270,Leading People and Change,Second Semester,Postgraduate,6.0,Online or In Person,2017
2447,POGO8067,Leading Public Sector Change,Autumn Session,Postgraduate,6.0,In Person,2017
2448,MGMT7029,Leading Through Change,Winter Session/Spring Session,Postgraduate,6.0,In Person,2017
2449,POGO8505,Leading and Influencing Public Policy,,Postgraduate,6.0,In Person,2017
2450,CHIN2525,Learning Language Locally: China,Winter Session,Undergraduate,6.0,In Person,2017
2451,CHIN6526,Learning Language Locally: China,Winter Session,Postgraduate,6.0,In Person,2017
2452,HIND6525,Learning Language Locally: India,Summer Session,Postgraduate,6.0,In Person,2017
2453,HIND2525,Learning Language Locally: India,Summer Session,Undergraduate,6.0,In Person,2017
2454,INDN2525,Learning Language Locally: Indonesia,Summer Session/Winter Session,Undergraduate,6.0,In Person,2017
2455,INDN6525,Learning Language Locally: Indonesia,Summer Session/Winter Session,Postgraduate,6.0,In Person,2017
2456,JPNS6525,Learning Language Locally: Japan,Summer Session,Postgraduate,6.0,In Person,2017
2457,JPNS2525,Learning Language Locally: Japan,Summer Session,Undergraduate,6.0,In Person,2017
2458,THAI2525,Learning Language Locally: Thailand,Summer Session,Undergraduate,6.0,In Person,2017
2459,THAI6525,Learning Language Locally: Thailand,Summer Session/Winter Session,Postgraduate,6.0,In Person,2017
2460,VIET6525,Learning Language Locally: Vietnam,Summer Session,Postgraduate,6.0,In Person,2017
2461,VIET2525,Learning Language Locally: Vietnam,Summer Session,Undergraduate,6.0,In Person,2017
2462,AUST1001,Learning an Indigenous Australian Language,First Semester,Undergraduate,6.0,In Person,2017
2463,AUST6008,Learning an Indigenous Australian language 1,First Semester,Postgraduate,6.0,In Person,2017
2464,AUST2008,Learning an Indigenous Australian language 2,First Semester,Undergraduate,6.0,In Person,2017
2465,AUST6009,Learning an Indigenous Australian language 2,,Postgraduate,6.0,In Person,2017
2466,LAWS8319,Legal Entrepreneur,Second Semester,Postgraduate,6.0,Online,2017
2467,LEGW8101,Legal Ethics,,Postgraduate,3.0,In Person,2017
2468,LAWS8587,Legal Framework of Regulation,Summer Session/Winter Session,Postgraduate,6.0,In Person,2017
2469,LEGW8143,Legal Practice Experience,,Postgraduate,3.0,In Person,2017
2470,LEGW8150,Legal Practice Experience,Summer Session/Autumn Session/Winter Session/Spring Session,Postgraduate,9.0,In Person,2017
2471,LEGW8151,Legal Practice Experience,Summer Session/Autumn Session/Winter Session/Spring Session,Postgraduate,6.0,In Person,2017
2472,LEGW8129,Legal Practice Experience (12 units),Summer Session/Autumn Session/Winter Session/Spring Session,Postgraduate,12.0,In Person,2017
2473,LEGW8134,Legal Practice Experience (3u),Summer Session/Autumn Session/Winter Session/Spring Session,Postgraduate,3.0,In Person,2017
2474,LEGW8131,Legal Practice Experience (6 units),Summer Session/Autumn Session/Winter Session/Spring Session,Postgraduate,6.0,In Person,2017
2475,LEGW8130,Legal Practice Experience (9 units),Summer Session/Autumn Session/Winter Session/Spring Session,Postgraduate,9.0,In Person,2017
2476,PREP1111,Legal Studies,First Semester/Second Semester,Undergraduate,6.0,In Person,2017
2477,LAWS2249,Legal Theory,Second Semester,Undergraduate,6.0,In Person,2017
2478,LAWS6249,Legal Theory,Second Semester,Postgraduate,6.0,In Person,2017
2479,LAWS8104,Legislation and Legislative Drafting,Summer Session,Postgraduate,6.0,In Person,2017
2480,LAWS2279,Legislation and Regulatory Design,,Undergraduate,6.0,In Person,2017
2481,LAWS4251,Legislative Drafting and Technology,Second Semester,Undergraduate,6.0,In Person,2017
2482,PHIL2289,"Leviathan, Art and Law: Constituting the Body Politic",,Undergraduate,6.0,In Person,2017
2483,ASIA6045,Lies Conspiracy & Propaganda,,Postgraduate,6.0,In Person,2017
2484,STAT3037,Life Contingencies,Second Semester,Undergraduate,6.0,In Person,2017
2485,STAT6043,Life Contingencies,Second Semester,Postgraduate,6.0,In Person,2017
2486,POPH8918,Life Course Approaches to Human Ageing,Second Semester,Postgraduate,6.0,Blended,2017
2487,PSYC1005,Life Issues: Applying Psychology,Second Semester,Undergraduate,6.0,Online or In Person,2017
2488,PHYS1004,Life Physics,Second Semester,Undergraduate,6.0,In Person,2017
2489,ASIA2308,Linguistic Histories in Asia and the Pacific,First Semester,Undergraduate,6.0,In Person,2017
2490,PREP1112,Linguistics,,Undergraduate,6.0,In Person,2017
2491,CHIN6530,Literary Chinese 1,First Semester,Postgraduate,6.0,In Person,2017
2492,CHIN3030,Literary Chinese 1,First Semester,Undergraduate,6.0,In Person,2017
2493,CHIN3031,Literary Chinese 2,Second Semester,Undergraduate,6.0,In Person,2017
2494,CHIN6531,Literary Chinese 2,Second Semester,Postgraduate,6.0,In Person,2017
2495,ENGL2086,"Literature in the Digital Age: Theories, Texts, Methods",Second Semester,Undergraduate,6.0,Online or In Person,2017
2496,ENGL6086,"Literature in the Digital Age: Theories, Texts, Methods",Second Semester,Postgraduate,6.0,Online or In Person,2017
2497,ENGL3037,"Literature, Law and Human Rights",First Semester,Undergraduate,6.0,In Person,2017
2498,LAWS4286,"Literature, Law and Human Rights",First Semester,Undergraduate,6.0,In Person,2017
2499,LAWS6244,Litigation and Dispute Management,First Semester,Postgraduate,6.0,In Person,2017
2500,LAWS2244,Litigation and Dispute Management,First Semester,Undergraduate,6.0,In Person,2017
2501,POGO8051,Local Development and Governance in an Indigenous Context,,Postgraduate,6.0,In Person,2017
2502,COMP6262,Logic,First Semester,Postgraduate,6.0,In Person,2017
2503,PHIL2080,Logic,First Semester,Undergraduate,6.0,In Person,2017
2504,COMP2620,Logic,First Semester,Undergraduate,6.0,In Person,2017
2505,ANUC1107,Logic and Critical Thinking,Second Semester,Undergraduate,6.0,In Person,2017
2506,PHIL1005,Logic and Critical Thinking,Second Semester,Undergraduate,6.0,In Person,2017
2507,PHIL2059,Love Death and Freedom (20th Century French Phenomenology),First Semester,Undergraduate,6.0,In Person,2017
2508,ASIA7500P,MA(Asia Pacific Studies) Sub-thesis,,Postgraduate,12.0,In Person,2017
2509,ASIA7500F,MA(Asia Pacific Studies) Sub-thesis,,Postgraduate,12.0,In Person,2017
2510,ANTH8050,MAAPD (Advanced) Thesis,First Semester/Second Semester,Postgraduate,6.0,In Person,2017
2511,ANTH8016,MAAPD Internship,Summer Session/First Semester/Autumn Session/Winter Session/Second Semester/Spring Session,Postgraduate,6.0,Online or In Person,2017
2512,PAAS8955P,"MPhil (Contemporary China Cntr, Pol and Social Change, Sch of International, Pol and Strategic Stud)",,Research,24.0,In Person,2017
2513,PAAS8955F,"MPhil (Contemporary China Cntr, Pol and Social Change, Sch of International, Pol and Strategic Stud)",,Research,24.0,In Person,2017
2514,PAAS8961F,"MPhil (Resource Management in Asia and the Pacific, Crawford School of Economics and Government)",,Research,24.0,In Person,2017
2515,PAAS8961P,"MPhil (Resource Management in Asia and the Pacific, Crawford School of Economics and Government)",,Research,24.0,In Person,2017
2516,ECON8900F,"MPhil -  Research course in Economics, ANU College of Business and Economics",,Research,24.0,In Person,2017
2517,ECON8900P,"MPhil -  Research course in Economics, ANU College of Business and Economics",,Research,24.0,In Person,2017
2518,COMM8900P,"MPhil - Research Course in Commerce, ANU College of Business and Economics",,Research,24.0,In Person,2017
2519,COMM8900F,"MPhil - Research Course in Commerce, ANU College of Business and Economics",,Research,24.0,In Person,2017
2520,ECHI8900P,"MPhil - Research Course in Economic History, ANU College of Business and Economics",,Research,24.0,In Person,2017
2521,ECHI8900F,"MPhil - Research Course in Economic History, ANU College of Business and Economics",,Research,24.0,In Person,2017
2522,MATH8900P,"MPhil - Research Course in Mathematics, Mathematical Sciences Institute, CMBE/CPMS",,Research,24.0,In Person,2017
2523,MATH8900F,"MPhil - Research Course in Mathematics, Mathematical Sciences Institute, CMBE/CPMS",,Research,24.0,In Person,2017
2524,SCOM8900P,"MPhil - Research Course in Scientific Communication, Centre for the Public Awareness",,Research,24.0,In Person,2017
2525,SCOM8900F,"MPhil - Research Course in Scientific Communication, Centre for the Public Awareness",,Research,24.0,In Person,2017
2526,STAT8900F,"MPhil - Research Course in Statistics, ANU College of Business and Economics",,Research,24.0,In Person,2017
2527,STAT8900P,"MPhil - Research Course in Statistics, ANU College of Business and Economics",,Research,24.0,In Person,2017
2528,ANTH8900F,"MPhil Anthropology, RSHA",,Research,1.0,In Person,2017
2529,ANTH8900P,"MPhil Anthropology, RSHA",,Research,1.0,In Person,2017
2530,ARCH8900P,"MPhil Archaeology, RSHA",,Research,24.0,In Person,2017
2531,ARCH8900F,"MPhil Archaeology, RSHA",,Research,24.0,In Person,2017
2532,ARTH8900F,"MPhil Art History and Art Theory, RSHA",,Research,24.0,In Person,2017
2533,ARTH8900P,"MPhil Art History and Art Theory, RSHA",,Research,24.0,In Person,2017
2534,DEMO8900P,"MPhil Demographic and Social Research, RSSS",,Research,6.0,In Person,2017
2535,DEMO8900F,"MPhil Demographic and Social Research, RSSS",,Research,6.0,In Person,2017
2536,FINM8900F,"MPhil Finance, ANU College of Business and Economics",,Research,24.0,In Person,2017
2537,FINM8900P,"MPhil Finance, ANU College of Business and Economics",,Research,24.0,In Person,2017
2538,HIST8900P,"MPhil History, RSSS",,Research,24.0,In Person,2017
2539,HIST8900F,"MPhil History, RSSS",,Research,24.0,In Person,2017
2540,HUMN8900F,"MPhil Humanities, RSHA",,Research,1.0,In Person,2017
2541,HUMN8900P,"MPhil Humanities, RSHA",,Research,1.0,In Person,2017
2542,INDG8901P,"MPhil Indigenous  Studies, RSSS",,Research,1.0,In Person,2017
2543,INDG8901F,"MPhil Indigenous  Studies, RSSS",,Research,1.0,In Person,2017
2544,LLCC8900F,"MPhil Language, Communications and Culture, RSHA",,Research,1.0,In Person,2017
2545,LLCC8900P,"MPhil Language, Communications and Culture, RSHA",,Research,1.0,In Person,2017
2546,MEAS8900F,"MPhil Middle Eastern and Central Asian Studies, RSSS",,Research,6.0,In Person,2017
2547,MEAS8900P,"MPhil Middle Eastern and Central Asian Studies, RSSS",,Research,6.0,In Person,2017
2548,MUSI8900P,"MPhil Music, RSHA",,Research,6.0,In Person,2017
2549,MUSI8900F,"MPhil Music, RSHA",,Research,6.0,In Person,2017
2550,PHIL8900F,"MPhil Philosophy, RSSS",,Research,24.0,In Person,2017
2551,PHIL8900P,"MPhil Philosophy, RSSS",,Research,24.0,In Person,2017
2552,POLS8900F,"MPhil Politics and International Relations, RSSS",,Research,24.0,In Person,2017
2553,POLS8900P,"MPhil Politics and International Relations, RSSS",,Research,24.0,In Person,2017
2554,PAAS8962F,MPhil Regulation and Governance,,Research,24.0,In Person,2017
2555,PAAS8962P,MPhil Regulation and Governance,,Research,24.0,In Person,2017
2556,PAAS8950F,"MPhil Research Course in Anthropology, School of Culture History & Language",,Research,6.0,In Person,2017
2557,PAAS8950P,"MPhil Research Course in Anthropology, School of Culture History & Language",,Research,6.0,In Person,2017
2558,PAAS8953F,"MPhil Research Course in Archeology & Natural History, School of Culture History & Language",,Research,24.0,In Person,2017
2559,PAAS8953P,"MPhil Research Course in Archeology & Natural History, School of Culture History & Language",,Research,24.0,In Person,2017
2560,PAAS8959F,"MPhil Research Course in Arndt-Corden Division of Economics, Crawford School",,Research,24.0,In Person,2017
2561,PAAS8959P,"MPhil Research Course in Arndt-Corden Division of Economics, Crawford School",,Research,24.0,In Person,2017
2562,ASIA8900F,"MPhil Research Course in Asian Studies, School of Culture History & Language",,Research,24.0,In Person,2017
2563,ASIA8900P,"MPhil Research Course in Asian Studies, School of Culture History & Language",,Research,24.0,In Person,2017
2564,PAAS8957P,"MPhil Research Course in International Relations, School of Intnl Pol & Strategic Studies",,Research,24.0,In Person,2017
2565,PAAS8957F,"MPhil Research Course in International Relations, School of Intnl Pol & Strategic Studies",,Research,24.0,In Person,2017
2566,PAAS8951P,"MPhil Research Course in Linguistics, School of Culture History & Language",,Research,24.0,In Person,2017
2567,PAAS8951F,"MPhil Research Course in Linguistics, School of Culture History & Language",,Research,24.0,In Person,2017
2568,NSPO8950F,"MPhil Research Course in National Security, National Security College",,Research,24.0,In Person,2017
2569,NSPO8950P,"MPhil Research Course in National Security, National Security College",,Research,24.0,In Person,2017
2570,PAAS8952P,"MPhil Research Course in Pacific & Asian History, School of Culture History & Language",,Research,24.0,In Person,2017
2571,PAAS8952F,"MPhil Research Course in Pacific & Asian History, School of Culture History & Language",,Research,24.0,In Person,2017
2572,POGO8950P,"MPhil Research Course in Policy & Governance, Crawford School",,Research,24.0,In Person,2017
2573,POGO8950F,"MPhil Research Course in Policy & Governance, Crawford School",,Research,24.0,In Person,2017
2574,PAAS8958P,"MPhil Research Course in Political& Social Change,School of Intnl Pol & Strategic Studies",,Research,6.0,In Person,2017
2575,PAAS8958F,"MPhil Research Course in Political& Social Change,School of Intnl Pol & Strategic Studies",,Research,6.0,In Person,2017
2576,PAAS8960P,"MPhil Research Course in Strategic Defence Studies, School of Intnl Pol & Strategic Studies",,Research,24.0,In Person,2017
2577,PAAS8960F,"MPhil Research Course in Strategic Defence Studies, School of Intnl Pol & Strategic Studies",,Research,24.0,In Person,2017
2578,PAAS8900F,"MPhil Research Cse in State Society & Governance in Melanesia, School of IPS",,Research,24.0,In Person,2017
2579,PAAS8900P,"MPhil Research Cse in State Society & Governance in Melanesia, School of IPS",,Research,24.0,In Person,2017
2580,SOCY8900F,"MPhil Sociology, RSSS",,Research,24.0,In Person,2017
2581,SOCY8900P,"MPhil Sociology, RSSS",,Research,24.0,In Person,2017
2582,ARTV8900P,"MPhil Visual Arts, RSHA",,Research,6.0,In Person,2017
2583,ARTV8900F,"MPhil Visual Arts, RSHA",,Research,6.0,In Person,2017
2584,PHYS8952F,"MPhil, Atomic and Molecular Physics,  Research School of Physics and Engineering",,Research,24.0,In Person,2017
2585,PHYS8952P,"MPhil, Atomic and Molecular Physics,  Research School of Physics and Engineering",,Research,24.0,In Person,2017
2586,PHYS8953F,"MPhil, Electronic Materials Engineering,  Research School of Physics and Engineering",,Research,6.0,In Person,2017
2587,PHYS8953P,"MPhil, Electronic Materials Engineering,  Research School of Physics and Engineering",,Research,6.0,In Person,2017
2588,ENVS8905P,"MPhil, Environmental & Natural Resource Management, Fenner School of Environment and Society",,Research,24.0,In Person,2017
2589,ENVS8905F,"MPhil, Environmental & Natural Resource Management, Fenner School of Environment and Society",,Research,24.0,In Person,2017
2590,IDEC8002,Macroeconomic Analysis and Policy,Second Semester,Postgraduate,6.0,In Person,2017
2591,IDEC8068,Macroeconomic Policy and Implementation,,Postgraduate,6.0,In Person,2017
2592,ECON7074,Macroeconomic Principles for Economic Policy,First Semester/Second Semester,Postgraduate,6.0,In Person,2017
2593,ECON4422,Macroeconomic Theory,First Semester/Second Semester,Undergraduate,6.0,In Person,2017
2594,ECON8022,Macroeconomic Theory (Master),First Semester/Second Semester,Postgraduate,6.0,In Person,2017
2595,ECON1102,Macroeconomics 1,First Semester/Second Semester,Undergraduate,6.0,In Person,2017
2596,ECON2112,Macroeconomics 2(H),,Undergraduate,6.0,In Person,2017
2597,ECON2102,Macroeconomics 2(P),First Semester/Second Semester,Undergraduate,6.0,In Person,2017
2598,ECON3102,Macroeconomics 3,Second Semester,Undergraduate,6.0,In Person,2017
2599,EMSC3024,Magmatism and Metamorphism,First Semester,Undergraduate,6.0,In Person,2017
2600,EMSC4024,Magmatism and Metamorphism,First Semester,Undergraduate,6.0,In Person,2017
2601,EMSC6024,Magmatism and Metamorphism,First Semester,Postgraduate,6.0,In Person,2017
2602,ASIA2041,Mainland Southeast Asia: Colonial and Postcolonial Predicaments,,Undergraduate,6.0,In Person,2017
2603,DESN8002,Major Design Inquiry: Application of Research,First Semester/Second Semester,Postgraduate,12.0,In Person,2017
2604,ENVS8101,Major Research Essay,First Semester/Second Semester,Postgraduate,6.0,In Person,2017
2605,INTR8068,Making Foreign Policy,Second Semester,Postgraduate,6.0,In Person,2017
2606,HIST3007,Making History,Second Semester,Undergraduate,6.0,In Person,2017
2607,HIST6007,Making History,Second Semester,Postgraduate,6.0,Online or In Person,2017
2608,SCOM3032,Making Modern Science,First Semester,Undergraduate,6.0,Online,2017
2609,SCOM6032,Making Modern Science,First Semester,Postgraduate,6.0,Online,2017
2610,DESN1001,Making Online: Context & Presence,First Semester,Undergraduate,6.0,In Person,2017
2611,POGO8090,Making and Evaluating Policy,First Semester,Postgraduate,6.0,In Person,2017
2612,ARCH3029,Making-Taking-Using-Breaking: Material Culture Studies and Technology in Archaeology,,Undergraduate,6.0,In Person,2017
2613,NSPO8017,Malicious Networks: Transnational Terrorism and Crime,Second Semester,Postgraduate,6.0,In Person,2017
2614,BUSN2011,Management Accounting,First Semester/Second Semester,Undergraduate,6.0,In Person,2017
2615,BUSN7031,Management Accounting and Cost Analysis,First Semester/Second Semester,Postgraduate,6.0,In Person,2017
2616,MGMT8002,Management Consulting,,Postgraduate,6.0,In Person,2017
2617,MGMT4500,Management Honours Thesis,First Semester/Second Semester,Undergraduate,6.0,In Person,2017
2618,MGMT8191,Management Master Class,,Postgraduate,6.0,In Person,2017
2619,MGMT4006,Management Research Methods,First Semester,Undergraduate,6.0,In Person,2017
2620,MGMT8006,Management Research Methods,First Semester,Postgraduate,6.0,In Person,2017
2621,MGMT7243,Management and Strategy in Technology-based Business,,Postgraduate,6.0,In Person,2017
2622,MGMT1003,"Management, People and Organisations",First Semester/Second Semester,Undergraduate,6.0,In Person,2017
2623,STAT3014,Managerial Decision Analysis,,Undergraduate,6.0,In Person,2017
2624,STAT6028,Managerial Decision Analysis,,Postgraduate,6.0,In Person,2017
2625,ECON2014,Managerial Economics,First Semester,Undergraduate,6.0,In Person,2017
2626,ECON6014,Managerial Economics,First Semester,Postgraduate,6.0,In Person,2017
2627,MGMT7208,Managerial Judgment and Decision Making,,Postgraduate,6.0,In Person,2017
2628,MGMT7107,Managing Across Cultures,Second Semester,Postgraduate,6.0,In Person,2017
2629,MGMT7042,Managing Business Ethically,,Postgraduate,6.0,In Person,2017
2630,ENVS3041,Managing Forested Landscapes,First Semester,Undergraduate,6.0,In Person,2017
2631,ENVS6026,Managing Forested Landscapes,First Semester,Postgraduate,6.0,In Person,2017
2632,POGO8057,Managing Government Finances,Winter Session,Postgraduate,6.0,In Person,2017
2633,MGMT8062,Managing Major Projects: The Cross-Boundary Project Executive,First Semester,Postgraduate,6.0,In Person,2017
2634,MGMT2035,Managing Organisational Change,Second Semester,Undergraduate,6.0,In Person,2017
2635,POGO8300,Managing Public Sector Organisations,Summer Session,Postgraduate,6.0,Blended,2017
2636,COMP3120,Managing Software Development,First Semester,Undergraduate,6.0,In Person,2017
2637,COMP8110,Managing Software Projects in a System Context,First Semester,Postgraduate,6.0,In Person,2017
2638,COMP4130,Managing Software Quality and Process,First Semester,Undergraduate,6.0,In Person,2017
2639,MGMT7007,Managing for Sustainability,,Postgraduate,6.0,In Person,2017
2640,BUSI7280,Managing in a Global Context,First Semester/Second Semester,Postgraduate,6.0,Online or In Person,2017
2641,MGMT8182,Managing in a Global Economy,,Postgraduate,6.0,In Person,2017
2642,BUSI7001,Managing the Global Supply Chain,First Semester,Postgraduate,6.0,In Person,2017
2643,STAT4010,Managing the Research Process,First Semester/Second Semester,Undergraduate,6.0,In Person,2017
2644,STAT8010,Managing the Research Process,,Postgraduate,6.0,In Person,2017
2645,ARCH8034,"Managing, Mapping and Detecting Archaeological Sites",,Postgraduate,6.0,In Person,2017
2646,ENGN3212,Manufacturing Technologies,First Semester,Undergraduate,6.0,In Person,2017
2647,ENGN6212,Manufacturing Technologies,First Semester,Postgraduate,6.0,In Person,2017
2648,ASIA8046,Maps and Mapping for the Social Sciences and Humanities,First Semester,Postgraduate,6.0,In Person,2017
2649,EMSC6023,Marine Biogeochemistry,First Semester,Postgraduate,6.0,In Person,2017
2650,EMSC3023,Marine Biogeochemistry,First Semester,Undergraduate,6.0,In Person,2017
2651,EMSC4023,Marine Biogeochemistry,First Semester,Undergraduate,6.0,In Person,2017
2652,BIOL3116,Marine Conservation Ecology,Second Semester,Undergraduate,6.0,In Person,2017
2653,BIOL6116,Marine Conservation Ecology,Second Semester,Postgraduate,6.0,In Person,2017
2654,LAWS8129,Marine and Coastal Law,,Postgraduate,6.0,In Person,2017
2655,LAWS8315,Maritime Security Law,Spring Session,Postgraduate,6.0,In Person,2017
2656,MKTG7001,Marketing,Summer Session/Winter Session/Spring Session,Postgraduate,6.0,Online or In Person,2017
2657,MKTG2004,Marketing,Summer Session/Second Semester,Undergraduate,6.0,In Person,2017
2658,MKTG8001,Marketing Analytics,,Postgraduate,6.0,In Person,2017
2659,MKTG7028,Marketing Communications,,Postgraduate,6.0,In Person,2017
2660,MKTG8043,Marketing Concepts and Practice,,Postgraduate,6.0,In Person,2017
2661,MKTG4500,Marketing Honours Thesis,First Semester/Second Semester,Undergraduate,6.0,In Person,2017
2662,MKTG8002,Marketing Metrics and Firm Value,,Postgraduate,6.0,In Person,2017
2663,MKTG8003,Marketing Models,,Postgraduate,6.0,In Person,2017
2664,MKTG2001,Marketing Research,Second Semester,Undergraduate,6.0,In Person,2017
2665,STAT6006,Marketing Research Methods,,Postgraduate,6.0,In Person,2017
2666,MKTG7027,Marketing Strategy,First Semester,Postgraduate,6.0,In Person,2017
2667,MKTG7260,Marketing and Stakeholder Communications,First Semester/Second Semester,Postgraduate,6.0,Online or In Person,2017
2668,MKTG2003,Marketing for Financial Services,Second Semester,Undergraduate,6.0,In Person,2017
2669,BUSI8012,Marketing in the Asia-Pacific Region,,Postgraduate,6.0,In Person,2017
2670,ARCH8037,Master Class in Archaeological Science,Autumn Session/Winter Session/Spring Session,Postgraduate,6.0,In Person,2017
2671,LAWS8900F,"Master Research Course in Law, Faculty of Law",,Research,6.0,In Person,2017
2672,LAWS8900P,"Master Research Course in Law, Faculty of Law",,Research,6.0,In Person,2017
2673,MMIB8900F,"Master Research Course, Research School of Management",,Research,24.0,In Person,2017
2674,MMIB8900P,"Master Research Course, Research School of Management",,Research,24.0,In Person,2017
2675,BUSN8802,Master Research Project (Commerce),First Semester/Second Semester,Postgraduate,12.0,In Person,2017
2676,MMIB8005,Master Sub-Thesis (Business Studies),Summer Session/First Semester/Autumn Session/Winter Session/Second Semester/Spring Session,Postgraduate,18.0,In Person,2017
2677,MMIB8006,Master Sub-Thesis (Business Studies),Summer Session/First Semester/Autumn Session/Winter Session/Second Semester/Spring Session,Postgraduate,6.0,In Person,2017
2678,BUSN8803,Master Sub-Thesis (Commerce),First Semester/Second Semester,Postgraduate,18.0,In Person,2017
2679,BUSN8804,Master Sub-Thesis (Commerce),First Semester/Second Semester,Postgraduate,6.0,In Person,2017
2680,ENGN8180,Master Thesis Project,,Postgraduate,12.0,In Person,2017
2681,ASIA8500P,Master of Asian and Pacific Studies (Advanced) Sub-thesis,,Postgraduate,12.0,Online or In Person,2017
2682,ASIA8500F,Master of Asian and Pacific Studies (Advanced) Sub-thesis,First Semester/Second Semester,Postgraduate,12.0,Online or In Person,2017
2683,EMDV8016,Master of Environmental Management and Development Sub-thesis,Second Semester,Postgraduate,12.0,Online or In Person,2017
2684,PHYS8207,Master of Nuclear Science Research Project,Summer Session/First Semester/Autumn Session/Winter Session/Second Semester/Spring Session,Postgraduate,6.0,In Person,2017
2685,HLTH8000F,"Master of Philosophy (Centre for Research on Ageing, Health and Wellbeing)",,Research,6.0,In Person,2017
2686,HLTH8000P,"Master of Philosophy (Centre for Research on Ageing, Health and Wellbeing)",,Research,6.0,In Person,2017
2687,COMP8900P,Master of Philosophy (Computer Science),,Research,3.0,In Person,2017
2688,COMP8900F,Master of Philosophy (Computer Science),,Research,3.0,In Person,2017
2689,DIPL8500P,"Master of Philosophy (Diplomacy, School of Regulation, Justice and Diplomacy)",,Research,24.0,In Person,2017
2690,DIPL8500F,"Master of Philosophy (Diplomacy, School of Regulation, Justice and Diplomacy)",,Research,24.0,In Person,2017
2691,ENGN8900P,Master of Philosophy (Engineering),,Research,3.0,In Person,2017
2692,ENGN8900F,Master of Philosophy (Engineering),,Research,3.0,In Person,2017
2693,PAAS8956P,"Master of Philosophy (Gender Relations,RSPAS)",,Research,24.0,In Person,2017
2694,PAAS8956F,"Master of Philosophy (Gender Relations,RSPAS)",,Research,24.0,In Person,2017
2695,PAAS8954P,"Master of Philosophy (Human Geography,RSPAS)",,Research,24.0,In Person,2017
2696,PAAS8954F,"Master of Philosophy (Human Geography,RSPAS)",,Research,24.0,In Person,2017
2697,PSYC8900F,"Master of Philosophy - Research Course in Psychology, Department of Pyschology, SHPS",,Research,6.0,In Person,2017
2698,PSYC8900P,"Master of Philosophy - Research Course in Psychology, Department of Pyschology, SHPS",,Research,6.0,In Person,2017
2699,HECN8952P,"Master of Philosophy - Research Course,  ACERH, Institute of Population Health",,Research,24.0,In Person,2017
2700,HECN8952F,"Master of Philosophy - Research Course,  ACERH, Institute of Population Health",,Research,24.0,In Person,2017
2701,HLTH8550F,"Master of Philosophy - Research Course,  CMHR, Institute of Population Health",,Research,24.0,In Person,2017
2702,HLTH8550P,"Master of Philosophy - Research Course,  CMHR, Institute of Population Health",,Research,24.0,In Person,2017
2703,POPH8950F,"Master of Philosophy - Research Course,  NCEPH, Institute of Population Health",,Research,6.0,In Person,2017
2704,POPH8950P,"Master of Philosophy - Research Course,  NCEPH, Institute of Population Health",,Research,6.0,In Person,2017
2705,MEDN8550F,"Master of Philosophy - Research Course, John Curtin School of Medical Research",,Research,6.0,In Person,2017
2706,MEDN8550P,"Master of Philosophy - Research Course, John Curtin School of Medical Research",,Research,6.0,In Person,2017
2707,MEDI8950F,"Master of Philosophy - Research Course, Medical School",,Research,6.0,In Person,2017
2708,MEDI8950P,"Master of Philosophy - Research Course, Medical School",,Research,6.0,In Person,2017
2709,ASTR8950P,"Master of Philosophy - Research Course, Research School of Astronomy & Astrophysics",,Research,24.0,In Person,2017
2710,ASTR8950F,"Master of Philosophy - Research Course, Research School of Astronomy & Astrophysics",,Research,24.0,In Person,2017
2711,CHEM8950P,"Master of Philosophy - Research Course, Research School of Chemistry",,Research,6.0,In Person,2017
2712,CHEM8950F,"Master of Philosophy - Research Course, Research School of Chemistry",,Research,6.0,In Person,2017
2713,EMSC8905F,"Master of Philosophy in Earth Chemistry, Research School of Earth Sciences",,Research,3.0,In Person,2017
2714,EMSC8905P,"Master of Philosophy in Earth Chemistry, Research School of Earth Sciences",,Research,3.0,In Person,2017
2715,EMSC8904P,"Master of Philosophy in Earth Environment, Research School of Earth Sciences",,Research,3.0,In Person,2017
2716,EMSC8904F,"Master of Philosophy in Earth Environment, Research School of Earth Sciences",,Research,3.0,In Person,2017
2717,EMSC8903P,"Master of Philosophy in Earth Materials and Processes, Research School of Earth Sciences",,Research,3.0,In Person,2017
2718,EMSC8903F,"Master of Philosophy in Earth Materials and Processes, Research School of Earth Sciences",,Research,3.0,In Person,2017
2719,EMSC8902P,"Master of Philosophy in Earth Physics, Research School of Earth Sciences",,Research,3.0,In Person,2017
2720,EMSC8902F,"Master of Philosophy in Earth Physics, Research School of Earth Sciences",,Research,3.0,In Person,2017
2721,EMSC8901F,"Master of Philosophy in Earth Sciences, Research School of Earth Sciences",,Research,3.0,In Person,2017
2722,EMSC8901P,"Master of Philosophy in Earth Sciences, Research School of Earth Sciences",,Research,3.0,In Person,2017
2723,PHYS8900P,"Master of Philosophy,  Quantum Science, Research School of Physics and Engineering",,Research,24.0,In Person,2017
2724,PHYS8900F,"Master of Philosophy,  Quantum Science, Research School of Physics and Engineering",,Research,24.0,In Person,2017
2725,PHYS8956P,"Master of Philosophy, Applied Mathematics, Research School of Physics and Engineering",,Research,24.0,In Person,2017
2726,PHYS8956F,"Master of Philosophy, Applied Mathematics, Research School of Physics and Engineering",,Research,24.0,In Person,2017
2727,BIOL8901F,"Master of Philosophy, Biomedical Science & Biochemistry, Research School of Biology",,Research,6.0,In Person,2017
2728,BIOL8901P,"Master of Philosophy, Biomedical Science & Biochemistry, Research School of Biology",,Research,6.0,In Person,2017
2729,ENVS8907F,"Master of Philosophy, Environmental Science, Fenner School of Environment and Society",,Research,24.0,In Person,2017
2730,ENVS8907P,"Master of Philosophy, Environmental Science, Fenner School of Environment and Society",,Research,24.0,In Person,2017
2731,BIOL8900F,"Master of Philosophy, Evolution, Ecology and Genetics, Research School of Biology",,Research,24.0,In Person,2017
2732,BIOL8900P,"Master of Philosophy, Evolution, Ecology and Genetics, Research School of Biology",,Research,24.0,In Person,2017
2733,ENVS8900P,"Master of Philosophy, Forestry, Fenner School of Environment and Society",,Research,24.0,In Person,2017
2734,ENVS8900F,"Master of Philosophy, Forestry, Fenner School of Environment and Society",,Research,24.0,In Person,2017
2735,GMTH8950F,"Master of Philosophy, General Mathematics, Mathematical Sciences Institute",,Research,6.0,In Person,2017
2736,GMTH8950P,"Master of Philosophy, General Mathematics, Mathematical Sciences Institute",,Research,6.0,In Person,2017
2737,ENVS8901F,"Master of Philosophy, Geography, Fenner School of Environment and Society",,Research,24.0,In Person,2017
2738,ENVS8901P,"Master of Philosophy, Geography, Fenner School of Environment and Society",,Research,24.0,In Person,2017
2739,ENVS8904F,"Master of Philosophy, Global Environmental Change, Fenner School of Environment and Society",,Research,24.0,In Person,2017
2740,ENVS8904P,"Master of Philosophy, Global Environmental Change, Fenner School of Environment and Society",,Research,24.0,In Person,2017
2741,ENVS8906P,"Master of Philosophy, Human Ecology, Fenner School of Environment and Society",,Research,24.0,In Person,2017
2742,ENVS8906F,"Master of Philosophy, Human Ecology, Fenner School of Environment and Society",,Research,24.0,In Person,2017
2743,ENVS8908F,"Master of Philosophy, Interdisciplinary Environmental Studies, Fenner School of Environment and Soci",,Research,24.0,In Person,2017
2744,ENVS8908P,"Master of Philosophy, Interdisciplinary Environmental Studies, Fenner School of Environment and Soci",,Research,24.0,In Person,2017
2745,ENVS8903F,"Master of Philosophy, LE&CB, Fenner School of Environment and Society",,Research,6.0,In Person,2017
2746,ENVS8903P,"Master of Philosophy, LE&CB, Fenner School of Environment and Society",,Research,6.0,In Person,2017
2747,PHYS8954P,"Master of Philosophy, Laser Physics Centre, Research School of Physics and Engineering",,Research,24.0,In Person,2017
2748,PHYS8954F,"Master of Philosophy, Laser Physics Centre, Research School of Physics and Engineering",,Research,24.0,In Person,2017
2749,PHYS8961P,"Master of Philosophy, Non-Linear Physics, Research School of Physics and Engineering",,Research,24.0,In Person,2017
2750,PHYS8961F,"Master of Philosophy, Non-Linear Physics, Research School of Physics and Engineering",,Research,24.0,In Person,2017
2751,PHYS8957F,"Master of Philosophy, Nuclear Physics, Research School of Physics and Engineering",,Research,24.0,In Person,2017
2752,PHYS8957P,"Master of Philosophy, Nuclear Physics, Research School of Physics and Engineering",,Research,24.0,In Person,2017
2753,PHYS8960P,"Master of Philosophy, Optical Sciences, Research School of Physics and Engineering",,Research,24.0,In Person,2017
2754,PHYS8960F,"Master of Philosophy, Optical Sciences, Research School of Physics and Engineering",,Research,24.0,In Person,2017
2755,BIOL8902F,"Master of Philosophy, Plant Sciences, Research School of Biology",,Research,24.0,In Person,2017
2756,BIOL8902P,"Master of Philosophy, Plant Sciences, Research School of Biology",,Research,24.0,In Person,2017
2757,PHYS8959P,"Master of Philosophy, Plasma Research, Research School of Physics and Engineering",,Research,6.0,In Person,2017
2758,PHYS8959F,"Master of Philosophy, Plasma Research, Research School of Physics and Engineering",,Research,6.0,In Person,2017
2759,ENVS8902F,"Master of Philosophy, Sustainable Development, Fenner School of Environment and Society",,Research,24.0,In Person,2017
2760,ENVS8902P,"Master of Philosophy, Sustainable Development, Fenner School of Environment and Society",,Research,24.0,In Person,2017
2761,PHYS8958F,"Master of Philosophy, Theoretical Physics, Research School of Physics and Engineering",,Research,24.0,In Person,2017
2762,PHYS8958P,"Master of Philosophy, Theoretical Physics, Research School of Physics and Engineering",,Research,24.0,In Person,2017
2763,SCOM7000,Master of Science Communication Research Project,First Semester/Second Semester,Postgraduate,3.0,In Person,2017
2764,SCOM8700,Master of Science Communication Research Project (Hong Kong),Summer Session,Postgraduate,3.0,Online or In Person,2017
2765,ENVS8000F,Masters Dissertation,First Semester/Second Semester,Postgraduate,12.0,In Person,2017
2766,ENVS8000P,Masters Dissertation,First Semester/Second Semester,Postgraduate,12.0,In Person,2017
2767,IDEC8064,Masters Microeconomics,First Semester,Postgraduate,6.0,In Person,2017
2768,IDEC8011,Masters Research Essay,First Semester/Second Semester,Postgraduate,6.0,In Person,2017
2769,INDG8900F,"Masters of Philosophy (Research in Indigenous Studies, National Centre for Indigenous Studies)",,Research,6.0,In Person,2017
2770,INDG8900P,"Masters of Philosophy (Research in Indigenous Studies, National Centre for Indigenous Studies)",,Research,6.0,In Person,2017
2771,HUMN8010,Material Culture Studies,,Postgraduate,6.0,Online or In Person,2017
2772,CHEM2213,Materials Chemistry,Second Semester,Undergraduate,6.0,In Person,2017
2773,ECON3127,Mathematical Economics: Technique and Applications,,Undergraduate,6.0,In Person,2017
2774,MATH6115,Mathematical Finance,Second Semester,Postgraduate,6.0,In Person,2017
2775,MATH1113,Mathematical Foundations for Actuarial Studies,Second Semester,Undergraduate,6.0,In Person,2017
2776,IDEC8015,Mathematical Methods in Applied Economics,First Semester,Postgraduate,6.0,In Person,2017
2777,ECON4413,Mathematical Techniques in Economics I,First Semester/Second Semester,Undergraduate,6.0,In Person,2017
2778,ECON8013,Mathematical Techniques in Economics I,First Semester/Second Semester,Postgraduate,6.0,In Person,2017
2779,ECON4414,Mathematical Techniques in Economics II,Second Semester,Undergraduate,6.0,In Person,2017
2780,ECON8014,Mathematical Techniques in Economics II,,Postgraduate,6.0,In Person,2017
2781,MATH8702,Mathematics Reading Course,Summer Session/First Semester/Autumn Session/Second Semester,Postgraduate,6.0,In Person,2017
2782,MATH8701,Mathematics Research Project,Summer Session/First Semester/Autumn Session/Second Semester,Postgraduate,6.0,In Person,2017
2783,MATH8705,Mathematics Special Topic,First Semester/Second Semester,Postgraduate,6.0,In Person,2017
2784,MATH1013,Mathematics and Applications 1,First Semester/Second Semester,Undergraduate,6.0,In Person,2017
2785,MATH1014,Mathematics and Applications 2,First Semester/Second Semester/Spring Session,Undergraduate,6.0,In Person,2017
2786,MATH3015,Mathematics of Finance,Second Semester,Undergraduate,6.0,In Person,2017
2787,ASGS1025,Maths Bridging,Second Semester,Undergraduate,12.0,In Person,2017
2788,BIAN2133,Mating and Parenting: Evolutionary Ecology of Human Reproductive Strategies,First Semester,Undergraduate,6.0,In Person,2017
2789,BIAN6133,Mating and Parenting: Evolutionary Ecology of Human Reproductive Strategies,First Semester,Postgraduate,6.0,In Person,2017
2790,MATH3512,Matrix Computations,Second Semester,Undergraduate,6.0,In Person,2017
2791,MATH6112,Matrix Computations,Second Semester,Postgraduate,6.0,In Person,2017
2792,ENGN2217,Mechanical Systems and Design,First Semester,Undergraduate,6.0,In Person,2017
2793,POLS2104,"Media Politics: Political leaders, media moguls, journalists and audiences.",First Semester,Undergraduate,6.0,In Person,2017
2794,ANTH2128,Media and Modernity,,Undergraduate,6.0,In Person,2017
2795,ASIA2106,Media and Politics in Japan,,Undergraduate,6.0,Blended,2017
2796,ASIA2091,Media in Asia,,Undergraduate,6.0,In Person,2017
2797,BIOL3190,Medical Science in the Workplace,Second Semester,Undergraduate,6.0,In Person,2017
2798,MEDI1001,Medicine 1A,,Undergraduate,24.0,In Person,2017
2799,MEDI8011,Medicine 1A,First Semester,Postgraduate,24.0,In Person,2017
2800,MEDI8012,Medicine 1B,Second Semester,Postgraduate,24.0,In Person,2017
2801,MEDI1002,Medicine 1B,,Undergraduate,24.0,In Person,2017
2802,MEDI2000A,Medicine 2,,Undergraduate,24.0,In Person,2017
2803,MEDI2000B,Medicine 2,,Undergraduate,24.0,In Person,2017
2804,MEDI8020A,Medicine 2,First Semester,Postgraduate,21.0,In Person,2017
2805,MEDI8020B,Medicine 2,Second Semester,Postgraduate,21.0,In Person,2017
2806,MEDI2001,Medicine 2A,,Undergraduate,24.0,In Person,2017
2807,MEDI2002,Medicine 2B,,Undergraduate,24.0,In Person,2017
2808,MEDI3000,Medicine 3,,Undergraduate,24.0,In Person,2017
2809,MEDI3000A,Medicine 3,First Semester,Undergraduate,24.0,In Person,2017
2810,MEDI8030B,Medicine 3,Second Semester,Postgraduate,24.0,In Person,2017
2811,MEDI3000B,Medicine 3,Second Semester,Undergraduate,24.0,In Person,2017
2812,MEDI8030A,Medicine 3,First Semester,Postgraduate,24.0,In Person,2017
2813,MEDI8040B,Medicine 4,Second Semester,Postgraduate,24.0,In Person,2017
2814,MEDI4000A,Medicine 4,First Semester,Undergraduate,24.0,In Person,2017
2815,MEDI8040A,Medicine 4,First Semester,Postgraduate,24.0,In Person,2017
2816,MEDI4000B,Medicine 4,Second Semester,Undergraduate,24.0,In Person,2017
2817,MEDI4001,Medicine 4A,First Semester,Undergraduate,24.0,In Person,2017
2818,MEDI4002,Medicine 4B,Second Semester,Undergraduate,24.0,In Person,2017
2819,CHMD8008,Medicine and Society in History,,Postgraduate,6.0,In Person,2017
2820,ANTH2026,"Medicine, Healing and the Body",First Semester,Undergraduate,6.0,In Person,2017
2821,ANTH6026,"Medicine, Healing and the Body",First Semester,Postgraduate,6.0,In Person,2017
2822,HIST2220,Medieval History,,Undergraduate,6.0,In Person,2017
2823,EMSC3032,"Melting Polar Ice Sheets, Sea Level Variations and Climate Change",First Semester,Undergraduate,6.0,In Person,2017
2824,EMSC6032,"Melting Polar Ice Sheets, Sea Level Variations and Climate Change",First Semester,Postgraduate,6.0,In Person,2017
2825,EMSC4032,"Melting polar ice sheets, sea level variations & climate change",First Semester,Undergraduate,6.0,In Person,2017
2826,ARTV6103,Memory,,Postgraduate,6.0,In Person,2017
2827,ARTV2024,Memory,,Undergraduate,6.0,In Person,2017
2828,POPM8001,Mental Health,Second Semester,Postgraduate,6.0,In Person,2017
2829,FINM7026,Mergers and Acquisitions,,Postgraduate,3.0,In Person,2017
2830,ARTH4017,Methodologies of Art History,First Semester,Undergraduate,12.0,In Person,2017
2831,ARTH8012,Methodologies of Art History,First Semester,Postgraduate,12.0,Online or In Person,2017
2832,EMDV8002,Methods for Environmental Decision-Making,Spring Session,Postgraduate,6.0,In Person,2017
2833,POPH8915,Methods in Applied Epidemiological Research,,Research,6.0,In Person,2017
2834,ARCH8040,Microanalysis in Archaeological Science,First Semester,Postgraduate,6.0,In Person,2017
2835,IDEC8016,Microeconomic Analysis and Policy,First Semester,Postgraduate,6.0,In Person,2017
2836,ECON7073,Microeconomic Principles for Economic Policy,First Semester/Second Semester,Postgraduate,6.0,In Person,2017
2837,ECON8011,Microeconomic Theory,First Semester/Second Semester,Postgraduate,6.0,In Person,2017
2838,ECON4411,Microeconomic Theory,First Semester/Second Semester,Undergraduate,6.0,In Person,2017
2839,ECON1101,Microeconomics 1,First Semester/Second Semester,Undergraduate,6.0,In Person,2017
2840,ECON2111,Microeconomics 2(H),,Undergraduate,6.0,In Person,2017
2841,ECON2101,Microeconomics 2(P),First Semester/Second Semester,Undergraduate,6.0,In Person,2017
2842,ECON3101,Microeconomics 3,First Semester,Undergraduate,6.0,In Person,2017
2843,MEAS7102,Middle Eastern and Central Asian Sub-thesis,Summer Session/First Semester,Postgraduate,18.0,In Person,2017
2844,MEAS7101,Middle Eastern and Central Asian Sub-thesis (Part-time),Summer Session/First Semester/Autumn Session,Postgraduate,9.0,In Person,2017
2845,LAWS4269,Migration Law,Summer Session,Undergraduate,6.0,In Person,2017
2846,LAWS8176,Migration Law,,Postgraduate,6.0,In Person,2017
2847,ANTH8042,"Migration, Refugees and Development",Second Semester,Postgraduate,6.0,Online or In Person,2017
2848,LAWS8163,Military Administrative Law,Autumn Session,Postgraduate,6.0,In Person,2017
2849,LAWS8160,Military Discipline Law,Winter Session,Postgraduate,6.0,In Person,2017
2850,LAWS8161,Military Legal Practice,Spring Session,Postgraduate,6.0,In Person,2017
2851,LAWS8162,Military Operations Law,Summer Session,Postgraduate,6.0,In Person,2017
2852,ANTH8014,"Mining, Community and Society",,Postgraduate,6.0,Online,2017
2853,SOCY2060,Mobile Societies,,Undergraduate,6.0,In Person,2017
2854,VCPG6002,Mobilising Research,Second Semester,Postgraduate,6.0,In Person,2017
2855,VCUG3002,Mobilising Research,Winter Session,Undergraduate,6.0,In Person,2017
2856,COMP8190,Model-Driven Software Development,,Postgraduate,6.0,In Person,2017
2857,IDEC8127,Modelling the Global Economy: techniques and policy implications,Second Semester,Postgraduate,6.0,In Person,2017
2858,ENGL2006,Modern American Fiction,First Semester,Undergraduate,6.0,In Person,2017
2859,ENGL6029,Modern American Fiction,First Semester,Postgraduate,6.0,In Person,2017
2860,ENGL6030,Modern Australian Drama,First Semester,Postgraduate,6.0,In Person,2017
2861,ENGL2108,Modern Australian Drama,First Semester,Undergraduate,6.0,In Person,2017
2862,CHIN1012,Modern Chinese 1A: Spoken Chinese,First Semester,Undergraduate,6.0,In Person,2017
2863,CHIN6012,Modern Chinese 1A: Spoken Chinese,First Semester,Postgraduate,6.0,In Person,2017
2864,CHIN6013,Modern Chinese 1B: Written Chinese,First Semester,Postgraduate,6.0,In Person,2017
2865,CHIN1013,Modern Chinese 1B: Written Chinese,First Semester,Undergraduate,6.0,In Person,2017
2866,CHIN2022,Modern Chinese 2A: Spoken Chinese,Second Semester,Undergraduate,6.0,In Person,2017
2867,CHIN6022,Modern Chinese 2A: Spoken Chinese,Second Semester,Postgraduate,6.0,In Person,2017
2868,CHIN2023,Modern Chinese 2B: Written Chinese,Second Semester,Undergraduate,6.0,In Person,2017
2869,CHIN6023,Modern Chinese 2B: Written Chinese,Second Semester,Postgraduate,6.0,In Person,2017
2870,CHIN3020,Modern Chinese 3,First Semester,Undergraduate,6.0,In Person,2017
2871,CHIN6520,Modern Chinese 3,First Semester,Postgraduate,6.0,In Person,2017
2872,CHIN3021,Modern Chinese 4,Second Semester,Undergraduate,6.0,In Person,2017
2873,CHIN6521,Modern Chinese 4,Second Semester,Postgraduate,6.0,In Person,2017
2874,CHIN3022,Modern Chinese 5,First Semester,Undergraduate,6.0,In Person,2017
2875,CHIN6522,Modern Chinese 5,First Semester,Postgraduate,6.0,In Person,2017
2876,CHIN3023,Modern Chinese 6,Second Semester,Undergraduate,6.0,In Person,2017
2877,CHIN6523,Modern Chinese 6,Second Semester,Postgraduate,6.0,In Person,2017
2878,CHIN3024,Modern Chinese 7,First Semester,Undergraduate,6.0,In Person,2017
2879,CHIN6524,Modern Chinese 7,First Semester,Postgraduate,6.0,In Person,2017
2880,CHIN3025,Modern Chinese 8,Second Semester,Undergraduate,6.0,In Person,2017
2881,CHIN6525,Modern Chinese 8,Second Semester,Postgraduate,6.0,In Person,2017
2882,LAWS8335,Modern Equity: Concepts and Principles,,Postgraduate,6.0,In Person,2017
2883,ENGL2101,Modern European Theatre,,Undergraduate,6.0,In Person,2017
2884,ASIA2009,Modern Japan: the state and the society from Meiji to the present,Second Semester,Undergraduate,6.0,In Person,2017
2885,ASIA6010,Modern Japanese Society,,Postgraduate,6.0,In Person,2017
2886,JAVA6005,Modern Javanese A,,Postgraduate,6.0,In Person,2017
2887,JAVA2005,Modern Javanese A,,Undergraduate,6.0,In Person,2017
2888,JAVA3005,Modern Javanese B,,Undergraduate,6.0,In Person,2017
2889,JAVA6505,Modern Javanese B,,Postgraduate,6.0,In Person,2017
2890,ASIA2040,Modern Korea,First Semester,Undergraduate,6.0,In Person,2017
2891,ASIA6006,Modern Korea,First Semester,Postgraduate,6.0,In Person,2017
2892,KORE1020,Modern Korean 1,First Semester,Undergraduate,6.0,In Person,2017
2893,KORE6120,Modern Korean 1,First Semester,Postgraduate,6.0,In Person,2017
2894,KORE1021,Modern Korean 2,Second Semester,Undergraduate,6.0,In Person,2017
2895,KORE6121,Modern Korean 2,Second Semester,Postgraduate,6.0,In Person,2017
2896,KORE2521,Modern Korean 3,First Semester,Undergraduate,6.0,In Person,2017
2897,KORE6521,Modern Korean 3,First Semester,Postgraduate,6.0,In Person,2017
2898,KORE6522,Modern Korean 4,Second Semester,Postgraduate,6.0,In Person,2017
2899,KORE2522,Modern Korean 4,Second Semester,Undergraduate,6.0,In Person,2017
2900,KORE3012,Modern Korean 5,First Semester,Undergraduate,6.0,In Person,2017
2901,KORE6512,Modern Korean 5,First Semester,Postgraduate,6.0,In Person,2017
2902,KORE3013,Modern Korean 6,Second Semester,Undergraduate,6.0,In Person,2017
2903,KORE6513,Modern Korean 6,Second Semester,Postgraduate,6.0,In Person,2017
2904,ASIA2084,"Modern Mongolia: Challenges to the Environment, Economy and Empire",Winter Session,Undergraduate,6.0,In Person,2017
2905,PHIL2074,Modern Theories of Knowledge,Second Semester,Undergraduate,6.0,In Person,2017
2906,MEAS2003,"Modern Turkey: History, Culture and Regional Relations",,Undergraduate,6.0,In Person,2017
2907,MEAS6503,"Modern Turkey: History, Culture and Regional Relations",,Postgraduate,6.0,In Person,2017
2908,ARTH2043,Modernism and Postmodernism in Art and Design: 1850-2000,Second Semester,Undergraduate,6.0,In Person,2017
2909,ARTH6043,Modernism and Postmodernism in Art and Design: 1850-2000,Second Semester,Postgraduate,6.0,Online or In Person,2017
2910,ENGL6031,Modernist Literature 1890-1940,,Postgraduate,6.0,In Person,2017
2911,ENGL2080,Modernist Literature 1890-1940,,Undergraduate,6.0,In Person,2017
2912,BIOL6162,Molecular Gene Technology,Second Semester,Postgraduate,6.0,In Person,2017
2913,BIOL2162,Molecular Gene Technology,Second Semester,Undergraduate,6.0,In Person,2017
2914,CHEM3208,Molecular Modeling and Computational Chemistry,Second Semester,Undergraduate,6.0,In Person,2017
2915,IDEC8012,Monetary Policy and Central Banking in the Asia Pacific,Winter Session,Postgraduate,6.0,In Person,2017
2916,ECON2026,Money and Banking,First Semester,Undergraduate,6.0,In Person,2017
2917,MNGL6002,Mongolian 1,Summer Session/First Semester,Postgraduate,6.0,Online or In Person,2017
2918,MNGL1002,Mongolian 1,Summer Session/First Semester,Undergraduate,6.0,Online or In Person,2017
2919,MNGL1003,Mongolian 2,Second Semester,Undergraduate,6.0,Online or In Person,2017
2920,MNGL6003,Mongolian 2,Second Semester,Postgraduate,6.0,Online or In Person,2017
2921,MNGL2002,Mongolian 3,,Undergraduate,6.0,Online or In Person,2017
2922,MNGL6102,Mongolian 3,,Postgraduate,6.0,Online or In Person,2017
2923,MNGL6103,Mongolian 4,,Postgraduate,6.0,Online or In Person,2017
2924,MNGL2003,Mongolian 4,,Undergraduate,6.0,Online or In Person,2017
2925,LING3107,Morphology,Second Semester,Undergraduate,6.0,In Person,2017
2926,LING6007,Morphology,Second Semester,Postgraduate,6.0,In Person,2017
2927,FILM2005,Moving Pictures: Cinema and the Visual Arts,,Undergraduate,6.0,In Person,2017
2928,COMP4340,Multicore Computing: Principles and Practice,,Undergraduate,6.0,In Person,2017
2929,COMP8320,Multicore Computing: Principles and Practice,,Postgraduate,6.0,In Person,2017
2930,DESA2018,Multiples and Production: Entrepreneurship for Designers,,Undergraduate,6.0,Blended,2017
2931,DESA2017,Multiples and Production: The Unique Offering,Second Semester,Undergraduate,6.0,Blended,2017
2932,DESA6017,Multiples and Production: The Unique Offering,Second Semester,Postgraduate,6.0,Blended,2017
2933,STAT8020,Multivariate Analysis,,Postgraduate,6.0,In Person,2017
2934,MUSC8013,Museum Education and Heritage Interpretation Study Tour,,Postgraduate,6.0,Online or In Person,2017
2935,MUSC8016,Museum Learning: The Politics of Dress,,Postgraduate,6.0,Online,2017
2936,MUSC8011,Museums and Collections: Extended Research Project,Summer Session/First Semester/Autumn Session/Winter Session/Second Semester/Spring Session,Postgraduate,12.0,Online or In Person,2017
2937,MUSC8017,Museums and Collections: Key Concepts and Practices,First Semester,Postgraduate,6.0,Online or In Person,2017
2938,MUSC8009,Museums and Collections: Research Project,Summer Session/First Semester/Autumn Session/Winter Session/Second Semester/Spring Session,Postgraduate,6.0,Online or In Person,2017
2939,MUSC8008,"Museums, Art and Society in the Asia-Pacific",,Postgraduate,6.0,Online or In Person,2017
2940,MUSI2220,Music Ensemble,First Semester/Second Semester,Undergraduate,6.0,In Person,2017
2941,MUSI2221,Music Ensemble Extension,First Semester/Second Semester,Undergraduate,6.0,In Person,2017
2942,MUSI4412,Music Honours Ensemble,First Semester/Second Semester,Undergraduate,6.0,In Person,2017
2943,MUSI4410,Music Honours Exegesis,Second Semester,Undergraduate,6.0,In Person,2017
2944,MUSI4411,Music Honours Extended Exegesis,Second Semester,Undergraduate,12.0,In Person,2017
2945,ANUC1111,Music Performance 1,First Semester,Undergraduate,6.0,In Person,2017
2946,MUSI1101,Music Performance 1,First Semester,Undergraduate,6.0,In Person,2017
2947,ANUC1112,Music Performance 2,Second Semester,Undergraduate,6.0,In Person,2017
2948,MUSI1102,Music Performance 2,Second Semester,Undergraduate,6.0,In Person,2017
2949,MUSI2201,Music Performance 3,First Semester,Undergraduate,6.0,In Person,2017
2950,MUSI2202,Music Performance 4,First Semester/Second Semester,Undergraduate,6.0,In Person,2017
2951,MUSI3301,Music Performance 5,First Semester/Second Semester,Undergraduate,6.0,In Person,2017
2952,MUSI3302,Music Performance 6,First Semester/Second Semester,Undergraduate,6.0,In Person,2017
2953,MUSI2205,Music Project,Second Semester,Undergraduate,6.0,In Person,2017
2954,MUSI2209,Music Recording and Production Techniques,Second Semester,Undergraduate,6.0,In Person,2017
2955,MUSI1105,Music Theory & Aural Skills 1,First Semester,Undergraduate,6.0,In Person,2017
2956,MUSI1106,Music Theory & Aural Skills 2,Second Semester,Undergraduate,6.0,In Person,2017
2957,MUSI2203,Music Theory & Aural Skills 3,First Semester,Undergraduate,6.0,In Person,2017
2958,MUSI2204,Music Theory & Aural Skills 4,Second Semester,Undergraduate,6.0,In Person,2017
2959,MUSI3319,Music Theory & Aural Skills 5,First Semester,Undergraduate,6.0,In Person,2017
2960,MUSI3320,Music Theory & Aural Skills 6,Second Semester,Undergraduate,6.0,In Person,2017
2961,MUSI6009,Music and Digital Media,First Semester,Postgraduate,6.0,In Person,2017
2962,MUSI3309,Music and Digital Media,First Semester,Undergraduate,6.0,In Person,2017
2963,MUSI3310,Music and Globalisation,Second Semester,Undergraduate,6.0,In Person,2017
2964,MUSI6007,Music and Globalisation,Second Semester,Postgraduate,6.0,In Person,2017
2965,SPAN3101,Music and Society in the Spanish Speaking World,,Undergraduate,6.0,In Person,2017
2966,SPAN6511,Music and Society in the Spanish-Speaking World,,Postgraduate,6.0,In Person,2017
2967,MUSI2222,Music in the Long 19th Century: From Classicism to Modernism,Second Semester,Undergraduate,6.0,In Person,2017
2968,MUSI2227,"Music, Sound and the Moving Image",,Undergraduate,6.0,In Person,2017
2969,LAWS4301,Myanmar Clinical Program,Summer Session,Undergraduate,6.0,In Person,2017
2970,ASIA2174,Mysticism,,Undergraduate,6.0,In Person,2017
2971,ASIA6174,Mysticism,,Postgraduate,6.0,In Person,2017
2972,LAWS9820,NA Law Research Course for Exchange Students,,Research,6.0,In Person,2017
2973,CHEM3013,NMR spectroscopy and mass spectrometry of small and large molecules,First Semester,Undergraduate,6.0,In Person,2017
2974,ENGN4810,Nanotechnology and Applications,Second Semester,Undergraduate,6.0,In Person,2017
2975,EMDV8125,Nasty Surprises: Managing Risk for Public Policy,,Postgraduate,6.0,Blended,2017
2976,NSPO8004,National Security Leadership and Risk Management,,Postgraduate,6.0,In Person,2017
2977,NSPO8031P,National Security Policy Sub-thesis,First Semester/Second Semester,Postgraduate,12.0,In Person,2017
2978,NSPO8031F,National Security Policy Sub-thesis,First Semester/Second Semester,Postgraduate,12.0,In Person,2017
2979,NSPO8006,National Security Policymaking,Second Semester,Postgraduate,6.0,In Person,2017
2980,NSPO8003,National Security Strategy Planning and Implementation,,Postgraduate,6.0,In Person,2017
2981,NSPO8012,National Security and Crisis Management,First Semester,Postgraduate,6.0,In Person,2017
2982,NSPO8007,National Security: Concepts and Challenges,,Postgraduate,6.0,In Person,2017
2983,ASIA8020,National and Transnational Histories in Asia and the Pacific,First Semester,Postgraduate,6.0,In Person,2017
2984,NSPO8023,National security in the Indo-Pacific,First Semester,Postgraduate,6.0,In Person,2017
2985,ASIA2093,Natural Resource Conflicts in Asia and the Pacific,Second Semester,Undergraduate,6.0,Blended,2017
2986,PASI6011,Navigating Pacific Studies Online Course,,Postgraduate,6.0,Online,2017
2987,HIST2226,Nazi Germany,First Semester,Undergraduate,6.0,In Person,2017
2988,HIST8026,Nazism: The Politics and Practices of Memory,First Semester,Postgraduate,6.0,Online or In Person,2017
2989,MGMT2004,Negotiation,Second Semester,Undergraduate,6.0,In Person,2017
2990,DIPL8004,Negotiation and Conflict Resolution,First Semester,Postgraduate,12.0,In Person,2017
2991,COMP6340,Networked Information Systems,First Semester,Postgraduate,6.0,In Person,2017
2992,COMP2410,Networked Information Systems,First Semester,Undergraduate,6.0,In Person,2017
2993,NEUR8704,Neuroscience Essay,Summer Session/First Semester/Autumn Session/Winter Session/Second Semester/Spring Session,Postgraduate,6.0,In Person,2017
2994,NEUR4005,Neuroscience IV Honours (S),First Semester/Second Semester,Undergraduate,6.0,In Person,2017
2995,NEUR8010,Neuroscience Research Project,Summer Session/First Semester/Autumn Session/Winter Session/Second Semester/Spring Session,Postgraduate,6.0,In Person,2017
2996,NEUR8700,Neuroscience Research proposal,Summer Session/First Semester/Autumn Session/Winter Session/Second Semester/Spring Session,Postgraduate,6.0,In Person,2017
2997,FREN2026,New Caledonia: Field Work and Research,,Undergraduate,6.0,In Person,2017
2998,FREN6511,New Caledonia: Field Work and Research,,Postgraduate,6.0,In Person,2017
2999,DART8067,"New Media, Innovation and Research I",First Semester,Postgraduate,6.0,In Person,2017
3000,DART8071,"New Media, Innovation and Research II",,Postgraduate,6.0,In Person,2017
3001,MEAS2001,New States of Eurasia: Emerging Issues in Politics and Security,Second Semester,Undergraduate,6.0,In Person,2017
3002,POGO8088,"New models for governance: strategy, innovation, decentralisation",,Postgraduate,6.0,In Person,2017
3003,PHIL2087,Nietzsche,,Undergraduate,6.0,In Person,2017
3004,ENGL3021,Nineteenth Century US Literature,,Undergraduate,6.0,In Person,2017
3005,ENGL6021,Nineteenth Century US Literature,,Postgraduate,6.0,In Person,2017
3006,ENGN9820,Non Award Engineering and Computer Science Research Exchange,,Research,3.0,In Person,2017
3007,SCNC9820,Non Award Science Research Course for Exchange Students,,Research,6.0,In Person,2017
3008,ARTS9820,Non-Award Arts Research Course for Exchange Students,,Research,6.0,In Person,2017
3009,POLS8020,Non-Traditional Approaches to Security,,Postgraduate,6.0,In Person,2017
3010,ASIA9820,Nonaward Research Course for Exchange Students in Asian Studies,,Research,6.0,In Person,2017
3011,POLS8022,Norms & Ideas in International Security,,Postgraduate,6.0,In Person,2017
3012,ASIA2096,"North Korea: History, Culture, Politics",,Undergraduate,6.0,In Person,2017
3013,ENGL2067,Novel into Film,,Undergraduate,6.0,In Person,2017
3014,ENGL6067,Novel into Film,,Postgraduate,6.0,In Person,2017
3015,PHYS8205,Nuclear Fuel Cycle,Second Semester,Postgraduate,6.0,In Person,2017
3016,PHYS8206,Nuclear Measurement,Second Semester,Postgraduate,6.0,In Person,2017
3017,PHYS3033,Nuclear Physics,First Semester,Undergraduate,6.0,In Person,2017
3018,INTR2024,Nuclear Politics in Asia: Challenges and Opportunities,,Undergraduate,6.0,In Person,2017
3019,LAWS8316,Nuclear Security Law,,Postgraduate,6.0,In Person,2017
3020,STST8026,Nuclear Strategy in the Asian Century,Winter Session,Postgraduate,6.0,In Person,2017
3021,MATH3301,Number Theory and Cryptography,Second Semester,Undergraduate,6.0,In Person,2017
3022,MATH6114,Number Theory and Cryptography,Second Semester,Postgraduate,6.0,In Person,2017
3023,MATH3514,Numerical Optimisation,,Undergraduate,6.0,In Person,2017
3024,MATH6119,Numerical Optimisation,Second Semester,Postgraduate,6.0,In Person,2017
3025,BIAN6119,"Nutrition, Disease and the Environment",Second Semester,Postgraduate,6.0,In Person,2017
3026,BIAN2119,"Nutrition, Disease and the Environment",Second Semester,Undergraduate,6.0,In Person,2017
3027,ASTR8011,Observational Techniques,First Semester,Postgraduate,6.0,In Person,2017
3028,LAWS8311,Occupational Health and Safety Law,,Postgraduate,6.0,In Person,2017
3029,PHYS3029,Ocean and Atmosphere Modelling,,Undergraduate,6.0,In Person,2017
3030,MEAS8100,Oil Religion Politics and Conflict in the Middle East,First Semester,Postgraduate,6.0,In Person,2017
3031,MEAS4100,"Oil, Religion, Politics and Conflict in the Middle East",First Semester,Undergraduate,6.0,In Person,2017
3032,SOCR8006,Online Research Methods,Second Semester,Postgraduate,6.0,Online or In Person,2017
3033,SOCY6169,Online Research Methods,,Postgraduate,6.0,In Person,2017
3034,SOCY2169,Online Research Methods,,Undergraduate,6.0,In Person,2017
3035,IDEC8008,"Open Economy Macroeconomics, Finance, and Development",Second Semester,Postgraduate,6.0,In Person,2017
3036,COMP3300,Operating Systems Implementation,,Undergraduate,6.0,In Person,2017
3037,COMP6330,Operating Systems Implementation,,Postgraduate,6.0,In Person,2017
3038,STST8106,Operations I,Autumn Session,Postgraduate,12.0,In Person,2017
3039,STST8104,Operations II,Autumn Session,Postgraduate,12.0,In Person,2017
3040,STST8105,Operations III,Autumn Session,Postgraduate,12.0,In Person,2017
3041,STAT8005,Operations Research - Linear Programming,,Postgraduate,6.0,In Person,2017
3042,PHYS8511,Optical Fibre Communications,,Postgraduate,6.0,In Person,2017
3043,ENGN6512,Optical Physics,First Semester,Postgraduate,6.0,In Person,2017
3044,PHYS6500,Optical Physics,First Semester,Postgraduate,6.0,In Person,2017
3045,ENGN3512,Optical Physics,First Semester,Undergraduate,6.0,In Person,2017
3046,PHYS3057,Optical Physics,First Semester,Undergraduate,6.0,In Person,2017
3047,ENGN8528,Optics for Solar Energy,,Postgraduate,6.0,Online or In Person,2017
3048,ECON2015,Optimisation Techniques for Economists,,Undergraduate,6.0,In Person,2017
3049,ECON6015,Optimisation Techniques for Economists,,Postgraduate,6.0,In Person,2017
3050,ECON2125,Optimisation for Economics and Financial Economics,First Semester/Second Semester,Undergraduate,6.0,In Person,2017
3051,PHYS8017,Optoelectronics and Integrated Optics,Second Semester,Postgraduate,6.0,In Person,2017
3052,CRIM2007,Order in the Courts: An Introduction to the Australian Judicial System,,Undergraduate,6.0,In Person,2017
3053,CRIM6008,Order in the Courts: An Introduction to the Australian Judicial System,,Postgraduate,6.0,In Person,2017
3054,MATH6405,Ordinary Differential Equations and Advanced Vector Calculus,First Semester,Postgraduate,6.0,In Person,2017
3055,MGMT8003,Organisational Behaviour,First Semester/Autumn Session/Second Semester/Spring Session,Postgraduate,6.0,In Person,2017
3056,MGMT2007,Organisational Behaviour,Second Semester,Undergraduate,6.0,In Person,2017
3057,POGO8080,Organisational Finance and Budgeting,Summer Session,Postgraduate,6.0,In Person,2017
3058,CRIM6002,Organised Crime: Understanding a Global Phenomenon,Second Semester,Postgraduate,6.0,In Person,2017
3059,CRIM2002,Organised Crime: Understanding the Underworld,Second Semester,Undergraduate,6.0,In Person,2017
3060,CHEM3203,Organometallic Chemistry,First Semester,Undergraduate,6.0,In Person,2017
3061,PHIL2100,Origins of Analytical Philosophy,First Semester,Undergraduate,6.0,In Person,2017
3062,ASIA2071,Other Chinas,,Undergraduate,6.0,In Person,2017
3063,ASIA6071,Other Chinas,,Postgraduate,6.0,In Person,2017
3064,POPH8316,Outbreak Investigation,First Semester,Postgraduate,6.0,In Person,2017
3065,POPH8916,Outbreak Investigation,,Research,6.0,In Person,2017
3066,ARTV2058,Outside The Box: Making Art for a Public Space,,Undergraduate,6.0,In Person,2017
3067,ARTV6058,Outside The Box: Making Art for a Public Space,,Postgraduate,6.0,In Person,2017
3068,COMP4630,Overview of Logic and Computation,Second Semester,Undergraduate,6.0,In Person,2017
3069,POLS1008,"PPE Integrative Seminar Year 1: Puzzles in Politics, Philosophy and Economics",Second Semester,Undergraduate,6.0,In Person,2017
3070,PHIL2116,PPE Integrative Seminar Year 2,Second Semester,Undergraduate,6.0,In Person,2017
3071,ECON3056,PPE Integrative Seminar Year 3: Classic Literature in PPE,Second Semester,Undergraduate,6.0,In Person,2017
3072,LAWS4284,PUBLIC INTEREST LAW CLINICAL PROGRAM,First Semester/Second Semester,Undergraduate,6.0,In Person,2017
3073,PASI1011,Pacific Encounters: An introduction to Pacific Studies,First Semester,Undergraduate,6.0,In Person,2017
3074,PASI8002,Pacific Foundations: From Maritime Societies to Global Cultures,First Semester,Postgraduate,6.0,In Person,2017
3075,PASI8004,"Pacific Health Challenges and Strategies: Politics, Culture and Development",Second Semester,Postgraduate,6.0,Online or In Person,2017
3076,PASI3005,Pacific Islands Field School,Spring Session,Undergraduate,6.0,In Person,2017
3077,PASI6005,Pacific Islands Field School,Spring Session,Postgraduate,6.0,In Person,2017
3078,POLS2055,Pacific Politics,First Semester,Undergraduate,6.0,In Person,2017
3079,PASI2005,Pacific Politics: From Independence to Intervention,,Undergraduate,6.0,In Person,2017
3080,PAAS9570F,Pacific Studies PhD Course,,Research,6.0,In Person,2017
3081,PAAS9570P,Pacific Studies PhD Course,,Research,6.0,In Person,2017
3082,PASI2001,Pacific Studies in a Globalizing World,First Semester,Undergraduate,6.0,In Person,2017
3083,PASI6001,Pacific Studies in a Globalizing World,First Semester,Postgraduate,6.0,In Person,2017
3084,PASI1012,Pacific Worlds: critical inquiry in Oceania,Second Semester,Undergraduate,6.0,In Person,2017
3085,ARTV2506,Painting: Approaches to Abstraction,Autumn Session,Undergraduate,6.0,In Person,2017
3086,ARTV2509,Painting: Approaches to Composition and Colour,First Semester,Undergraduate,6.0,In Person,2017
3087,ARTV1502,Painting: Composition and Space,First Semester/Second Semester,Undergraduate,6.0,In Person,2017
3088,ARTV2511,"Painting: Concepts, Materials, Processes",Second Semester,Undergraduate,6.0,In Person,2017
3089,ARTV3510,Painting: Critical Analysis and Reflection in the Studio,Second Semester,Undergraduate,6.0,In Person,2017
3090,ARTV6510,Painting: Critical Analysis and Reflection in the Studio,Second Semester,Postgraduate,6.0,In Person,2017
3091,ARTV2505,Painting: Focus on the Figure,First Semester,Undergraduate,6.0,In Person,2017
3092,ARTV3502,Painting: Independent Work Project Consolidation,First Semester/Second Semester,Undergraduate,6.0,In Person,2017
3093,ARTV1501,Painting: Introducing Painting,First Semester/Second Semester,Undergraduate,6.0,In Person,2017
3094,ARTV3501,Painting: Introducing the Work Proposal,First Semester/Second Semester,Undergraduate,6.0,In Person,2017
3095,ARTV3508,Painting: Materiality and Meaning,Second Semester,Undergraduate,6.0,In Person,2017
3096,ARTV6508,Painting: Materiality and Meaning,Second Semester,Postgraduate,6.0,In Person,2017
3097,ARTV6507,Painting: Open to Influence Studio Research,First Semester,Postgraduate,6.0,In Person,2017
3098,ARTV3507,Painting: Open to Influence Studio Research,First Semester,Undergraduate,6.0,In Person,2017
3099,ARTV2507,Painting: Painting in the Photo Digital Age,Second Semester,Undergraduate,6.0,In Person,2017
3100,ARTV2508,Painting: Taking Your Own Direction,Winter Session,Undergraduate,6.0,In Person,2017
3101,ENVS3029,Palaeo-Environmental Reconstruction,First Semester,Undergraduate,6.0,In Person,2017
3102,ENVS6529,Palaeo-Environmental Reconstruction,First Semester,Postgraduate,6.0,In Person,2017
3103,EMSC6027,Palaeoclimatology and Climate Change,Second Semester,Postgraduate,6.0,In Person,2017
3104,EMSC3027,Palaeoclimatology and Climate Change,Second Semester,Undergraduate,6.0,In Person,2017
3105,EMSC4027,Palaeoclimatology and Climate Change,Second Semester,Undergraduate,6.0,In Person,2017
3106,LING3031,Papuan Languages,,Undergraduate,6.0,In Person,2017
3107,COMP8300,Parallel Systems,First Semester,Postgraduate,6.0,In Person,2017
3108,COMP4300,Parallel Systems,First Semester,Undergraduate,6.0,In Person,2017
3109,BIOL3142,Parasitology,Second Semester,Undergraduate,6.0,In Person,2017
3110,BIOL6143,Parasitology,Second Semester,Postgraduate,6.0,In Person,2017
3111,MATH6406,"Partial Differential Equations,  Fourier Analysis and Complex Analysis",Second Semester,Postgraduate,6.0,In Person,2017
3112,POGO8136,Participating in Public Policy: Citizen Engagement and Public Talk,,Postgraduate,6.0,In Person,2017
3113,ANTH8021,Participatory Modelling for Development,,Postgraduate,6.0,In Person,2017
3114,ENVS3007,Participatory Resource Management: Working with Communities and Stakeholders,Winter Session,Undergraduate,6.0,In Person,2017
3115,ENVS6021,Participatory Resource Management: Working with Communities and Stakeholders,Winter Session,Postgraduate,6.0,In Person,2017
3116,EMDV8011,Payments for Environmental Services,First Semester,Postgraduate,6.0,In Person,2017
3117,ASIA2087,Peace Building in the Pacific and Asia,Second Semester,Undergraduate,6.0,In Person,2017
3118,POLS2123,Peace and Conflict Studies,Second Semester,Undergraduate,6.0,In Person,2017
3119,POLS8037,"Peace, Conflict and Ethics",,Postgraduate,6.0,In Person,2017
3120,INTR1022,Peacebuilding and Conflict Resolution,Second Semester,Undergraduate,6.0,In Person,2017
3121,POGO8056,People and Performance in Public Organisations,,Postgraduate,6.0,In Person,2017
3122,PSYC3011,Perception,,Undergraduate,6.0,In Person,2017
3123,MGMT7063,Performance Management,,Postgraduate,6.0,In Person,2017
3124,INDN1201,Performing Indonesian Language Secondary Extension,First Semester/Second Semester,Undergraduate,6.0,In Person,2017
3125,EXTN1010A,Performing Indonesian Language Secondary Extension A,Autumn Session,Undergraduate,0.0,In Person,2017
3126,EXTN1010B,Performing Indonesian Language Secondary Extension B,Autumn Session,Undergraduate,6.0,In Person,2017
3127,MEAS2106,Persian Art,,Undergraduate,6.0,In Person,2017
3128,LAWS8074,Personal Injuries Compensation,Second Semester,Postgraduate,6.0,In Person,2017
3129,MGMT2006,Personal Leadership,First Semester,Undergraduate,6.0,In Person,2017
3130,PSYC3026,Personality Psychology,Second Semester,Undergraduate,6.0,In Person,2017
3131,CHMD8014,"Perspectives on Culture, Health and Medicine",First Semester,Postgraduate,6.0,Online or In Person,2017
3132,FINM9000P,"PhD  Research Course in Finance, ANU College of Business and Economics",,Research,24.0,In Person,2017
3133,FINM9000F,"PhD  Research Course in Finance, ANU College of Business and Economics",,Research,24.0,In Person,2017
3134,PAAS9562P,"PhD (Contemporary China Cntr, Pol and Social Change, Sch of International, Pol and Strategic Stud)",,Research,24.0,In Person,2017
3135,PAAS9562F,"PhD (Contemporary China Cntr, Pol and Social Change, Sch of International, Pol and Strategic Stud)",,Research,24.0,In Person,2017
3136,IDEC9550F,"PhD (Economics, Crawford)",,Research,6.0,In Person,2017
3137,IDEC9550P,"PhD (Economics, Crawford)",,Research,6.0,In Person,2017
3138,INDG9000F,"PhD (Research in Indigenous Studies, National Centre for Indigenous Studies)",,Research,6.0,In Person,2017
3139,INDG9000P,"PhD (Research in Indigenous Studies, National Centre for Indigenous Studies)",,Research,6.0,In Person,2017
3140,COMM9000F,"PhD - Research Course in Commerce, ANU College of Business and Economics",,Research,24.0,In Person,2017
3141,COMM9000P,"PhD - Research Course in Commerce, ANU College of Business and Economics",,Research,24.0,In Person,2017
3142,ECHI9000F,"PhD - Research Course in Economic History, ANU College of Business and Economics",,Research,24.0,In Person,2017
3143,ECHI9000P,"PhD - Research Course in Economic History, ANU College of Business and Economics",,Research,24.0,In Person,2017
3144,ECON9000F,"PhD - Research Course in Economics, ANU College of Business and Economics",,Research,24.0,In Person,2017
3145,ECON9000P,"PhD - Research Course in Economics, ANU College of Business and Economics",,Research,24.0,In Person,2017
3146,LAWS9000F,"PhD - Research Course in Law, Faculty of Law",,Research,6.0,In Person,2017
3147,LAWS9000P,"PhD - Research Course in Law, Faculty of Law",,Research,6.0,In Person,2017
3148,MATH9000P,"PhD - Research Course in Mathematics, Mathematical Sciences Institute, CMBE/CPMS",,Research,6.0,In Person,2017
3149,MATH9000F,"PhD - Research Course in Mathematics, Mathematical Sciences Institute, CMBE/CPMS",,Research,6.0,In Person,2017
3150,SCOM9000F,"PhD - Research Course in Scientific Communication, Centre for the Public Awareness of Science",,Research,6.0,In Person,2017
3151,SCOM9000P,"PhD - Research Course in Scientific Communication, Centre for the Public Awareness of Science",,Research,6.0,In Person,2017
3152,STAT9000P,"PhD - Research Course in Statistics, ANU College of Business and Economics",,Research,24.0,In Person,2017
3153,STAT9000F,"PhD - Research Course in Statistics, ANU College of Business and Economics",,Research,24.0,In Person,2017
3154,ANTH9000P,PhD Anthropology,,Research,1.0,In Person,2017
3155,ANTH9000F,PhD Anthropology,,Research,1.0,In Person,2017
3156,ARCH9000F,"PhD Archaeology, RSHA",,Research,6.0,In Person,2017
3157,ARCH9000P,"PhD Archaeology, RSHA",,Research,6.0,In Person,2017
3158,ARTH9000F,"PhD Art History and Art Theory, RSHA",,Research,24.0,In Person,2017
3159,ARTH9000P,"PhD Art History and Art Theory, RSHA",,Research,24.0,In Person,2017
3160,PSYC9411,PhD Clinical Coursework I,,Research,10.0,In Person,2017
3161,PSYC9412,PhD Clinical Coursework II,,Research,10.0,In Person,2017
3162,PSYC9413,PhD Clinical Coursework III,,Research,10.0,In Person,2017
3163,PSYC9414,PhD Clinical Coursework IV,,Research,10.0,In Person,2017
3164,PSYC9421,PhD Clinical Field Placement I,,Research,6.0,In Person,2017
3165,PSYC9422,PhD Clinical Field Placement II,,Research,6.0,In Person,2017
3166,PSYC9423,PhD Clinical Field Placement III,,Research,6.0,In Person,2017
3167,PSYC9424,PhD Clinical Field Placement IV,,Research,6.0,In Person,2017
3168,PSYC9431,PhD Clinical Research I,,Research,8.0,In Person,2017
3169,PSYC9432,PhD Clinical Research II,,Research,8.0,In Person,2017
3170,PSYC9433,PhD Clinical Research III,,Research,8.0,In Person,2017
3171,PSYC9434,PhD Clinical Research IV,,Research,8.0,In Person,2017
3172,DEMO9000F,"PhD Demographic and Social Research, RSSS",,Research,6.0,In Person,2017
3173,DEMO9000P,"PhD Demographic and Social Research, RSSS",,Research,6.0,In Person,2017
3174,HIST9000F,"PhD History, RSSS",,Research,24.0,In Person,2017
3175,HIST9000P,"PhD History, RSSS",,Research,24.0,In Person,2017
3176,HUMN9000F,"PhD Humanities, RSHA",,Research,1.0,In Person,2017
3177,HUMN9000P,"PhD Humanities, RSHA",,Research,1.0,In Person,2017
3178,INDG9001F,"PhD Indigenous  Studies, RSSS",,Research,1.0,In Person,2017
3179,INDG9001P,"PhD Indigenous  Studies, RSSS",,Research,1.0,In Person,2017
3180,LLCC9000F,"PhD Language, Communications and Culture, RSHA",,Research,24.0,In Person,2017
3181,LLCC9000P,"PhD Language, Communications and Culture, RSHA",,Research,24.0,In Person,2017
3182,MEAS9000P,"PhD Middle Eastern and Central Asian Studies, RSSS",,Research,6.0,In Person,2017
3183,MEAS9000F,"PhD Middle Eastern and Central Asian Studies, RSSS",,Research,6.0,In Person,2017
3184,MUSI9000P,"PhD Music, RSHA",,Research,6.0,In Person,2017
3185,MUSI9000F,"PhD Music, RSHA",,Research,6.0,In Person,2017
3186,PHIL9000P,"PhD Philosphy, RSSS",,Research,6.0,In Person,2017
3187,PHIL9000F,"PhD Philosphy, RSSS",,Research,6.0,In Person,2017
3188,POLS9000F,"PhD Politics and International Relations, RSSS",,Research,24.0,In Person,2017
3189,POLS9000P,"PhD Politics and International Relations, RSSS",,Research,24.0,In Person,2017
3190,PAAS9555P,"PhD Research Course in Anthropology, School of Culture History & Language",,Research,6.0,In Person,2017
3191,PAAS9555F,"PhD Research Course in Anthropology, School of Culture History & Language",,Research,6.0,In Person,2017
3192,PAAS9557P,"PhD Research Course in Archaeology & Natural History, School of Culture History & Language",,Research,6.0,In Person,2017
3193,PAAS9557F,"PhD Research Course in Archaeology & Natural History, School of Culture History & Language",,Research,6.0,In Person,2017
3194,ASIA9000F,"PhD Research Course in Asian Studies, School of Culture History & Language",,Research,24.0,In Person,2017
3195,ASIA9000P,"PhD Research Course in Asian Studies, School of Culture History & Language",,Research,24.0,In Person,2017
3196,DIPL9500F,"PhD Research Course in Diplomacy, School of Regulation Justice & Diplomacy",,Research,24.0,In Person,2017
3197,DIPL9500P,"PhD Research Course in Diplomacy, School of Regulation Justice & Diplomacy",,Research,24.0,In Person,2017
3198,EMDV9550F,"PhD Research Course in Environmental Development & Management, Crawford School",,Research,24.0,In Person,2017
3199,EMDV9550P,"PhD Research Course in Environmental Development & Management, Crawford School",,Research,24.0,In Person,2017
3200,PAAS9566F,"PhD Research Course in Gender Relations, Research School of Pacific and Asian Studies",,Research,24.0,In Person,2017
3201,PAAS9566P,"PhD Research Course in Gender Relations, Research School of Pacific and Asian Studies",,Research,24.0,In Person,2017
3202,PAAS9559F,"PhD Research Course in International Relations,School of International Political & Strategic Studies",,Research,24.0,In Person,2017
3203,PAAS9559P,"PhD Research Course in International Relations,School of International Political & Strategic Studies",,Research,24.0,In Person,2017
3204,PAAS9551F,"PhD Research Course in Linguistics, School of Culture History & Language",,Research,6.0,In Person,2017
3205,PAAS9551P,"PhD Research Course in Linguistics, School of Culture History & Language",,Research,6.0,In Person,2017
3206,NSPO9050F,"PhD Research Course in National Security, National Security College",,Research,24.0,In Person,2017
3207,NSPO9050P,"PhD Research Course in National Security, National Security College",,Research,24.0,In Person,2017
3208,PAAS9552F,"PhD Research Course in Pacific & Asian History, School of Culture History & Language",,Research,6.0,In Person,2017
3209,PAAS9552P,"PhD Research Course in Pacific & Asian History, School of Culture History & Language",,Research,6.0,In Person,2017
3210,POGO9550F,"PhD Research Course in Policy & Governance, Crawford School",,Research,6.0,In Person,2017
3211,POGO9550P,"PhD Research Course in Policy & Governance, Crawford School",,Research,6.0,In Person,2017
3212,PAAS9560F,"PhD Research Course in Political & Social Change, School of Intnl Pol & Strategic Studies",,Research,6.0,In Person,2017
3213,PAAS9560P,"PhD Research Course in Political & Social Change, School of Intnl Pol & Strategic Studies",,Research,6.0,In Person,2017
3214,PAAS9568F,"PhD Research Course in RegNet, School of Regulation Justice & Diplomacy",,Research,6.0,In Person,2017
3215,PAAS9568P,"PhD Research Course in RegNet, School of Regulation Justice & Diplomacy",,Research,6.0,In Person,2017
3216,PAAS9567F,"PhD Research Course in Resource Management in Asia Pacific, Crawford School",,Research,6.0,In Person,2017
3217,PAAS9567P,"PhD Research Course in Resource Management in Asia Pacific, Crawford School",,Research,6.0,In Person,2017
3218,PAAS9558F,"PhD Research Course in Strategic Defence Studies, School of Intnl Pol & Strategic Studies",,Research,6.0,In Person,2017
3219,PAAS9558P,"PhD Research Course in Strategic Defence Studies, School of Intnl Pol & Strategic Studies",,Research,6.0,In Person,2017
3220,MMIB9000F,"PhD Research Course, Research School of Management",,Research,24.0,In Person,2017
3221,MMIB9000P,"PhD Research Course, Research School of Management",,Research,24.0,In Person,2017
3222,PAAS9000P,"PhD Research Cse in State Society & Governance in Melanesia, School of IPS",,Research,6.0,In Person,2017
3223,PAAS9000F,"PhD Research Cse in State Society & Governance in Melanesia, School of IPS",,Research,6.0,In Person,2017
3224,SOCY9000P,"PhD Sociology, RSSS",,Research,6.0,In Person,2017
3225,SOCY9000F,"PhD Sociology, RSSS",,Research,6.0,In Person,2017
3226,ARTV9000F,"PhD Visual Arts, RSHA",,Research,6.0,In Person,2017
3227,ARTV9000P,"PhD Visual Arts, RSHA",,Research,6.0,In Person,2017
3228,PAAS9563P,"PhD, Arndt-Corden Division of Economics, Crawford School of Economics and Government",,Research,24.0,In Person,2017
3229,PAAS9563F,"PhD, Arndt-Corden Division of Economics, Crawford School of Economics and Government",,Research,24.0,In Person,2017
3230,PAAS9561P,"PhD, Arndt-Corden Division of Economics, Non-Economics, Crawford School of Economics and Government",,Research,24.0,In Person,2017
3231,PAAS9561F,"PhD, Arndt-Corden Division of Economics, Non-Economics, Crawford School of Economics and Government",,Research,24.0,In Person,2017
3232,PHYS9552P,"PhD, Atomic and Molecular Physics,  Research School of Physics and Engineering",,Research,24.0,In Person,2017
3233,PHYS9552F,"PhD, Atomic and Molecular Physics,  Research School of Physics and Engineering",,Research,24.0,In Person,2017
3234,PHYS9553P,"PhD, Electronic Materials Engineering,  Research School of Physics and Engineering",,Research,6.0,In Person,2017
3235,PHYS9553F,"PhD, Electronic Materials Engineering,  Research School of Physics and Engineering",,Research,6.0,In Person,2017
3236,ENVS9005F,"PhD, Environmental & Natural Resource Management, Fenner School of Environment and Society",,Research,6.0,In Person,2017
3237,ENVS9005P,"PhD, Environmental & Natural Resource Management, Fenner School of Environment and Society",,Research,6.0,In Person,2017
3238,PHIL2121,Philosophical Logic,,Undergraduate,6.0,In Person,2017
3239,PHIL2122,Philosophy and Public Policy,,Undergraduate,6.0,In Person,2017
3240,PHIL2123,Philosophy and Science Fiction,,Undergraduate,6.0,In Person,2017
3241,PHIL2124,Philosophy of Cognitive Science,First Semester,Undergraduate,6.0,In Person,2017
3242,PHIL2016,Philosophy of Language,Second Semester,Undergraduate,6.0,In Person,2017
3243,PHIL2061,Philosophy of Mind,,Undergraduate,6.0,In Person,2017
3244,PHIL2128,Philosophy of Physics,,Undergraduate,6.0,In Person,2017
3245,PHIL2057,Philosophy of Science,,Undergraduate,6.0,In Person,2017
3246,PHIL2042,Philosophy of the Cosmos,First Semester,Undergraduate,6.0,In Person,2017
3247,MATH1042,Philosophy of the Cosmos,First Semester,Undergraduate,6.0,In Person,2017
3248,LING6019,Phonological Analysis,,Postgraduate,6.0,In Person,2017
3249,LING3119,Phonological analysis,,Undergraduate,6.0,In Person,2017
3250,ARTV6006,Photography,First Semester/Second Semester,Postgraduate,6.0,In Person,2017
3251,ARTH2050,Photography and Art,Second Semester,Undergraduate,6.0,In Person,2017
3252,ARTH6050,Photography and Art,Second Semester,Postgraduate,6.0,Online or In Person,2017
3253,ARTV3604,Photography and Media Arts: Advanced Practice-led Research Methods,,Undergraduate,6.0,In Person,2017
3254,ARTV3607,Photography and Media Arts: Advanced Professional Methods,Second Semester,Undergraduate,6.0,In Person,2017
3255,ANTH8041,Photography in Social Context,,Postgraduate,6.0,In Person,2017
3256,ARTV2611,Photography: Creative Possibilities,First Semester/Second Semester,Undergraduate,6.0,In Person,2017
3257,ARTV2612,Photography: Creative Project Research and Development,,Undergraduate,6.0,In Person,2017
3258,ARTV1601,Photomedia:  Black and White Photography and Camera Skills,First Semester,Undergraduate,6.0,In Person,2017
3259,ARTV1602,Photomedia: Colour Photography and Digital Skills,Second Semester,Undergraduate,6.0,In Person,2017
3260,ARTV2606,Photomedia: Digital Photography and Studio Lighting,First Semester,Undergraduate,6.0,In Person,2017
3261,ARTV3601,Photomedia: Documentary Project,First Semester,Undergraduate,6.0,In Person,2017
3262,ARTV2608,Photomedia: Experimental Processes,Second Semester,Undergraduate,6.0,In Person,2017
3263,ARTV3602,Photomedia: Independent Work Proposal,Second Semester,Undergraduate,6.0,In Person,2017
3264,ARTV2607,Photomedia: Large Format Photography,Second Semester,Undergraduate,6.0,In Person,2017
3265,ARTV2605,Photomedia: Medium Format Photography and the Fine Print,First Semester,Undergraduate,6.0,In Person,2017
3266,ENGN4613,Photonic Sensing Systems,Second Semester,Undergraduate,6.0,In Person,2017
3267,ENGN6613,Photonic Sensing Systems,Second Semester,Postgraduate,6.0,In Person,2017
3268,PHYS6502,Photonic Sensing Systems,Second Semester,Postgraduate,6.0,In Person,2017
3269,PHYS3051,Photonic Sensing Systems,Second Semester,Undergraduate,6.0,In Person,2017
3270,PHYS3059,Photonics,,Undergraduate,6.0,In Person,2017
3271,PHYS8016,Photonics Advanced Topics,Second Semester,Postgraduate,6.0,In Person,2017
3272,PHYS8015,Photonics Laboratory,First Semester,Postgraduate,6.0,In Person,2017
3273,PHYS8014,Photonics in Biotechnology and Nanotechnology,First Semester,Postgraduate,6.0,In Person,2017
3274,ENGN8830,Photovoltaic Power Plants,Second Semester,Postgraduate,6.0,In Person,2017
3275,ENGN4524,Photovoltaic Technologies,First Semester,Undergraduate,6.0,In Person,2017
3276,ENGN6524,Photovoltaic Technologies,First Semester,Postgraduate,6.0,In Person,2017
3277,ENGN8526,Photovoltaic module manufacturing,,Postgraduate,6.0,In Person,2017
3278,HUMN8022,Physical Conservation of Historic Heritage Places,,Postgraduate,6.0,In Person,2017
3279,CHEM3205,"Physical, Inorganic and Computational Chemistry",,Undergraduate,6.0,In Person,2017
3280,PREP1113,Physics,First Semester/Second Semester,Undergraduate,6.0,In Person,2017
3281,PHYS1201,Physics 2,Second Semester,Undergraduate,6.0,In Person,2017
3282,PHYS1101,Physics I,First Semester/Second Semester,Undergraduate,6.0,In Person,2017
3283,PHYS4003F,Physics IV Honours (S),,Undergraduate,12.0,In Person,2017
3284,PHYS4003P,Physics IV Honours (S),,Undergraduate,12.0,In Person,2017
3285,PHYS3034,Physics of Fluid Flows,First Semester,Undergraduate,6.0,In Person,2017
3286,PHYS4034,Physics of Fluid Flows,First Semester,Undergraduate,6.0,In Person,2017
3287,PHYS6034,Physics of Fluid Flows,First Semester,Postgraduate,6.0,In Person,2017
3288,PHYS3070,Physics of the Earth,Second Semester,Undergraduate,6.0,In Person,2017
3289,PHYS4070,Physics of the Earth,Second Semester,Undergraduate,6.0,In Person,2017
3290,PHYS6070,Physics of the Earth,Second Semester,Postgraduate,6.0,In Person,2017
3291,EMSC4008,Physics of the Earth Honours Reseach Project,First Semester/Second Semester,Undergraduate,3.0,In Person,2017
3292,ANTH6136,Piracy: Property Wars from the High Seas to Anonymous,First Semester,Postgraduate,6.0,In Person,2017
3293,ANTH2136,Piracy: Property Wars from the High Seas to Anonymous,First Semester,Undergraduate,6.0,In Person,2017
3294,EMSC6022,Planetary Science,Second Semester,Postgraduate,6.0,In Person,2017
3295,EMSC3022,Planetary Science,Second Semester,Undergraduate,6.0,In Person,2017
3296,LEGW8137,Planning and Environmental Practice,Autumn Session/Spring Session,Postgraduate,3.0,Online,2017
3297,BIOL3003,Plant Physiological Ecology,,Undergraduate,6.0,In Person,2017
3298,BIOL6003,Plant Physiological Ecology,,Postgraduate,6.0,In Person,2017
3299,BIOL3125,Plants and Global Climate Change,Second Semester,Undergraduate,6.0,In Person,2017
3300,BIOL6125,Plants and Global Climate Change,Second Semester,Postgraduate,6.0,In Person,2017
3301,BIOL3002,Plants: Genes and the Environment,,Undergraduate,6.0,In Person,2017
3302,BIOL6002,Plants: Genes to Environment,,Postgraduate,6.0,In Person,2017
3303,EMSC8016,Plate Tectonics and Mantle Dynamics,,Postgraduate,6.0,In Person,2017
3304,ENGL6032,Poetry in English from Shakespeare to Postmodernism,First Semester,Postgraduate,6.0,In Person,2017
3305,ENGL2084,Poetry in English from Shakespeare to Postmodernism,First Semester,Undergraduate,6.0,In Person,2017
3306,MATH8001,Poetry of the Cosmos,,Postgraduate,6.0,In Person,2017
3307,ARTV8821,Points of View: Independent Creative Art and Media Practice,Autumn Session,Postgraduate,6.0,In Person,2017
3308,POGO8083,Policy Advocacy,Autumn Session,Postgraduate,6.0,In Person,2017
3309,POGO8101,Policy Process and Analysis,Second Semester,Postgraduate,6.0,In Person,2017
3310,POGO8109,Policy and Budget Analysis,,Postgraduate,6.0,In Person,2017
3311,ECON3053,Political Economy of Macroeconomic Policy,,Undergraduate,6.0,In Person,2017
3312,ECON8070,Political Economy of Macroeconomic Policy,,Postgraduate,6.0,In Person,2017
3313,POGO8082,Political Institutions and Policy Processes,Second Semester,Postgraduate,6.0,In Person,2017
3314,POLS2105,Political Leadership and Executive Government,Second Semester,Undergraduate,6.0,In Person,2017
3315,PHIL2115,Political Philosophy from Hobbes to Mill,,Undergraduate,6.0,In Person,2017
3316,PREP1114,Politics,First Semester/Second Semester,Undergraduate,6.0,In Person,2017
3317,ASIA2049,Politics and Society in Contemporary Korea,,Undergraduate,6.0,In Person,2017
3318,POLS2025,Politics in Britain,First Semester,Undergraduate,6.0,In Person,2017
3319,POLS2070,Politics in Central Asia,Second Semester,Undergraduate,6.0,In Person,2017
3320,POLS2095,Politics in Latin America,First Semester,Undergraduate,6.0,In Person,2017
3321,POLS2069,Politics in Russia,,Undergraduate,6.0,In Person,2017
3322,POLS2031,Politics in the Middle East,Second Semester,Undergraduate,6.0,In Person,2017
3323,INTR8058,Politics of Islam in Southeast Asia,,Postgraduate,6.0,In Person,2017
3324,STST2124,Politics of Nuclear Weapons,First Semester,Undergraduate,6.0,In Person,2017
3325,ASIA2109,Politics of South Asia,,Undergraduate,6.0,In Person,2017
3326,ASIA8814,Politics of the Korean Peninsula,,Postgraduate,6.0,In Person,2017
3327,ASIA3814,Politics of the Korean Peninsula,,Undergraduate,6.0,In Person,2017
3328,ASIA6074,Popular Culture in East Asia,First Semester,Postgraduate,6.0,In Person,2017
3329,ASIA2074,Popular Culture in East Asia,First Semester,Undergraduate,6.0,In Person,2017
3330,ASIA6508,Popular Cultures in Indonesia,,Postgraduate,6.0,In Person,2017
3331,INDN6108,Popular Cultures in Indonesia (L),,Postgraduate,6.0,In Person,2017
3332,MUSI6006,Popular Music: In Culture and in Context,Second Semester,Postgraduate,6.0,Blended,2017
3333,MUSI3317,Popular Music: In Culture and in Context,Second Semester,Undergraduate,6.0,In Person,2017
3334,DEMO2002,Population Analysis,First Semester,Undergraduate,6.0,In Person,2017
3335,BIOL3151,Population Genetics,,Undergraduate,6.0,In Person,2017
3336,BIOL6016,Population Genetics,,Postgraduate,6.0,In Person,2017
3337,POPH4005,Population Health Honours project,First Semester/Second Semester,Undergraduate,6.0,Online or In Person,2017
3338,DEMO8090,Population Issues in Asia and their Implications for World Development,Second Semester,Postgraduate,6.0,In Person,2017
3339,DEMO8091,Population Projections and Dynamics,Second Semester,Postgraduate,6.0,In Person,2017
3340,DEMO2001,Population Studies,Second Semester,Undergraduate,6.0,In Person,2017
3341,DEMO6001,Population Studies,Second Semester,Postgraduate,6.0,Online or In Person,2017
3342,DEMO8024,Population and Society: Theory and Empirical Perspectives,First Semester,Postgraduate,6.0,In Person,2017
3343,DEMO8088,"Population, Climate Change and Sustainable Development",,Postgraduate,6.0,In Person,2017
3344,SOCY2167,Populism,Second Semester,Undergraduate,6.0,In Person,2017
3345,FINM3008,Portfolio Construction,First Semester/Second Semester,Undergraduate,6.0,In Person,2017
3346,FINM8200,Portfolio Theory,,Postgraduate,12.0,In Person,2017
3347,LAWS8314,Post Conflict Situations and International Law,Winter Session,Postgraduate,6.0,In Person,2017
3348,ARTH2093,Post-Colonial Discourses in Australian Art,,Undergraduate,6.0,In Person,2017
3349,ARTH6093,Post-Colonial Discourses in Australian Art,,Postgraduate,6.0,Online or In Person,2017
3350,ENGL6033,Post-Colonial Literature,,Postgraduate,6.0,In Person,2017
3351,ENGL3007,Post-Colonial Literature,,Undergraduate,6.0,In Person,2017
3352,POLS8028,Post-Conflict Justice,,Postgraduate,6.0,In Person,2017
3353,ARCH2037,Post-Roman Archaeology of Britain: Arthur and the Anglo Saxons,First Semester,Undergraduate,6.0,In Person,2017
3354,ARCH6037,Post-Roman Archaeology of Britain: Arthur and the Anglo Saxons,First Semester,Postgraduate,6.0,In Person,2017
3355,PHIL8011,Postgraduate Training in Philosophy: Foundations Seminar,Summer Session/First Semester/Autumn Session/Winter Session/Second Semester/Spring Session,Postgraduate,12.0,In Person,2017
3356,POLS8004,Postgraduate Training in Politics and Policy: Research Methods,Second Semester,Postgraduate,6.0,In Person,2017
3357,SOCY3010,Posthuman Bodies,,Undergraduate,6.0,In Person,2017
3358,GEND3001,Posthuman Bodies,Second Semester,Undergraduate,6.0,In Person,2017
3359,GEND6501,Posthuman bodies,,Postgraduate,6.0,In Person,2017
3360,ARTH2061,Postmodern Sublime,First Semester,Undergraduate,6.0,In Person,2017
3361,ARTH6061,Postmodern Sublime,First Semester,Postgraduate,6.0,Online or In Person,2017
3362,POGO8004,Poverty Reduction,Second Semester,Postgraduate,6.0,In Person,2017
3363,ENGN4625,Power Electronics,Second Semester,Undergraduate,6.0,In Person,2017
3364,ENGN6625,Power Electronics,Second Semester,Postgraduate,6.0,In Person,2017
3365,POLS2136,Power and influence in world politics,Second Semester,Undergraduate,6.0,In Person,2017
3366,ASIA3006,Practical Assignment in Asia and the Pacific,First Semester/Second Semester,Undergraduate,6.0,In Person,2017
3367,ASIA6506,Practical Assignment in Asia and the Pacific,,Postgraduate,6.0,In Person,2017
3368,ENGN3100,Practical Experience,Summer Session/First Semester/Autumn Session/Winter Session/Second Semester/Spring Session,Undergraduate,0.0,In Person,2017
3369,ARTV8040,Practice-led Research Extended Project,First Semester/Second Semester,Postgraduate,18.0,In Person,2017
3370,DART8118,Practice-led Research Extended Project (Visual Effects) 18,First Semester/Second Semester,Postgraduate,18.0,In Person,2017
3371,ARTV8039,Practice-led Research Major Project,First Semester/Second Semester,Postgraduate,12.0,In Person,2017
3372,DART8117,Practice-led Research Major Project (Visual Effects) 12,First Semester/Second Semester,Postgraduate,12.0,In Person,2017
3373,ARTV8038,Practice-led Research Project,First Semester/Second Semester,Postgraduate,6.0,In Person,2017
3374,DESA1021,Precise Drawing and Model Making,First Semester,Undergraduate,6.0,In Person,2017
3375,ANUC1122,Precise Drawing and Model Making,First Semester,Undergraduate,6.0,In Person,2017
3376,ASIA2301,Prehistoric Origins: Archaeology of Asia and the Pacific,Second Semester,Undergraduate,6.0,In Person,2017
3377,POLS2043,Pressure Groups and Political Lobbying,,Undergraduate,6.0,In Person,2017
3378,BIAN6018,Primate Behavioural Ecology Field School in Cambodia,,Postgraduate,12.0,In Person,2017
3379,BIAN3018,Primate Behavioural Ecology Field School in Cambodia,,Undergraduate,12.0,In Person,2017
3380,BIAN6520,Primate Conservation Biology,,Postgraduate,6.0,In Person,2017
3381,BIAN3021,Primate Conservation Biology,,Undergraduate,6.0,In Person,2017
3382,BIAN3127,Primate Ecology and Behaviour,Second Semester,Undergraduate,6.0,In Person,2017
3383,BIAN6514,Primate Ecology and Behaviour,Second Semester,Postgraduate,6.0,In Person,2017
3384,BIAN2126,Primate Evolutionary Biology,First Semester,Undergraduate,6.0,In Person,2017
3385,BIAN6513,Primate Evolutionary Biology,First Semester,Postgraduate,6.0,In Person,2017
3386,PHYS8013,Principles of Energy Generation and Transformation,First Semester,Postgraduate,6.0,In Person,2017
3387,LAWS8150,Principles of Evidence Under the Uniform Act,First Semester,Postgraduate,6.0,Online,2017
3388,LAWS3104,Principles of Intellectual Property,,Undergraduate,6.0,In Person,2017
3389,LAWS6504,Principles of Intellectual Property,,Postgraduate,6.0,In Person,2017
3390,LAWS8182,Principles of International Law,Summer Session/Winter Session,Postgraduate,6.0,In Person,2017
3391,STAT6039,Principles of Mathematical Statistics,First Semester/Second Semester,Postgraduate,6.0,In Person,2017
3392,DEMO8008,Principles of Population Analysis,First Semester,Postgraduate,6.0,In Person,2017
3393,COMP3610,Principles of Programming Languages,Second Semester,Undergraduate,6.0,In Person,2017
3394,COMP6361,Principles of Programming Languages,Second Semester,Postgraduate,6.0,In Person,2017
3395,POGO8084,Principles of Social Policy,Autumn Session,Postgraduate,6.0,In Person,2017
3396,BUSN3014,Principles of Tax Law,First Semester/Second Semester,Undergraduate,6.0,In Person,2017
3397,ARTV1701,Printmedia and Drawing 1: Introduction to Drawing,First Semester,Undergraduate,6.0,In Person,2017
3398,ARTV1702,Printmedia and Drawing 2: Relief Printing,Second Semester,Undergraduate,6.0,In Person,2017
3399,ARTV2707,Printmedia and Drawing: Advanced Etching/Relief,Second Semester,Undergraduate,6.0,In Person,2017
3400,ARTV2717,Printmedia and Drawing: Book Design,First Semester/Second Semester,Undergraduate,6.0,In Person,2017
3401,ARTV3703,Printmedia and Drawing: Contemporary Print Methods,,Undergraduate,6.0,In Person,2017
3402,ARTV2721,Printmedia and Drawing: Drawing (General),First Semester/Second Semester,Undergraduate,6.0,In Person,2017
3403,ARTV2725,Printmedia and Drawing: Etching,First Semester,Undergraduate,6.0,In Person,2017
3404,ARTV2706,Printmedia and Drawing: Experimental Drawing,First Semester,Undergraduate,6.0,In Person,2017
3405,ARTV3701,Printmedia and Drawing: Independent Work Project Theory and Practice,First Semester,Undergraduate,6.0,In Person,2017
3406,ARTV3702,Printmedia and Drawing: Independent Work Project Theory and Practice 2,Second Semester,Undergraduate,6.0,In Person,2017
3407,ARTV2705,Printmedia and Drawing: Introduction to Etching,First Semester,Undergraduate,6.0,In Person,2017
3408,ARTV2729,Printmedia and Drawing: Life Drawing,First Semester/Second Semester,Undergraduate,6.0,In Person,2017
3409,ARTV2727,Printmedia and Drawing: Lithography,Second Semester,Undergraduate,6.0,In Person,2017
3410,ARTV2708,Printmedia and Drawing: Project Drawing,Second Semester,Undergraduate,6.0,In Person,2017
3411,ARTV2723,Printmedia and Drawing: Screen Printing,First Semester/Second Semester,Undergraduate,6.0,In Person,2017
3412,ARTV2715,Printmedia and Drawing: Typography,Second Semester,Undergraduate,6.0,In Person,2017
3413,LAWS8033,"Prisons, Prisoners and the Law",,Postgraduate,6.0,In Person,2017
3414,LAWS8588,Privatisation and Regulation of Aviation,,Postgraduate,6.0,In Person,2017
3415,MATH3029,Probability Modelling with Applications,First Semester,Undergraduate,6.0,In Person,2017
3416,MATH6109,Probability Modelling with Applications,First Semester,Postgraduate,6.0,In Person,2017
3417,STAT8014,Probability Theory,,Postgraduate,6.0,In Person,2017
3418,ENGN8538,Probability and Stochastic Processes in Engineering,First Semester,Postgraduate,6.0,In Person,2017
3419,LAWS8593,Procurement and Probity Law and Practice,,Postgraduate,6.0,Online,2017
3420,ANUC1101,Professional Communication,First Semester/Second Semester,Undergraduate,6.0,In Person,2017
3421,ENGN8150,Professional Communication I,,Postgraduate,6.0,In Person,2017
3422,ENGN8160,Professional Communication II,,Postgraduate,6.0,In Person,2017
3423,ENGN6250,Professional Practice 1,First Semester/Second Semester,Postgraduate,6.0,In Person,2017
3424,COMP6250,Professional Practice 1,First Semester/Second Semester,Postgraduate,6.0,In Person,2017
3425,MEDI8015B,Professional Practice 1,Second Semester,Postgraduate,0.0,In Person,2017
3426,MEDI8015A,Professional Practice 1,First Semester,Postgraduate,0.0,In Person,2017
3427,ENGN8260,Professional Practice 2,First Semester/Second Semester,Postgraduate,6.0,In Person,2017
3428,MEDI8025B,Professional Practice 2,Second Semester,Postgraduate,0.0,In Person,2017
3429,COMP8260,Professional Practice 2,First Semester/Second Semester,Postgraduate,6.0,In Person,2017
3430,MEDI8025A,Professional Practice 2,First Semester,Postgraduate,0.0,In Person,2017
3431,MEDI8035A,Professional Practice 3,,Postgraduate,0.0,In Person,2017
3432,MEDI8035B,Professional Practice 3,,Postgraduate,0.0,In Person,2017
3433,MEDI8045A,Professional Practice 4,,Postgraduate,0.0,In Person,2017
3434,MEDI8045B,Professional Practice 4,,Postgraduate,0.0,In Person,2017
3435,LEGW8142,Professional Practice Core,Summer Session/Autumn Session/Winter Session,Postgraduate,18.0,Online,2017
3436,ARTV2027,Professional Practices,First Semester,Undergraduate,6.0,In Person,2017
3437,ARTV2028,Professional Practices Advanced,,Undergraduate,6.0,In Person,2017
3438,POGO8117,Program Management,Second Semester,Postgraduate,6.0,In Person,2017
3439,COMP1100,Programming as Problem Solving,First Semester/Second Semester,Undergraduate,6.0,In Person,2017
3440,COMP1130,Programming as Problem Solving (Advanced),First Semester,Undergraduate,6.0,In Person,2017
3441,COMP1730,Programming for Scientists,Second Semester,Undergraduate,6.0,In Person,2017
3442,COMP6730,Programming for Scientists,Second Semester,Postgraduate,6.0,In Person,2017
3443,BUSN8005,Project Accounting and Financial Management,,Postgraduate,6.0,In Person,2017
3444,MGMT8170,Project Management Masters Thesis,First Semester/Second Semester,Postgraduate,6.0,In Person,2017
3445,MGMT7024,Project Management Principles,First Semester,Postgraduate,6.0,In Person,2017
3446,INFS3059,Project Management and Information Systems,Second Semester,Undergraduate,6.0,In Person,2017
3447,MGMT8005,Project Risk and Issues Management,Second Semester,Postgraduate,6.0,In Person,2017
3448,COMP3740,Project Work in Computing,First Semester/Second Semester,Undergraduate,6.0,In Person,2017
3449,BUSN3059,Project/Case Studies in Commerce,First Semester/Second Semester,Undergraduate,6.0,In Person,2017
3450,NSPO8027,"Propaganda, Information War and National Security",,Postgraduate,6.0,In Person,2017
3451,LAWS2204,Property,First Semester,Undergraduate,6.0,In Person,2017
3452,LAWS6204,Property,First Semester,Postgraduate,6.0,In Person,2017
3453,LAWS8705,Property Law & Contracts A,Winter Session,Postgraduate,8.0,Online,2017
3454,LAWS8706,Property Law & Contracts B,,Postgraduate,8.0,Online,2017
3455,PREP1115,Psychology,First Semester/Second Semester,Undergraduate,6.0,In Person,2017
3456,PSYC1003,"Psychology 1: Understanding Mind, Brain and Behaviour",First Semester,Undergraduate,6.0,In Person,2017
3457,PSYC1004,Psychology 2: Understanding People in Context,Second Semester,Undergraduate,6.0,In Person,2017
3458,PSYC4011,Psychology Honours,First Semester/Second Semester,Undergraduate,12.0,In Person,2017
3459,PSYC4005F,Psychology IV Honours (S),First Semester/Second Semester,Undergraduate,12.0,In Person,2017
3460,PSYC4005P,Psychology IV Honours (S),First Semester/Second Semester,Undergraduate,12.0,In Person,2017
3461,PSYC3030,Psychology Undergraduate Research Experience,Summer Session/First Semester/Second Semester,Undergraduate,6.0,In Person,2017
3462,PSYC2201,Psychology: From Problems to Solutions,,Undergraduate,6.0,Online or In Person,2017
3463,POGO8137,Public Administration: Legal and Organisational Foundations,,Postgraduate,6.0,In Person,2017
3464,POLS2130,Public Choice and Politics,First Semester,Undergraduate,6.0,In Person,2017
3465,POGO8048,Public Finance,First Semester,Postgraduate,6.0,In Person,2017
3466,POPH8106,Public Health Research Project,First Semester/Second Semester/Spring Session,Postgraduate,6.0,Online or In Person,2017
3467,POPH8917,Public Health Surveillance,,Research,6.0,In Person,2017
3468,POPH8317,Public Health Surveillance,First Semester,Postgraduate,6.0,In Person,2017
3469,MEDI8116,"Public Health disasters, catastrophes and recovery",,Postgraduate,6.0,In Person,2017
3470,CRWF8019,Public Policy and Professional Internship,Summer Session/Autumn Session,Postgraduate,6.0,In Person,2017
3471,BUSN3006,Public Sector Accounting,First Semester,Undergraduate,6.0,In Person,2017
3472,BUSN7006,Public Sector Accounting and Reporting,First Semester,Postgraduate,6.0,In Person,2017
3473,ECON4434,Public Sector Economics,First Semester,Undergraduate,6.0,In Person,2017
3474,ECON8034,Public Sector Economics,First Semester,Postgraduate,6.0,In Person,2017
3475,ECON2132,Public Sector Economics (H),First Semester,Undergraduate,6.0,In Person,2017
3476,ECON2131,Public Sector Economics (P),First Semester,Undergraduate,6.0,In Person,2017
3477,LAWS8522,Public Sector Employment Law,Winter Session,Postgraduate,6.0,In Person,2017
3478,POGO8021,Public Sector Ethics,First Semester,Postgraduate,6.0,Online or In Person,2017
3479,FINM7029,Public Sector Financial Management,,Postgraduate,3.0,In Person,2017
3480,POGO8062,Public Sector Management,Second Semester,Postgraduate,6.0,In Person,2017
3481,SOCY2165,Public Sphere & Media,,Undergraduate,6.0,In Person,2017
3482,INDG3001,Public policy development and implementation and Indigenous Australians,Second Semester,Undergraduate,6.0,In Person,2017
3483,CHMD8004,Qualitative Methodologies for Health Research,Second Semester,Postgraduate,6.0,Online or In Person,2017
3484,ASIA9076,Qualitative Methods in Regulation and Governance,Winter Session,Postgraduate,6.0,Online or In Person,2017
3485,SOCR8003,Qualitative Research Analysis,Second Semester,Postgraduate,6.0,In Person,2017
3486,MGMT4018,Qualitative Research Methods,First Semester,Undergraduate,6.0,In Person,2017
3487,MGMT8018,Qualitative Research Methods,First Semester,Postgraduate,6.0,In Person,2017
3488,ENVS6014,Qualitative Research Methods for Sustainability,Winter Session,Postgraduate,6.0,In Person,2017
3489,ENVS2014,Qualitative Research Methods for Sustainability,Winter Session,Undergraduate,6.0,In Person,2017
3490,LING8026,Qualitative Research Methods in Language Studies,First Semester,Postgraduate,6.0,In Person,2017
3491,SOCR8008,Qualitative Social Research,First Semester,Postgraduate,6.0,In Person,2017
3492,MEDI8201,Qualitative and Social Research for Public Health,,Postgraduate,6.0,In Person,2017
3493,IDEC8014,Quantitative Financial Economics,Second Semester,Postgraduate,6.0,In Person,2017
3494,IDEC8010,Quantitative International Economics,First Semester,Postgraduate,6.0,In Person,2017
3495,PSYC2009,Quantitative Methods in Psychology,First Semester,Undergraduate,6.0,In Person,2017
3496,IDEC8026,Quantitative Policy Impact Evaluation,Second Semester,Postgraduate,6.0,In Person,2017
3497,STAT1008,Quantitative Research Methods,First Semester/Second Semester,Undergraduate,6.0,In Person,2017
3498,LING8027,Quantitative Research Methods in Linguistics,Second Semester,Postgraduate,6.0,In Person,2017
3499,SOCR8009,Quantitative Social Research,Second Semester,Postgraduate,6.0,In Person,2017
3500,PHYS2013,Quantum Mechanics,First Semester,Undergraduate,6.0,In Person,2017
3501,ACST8500,RSFAS Masters Thesis,First Semester/Second Semester,Postgraduate,6.0,In Person,2017
3502,FINM8500,RSFAS Masters Thesis,First Semester/Second Semester,Postgraduate,12.0,In Person,2017
3503,STAT8500,RSFAS Masters Thesis,First Semester/Second Semester,Postgraduate,6.0,In Person,2017
3504,POLS2135,"Race, Ethnicity and Representation",First Semester,Undergraduate,6.0,Online,2017
3505,PHIL2125,Rationality and Social Cooperation,First Semester,Undergraduate,6.0,In Person,2017
3506,ENGL4018,Re-making Literature: Topics in Reading and Analysing Genre,First Semester,Undergraduate,12.0,In Person,2017
3507,ENGL8018,Re-making Literature: Topics in Reading and Analysing Genre,First Semester,Postgraduate,12.0,In Person,2017
3508,PHYS8202,Reactor Science,First Semester,Postgraduate,6.0,In Person,2017
3509,ENGL8019,Reading Context: Topics in Production and Reception of Texts,Second Semester,Postgraduate,12.0,Online or In Person,2017
3510,ENGL4019,Reading Context: Topics in Production and Reception of Texts,Second Semester,Undergraduate,12.0,Online or In Person,2017
3511,GEND6002,Reading Popular Culture: An Introduction to Cultural Studies,,Postgraduate,6.0,In Person,2017
3512,GEND1002,Reading Popular Culture: An Introduction to Cultural Studies,Second Semester,Undergraduate,6.0,In Person,2017
3513,RUSS3003,Reading Russian For Academic Purposes II,Second Semester,Undergraduate,6.0,Online,2017
3514,RUSS1003,Reading Russian for Academic Purposes I,,Undergraduate,6.0,In Person,2017
3515,RUSS3002,Reading Russian for Academic Purposes I,First Semester,Undergraduate,6.0,Online,2017
3516,RUSS6002,Reading Russian for Academic Purposes I,First Semester,Postgraduate,6.0,Online,2017
3517,RUSS6003,Reading Russian for Academic Purposes II,Second Semester,Postgraduate,6.0,Online,2017
3518,RUSS1004,Reading Russian for Academic Purposes II,,Undergraduate,6.0,In Person,2017
3519,ENGL1013,Reading across Time and Space: Literary Contexts,Second Semester,Undergraduate,6.0,In Person,2017
3520,LING8003,Readings in Applied Linguistics,First Semester/Second Semester,Postgraduate,6.0,Blended,2017
3521,ARTH8016,Readings in Art History and Curatorial Studies,Second Semester,Postgraduate,6.0,Online or In Person,2017
3522,ASIA6512,Readings in Asian Societies and Histories,,Postgraduate,6.0,In Person,2017
3523,ASIA3012,Readings in Asian Societies and Histories,Summer Session/First Semester/Autumn Session/Winter Session/Second Semester/Spring Session,Undergraduate,6.0,In Person,2017
3524,CHIN6035,Readings in Chinese History,,Postgraduate,6.0,In Person,2017
3525,CHIN3035,Readings in Chinese History,,Undergraduate,6.0,In Person,2017
3526,ECHI8002,Readings in Economic History,,Postgraduate,6.0,In Person,2017
3527,HIST8021,Readings in History,First Semester/Second Semester,Postgraduate,6.0,Online or In Person,2017
3528,PASI3012,Readings in Indigenous Studies,Second Semester,Undergraduate,6.0,In Person,2017
3529,INDG9002,Readings in Indigenous Studies,Summer Session/First Semester/Autumn Session/Winter Session/Second Semester/Spring Session,Postgraduate,6.0,In Person,2017
3530,JPNS3018,Readings in Japanese,,Undergraduate,6.0,In Person,2017
3531,JPNS6018,Readings in Japanese,,Postgraduate,6.0,In Person,2017
3532,NEUR8701,Readings in Neuroscience,First Semester/Second Semester,Postgraduate,6.0,In Person,2017
3533,PHIL4009,Readings in Philosophy,First Semester,Undergraduate,6.0,In Person,2017
3534,ASIA6083,Readings in South and Southeast Asian Cultures,First Semester,Postgraduate,6.0,In Person,2017
3535,ASIA2083,Readings in South and Southeast Asian Cultures,First Semester,Undergraduate,6.0,In Person,2017
3536,LEGW8152,Ready For Practice,Autumn Session/Winter Session/Spring Session,Postgraduate,6.0,Online,2017
3537,LEGW8133,Real Estate Practice,,Postgraduate,6.0,In Person,2017
3538,HIST6213,Real Men: Manhood and Identity in the Western World,,Postgraduate,6.0,In Person,2017
3539,HIST2213,Real Men: Masculinities in Western History,,Undergraduate,6.0,In Person,2017
3540,COMP4330,Real-Time & Embedded Systems,Second Semester,Undergraduate,6.0,In Person,2017
3541,COMP8330,Real-Time Embedded Systems,Second Semester,Postgraduate,6.0,In Person,2017
3542,ASIA3029,Reconciliation and the memory of conflict in East Asia,First Semester,Undergraduate,6.0,In Person,2017
3543,CHMD8011,Refugee Health: From Displacement to Resettlement,First Semester,Postgraduate,6.0,Online or In Person,2017
3544,LAWS4271,Refugee Law,,Undergraduate,6.0,In Person,2017
3545,LAWS8656,Refugee Law and Practice in Australia,First Semester,Postgraduate,6.0,Online,2017
3546,POLS6101,Refugee Politics: Displacement and Exclusion in the 20th and 21st Centuries,Second Semester,Postgraduate,6.0,In Person,2017
3547,POLS2101,Refugee Politics: Displacement and Exclusion in the Twentieth and Twenty-First Centuries,Second Semester,Undergraduate,6.0,In Person,2017
3548,POLS8029,Regional Integration in the Global Economy,,Postgraduate,6.0,In Person,2017
3549,POGO8114,Regional Trade Arrangements,,Postgraduate,6.0,In Person,2017
3550,INTR2028,"Regionalism, Rights and Order in Southeast Asia",,Undergraduate,6.0,In Person,2017
3551,STAT6038,Regression Modelling,First Semester,Postgraduate,6.0,In Person,2017
3552,STAT2008,Regression Modelling,First Semester,Undergraduate,6.0,In Person,2017
3553,STAT4038,Regression Modelling,First Semester,Undergraduate,6.0,In Person,2017
3554,ASIA8052,Regulation and Governance,Summer Session,Postgraduate,6.0,Online or In Person,2017
3555,ASIA9052,Regulation and Governance,Summer Session,Postgraduate,6.0,Online or In Person,2017
3556,LAWS8589,Regulation of Religious Activities,,Postgraduate,6.0,In Person,2017
3557,ANUC2400,Relational Databases,First Semester/Second Semester,Undergraduate,6.0,In Person,2017
3558,COMP2400,Relational Databases,Second Semester,Undergraduate,6.0,In Person,2017
3559,COMP6240,Relational Databases,Second Semester,Postgraduate,6.0,In Person,2017
3560,GEND2057,"Relationships, Marriage and Family",,Undergraduate,6.0,In Person,2017
3561,SOCY2057,"Relationships, Marriage and Family",,Undergraduate,6.0,In Person,2017
3562,MATH3329,"Relativity, Black Holes and Cosmology",,Undergraduate,6.0,In Person,2017
3563,ANTH2004,"Religion, Ritual and Cosmology",Second Semester,Undergraduate,6.0,In Person,2017
3564,ANTH6004,"Religion, Ritual and Cosmology",Second Semester,Postgraduate,6.0,In Person,2017
3565,ENGL3034,Renaissance Drama,,Undergraduate,6.0,In Person,2017
3566,ENGL6034,Renaissance Drama,,Postgraduate,6.0,In Person,2017
3567,ARTV2050,Renaissance and Baroque Art,Second Semester,Undergraduate,6.0,In Person,2017
3568,ARTV6104,Renaissance and Baroque Art,Second Semester,Postgraduate,6.0,In Person,2017
3569,MUSC8019,"Repatriation: principles, policy, practice",,Postgraduate,6.0,In Person,2017
3570,CHMD8005,"Representing Medicine: Performance, Drama and Identity",,Postgraduate,6.0,Online or In Person,2017
3571,ARTV2029,Representing the Self,First Semester,Undergraduate,6.0,In Person,2017
3572,COMP8100,Requirements Elicitation and Analysis Techniques,First Semester,Postgraduate,6.0,In Person,2017
3573,ARTV8054,Research,First Semester,Postgraduate,6.0,In Person,2017
3574,POGO9096,Research Design,,Research,12.0,In Person,2017
3575,ARCH6500,Research Design and Analysis in Archaeology,Second Semester,Postgraduate,6.0,In Person,2017
3576,ARCH3000,Research Design and Analysis in Archaeology,Second Semester,Undergraduate,6.0,In Person,2017
3577,BIAN3014,Research Design and Analysis in Biological Anthropology,Second Semester,Undergraduate,6.0,In Person,2017
3578,BIAN6516,Research Design and Analysis in Biological Anthropology,Second Semester,Postgraduate,6.0,In Person,2017
3579,ARTS8103,Research Design and Ethics,Summer Session/First Semester/Autumn Session/Winter Session/Second Semester/Spring Session,Postgraduate,6.0,In Person,2017
3580,POPH8315,Research Design and Methods,First Semester/Second Semester,Postgraduate,6.0,Online or In Person,2017
3581,POPH4315,Research Design and Methods,First Semester/Second Semester,Undergraduate,6.0,Online or In Person,2017
3582,ARCH8106,Research Design and Research Proposal,First Semester/Second Semester,Postgraduate,12.0,In Person,2017
3583,ASIA9075,"Research Design and Writing in International, Political and Strategic Studies",Autumn Session,Postgraduate,6.0,In Person,2017
3584,ACST8050,Research Essay in Actuarial Studies,First Semester/Second Semester,Postgraduate,6.0,In Person,2017
3585,SOCY3001,Research Internship,Second Semester,Undergraduate,6.0,In Person,2017
3586,PREP1101,Research Methods,First Semester/Second Semester,Undergraduate,0.0,In Person,2017
3587,POGO8096,Research Methods (6 units),First Semester,Postgraduate,6.0,In Person,2017
3588,MEDI8104,Research Methods 2,,Postgraduate,6.0,In Person,2017
3589,EMSC8017,Research Methods and Proposal,First Semester/Second Semester,Postgraduate,6.0,In Person,2017
3590,EMSC4017,Research Methods and Proposal,First Semester/Second Semester,Undergraduate,6.0,In Person,2017
3591,ECHI8003,Research Methods and Resources in Economic History,,Postgraduate,6.0,In Person,2017
3592,EMDV8102,Research Methods for Environmental Management,First Semester,Postgraduate,6.0,In Person,2017
3593,ANTH4009,Research Methods in Development Studies,First Semester,Undergraduate,12.0,Online or In Person,2017
3594,DIPL9000,Research Methods in Diplomacy,,Research,12.0,In Person,2017
3595,DIPL8000,Research Methods in Diplomacy,Second Semester,Postgraduate,12.0,In Person,2017
3596,NSPO8020,Research Methods in National Security Policy,First Semester,Postgraduate,6.0,In Person,2017
3597,NSPO9020,Research Methods in National Security Policy,,Research,6.0,In Person,2017
3598,EMSC8031,Research Methods in Physics of the Earth,,Postgraduate,6.0,In Person,2017
3599,PSYC9025,Research Practicum I,,Research,8.0,In Person,2017
3600,PSYC9026,Research Practicum II,,Research,8.0,In Person,2017
3601,BIOL8291,Research Presentation Skills,First Semester/Second Semester,Postgraduate,6.0,In Person,2017
3602,ARTV4022,Research Principles and Methods 1,First Semester,Undergraduate,12.0,Online or In Person,2017
3603,DESA4001,Research Principles and Methods 1,First Semester,Undergraduate,12.0,Online or In Person,2017
3604,DESA4002,Research Principles and Methods 2,Second Semester,Undergraduate,12.0,Online or In Person,2017
3605,ARTV4023,Research Principles and Methods 2,Second Semester,Undergraduate,12.0,Online or In Person,2017
3606,ENGN8601,Research Project,,Postgraduate,12.0,In Person,2017
3607,ENGN8602,Research Project,First Semester/Second Semester,Postgraduate,6.0,In Person,2017
3608,EMDV8066,Research Project,Second Semester,Postgraduate,12.0,In Person,2017
3609,BIOL8701,Research Project,Summer Session/First Semester/Autumn Session/Winter Session/Second Semester/Spring Session,Postgraduate,6.0,In Person,2017
3610,MEDI8013B,Research Project,Second Semester,Postgraduate,3.0,In Person,2017
3611,MEDI2003,Research Project,,Undergraduate,0.0,In Person,2017
3612,MEDI8013A,Research Project,First Semester,Postgraduate,3.0,In Person,2017
3613,POGO8135,Research Project (12 units),,Postgraduate,12.0,In Person,2017
3614,POGO8035,Research Project (6 units),Second Semester,Postgraduate,6.0,In Person,2017
3615,ARAB3004,Research Project (Arabic),First Semester,Undergraduate,6.0,In Person,2017
3616,ARAB6506,Research Project (Arabic),First Semester,Postgraduate,6.0,In Person,2017
3617,POPH8312,Research Project in Applied Epidemiology,Summer Session/First Semester/Autumn Session/Winter Session/Second Semester/Spring Session,Postgraduate,0.0,In Person,2017
3618,CHEM3060,Research Project in Chemistry,First Semester/Second Semester,Undergraduate,6.0,In Person,2017
3619,CHEM8003,Research Project in Chemistry,,Postgraduate,6.0,In Person,2017
3620,FINM8001,Research Project in Finance,First Semester/Second Semester,Postgraduate,12.0,In Person,2017
3621,PHYS8170,Research Project in Photonics,First Semester/Second Semester,Postgraduate,6.0,In Person,2017
3622,BIOL8700,Research Proposal,First Semester/Second Semester,Postgraduate,12.0,In Person,2017
3623,EMDV8008,Research Proposal,First Semester,Postgraduate,6.0,In Person,2017
3624,LAWS8657,Research Skills (Migration),First Semester,Postgraduate,6.0,Online,2017
3625,BIOL3202,Research Skills in Biology,,Undergraduate,6.0,In Person,2017
3626,STAT8012,Research Techniques (Statistics Graduate Program),,Postgraduate,6.0,In Person,2017
3627,DIPL8011,Research Thesis - Diplomacy,First Semester/Second Semester,Postgraduate,12.0,In Person,2017
3628,LANG4004,Research Tools in Advanced Language Studies,First Semester/Second Semester,Undergraduate,6.0,In Person,2017
3629,PHYS3042,Research Topics Physics,First Semester/Second Semester,Undergraduate,6.0,In Person,2017
3630,PHYS3045,Research Topics Physics,Summer Session,Undergraduate,6.0,In Person,2017
3631,PHYS8505,Research Topics in Photonics,First Semester/Winter Session/Second Semester,Postgraduate,6.0,In Person,2017
3632,ASIA3083,Research Topics in South and Southeast Asian Languages A,,Undergraduate,6.0,In Person,2017
3633,POLS4011,Research Training: Scope and Methods,First Semester,Undergraduate,12.0,In Person,2017
3634,POLS1009,Research and Writing in Political Science,Second Semester,Undergraduate,6.0,In Person,2017
3635,SOCY2164,Research for Public Policy,,Undergraduate,6.0,In Person,2017
3636,CLAS4007,Research in Classical Studies,Second Semester,Undergraduate,12.0,In Person,2017
3637,CLAS8020,Research in Classical Studies,Second Semester,Postgraduate,12.0,In Person,2017
3638,CLAS8018,Research in Classical Studies,First Semester/Second Semester,Postgraduate,12.0,In Person,2017
3639,EMDV8014,Research in Climate Change Policy and Economics,Second Semester,Postgraduate,6.0,Blended,2017
3640,ENVS8013,Research in Climate Change Vulnerability and Adaptation,First Semester,Postgraduate,6.0,In Person,2017
3641,HGEO8003,Research in Natural Hazards and Disasters,,Postgraduate,6.0,In Person,2017
3642,HGEO8004,Research in Natural Hazards and Disasters,,Postgraduate,12.0,In Person,2017
3643,POLS3028,Researching and Writing Human Rights,Second Semester,Undergraduate,6.0,In Person,2017
3644,ENGL4020,Researching and Writing the Thesis: A Workshop,First Semester,Undergraduate,6.0,In Person,2017
3645,ENGL8020,Researching and Writing the Thesis: A Workshop,First Semester,Postgraduate,6.0,In Person,2017
3646,ECON3128,Resource and Environmental Economics,,Undergraduate,6.0,In Person,2017
3647,ECON8040,Resource and Environmental Economics,Second Semester,Postgraduate,6.0,In Person,2017
3648,ECON2128,Resource and Environmental Economics (P),Second Semester,Undergraduate,6.0,In Person,2017
3649,LAWS4254,Restitution,First Semester,Undergraduate,6.0,In Person,2017
3650,ASIA8011,"Rethinking Northeast Asia: Region, Culture and Society",First Semester,Postgraduate,6.0,In Person,2017
3651,MGMT7203,Risk Analysis for Business Management,,Postgraduate,6.0,In Person,2017
3652,FINM7030,Risk Management,,Postgraduate,3.0,In Person,2017
3653,STAT3035,Risk Theory,First Semester,Undergraduate,6.0,In Person,2017
3654,STAT4035,Risk Theory,First Semester,Undergraduate,6.0,In Person,2017
3655,STAT8035,Risk Theory,First Semester,Postgraduate,6.0,In Person,2017
3656,POGO8112,Risk for Public Sector Managers,,Postgraduate,6.0,In Person,2017
3657,SOCY2008,Risk in Everyday Life,,Undergraduate,6.0,In Person,2017
3658,ENGN4627,Robotics,Second Semester,Undergraduate,6.0,In Person,2017
3659,ENGN6627,Robotics,Second Semester,Postgraduate,6.0,In Person,2017
3660,HIST6238,"Rock, Sex and War: Australia's 1960s - 1970s",,Postgraduate,6.0,In Person,2017
3661,HIST2239,"Rock, Sex and War: Australia's 1960s - 1970s",,Undergraduate,6.0,In Person,2017
3662,EMSC2017,Rocks and Minerals,First Semester,Undergraduate,6.0,In Person,2017
3663,EMSC4117,Rocks and Minerals,First Semester,Undergraduate,6.0,In Person,2017
3664,EMSC6017,Rocks and Minerals,First Semester,Postgraduate,6.0,In Person,2017
3665,ANCH2026,Rome: After Empire (Europe 400–800 AD),,Undergraduate,6.0,In Person,2017
3666,ANCH6026,Rome: After Empire (Europe 400–800 AD),,Postgraduate,6.0,In Person,2017
3667,ANCH1014,Rome: Republic to Empire,Second Semester,Undergraduate,6.0,In Person,2017
3668,STAT8022,Sample Surveys,,Postgraduate,6.0,In Person,2017
3669,ASIA3011,Samurai Society and Social Control  in Japan,,Undergraduate,6.0,In Person,2017
3670,ASIA6511,Samurai Society and Social Control in Japan,,Postgraduate,6.0,In Person,2017
3671,SKRT6102,Sanskrit 1A,First Semester,Postgraduate,6.0,Online or In Person,2017
3672,SKRT1002,Sanskrit 1A,First Semester,Undergraduate,6.0,Online or In Person,2017
3673,SKRT1003,Sanskrit 1B,Second Semester,Undergraduate,6.0,Online or In Person,2017
3674,SKRT6103,Sanskrit 1B,Second Semester,Postgraduate,6.0,Online or In Person,2017
3675,SKRT2103,Sanskrit 2A,First Semester,Undergraduate,6.0,Online or In Person,2017
3676,SKRT6160,Sanskrit 2A,First Semester,Postgraduate,6.0,Online or In Person,2017
3677,SKRT2104,Sanskrit 2B,Second Semester,Undergraduate,6.0,Online or In Person,2017
3678,SKRT6107,Sanskrit 2B,Second Semester,Postgraduate,6.0,Online or In Person,2017
3679,SKRT6105,Sanskrit 3A,First Semester,Postgraduate,6.0,Online or In Person,2017
3680,SKRT2105,Sanskrit 3A,First Semester,Undergraduate,6.0,Online or In Person,2017
3681,SKRT2106,Sanskrit 3B,Second Semester,Undergraduate,6.0,Online or In Person,2017
3682,SKRT6106,Sanskrit 3B,Second Semester,Postgraduate,6.0,Online or In Person,2017
3683,SKRT3002,Sanskrit 4A,First Semester,Undergraduate,6.0,Blended,2017
3684,SKRT6002,Sanskrit 4A,First Semester,Postgraduate,6.0,Blended,2017
3685,SKRT6003,Sanskrit 4B,Second Semester,Postgraduate,6.0,Blended,2017
3686,SKRT3003,Sanskrit 4B,Second Semester,Undergraduate,6.0,Blended,2017
3687,SCOM1001,Science Communication 1: Science and Public Awareness,First Semester,Undergraduate,6.0,In Person,2017
3688,SCOM1002,Science Communication 2: Scientific Evidence and Social Change,Second Semester,Undergraduate,6.0,In Person,2017
3689,SCOM3004,Science Communication Internship,Summer Session/First Semester/Autumn Session/Winter Session/Second Semester/Spring Session,Undergraduate,6.0,In Person,2017
3690,SCOM6004,Science Communication Internship,Summer Session/First Semester/Autumn Session/Winter Session/Second Semester/Spring Session,Postgraduate,6.0,In Person,2017
3691,SCOM3003,Science Communication Research Project,First Semester/Second Semester,Undergraduate,6.0,In Person,2017
3692,SCOM3012,Science Communication and the Web,Winter Session,Undergraduate,6.0,In Person,2017
3693,SCOM6012,Science Communication and the Web,Winter Session,Postgraduate,6.0,Blended,2017
3694,SCOM8712,Science Communication and the Web (Hong Kong),,Postgraduate,6.0,Blended,2017
3695,SCOM8020,Science Communication in Schools and Public,Winter Session,Postgraduate,6.0,In Person,2017
3696,SCOM3030,Science Dialogue Theory and Practice,Spring Session,Undergraduate,6.0,In Person,2017
3697,SCOM6030,Science Dialogue Theory and Practice,Spring Session,Postgraduate,6.0,In Person,2017
3698,SCOM3017,Science Events for Public Engagement,First Semester,Undergraduate,6.0,In Person,2017
3699,SCOM6017,Science Events for Public Engagement,First Semester,Postgraduate,6.0,In Person,2017
3700,SCNC8001,Science Higher Degree by Research Internship,,Research,3.0,In Person,2017
3701,SCNC4000,Science Honours,First Semester/Second Semester,Undergraduate,6.0,In Person,2017
3702,SCNC8000,Science Internship,Summer Session/First Semester/Autumn Session/Winter Session/Second Semester/Spring Session,Postgraduate,6.0,In Person,2017
3703,SCNC2000,Science Internship,Summer Session/First Semester/Autumn Session/Winter Session/Second Semester/Spring Session,Undergraduate,6.0,In Person,2017
3704,SCNC3000,Science Internship,Summer Session/First Semester/Autumn Session/Winter Session/Second Semester/Spring Session,Undergraduate,6.0,In Person,2017
3705,SCNC2021,Science Research Project,Summer Session/First Semester/Autumn Session/Winter Session/Second Semester/Spring Session,Undergraduate,6.0,In Person,2017
3706,SCNC3021,Science Research Project,Summer Session/First Semester/Autumn Session/Winter Session/Second Semester/Spring Session,Undergraduate,6.0,In Person,2017
3707,SCNC8021,Science Research Project,Summer Session/First Semester/Autumn Session/Winter Session/Second Semester/Spring Session,Postgraduate,3.0,In Person,2017
3708,SCOM6027,Science and Public Policy,Second Semester,Postgraduate,6.0,Blended,2017
3709,SCOM3027,Science and Public Policy,Second Semester,Undergraduate,6.0,Blended,2017
3710,SCOM8727,Science and Public Policy (Hong Kong),,Postgraduate,6.0,Blended,2017
3711,SCOM6003,Science in Popular Fiction,Winter Session,Postgraduate,6.0,In Person,2017
3712,SCOM2003,Science in Popular Fiction,Winter Session,Undergraduate,6.0,In Person,2017
3713,SCOM8703,Science in Popular Fiction (Hong Kong),,Postgraduate,6.0,Blended,2017
3714,PHIL2126,"Science in Society: Ethics, Public Policy and Scientific Practice",First Semester,Undergraduate,6.0,In Person,2017
3715,SCOM6016,Science in the Media,Autumn Session,Postgraduate,6.0,In Person,2017
3716,SCOM2016,Science in the Media,,Undergraduate,6.0,In Person,2017
3717,SCOM8716,Science in the Media (Hong Kong),,Postgraduate,6.0,Blended,2017
3718,POGO8093,"Science, Innovation and Public Policy",,Postgraduate,6.0,In Person,2017
3719,SCOM6031,"Science, Risk and Ethics",First Semester,Postgraduate,6.0,Online or In Person,2017
3720,SCOM2031,"Science, Risk and Ethics",First Semester,Undergraduate,6.0,In Person,2017
3721,MATH6111,Scientific Computing,First Semester,Postgraduate,6.0,In Person,2017
3722,MATH3511,Scientific Computing,First Semester,Undergraduate,6.0,In Person,2017
3723,BIAN3010,Scientific Dating in Archaeology and Palaeoenvironmental Studies,,Undergraduate,6.0,In Person,2017
3724,BIAN6510,Scientific Dating in Archaeology and Palaeoenvironmental Studies,,Postgraduate,6.0,In Person,2017
3725,MATH3501,Scientific and Industrial Modelling,Second Semester,Undergraduate,6.0,In Person,2017
3726,MATH6103,Scientific and Industrial Modelling,Second Semester,Postgraduate,6.0,In Person,2017
3727,ARTV2818,Sculpture Advanced Construction,,Undergraduate,6.0,In Person,2017
3728,ARTV6802,Sculpture Advanced Construction through Fabrication,,Postgraduate,6.0,In Person,2017
3729,ARTV2814,Sculpture Advanced Methods Through Installation and Site Considerations,First Semester,Undergraduate,6.0,In Person,2017
3730,ARTV2816,"Sculpture Advanced Studio 1: Independent Research, Design, Drawing, Making",,Undergraduate,6.0,In Person,2017
3731,ARTV2817,"Sculpture Advanced Studio 2: Independent Research, Concept Reflection & Material Extension",Second Semester,Undergraduate,6.0,In Person,2017
3732,ARTV6804,Sculpture Replicating Through Casting and Finishing Bronze,Second Semester,Postgraduate,6.0,In Person,2017
3733,ARTV2813,Sculpture Reproduction and Simulacra Through Casting and Finishing Bronze,Second Semester,Undergraduate,6.0,In Person,2017
3734,ARTV6805,Sculpture Temporal Studies Making Time in Space: through chance and process approaches,Second Semester,Postgraduate,6.0,In Person,2017
3735,ARTV6814,Sculpture: Advanced Methods Through Installation and Site Considerations,First Semester,Postgraduate,6.0,In Person,2017
3736,ARTV2806,"Sculpture: Bricolage Through Collecting, Collating and Construction with Found Materials",First Semester,Undergraduate,6.0,In Person,2017
3737,ARTV6801,"Sculpture: Bricolage Through Collecting, Collating and Construction with Found Materials",First Semester,Postgraduate,6.0,In Person,2017
3738,ARTV1801,"Sculpture: Constructed Form and Space , Through Investigations with Wood and Metal",First Semester,Undergraduate,6.0,In Person,2017
3739,ARTV3801,Sculpture: Independent Work Proposal 1 Introduction to IWP,First Semester,Undergraduate,6.0,In Person,2017
3740,ARTV3802,Sculpture: Independent Work Proposal 2,Second Semester,Undergraduate,6.0,In Person,2017
3741,ARTV2809,Sculpture: Material Integration and Context Through Mixed Media and Advanced Processes,Second Semester,Undergraduate,6.0,In Person,2017
3742,ARTV1802,"Sculpture: Plasticity, Observation and Abstraction Through Figure Modeling and Waste Moulding",Second Semester,Undergraduate,6.0,In Person,2017
3743,ARTV6803,Sculpture: Space and Negative to Positive Reproduction through mould making and surface replication,First Semester,Postgraduate,6.0,In Person,2017
3744,ARTV2807,Sculpture: Space and Reproduction Through Mould Making and Surface Replication,First Semester,Undergraduate,6.0,In Person,2017
3745,ARTV2808,"Sculpture: Space and Shape Investigations with Soft Sculpture, Pattern Making and Armature",Second Semester,Undergraduate,6.0,In Person,2017
3746,ARTV2815,"Sculpture: Temporal Studies, making time in space",Second Semester,Undergraduate,6.0,In Person,2017
3747,LING2101,Second Language Acquisition,,Undergraduate,6.0,In Person,2017
3748,LING6101,Second Language Acquisition,,Postgraduate,6.0,In Person,2017
3749,NSPO8019,Sectarianism and Religiously Motivated Violence,First Semester,Postgraduate,6.0,In Person,2017
3750,STST2131,Security Communities from War to Peace,First Semester,Undergraduate,6.0,In Person,2017
3751,INTR2020,Security and Stability on the Korean Peninsula,First Semester,Undergraduate,6.0,In Person,2017
3752,EMSC2014,Sedimentology and Stratigraphy,First Semester,Undergraduate,6.0,In Person,2017
3753,EMSC4014,Sedimentology and Stratigraphy,First Semester,Undergraduate,6.0,In Person,2017
3754,EMSC6014,Sedimentology and Stratigraphy,First Semester,Postgraduate,6.0,In Person,2017
3755,EMSC8002,Seismology,,Postgraduate,6.0,In Person,2017
3756,CRWF8012,Selected Themes in Economics and Government,Summer Session,Postgraduate,6.0,In Person,2017
3757,POGO8102,Selected Themes in Public Policy,Summer Session/First Semester/Autumn Session/Winter Session/Second Semester/Spring Session,Postgraduate,6.0,In Person,2017
3758,NSPO8022,Selected Topic in National Security Policy,Summer Session/First Semester/Autumn Session/Winter Session/Second Semester/Spring Session,Postgraduate,6.0,In Person,2017
3759,LING4012,Selected Topics in Analysis of a Subsystem of Language,First Semester/Second Semester,Undergraduate,6.0,In Person,2017
3760,LAWS4257,Selected Topics in Australian-United States Comparative Law (ANU),Second Semester,Undergraduate,6.0,In Person,2017
3761,LAWS4248,Selected Topics in Australian-United States Comparative Law (Alabama),Summer Session,Undergraduate,6.0,In Person,2017
3762,LING4010,Selected Topics in Empirical Approaches to Linguistics,First Semester/Second Semester,Undergraduate,6.0,In Person,2017
3763,FREN2021,Selected Topics in French Studies,,Undergraduate,6.0,In Person,2017
3764,FREN6510,Selected Topics in French Studies,,Postgraduate,6.0,In Person,2017
3765,MEDI8105,Selected Topics in Internal Medicine and Sport and Exercise 1,,Postgraduate,3.0,In Person,2017
3766,MEDI8106,Selected Topics in Internal Medicine and Sport and Exercise 2,,Postgraduate,3.0,In Person,2017
3767,LING4009,Selected Topics in Methodologies for Researching Language,First Semester/Second Semester,Undergraduate,12.0,In Person,2017
3768,SPAN2003,Selected Topics in Spanish I,First Semester,Undergraduate,6.0,In Person,2017
3769,SPAN6505,Selected Topics in Spanish I,First Semester,Postgraduate,6.0,In Person,2017
3770,SPAN2004,Selected Topics in Spanish II,,Undergraduate,6.0,In Person,2017
3771,SPAN6506,Selected Topics in Spanish II,,Postgraduate,6.0,In Person,2017
3772,LING4011,Selected Topics in Theory and Analysis in Linguistics,First Semester/Second Semester,Undergraduate,12.0,In Person,2017
3773,LAWS4233,Selected Topics in Torts,,Undergraduate,6.0,In Person,2017
3774,SOCY1002,Self and Society,First Semester,Undergraduate,6.0,In Person,2017
3775,LING2008,Semantics,First Semester,Undergraduate,6.0,In Person,2017
3776,LING6008,Semantics,First Semester,Postgraduate,6.0,Blended,2017
3777,ASIA6504,Semester in Asia,,Postgraduate,24.0,In Person,2017
3778,ASIA5920,Semester in Asia,First Semester/Winter Session/Second Semester,Undergraduate,6.0,In Person,2017
3779,ENGN3334,Semiconductors,Second Semester,Undergraduate,6.0,In Person,2017
3780,ENGN6334,Semiconductors,Second Semester,Postgraduate,6.0,In Person,2017
3781,PHYS6504,Semiconductors,Second Semester,Postgraduate,6.0,In Person,2017
3782,PHYS3053,Semiconductors for Optical Systems,,Undergraduate,3.0,In Person,2017
3783,EMSC3030,Seminar A,Summer Session/First Semester/Autumn Session/Winter Session/Second Semester/Spring Session,Undergraduate,3.0,In Person,2017
3784,EMSC4040,Seminar A,Summer Session/First Semester/Autumn Session/Winter Session/Second Semester/Spring Session,Undergraduate,3.0,In Person,2017
3785,EMSC6040,Seminar A: Short Research Project,First Semester/Second Semester,Postgraduate,3.0,In Person,2017
3786,EMSC3031,Seminar B,Summer Session/First Semester/Autumn Session/Winter Session/Second Semester/Spring Session,Undergraduate,3.0,In Person,2017
3787,EMSC4041,Seminar B,Summer Session/First Semester/Autumn Session/Winter Session/Second Semester/Spring Session,Undergraduate,3.0,In Person,2017
3788,EMSC6041,Seminar B: Short Research Project,First Semester/Second Semester,Postgraduate,3.0,In Person,2017
3789,HIST8024,Seminar in Advanced Historiography,First Semester,Postgraduate,6.0,In Person,2017
3790,HIST4011,Seminar in Advanced Historiography,First Semester,Undergraduate,12.0,In Person,2017
3791,HIST4013,Seminar in Historical Writing and Presentation,Second Semester,Undergraduate,12.0,In Person,2017
3792,BUSN4013,Seminar in Research Method in Commerce,First Semester/Second Semester,Undergraduate,6.0,In Person,2017
3793,BUSN8013,Seminar in Research Method in Commerce,First Semester/Second Semester,Postgraduate,6.0,In Person,2017
3794,LING6522,Seminar on Semantics,,Postgraduate,6.0,In Person,2017
3795,LING3022,Seminar on Semantics,,Undergraduate,6.0,In Person,2017
3796,BIOL3103,Sensory Physiology and Animal Behaviour,,Undergraduate,6.0,In Person,2017
3797,BIOL6103,Sensory Physiology and Animal Behaviour,,Postgraduate,6.0,In Person,2017
3798,POGO8208,Service Contracts,,Postgraduate,6.0,In Person,2017
3799,MKTG2023,Services Marketing,Second Semester,Undergraduate,6.0,Blended,2017
3800,MKTG7023,Services Marketing,,Postgraduate,6.0,In Person,2017
3801,HIST8016,Settler Societies and Indigenous Encounters,Second Semester,Postgraduate,6.0,Online or In Person,2017
3802,ENVS3011,Severe Weather,First Semester,Undergraduate,6.0,Online or In Person,2017
3803,ENVS6311,Severe Weather,First Semester,Postgraduate,6.0,Online or In Person,2017
3804,PHIL2082,Sex and Death: the Philosophy of Biology,Second Semester,Undergraduate,6.0,In Person,2017
3805,GEND1001,"Sex, Gender and Identity: An Introduction to Gender Studies",First Semester,Undergraduate,6.0,In Person,2017
3806,HIST2229,Sexuality in Australian History,,Undergraduate,6.0,In Person,2017
3807,HIST6229,Sexuality in Australian History,,Postgraduate,6.0,In Person,2017
3808,ENGL2055,Shakespeare and Film,,Undergraduate,6.0,In Person,2017
3809,POLS3029,Sharing Power: Federalism in Comparative Perspective,First Semester,Undergraduate,6.0,In Person,2017
3810,MEAS8122,Shiite Islam in World Politics,,Postgraduate,6.0,In Person,2017
3811,ENGN2228,Signal Processing,Second Semester,Undergraduate,6.0,In Person,2017
3812,ARTS8102,Situating the Thesis (TPR),Summer Session/First Semester/Autumn Session/Winter Session/Second Semester/Spring Session,Postgraduate,6.0,In Person,2017
3813,LAWS8658,Skilled and Business Migration,Second Semester,Postgraduate,6.0,Online,2017
3814,ANTH8019,Social Analysis & Community Politics,First Semester,Postgraduate,6.0,Online or In Person,2017
3815,ANTH8006,Social Analysis & Community Politics (Advanced),First Semester,Postgraduate,12.0,Online or In Person,2017
3816,ANTH2133,Social Animals: anthropological perspectives on animal-human relationships,Second Semester,Undergraduate,6.0,In Person,2017
3817,ANTH6519,Social Animals: anthropological perspectives on animal-human relationships,Second Semester,Postgraduate,6.0,In Person,2017
3818,ASIA8050,Social Conflict and Environmental Challenges in Asia and the Pacific,Second Semester,Postgraduate,6.0,In Person,2017
3819,POPH8108,Social Determinants of Health,Second Semester,Postgraduate,6.0,Online or In Person,2017
3820,ANTH8028,Social Impact Assessment: Theory and Methods,Second Semester,Postgraduate,6.0,Online or In Person,2017
3821,ANTH8008,Social Impact Assessment: Theory and Methods (Advanced),Second Semester,Postgraduate,12.0,Online or In Person,2017
3822,SOCY2055,Social Inequality in Comparative Perspective,Second Semester,Undergraduate,6.0,In Person,2017
3823,MKTG3024,Social Marketing,,Undergraduate,6.0,In Person,2017
3824,POGO8025,Social Policy Analysis,,Postgraduate,6.0,In Person,2017
3825,POGO8024,"Social Policy, Society and Change",First Semester,Postgraduate,6.0,In Person,2017
3826,SOCY2101,Social Policy: Principles and Practice,First Semester,Undergraduate,6.0,In Person,2017
3827,PSYC2001,Social Psychology,Second Semester,Undergraduate,6.0,In Person,2017
3828,DEMO8082,Social Research Practice,Second Semester,Postgraduate,6.0,In Person,2017
3829,SOCY8101,Social Research Theory and Design,First Semester/Second Semester,Postgraduate,6.0,In Person,2017
3830,SOCY6066,Social Science of the Internet,First Semester,Postgraduate,6.0,In Person,2017
3831,SOCY2166,Social Science of the Internet,First Semester,Undergraduate,6.0,In Person,2017
3832,ASIA8035,Societies in Asia,,Postgraduate,6.0,In Person,2017
3833,ENVS2013,Society and Environmental Change,Second Semester,Undergraduate,6.0,In Person,2017
3834,ENVS6013,Society and Environmental Change,Second Semester,Postgraduate,6.0,In Person,2017
3835,SOCY4010,Sociology Honours Methods Seminar,First Semester,Undergraduate,12.0,In Person,2017
3836,SOCY4009,Sociology Honours Theory Seminar,First Semester,Undergraduate,12.0,In Person,2017
3837,SOCY8103,Sociology in the Digital Age,,Postgraduate,6.0,In Person,2017
3838,SOCY2162,Sociology of Health and Illness,First Semester,Undergraduate,6.0,In Person,2017
3839,SOCY2059,Sociology of Resistance,,Undergraduate,6.0,In Person,2017
3840,SOCY2030,Sociology of Third World Development,Second Semester,Undergraduate,6.0,In Person,2017
3841,COMP2130,Software Analysis and Design,Second Semester,Undergraduate,6.0,In Person,2017
3842,COMP6311,Software Analysis and Design,Second Semester,Postgraduate,6.0,In Person,2017
3843,COMP6442,Software Construction,First Semester,Postgraduate,6.0,In Person,2017
3844,COMP2100,Software Design Methodologies,First Semester,Undergraduate,6.0,In Person,2017
3845,COMP2120,Software Engineering,,Undergraduate,6.0,In Person,2017
3846,COMP3100,Software Engineering Group Project,,Undergraduate,6.0,In Person,2017
3847,COMP4500,Software Engineering Practice,First Semester/Second Semester,Undergraduate,6.0,In Person,2017
3848,COMP8173,Software Engineering Processes,Winter Session,Postgraduate,6.0,In Person,2017
3849,COMP3500,Software Engineering Project,First Semester/Second Semester,Undergraduate,6.0,In Person,2017
3850,COMP4540,Software Engineering Research Project,First Semester/Second Semester,Undergraduate,12.0,In Person,2017
3851,COMP7500,Software Security,,Postgraduate,6.0,Blended,2017
3852,ENGN6525,Solar Thermal Technologies,Second Semester,Postgraduate,6.0,In Person,2017
3853,ENGN4525,Solar Thermal Technologies,Second Semester,Undergraduate,6.0,In Person,2017
3854,EMDV8126,Solutions Focused Workshop,,Postgraduate,6.0,In Person,2017
3855,MUSI6008,Sound Archiving,,Postgraduate,6.0,In Person,2017
3856,MUSI3318,Sound Archiving,,Undergraduate,6.0,In Person,2017
3857,LING6010,Sounds of the World's Languages: Phonetics and Phonology,Second Semester,Postgraduate,6.0,Blended,2017
3858,LING2010,Sounds of the World's Languages: Phonetics and Phonology,Second Semester,Undergraduate,6.0,In Person,2017
3859,ASIA2274,South Asian Cinema,,Undergraduate,6.0,In Person,2017
3860,ECON4449,South East Asian Economic Policy & Development,Second Semester,Undergraduate,6.0,In Person,2017
3861,ASIA6085,Southeast Asia in World History,,Postgraduate,6.0,In Person,2017
3862,ASIA2085,Southeast Asia in World History,,Undergraduate,6.0,In Person,2017
3863,ECON8049,Southeast Asian Economic Policy and Development,,Postgraduate,6.0,In Person,2017
3864,ECON3019,Southeast Asian Economic Policy and Development(H),,Undergraduate,6.0,In Person,2017
3865,ECON3009,Southeast Asian Economic Policy and Development(P),,Undergraduate,6.0,In Person,2017
3866,ASIA6114,Southeast Asian Frontiers: Thailand and Burma/Myanmar,Winter Session,Postgraduate,12.0,In Person,2017
3867,ASIA3014,Southeast Asian Frontiers: Thailand and Burma/Myanmar,Winter Session,Undergraduate,12.0,In Person,2017
3868,ASIA2082,Southeast Asian Landscapes of Power,,Undergraduate,6.0,In Person,2017
3869,ASIA6082,Southeast Asian Landscapes of Power,,Postgraduate,6.0,In Person,2017
3870,ASIA2089,Southeast Asian Religions in Practice,,Undergraduate,6.0,In Person,2017
3871,ASIA6060,Southeast Asian Security,,Postgraduate,6.0,In Person,2017
3872,ASIA2060,Southeast Asian Security,,Undergraduate,6.0,In Person,2017
3873,DEMO8063,Spatial Population Data Analysis,First Semester,Postgraduate,6.0,In Person,2017
3874,SCOM2015,Speaking of Science,First Semester,Undergraduate,6.0,In Person,2017
3875,SCOM4015,Speaking of Science,First Semester,Undergraduate,6.0,In Person,2017
3876,SCOM6015,Speaking of Science,First Semester,Postgraduate,6.0,In Person,2017
3877,SCOM8715,Speaking of Science (Hong Kong),Winter Session,Postgraduate,6.0,Blended,2017
3878,MEDI8107,Special Considerations in Sport and Exercise,,Postgraduate,3.0,In Person,2017
3879,LAWS4234,Special Law Elective 1: Animals and the Law,,Undergraduate,6.0,In Person,2017
3880,LAWS2235,Special Law Elective 2: Occupational Health and Safety Law,,Undergraduate,6.0,In Person,2017
3881,LAWS2239,Special Law Elective 3: Insurance Law,,Undergraduate,6.0,In Person,2017
3882,LAWS2240,Special Law Elective 4: International Social Justice Clinic,,Undergraduate,6.0,In Person,2017
3883,LAWS2241,Special Law Elective 5:,,Undergraduate,6.0,In Person,2017
3884,LAWS2246,Special Law Elective 6:,,Undergraduate,6.0,In Person,2017
3885,MGMT8172,Special Management Topic,,Postgraduate,6.0,In Person,2017
3886,MMIB8003,Special Research Topic 1,Summer Session/First Semester/Autumn Session/Winter Session/Second Semester/Spring Session,Postgraduate,6.0,In Person,2017
3887,MMIB8004,Special Research Topic 2,Summer Session/First Semester/Autumn Session/Winter Session/Second Semester/Spring Session,Postgraduate,12.0,In Person,2017
3888,ENVS3016,Special Topic,Summer Session/First Semester/Autumn Session/Winter Session/Second Semester/Spring Session,Undergraduate,6.0,In Person,2017
3889,POLS8033,Special Topic Globalisation,Second Semester,Postgraduate,6.0,In Person,2017
3890,STST2004,Special Topic in International Security,,Undergraduate,6.0,In Person,2017
3891,MATH6209,Special Topic in Mathematical Sciences,Summer Session/First Semester/Autumn Session/Second Semester,Postgraduate,6.0,In Person,2017
3892,MEAS8105,Special Topic in Middle Eastern and Central Asian Studies,,Postgraduate,6.0,In Person,2017
3893,STST8108,Special Topic in Military and Defence Studies,,Postgraduate,6.0,In Person,2017
3894,MEAS8123,Special Topic in Modern Islam,,Postgraduate,6.0,In Person,2017
3895,SOCR8004,Special Topic in Social Research,First Semester/Second Semester,Postgraduate,6.0,In Person,2017
3896,EMSC3050,Special Topics,Summer Session/First Semester/Autumn Session/Winter Session/Second Semester/Spring Session,Undergraduate,6.0,In Person,2017
3897,ECON8112,Special Topics  in Macroeconomics,,Postgraduate,6.0,In Person,2017
3898,FINM8002,Special Topics - Finance (Corporate and Behavioural Finance),First Semester/Second Semester,Postgraduate,6.0,In Person,2017
3899,LAWS8061,Special Topics Environmental Law 1,,Postgraduate,6.0,In Person,2017
3900,ENGN6521,Special Topics In  Engineering II,First Semester/Winter Session/Second Semester,Postgraduate,6.0,In Person,2017
3901,BUSN3060,Special Topics In Commerce,First Semester/Second Semester,Undergraduate,6.0,In Person,2017
3902,MUSI4405,Special Topics for Music Honours,First Semester/Second Semester,Undergraduate,6.0,In Person,2017
3903,ACST3001,Special Topics in Actuarial Studies,First Semester/Second Semester,Undergraduate,6.0,In Person,2017
3904,ACST8051,Special Topics in Actuarial Studies 1,First Semester/Second Semester,Postgraduate,6.0,In Person,2017
3905,ACST8052,Special Topics in Actuarial Studies 2,First Semester/Second Semester,Postgraduate,6.0,In Person,2017
3906,STAT8024,Special Topics in Applied Statistics 1,First Semester/Second Semester,Postgraduate,6.0,In Person,2017
3907,STAT8025,Special Topics in Applied Statistics 2,First Semester/Second Semester,Postgraduate,6.0,In Person,2017
3908,ARAB3006,Special Topics in Arabic,Second Semester,Undergraduate,6.0,In Person,2017
3909,ARAB6508,Special Topics in Arabic,Second Semester,Postgraduate,6.0,In Person,2017
3910,ASIA8028,Special Topics in Asia and the Pacific,First Semester/Second Semester,Postgraduate,6.0,In Person,2017
3911,ASIA3026,Special Topics in Asian Studies,Winter Session/Second Semester,Undergraduate,6.0,In Person,2017
3912,BUSN4101,Special Topics in Commerce,First Semester/Second Semester,Undergraduate,6.0,In Person,2017
3913,BUSN4010,Special Topics in Commerce,First Semester/Second Semester,Undergraduate,6.0,In Person,2017
3914,BUSN8010,Special Topics in Commerce,First Semester/Second Semester,Postgraduate,6.0,In Person,2017
3915,BUSN8102,Special Topics in Commerce,First Semester/Second Semester,Postgraduate,6.0,In Person,2017
3916,BUSN8103,Special Topics in Commerce,First Semester/Second Semester,Postgraduate,6.0,In Person,2017
3917,BUSN8101,Special Topics in Commerce,First Semester/Second Semester,Postgraduate,6.0,In Person,2017
3918,COMP2710,Special Topics in Computer Science,First Semester/Second Semester/Spring Session,Undergraduate,6.0,In Person,2017
3919,COMP6470,Special Topics in Computing,First Semester/Autumn Session/Winter Session/Second Semester/Spring Session,Postgraduate,6.0,In Person,2017
3920,CRIM2011,Special Topics in Criminology,Second Semester,Undergraduate,6.0,In Person,2017
3921,DIPL8012,Special Topics in Diplomacy,First Semester/Second Semester,Postgraduate,6.0,Blended,2017
3922,EMSC8014,Special Topics in Earth Science,First Semester/Autumn Session/Winter Session/Second Semester/Spring Session,Postgraduate,6.0,In Person,2017
3923,EMSC4050,Special Topics in Earth Science,Summer Session/First Semester/Autumn Session/Winter Session/Second Semester/Spring Session,Undergraduate,6.0,In Person,2017
3924,EMET3020,Special Topics in Econometrics,,Undergraduate,6.0,In Person,2017
3925,EMET8020,Special Topics in Econometrics,,Postgraduate,6.0,In Person,2017
3926,ECON8099,Special Topics in Economic Dynamics,,Postgraduate,6.0,In Person,2017
3927,ECON3099,Special Topics in Economic Dynamics,,Undergraduate,6.0,In Person,2017
3928,ECON3020,Special Topics in Economics: Computing and Data Skills,,Undergraduate,6.0,In Person,2017
3929,ENGN4521,Special Topics in Engineering 2,First Semester/Winter Session/Second Semester,Undergraduate,6.0,In Person,2017
3930,ENGN4522,Special Topics in Engineering 3,First Semester/Winter Session/Second Semester,Undergraduate,6.0,In Person,2017
3931,ENGN4523,Special Topics in Engineering 4,First Semester/Second Semester,Undergraduate,6.0,In Person,2017
3932,ENGN4520,Special Topics in Engineering I,Summer Session/First Semester/Autumn Session/Winter Session/Second Semester,Undergraduate,6.0,In Person,2017
3933,ENGN6520,Special Topics in Engineering I,Summer Session/First Semester/Winter Session/Second Semester,Postgraduate,6.0,In Person,2017
3934,LAWS8291,Special Topics in Environmental Law,,Postgraduate,6.0,In Person,2017
3935,EMDV8041,Special Topics in Environmental Management and Development,Summer Session/First Semester/Autumn Session/Winter Session/Second Semester/Spring Session,Postgraduate,6.0,In Person,2017
3936,FINM3004,Special Topics in Finance,First Semester/Second Semester,Undergraduate,6.0,In Person,2017
3937,FINM7031,Special Topics in Financial Management,,Postgraduate,3.0,In Person,2017
3938,LAWS8590,Special Topics in Government and Regulation,,Postgraduate,6.0,In Person,2017
3939,INDG3005,Special Topics in Indigenous Studies,,Undergraduate,6.0,In Person,2017
3940,LAWS2263,Special Topics in Intellectual Property,,Undergraduate,6.0,In Person,2017
3941,LAWS8122,Special Topics in International Law,Winter Session,Postgraduate,6.0,In Person,2017
3942,LAWS8290,Special Topics in International Law 2,,Postgraduate,6.0,In Person,2017
3943,LAWS8296,Special Topics in International Law 3,,Postgraduate,6.0,In Person,2017
3944,INTR8018,Special Topics in International Relations,,Postgraduate,6.0,In Person,2017
3945,LAWS8019,Special Topics in International Security Law,,Postgraduate,6.0,In Person,2017
3946,POLS2128,Special Topics in Latin American Politics and Society I,,Undergraduate,6.0,In Person,2017
3947,LAWS8148,Special Topics in Law,,Postgraduate,6.0,In Person,2017
3948,LAWS8042,"Special Topics in Law, Governance & Development 2",,Postgraduate,6.0,In Person,2017
3949,LAWS8028,"Special Topics in Law, Governance and Development",,Postgraduate,6.0,In Person,2017
3950,LAWS8157,Special Topics in Legal Practice,,Postgraduate,6.0,Online,2017
3951,LING6525,Special Topics in Linguistics,First Semester/Second Semester,Postgraduate,6.0,In Person,2017
3952,LING3025,Special Topics in Linguistics,First Semester/Second Semester,Undergraduate,6.0,In Person,2017
3953,MATH4349,Special Topics in Mathematics,Summer Session/First Semester/Autumn Session/Winter Session/Second Semester/Spring Session,Undergraduate,6.0,In Person,2017
3954,MATH3349,Special Topics in Mathematics,Summer Session/First Semester/Autumn Session/Winter Session/Second Semester/Spring Session,Undergraduate,6.0,In Person,2017
3955,ECON3110,Special Topics in Microeconomics,,Undergraduate,6.0,In Person,2017
3956,ECON8110,Special Topics in Microeconomics,,Postgraduate,6.0,In Person,2017
3957,MEAS4001,Special Topics in Middle Eastern and Central Asian Studies,First Semester/Second Semester,Undergraduate,6.0,In Person,2017
3958,POLS4009,Special Topics in Politics and International Relations 1,First Semester,Undergraduate,6.0,In Person,2017
3959,POLS4010,Special Topics in Politics and International Relations 2,First Semester,Undergraduate,6.0,In Person,2017
3960,PSYC3023,Special Topics in Psychology,Summer Session/First Semester/Autumn Session/Winter Session/Second Semester/Spring Session,Undergraduate,6.0,In Person,2017
3961,SOCY2168,Special Topics in Sociology,,Undergraduate,6.0,In Person,2017
3962,STAT3039,Special Topics in Statistics,First Semester/Second Semester,Undergraduate,6.0,In Person,2017
3963,STAT8016,Special Topics in Statistics 1,,Postgraduate,6.0,In Person,2017
3964,STAT8017,Special Topics in Statistics 2,,Postgraduate,6.0,In Person,2017
3965,STST8017,Special Topics in Strategic Studies,,Postgraduate,6.0,In Person,2017
3966,GERM2048,Spoken Interaction in German: Theory and Practice,Second Semester,Undergraduate,6.0,In Person,2017
3967,GERM3048,Spoken Interaction in German: Theory and Practice,Second Semester,Undergraduate,6.0,In Person,2017
3968,JPNS1012,Spoken Japanese 1,First Semester,Undergraduate,6.0,Blended,2017
3969,JPNS6112,Spoken Japanese 1,First Semester,Postgraduate,6.0,Blended,2017
3970,JPNS6113,Spoken Japanese 2,Second Semester,Postgraduate,6.0,Blended,2017
3971,JPNS2003,Spoken Japanese 2,Second Semester,Undergraduate,6.0,Blended,2017
3972,JPNS2012,Spoken Japanese 3,First Semester,Undergraduate,6.0,In Person,2017
3973,JPNS6012,Spoken Japanese 3,First Semester,Postgraduate,6.0,In Person,2017
3974,JPNS6013,Spoken Japanese 4,Second Semester,Postgraduate,6.0,In Person,2017
3975,JPNS2013,Spoken Japanese 4,Second Semester,Undergraduate,6.0,In Person,2017
3976,LAWS8070,Sports Law,,Postgraduate,6.0,In Person,2017
3977,BIAN8009,Stable Isotopes in Archaeology and Biological Anthropology,,Postgraduate,6.0,In Person,2017
3978,ASTR8008,Star Formation,,Postgraduate,6.0,In Person,2017
3979,EMDV8101,"State, Society and Natural Resources",Second Semester,Postgraduate,6.0,In Person,2017
3980,ANCH2102,"State, sanctuary and community: archaeology of settlement and memory in ancient Greece",,Undergraduate,12.0,In Person,2017
3981,ANCH6102,"State, sanctuary and community: archaeology of settlement and memory in ancient Greece",,Postgraduate,12.0,In Person,2017
3982,ASIA3015,State-Society Relations in Asia and the Pacific,,Undergraduate,6.0,In Person,2017
3983,NSPO8021,Statecraft and National Security in Cyberspace,Second Semester,Postgraduate,6.0,In Person,2017
3984,ANTH2134,States and Citizens: Anthropological Perspectives,First Semester,Undergraduate,6.0,In Person,2017
3985,INTR8050,"States, Globalisation and the Movement of Peoples",,Postgraduate,6.0,In Person,2017
3986,STAT3013,Statistical Inference,First Semester,Undergraduate,6.0,In Person,2017
3987,STAT4027,Statistical Inference,First Semester,Undergraduate,6.0,In Person,2017
3988,STAT8027,Statistical Inference,First Semester,Postgraduate,6.0,In Person,2017
3989,STAT3040,Statistical Learning,First Semester,Undergraduate,6.0,In Person,2017
3990,STAT7040,Statistical Learning,First Semester,Postgraduate,6.0,In Person,2017
3991,STAT4040,Statistical Learning,First Semester,Undergraduate,6.0,In Person,2017
3992,STAT2003,Statistical Marketing Research Methods,,Undergraduate,6.0,In Person,2017
3993,STAT1003,Statistical Techniques,First Semester,Undergraduate,6.0,In Person,2017
3994,PREP1116,Statistics,First Semester/Second Semester,Undergraduate,6.0,In Person,2017
3995,STAT4500,Statistics Honours Thesis,First Semester/Second Semester,Undergraduate,6.0,In Person,2017
3996,STAT4004P,Statistics IV Honours (S),First Semester/Second Semester,Undergraduate,12.0,In Person,2017
3997,STAT4004F,Statistics IV Honours (S),First Semester/Second Semester,Undergraduate,12.0,In Person,2017
3998,SOCR8001,Statistics for Social Scientists,First Semester,Postgraduate,6.0,In Person,2017
3999,LAWS8072,Statutory Interpretation,Spring Session,Postgraduate,6.0,In Person,2017
4000,ASTR8005,Stellar Atmospheres and Spectroscopy,,Postgraduate,6.0,In Person,2017
4001,ASTR4015,Stellar Atmospheres and Spectroscopy,,Undergraduate,6.0,In Person,2017
4002,STAT3004,Stochastic Modelling,First Semester,Undergraduate,6.0,In Person,2017
4003,STAT7018,Stochastic Modelling,First Semester,Postgraduate,6.0,In Person,2017
4004,STAT4018,Stochastic Modelling,,Undergraduate,6.0,In Person,2017
4005,ENGL2085,Strange Home: Rethinking Australian Literature,Second Semester,Undergraduate,6.0,In Person,2017
4006,LAWS8331,Strata Law and Practice in the 21st Century City,Autumn Session,Postgraduate,6.0,Online,2017
4007,MGMT7171,Strategic Human Resource Management,First Semester,Postgraduate,6.0,In Person,2017
4008,MGMT8022,Strategic Management,First Semester/Autumn Session/Winter Session/Second Semester,Postgraduate,6.0,In Person,2017
4009,MKTG3023,Strategic Marketing,First Semester,Undergraduate,6.0,In Person,2017
4010,MKTG8004,Strategic Marketing Optimisation,,Postgraduate,6.0,In Person,2017
4011,LAWS8323,Strategic Negotiation Skills,,Postgraduate,6.0,Online,2017
4012,POGO8506,Strategic Policymaking,,Postgraduate,6.0,Blended,2017
4013,STST8001,Strategic Studies,First Semester,Postgraduate,12.0,In Person,2017
4014,STST8010,Strategic Studies Concepts and Methods,First Semester,Postgraduate,6.0,In Person,2017
4015,STST9010,Strategic Studies Concepts and Methods,,Research,6.0,In Person,2017
4016,STST7003,Strategic Studies Internship,Summer Session/First Semester/Second Semester,Postgraduate,6.0,In Person,2017
4017,STST7001,Strategic Studies Sub-thesis - Full-time,Summer Session/First Semester/Second Semester,Postgraduate,24.0,In Person,2017
4018,STST7002,Strategic Studies Sub-thesis - Part-time,Summer Session/First Semester/Second Semester,Postgraduate,12.0,In Person,2017
4019,ECON2141,Strategic Thinking: An introduction to Game Theory,First Semester/Second Semester,Undergraduate,6.0,In Person,2017
4020,SCOM4501,Strategies in Science Communication,Winter Session,Undergraduate,6.0,In Person,2017
4021,SCOM6501,Strategies in Science Communication,Winter Session,Postgraduate,6.0,In Person,2017
4022,SCOM3501,Strategies in Science Communication,Winter Session,Undergraduate,6.0,In Person,2017
4023,SCOM8701,Strategies in Science Communication (Hong Kong),Winter Session,Postgraduate,6.0,In Person,2017
4024,STST8102,Strategy,Summer Session,Postgraduate,12.0,In Person,2017
4025,STST8052,Strategy in Action: Orchestrating the Elements of National Power,Second Semester,Postgraduate,6.0,In Person,2017
4026,CHEM2210,Structural Elucidation in Chemistry,Summer Session/First Semester,Undergraduate,6.0,In Person,2017
4027,EMSC3002,Structural Geology and Tectonics,First Semester,Undergraduate,6.0,In Person,2017
4028,EMSC4002,Structural Geology and Tectonics,First Semester,Undergraduate,6.0,In Person,2017
4029,EMSC6030,Structural Geology and Tectonics,First Semester,Postgraduate,6.0,In Person,2017
4030,CHEM3204,Structural Methods in Chemical Biology,Winter Session,Undergraduate,6.0,In Person,2017
4031,LING2020,Structure of English,Second Semester,Undergraduate,6.0,In Person,2017
4032,COMP1110,Structured Programming,Second Semester,Undergraduate,6.0,In Person,2017
4033,COMP6710,Structured Programming,Second Semester,Postgraduate,6.0,In Person,2017
4034,COMP1140,Structured Programming (Advanced),Second Semester,Undergraduate,6.0,In Person,2017
4035,FINM3009,Student Managed Fund,Second Semester,Undergraduate,6.0,In Person,2017
4036,FINM3010,Student Managed Fund Extension,,Undergraduate,6.0,In Person,2017
4037,COMP2560,Studies in Advanced Computing R&D,Second Semester,Undergraduate,6.0,In Person,2017
4038,DART8116,Studio Practice (Visual Effects) 6,First Semester/Second Semester,Postgraduate,6.0,In Person,2017
4039,LING3008,Study of A Language Family,Second Semester,Undergraduate,6.0,In Person,2017
4040,LING6508,Study of a Language Family,Second Semester,Postgraduate,6.0,Blended,2017
4041,ENVS7001,Sub-Thesis,,Postgraduate,6.0,In Person,2017
4042,STST7005P,Sub-Thesis in Military and Defence Studies,First Semester/Second Semester,Postgraduate,12.0,In Person,2017
4043,STST7005F,Sub-Thesis in Military and Defence Studies,First Semester/Second Semester,Postgraduate,12.0,In Person,2017
4044,LAWS4236,Succession,Second Semester,Undergraduate,6.0,In Person,2017
4045,ASIA2105,Summer in Singapore,Winter Session,Undergraduate,6.0,Blended,2017
4046,ASIA1018,Summer in Tokyo: Waseda University,,Undergraduate,6.0,In Person,2017
4047,ARCH8029,Supervised Project in Archaeological Science,Summer Session/First Semester/Autumn Session/Winter Session/Second Semester/Spring Session,Postgraduate,12.0,Online or In Person,2017
4048,ASIA8512,Supervised Project in Asia-Pacific Studies,First Semester/Second Semester,Postgraduate,6.0,Blended,2017
4049,LAWS4300,Supervised Research Paper,First Semester/Second Semester,Undergraduate,12.0,In Person,2017
4050,ANTH3010,Supervised Research in Anthropology,First Semester/Second Semester,Undergraduate,6.0,In Person,2017
4051,BIAN3129,Supervised Research in Biological Anthropology,First Semester/Second Semester,Undergraduate,6.0,In Person,2017
4052,ANTH8037,Supervised Special Project,,Postgraduate,12.0,Online or In Person,2017
4053,ASGS1101,Support For Business Reporting and Analysis,First Semester,Undergraduate,6.0,In Person,2017
4054,ASGS1105,Support For Physics and its Foundations,First Semester,Undergraduate,6.0,In Person,2017
4055,ASGS1104,Support For Self and Society,First Semester,Undergraduate,6.0,In Person,2017
4056,ASGS1103,"Support for Asia and the Pacific: Power, diversity and change",First Semester,Undergraduate,6.0,In Person,2017
4057,ASGS1110,Support for Australia's Environment,Second Semester,Undergraduate,6.0,In Person,2017
4058,ASGS1111,Support for Business Information Systems,First Semester,Undergraduate,6.0,In Person,2017
4059,ASGS1109,"Support for Global Citizen: Culture, Development and Inequality",Second Semester,Undergraduate,6.0,In Person,2017
4060,ASGS1114,Support for Introduction to International Relations: Foundations and Concepts,First Semester,Undergraduate,6.0,In Person,2017
4061,ASGS1113,Support for Introduction to International Security Studies,First Semester,Undergraduate,6.0,In Person,2017
4062,ASGS1102,"Support for Management, People and Organisations",First Semester,Undergraduate,6.0,In Person,2017
4063,ASGS1108,Support for Peace Building and Conflict Resolution,Second Semester,Undergraduate,6.0,In Person,2017
4064,ASGS1112,Support for Quantitative Research Methods,First Semester,Undergraduate,6.0,In Person,2017
4065,ASGS1115,Support for Science Courses,First Semester,Undergraduate,6.0,In Person,2017
4066,SOCY6064,Surveillance and Society,,Postgraduate,6.0,In Person,2017
4067,SOCY2157,Surveillance and Society,,Undergraduate,6.0,In Person,2017
4068,SOCR8002,Survey Data Analysis,Second Semester,Postgraduate,6.0,In Person,2017
4069,STAT8023,Survey Methods 2,,Postgraduate,6.0,In Person,2017
4070,LAWS4247,Survey of United States Law,Summer Session,Undergraduate,6.0,In Person,2017
4071,STAT3032,Survival Models,First Semester,Undergraduate,6.0,In Person,2017
4072,STAT4072,Survival Models,First Semester,Undergraduate,6.0,In Person,2017
4073,STAT7042,Survival Models,First Semester,Postgraduate,6.0,In Person,2017
4074,BUSN7017,"Sustainability and Corporate Social Responsibility, Accountability and Reporting",Second Semester,Postgraduate,6.0,In Person,2017
4075,IDEC8004,Sustainability and Ecological Economics,,Postgraduate,6.0,In Person,2017
4076,ENVS2023,Sustainable Agricultural Systems,Second Semester,Undergraduate,6.0,Online or In Person,2017
4077,ENVS6223,Sustainable Agricultural Systems,Second Semester,Postgraduate,6.0,Online or In Person,2017
4078,ENVS1008,Sustainable Development,Second Semester,Undergraduate,6.0,In Person,2017
4079,EMDV8003,Sustainable Development,,Postgraduate,6.0,In Person,2017
4080,ENVS6108,Sustainable Development,Second Semester,Postgraduate,6.0,In Person,2017
4081,LAWS8037,Sustainable Energy Law,,Postgraduate,6.0,In Person,2017
4082,MKTG2002,Sustainable Marketing,First Semester,Undergraduate,6.0,In Person,2017
4083,ENGN4027,Sustainable Nanomaterials,First Semester,Undergraduate,6.0,In Person,2017
4084,ENGN4420,Sustainable Product Development,,Undergraduate,6.0,In Person,2017
4085,ENGN6420,Sustainable Product Development,,Postgraduate,6.0,In Person,2017
4086,ENVS2012,Sustainable Urban Systems,,Undergraduate,6.0,In Person,2017
4087,ENVS6005,Sustainable Urban Systems,,Postgraduate,6.0,In Person,2017
4088,LING3126,Syntactic Theory,,Undergraduate,6.0,In Person,2017
4089,LING6026,Syntactic Theory,,Postgraduate,6.0,In Person,2017
4090,CHEM3201,Synthetic Aspects of Medicinal Chemistry,First Semester,Undergraduate,6.0,In Person,2017
4091,COMP3650,System Architectural Understanding and the Human Brain,First Semester,Undergraduate,6.0,In Person,2017
4092,COMP6365,System Architectural Understanding and the Human Brain,First Semester,Postgraduate,6.0,In Person,2017
4093,ENGN3331,System Dynamics,First Semester,Undergraduate,6.0,In Person,2017
4094,ENGN2226,Systems Engineering Analysis,Second Semester,Undergraduate,6.0,In Person,2017
4095,ENGN2225,Systems Engineering Design,First Semester,Undergraduate,6.0,In Person,2017
4096,ENGN4221,Systems Engineering Project,First Semester/Winter Session/Second Semester,Undergraduate,6.0,In Person,2017
4097,COMP3530,Systems Engineering for Software Engineers,First Semester,Undergraduate,6.0,In Person,2017
4098,COMP6353,Systems Engineering for Software Engineers,First Semester,Postgraduate,6.0,In Person,2017
4099,ENGN8120,Systems Modelling,Second Semester,Postgraduate,6.0,In Person,2017
4100,NEUR6102,Systems Neuroscience,Second Semester,Postgraduate,6.0,In Person,2017
4101,NEUR3112,Systems Neuroscience,Second Semester,Undergraduate,6.0,In Person,2017
4102,COMP8180,Systems and Software Safety,,Postgraduate,6.0,In Person,2017
4103,COMP6310,"Systems, Networks and Concurrency",Second Semester,Postgraduate,6.0,In Person,2017
4104,COMP2310,"Systems, Networks and Concurrency",Second Semester,Undergraduate,6.0,In Person,2017
4105,ASIA6072,Taiwan: History and Culture,Second Semester,Postgraduate,6.0,In Person,2017
4106,ASIA2072,Taiwan: History and Culture,Second Semester,Undergraduate,6.0,In Person,2017
4107,CHIN3016,Taiwanese,Autumn Session,Undergraduate,6.0,In Person,2017
4108,CHIN6016,Taiwanese,,Postgraduate,6.0,In Person,2017
4109,PASI6010,Talking the Pacific: Melanesian pidgins and creoles in social context,,Postgraduate,6.0,In Person,2017
4110,PASI2010,Talking the Pacific: Melanesian pidgins and creoles in social context,,Undergraduate,6.0,In Person,2017
4111,PASI1010,Talking the Pacific: Melanesian pidgins and creoles in social context,,Undergraduate,6.0,Online or In Person,2017
4112,BUSN4016,Taxation Concepts and Issues,First Semester/Second Semester,Undergraduate,6.0,In Person,2017
4113,BUSN8016,Taxation Concepts and Issues,,Postgraduate,6.0,In Person,2017
4114,BUSN7021,Taxation Law,First Semester/Second Semester,Postgraduate,6.0,In Person,2017
4115,FINM7034,Taxation and Financial Systems,,Postgraduate,3.0,In Person,2017
4116,ASIA8036,Teaching Asia,,Postgraduate,6.0,In Person,2017
4117,JPNS6514,Teaching Japanese Method,,Postgraduate,6.0,In Person,2017
4118,JPNS3012,Teaching Japanese: Content,,Undergraduate,6.0,In Person,2017
4119,JPNS6512,Teaching Japanese: Content,,Postgraduate,6.0,In Person,2017
4120,JPNS3014,Teaching Japanese: Method,Second Semester,Undergraduate,6.0,In Person,2017
4121,LING6013,Teaching Languages,First Semester,Postgraduate,6.0,In Person,2017
4122,LING2013,Teaching Languages,First Semester,Undergraduate,6.0,In Person,2017
4123,MGMT3002,Techniques for Business Project Management,Second Semester,Undergraduate,6.0,In Person,2017
4124,LAWS8317,Technology Transfer and Commercialisation,,Postgraduate,6.0,Online,2017
4125,MGMT7106,Technology and Innovation Management and Strategy,,Postgraduate,6.0,In Person,2017
4126,MGMT7020,Technology and Project Management,First Semester/Second Semester,Postgraduate,6.0,Online or In Person,2017
4127,ENGL6116,Televisual: Investigating Narrative Television,Second Semester,Postgraduate,6.0,In Person,2017
4128,ENGL2116,Televisual: Investigating Narrative Television,Second Semester,Undergraduate,6.0,In Person,2017
4129,HIST1209,Terror to Terrorism: A History,Second Semester,Undergraduate,6.0,In Person,2017
4130,ANUC1108,Terror to Terrorism: A History,Second Semester,Undergraduate,6.0,In Person,2017
4131,POLS8027,Terrorism and Counter-Terrorism,,Postgraduate,6.0,In Person,2017
4132,NSPO8025,Terrorism and National Security,Second Semester,Postgraduate,6.0,In Person,2017
4133,TETM6002,Tetum 1,First Semester,Postgraduate,6.0,Online,2017
4134,TETM1002,Tetum 1,First Semester,Undergraduate,6.0,Online,2017
4135,TETM6003,Tetum 2,Second Semester,Postgraduate,6.0,Online,2017
4136,TETM1003,Tetum 2,Second Semester,Undergraduate,6.0,Online,2017
4137,TETM2004,Tetum 3,First Semester,Undergraduate,6.0,Online,2017
4138,TETM6104,Tetum 3,First Semester,Postgraduate,6.0,Online,2017
4139,TETM2005,Tetum 4,Second Semester,Undergraduate,6.0,Online,2017
4140,TETM6105,Tetum 4,Second Semester,Postgraduate,6.0,Online,2017
4141,DESA2906,Textiles Design: Drawing for Design,First Semester,Undergraduate,6.0,In Person,2017
4142,DESA2908,Textiles Design: Fabricated Textiles,Second Semester,Undergraduate,6.0,In Person,2017
4143,DESA2909,Textiles Design: Marketing Design,Second Semester,Undergraduate,6.0,In Person,2017
4144,DESA2907,Textiles Design: Stitch for Design,First Semester,Undergraduate,6.0,In Person,2017
4145,ARTV2906,Textiles: Approaches to Drawing for Craft and Design,First Semester,Undergraduate,6.0,In Person,2017
4146,ARTV2908,Textiles: Constructed Textiles,Second Semester,Undergraduate,6.0,In Person,2017
4147,ARTV1901,Textiles: Dye and Surface Manipulation,First Semester,Undergraduate,6.0,In Person,2017
4148,ARTV2907,Textiles: Embroidery and Hand Stitch,First Semester,Undergraduate,6.0,In Person,2017
4149,ARTV2911,Textiles: Experimental Practices,Second Semester,Undergraduate,6.0,In Person,2017
4150,ARTV2909,Textiles: Maker to Market,Second Semester,Undergraduate,6.0,In Person,2017
4151,ARTV1902,Textiles: Print and Surface Design,Second Semester,Undergraduate,6.0,In Person,2017
4152,THAI1002,Thai 1A,First Semester,Undergraduate,6.0,Online or In Person,2017
4153,THAI6102,Thai 1A,First Semester,Postgraduate,6.0,Online or In Person,2017
4154,THAI1003,Thai 1B,Second Semester,Undergraduate,6.0,Online or In Person,2017
4155,THAI6103,Thai 1B,Second Semester,Postgraduate,6.0,Online or In Person,2017
4156,THAI6002,Thai 2A,First Semester,Postgraduate,6.0,Online or In Person,2017
4157,THAI2002,Thai 2A,First Semester,Undergraduate,6.0,Online or In Person,2017
4158,THAI2003,Thai 2B,Second Semester,Undergraduate,6.0,Online or In Person,2017
4159,THAI6003,Thai 2B,Second Semester,Postgraduate,6.0,Online or In Person,2017
4160,THAI6502,Thai 3A,First Semester,Postgraduate,6.0,Online or In Person,2017
4161,THAI3002,Thai 3A,First Semester,Undergraduate,6.0,Online or In Person,2017
4162,THAI3008,Thai 3B,Second Semester,Undergraduate,6.0,Online or In Person,2017
4163,THAI6008,Thai 3B,Second Semester,Postgraduate,6.0,Online or In Person,2017
4164,ASIA6076,Thailand: Contemporary Culture & Political Transformation in a Buddhist Kingdom,,Postgraduate,6.0,In Person,2017
4165,ASIA2076,Thailand: Contemporary Culture and Political Transformation in a Buddhist Kingdom,,Undergraduate,6.0,In Person,2017
4166,POLS8025,"The Alliance in Question: Australia, the United States and the Challenge of Research",,Postgraduate,6.0,In Person,2017
4167,ARCH6050,The Archaeology of South East Asia,,Postgraduate,6.0,In Person,2017
4168,ARCH2005,The Archaeology of the Pacific Islanders,Second Semester,Undergraduate,6.0,In Person,2017
4169,ARTH6057,The Art and Politics of Collecting,Second Semester,Postgraduate,12.0,Online or In Person,2017
4170,VCUG1001,The Art of Computing,,Undergraduate,6.0,In Person,2017
4171,VCUG2003,The Art of Making : A practical course aimed at turning ideas into reality,,Undergraduate,6.0,In Person,2017
4172,ECHI1006,The Australian Economy: Past and Present,First Semester,Undergraduate,6.0,In Person,2017
4173,ASGS1008,The Big Ideas in Science,First Semester,Undergraduate,6.0,In Person,2017
4174,HIST2221,The Birth of Modernity: Britain 1688-1848,,Undergraduate,6.0,In Person,2017
4175,HIST6221,The Birth of Modernity: Britain 1688-1848,,Postgraduate,6.0,In Person,2017
4176,EMSC1006,The Blue Planet: An Introduction to Earth System Science,First Semester,Undergraduate,6.0,In Person,2017
4177,EMSC4006,The Blue Planet: an introduction to Earth system science,First Semester,Undergraduate,6.0,In Person,2017
4178,EMSC6107,The Blue Planet: an introduction to Earth system science,First Semester,Postgraduate,6.0,In Person,2017
4179,IDEC8021,The Chinese Economy,First Semester,Postgraduate,6.0,In Person,2017
4180,ASIA3002,The Chinese Southern Diaspora,,Undergraduate,6.0,In Person,2017
4181,HIST2141,The Cold War: 1945-1989,,Undergraduate,6.0,In Person,2017
4182,PASI3001,"The Contemporary Pacific: Society, Politics and Development",Second Semester,Undergraduate,6.0,In Person,2017
4183,COMP1040,The Craft of Computing,Second Semester,Undergraduate,6.0,In Person,2017
4184,HIST8101,"The Craft of History: Approaches, Themes and Methods",First Semester/Autumn Session/Spring Session,Postgraduate,6.0,In Person,2017
4185,CRIM1001,The Criminological Imagination: Theory and Understanding,First Semester,Undergraduate,6.0,In Person,2017
4186,ASIA8013,The Cultural Politics of India,,Postgraduate,6.0,Online or In Person,2017
4187,ASIA8047,The Death of God in the Asia-Pacific,Second Semester,Postgraduate,6.0,In Person,2017
4188,ASIA3053,The Death of God in the Asia-Pacific,Second Semester,Undergraduate,6.0,In Person,2017
4189,POGO8016,The Economic Way of Thinking 1,First Semester,Postgraduate,6.0,In Person,2017
4190,POGO8019,The Economic Way of Thinking 2,Second Semester,Postgraduate,6.0,In Person,2017
4191,IDEC8081,The Economics of Incentives and Institutions,Second Semester,Postgraduate,6.0,In Person,2017
4192,ECON8010,The Economics of Taxation and Redistribution,,Postgraduate,6.0,In Person,2017
4193,ECON4491,"The Economy, Politics and the State",First Semester,Undergraduate,6.0,In Person,2017
4194,ECON2091,"The Economy, Politics and the State",First Semester,Undergraduate,6.0,In Person,2017
4195,ECON8091,"The Economy, Politics and the State",First Semester,Postgraduate,6.0,In Person,2017
4196,BUSI7020,The European Business System,First Semester,Postgraduate,6.0,In Person,2017
4197,LAWS8239,The European Union,,Postgraduate,6.0,In Person,2017
4198,EURO8003,The European Union: Regional Integration in Comparative Perspective.,Winter Session,Postgraduate,6.0,In Person,2017
4199,NSPO8018,The Evolution of National Security Policy since 1945,First Semester,Postgraduate,6.0,In Person,2017
4200,INTR8046,The Evolution of the International System,Second Semester,Postgraduate,6.0,In Person,2017
4201,LAWS8659,The Family in Australian Migration Law,Second Semester,Postgraduate,6.0,Online,2017
4202,HIST2223,The French Revolution and Napoleon,First Semester,Undergraduate,6.0,In Person,2017
4203,HIST6223,The French Revolution and Napoleon,First Semester,Postgraduate,6.0,In Person,2017
4204,ASIA6027,The Future of East Timor,,Postgraduate,6.0,In Person,2017
4205,CHMD8020,The Future of Food and Human Health,Second Semester,Postgraduate,6.0,Online or In Person,2017
4206,LAWS8318,The Future of Legal Practice,First Semester,Postgraduate,6.0,Online,2017
4207,BUSI7019,The Global Business Environment,Summer Session,Postgraduate,6.0,In Person,2017
4208,POGO8213,The Global Trading System,Second Semester,Postgraduate,6.0,In Person,2017
4209,HIST2214,"The Great War, 1914-1918",First Semester,Undergraduate,6.0,In Person,2017
4210,HIST6214,"The Great War, 1914-1919",First Semester,Postgraduate,6.0,In Person,2017
4211,MEAS8113,The Gulf Strategic Environment,First Semester,Postgraduate,6.0,In Person,2017
4212,LAWS8246,The High Court of Australia,,Postgraduate,6.0,In Person,2017
4213,ARCH6006,The History of Archaeology: Discovering the Past,,Postgraduate,6.0,In Person,2017
4214,INTR8076,The History of International Thought,,Postgraduate,6.0,In Person,2017
4215,LING2104,The History of the English Language,,Undergraduate,6.0,In Person,2017
4216,LING6529,The History of the English Language,,Postgraduate,6.0,In Person,2017
4217,BIAN1001,The Human Voyage: Introduction to Biological Anthropology,Second Semester,Undergraduate,6.0,In Person,2017
4218,CRIM6000,The Illicit Economy,,Postgraduate,6.0,In Person,2017
4219,CRIM2000,The Illicit Economy,First Semester,Undergraduate,6.0,Online or In Person,2017
4220,INDG3003,The Indigenous Economy,,Undergraduate,6.0,In Person,2017
4221,POLS2117,The International Relations of Latin America,,Undergraduate,6.0,In Person,2017
4222,ASIA2045,The Investigative Historian in Asia,Second Semester,Undergraduate,6.0,In Person,2017
4223,ASIA6088,The Korean War,Second Semester,Postgraduate,6.0,In Person,2017
4224,ASIA2088,The Korean War,Second Semester,Undergraduate,6.0,In Person,2017
4225,LAWS8125,The Law of Corporate Governance,,Postgraduate,6.0,Online,2017
4226,LAWS8184,The Law of International Institutions,,Postgraduate,6.0,In Person,2017
4227,ASIA6271,The Making of India: 1857-Present,Second Semester,Postgraduate,6.0,In Person,2017
4228,ASIA2271,The Making of South Asia,Second Semester,Undergraduate,6.0,In Person,2017
4229,IDEC8028,The Microeconomics of Development,,Postgraduate,6.0,In Person,2017
4230,ASIA2016,The Mongol Empire in World History,First Semester,Undergraduate,6.0,In Person,2017
4231,ASIA6116,The Mongol empire in World History,First Semester,Postgraduate,6.0,In Person,2017
4232,CLAS1003,"The Myths of Greece and Rome: Mortals, Immortals, and Monsters",,Undergraduate,6.0,In Person,2017
4233,CLAS6002,"The Myths of Greece and Rome: Mortals, Immortals, and Monsters",,Postgraduate,6.0,In Person,2017
4234,STST8002,The New Power Politics of Asia,First Semester,Postgraduate,6.0,In Person,2017
4235,PHIL3075,"The Philosophy of Gender: Knowledge, Power, Bodies",,Undergraduate,6.0,In Person,2017
4236,PHIL2127,The Philosophy of Time,Second Semester,Undergraduate,6.0,In Person,2017
4237,ASIA2275,The Pleasures and Powers of Stories in South Asia,,Undergraduate,6.0,Blended,2017
4238,ASIA2090,The Political Economy of Myanmar,Winter Session,Undergraduate,6.0,Blended,2017
4239,MEAS2105,The Political Economy of the Middle East,First Semester,Undergraduate,6.0,In Person,2017
4240,POLS2102,The Political Philosophy of Deception,First Semester,Undergraduate,6.0,In Person,2017
4241,POGO8402,The Political and Institutional Architecture of Public Policy,,Postgraduate,6.0,In Person,2017
4242,ASIA2026,The Politics of China,First Semester,Undergraduate,6.0,In Person,2017
4243,ASIA6026,The Politics of China,First Semester,Postgraduate,6.0,In Person,2017
4244,ENGL6117,The Politics of Comedy from the Globe to The Office,Second Semester,Postgraduate,6.0,In Person,2017
4245,ENGL2117,The Politics of Comedy from the Globe to The Office,Second Semester,Undergraduate,6.0,In Person,2017
4246,POLS3032,The Politics of Empire,Second Semester,Undergraduate,6.0,In Person,2017
4247,POLS6100,The Politics of Empire,Second Semester,Postgraduate,6.0,In Person,2017
4248,POLS3035,The Politics of International Law,Second Semester,Undergraduate,6.0,In Person,2017
4249,INTR8043,The Post-Colonial Pacific and Global Change,First Semester,Postgraduate,6.0,In Person,2017
4250,PHIL2094,The Problem of Free Will,,Undergraduate,6.0,In Person,2017
4251,HIST8102,The Professional Historian: Advanced Training,Autumn Session/Winter Session/Spring Session,Postgraduate,6.0,In Person,2017
4252,HIST2234,The Reach of History: Presenting the past in the public domain,,Undergraduate,6.0,In Person,2017
4253,HIST6234,The Reach of History: Presenting the past in the public domain,,Postgraduate,6.0,In Person,2017
4254,INTR8020,The Responsibility to Protect,First Semester,Postgraduate,6.0,In Person,2017
4255,MUSI4401,The Scholar Musician 1,First Semester,Undergraduate,6.0,In Person,2017
4256,MUSI7003,The Scholar Musician 1,First Semester,Postgraduate,6.0,In Person,2017
4257,MUSI8001,The Scholar Musician 2,Second Semester,Postgraduate,6.0,In Person,2017
4258,MUSI4402,The Scholar Musician 2,Second Semester,Undergraduate,6.0,In Person,2017
4259,MUSI8002,The Scholar Musician 3,First Semester/Second Semester,Postgraduate,6.0,In Person,2017
4260,MEDI8100,The Scientific Basis of Sport and Exercise Medicine,,Postgraduate,6.0,In Person,2017
4261,INDN2101,The Shape of Indonesian: Its Structure and Development,,Undergraduate,6.0,In Person,2017
4262,INDN6104,The Shape of Indonesian: Its Structure and Development,,Postgraduate,6.0,In Person,2017
4263,PSYC3002,The Social Psychology of Group Processes and Social Change,First Semester,Undergraduate,6.0,In Person,2017
4264,SPAN2601,The Sounds of Spanish,,Undergraduate,6.0,In Person,2017
4265,SPAN6518,The Sounds of Spanish,,Postgraduate,6.0,In Person,2017
4266,ASIA2276,The South Asian Novel in English,,Undergraduate,6.0,In Person,2017
4267,HIST2242,The Soviet Union: From the Russian Revolution to the Collapse of Communism,Second Semester,Undergraduate,6.0,In Person,2017
4268,HIST6242,The Soviet Union: From the Russian Revolution to the Collapse of Communism,Second Semester,Postgraduate,6.0,Online or In Person,2017
4269,LING6020,The Structure of English,Second Semester,Postgraduate,6.0,Blended,2017
4270,SPAN6514,The Structure of Spanish,Second Semester,Postgraduate,6.0,In Person,2017
4271,SPAN2602,The Structure of Spanish,Second Semester,Undergraduate,6.0,In Person,2017
4272,HIST1215,The Twentieth Century World,First Semester,Undergraduate,6.0,In Person,2017
4273,STST8015,The US and East Asian Security,,Postgraduate,6.0,In Person,2017
4274,DIPL8008,The United Nations and Peace,,Postgraduate,6.0,In Person,2017
4275,ANTH8107,The World Bank and the Organisation of Development,First Semester,Postgraduate,6.0,In Person,2017
4276,ECHI3019,The World Economy Since 1800 (H),Second Semester,Undergraduate,6.0,In Person,2017
4277,ECHI2006,The World Economy Since 1800 (P),,Undergraduate,6.0,In Person,2017
4278,FREN3515,The sounds of French: phonetics and pronunciation,Second Semester,Undergraduate,6.0,In Person,2017
4279,FREN6515,The sounds of French: phonetics and pronunciation,Second Semester,Postgraduate,6.0,In Person,2017
4280,ANTH2050,Themes in Anthropology I,,Undergraduate,6.0,In Person,2017
4281,ANTH2051,Themes in Anthropology II,Second Semester,Undergraduate,6.0,In Person,2017
4282,PHYS3001,Theoretical Physics,First Semester,Undergraduate,6.0,In Person,2017
4283,PHYS4004F,Theoretical Physics IV Honours (S),,Undergraduate,12.0,In Person,2017
4284,PHYS4004P,Theoretical Physics IV Honours (S),,Undergraduate,12.0,In Person,2017
4285,CRIM8001,Theories of Crime:  Re-framing the Criminological Imagination,,Postgraduate,6.0,Online or In Person,2017
4286,PHIL2020,Theories of Social Justice,,Undergraduate,6.0,In Person,2017
4287,ARTV6031,Theories of the Image,First Semester,Postgraduate,6.0,In Person,2017
4288,ARTV2031,Theories of the Image,First Semester,Undergraduate,6.0,In Person,2017
4289,ARTV2030,Theories of the Object,,Undergraduate,6.0,In Person,2017
4290,ARTV6030,Theories of the Object,,Postgraduate,6.0,In Person,2017
4291,BIAN4010,Theory Seminar in Biological Anthropology,First Semester,Undergraduate,12.0,In Person,2017
4292,ANTH4012,Theory and Ethnography in the Analysis of Cultures,Summer Session,Undergraduate,12.0,In Person,2017
4293,STAT8009,Theory and Methods of Inference,,Postgraduate,6.0,In Person,2017
4294,COMP6363,Theory of Computation,,Postgraduate,6.0,In Person,2017
4295,COMP3630,Theory of Computation,,Undergraduate,6.0,In Person,2017
4296,MATH6202,Theory of Partial Differential Equations,Second Semester,Postgraduate,6.0,In Person,2017
4297,MATH4202,Theory of Partial Differential Equations Honours,Second Semester,Undergraduate,6.0,In Person,2017
4298,PHYS2020,Thermal and Statistical Physics,First Semester,Undergraduate,6.0,In Person,2017
4299,INTR8038,Thesis,First Semester/Second Semester,Postgraduate,24.0,In Person,2017
4300,THES4103,Thesis,First Semester/Second Semester,Undergraduate,6.0,In Person,2017
4301,THES8102,Thesis,First Semester/Second Semester,Postgraduate,6.0,In Person,2017
4302,THES4100,Thesis,First Semester/Second Semester,Undergraduate,6.0,In Person,2017
4303,THES4102,Thesis,First Semester/Second Semester,Undergraduate,6.0,In Person,2017
4304,THES8136,Thesis,First Semester/Second Semester,Postgraduate,6.0,In Person,2017
4305,THES4105,Thesis,First Semester/Second Semester,Undergraduate,6.0,In Person,2017
4306,THES8100,Thesis,First Semester/Second Semester,Postgraduate,6.0,In Person,2017
4307,THES8103,Thesis,First Semester/Second Semester,Postgraduate,6.0,In Person,2017
4308,THES8105,Thesis,First Semester/Second Semester,Postgraduate,6.0,In Person,2017
4309,INTR8039,Thesis (Part Time),First Semester/Second Semester,Postgraduate,12.0,In Person,2017
4310,HIST8103,Thesis Development,Autumn Session/Winter Session/Spring Session,Postgraduate,6.0,In Person,2017
4311,HUMN8104,Thesis Writing Workshop: The Five Essential Elements of a Thesis,Second Semester,Postgraduate,6.0,In Person,2017
4312,MATH4009,Thesis and Presentations in Mathematical Applications and Computations,First Semester/Second Semester,Undergraduate,6.0,In Person,2017
4313,MATH4005,Thesis and Presentations in Mathematics,First Semester/Second Semester,Undergraduate,6.0,In Person,2017
4314,SCOM4005,Thesis and Seminar in Science Communication,First Semester/Second Semester,Undergraduate,6.0,In Person,2017
4315,THES4502,Thesis in Asian Studies,First Semester/Second Semester,Undergraduate,6.0,In Person,2017
4316,THES4501,Thesis in International Security Studies,First Semester/Second Semester,Undergraduate,6.0,In Person,2017
4317,ARCH3023,Thinking through the past: archaeological theory from 1950,First Semester,Undergraduate,6.0,In Person,2017
4318,SOCY6045,Third World Development,Second Semester,Postgraduate,6.0,Online or In Person,2017
4319,ASIA6025,Tibet and China: Histories and Myths,,Postgraduate,6.0,In Person,2017
4320,ASIA3025,Tibet and China: Histories and Myths,,Undergraduate,6.0,In Person,2017
4321,TIBN6002,Tibetan 1A,,Postgraduate,6.0,Online or In Person,2017
4322,TIBN1002,Tibetan 1A,,Undergraduate,6.0,Online,2017
4323,TIBN1003,Tibetan 1B,,Undergraduate,6.0,Online or In Person,2017
4324,TIBN6003,Tibetan 1B,,Postgraduate,6.0,Online or In Person,2017
4325,STST1002,Tides of Conflict in the Asia-Pacific,Second Semester,Undergraduate,6.0,In Person,2017
4326,EMDV8010,Tools and Processes for environmental and Resource Management (12 units),,Postgraduate,12.0,In Person,2017
4327,MGMT7170,Tools and Techniques for Business Project Management,First Semester/Autumn Session/Winter Session,Postgraduate,6.0,Online or In Person,2017
4328,LANG4002,Topics in Advanced Language Studies 1,First Semester/Second Semester,Undergraduate,6.0,In Person,2017
4329,LANG4003,Topics in Advanced Language Studies 2,First Semester/Second Semester,Undergraduate,6.0,In Person,2017
4330,MATH6200,Topics in Algebra and Topology,First Semester/Second Semester,Postgraduate,6.0,In Person,2017
4331,LING8009,Topics in Applied Linguistics A: Language Learning and Education,,Postgraduate,6.0,In Person,2017
4332,HIST4012,Topics in Australian History,,Undergraduate,12.0,In Person,2017
4333,HIST8025,Topics in Australian History,,Postgraduate,6.0,In Person,2017
4334,MATH6201,Topics in Computational Mathematics,First Semester/Second Semester,Postgraduate,6.0,In Person,2017
4335,MATH4201,Topics in Computational Maths Honours,First Semester/Second Semester,Undergraduate,6.0,In Person,2017
4336,COMP3710,Topics in Computer Science,Summer Session/First Semester/Autumn Session/Winter Session/Second Semester/Spring Session,Undergraduate,6.0,In Person,2017
4337,ENVS8048,Topics in Environment & Society,Summer Session/First Semester/Autumn Session/Winter Session/Second Semester/Spring Session,Postgraduate,6.0,In Person,2017
4338,ECON4476,Topics in Game Theory,Second Semester,Undergraduate,6.0,In Person,2017
4339,ECON8076,Topics in Game Theory,,Postgraduate,6.0,In Person,2017
4340,BIAN8002,Topics in Human Population Biology/Health,Summer Session/First Semester/Autumn Session/Winter Session/Second Semester/Spring Session,Postgraduate,6.0,In Person,2017
4341,FINM8007,Topics in International Finance,First Semester/Second Semester,Postgraduate,6.0,In Person,2017
4342,IDEC8123,Topics in International and Development Economics,Second Semester,Postgraduate,6.0,In Person,2017
4343,LING8010,"Topics in Language, Text and Discourse",,Postgraduate,6.0,Blended,2017
4344,ECON4401,Topics in Macroeconomics,,Undergraduate,6.0,In Person,2017
4345,ECON8001,Topics in Macroeconomics,,Postgraduate,6.0,In Person,2017
4346,MATH6211,Topics in Mathematical Physics,First Semester/Second Semester,Postgraduate,6.0,In Person,2017
4347,ECON4421,Topics in Microeconomic Theory,Second Semester,Undergraduate,6.0,In Person,2017
4348,ECON8021,Topics in Microeconomic Theory,Second Semester,Postgraduate,6.0,In Person,2017
4349,NEUR8001,Topics in Neuroscience,Summer Session/First Semester/Autumn Session/Winter Session/Second Semester/Spring Session,Postgraduate,6.0,In Person,2017
4350,PHIL4012,Topics in Philosophy,First Semester/Second Semester,Undergraduate,6.0,In Person,2017
4351,BIAN8003,Topics in Primatology/Palaeoanthropology,First Semester/Second Semester,Postgraduate,6.0,In Person,2017
4352,MATH6207,Topics in Statistical Science,First Semester/Second Semester,Postgraduate,6.0,In Person,2017
4353,MATH6206,Topics in Stochastic Analysis,First Semester/Second Semester,Postgraduate,6.0,In Person,2017
4354,ANTH8035,Topics in the History of Anthropology,First Semester,Postgraduate,12.0,In Person,2017
4355,LAWS8142,Tort Liability and Public Authorities,Spring Session,Postgraduate,6.0,In Person,2017
4356,LAWS4240,Tort liability of government and public authorities,,Undergraduate,6.0,In Person,2017
4357,LAWS1203,Torts,First Semester,Undergraduate,6.0,In Person,2017
4358,LAWS6103,Torts,First Semester,Postgraduate,6.0,In Person,2017
4359,LAWS8701,Torts & Civil Litigation & Dispute Management A,Summer Session/Autumn Session/Winter Session,Postgraduate,8.0,Online,2017
4360,LAWS8702,Torts & Civil Litigation & Dispute Management B,Summer Session/Autumn Session/Winter Session,Postgraduate,8.0,Online,2017
4361,HUMN8033,"Tourism, Heritage and Globalization",Winter Session,Postgraduate,6.0,In Person,2017
4362,LAWS8073,Trade Remedies Law: WTO Law & Domestic Implementation,,Postgraduate,6.0,In Person,2017
4363,IDEC8009,"Trade, Development and the Asia Pacific Economy",Winter Session,Postgraduate,6.0,In Person,2017
4364,ASIA2094,"Trade, Faith and Democracy: Philippine Culture and Society 950 C.E. to 1986",,Undergraduate,6.0,Online or In Person,2017
4365,FINM8017,Trading and Markets,Second Semester,Postgraduate,6.0,In Person,2017
4366,FINM4017,Trading and Markets,Second Semester,Undergraduate,6.0,In Person,2017
4367,ANTH6005,"Traditional Australian Indigenous Cultures, Societies and Environment",First Semester,Postgraduate,6.0,In Person,2017
4368,ANTH2005,"Traditional Australian Indigenous Cultures, Societies and Environment",First Semester,Undergraduate,6.0,In Person,2017
4369,CLAS1001,Traditional Grammar,First Semester,Undergraduate,6.0,In Person,2017
4370,CLAS6001,Traditional Grammar,First Semester,Postgraduate,6.0,In Person,2017
4371,CLAS2011,Traditional Grammar (L),First Semester,Undergraduate,6.0,In Person,2017
4372,SOCY3124,Transforming Society: Towards a Public Sociology,Second Semester,Undergraduate,6.0,In Person,2017
4373,LANG6016,Translation Project,First Semester/Second Semester,Postgraduate,6.0,In Person,2017
4374,LANG6002,Translation across Languages: Specialised Materials,Second Semester,Postgraduate,6.0,In Person,2017
4375,LANG6001,Translation across Languages: The Translation of Literary Texts,First Semester,Postgraduate,6.0,In Person,2017
4376,LANG3002,Translation across Languages: specialised material,Second Semester,Undergraduate,6.0,In Person,2017
4377,LANG3001,Translation across Languages: the translation of literary texts,First Semester,Undergraduate,6.0,In Person,2017
4378,INDN3015,Translation from Indonesian,Second Semester,Undergraduate,6.0,In Person,2017
4379,INDN6015,Translation from Indonesian,Second Semester,Postgraduate,6.0,In Person,2017
4380,MEDN8005,Translational Medicine Essay,,Postgraduate,6.0,In Person,2017
4381,MEDN8004,Translational Medicine Project,,Postgraduate,6.0,In Person,2017
4382,MEDN8006,Translational Medicine Research Proposal,,Postgraduate,6.0,In Person,2017
4383,LAWS8009,Transnational Anti-Corruption Laws,Winter Session,Postgraduate,6.0,In Person,2017
4384,LAWS8003,Transnational Business and Human Rights,,Postgraduate,6.0,In Person,2017
4385,DIPL8001,Transnational Diplomacy,Summer Session/Second Semester,Postgraduate,12.0,In Person,2017
4386,STST8016,Transnational Security,,Postgraduate,6.0,In Person,2017
4387,CRIM8003,Transnational and Organised Crime,,Postgraduate,6.0,Online or In Person,2017
4388,STST3001,Transnational security issues in the Asia-Pacific,,Undergraduate,6.0,In Person,2017
4389,GEND2021,"Trauma, Memory and Culture",,Undergraduate,6.0,In Person,2017
4390,GEND6021,"Trauma, Memory and Culture",,Postgraduate,6.0,In Person,2017
4391,ANCH6501,Travellers and Geographers in Antiquity,,Postgraduate,6.0,In Person,2017
4392,ANCH2015,Travellers and Geographers in Antiquity,,Undergraduate,6.0,In Person,2017
4393,LAWS8236,Tribunals and Government,,Postgraduate,6.0,In Person,2017
4394,ASIA6272,Truth and Falsity in Indian History and Politics,,Postgraduate,6.0,In Person,2017
4395,ASIA3272,Truth and Falsity in Indian History and Politics,,Undergraduate,6.0,In Person,2017
4396,HIST6509,"Tudor-Stuart England c.1485-1714: Politics, Society, Culture",First Semester,Postgraduate,6.0,In Person,2017
4397,HIST2219,"Tudor-Stuart England, c.1485-1714: Politics, Society and Culture",First Semester,Undergraduate,6.0,In Person,2017
4398,MEAS8010,Turkish History: Ottoman State to Modern Turkey,First Semester,Postgraduate,6.0,In Person,2017
4399,MEAS2002,Turkish History: Ottoman State to Modern Turkey,First Semester,Undergraduate,6.0,In Person,2017
4400,MEAS6504,Turkish Politics and Foreign Policy,Second Semester,Postgraduate,6.0,In Person,2017
4401,MEAS2004,Turkish Politics and Foreign Policy,Second Semester,Undergraduate,6.0,In Person,2017
4402,ANUC1114,Turning Points in Music History 1: A Millennium of Metamorphoses (900-1900),First Semester,Undergraduate,6.0,In Person,2017
4403,MUSI1104,Turning Points in Music History 1: A Millennium of Metamorphoses (900-1900),First Semester,Undergraduate,6.0,In Person,2017
4404,MUSI1109,Turning Points in Music History 2: A Century of Crisis and Change (1900 to the Present),Second Semester,Undergraduate,6.0,In Person,2017
4405,ANUC1119,Turning Points in Music History 2: A Century of Crisis and Change (1900 to the Present),Second Semester,Undergraduate,6.0,In Person,2017
4406,DESN2009,Typography in Context: digital typographic design,,Undergraduate,6.0,In Person,2017
4407,ARTV6100,Typography: Textual use in Visual Arts,Second Semester,Postgraduate,6.0,In Person,2017
4408,POLS2127,U.S. Politics,First Semester,Undergraduate,6.0,In Person,2017
4409,INTR8067,U.S. Security Policy in the Asia-Pacific,Second Semester,Postgraduate,6.0,In Person,2017
4410,INTR2016,US Security Policy in Asia,Second Semester,Undergraduate,6.0,In Person,2017
4411,EMSC4707,Understanding Geological Hazards,,Undergraduate,6.0,In Person,2017
4412,INDG8003,Understanding Indigenous Wellbeing: Demographic and Socioeconomic Change,Winter Session,Postgraduate,6.0,Online or In Person,2017
4413,MUSC8012,Understanding Learning in Museums and Heritage,First Semester,Postgraduate,6.0,Online,2017
4414,INTR1021,Understanding Peace and Conflict,First Semester,Undergraduate,6.0,In Person,2017
4415,ASIA8045,Understanding Power in Asian and Pacific Societies,,Postgraduate,6.0,In Person,2017
4416,ASIA9050,Understanding Power in Asian and Pacific Societies,,Postgraduate,6.0,In Person,2017
4417,FILM2006,United States Cinema: Hollywood and Beyond,,Undergraduate,6.0,In Person,2017
4418,EURO3001,"Uniting Europe: history, politics, theory",Second Semester,Undergraduate,6.0,In Person,2017
4419,LAWS4001,Unravelling Complexity,First Semester,Undergraduate,6.0,In Person,2017
4420,VCPG6001,Unravelling Complexity,First Semester,Postgraduate,6.0,In Person,2017
4421,VCUG3001,Unravelling Complexity,First Semester,Undergraduate,6.0,In Person,2017
4422,ENGN8832,Urban Energy and Energy Efficiency,Second Semester,Postgraduate,6.0,In Person,2017
4423,URDU6300,Urdu 2A,,Postgraduate,6.0,In Person,2017
4424,URDU6400,Urdu 2B,,Postgraduate,6.0,In Person,2017
4425,URDU6500,Urdu 2C,,Postgraduate,6.0,In Person,2017
4426,URDU6600,Urdu 2D,,Postgraduate,6.0,In Person,2017
4427,SOCR8202,Using Data to Answer Policy Questions and Evaluate Policy,Spring Session,Postgraduate,6.0,Blended,2017
4428,FINM7035,Valuation,,Postgraduate,3.0,In Person,2017
4429,FINM8015,"Valuation, Strategy and Structure",,Postgraduate,6.0,In Person,2017
4430,FINM7040,Venture Capital and Private Equity,,Postgraduate,3.0,In Person,2017
4431,BIOL3114,Vertebrate Biology,,Undergraduate,6.0,In Person,2017
4432,BIOL6111,Vertebrate Biology,,Postgraduate,6.0,In Person,2017
4433,ENGL3036,Victorian Literature,Second Semester,Undergraduate,6.0,In Person,2017
4434,ENGL6036,Victorian Literature,Second Semester,Postgraduate,6.0,In Person,2017
4435,ARTH2097,Victorian and Edwardian Art: Australia and Europe 1837-1914,,Undergraduate,6.0,In Person,2017
4436,ARTH6097,Victorian and Edwardian Art: Australia and Europe 1837-1914,,Postgraduate,6.0,Online or In Person,2017
4437,ARTV6003,Video Art,Second Semester,Postgraduate,6.0,In Person,2017
4438,ARTV2617,Video: Creative Possibilities,Second Semester,Undergraduate,6.0,In Person,2017
4439,ANTH6135,Vietnam Field School,Summer Session,Postgraduate,12.0,In Person,2017
4440,ANTH6137,Vietnam Field School,Summer Session,Postgraduate,6.0,In Person,2017
4441,ENVS2017,Vietnam Field School,Summer Session,Undergraduate,6.0,In Person,2017
4442,ENVS6017,Vietnam Field School,Summer Session,Postgraduate,6.0,In Person,2017
4443,ANTH2135,Vietnam Field School,Summer Session,Undergraduate,6.0,In Person,2017
4444,ASIA2413,Vietnam: History And Contemporary Society,,Undergraduate,6.0,In Person,2017
4445,ASIA6413,Vietnam: History And Contemporary Society,,Postgraduate,6.0,In Person,2017
4446,VIET6102,Vietnamese 1A,First Semester,Postgraduate,6.0,Online or In Person,2017
4447,VIET1002,Vietnamese 1A,First Semester,Undergraduate,6.0,Online or In Person,2017
4448,VIET1003,Vietnamese 1B,Second Semester,Undergraduate,6.0,Online or In Person,2017
4449,VIET6103,Vietnamese 1B,Second Semester,Postgraduate,6.0,Online or In Person,2017
4450,VIET2002,Vietnamese 2A,First Semester,Undergraduate,6.0,Online or In Person,2017
4451,VIET6002,Vietnamese 2A,First Semester,Postgraduate,6.0,Online or In Person,2017
4452,VIET2003,Vietnamese 2B,Second Semester,Undergraduate,6.0,Blended,2017
4453,VIET6003,Vietnamese 2B,Second Semester,Postgraduate,6.0,Blended,2017
4454,VIET3002,Vietnamese 3A,First Semester,Undergraduate,6.0,In Person,2017
4455,VIET6502,Vietnamese 3A,First Semester,Postgraduate,6.0,In Person,2017
4456,VIET6503,Vietnamese 3B,Second Semester,Postgraduate,6.0,In Person,2017
4457,VIET3003,Vietnamese 3B,Second Semester,Undergraduate,6.0,In Person,2017
4458,HIST6243,"Vikings, Crusades, Mongols: Shaping Medieval Europe, c. 850–1300",Second Semester,Postgraduate,6.0,In Person,2017
4459,HIST2243,"Vikings, Crusades, Mongols: Shaping Medieval Europe, c. 850–1300",Second Semester,Undergraduate,6.0,In Person,2017
4460,ANTH2130,Violence and Terror,Second Semester,Undergraduate,6.0,In Person,2017
4461,ANTH6516,Violence and Terror,Second Semester,Postgraduate,6.0,In Person,2017
4462,ARTS8823,Virtual Exchange,First Semester/Second Semester,Postgraduate,6.0,In Person,2017
4463,COMP5923,Virtual Exchange,First Semester/Second Semester,Undergraduate,6.0,In Person,2017
4464,COMP8823,Virtual Exchange,First Semester/Second Semester,Postgraduate,6.0,In Person,2017
4465,ENGN8823,Virtual Exchange,First Semester/Second Semester,Postgraduate,6.0,In Person,2017
4466,ASIA8823,Virtual Exchange,First Semester/Second Semester,Postgraduate,6.0,In Person,2017
4467,ASIA5923,Virtual Exchange,First Semester/Second Semester,Undergraduate,6.0,In Person,2017
4468,SCNC8823,Virtual Exchange,First Semester/Second Semester,Postgraduate,6.0,In Person,2017
4469,ARTS5923,Virtual Exchange,First Semester/Second Semester,Undergraduate,6.0,In Person,2017
4470,ENGN5923,Virtual Exchange,First Semester/Second Semester,Undergraduate,6.0,In Person,2017
4471,CBEA8823,Virtual Exchange,First Semester/Second Semester,Postgraduate,6.0,In Person,2017
4472,SCNC5924,Virtual Exchange Band 1,First Semester/Second Semester,Undergraduate,6.0,In Person,2017
4473,CBEA5923,Virtual Exchange Band 2,First Semester/Second Semester,Undergraduate,6.0,In Person,2017
4474,SCNC5923,Virtual Exchange Band 2,First Semester/Second Semester,Undergraduate,6.0,In Person,2017
4475,LAWS8169,"Visa Compliance, Cancellation and Review",Summer Session/Autumn Session/Winter Session,Postgraduate,6.0,Online,2017
4476,DESA1022,Vision and Perception,Second Semester,Undergraduate,6.0,In Person,2017
4477,ARTV8300,Visual Arts Studio Masterclass,,Postgraduate,6.0,In Person,2017
4478,ANUC1121,Visual Communication: Design and Production,Second Semester,Undergraduate,6.0,In Person,2017
4479,DESN1002,Visual Communication: Design and Production,Second Semester,Undergraduate,6.0,In Person,2017
4480,PSYC3015,Visual and Cognitive Neuroscience,Second Semester,Undergraduate,6.0,In Person,2017
4481,HIST4009,War and Culture in the 20th Century,,Undergraduate,12.0,In Person,2017
4482,INTR8057,War and Peace in Asia,,Postgraduate,6.0,In Person,2017
4483,PASI2006,War in the Islands: The Second World War in the Pacific,,Undergraduate,6.0,In Person,2017
4484,PASI6006,War in the Islands: the Second World War in the Pacific,,Postgraduate,6.0,In Person,2017
4485,POLS3022,Washington DC Internship,Summer Session,Undergraduate,12.0,In Person,2017
4486,EMDV8079,Water Conflicts,Second Semester,Postgraduate,6.0,In Person,2017
4487,ENVS3005,Water Management,First Semester,Undergraduate,6.0,In Person,2017
4488,ENVS6555,Water Management,First Semester,Postgraduate,6.0,In Person,2017
4489,LAWS8123,Water Resources Law,,Postgraduate,6.0,In Person,2017
4490,ENVS6022,Water Science,Summer Session,Postgraduate,6.0,In Person,2017
4491,ENVS2020,Water Science,Summer Session,Undergraduate,6.0,In Person,2017
4492,ASIA2312,"Water Worlds of Asia and the Pacific: Maritime history, trade and society",,Undergraduate,6.0,Blended,2017
4493,PHYS2017,Waves and Optics,Second Semester,Undergraduate,6.0,In Person,2017
4494,ENVS2004,"Weather, Climate and Fire",First Semester,Undergraduate,6.0,In Person,2017
4495,ENVS6204,"Weather, Climate and Fire",First Semester,Postgraduate,6.0,In Person,2017
4496,COMP6780,Web Development and Design,First Semester,Postgraduate,6.0,In Person,2017
4497,ANUC1710,Web Development and Design,First Semester/Second Semester,Undergraduate,6.0,In Person,2017
4498,COMP1710,Web Development and Design,First Semester,Undergraduate,6.0,In Person,2017
4499,EMDV8015,Wet Tropics Cairns Applied Research Workshop,Autumn Session,Postgraduate,6.0,In Person,2017
4500,PHIL1007,What is Humanity?,Second Semester,Undergraduate,6.0,In Person,2017
4501,ASIA2304,What is Literature? Asian Perspectives,First Semester,Undergraduate,6.0,In Person,2017
4502,CRIM8004,"White Collar Crime: Fraud, Money Laundering and Corruption",,Postgraduate,6.0,Online or In Person,2017
4503,HUMN8036,Who do we think we are? Using Archives and Special Collections,,Postgraduate,6.0,In Person,2017
4504,STST8032,Why and How We Fight: Understanding War and Conflict,,Postgraduate,6.0,In Person,2017
4505,LEGW8114,Wills and Estates Practice,Summer Session/Winter Session,Postgraduate,3.0,Online,2017
4506,PHYS3301,Wind Energy,Autumn Session,Undergraduate,6.0,In Person,2017
4507,PHYS6301,Wind Energy,Autumn Session,Postgraduate,6.0,In Person,2017
4508,ENGN4536,Wireless Communications,Second Semester,Undergraduate,6.0,In Person,2017
4509,ENGN6536,Wireless Communications,Second Semester,Postgraduate,6.0,In Person,2017
4510,POGO8068,Work Based Research Project,Autumn Session,Postgraduate,12.0,In Person,2017
4511,PHYS3058,Work Experience in Photonics,First Semester/Second Semester,Undergraduate,6.0,In Person,2017
4512,PHYS6503,Work Experience in Photonics,First Semester/Second Semester,Postgraduate,6.0,In Person,2017
4513,LAWS2231,Work and Law - Selected Topics,,Undergraduate,6.0,In Person,2017
4514,PHYS8506,Work experience in Photonics,First Semester/Second Semester,Postgraduate,6.0,In Person,2017
4515,POGO8113,Work-related Project,,Postgraduate,6.0,In Person,2017
4516,ARTV2038,Workshop Atelier,,Undergraduate,6.0,In Person,2017
4517,HIST6136,"World At War, 1939-1945",Second Semester,Postgraduate,6.0,Online or In Person,2017
4518,ECHI3009,World Economy Since 1800,Second Semester,Undergraduate,6.0,In Person,2017
4519,HUMN8019,World Heritage: conserving cultural heritage values,Autumn Session,Postgraduate,6.0,Online,2017
4520,INTR8036,World Politics,First Semester/Second Semester,Postgraduate,6.0,In Person,2017
4521,INTR8071,World Politics 12 Units,First Semester/Second Semester,Postgraduate,12.0,In Person,2017
4522,ARCH3025,World Rock Art,,Undergraduate,6.0,In Person,2017
4523,HUMN8008,World Rock Art: Global Perspectives on Rock Art Research,,Postgraduate,6.0,In Person,2017
4524,EMDV8035,World Trade and the Environment,,Postgraduate,6.0,In Person,2017
4525,HIST2136,"World at War, 1939-1945",Second Semester,Undergraduate,6.0,In Person,2017
4526,ARTV8207,Writing About Art and Creative Practice,Winter Session,Postgraduate,6.0,In Person,2017
4527,HIST8011,Writing Biography,Second Semester,Postgraduate,6.0,Online or In Person,2017
4528,ASIA8038,Writing Ethnography in Asia and the Pacific,,Postgraduate,6.0,Blended,2017
4529,INTR8065,Writing International Relations,First Semester/Second Semester,Postgraduate,6.0,In Person,2017
4530,INTR8069,Writing International Relations 12 Units,First Semester/Second Semester,Postgraduate,12.0,In Person,2017
4531,GEND3016,Writing Lives: Autobiography in Fiction and Memoir,,Undergraduate,6.0,In Person,2017
4532,POGO8037,Writing Public Policy,,Postgraduate,6.0,In Person,2017
4533,BIAN4009,Writing Seminar in Biological Anthropology,Second Semester,Undergraduate,6.0,In Person,2017
4534,MUSI2211,Writing about Music 1: Styles and Theories,First Semester,Undergraduate,6.0,In Person,2017
4535,MUSI3313,Writing about Music 2: Sources and Methods,Second Semester,Undergraduate,6.0,In Person,2017
4536,HUMN4001,Writing for the Research Process,,Undergraduate,6.0,In Person,2017
4537,HUMN8032,Writing for the Research Process,,Postgraduate,6.0,In Person,2017
4538,HUMN8026,Writing in the Public Sphere,Second Semester,Postgraduate,6.0,Online or In Person,2017
4539,HUMN8012,"Writing, World Histories and Lives: Research Project",,Postgraduate,6.0,In Person,2017
4540,JPNS6114,Written Japanese A,First Semester,Postgraduate,6.0,In Person,2017
4541,JPNS1014,Written Japanese A,First Semester,Undergraduate,6.0,In Person,2017
4542,JPNS6115,Written Japanese B,Second Semester,Postgraduate,6.0,In Person,2017
4543,JPNS2005,Written Japanese B,Second Semester,Undergraduate,6.0,In Person,2017
4544,JPNS6014,Written Japanese C,First Semester,Postgraduate,6.0,In Person,2017
4545,JPNS2014,Written Japanese C,First Semester,Undergraduate,6.0,In Person,2017
4546,JPNS6015,Written Japanese D,Second Semester,Postgraduate,6.0,In Person,2017
4547,JPNS2015,Written Japanese D,Second Semester,Undergraduate,6.0,In Person,2017
4548,ASIA3551,Year in Asia,First Semester/Second Semester,Undergraduate,24.0,In Person,2017
4549,CRIM6006,Young People and Crime: Developmental Criminology and its Discontents,,Postgraduate,6.0,In Person,2017
4550,CRIM2006,Young People and Crime: Developmental Criminology and its Discontents,,Undergraduate,6.0,In Person,2017
4551,DESN2011,Your Practice / Your Brand,Second Semester,Undergraduate,6.0,In Person,2017
4552,ASIA6990,,,Postgraduate,,In Person,2017
4553,ASIA6992,,,Postgraduate,,In Person,2017
4554,ASTR2901,,,Undergraduate,,In Person,2017
4555,BIOL3901,,,Undergraduate,,In Person,2017
4556,ARTV2900,,,Undergraduate,,In Person,2017
4557,ASIA1906,,,Undergraduate,,In Person,2017
4558,ASIA2902,,,Undergraduate,,In Person,2017
4559,ASIA2907,,,Undergraduate,,In Person,2017
4560,ASIA5951,,,Undergraduate,,In Person,2017
4561,ARAB1900,,,Undergraduate,,In Person,2017
4562,ARAB1916,,,Undergraduate,,In Person,2017
4563,ARAB2917,,,Undergraduate,,In Person,2017
4564,ARCH1900,,,Undergraduate,,In Person,2017
4565,ARCH2910,,,Undergraduate,,In Person,2017
4566,ARCH5950,,,Undergraduate,,In Person,2017
4567,ARTS2900,,,Undergraduate,,In Person,2017
4568,ANCH2900,,,Undergraduate,,In Person,2017
4569,ANTH2900,,,Undergraduate,,In Person,2017
4570,ENGN1995,,,Undergraduate,,In Person,2017
4571,ENGN1996,,,Undergraduate,,In Person,2017
4572,ENGN2995,,,Undergraduate,,In Person,2017
4573,ENGN2996,,,Undergraduate,,In Person,2017
4574,ENGN2997,,,Undergraduate,,In Person,2017
4575,ENGN3995,,,Undergraduate,,In Person,2017
4576,ENGN3996,,,Undergraduate,,In Person,2017
4577,ENGN4100,,,Undergraduate,,In Person,2017
4578,ENGN5900,,,Undergraduate,,In Person,2017
4579,COMP1993,,,Undergraduate,,In Person,2017
4580,COMP1995,,,Undergraduate,,In Person,2017
4581,COMP1996,,,Undergraduate,,In Person,2017
4582,COMP1997,,,Undergraduate,,In Person,2017
4583,COMP1998,,,Undergraduate,,In Person,2017
4584,COMP1999,,,Undergraduate,,In Person,2017
4585,COMP2901,,,Undergraduate,,In Person,2017
4586,COMP8200,,,Postgraduate,,In Person,2017
4587,CRIM1900,,,Undergraduate,,In Person,2017
4588,DESA1900,,,Undergraduate,,In Person,2017
4589,DIPL8007,,,Postgraduate,,In Person,2017
4590,FREN2900,,,Undergraduate,,In Person,2017
4591,GEND1900,,,Undergraduate,,In Person,2017
4592,GEND2900,,,Undergraduate,,In Person,2017
4593,GEOG2901,,,Undergraduate,,In Person,2017
4594,GEOL2901,,,Undergraduate,,In Person,2017
4595,ENGN6995,,,Postgraduate,,In Person,2017
4596,ENVS1901,,,Undergraduate,,In Person,2017
4597,ENVS3901,,,Undergraduate,,In Person,2017
4598,EURO2900,,,Undergraduate,,In Person,2017
4599,CBEA1901,,,Undergraduate,,In Person,2017
4600,CBEA5950,,,Postgraduate,,In Person,2017
4601,CBEA5999,,,Undergraduate,,In Person,2017
4602,CHEM2901,,,Undergraduate,,In Person,2017
4603,CHEM3901,,,Undergraduate,,In Person,2017
4604,CHIN1916,,,Undergraduate,,In Person,2017
4605,CHIN2917,,,Undergraduate,,In Person,2017
4606,CHIN3918,,,Undergraduate,,In Person,2017
4607,ECOS3901,,,Undergraduate,,In Person,2017
4608,GRAD7902,,,Postgraduate,,In Person,2017
4609,GRAD7903,,,Postgraduate,,In Person,2017
4610,GRAD9006,,,Research,,In Person,2017
4611,GREK2900,,,Undergraduate,,In Person,2017
4612,HIND2917,,,Undergraduate,,In Person,2017
4613,HIND3918,,,Undergraduate,,In Person,2017
4614,HIST2900,,,Undergraduate,,In Person,2017
4615,IDEC6990,,,Postgraduate,,In Person,2017
4616,INDN2917,,,Undergraduate,,In Person,2017
4617,INTR1900,,,Undergraduate,,In Person,2017
4618,INTR2910,,,Undergraduate,,In Person,2017
4619,ITAL1900,,,Undergraduate,,In Person,2017
4620,LAWS8190,,,Postgraduate,,In Person,2017
4621,LAWS8299,,,Postgraduate,,In Person,2017
4622,PSYC2900,,,Undergraduate,,In Person,2017
4623,PSYC3900,,,Undergraduate,,In Person,2017
4624,SCCO1901,,,Undergraduate,,In Person,2017
4625,SCCO3901,,,Undergraduate,,In Person,2017
4626,SCNC2902,,,Undergraduate,,In Person,2017
4627,SCNC3100,,,Undergraduate,,In Person,2017
4628,SCNC3901,,,Undergraduate,,In Person,2017
4629,SCNC5999,,,Undergraduate,,In Person,2017
4630,SCNC8888,,,Postgraduate,,In Person,2017
4631,SCOM2901,,,Undergraduate,,In Person,2017
4632,POLS2900,,,Undergraduate,,In Person,2017
4633,PERS2900,,,Undergraduate,,In Person,2017
4634,PHIL1900,,,Undergraduate,,In Person,2017
4635,LANG1900,,,Undergraduate,,In Person,2017
4636,LATN1900,,,Undergraduate,,In Person,2017
4637,LATN2900,,,Undergraduate,,In Person,2017
4638,LAWS  48,,,Undergraduate,,In Person,2017
4639,LAWS  96,,,Undergraduate,,In Person,2017
4640,LAWS2900,,,Undergraduate,,In Person,2017
4641,LAWS5998,,,Undergraduate,,In Person,2017
4642,LAWS8999,,,Postgraduate,,In Person,2017
4643,PORT1900,,,Undergraduate,,In Person,2017
4644,PSYC1900,,,Undergraduate,,In Person,2017
4645,THAI2917,,,Undergraduate,,In Person,2017
4646,TURK1900,,,Undergraduate,,In Person,2017
4647,URDU3918,,,Undergraduate,,In Person,2017
4648,SOCY1900,,,Undergraduate,,In Person,2017
4649,SPAN2900,,,Undergraduate,,In Person,2017
4650,VIET2917,,,Undergraduate,,In Person,2017
4651,ARAB3505,,,Undergraduate,,In Person,2017
4652,ARAB3918,,,Undergraduate,,In Person,2017
4653,ARCH1910,,,Undergraduate,,In Person,2017
4654,ARTH1900,,,Undergraduate,,In Person,2017
4655,ARTV1900,,,Undergraduate,,In Person,2017
4656,ANTH1900,,,Undergraduate,,In Person,2017
4657,ASTR1901,,,Undergraduate,,In Person,2017
4658,BIAN2900,,,Undergraduate,,In Person,2017
4659,BIOL2901,,,Undergraduate,,In Person,2017
4660,ENGN4995,,,Undergraduate,,In Person,2017
4661,COMP2995,,,Undergraduate,,In Person,2017
4662,COMP2996,,,Undergraduate,,In Person,2017
4663,COMP3995,,,Undergraduate,,In Person,2017
4664,COMP3996,,,Undergraduate,,In Person,2017
4665,COMP4995,,,Undergraduate,,In Person,2017
4666,DEST1900,,,Undergraduate,,In Person,2017
4667,DEST2900,,,Undergraduate,,In Person,2017
4668,EMSC1901,,,Undergraduate,,In Person,2017
4669,EMSC2901,,,Undergraduate,,In Person,2017
4670,EMSC3901,,,Undergraduate,,In Person,2017
4671,ENGN1997,,,Undergraduate,,In Person,2017
4672,ASIA3913,,,Undergraduate,,In Person,2017
4673,GRAD9024,,,Research,,In Person,2017
4674,GREK1900,,,Undergraduate,,In Person,2017
4675,HIND1916,,,Undergraduate,,In Person,2017
4676,HIST1900,,,Undergraduate,,In Person,2017
4677,FREN1900,,,Undergraduate,,In Person,2017
4678,FSTY1901,,,Undergraduate,,In Person,2017
4679,FSTY2901,,,Undergraduate,,In Person,2017
4680,FSTY3901,,,Undergraduate,,In Person,2017
4681,FSTY4100,,,Undergraduate,,In Person,2017
4682,GEOG1900,,,Undergraduate,,In Person,2017
4683,GEOG1901,,,Undergraduate,,In Person,2017
4684,GEOG2900,,,Undergraduate,,In Person,2017
4685,GEOL1901,,,Undergraduate,,In Person,2017
4686,GERM1900,,,Undergraduate,,In Person,2017
4687,GERM2900,,,Undergraduate,,In Person,2017
4688,GRAD7901,,,Postgraduate,,In Person,2017
4689,CBEA1900,,,Undergraduate,,In Person,2017
4690,CBEA3901,,,Undergraduate,,In Person,2017
4691,CBEA8890,,,Postgraduate,,In Person,2017
4692,CHEM1901,,,Undergraduate,,In Person,2017
4693,CLAS2900,,,Undergraduate,,In Person,2017
4694,ECOS2901,,,Undergraduate,,In Person,2017
4695,EMDV6990,,,Postgraduate,,In Person,2017
4696,LAWS8191,,,Postgraduate,,In Person,2017
4697,LAWS8198,,,Postgraduate,,In Person,2017
4698,LAWS8199,,,Postgraduate,,In Person,2017
4699,LAWS8299,,,Postgraduate,,In Person,2017
4700,LEGW8012,,,Postgraduate,,In Person,2017
4701,NEUR3901,,,Undergraduate,,In Person,2017
4702,NSPO5999,,,Postgraduate,,In Person,2017
4703,PERS1900,,,Undergraduate,,In Person,2017
4704,PHYS2901,,,Undergraduate,,In Person,2017
4705,POGO8040,,,Postgraduate,,In Person,2017
4706,POLS1900,,,Undergraduate,,In Person,2017
4707,KORE1916,,,Undergraduate,,In Person,2017
4708,LAWS  12,,,Undergraduate,,In Person,2017
4709,LAWS  24,,,Undergraduate,,In Person,2017
4710,LAWS1040,,,Undergraduate,,In Person,2017
4711,LAWS2040,,,Undergraduate,,In Person,2017
4712,LAWS2041,,,Undergraduate,,In Person,2017
4713,LAWS2901,,,Undergraduate,,In Person,2017
4714,LAWS4002,,,Undergraduate,,In Person,2017
4715,LAWS5999,,,Undergraduate,,In Person,2017
4716,INDG2900,,,Undergraduate,,In Person,2017
4717,INDN1916,,,Undergraduate,,In Person,2017
4718,INDN3918,,,Undergraduate,,In Person,2017
4719,INTR8001,,,Postgraduate,,In Person,2017
4720,JPNS1916,,,Undergraduate,,In Person,2017
4721,MATH3901,,,Undergraduate,,In Person,2017
4722,RUSS1900,,,Undergraduate,,In Person,2017
4723,SCNC1901,,,Undergraduate,,In Person,2017
4724,SCNC1902,,,Undergraduate,,In Person,2017
4725,SCNC2901,,,Undergraduate,,In Person,2017
4726,SCNC5951,,,Undergraduate,,In Person,2017
4727,SCOM3901,,,Undergraduate,,In Person,2017
4728,SKRT3918,,,Undergraduate,,In Person,2017
4729,STAT3901,,,Undergraduate,,In Person,2017
4730,THAI3918,,,Undergraduate,,In Person,2017
4731,TRAN6999,,,Postgraduate,,In Person,2017
4732,UNSP5999,,,Postgraduate,,In Person,2017
4733,SRES1901,,,Undergraduate,,In Person,2017
4734,SRES3901,,,Undergraduate,,In Person,2017
4735,POPS2900,,,Undergraduate,,In Person,2017
4736,PORT2900,,,Undergraduate,,In Person,2017
4737,PSYC1901,,,Undergraduate,,In Person,2017
4738,VIET1916,,,Undergraduate,,In Person,2017
4739,ARTV2910,,,Undergraduate,,In Person,2017
4740,ASIA1901,,,Undergraduate,,In Person,2017
4741,ASIA1911,,,Undergraduate,,In Person,2017
4742,ASIA2912,,,Undergraduate,,In Person,2017
4743,ASIA3903,,,Undergraduate,,In Person,2017
4744,ASIA3908,,,Undergraduate,,In Person,2017
4745,ASIA6991,,,Postgraduate,,In Person,2017
4746,ASTR3901,,,Undergraduate,,In Person,2017
4747,BIOL1901,,,Undergraduate,,In Person,2017
4748,BUSI6999,,,Postgraduate,,In Person,2017
4749,ARAB2900,,,Undergraduate,,In Person,2017
4750,ARCH2900,,,Undergraduate,,In Person,2017
4751,ARTH2900,,,Undergraduate,,In Person,2017
4752,ARTS1900,,,Undergraduate,,In Person,2017
4753,ARTS3100,,,Undergraduate,,In Person,2017
4754,ARTS5999,,,Undergraduate,,In Person,2017
4755,ARTS7900,,,Postgraduate,,In Person,2017
4756,ANCH1900,,,Undergraduate,,In Person,2017
4757,ENGL1900,,,Undergraduate,,In Person,2017
4758,ENGL2900,,,Undergraduate,,In Person,2017
4759,ENGN4996,,,Undergraduate,,In Person,2017
4760,ENGN8200,,,Postgraduate,,In Person,2017
4761,ENVS2901,,,Undergraduate,,In Person,2017
4762,EURO1900,,,Undergraduate,,In Person,2017
4763,JPNS3918,,,Undergraduate,,In Person,2017
4764,KORE2917,,,Undergraduate,,In Person,2017
4765,KORE3918,,,Undergraduate,,In Person,2017
4766,LANG2900,,,Undergraduate,,In Person,2017
4767,LAWS1012,,,Undergraduate,,In Person,2017
4768,LAWS1901,,,Undergraduate,,In Person,2017
4769,INDG1900,,,Undergraduate,,In Person,2017
4770,INTR2900,,,Undergraduate,,In Person,2017
4771,INTR2920,,,Undergraduate,,In Person,2017
4772,ITAL2900,,,Undergraduate,,In Person,2017
4773,JPNS2917,,,Undergraduate,,In Person,2017
4774,FILM1900,,,Undergraduate,,In Person,2017
4775,FILM2900,,,Undergraduate,,In Person,2017
4776,FORA2900,,,Undergraduate,,In Person,2017
4777,GEOG2999,,,Undergraduate,,In Person,2017
4778,GEOG3901,,,Undergraduate,,In Person,2017
4779,GEOL3901,,,Undergraduate,,In Person,2017
4780,GRAD7900,,,Postgraduate,,In Person,2017
4781,CBEA3900,,,Undergraduate,,In Person,2017
4782,CLAS1900,,,Undergraduate,,In Person,2017
4783,COMP1901,,,Undergraduate,,In Person,2017
4784,COMP3901,,,Undergraduate,,In Person,2017
4785,COMP4801,,,Undergraduate,,In Person,2017
4786,COMP6995,,,Postgraduate,,In Person,2017
4787,CRIM2900,,,Undergraduate,,In Person,2017
4788,DESA2900,,,Undergraduate,,In Person,2017
4789,ECCO1901,,,Undergraduate,,In Person,2017
4790,GRAD9012,,,Research,,In Person,2017
4791,GRAD9018,,,Research,,In Person,2017
4792,ICOM1900,,,Undergraduate,,In Person,2017
4793,ICOM2900,,,Undergraduate,,In Person,2017
4794,ECOS1901,,,Undergraduate,,In Person,2017
4795,EMDV8119,,,Postgraduate,,In Person,2017
4796,LAWS7900,,,Postgraduate,,In Person,2017
4797,LAWS8197,,,Postgraduate,,In Person,2017
4798,PHIL2900,,,Undergraduate,,In Person,2017
4799,PHYS1901,,,Undergraduate,,In Person,2017
4800,PHYS3901,,,Undergraduate,,In Person,2017
4801,MUSI1900,,,Undergraduate,,In Person,2017
4802,MUSI2900,,,Undergraduate,,In Person,2017
4803,PLST1900,,,Undergraduate,,In Person,2017
4804,PLST2900,,,Undergraduate,,In Person,2017
4805,PSYC2901,,,Undergraduate,,In Person,2017
4806,PSYC3901,,,Undergraduate,,In Person,2017
4807,RUSS2900,,,Undergraduate,,In Person,2017
4808,SCCO2901,,,Undergraduate,,In Person,2017
4809,SCNC1903,,,Undergraduate,,In Person,2017
4810,SCNC2903,,,Undergraduate,,In Person,2017
4811,SCNC5952,,,Undergraduate,,In Person,2017
4812,SCNC5953,,,Undergraduate,,In Person,2017
4813,SCOM1901,,,Undergraduate,,In Person,2017
4814,SKRT1916,,,Undergraduate,,In Person,2017
4815,SKRT2917,,,Undergraduate,,In Person,2017
4816,MEDI4900,,,Undergraduate,,In Person,2017
4817,LING1900,,,Undergraduate,,In Person,2017
4818,LING2900,,,Undergraduate,,In Person,2017
4819,MATH1901,,,Undergraduate,,In Person,2017
4820,MATH2901,,,Undergraduate,,In Person,2017
4821,POPS1900,,,Undergraduate,,In Person,2017
4822,PSYC1995,,,Undergraduate,,In Person,2017
4823,STAT1901,,,Undergraduate,,In Person,2017
4824,STAT2901,,,Undergraduate,,In Person,2017
4825,STST6990,,,Postgraduate,,In Person,2017
4826,THAI1916,,,Undergraduate,,In Person,2017
4827,TRAN5999,,,Undergraduate,,In Person,2017
4828,TURK2900,,,Undergraduate,,In Person,2017
4829,SOCY2900,,,Undergraduate,,In Person,2017
4830,SPAN1900,,,Undergraduate,,In Person,2017
4831,SRES2901,,,Undergraduate,,In Person,2017
4832,VIET3918,,,Undergraduate,,In Person,2017
