,CourseCode,Name,Session,Career,Units,ModeOfDelivery,Year
0,INTR2020,(In)Stability on the Korean Peninsula,,Undergraduate,6.0,In Person,2018
1,ENGL6020,"16th, 17th and 18th  Century Literature",First Semester,Postgraduate,6.0,In Person,2018
2,ENGL3005,"16th, 17th and 18th Century Literature(H)",First Semester,Undergraduate,6.0,In Person,2018
3,ENGL6022,19th & 20th Century Literature,,Postgraduate,6.0,In Person,2018
4,ENGL3022,19th and 20th Century Literature,,Undergraduate,6.0,In Person,2018
5,ENGL6035,20th Century American Drama,,Postgraduate,6.0,In Person,2018
6,ENGL2115,20th Century American Drama,,Undergraduate,6.0,In Person,2018
7,ASGS1001,20th Century History,,Undergraduate,6.0,In Person,2018
8,PREP1102,20th Century History,First Semester,Undergraduate,6.0,In Person,2018
9,HIST8018,A Globalising World,,Postgraduate,6.0,Online or In Person,2018
10,MUSI2217,A History of Jazz,,Undergraduate,6.0,In Person,2018
11,MGMT7169,A Management Framework For Business Projects,Second Semester,Postgraduate,6.0,In Person,2018
12,ANCH2020,A region in antiquity: Gallipoli and western Turkey,,Undergraduate,12.0,In Person,2018
13,ANCH6505,A region in antiquity: Gallipoli and western Turkey,,Postgraduate,12.0,In Person,2018
14,ASIA2107,ACICIS International Relations Program,First Semester/Second Semester,Undergraduate,6.0,Online or In Person,2018
15,CBEA6070,ANU College of Business and Economics Internship Project (PG),First Semester/Second Semester,Postgraduate,6.0,In Person,2018
16,CBEA3070,ANU College of Business and Economics Internship Project (UG),First Semester/Second Semester,Undergraduate,6.0,In Person,2018
17,CBEA9820,ANU College of Business and Economics Research Course for Exchange  Students,,Research,6.0,In Person,2018
18,EXTN1001A,ANU Extension Astrophysics A,Autumn Session,Undergraduate,0.0,In Person,2018
19,EXTN1001B,ANU Extension Astrophysics B,Autumn Session,Undergraduate,6.0,In Person,2018
20,EXTN1002A,ANU Extension Chemistry A,Autumn Session,Undergraduate,0.0,In Person,2018
21,EXTN1002B,ANU Extension Chemistry B,Autumn Session,Undergraduate,6.0,In Person,2018
22,EXTN1004A,ANU Extension Conservation Biology A,Autumn Session,Undergraduate,0.0,In Person,2018
23,EXTN1004B,ANU Extension Conservation Biology B,Autumn Session,Undergraduate,6.0,In Person,2018
24,EXTN1012A,ANU Extension Maths A,Autumn Session,Undergraduate,0.0,In Person,2018
25,EXTN1012B,ANU Extension Maths B,Autumn Session,Undergraduate,6.0,In Person,2018
26,EXTN1011A,ANU Extension Physics A,Autumn Session,Undergraduate,0.0,In Person,2018
27,EXTN1011B,ANU Extension Physics B,Autumn Session,Undergraduate,6.0,In Person,2018
28,SCNC5922,ANU/NUS JD (Band 2 NP),First Semester/Second Semester,Undergraduate,6.0,In Person,2018
29,PHYS8011,ANU/NUS Study Program I,First Semester/Second Semester,Postgraduate,6.0,In Person,2018
30,PHYS8012,ANU/NUS Study Program II,First Semester/Second Semester,Postgraduate,6.0,In Person,2018
31,ASGS1106,ASGS1106 Support For Microeconomics 1,Second Semester,Undergraduate,6.0,In Person,2018
32,ASGS1107,ASGS1107 Support for Communication For Business,Second Semester,Undergraduate,6.0,In Person,2018
33,ARTH2098,Aboriginal and Torres Strait Islander Art,,Undergraduate,6.0,In Person,2018
34,ARTH6598,Aboriginal and Torres Strait Islander Art,,Postgraduate,6.0,In Person,2018
35,HLTH3001,Aboriginal and Torres Strait Islander Health,,Undergraduate,6.0,In Person,2018
36,HIST2022,Aboriginal and Torres Strait Islander History,First Semester,Undergraduate,6.0,In Person,2018
37,HIST6022,Aboriginal and Torres Strait Islander History,First Semester,Postgraduate,6.0,Online or In Person,2018
38,PHYS8203,Accelerators and their application,First Semester,Postgraduate,6.0,In Person,2018
39,LAWS8334,Access to Justice in Global and Local Contexts,,Postgraduate,6.0,In Person,2018
40,PREP1103,Accounting,First Semester,Undergraduate,6.0,In Person,2018
41,BUSN7051,Accounting Analytics,First Semester/Second Semester,Postgraduate,6.0,In Person,2018
42,BUSN3051,Accounting Analytics,First Semester/Second Semester,Undergraduate,6.0,In Person,2018
43,BUSN4500,Accounting Honours Thesis,First Semester/Second Semester,Undergraduate,6.0,In Person,2018
44,INFS2005,Accounting Information Systems,First Semester/Second Semester,Undergraduate,6.0,In Person,2018
45,INFS7004,Accounting Information Systems,First Semester/Second Semester,Postgraduate,6.0,In Person,2018
46,BUSN1002,Accounting Processes and Systems,First Semester/Second Semester,Undergraduate,6.0,In Person,2018
47,BUSN3001,Accounting Theory,First Semester/Second Semester,Undergraduate,6.0,In Person,2018
48,LEGW8100,Accounts,Spring Session,Postgraduate,3.0,In Person,2018
49,PREP1010,Achieve Literacy,First Semester/Second Semester,Undergraduate,9.0,In Person,2018
50,PREP1011,Achieve Numeracy,First Semester/Second Semester,Undergraduate,9.0,In Person,2018
51,PREP1016,Activate Literacy,First Semester/Second Semester,Undergraduate,9.0,In Person,2018
52,PREP1018,Activate Mathematics,First Semester/Second Semester,Undergraduate,9.0,In Person,2018
53,PREP1017,Activate Numeracy,First Semester/Second Semester,Undergraduate,9.0,In Person,2018
54,ASIA8021,Activism and Social Change in Asia and the Pacific,Second Semester,Postgraduate,6.0,In Person,2018
55,ACST4031,Actuarial Control Cycle 1,First Semester,Undergraduate,6.0,In Person,2018
56,ACST8040,Actuarial Control Cycle 1,First Semester,Postgraduate,6.0,In Person,2018
57,ACST4032,Actuarial Control Cycle 2,Second Semester,Undergraduate,6.0,In Person,2018
58,ACST8041,Actuarial Control Cycle 2,Second Semester,Postgraduate,6.0,In Person,2018
59,ACST4600,Actuarial Research Essay,First Semester/Second Semester,Undergraduate,6.0,In Person,2018
60,STAT6045,Actuarial Techniques,Second Semester,Postgraduate,6.0,In Person,2018
61,STAT3038,Actuarial Techniques,Second Semester,Undergraduate,6.0,In Person,2018
62,LAWS8652,Administrative Decision Making in Australian Migration Law,First Semester/Second Semester,Postgraduate,6.0,Online,2018
63,LAWS2201,Administrative Law,First Semester,Undergraduate,6.0,In Person,2018
64,LAWS6201,Administrative Law,First Semester,Postgraduate,6.0,In Person,2018
65,LAWS8709,Administrative Law & Commonwealth Constitutional Law A,,Postgraduate,8.0,Online,2018
66,LAWS8710,Administrative Law & Commonwealth Constitutional Law B,,Postgraduate,8.0,Online,2018
67,LEGW8118,Administrative Law Practice,Summer Session/Winter Session,Postgraduate,3.0,Online,2018
68,PREP1013,Advance Literacy,First Semester/Second Semester,Undergraduate,9.0,In Person,2018
69,PREP1014,Advance Numeracy,First Semester/Second Semester,Undergraduate,9.0,In Person,2018
70,SKRT3002,Advanced  Sanskrit Literature A,First Semester,Undergraduate,6.0,Online or In Person,2018
71,SKRT6002,Advanced  Sanskrit Literature A,First Semester,Postgraduate,6.0,Online or In Person,2018
72,LING2107,Advanced Academic English,First Semester,Undergraduate,6.0,In Person,2018
73,LING6030,Advanced Academic English,First Semester,Postgraduate,6.0,In Person,2018
74,LAWS4262,Advanced Administrative Law,Second Semester,Undergraduate,6.0,In Person,2018
75,MATH2322,"Advanced Algebra 1: Groups, Rings and Linear Algebra",Second Semester,Undergraduate,6.0,In Person,2018
76,MATH3104,"Advanced Algebra 1: Groups, Rings and Linear Algebra",Second Semester,Undergraduate,6.0,In Person,2018
77,MATH3345,Advanced Algebra 2: Field extensions and Galois Theory,First Semester,Undergraduate,6.0,In Person,2018
78,COMP4600,Advanced Algorithms,Second Semester,Undergraduate,6.0,In Person,2018
79,COMP8460,Advanced Algorithms,Second Semester,Postgraduate,6.0,In Person,2018
80,MATH3116,Advanced Analysis 1: Metric Spaces and Applications,First Semester,Undergraduate,6.0,In Person,2018
81,MATH2320,Advanced Analysis 1: Metric Spaces and Applications,First Semester,Undergraduate,6.0,In Person,2018
82,MATH3320,"Advanced Analysis 2: Topology, Lebesgue Integration and Hilbert Spaces",First Semester,Undergraduate,6.0,In Person,2018
83,PHIL3072,Advanced Analytic Philosophy,First Semester,Undergraduate,6.0,In Person,2018
84,GREK3125,Advanced Ancient Greek,First Semester,Undergraduate,6.0,In Person,2018
85,GREK6125,Advanced Ancient Greek,First Semester,Postgraduate,6.0,In Person,2018
86,ARAB3001,Advanced Arabic A,First Semester,Undergraduate,6.0,Online or In Person,2018
87,ARAB6503,Advanced Arabic A,First Semester,Postgraduate,6.0,Online or In Person,2018
88,ARAB3002,Advanced Arabic B,Second Semester,Undergraduate,6.0,Online or In Person,2018
89,ARAB6504,Advanced Arabic B,Second Semester,Postgraduate,6.0,Online or In Person,2018
90,BUSN8056,Advanced Auditing and Assurance Services,First Semester/Second Semester,Postgraduate,6.0,In Person,2018
91,BUSN4056,Advanced Auditing and Assurance Services,First Semester/Second Semester,Undergraduate,6.0,In Person,2018
92,ECON3180,Advanced Behavioral Economics,,Undergraduate,6.0,In Person,2018
93,ECON8080,Advanced Behavioral Economics,,Postgraduate,6.0,In Person,2018
94,ECON4480,Advanced Behavioral Economics,,Undergraduate,6.0,In Person,2018
95,LAWS8655,Advanced Comparative Migration Law,,Postgraduate,6.0,Online,2018
96,MATH3228,Advanced Complex Analysis,Second Semester,Undergraduate,6.0,In Person,2018
97,COMP4560,Advanced Computing Project,First Semester/Second Semester,Undergraduate,6.0,In Person,2018
98,COMP3560,Advanced Computing R&D Industry Experience,First Semester/Second Semester,Undergraduate,0.0,In Person,2018
99,COMP2550,Advanced Computing R&D Methods,First Semester,Undergraduate,6.0,In Person,2018
100,COMP3550,Advanced Computing R&D Project,First Semester/Second Semester,Undergraduate,6.0,In Person,2018
101,COMP4450,Advanced Computing Research Methods,First Semester,Undergraduate,6.0,In Person,2018
102,COMP6445,Advanced Computing Research Methods,First Semester,Postgraduate,6.0,In Person,2018
103,COMP4550,Advanced Computing Research Project,First Semester/Second Semester,Undergraduate,12.0,In Person,2018
104,PHIL3071,Advanced Continental Philosophy,,Undergraduate,6.0,In Person,2018
105,LAWS8218,Advanced Contracts,Winter Session,Postgraduate,6.0,In Person,2018
106,ENGN8224,Advanced Control Systems,Second Semester,Postgraduate,6.0,In Person,2018
107,FINM4015,Advanced Corporate Finance,First Semester/Second Semester,Undergraduate,6.0,In Person,2018
108,FINM8004,Advanced Corporate Finance,First Semester/Second Semester,Postgraduate,6.0,In Person,2018
109,MATH3346,Advanced Data Mining,,Undergraduate,6.0,In Person,2018
110,FINM3007,Advanced Derivatives Pricing and Applications,Second Semester,Undergraduate,6.0,In Person,2018
111,MATH3342,Advanced Differential Geometry,First Semester,Undergraduate,6.0,In Person,2018
112,EMSC4109,Advanced Earth Physics,Second Semester,Undergraduate,6.0,In Person,2018
113,EMSC8019,Advanced Earth Physics,Second Semester,Postgraduate,6.0,In Person,2018
114,PHYS3102,Advanced Electromagnetism,,Undergraduate,6.0,In Person,2018
115,PHIL3073,"Advanced Ethics, Social and Political Philosophy",Second Semester,Undergraduate,6.0,In Person,2018
116,BIOL3303,Advanced Field Studies in Functional Ecology,Winter Session/Spring Session,Undergraduate,6.0,In Person,2018
117,BIOL6303,Advanced Field Studies in Functional Ecology,Winter Session/Spring Session,Postgraduate,6.0,In Person,2018
118,ARCH8002,Advanced Field Training in Archaeological Science,Winter Session,Postgraduate,6.0,In Person,2018
119,LING6032,Advanced Forensic Linguistics: Forensic Voice and Text Comparison,,Postgraduate,6.0,In Person,2018
120,LING3032,Advanced Forensic Linguistics: Forensic Voice and Text Comparison,,Undergraduate,6.0,Online or In Person,2018
121,PSYC8061,Advanced Forensic Principles,,Postgraduate,6.0,In Person,2018
122,MATH3343,Advanced Foundations of Mathematics,First Semester,Undergraduate,6.0,In Person,2018
123,FREN3010,Advanced French I,First Semester,Undergraduate,6.0,In Person,2018
124,FREN6010,Advanced French I,First Semester,Postgraduate,6.0,In Person,2018
125,FREN3011,Advanced French II,Second Semester,Undergraduate,6.0,In Person,2018
126,FREN6011,Advanced French II,Second Semester,Postgraduate,6.0,In Person,2018
127,MATH3325,"Advanced Functional Analysis, Spectral theory and Applications",Second Semester,Undergraduate,6.0,In Person,2018
128,MATH6214,"Advanced Functional Analysis, Spectral theory and Applications",Second Semester,Postgraduate,6.0,In Person,2018
129,ACST8048,Advanced General Insurance,,Postgraduate,6.0,In Person,2018
130,EMSC8021,"Advanced Geochemistry, Petrology and Tectonics",First Semester,Postgraduate,6.0,In Person,2018
131,EMSC4121,"Advanced Geochemistry, Petrology and Tectonics",First Semester,Undergraduate,6.0,In Person,2018
132,ACST8049,Advanced Global Retirement Income Systems,,Postgraduate,6.0,In Person,2018
133,ACST4049,Advanced Global Retirement Income Systems,,Undergraduate,6.0,In Person,2018
134,PSYC8066,Advanced Health Psychology,,Postgraduate,6.0,In Person,2018
135,INDN6104,Advanced Indonesian:  History and Development of the Language,First Semester,Postgraduate,6.0,In Person,2018
136,INDN3104,Advanced Indonesian: History and Development of the Language,First Semester,Undergraduate,6.0,In Person,2018
137,INDN3015,Advanced Indonesian: Translation into English,,Undergraduate,6.0,In Person,2018
138,INDN6015,Advanced Indonesian: Translation into English,,Postgraduate,6.0,In Person,2018
139,ACST4045,Advanced Insurance,,Undergraduate,6.0,In Person,2018
140,ACST8045,Advanced Insurance,,Postgraduate,6.0,In Person,2018
141,LAWS4264,Advanced International Law,Second Semester,Undergraduate,6.0,In Person,2018
142,FINM4106,Advanced Investments,First Semester/Second Semester,Undergraduate,6.0,In Person,2018
143,FINM8006,Advanced Investments,First Semester/Second Semester,Postgraduate,6.0,In Person,2018
144,ANTH8034,Advanced Issues in Anthropology,Second Semester,Postgraduate,12.0,In Person,2018
145,ITAL3016,Advanced Italian Topics in Language and Literary Studies,Second Semester,Undergraduate,6.0,In Person,2018
146,ITAL6510,Advanced Italian Topics in Language and Literary Studies,Second Semester,Postgraduate,6.0,In Person,2018
147,ITAL3015,"Advanced Italian Topics in Language, Culture and Society",First Semester,Undergraduate,6.0,In Person,2018
148,ITAL6509,"Advanced Italian Topics in Language, Culture and Society",First Semester,Postgraduate,6.0,In Person,2018
149,JPNS3006,Advanced Japanese:  Language in Context,First Semester,Undergraduate,6.0,In Person,2018
150,JPNS6505,Advanced Japanese: Issues in Contemporary Japan,,Postgraduate,6.0,In Person,2018
151,JPNS3005,Advanced Japanese: Issues in Contemporary Japan,,Undergraduate,6.0,In Person,2018
152,JPNS6506,Advanced Japanese: Language in Context,First Semester,Postgraduate,6.0,In Person,2018
153,JPNS6507,Advanced Japanese: Readings in Culture and Society,,Postgraduate,6.0,In Person,2018
154,JPNS3007,Advanced Japanese: Readings in Culture and Society,,Undergraduate,6.0,In Person,2018
155,JPNS3008,Advanced Japanese: Readings in Literature,Second Semester,Undergraduate,6.0,In Person,2018
156,JPNS6508,Advanced Japanese: Readings in Literature,Second Semester,Postgraduate,6.0,In Person,2018
157,KORE3015,Advanced Korean: Film and Society,First Semester,Undergraduate,6.0,In Person,2018
158,KORE6017,Advanced Korean: Film and Society,First Semester,Postgraduate,6.0,In Person,2018
159,KORE3018,Advanced Korean: Literature and Media,Second Semester,Undergraduate,6.0,In Person,2018
160,KORE6018,Advanced Korean: Literature and Media,Second Semester,Postgraduate,6.0,In Person,2018
161,LATN3125,Advanced Latin,First Semester,Undergraduate,6.0,In Person,2018
162,LATN6125,Advanced Latin,First Semester,Postgraduate,6.0,In Person,2018
163,ACST8047,Advanced Life Insurance,,Postgraduate,6.0,In Person,2018
164,CHIN6015,Advanced Literary Chinese,First Semester/Second Semester,Postgraduate,6.0,Online or In Person,2018
165,CHIN3015,Advanced Literary Chinese,First Semester/Second Semester,Undergraduate,6.0,Online or In Person,2018
166,BUSN3003,Advanced Management Accounting,Second Semester,Undergraduate,6.0,In Person,2018
167,BUSN8003,Advanced Managerial Decision Making,Second Semester,Postgraduate,6.0,In Person,2018
168,STAT7007,Advanced Marketing Research Methods,,Postgraduate,6.0,In Person,2018
169,STAT3005,Advanced Marketing Research Methods,,Undergraduate,6.0,In Person,2018
170,MATH6208,Advanced Mathematical Bioinformatics,First Semester,Postgraduate,6.0,In Person,2018
171,MATH3353,Advanced Mathematical Bioinformatics,First Semester,Undergraduate,6.0,In Person,2018
172,STAT3056,Advanced Mathematical Statistics,Second Semester,Undergraduate,6.0,In Person,2018
173,STAT8056,Advanced Mathematical Statistics,Second Semester,Postgraduate,6.0,In Person,2018
174,MATH1116,Advanced Mathematics and Applications  2,Second Semester,Undergraduate,6.0,In Person,2018
175,MATH1115,Advanced Mathematics and Applications 1,First Semester/Second Semester,Undergraduate,6.0,In Person,2018
176,BIOL3203,Advanced Microscopy in Biosciences,Summer Session,Undergraduate,6.0,In Person,2018
177,BIOL6203,Advanced Microscopy in Biosciences,Summer Session,Postgraduate,6.0,In Person,2018
178,LAWS8165,Advanced Military Administrative Law,Spring Session,Postgraduate,9.0,In Person,2018
179,LAWS8164,Advanced Military Discipline Law,,Postgraduate,9.0,In Person,2018
180,LAWS8166,Advanced Military Operations Law,,Postgraduate,6.0,In Person,2018
181,CHIN3024,Advanced Modern Chinese A,First Semester,Undergraduate,6.0,In Person,2018
182,CHIN6524,Advanced Modern Chinese A,First Semester,Postgraduate,6.0,In Person,2018
183,CHIN3025,Advanced Modern Chinese B,Second Semester,Undergraduate,6.0,In Person,2018
184,CHIN6525,Advanced Modern Chinese B,Second Semester,Postgraduate,6.0,In Person,2018
185,EXTN1014,Advanced Music (Classical) ANU,Autumn Session,Undergraduate,6.0,In Person,2018
186,EXTN1013,Advanced Music (Jazz) ANU,Autumn Session,Undergraduate,6.0,In Person,2018
187,PERS3005,Advanced Persian A,First Semester,Undergraduate,6.0,Online or In Person,2018
188,PERS6005,Advanced Persian A,First Semester,Postgraduate,6.0,Online or In Person,2018
189,PERS6006,Advanced Persian B,Second Semester,Postgraduate,6.0,Online or In Person,2018
190,PERS3006,Advanced Persian B,Second Semester,Undergraduate,6.0,Online or In Person,2018
191,PHIL3074,Advanced Philosophical Topics,First Semester,Undergraduate,6.0,In Person,2018
192,CHEM3202,Advanced Physical & Materials Chemistry,First Semester,Undergraduate,6.0,In Person,2018
193,LAWS8248,Advanced Principles of Competition Law,,Postgraduate,6.0,In Person,2018
194,LAWS8183,Advanced Principles of International Law,Autumn Session,Postgraduate,6.0,In Person,2018
195,PHYS3101,Advanced Quantum Mechanics,,Undergraduate,6.0,In Person,2018
196,PHIL4011,Advanced Readings in Philosophy,First Semester/Second Semester,Undergraduate,6.0,In Person,2018
197,ENVS3019,Advanced Remote Sensing and GIS,Second Semester,Undergraduate,6.0,In Person,2018
198,ENVS6319,Advanced Remote Sensing and GIS,Second Semester,Postgraduate,6.0,In Person,2018
199,PSYC3018,Advanced Research Methods,Second Semester,Undergraduate,6.0,In Person,2018
200,EMDV9102,Advanced Research Methods for Environmental Management,,Research,6.0,In Person,2018
201,EMDV9066,Advanced Research Project in Environmental Management & Development,,Research,12.0,In Person,2018
202,EMDV9008,Advanced Research Proposal in Environmental Management & Development,,Research,6.0,In Person,2018
203,BIOL8702,Advanced Research Techniques,First Semester,Postgraduate,12.0,In Person,2018
204,SKRT3003,Advanced Sanskrit Literature B,Second Semester,Undergraduate,6.0,Online or In Person,2018
205,SKRT6003,Advanced Sanskrit Literature B,Second Semester,Postgraduate,6.0,Online or In Person,2018
206,SOCY9002,Advanced Social Research Methods,First Semester/Second Semester,Postgraduate,6.0,In Person,2018
207,SOCY9002,Advanced Social Research Methods,,Postgraduate,6.0,In Person,2018
208,SOCR8204,Advanced Social Science Approaches to Inform Policy Development and Service Delivery,Winter Session,Postgraduate,6.0,Online or In Person,2018
209,LING3033,Advanced Sociophonetics,First Semester,Undergraduate,6.0,In Person,2018
210,LING6033,Advanced Sociophonetics,First Semester,Postgraduate,6.0,In Person,2018
211,SPAN6510,Advanced Spanish Topics in Language and Culture,Second Semester,Postgraduate,6.0,In Person,2018
212,SPAN6509,Advanced Spanish Topics in Language and Linguistics,,Postgraduate,6.0,In Person,2018
213,SPAN3031,Advanced Spanish Topics in Language and Linguistics,,Undergraduate,6.0,In Person,2018
214,SPAN3030,Advanced Spanish topics in Language and Culture,Second Semester,Undergraduate,6.0,In Person,2018
215,PHYS3103,Advanced Statistical Mechanics,,Undergraduate,6.0,In Person,2018
216,STAT3006,Advanced Stochastic Processes,Second Semester,Undergraduate,6.0,In Person,2018
217,STAT7006,Advanced Stochastic Processes,Second Semester,Postgraduate,6.0,In Person,2018
218,SCNC2101,Advanced Studies 1,Summer Session/First Semester/Autumn Session/Winter Session/Second Semester/Spring Session,Undergraduate,6.0,In Person,2018
219,ARTS1101,Advanced Studies 1: Thinking Research,First Semester,Undergraduate,6.0,In Person,2018
220,SCNC2102,Advanced Studies 2,Summer Session/First Semester/Autumn Session/Winter Session/Second Semester/Spring Session,Undergraduate,6.0,In Person,2018
221,ARTS1102,Advanced Studies 2: Doing Research,Second Semester,Undergraduate,6.0,In Person,2018
222,ARTS2101,Advanced Studies 3,Summer Session/First Semester/Autumn Session/Winter Session/Second Semester/Spring Session,Undergraduate,6.0,In Person,2018
223,SCNC2103,Advanced Studies 3,Summer Session/First Semester/Autumn Session/Winter Session/Second Semester/Spring Session,Undergraduate,6.0,In Person,2018
224,ARTS2102,Advanced Studies 4,Summer Session/First Semester/Autumn Session/Winter Session/Second Semester/Spring Session,Undergraduate,6.0,In Person,2018
225,SCNC2104,Advanced Studies 4,Summer Session/First Semester/Autumn Session/Winter Session/Second Semester/Spring Session,Undergraduate,6.0,In Person,2018
226,SCNC3101,Advanced Studies 5,Summer Session/First Semester/Autumn Session/Winter Session/Second Semester/Spring Session,Undergraduate,6.0,In Person,2018
227,ARTS3101,Advanced Studies 5,Summer Session/First Semester/Autumn Session/Winter Session/Second Semester/Spring Session,Undergraduate,6.0,In Person,2018
228,SCNC3102,Advanced Studies 6,Summer Session/First Semester/Autumn Session/Winter Session/Second Semester/Spring Session,Undergraduate,6.0,In Person,2018
229,ARTS3102,Advanced Studies 6,Summer Session/First Semester/Autumn Session/Winter Session/Second Semester/Spring Session,Undergraduate,6.0,In Person,2018
230,ASIA1114,Advanced Studies in Asia and the Pacific 1,Summer Session/First Semester/Autumn Session/Winter Session/Second Semester/Spring Session,Undergraduate,6.0,In Person,2018
231,ASIA2114,Advanced Studies in Asia and the Pacific 2,Summer Session/First Semester/Autumn Session/Winter Session/Second Semester/Spring Session,Undergraduate,6.0,In Person,2018
232,ASIA3114,Advanced Studies in Asia and the Pacific 3,Summer Session/First Semester/Autumn Session/Winter Session/Second Semester/Spring Session,Undergraduate,6.0,In Person,2018
233,STST3004,Advanced Study in Asia-Pacific Security,,Undergraduate,6.0,In Person,2018
234,LAWS8030,Advanced Succession Practice,,Postgraduate,6.0,Online,2018
235,SOCR8010,Advanced Survey Data Analysis,Winter Session,Postgraduate,6.0,In Person,2018
236,SOCR8203,Advanced Techniques in the Creation of Social Science Data,,Postgraduate,6.0,Online or In Person,2018
237,PHYS3002,Advanced Theoretical Physics,Second Semester,Undergraduate,6.0,In Person,2018
238,MATH3354,Advanced Topics in Algebra,Second Semester,Undergraduate,6.0,In Person,2018
239,MATH6216,Advanced Topics in Algebra,Second Semester,Postgraduate,6.0,In Person,2018
240,COMP4620,Advanced Topics in Artificial Intelligence,,Undergraduate,6.0,In Person,2018
241,COMP8620,Advanced Topics in Artificial intelligence,,Postgraduate,6.0,In Person,2018
242,ENGN8637,Advanced Topics in Communications and Signal Processing,First Semester,Postgraduate,6.0,In Person,2018
243,INFS8201,Advanced Topics in Information Systems Research,First Semester,Postgraduate,6.0,Online,2018
244,INFS4201,Advanced Topics in Information Systems Research,First Semester,Undergraduate,6.0,In Person,2018
245,COMP8670,Advanced Topics in Logic and Computation,,Postgraduate,6.0,In Person,2018
246,COMP8650,Advanced Topics in Machine Learning,Second Semester,Postgraduate,6.0,In Person,2018
247,MATH3351,Advanced Topics in Mathematical Physics,First Semester,Undergraduate,6.0,In Person,2018
248,ENGN8536,Advanced Topics in Mechatronics Systems,Second Semester,Postgraduate,6.0,In Person,2018
249,PHIL4010,Advanced Topics in Philosophy,First Semester/Second Semester,Undergraduate,6.0,In Person,2018
250,ECON8901,"Advanced Topics in Poverty, Public Policy and Development",First Semester,Postgraduate,6.0,In Person,2018
251,BIOL8002,Advanced Topics in Quantitative Biology and Bioinformatics,,Postgraduate,6.0,In Person,2018
252,ENGN8527,Advanced Topics in Solar Energy Technologies,,Postgraduate,6.0,In Person,2018
253,COMP4680,Advanced Topics in Statistical Machine Learning,Second Semester,Undergraduate,6.0,In Person,2018
254,EMSC8018,Advanced Water and Marine Geosciences,First Semester,Postgraduate,6.0,In Person,2018
255,EMSC4018,Advanced Water and Marine Geosciences,First Semester,Undergraduate,6.0,In Person,2018
256,LAWS8321,Advanced Will Drafting,Spring Session,Postgraduate,6.0,Online,2018
257,BIOL3144,Advanced and Applied Immunology,Second Semester,Undergraduate,6.0,In Person,2018
258,BIOL6144,Advanced and Applied Immunology,Second Semester,Postgraduate,6.0,In Person,2018
259,BIOL3107,Advances in Medical and Plant Biochemistry,First Semester,Undergraduate,6.0,In Person,2018
260,BIOL6107,Advances in Medical and Plant Biochemistry,First Semester,Postgraduate,6.0,In Person,2018
261,BIOL3177,Advances in Molecular Plant Science,First Semester,Undergraduate,6.0,In Person,2018
262,BIOL6177,Advances in Molecular Plant Science,First Semester,Postgraduate,6.0,In Person,2018
263,MKTG2033,Advertising,First Semester,Undergraduate,6.0,In Person,2018
264,LAWS8327,Advocacy,Winter Session,Postgraduate,6.0,Online or In Person,2018
265,LAWS8132,Advocacy - Family Law,Summer Session,Postgraduate,6.0,In Person,2018
266,IDEC8018,Agricultural Economics and Resource Policy,Second Semester,Postgraduate,6.0,In Person,2018
267,IDEC8007,Aid and Development Policy,First Semester,Postgraduate,6.0,In Person,2018
268,ASIA2747,"Airlines in Asia and the Pacific: Histories, Technologies, Cultures, and Geographies",,Undergraduate,6.0,In Person,2018
269,CRIM6005,"Alcohol, Drugs and Crime: Promoting Health and Preventing Consequences",First Semester,Postgraduate,6.0,In Person,2018
270,CRIM2005,"Alcohol, Drugs and Crime: Promoting Health and Preventing Consequences",First Semester,Undergraduate,6.0,In Person,2018
271,ANCH2022,Alexander the Great and the Hellenistic World,,Undergraduate,6.0,In Person,2018
272,ASGS1005,Algebra,First Semester,Undergraduate,6.0,In Person,2018
273,MATH6118,"Algebra 1:  Groups, Rings and Advanced Linear Algebra",Second Semester,Postgraduate,6.0,In Person,2018
274,MATH6215,Algebra 2: Field extensions and Galois Theory,First Semester,Postgraduate,6.0,In Person,2018
275,MATH1003,Algebra and Calculus Methods,First Semester,Undergraduate,6.0,In Person,2018
276,ANUC1003,Algebra and Calculus Methods,First Semester/Second Semester,Undergraduate,6.0,In Person,2018
277,MATH6204,Algebraic Topology,Second Semester,Postgraduate,6.0,In Person,2018
278,MATH4204,Algebraic Topology Honours,Second Semester,Undergraduate,6.0,In Person,2018
279,COMP3600,Algorithms,Second Semester,Undergraduate,6.0,In Person,2018
280,COMP6466,Algorithms,Second Semester,Postgraduate,6.0,In Person,2018
281,NSPO8024,American National Security Policy,First Semester,Postgraduate,6.0,In Person,2018
282,HIST2126,American Sixties,Second Semester,Undergraduate,6.0,In Person,2018
283,HIST6126,American Sixties,Second Semester,Postgraduate,6.0,In Person,2018
284,ARCH8104,An Introduction to Cultural and Environmental Heritage,First Semester,Postgraduate,6.0,Online or In Person,2018
285,ARCH4001,An Introduction to Cultural and Environmental Heritage,First Semester,Undergraduate,6.0,In Person,2018
286,ANUC1104,Analysing the Social World: An Introduction to Social Psychology,Second Semester,Undergraduate,6.0,In Person,2018
287,SOCY1004,Analysing the Social World: An Introduction to Social Psychology,Second Semester,Undergraduate,6.0,In Person,2018
288,MATH6110,Analysis 1: Metric spaces and Applications,First Semester,Postgraduate,6.0,In Person,2018
289,MATH6212,"Analysis 2: Topology, Lebesgue Integration and Hilbert Spaces",First Semester,Postgraduate,6.0,In Person,2018
290,BUSN4007,Analysis of Financial Reporting,First Semester/Second Semester,Undergraduate,6.0,In Person,2018
291,BUSN8007,Analysis of Financial Reporting,First Semester/Second Semester,Postgraduate,6.0,In Person,2018
292,POPH8313,Analysis of Public Health Data,Second Semester,Postgraduate,6.0,Online or In Person,2018
293,POPH8913,Analysis of Public Health Data,,Research,6.0,In Person,2018
294,BIAN6518,Analysis of Vertebrate Remains,Second Semester,Postgraduate,6.0,In Person,2018
295,BIAN3016,Analysis of Vertebrate Remains,Second Semester,Undergraduate,6.0,In Person,2018
296,EMSC8022,Analytical Techniques,First Semester/Second Semester,Postgraduate,6.0,In Person,2018
297,EMSC4122,Analytical Techniques,First Semester/Second Semester,Undergraduate,3.0,In Person,2018
298,EMSC8024,Analytical Techniques and Data Analysis,Second Semester,Postgraduate,6.0,In Person,2018
299,EMSC4020,Analytical Techniques and Data Analysis,Second Semester,Undergraduate,6.0,In Person,2018
300,ANCH6103,Ancient Athens: democracy and empire,First Semester,Postgraduate,6.0,In Person,2018
301,ANCH1013,Ancient Athens: democracy and empire,First Semester,Undergraduate,6.0,In Person,2018
302,BIAN8010,Ancient Behaviour: Advanced Topics in Bioarchaeology,Second Semester,Postgraduate,6.0,In Person,2018
303,BIAN6512,Ancient Health & Disease,Second Semester,Postgraduate,6.0,In Person,2018
304,BIAN3125,Ancient Health & Disease,Second Semester,Undergraduate,6.0,In Person,2018
305,BIAN6519,Ancient Medicine,First Semester,Postgraduate,6.0,In Person,2018
306,BIAN2130,Ancient Medicine,First Semester,Undergraduate,6.0,In Person,2018
307,ANCH6013,Ancient World in Film,,Postgraduate,6.0,In Person,2018
308,ANCH2021,Ancient World in Film,,Undergraduate,6.0,In Person,2018
309,LAWS6234,Animals & the Law,,Postgraduate,6.0,Online,2018
310,ARCH6108,"Animals, Plants & People",,Postgraduate,6.0,In Person,2018
311,ARCH3108,"Animals, Plants and People",,Undergraduate,6.0,In Person,2018
312,ARTV6000,Animation,First Semester/Second Semester,Postgraduate,6.0,In Person,2018
313,ARTV3616,Animation and Video 8: Independent Work Proposal,Second Semester,Undergraduate,6.0,In Person,2018
314,ARTV2610,Animation and Video: Character development,First Semester,Undergraduate,6.0,In Person,2018
315,ARTV1104,Animation and Video: Digital Equipment and Studios,Second Semester,Undergraduate,6.0,In Person,2018
316,ARTV2613,Animation and Video: Landscape and Environment,Second Semester,Undergraduate,6.0,In Person,2018
317,ARTV2614,Animation and Video: Non-linear Forms,Second Semester,Undergraduate,6.0,In Person,2018
318,ARTV3615,Animation and Video: Project Development.,First Semester,Undergraduate,6.0,In Person,2018
319,ARTV1103,Animation and Video: The Digital Workspace,First Semester,Undergraduate,6.0,In Person,2018
320,ARTV2609,Animation and Video: Visual Storytelling,First Semester,Undergraduate,6.0,In Person,2018
321,ARTV2615,Animation: Creative Possibilities,First Semester/Second Semester,Undergraduate,6.0,In Person,2018
322,CHMD8009,Anthropological Approaches to Health Interventions,Second Semester,Postgraduate,6.0,Online or In Person,2018
323,CHMD8010,Anthropological Concepts for Health Research: From Risk to Suffering,,Postgraduate,6.0,Online or In Person,2018
324,ANTH8102,Anthropological Field Methods,Autumn Session,Postgraduate,12.0,In Person,2018
325,ANTH9949,Anthropological Methods for PhD students,Autumn Session,Postgraduate,12.0,In Person,2018
326,ANTH8949P,Anthropological Methods for PhD students,,Research,12.0,In Person,2018
327,ANTH8949F,Anthropological Methods for PhD students,,Research,12.0,In Person,2018
328,ANTH9901,Anthropology PhD Thesis Writing Workshop,First Semester/Second Semester,Postgraduate,12.0,In Person,2018
329,ANTH8901F,Anthropology PhD Thesis Writing Workshop,,Research,12.0,In Person,2018
330,ANTH8901P,Anthropology PhD Thesis Writing Workshop,,Research,12.0,In Person,2018
331,ASIA2280,Anthropology and Technology in India,Second Semester,Undergraduate,6.0,In Person,2018
332,ANTH6010,Anthropology of Art,,Postgraduate,6.0,In Person,2018
333,BIAN2064,Anthropology of Environmental Disasters,First Semester,Undergraduate,6.0,In Person,2018
334,ANTH6064,Anthropology of Environmental Disasters,First Semester,Postgraduate,6.0,In Person,2018
335,ARAB3010,Applied Arabic,Spring Session,Undergraduate,12.0,In Person,2018
336,ARAB6511,Applied Arabic,Spring Session,Postgraduate,12.0,In Person,2018
337,LAWS8650,Applied Australian Migration Law and Practice,First Semester,Postgraduate,6.0,Online or In Person,2018
338,FINM7007,Applied Corporate Finance,First Semester/Second Semester,Postgraduate,6.0,In Person,2018
339,FINM7041,Applied Derivatives,First Semester/Second Semester,Postgraduate,6.0,In Person,2018
340,IDEC8020,Applied Economic Dynamics,First Semester,Postgraduate,6.0,In Person,2018
341,ECON4485,Applied Economic Honours Research Essay,,Undergraduate,6.0,In Person,2018
342,IDEC8001,Applied Economics: Cost/Benefit Analysis,Second Semester,Postgraduate,6.0,In Person,2018
343,PREP1123,Applied English: Argument and Debate,Spring Session,Undergraduate,6.0,In Person,2018
344,PREP1122,Applied English: Essay Writing,Autumn Session,Undergraduate,6.0,In Person,2018
345,MGMT8020,Applied Entrepreneurship and Innovation,Second Semester,Postgraduate,6.0,In Person,2018
346,EMDV8108,Applied Environmental and Resource Management,,Postgraduate,6.0,In Person,2018
347,POPH8310,Applied Epidemiological Methods,,Postgraduate,6.0,In Person,2018
348,POPH8920F,Applied Epidemiology Thesis,,Research,1.0,Online or In Person,2018
349,POPH8920P,Applied Epidemiology Thesis,,Research,1.0,Online or In Person,2018
350,PHIL2085,Applied Ethics,,Undergraduate,6.0,In Person,2018
351,FINM8014,Applied Financial Intermediation and Debt Markets,First Semester,Postgraduate,6.0,In Person,2018
352,FINM7006,Applied Foundations of Finance,First Semester/Second Semester,Postgraduate,6.0,In Person,2018
353,ECON8073,Applied Health Econometrics,,Postgraduate,6.0,In Person,2018
354,FINM7042,Applied International Financial Management,,Postgraduate,6.0,In Person,2018
355,FINM7008,Applied Investments,First Semester/Second Semester,Postgraduate,6.0,In Person,2018
356,EMET4310,Applied Macro & Financial Econometrics,Second Semester,Undergraduate,6.0,In Person,2018
357,EMET3008,Applied Macro and Financial Econometrics,Second Semester,Undergraduate,6.0,In Person,2018
358,EMET8010,Applied Macro and Financial Econometrics,Second Semester,Postgraduate,6.0,In Person,2018
359,MKTG7060,Applied Market Research,Second Semester,Postgraduate,6.0,In Person,2018
360,MATH2305,Applied Mathematics I,First Semester,Undergraduate,6.0,In Person,2018
361,MATH2306,Applied Mathematics II,Second Semester,Undergraduate,6.0,In Person,2018
362,EMET4301,Applied Micro-econometrics,First Semester,Undergraduate,6.0,In Person,2018
363,EMET3006,Applied Micro-econometrics,First Semester,Undergraduate,6.0,In Person,2018
364,LAWS8170,Applied Migration Law,Autumn Session,Postgraduate,6.0,Online,2018
365,PERS6007,Applied Persian,,Postgraduate,12.0,In Person,2018
366,PERS3007,Applied Persian,,Undergraduate,12.0,In Person,2018
367,CRWF7000,Applied Policy Project,Second Semester,Postgraduate,6.0,In Person,2018
368,SOCY3030,Applied Policy Project,Second Semester,Undergraduate,6.0,In Person,2018
369,FINM8016,Applied Portfolio Construction,First Semester/Second Semester,Postgraduate,6.0,In Person,2018
370,FINM8100,Applied Project in Finance,First Semester/Second Semester,Postgraduate,6.0,In Person,2018
371,PSYC8062,Applied Psychology Internship,,Postgraduate,6.0,In Person,2018
372,PSYC8063,Applied Psychology Research Project,,Postgraduate,6.0,In Person,2018
373,STAT8053,Applied Research Essay,First Semester/Second Semester,Postgraduate,6.0,In Person,2018
374,FINM7038,Applied Research Essay,,Postgraduate,3.0,In Person,2018
375,FINM7011,Applied Research Project 1,First Semester/Second Semester,Postgraduate,6.0,In Person,2018
376,STAT7001,Applied Statistics,Autumn Session/Second Semester,Postgraduate,6.0,In Person,2018
377,STAT3008,Applied Statistics,Second Semester,Undergraduate,6.0,In Person,2018
378,STAT4102,Applied Time Series Analysis,First Semester,Undergraduate,6.0,In Person,2018
379,STAT8002,Applied Time Series Analysis,First Semester,Postgraduate,6.0,In Person,2018
380,MMIB8001,Applied Topics in Business Studies 1,First Semester/Second Semester,Postgraduate,6.0,In Person,2018
381,MMIB8002,Applied Topics in Business Studies 2,First Semester/Second Semester,Postgraduate,12.0,In Person,2018
382,FINM7044,Applied Valuation,First Semester/Second Semester,Postgraduate,6.0,In Person,2018
383,ECON4402,Applied Welfare Economics,,Undergraduate,6.0,In Person,2018
384,ECON8002,Applied Welfare Economics,,Postgraduate,6.0,In Person,2018
385,EMET8001,Applied micro-econometrics,First Semester,Postgraduate,6.0,In Person,2018
386,BIOL6210,Appreciating parasites: from molecules to ecosystems,,Postgraduate,6.0,In Person,2018
387,BIOL3210,Appreciating parasites: from molecules to ecosystems,,Undergraduate,6.0,In Person,2018
388,INTR8072,Approaches and Methods in International Relations,Second Semester,Postgraduate,6.0,In Person,2018
389,INTR9072,Approaches and Methods in International Relations,Second Semester,Postgraduate,6.0,In Person,2018
390,HIST6110,Approaches to History,First Semester,Postgraduate,6.0,Online or In Person,2018
391,HIST2110,Approaches to History,First Semester,Undergraduate,6.0,In Person,2018
392,MEAS8121,Approaches to the Study of Modern Muslim Societies,First Semester,Postgraduate,6.0,In Person,2018
393,ARAB3008,Arab Current Affairs and Media Arabic,Second Semester,Undergraduate,6.0,Online,2018
394,ARAB6510,Arab Current Affairs and Media Arabic,Second Semester,Postgraduate,6.0,Online,2018
395,ARCH2061,Archaeological Field Methods,,Undergraduate,6.0,In Person,2018
396,ARCH2055,Archaeological Fieldschool,Summer Session/Winter Session/Second Semester,Undergraduate,6.0,In Person,2018
397,ARCH2007,Archaeological Laboratory Methods,First Semester,Undergraduate,6.0,In Person,2018
398,ARCH8043,Archaeological Science Extended Internship,Summer Session/First Semester/Autumn Session/Winter Session/Second Semester/Spring Session,Postgraduate,12.0,In Person,2018
399,ARCH8042,Archaeological Science Internship,Summer Session/First Semester/Autumn Session/Winter Session/Second Semester/Spring Session,Postgraduate,6.0,In Person,2018
400,ARCH8030,Archaeological Science Research Project 1,Summer Session/First Semester/Autumn Session/Winter Session/Second Semester/Spring Session,Postgraduate,6.0,Online or In Person,2018
401,ARCH8031,Archaeological Science Research Project 2,Summer Session/First Semester/Autumn Session/Winter Session/Second Semester/Spring Session,Postgraduate,6.0,Online or In Person,2018
402,ARCH4002,Archaeology Honours Research Seminar,First Semester,Undergraduate,6.0,In Person,2018
403,ARCH4003,Archaeology Honours Writing Seminar,Second Semester,Undergraduate,6.0,In Person,2018
404,ARCH1111,Archaeology Uncovered,First Semester,Undergraduate,6.0,In Person,2018
405,ARCH2052,Archaeology in Film and Fiction,First Semester,Undergraduate,6.0,In Person,2018
406,ASIA2203,Archaeology of China,,Undergraduate,6.0,In Person,2018
407,ARCH6521,Archaeology of Death and Mortuary Practices,,Postgraduate,6.0,In Person,2018
408,ARCH3028,Archaeology of Death and Mortuary Practices,,Undergraduate,6.0,In Person,2018
409,ARCH6030,Archaeology of Ritual and Religion,First Semester,Postgraduate,6.0,In Person,2018
410,ARCH3030,Archaeology of Ritual and Religion,First Semester,Undergraduate,6.0,In Person,2018
411,ARCH2050,Archaeology of Southeast Asia,Second Semester,Undergraduate,6.0,In Person,2018
412,ARCH2005,Archaeology of the Pacific Islanders,,Undergraduate,6.0,In Person,2018
413,ARCH6005,Archaeology of the Pacific Islanders,,Postgraduate,6.0,In Person,2018
414,ARCH8033,"Archaeology, Climate Change and Society",,Postgraduate,6.0,Online or In Person,2018
415,ARTH8020,Arguing Objects,Spring Session,Postgraduate,6.0,In Person,2018
416,ARTH3001,Art History and Curatorship Internship,Second Semester,Undergraduate,12.0,In Person,2018
417,ARTH4016,Art Museum Internship: Audience Development,Second Semester,Undergraduate,6.0,In Person,2018
418,ARTH8015,Art Museum Internship: Audience Development,Second Semester,Postgraduate,6.0,In Person,2018
419,ARTH4015,Art Museum Internship: Collection Management,First Semester,Undergraduate,6.0,In Person,2018
420,ARTH8014,Art Museum Internship: Collection Management,First Semester,Postgraduate,6.0,In Person,2018
421,ARTH6059,Art and Architecture of Asia:  Continuity and Change,,Postgraduate,6.0,Online or In Person,2018
422,ARTH2059,Art and Architecture of Asia: Histories and Traditions,,Undergraduate,6.0,In Person,2018
423,ARTH2056,Art and Architecture of Southeast Asia: Tradition and Transformation,Second Semester,Undergraduate,6.0,In Person,2018
424,ARTH6056,Art and Architecture of Southeast Asia: Tradition and Transformation,Second Semester,Postgraduate,6.0,Online or In Person,2018
425,ARTH1006,Art and Design Histories: Form and Space,First Semester,Undergraduate,6.0,In Person,2018
426,ANUC1120,Art and Design Histories: Making and Meaning,Second Semester,Undergraduate,6.0,In Person,2018
427,ARTH1007,Art and Design Histories: Making and Meaning,Second Semester,Undergraduate,6.0,In Person,2018
428,COMP6720,Art and Interaction in New Media,Second Semester,Postgraduate,6.0,In Person,2018
429,COMP1720,Art and Interaction in New Media,Second Semester,Undergraduate,6.0,In Person,2018
430,ARTH6044,Art and Its Context: Materials Techniques Display,First Semester,Postgraduate,6.0,Online or In Person,2018
431,ARTH2044,"Art and Its Context: Materials, Techniques, Display",First Semester,Undergraduate,6.0,In Person,2018
432,ARTH3057,Art and Politics of Collecting,,Undergraduate,6.0,In Person,2018
433,ARTH6080,"Art and Visual Culture of the Long Eighteenth Century, 1660-1815",,Postgraduate,6.0,In Person,2018
434,ARTH2080,"Art and Visual Culture of the Long Eighteenth Century, 1660-1815",,Undergraduate,6.0,In Person,2018
435,COMP1030,Art of Computing,,Undergraduate,6.0,In Person,2018
436,STST8121,Art of War I,Autumn Session,Postgraduate,12.0,In Person,2018
437,STST8122,Art of War II,Autumn Session,Postgraduate,12.0,In Person,2018
438,STST8123,Art of War III,Winter Session,Postgraduate,12.0,In Person,2018
439,STST8124,Art of War IV,Spring Session,Postgraduate,6.0,In Person,2018
440,ARTH2081,"Art of the European Courts, 1500-1815",Winter Session,Undergraduate,12.0,In Person,2018
441,ARTH6081,"Art of the European Courts, 1500-1815",Winter Session,Postgraduate,12.0,In Person,2018
442,ARTH2052,Art of the Modern Print,First Semester,Undergraduate,6.0,In Person,2018
443,ARTH6052,Art of the Modern Print,First Semester,Postgraduate,6.0,Online or In Person,2018
444,ARTH2082,"Art, War and Conflict",,Undergraduate,6.0,In Person,2018
445,ARTH6082,"Art, War and Conflict",,Postgraduate,6.0,In Person,2018
446,COMP6320,Artificial Intelligence,First Semester,Postgraduate,6.0,In Person,2018
447,COMP3620,Artificial Intelligence,First Semester,Undergraduate,6.0,In Person,2018
448,ARTS8101,Arts & Social Sciences: Research methods and techniques,Summer Session/First Semester/Autumn Session/Winter Session/Second Semester/Spring Session,Postgraduate,6.0,In Person,2018
449,EMDV8009,Asia Pacific Environmental Conflicts: Causes and Solutions,,Postgraduate,6.0,In Person,2018
450,INTR8022,Asia Pacific Security,First Semester,Postgraduate,6.0,In Person,2018
451,ASIA3023,Asia Pacific Week Internship,First Semester/Autumn Session,Undergraduate,6.0,In Person,2018
452,ASIA1030,Asia and the Pacific in Motion,Second Semester,Undergraduate,6.0,In Person,2018
453,ASIA1025,"Asia and the Pacific: Power, diversity and change",First Semester,Undergraduate,6.0,In Person,2018
454,ASIA8037,Asia and the World,,Postgraduate,6.0,In Person,2018
455,ASIA2220,Asia-Pacific In-Country Learning,Winter Session,Undergraduate,6.0,In Person,2018
456,ARTH2104,Asian Art In-Country,Summer Session,Undergraduate,12.0,In Person,2018
457,ARTH6104,Asian Art In-Country,Summer Session,Postgraduate,12.0,In Person,2018
458,BUSI7055,Asian Business Systems,Second Semester,Postgraduate,6.0,In Person,2018
459,FINM3045,Asian Capital Markets,First Semester/Second Semester,Undergraduate,6.0,In Person,2018
460,FINM7045,Asian Capital Markets,First Semester/Second Semester,Postgraduate,6.0,In Person,2018
461,ECHI2119,"Asian Giants: India, China and Japan; Alternate Paths to Prosperity(H)",,Undergraduate,6.0,In Person,2018
462,ECHI2109,"Asian Giants: India, China and Japan; Alternate Paths to Prosperity(P)",,Undergraduate,6.0,In Person,2018
463,ASIA2065,Asian Politics: From Concepts to Causes,Second Semester,Undergraduate,6.0,In Person,2018
464,NSPO8015,Asian Regionalism and Security: Implications for Australia,,Postgraduate,6.0,In Person,2018
465,ASIA2098,Asian and Pacific Studies Internship,Second Semester/Spring Session,Undergraduate,6.0,In Person,2018
466,LING2029,Assessing Language,Second Semester,Undergraduate,6.0,In Person,2018
467,LING6029,Assessing Language,Second Semester,Postgraduate,6.0,In Person,2018
468,EMDV8123,Assessing Vulnerability to Natural Hazards,,Postgraduate,6.0,Online or In Person,2018
469,FINM7013,Asset Pricing,,Postgraduate,3.0,In Person,2018
470,ASTR8004,Astronomical Computing,,Postgraduate,6.0,In Person,2018
471,ASTR4004,Astronomical Computing,,Undergraduate,6.0,In Person,2018
472,ASTR4005,Astronomy and Astrophysics IV Honours Research Project,First Semester/Second Semester,Undergraduate,6.0,In Person,2018
473,ASTR8001,Astronomy and Astrophysics Research Project,First Semester/Second Semester,Postgraduate,3.0,In Person,2018
474,ASTR8002,Astrophysical Gas Dynamics,Second Semester,Postgraduate,6.0,In Person,2018
475,ASTR4012,Astrophysical Gas Dynamics,Second Semester,Undergraduate,6.0,In Person,2018
476,ASTR1001,Astrophysics,First Semester/Second Semester,Undergraduate,6.0,Online,2018
477,ASTR8010,Astrophysics Research Project,First Semester/Second Semester,Postgraduate,6.0,In Person,2018
478,ASTR3005,Astrophysics Research Topic,First Semester/Second Semester,Undergraduate,6.0,In Person,2018
479,PHYS3031,Atomic Physics: Atom-light interactions,Second Semester,Undergraduate,6.0,In Person,2018
480,BUSN3002,Auditing,First Semester/Second Semester,Undergraduate,6.0,In Person,2018
481,BUSN8012,Auditing Concepts and Issues,,Postgraduate,6.0,In Person,2018
482,BUSN7054,Auditing and Assurance Services,First Semester/Second Semester,Postgraduate,6.0,In Person,2018
483,STST2003,Australia and Security in the Pacific Islands,First Semester,Undergraduate,6.0,In Person,2018
484,HIST8017,Australia and the World at War,,Postgraduate,6.0,Online or In Person,2018
485,PASI6002,Australia in Oceania in the 19th and 20th centuries,Second Semester,Postgraduate,6.0,In Person,2018
486,PASI2002,Australia in Oceania in the 19th and 20th centuries,Second Semester,Undergraduate,6.0,In Person,2018
487,ENVS6104,Australia's Environment,Second Semester,Postgraduate,6.0,In Person,2018
488,ENVS1004,Australia's Environment,Second Semester,Undergraduate,6.0,In Person,2018
489,NSPO8002,Australia's National Security Challenges,,Postgraduate,6.0,In Person,2018
490,NSPO8001,Australia's National Security Community,,Postgraduate,6.0,In Person,2018
491,NSPO8005,Australia's Security Challenges,,Postgraduate,12.0,In Person,2018
492,STST3002,Australia's Security in the Asian Century,First Semester,Undergraduate,6.0,In Person,2018
493,STST8100,Australia's Strategic and Defence Policy,Winter Session,Postgraduate,6.0,In Person,2018
494,LAWS8168,Australia's Visa System,,Postgraduate,6.0,Online,2018
495,JPNS9550F,"Australia/Japan Research Centre, Crawford School of Economics and Government",,Research,24.0,In Person,2018
496,JPNS9550P,"Australia/Japan Research Centre, Crawford School of Economics and Government",,Research,24.0,In Person,2018
497,ARCH2004,Australian Archaeology,,Undergraduate,6.0,In Person,2018
498,ARCH6004,Australian Archaeology,,Postgraduate,6.0,In Person,2018
499,ARTH2171,Australian Art: The Modern Period,,Undergraduate,6.0,In Person,2018
500,LAWS8068,Australian Aviation Law,Summer Session,Postgraduate,6.0,In Person,2018
501,FILM2066,Australian Cinema: The Kelly Gang to Baz Luhrmann's Australia,First Semester,Undergraduate,6.0,In Person,2018
502,LAWS8181,Australian Climate Law,,Postgraduate,6.0,In Person,2018
503,ENGL6024,"Australian Crimes: Crime Narratives on Page, Stage and Screen",,Postgraduate,6.0,In-Person and Online,2018
504,ENGL2081,"Australian Crimes: Crime narratives on page, stage and screen",,Undergraduate,6.0,In Person,2018
505,LAWS8012,Australian Disaster Law,,Postgraduate,6.0,In Person,2018
506,ECHI2112,Australian Economic History(H),,Undergraduate,6.0,In Person,2018
507,ECHI2102,Australian Economic History(P),,Undergraduate,6.0,In Person,2018
508,LAWS8240,Australian Human Rights and Discrimination,Autumn Session,Postgraduate,6.0,In Person,2018
509,INDG8001,Australian Indigenous Development,Second Semester,Postgraduate,6.0,Online or In Person,2018
510,INDG8002,Australian Indigenous Development (Advanced),Second Semester,Postgraduate,12.0,Online or In Person,2018
511,INDG8004,Australian Indigenous Policy,First Semester,Postgraduate,6.0,Online or In Person,2018
512,INDG8005,Australian Indigenous Policy (Advanced),First Semester,Postgraduate,12.0,Online or In Person,2018
513,LAWS4273,Australian Legal History,,Undergraduate,6.0,In Person,2018
514,LAWS8328,Australian Legal Responses to National Security and Counter Terrorism,Autumn Session,Postgraduate,6.0,In Person,2018
515,LAWS8167,Australian Migration Law,,Postgraduate,6.0,Online,2018
516,MUSI2225,Australian Music Culture Studies,,Undergraduate,6.0,In Person,2018
517,ANIP3005,Australian National Internship B,Summer Session/First Semester/Second Semester,Undergraduate,12.0,In Person,2018
518,ANIP6505,Australian National Internships Program B,Summer Session/First Semester/Second Semester,Postgraduate,12.0,In Person,2018
519,ANIP6507,Australian National Internships Program D,First Semester/Second Semester,Postgraduate,24.0,In Person,2018
520,ANIP3007,Australian National Internships Program D,First Semester/Second Semester,Undergraduate,24.0,In Person,2018
521,ANIP4001,Australian National Internships Program Honours Internship A,Second Semester,Undergraduate,6.0,In Person,2018
522,ANIP3003,Australian National Internships Program Internship A,First Semester/Second Semester,Undergraduate,6.0,In Person,2018
523,ANIP6503,Australian National Internships Program Internship A (Graduate),First Semester/Second Semester,Postgraduate,6.0,In Person,2018
524,LAWS4285,Australian National Security Law,Second Semester,Undergraduate,6.0,In Person,2018
525,HIST2227,Australian Political History,Second Semester,Undergraduate,6.0,In Person,2018
526,POLS2114,Australian Political Institutions,Second Semester,Undergraduate,6.0,In Person,2018
527,LAWS1205,Australian Public Law,First Semester,Undergraduate,6.0,In Person,2018
528,LAWS6105,Australian Public Law,First Semester/Second Semester,Postgraduate,6.0,In Person,2018
529,LAWS8711,Australian Public Law & International Law A,,Postgraduate,8.0,Online,2018
530,LAWS8712,Australian Public Law & International Law B,,Postgraduate,8.0,Online,2018
531,STST8004,Australian Strategic and Defence Policy,Second Semester,Postgraduate,6.0,In Person,2018
532,PREP1104,Australian Studies,First Semester,Undergraduate,6.0,In Person,2018
533,LING2040,Austronesian languages,,Undergraduate,6.0,In Person,2018
534,BIOL3193,Bacteria and Health:  An Ecological and Evolutionary Perspective,Second Semester,Undergraduate,6.0,In Person,2018
535,ANCH3503,Bad Neighbours: Law and life in ancient Athens,Second Semester,Undergraduate,6.0,In Person,2018
536,ANCH6502,Bad neighbours: evidence of Athenian life from 4th century law-court speeches,Second Semester,Postgraduate,6.0,In Person,2018
537,LEGW8010,Banking & Finance Law,Summer Session/Autumn Session/Winter Session,Postgraduate,3.0,Online,2018
538,LAWS4282,Bankruptcy and Insolvency,,Undergraduate,6.0,In Person,2018
539,COMP1007,Basics of Computer Science,,Undergraduate,6.0,In Person,2018
540,LEGW8141,Becoming a Practitioner,Summer Session/Autumn Session/Winter Session/Spring Session,Postgraduate,6.0,In Person,2018
541,ECON2013,Behavioral Economics,Second Semester,Undergraduate,6.0,In Person,2018
542,GERM3049,"Berlin Stories: Places, Words, Images",,Undergraduate,6.0,In Person,2018
543,GERM6510,"Berlin Stories: Places, Words, Images",,Postgraduate,6.0,In Person,2018
544,HUMN8006,Best Practice in Managing Heritage Places,Autumn Session,Postgraduate,6.0,In Person,2018
545,STAT7017,Big Data Statistics,Second Semester,Postgraduate,6.0,In Person,2018
546,STAT3017,Big Data Statistics,Second Semester,Undergraduate,6.0,In Person,2018
547,BIOL6201,Big Questions in Biology,First Semester,Postgraduate,6.0,In Person,2018
548,BIOL3201,Big Questions in Biology,First Semester,Undergraduate,6.0,In Person,2018
549,ENGN4820,Bio Micro and Nano Electro-Mechanical Systems (BioMEMS and BioNEMS),Second Semester,Undergraduate,6.0,In Person,2018
550,COMP4660,Bio-inspired Computing: Applications and Interfaces,First Semester,Undergraduate,6.0,In Person,2018
551,COMP8420,Bio-inspired Computing: Applications and Interfaces,First Semester/Autumn Session,Postgraduate,6.0,In Person,2018
552,BIOL2171,Biochemistry and Nutrition,First Semester,Undergraduate,6.0,In Person,2018
553,BIOL6171,Biochemistry and Nutrition,First Semester,Postgraduate,6.0,In Person,2018
554,ENVS6024,Biodiversity Conservation,Second Semester,Postgraduate,6.0,In Person,2018
555,ENVS3039,Biodiversity Conservation,Second Semester,Undergraduate,6.0,In Person,2018
556,LAWS8280,Biodiversity Law and Policy,Spring Session,Postgraduate,6.0,Online,2018
557,ENVS2001,"Biodiversity Science: Wildlife, Vegetation and Landscape Ecology",Second Semester,Undergraduate,6.0,Online or In Person,2018
558,ENVS6201,Biodiversity for Resource Management and Sustainability,Second Semester,Postgraduate,6.0,Online or In Person,2018
559,HIST8011,Biography and History,Second Semester,Postgraduate,6.0,Online or In Person,2018
560,HUMN8009,Biography and Society,,Postgraduate,6.0,In Person,2018
561,MATH6100,Bioinformatics and Biological Modelling,Second Semester,Postgraduate,6.0,In Person,2018
562,MATH2307,Bioinformatics and Biological Modelling,Second Semester,Undergraduate,6.0,In Person,2018
563,BIOL6243,Bioinformatics and Functional Genomics,Second Semester,Postgraduate,6.0,In Person,2018
564,BIOL3157,Bioinformatics and Functional Genomics,Second Semester,Undergraduate,6.0,In Person,2018
565,PSYC2007,Biological Basis of Behaviour,Second Semester,Undergraduate,6.0,In Person,2018
566,PSYC6010,Biological Basis of Behaviour,Second Semester,Postgraduate,6.0,In Person,2018
567,PREP1105,Biology,First Semester,Undergraduate,6.0,In Person,2018
568,BIOL1003,"Biology 1: Evolution, Ecology and Genetics",First Semester,Undergraduate,6.0,In Person,2018
569,BIOL6035,"Biology 1: Evolution, Ecology and Genetics",First Semester,Postgraduate,6.0,In Person,2018
570,ANUC1125,"Biology 1: Evolution, Ecology and Genetics",First Semester,Undergraduate,6.0,In Person,2018
571,BIOL6036,Biology 2: Molecular & Cell Biology,Second Semester,Postgraduate,6.0,In Person,2018
572,BIOL1004,Biology 2: Molecular and Cell Biology,Second Semester,Undergraduate,6.0,In Person,2018
573,ANUC1126,Biology 2: Molecular and Cell Biology,Second Semester,Undergraduate,6.0,In Person,2018
574,BIOL4001,Biology IV Honours,First Semester/Second Semester,Undergraduate,12.0,In Person,2018
575,BIOL8704,Biology Literature Research Project,First Semester/Second Semester,Postgraduate,6.0,Online,2018
576,BIOL3208,Biology Research Project,Summer Session/First Semester/Autumn Session/Winter Session/Second Semester/Spring Session,Undergraduate,6.0,In Person,2018
577,BIOL3209,Biology Research Project,Summer Session/First Semester/Autumn Session/Winter Session/Second Semester/Spring Session,Undergraduate,12.0,In Person,2018
578,BIOL8706,Biology Research Project,First Semester/Second Semester,Postgraduate,6.0,In Person,2018
579,BIOL6191,"Biology, Society and Ethics",Second Semester,Postgraduate,6.0,In Person,2018
580,BIOL3191,"Biology, Society and Ethics",Second Semester,Undergraduate,6.0,In Person,2018
581,ENGN3810,Biomechanics and Biomaterials,First Semester,Undergraduate,6.0,In Person,2018
582,ENGN3820,Biomedical Imaging,First Semester,Undergraduate,6.0,In Person,2018
583,BIOL3106,Biosecurity,Second Semester,Undergraduate,6.0,In Person,2018
584,BIOL6106,Biosecurity,Second Semester,Postgraduate,6.0,In Person,2018
585,STAT8003,Biostatistics,First Semester,Postgraduate,6.0,In Person,2018
586,POPH8101,Biostatistics in Population Health,First Semester/Second Semester,Postgraduate,6.0,Online or In Person,2018
587,POPH4101,Biostatistics in Population Health,First Semester/Second Semester,Undergraduate,6.0,Online or In Person,2018
588,CHMD8022,Biotechnologies in Biomedicine,First Semester,Postgraduate,6.0,Online or In Person,2018
589,ASTR4002,Black Holes and Cosmology,Second Semester,Undergraduate,6.0,In Person,2018
590,ASTR6002,Black Holes and Cosmology,Second Semester,Postgraduate,6.0,In Person,2018
591,ASTR3002,Black Holes and Cosmology,Second Semester,Undergraduate,6.0,In Person,2018
592,ASIA2167,Borders and their Transgressions in Mainland Southeast Asia,Second Semester,Undergraduate,6.0,In Person,2018
593,POPH8399,Bound Volume,,Postgraduate,12.0,In Person,2018
594,MKTG7027,Brand Strategy,First Semester,Postgraduate,6.0,In Person,2018
595,ARCH2056,Britons and Romans: Archaeology of the Western Roman Empire,First Semester,Undergraduate,6.0,In Person,2018
596,ARCH6056,Britons and Romans: The Archaeology of the Western Roman Empire,First Semester,Postgraduate,6.0,In Person,2018
597,PHIL2012,Buddhist Philosophy,,Undergraduate,6.0,In Person,2018
598,MGMT7153,Building Individual Leadership Capacity,First Semester,Postgraduate,6.0,In Person,2018
599,POLS2009,Bureaucracy and Public Policy,First Semester,Undergraduate,6.0,In Person,2018
600,ASIA2039,Burma/Myanmar - a Country in Crisis,,Undergraduate,6.0,In Person,2018
601,ASIA6039,Burma/Myanmar: a Country in Crisis,,Postgraduate,6.0,In Person,2018
602,BURM6002,Burmese 1,First Semester,Postgraduate,6.0,Online or In Person,2018
603,BURM1002,Burmese 1,First Semester,Undergraduate,6.0,In Person,2018
604,BURM1003,Burmese 2,Second Semester,Undergraduate,6.0,Online or In Person,2018
605,BURM6003,Burmese 2,Second Semester,Postgraduate,6.0,Online or In Person,2018
606,BURM2001,Burmese 3,First Semester,Undergraduate,6.0,Online or In Person,2018
607,BURM6101,Burmese 3,First Semester,Postgraduate,6.0,Online or In Person,2018
608,BURM2002,Burmese 4,Second Semester,Undergraduate,6.0,Online or In Person,2018
609,BURM6102,Burmese 4,Second Semester,Postgraduate,6.0,Online or In Person,2018
610,EMET4312,Business & Economic Forecasting,Second Semester,Undergraduate,6.0,In Person,2018
611,INFS8210,Business Analytics for Managers,First Semester,Postgraduate,6.0,In Person,2018
612,BUSN7057,Business Association Law,First Semester/Second Semester,Postgraduate,6.0,In Person,2018
613,MGMT7001,Business Communication,,Postgraduate,6.0,In Person,2018
614,MGMT2003,Business Decision Making,Second Semester,Undergraduate,6.0,In Person,2018
615,ECON8069,Business Economics,First Semester/Second Semester,Postgraduate,6.0,In Person,2018
616,MGMT3016,Business Ethics,Second Semester,Undergraduate,6.0,In Person,2018
617,PAAE8006,Business Ethics,,Postgraduate,6.0,In Person,2018
618,MGMT8242,Business Growth Strategies,First Semester,Postgraduate,6.0,In Person,2018
619,ASGS1015,Business Information Systems,,Undergraduate,12.0,In Person,2018
620,ANUC1001,Business Information Systems,First Semester/Second Semester,Undergraduate,6.0,In Person,2018
621,INFS1001,Business Information Systems,First Semester/Second Semester,Undergraduate,6.0,In Person,2018
622,INFS4500,Business Information Systems Honours Thesis,First Semester/Second Semester,Undergraduate,6.0,In Person,2018
623,BUSI7152,Business Negotiations and Conflict Resolution,Summer Session/Second Semester,Postgraduate,6.0,In Person,2018
624,BUSN1001,Business Reporting and Analysis,First Semester/Second Semester,Undergraduate,6.0,In Person,2018
625,BUSN8053,Business Research Methods,,Postgraduate,6.0,In Person,2018
626,STAT1009,Business Statistics,,Undergraduate,6.0,In Person,2018
627,PREP1125,Business Studies: Accounting Procedures,Spring Session,Undergraduate,6.0,In Person,2018
628,PREP1124,Business Studies: e-Business and Marketing,Autumn Session,Undergraduate,6.0,In Person,2018
629,EMET3007,Business and Economic Forecasting,Second Semester,Undergraduate,6.0,In Person,2018
630,EMET8012,Business and Economic Forecasting,Second Semester,Postgraduate,6.0,In Person,2018
631,MGMT3102,Business and its Social Stakeholders,First Semester,Undergraduate,6.0,In Person,2018
632,MGMT3101,Business and the Natural Environment,,Undergraduate,6.0,In Person,2018
633,BUSI3028,Business in China,,Undergraduate,6.0,In Person,2018
634,LAWS8254,"Business, Human Rights and Corporate Responsibility",Winter Session,Postgraduate,6.0,Online,2018
635,PAAS9804,CAP Supervised Research Project,,Research,1.0,In Person,2018
636,SPAN6515,"CULTURA, cultura, kultura, Spanish Language and Culture Workshop",,Postgraduate,6.0,In Person,2018
637,SPAN2102,"CULTURA, cultura, kultura: Spanish Language and Culture Workshop",,Undergraduate,6.0,In Person,2018
638,PREP1106,Calculus,First Semester,Undergraduate,6.0,In Person,2018
639,POGO8089,Campaigns in Politics and Policy,,Postgraduate,6.0,In Person,2018
640,CHIN6201,Cantonese 1,First Semester,Postgraduate,6.0,In Person,2018
641,CHIN2024,Cantonese 1,First Semester,Undergraduate,6.0,In Person,2018
642,CHIN6202,Cantonese 2,Second Semester,Postgraduate,6.0,In Person,2018
643,CHIN2025,Cantonese 2,Second Semester,Undergraduate,6.0,In Person,2018
644,CHIN6203,Cantonese 3,,Postgraduate,6.0,In Person,2018
645,CHIN3203,Cantonese 3,,Undergraduate,6.0,In Person,2018
646,FINM7014,Capital Raising,,Postgraduate,3.0,In Person,2018
647,MGMT2005,Career Planning and Management,First Semester,Undergraduate,6.0,In Person,2018
648,ARTH2160,Cartographies: Art Exploration and Knowledge,,Undergraduate,6.0,In Person,2018
649,ARTH6160,Cartographies: Art Exploration and Knowledge,,Postgraduate,6.0,In Person,2018
650,IDEC8023,Case Studies in Applied Econometrics,First Semester,Postgraduate,6.0,In Person,2018
651,EMET8002,Case Studies in Applied Economic Analysis and Econometrics,Second Semester,Postgraduate,6.0,In Person,2018
652,POGO8055,Case Studies in Decision Making,Winter Session,Postgraduate,6.0,In Person,2018
653,DIPL8003,Case Studies in Diplomacy,First Semester,Postgraduate,6.0,In Person,2018
654,POGO8210,Case Studies in Economic Policy,Autumn Session,Postgraduate,6.0,In Person,2018
655,POGO8122,Case Study In Public Sector Management B,,Postgraduate,6.0,In Person,2018
656,POGO8403,Cases in Contemporary Public Policy,Winter Session,Postgraduate,6.0,In Person,2018
657,CHEM3206,Catalysis in Chemistry,Second Semester,Undergraduate,6.0,In Person,2018
658,BIOL2117,Cell Biology,Second Semester,Undergraduate,6.0,In Person,2018
659,BIOL6117,Cell Biology,Second Semester,Postgraduate,6.0,In Person,2018
660,BIOL6174,Cell Physiology in Health and Disease,Second Semester,Postgraduate,6.0,In Person,2018
661,BIOL2174,Cell Physiology in Health and Disease,Second Semester,Undergraduate,6.0,In Person,2018
662,NEUR3101,Cellular Neuroscience,First Semester,Undergraduate,6.0,In Person,2018
663,NEUR6101,Cellular Neuroscience,First Semester,Postgraduate,6.0,In Person,2018
664,MEAS4103,Central Asia in Regional and Global Perspectives,,Undergraduate,6.0,In Person,2018
665,PHYS9562,Centre for Plasmas and Fluids  PhD Thesis,,Research,1.0,In Person,2018
666,PHYS8962,Centre for Plasmas and Fluids Masters Thesis,,Research,1.0,In Person,2018
667,ARTV2121,Ceramic Making and Surfacing,,Undergraduate,6.0,In Person,2018
668,DESA2106,Ceramics Design: Glaze & Colour Development,,Undergraduate,6.0,In Person,2018
669,DESA2109,Ceramics Design: Public & Private Commissioning,,Undergraduate,6.0,In Person,2018
670,DESA2110,Ceramics Design: Surface Decorating & Application,,Undergraduate,6.0,In Person,2018
671,DESA2108,Ceramics Design: Working Large,,Undergraduate,6.0,In Person,2018
672,ARTV2120,Ceramics: Designing for the Table and Home,Second Semester,Undergraduate,6.0,In Person,2018
673,ARTV2119,Ceramics: Experimental Methods and Meanings,Second Semester,Undergraduate,6.0,In Person,2018
674,ARTV2117,Ceramics: Glaze & Colour Development,Winter Session,Undergraduate,6.0,In Person,2018
675,ARTV1101,Ceramics: Materials & Technology,First Semester/Second Semester,Undergraduate,6.0,In Person,2018
676,ARTV2125,"Ceramics: Moulding, Casting & Digital Technologies",First Semester,Undergraduate,6.0,In Person,2018
677,ARTV2124,"Ceramics: Surface, Form and Connectivity",First Semester,Undergraduate,6.0,In Person,2018
678,ARTV1102,Ceramics: Throwing & Surface Decoration,Second Semester,Undergraduate,6.0,In Person,2018
679,POGO8115,Challenging the Global Food Trading Regime,,Postgraduate,6.0,In Person,2018
680,CHEM2211,Chemical Biology 1,First Semester,Undergraduate,6.0,In Person,2018
681,CHEM2208,Chemical Biology 2,Second Semester,Undergraduate,6.0,In Person,2018
682,CHEM2202,Chemical Structure and Reactivity 1,First Semester,Undergraduate,6.0,In Person,2018
683,CHEM2203,Chemical Structure and Reactivity 2,Second Semester,Undergraduate,6.0,In Person,2018
684,PREP1107,Chemistry,First Semester,Undergraduate,6.0,In Person,2018
685,ANUC1127,Chemistry 1,First Semester,Undergraduate,6.0,In Person,2018
686,CHEM1101,Chemistry 1,First Semester,Undergraduate,6.0,In Person,2018
687,ANUC1128,Chemistry 2,Second Semester,Undergraduate,6.0,In Person,2018
688,CHEM1201,Chemistry 2,Second Semester,Undergraduate,6.0,In Person,2018
689,CHEM4005,Chemistry IV Honours (S),First Semester/Second Semester,Undergraduate,12.0,In Person,2018
690,EMSC2015,Chemistry of Planet Earth,Second Semester,Undergraduate,6.0,In Person,2018
691,EMSC4015,Chemistry of Planet Earth,Second Semester,Undergraduate,6.0,In Person,2018
692,EMSC6015,Chemistry of Planet Earth,Second Semester,Postgraduate,6.0,In Person,2018
693,PREP1133,Chemistry: Biochemistry,Spring Session,Undergraduate,6.0,In Person,2018
694,PREP1132,Chemistry: Chemical Reactions,Autumn Session,Undergraduate,6.0,In Person,2018
695,LING3021,Child Language Acquisition,,Undergraduate,6.0,In Person,2018
696,LING6521,Child Language Acquisition,,Postgraduate,6.0,Online or In Person,2018
697,ASIA6014,"China Now: Discourse, Media and Culture",First Semester,Postgraduate,6.0,In Person,2018
698,ASIA2014,"China Now: Discourse, Media and Culture",First Semester,Undergraduate,6.0,In Person,2018
699,POGO8211,China and the World,,Postgraduate,6.0,In Person,2018
700,CHIN9513F,China in the World PhD,,Research,0.0,In Person,2018
701,CHIN9513P,China in the World PhD,,Research,0.0,In Person,2018
702,CHIN9510F,China in the World PhD Students Enrolments,,Research,0.0,In Person,2018
703,CHIN9510P,China in the World PhD Students Enrolments,,Research,0.0,In Person,2018
704,CHIN9540P,China in the World PhD Students Enrolments,,Research,0.0,In Person,2018
705,CHIN9540F,China in the World PhD Students Enrolments,,Research,0.0,In Person,2018
706,CHIN9050F,China in the World PhD Students Enrolments,,Research,0.0,In Person,2018
707,CHIN9050P,China in the World PhD Students Enrolments,,Research,0.0,In Person,2018
708,STST8013,China's Defence and Strategic Challenges,Spring Session,Postgraduate,6.0,In Person,2018
709,CRWF8015,"China, India and the Future of Asia",,Postgraduate,6.0,In Person,2018
710,INTR8060,China: Global Engagement and Domestic Transformation,Second Semester,Postgraduate,6.0,In Person,2018
711,ASIA8514,China: Wealth and Power,,Postgraduate,6.0,Online or In Person,2018
712,ASIA2073,Chinese Calligraphy: History and Practice,,Undergraduate,6.0,In Person,2018
713,INTR2012,Chinese Foreign and Security Policy,Second Semester,Undergraduate,6.0,In Person,2018
714,ASIA6044,Chinese History: The Imperial Period (221 BC - 1800),,Postgraduate,6.0,In Person,2018
715,ASIA2044,Chinese History: The Imperial Period (221 BC - 1800),,Undergraduate,6.0,In Person,2018
716,LAWS4276,Chinese Law and Society,,Undergraduate,6.0,In Person,2018
717,LING2017,Chinese Linguistics,Second Semester,Undergraduate,6.0,In Person,2018
718,LING6017,Chinese Linguistics,Second Semester,Postgraduate,6.0,In Person,2018
719,ASIA2003,Chinese Literature,,Undergraduate,6.0,In Person,2018
720,ASIA2054,Chinese Philosophy: Creation and Development,,Undergraduate,6.0,In Person,2018
721,CHIN1202,Chinese Secondary Extension - Continuing,First Semester/Second Semester,Undergraduate,6.0,In Person,2018
722,EXTN1003A,Chinese Secondary Extension - Continuing A,Autumn Session,Undergraduate,0.0,In Person,2018
723,EXTN1003B,Chinese Secondary Extension - Continuing B,Autumn Session,Undergraduate,6.0,In Person,2018
724,INTR8074,Chinese Thinking on International Relations,,Postgraduate,6.0,In Person,2018
725,CHIN3211,Chinese for Native Speakers A,First Semester,Undergraduate,6.0,Online or In Person,2018
726,CHIN6211,Chinese for Native Speakers A,First Semester,Postgraduate,6.0,In Person,2018
727,CHIN6212,Chinese for Native Speakers B,Second Semester,Postgraduate,6.0,Online or In Person,2018
728,CHIN3212,Chinese for Native Speakers B,Second Semester,Undergraduate,6.0,Online or In Person,2018
729,CHIN3216,Chinese-English Interpreting,First Semester,Undergraduate,6.0,In Person,2018
730,CHIN6216,Chinese-English Interpreting: Methodology and Practice,First Semester,Postgraduate,6.0,In Person,2018
731,CHIN3041,Chinese-English Translation,Second Semester,Undergraduate,6.0,In Person,2018
732,CHIN6041,Chinese-English Translation,Second Semester,Postgraduate,6.0,In Person,2018
733,SPAN6517,Cinema from the Spanish-speaking World,,Postgraduate,6.0,In Person,2018
734,FILM6013,Cinema from the Spanish-speaking World,,Postgraduate,6.0,In Person,2018
735,FILM2013,Cinema from the Spanish-speaking World,,Undergraduate,6.0,In Person,2018
736,SPAN2107,Cinema from the Spanish-speaking World,,Undergraduate,6.0,In Person,2018
737,SOCY2035,Cities and urban transformation,,Undergraduate,6.0,In Person,2018
738,LAWS8175,Citizenship Law in Context,Summer Session,Postgraduate,6.0,In Person,2018
739,ARTH6004,City Sites: studies in art and urbanity,Second Semester,Postgraduate,6.0,In Person,2018
740,ARTH3004,City Sites: studies in art and urbanity,Second Semester,Undergraduate,6.0,In Person,2018
741,LEGW8104,Civil Practice,,Postgraduate,6.0,In Person,2018
742,LAWS8247,Civil and Political Rights,Spring Session,Postgraduate,6.0,In Person,2018
743,NSPO8010,Civil-Military Relations,Spring Session,Postgraduate,6.0,In Person,2018
744,POLS8021,Civilian Protection in Conflict and Post-Conflict Zones,,Postgraduate,6.0,In Person,2018
745,HIST1214,Clash of Empires: 1450 to the Present,First Semester,Undergraduate,6.0,In Person,2018
746,ECHI4211,Classic Works of Economic Theory,,Undergraduate,6.0,In Person,2018
747,ECHI8011,Classic Works of Economic Theory,,Postgraduate,6.0,In Person,2018
748,PHYS2201,Classical Mechanics,Second Semester,Undergraduate,6.0,In Person,2018
749,SOCY2040,Classical Social Theory,First Semester,Undergraduate,6.0,In Person,2018
750,CLAS8019,Classics Methods and Evidence,First Semester,Postgraduate,12.0,In Person,2018
751,CLAS4006,Classics Methods and Evidence,First Semester,Undergraduate,12.0,In Person,2018
752,ASGS1002,Clear Thinking and Reasoning,,Undergraduate,6.0,In Person,2018
753,ENVS3020,Climate Change Science & Policy,,Undergraduate,6.0,In Person,2018
754,ENVS6307,Climate Change Science & Policy,,Postgraduate,6.0,Online or In Person,2018
755,ENVS3001,Climate Change Science & Policy in Practice,,Undergraduate,6.0,In Person,2018
756,ENVS6301,Climate Change Science & Policy in Practice,,Postgraduate,6.0,In Person,2018
757,ENVS8005,Climate Change Science: Carbon Accounting,,Postgraduate,6.0,Online,2018
758,ENVS8003,Climate Change Vulnerability and Adaptation,Spring Session,Postgraduate,6.0,In Person,2018
759,LAWS8008,Climate Change and Displacement,,Postgraduate,6.0,In Person,2018
760,LAWS4274,Climate Law,Autumn Session,Undergraduate,6.0,In Person,2018
761,ENVS3013,Climatology,Second Semester,Undergraduate,6.0,In Person,2018
762,ENVS6303,Climatology,Second Semester,Postgraduate,6.0,In Person,2018
763,PSYC8101,Clinical Coursework I,First Semester/Winter Session,Postgraduate,12.0,In Person,2018
764,PSYC8102,Clinical Coursework II,Second Semester,Postgraduate,12.0,In Person,2018
765,PSYC8103,Clinical Coursework III,First Semester/Winter Session,Postgraduate,12.0,In Person,2018
766,PSYC8104,Clinical Coursework IV,Autumn Session/Second Semester,Postgraduate,12.0,In Person,2018
767,MEDI4003,Clinical Experience Final Year Medical Students,Summer Session/First Semester/Autumn Session/Winter Session/Second Semester/Spring Session,Undergraduate,0.0,In Person,2018
768,PSYC8201,Clinical Field Placement I,First Semester,Postgraduate,6.0,In Person,2018
769,PSYC8202,Clinical Field Placement II,First Semester/Second Semester,Postgraduate,6.0,In Person,2018
770,PSYC8203,Clinical Field Placement III,First Semester/Second Semester,Postgraduate,6.0,In Person,2018
771,PSYC8204,Clinical Field Placement IV,First Semester/Second Semester,Postgraduate,6.0,In Person,2018
772,PSYC9312,Clinical Research Extension,,Research,3.0,In Person,2018
773,PSYC8301,Clinical Research I,First Semester/Second Semester,Postgraduate,6.0,In Person,2018
774,PSYC8302,Clinical Research II,First Semester/Second Semester,Postgraduate,6.0,In Person,2018
775,PSYC8303,Clinical Research III,First Semester/Second Semester,Postgraduate,6.0,In Person,2018
776,PSYC8304,Clinical Research IV,First Semester/Second Semester,Postgraduate,6.0,In Person,2018
777,LAWS4267,Clinical Youth Law Program,First Semester/Second Semester,Undergraduate,6.0,In Person,2018
778,LAWS6267,Clinical Youth Law Program,First Semester/Second Semester,Postgraduate,6.0,In Person,2018
779,ANUC1109,Close Encounters: How to Read Literature,First Semester,Undergraduate,6.0,In Person,2018
780,ENGL1014,Close Encounters: How to Read Literature,First Semester,Undergraduate,6.0,In Person,2018
781,PSYC2008,Cognition,Second Semester,Undergraduate,6.0,In Person,2018
782,PSYC3029,Cognitive and Clinical Neuropsychology,,Undergraduate,6.0,In Person,2018
783,PSYC6030,Cognitive and Clinical Neuropsychology,,Postgraduate,6.0,In Person,2018
784,HUMN8034,Collaborative Storytelling and Cultural Production,Summer Session,Postgraduate,6.0,In Person,2018
785,MUSC8021,Collections Management Workshop,Second Semester,Postgraduate,6.0,In Person,2018
786,CBEA3001,College of Business and Economics Special Industry Project,First Semester/Second Semester,Undergraduate,6.0,In Person,2018
787,HIST8015,Colonial Australia in an Imperial World,,Postgraduate,6.0,Online or In Person,2018
788,STST8117,Command and Leadership,Winter Session,Postgraduate,6.0,In Person,2018
789,BUSN8801,Commerce Research Report,First Semester/Second Semester,Postgraduate,6.0,In Person,2018
790,LAWS8131,Commercial Drafting,First Semester/Second Semester,Postgraduate,6.0,Online,2018
791,LAWS8298,Commercial Equity,,Postgraduate,6.0,In Person,2018
792,BUSN7052,Commercial Law,First Semester/Second Semester,Postgraduate,6.0,In Person,2018
793,LAWS4210,Commercial Law,First Semester,Undergraduate,6.0,In Person,2018
794,LAWS8140,Commercial Law,Spring Session,Postgraduate,6.0,In Person,2018
795,LEGW8105,Commercial Practice,,Postgraduate,6.0,In Person,2018
796,LAWS8156,Commonwealth Compensation Law,,Postgraduate,6.0,Online,2018
797,LAWS2202,Commonwealth Constitutional Law,Second Semester,Undergraduate,6.0,In Person,2018
798,LAWS6202,Commonwealth Constitutional Law,Second Semester,Postgraduate,6.0,In Person,2018
799,LAWS8117,Commonwealth Environmental Law,Winter Session,Postgraduate,6.0,Online,2018
800,SCOM4014,Communicating Science with the Public,First Semester,Undergraduate,6.0,In Person,2018
801,SCOM8014,Communicating Science with the Public,First Semester,Postgraduate,6.0,Online or In Person,2018
802,MGMT2100,Communication for Business,First Semester/Second Semester,Undergraduate,6.0,In Person,2018
803,COMP8701,Communication for Computing Professionals I,,Postgraduate,6.0,In Person,2018
804,COMP8705,Communication for Computing Professionals II,,Postgraduate,6.0,In Person,2018
805,ASGS1003,Communications,,Undergraduate,6.0,In Person,2018
806,LAWS4268,Community Law Clinical Program,First Semester/Second Semester,Undergraduate,6.0,In Person,2018
807,LAWS6268,Community Law Clinical Program,First Semester/Second Semester,Postgraduate,6.0,In Person,2018
808,POGO8099,Community and Social Policy,,Postgraduate,6.0,In Person,2018
809,BUSN2015,Company Accounting,First Semester/Second Semester,Undergraduate,6.0,In Person,2018
810,LAWS8016,Comparative Constitutional Law,,Postgraduate,6.0,In Person,2018
811,EURO3002,Comparative European Politics,Second Semester,Undergraduate,6.0,In Person,2018
812,POLS8040,Comparative Federalism,,Postgraduate,6.0,In Person,2018
813,POLS3031,Comparative Judicial Politics,,Undergraduate,6.0,In Person,2018
814,LAWS8654,Comparative Migration Law,First Semester,Postgraduate,6.0,Online,2018
815,LAWS8018,Comparative National Security Law,,Postgraduate,6.0,In Person,2018
816,LAWS4241,Comparative National and International Security Law: Australian and US Perspectives,,Undergraduate,6.0,In Person,2018
817,BIOL2115,Comparative Physiology,Second Semester,Undergraduate,6.0,In Person,2018
818,BIOL6115,Comparative Physiology,Second Semester,Postgraduate,6.0,In Person,2018
819,POLS8045,Comparative Political Analysis,,Postgraduate,6.0,In Person,2018
820,POLS8039,Comparative Political Behaviour,First Semester,Postgraduate,6.0,In Person,2018
821,POLS8038,Comparative Political Institutions,Second Semester,Postgraduate,6.0,In Person,2018
822,POLS3034,Comparative Political Parties and Party Systems,,Undergraduate,6.0,In Person,2018
823,POGO8032,Comparative Public Sector Management,Second Semester,Postgraduate,6.0,In Person,2018
824,LAWS4287,Comparative land law in Asia,,Undergraduate,6.0,In Person,2018
825,LAWS4255,Competition Law,Second Semester,Undergraduate,6.0,In Person,2018
826,LAWS6255,Competition Law,,Postgraduate,6.0,Online,2018
827,LAWS8154,Competition Law,,Postgraduate,6.0,In Person,2018
828,ECON8055,Competition Policy and the Economics of Regulation,,Postgraduate,6.0,In Person,2018
829,ECON3155,Competition Policy and the Economics of Regulation (H),,Undergraduate,6.0,In Person,2018
830,ECON3055,Competition Policy and the Economics of Regulation (P),,Undergraduate,6.0,In Person,2018
831,MATH6213,Complex Analysis,Second Semester,Postgraduate,6.0,In Person,2018
832,ENVS3040,Complex Environmental Problems in Action,Second Semester,Undergraduate,6.0,In Person,2018
833,ENVS6025,Complex Environmental Problems in Action,Second Semester,Postgraduate,6.0,In Person,2018
834,ENGN4511,Composite Materials,Second Semester,Undergraduate,6.0,In Person,2018
835,ENGN6511,Composite Materials,Second Semester,Postgraduate,6.0,In Person,2018
836,MUSI2226,Composition for Film and Video Games,Second Semester,Undergraduate,6.0,In Person,2018
837,MUSI1111,"Composition, Arranging, and Sound Design 1",First Semester,Undergraduate,6.0,In Person,2018
838,MUSI1112,"Composition, Arranging, and Sound Design 2",Second Semester,Undergraduate,6.0,In Person,2018
839,MUSI2223,"Composition, Arranging, and Sound Design 3",First Semester,Undergraduate,6.0,In Person,2018
840,MUSI2224,"Composition, Arranging, and Sound Design 4",Second Semester,Undergraduate,6.0,In Person,2018
841,MUSI3314,"Composition, Arranging, and Sound Design 5",First Semester,Undergraduate,6.0,In Person,2018
842,MUSI3315,"Composition, Arranging, and Sound Design 6",Second Semester,Undergraduate,6.0,In Person,2018
843,ECON8014,Computational Methods in Economics,Second Semester,Postgraduate,6.0,In Person,2018
844,ECON3127,Computational Methods in Economics,Second Semester,Undergraduate,6.0,In Person,2018
845,ECON4414,Computational Methods in Economics,Second Semester,Undergraduate,6.0,In Person,2018
846,MATH8020,Computational Science,,Postgraduate,6.0,In Person,2018
847,COMP6461,Computer Graphics,,Postgraduate,6.0,In Person,2018
848,COMP4610,Computer Graphics,,Undergraduate,6.0,In Person,2018
849,COMP6331,Computer Networks,First Semester,Postgraduate,6.0,In Person,2018
850,COMP3310,Computer Networks,First Semester,Undergraduate,6.0,In Person,2018
851,COMP6300,Computer Organisation and Program Execution,First Semester,Postgraduate,6.0,In Person,2018
852,COMP2300,Computer Organisation and Program Execution,First Semester,Undergraduate,6.0,In Person,2018
853,COMP3820,Computer Science & Software Engineering Internship,Summer Session/First Semester/Autumn Session/Winter Session/Second Semester/Spring Session,Undergraduate,6.0,In Person,2018
854,COMP4006,Computer Science Honours,,Undergraduate,24.0,In Person,2018
855,COMP4005F,Computer Science IV Honours,First Semester/Second Semester,Undergraduate,12.0,In Person,2018
856,COMP4005P,Computer Science IV Honours,First Semester/Second Semester,Undergraduate,12.0,In Person,2018
857,COMP8830,Computer Science Internship,Summer Session/First Semester/Autumn Session/Winter Session/Second Semester/Spring Session,Postgraduate,6.0,In Person,2018
858,ENGN6528,Computer Vision,First Semester,Postgraduate,6.0,In Person,2018
859,ENGN4528,Computer Vision,First Semester,Undergraduate,6.0,In Person,2018
860,COMP6301,Computing Foundations for Cyber Security,,Postgraduate,6.0,Online or In Person,2018
861,ASGS1004,Computing Fundamentals,,Undergraduate,6.0,In Person,2018
862,COMP8715,Computing Project,First Semester/Second Semester,Postgraduate,6.0,In Person,2018
863,COMP8800,Computing Research Project,First Semester/Second Semester,Postgraduate,12.0,In Person,2018
864,COMP6719,Computing for Engineering Simulation,First Semester,Postgraduate,6.0,In Person,2018
865,ENGN2219,Computing for Engineering Simulation,First Semester,Undergraduate,6.0,In Person,2018
866,PHYS3032,Condensed Matter Physics,Second Semester,Undergraduate,6.0,In Person,2018
867,INTR8052,Conflict Resolution and Peace Building,,Postgraduate,12.0,In Person,2018
868,POLS8024,Conflict Resolution and Peace Studies,,Postgraduate,6.0,In Person,2018
869,POGO8003,Conflict and Development,,Postgraduate,6.0,In Person,2018
870,ANTH8043,Conflict and Development in the Pacific,,Postgraduate,6.0,Online or In Person,2018
871,LAWS4212,Conflict of Laws,First Semester,Undergraduate,6.0,In Person,2018
872,LAWS8144,Conflict of Laws,,Postgraduate,6.0,In Person,2018
873,LAWS8578,Constitutionalism in the Global South,,Postgraduate,6.0,In Person,2018
874,BIOL8001,Consulting in Quantitative Biology,First Semester,Postgraduate,6.0,In Person,2018
875,MKTG2031,Consumer Behaviour,First Semester,Undergraduate,6.0,In Person,2018
876,MKTG7050,Consumer Behaviour & Analysis,First Semester,Postgraduate,6.0,In Person,2018
877,LEGW8135,Consumer Law Practice,Summer Session/Spring Session,Postgraduate,3.0,Online,2018
878,LAWS4259,Consumer Protection and Product Liability Law,Winter Session,Undergraduate,6.0,In Person,2018
879,ANTH9101,Contemporary Anthropological Theory,Autumn Session,Postgraduate,12.0,In Person,2018
880,ANTH8101,Contemporary Anthropological Theory,Autumn Session,Postgraduate,12.0,In Person,2018
881,ANTH8108,Contemporary Anthropological Theory,,Postgraduate,12.0,In Person,2018
882,ARTH2170,Contemporary Asian Art,,Undergraduate,6.0,In Person,2018
883,ARTH6170,Contemporary Asian Art,,Postgraduate,6.0,In Person,2018
884,ARTH2161,Contemporary Australian Art,Second Semester,Undergraduate,6.0,In Person,2018
885,ARTH6161,Contemporary Australian Art,Second Semester,Postgraduate,6.0,In Person,2018
886,INDG2002,Contemporary Australian Indigenous Music Studies,Second Semester,Undergraduate,6.0,In Person,2018
887,ENGL6025,Contemporary Australian Writing,,Postgraduate,6.0,In Person,2018
888,ENGL2011,Contemporary Australian Writing,,Undergraduate,6.0,In Person,2018
889,DIPL8002,Contemporary Challenges in Diplomacy,Second Semester,Postgraduate,12.0,In Person,2018
890,ANTH9103,Contemporary Development Theory,,Research,12.0,In Person,2018
891,ANTH8103,Contemporary Development Theory,Summer Session/First Semester/Autumn Session/Winter Session/Second Semester/Spring Session,Postgraduate,12.0,In-Person and Online,2018
892,GERM2020,Contemporary German Society,,Undergraduate,6.0,In Person,2018
893,GERM3020,Contemporary German Society,,Undergraduate,6.0,In Person,2018
894,BUSN7005,Contemporary Issues in Accounting,First Semester/Second Semester,Postgraduate,6.0,In Person,2018
895,LAWS8271,Contemporary Issues in Administrative Law,,Postgraduate,6.0,In Person,2018
896,STST8033,Contemporary Issues in Australian Defence Policy,Second Semester,Postgraduate,6.0,In Person,2018
897,LAWS4213,Contemporary Issues in Constitutional Law,First Semester,Undergraduate,6.0,In Person,2018
898,LAWS8128,Contemporary Issues in Constitutional Law,Winter Session,Postgraduate,6.0,In Person,2018
899,INTR8066,Contemporary Issues in International Relations,,Postgraduate,12.0,In Person,2018
900,MEAS8126,Contemporary Issues in Islamic Banking,,Postgraduate,6.0,In Person,2018
901,LAWS8653,Contemporary Issues in Migration Law,First Semester,Postgraduate,6.0,Online,2018
902,POPH8104,Contemporary Issues in Public Health,,Postgraduate,6.0,In Person,2018
903,ENVS8016,Contemporary Perspectives in Environment-Society Interaction,Second Semester,Postgraduate,6.0,In Person,2018
904,ENVS8015,Contemporary Perspectives in Environmental Science,First Semester,Postgraduate,6.0,In Person,2018
905,POLS2044,Contemporary Political Analysis,Second Semester,Undergraduate,6.0,In Person,2018
906,POLS2063,Contemporary Political Theory,Second Semester,Undergraduate,6.0,In Person,2018
907,POLS3030,Contemporary Politics of Brazil,,Undergraduate,6.0,Online or In Person,2018
908,SOCY2161,Contemporary Social Theory,,Undergraduate,6.0,In Person,2018
909,GREK6112,Continuing Ancient Greek,Second Semester,Postgraduate,6.0,In Person,2018
910,GREK1102,Continuing Ancient Greek,Second Semester,Undergraduate,6.0,In Person,2018
911,GREK2119,Continuing Ancient Greek (L),Second Semester,Undergraduate,6.0,In Person,2018
912,FREN2024,Continuing French I,First Semester,Undergraduate,6.0,In Person,2018
913,FREN6503,Continuing French I,First Semester,Postgraduate,6.0,In Person,2018
914,FREN6504,Continuing French II,Second Semester,Postgraduate,6.0,In Person,2018
915,FREN2025,Continuing French II,Second Semester,Undergraduate,6.0,In Person,2018
916,LATN6002,Continuing Latin,Second Semester,Postgraduate,6.0,In Person,2018
917,LATN1102,Continuing Latin,Second Semester,Undergraduate,6.0,In Person,2018
918,LATN2119,Continuing Latin (L),Second Semester,Undergraduate,6.0,In Person,2018
919,PORT2001,Continuing Portuguese I,First Semester,Undergraduate,6.0,In Person,2018
920,PORT6503,Continuing Portuguese I,First Semester,Postgraduate,6.0,In Person,2018
921,PORT2002,Continuing Portuguese II,,Undergraduate,6.0,In Person,2018
922,PORT6504,Continuing Portuguese II,Second Semester,Postgraduate,6.0,In Person,2018
923,SPAN6503,Continuing Spanish I,First Semester,Postgraduate,6.0,In Person,2018
924,SPAN2001,Continuing Spanish I,First Semester,Undergraduate,6.0,In Person,2018
925,SPAN6504,Continuing Spanish II,Second Semester,Postgraduate,6.0,In Person,2018
926,SPAN2002,Continuing Spanish II,Second Semester,Undergraduate,6.0,In Person,2018
927,FINM3003,Continuous Time Finance,First Semester,Undergraduate,6.0,In Person,2018
928,FINM7003,Continuous Time Finance,First Semester,Postgraduate,6.0,In Person,2018
929,LAWS1204,Contracts,Second Semester,Undergraduate,6.0,In Person,2018
930,LAWS6104,Contracts,First Semester/Second Semester,Postgraduate,6.0,In Person,2018
931,ENGN6223,Control Systems,Second Semester,Postgraduate,6.0,In Person,2018
932,ENGN3223,Control Systems,Second Semester,Undergraduate,6.0,In Person,2018
933,CRIM6003,Controversies in Crime Control,,Postgraduate,6.0,In Person,2018
934,CRIM2003,Controversies in Crime Control,,Undergraduate,6.0,In Person,2018
935,HIST6128,"Convicts and Emigrants: Australia, 1770s to 1870s",,Postgraduate,6.0,In Person,2018
936,HIST2128,Convicts and Settlers: Australia 1770s to 1870s,,Undergraduate,6.0,In Person,2018
937,STST1003,Coping with Crisis: The Practice of International Security,Second Semester,Undergraduate,6.0,In Person,2018
938,EMSC3019,Coral Reef Field Studies,Spring Session,Undergraduate,6.0,In Person,2018
939,EMSC6119,Coral Reef Field Studies,Spring Session,Postgraduate,6.0,In Person,2018
940,BUSN7050,Corporate Accounting,First Semester/Second Semester,Postgraduate,6.0,In Person,2018
941,LAWS8110,Corporate Environmental Responsibility,,Postgraduate,6.0,In Person,2018
942,BUSI8015,Corporate Finance,,Postgraduate,6.0,In Person,2018
943,FINM2001,Corporate Finance,First Semester/Second Semester,Undergraduate,6.0,In Person,2018
944,BUSN7049,Corporate Financial Reporting,First Semester,Postgraduate,6.0,In Person,2018
945,BUSN4045,Corporate Governance,First Semester/Second Semester,Undergraduate,6.0,In Person,2018
946,BUSN7045,Corporate Governance,First Semester/Second Semester,Postgraduate,6.0,In Person,2018
947,BUSN8145,Corporate Governance: Research Preparation,First Semester/Second Semester,Postgraduate,6.0,In Person,2018
948,BUSN3017,"Corporate Social Responsibility, Accountability and Reporting",Second Semester,Undergraduate,6.0,In Person,2018
949,MGMT3015,Corporate Strategy,First Semester,Undergraduate,6.0,In Person,2018
950,MGMT7102,Corporate Strategy,,Postgraduate,6.0,In Person,2018
951,MGMT2001,Corporate Sustainability,First Semester,Undergraduate,6.0,In Person,2018
952,FINM3005,Corporate Valuation,First Semester/Second Semester,Undergraduate,6.0,In Person,2018
953,FINM8013,Corporate and Behavioural Finance,,Postgraduate,6.0,In Person,2018
954,LAWS6203,Corporations Law,First Semester,Postgraduate,6.0,In Person,2018
955,LAWS2203,Corporations Law,First Semester,Undergraduate,6.0,In Person,2018
956,POGO8076,Corruption and Anti-corruption,Winter Session,Postgraduate,6.0,In Person,2018
957,CRIM3002,Corruption in Sport,,Undergraduate,6.0,Online or In Person,2018
958,CRIM2009,Corruption in our world,Summer Session,Undergraduate,6.0,In Person,2018
959,CRIM6009,Corruption in our world,Summer Session,Postgraduate,6.0,In Person,2018
960,ECON4418,Cost Benefit Analysis,Second Semester,Undergraduate,6.0,In Person,2018
961,ECON8018,Cost-Benefit Analysis,Second Semester,Postgraduate,6.0,In Person,2018
962,IDEC8088,Cost-Benefit Analysis: Principles and Practice,,Postgraduate,6.0,In Person,2018
963,ECON2133,Cost-benefit Analysis,Second Semester,Undergraduate,6.0,In Person,2018
964,ARTH2172,"Costume, Fashion and Visual Culture",,Undergraduate,6.0,In Person,2018
965,ARTH6171,"Costume, Fashion and Visual Culture",,Postgraduate,6.0,In Person,2018
966,LAWS8067,"Courts, Justice & Development",,Postgraduate,6.0,In Person,2018
967,ARTV3030,Craft & Design Extended Investigations,,Undergraduate,6.0,In Person,2018
968,DESA3004,Craft and Design Major 7: Designing Through Making,First Semester,Undergraduate,6.0,In Person,2018
969,ARTV3028,Craft and Design Major 7: Developing A Visual Arts Practice,First Semester,Undergraduate,6.0,In Person,2018
970,DESA3005,Craft and Design Major 8: Developing a Design Practice,Second Semester,Undergraduate,6.0,In Person,2018
971,ARTV3029,Craft and Design Major 8: Resolving a Body of Original Work,Second Semester,Undergraduate,6.0,In Person,2018
972,ARTV2039,Craft and Design Practice-led Research,,Undergraduate,6.0,In Person,2018
973,VCUG2004,Creating Impact,First Semester,Undergraduate,6.0,In Person,2018
974,VCPG6004,Creating Impact,First Semester,Postgraduate,6.0,In Person,2018
975,VCUG2001,Creating Knowledge,,Undergraduate,6.0,In Person,2018
976,DESN6003,Creative Data Visualisation: Representing Data in Visual and Material Form,Second Semester,Postgraduate,6.0,In Person,2018
977,DESN2003,Creative Data Visualisation: Representing Data in Visual and Material Form,Second Semester,Undergraduate,6.0,In Person,2018
978,ASIA3031,Creative Industries in Korea,,Undergraduate,6.0,In Person,2018
979,MUSI8011,Creative Practice as Research,First Semester,Postgraduate,6.0,In Person,2018
980,MUSI4404,Creative Practice as Research,First Semester,Undergraduate,6.0,In Person,2018
981,ENGL4021,"Creative Reading: Topics in Theory, Methodology and Interpretation",First Semester,Undergraduate,6.0,Online or In Person,2018
982,ENGL8021,"Creative Reading: Topics in Theory, Methodology and Interpretation",First Semester,Postgraduate,6.0,Online or In Person,2018
983,ENGL2077,Creative Writing 2: Story to Script,,Undergraduate,6.0,In Person,2018
984,ENGL6026,Creative Writing 3 Advanced Fiction,First Semester,Postgraduate,6.0,In Person,2018
985,ENGL2078,Creative Writing 3: Advanced Fiction,First Semester,Undergraduate,6.0,In Person,2018
986,STAT3036,Credibility Theory,Second Semester,Undergraduate,6.0,In Person,2018
987,STAT4036,Credibility Theory,Second Semester,Undergraduate,6.0,In Person,2018
988,STAT8036,Credibility Theory,Second Semester,Postgraduate,6.0,In Person,2018
989,HIST2232,Crime and Justice: Historical Dilemmas,First Semester,Undergraduate,6.0,In Person,2018
990,HIST6232,Crime and Justice: Historical Dilemmas,First Semester,Postgraduate,6.0,In Person,2018
991,CRIM3001,Criminal Behaviour,Second Semester,Undergraduate,6.0,In Person,2018
992,CRIM6001,Criminal Behaviour,Second Semester,Postgraduate,6.0,In Person,2018
993,LAWS4214,Criminal Justice,First Semester,Undergraduate,6.0,In Person,2018
994,LAWS8703,Criminal Law & Procedure & Evidence A,Summer Session/Autumn Session/Winter Session,Postgraduate,8.0,Online,2018
995,LAWS8704,Criminal Law & Procedure & Evidence B,Summer Session/Autumn Session/Winter Session,Postgraduate,8.0,Online,2018
996,LAWS6106,Criminal Law and Procedure,First Semester,Postgraduate,6.0,In Person,2018
997,LAWS1206,Criminal Law and Procedure,First Semester,Undergraduate,6.0,In Person,2018
998,LEGW8106,Criminal Practice,Summer Session/Autumn Session/Winter Session/Spring Session,Postgraduate,3.0,In Person,2018
999,PSYC6505,Criminal Psychology: Cognitive and Social Psychological Perspectives,,Postgraduate,6.0,In Person,2018
1000,REGN8009,"Criminology, Justice and Regulation Research Topic",Second Semester,Postgraduate,6.0,In Person,2018
1001,REGN8008,"Criminology, Justice and Regulation Thesis",Second Semester,Postgraduate,6.0,In Person,2018
1002,LAWS8320,Critical Approaches to International Law,,Postgraduate,6.0,In Person,2018
1003,POLS8030,Critical Concepts in Nuclear Politics,,Postgraduate,6.0,In Person,2018
1004,ANTH8038,Critical Issues in Gender and Development,Second Semester,Postgraduate,6.0,Online or In Person,2018
1005,ANTH8039,Critical Issues in Gender and Development (Advanced),Second Semester,Postgraduate,12.0,Online or In Person,2018
1006,HUMN8027,Critical Issues in Heritage and Museum Studies,Second Semester,Postgraduate,6.0,Online or In Person,2018
1007,HUMN8035,Critical Issues in Intangible Heritage,,Postgraduate,6.0,In Person,2018
1008,LAWS4288,Critical Legal Theory,Second Semester,Undergraduate,6.0,In Person,2018
1009,PREP1108,Critical Thinking and Reasoning,First Semester,Undergraduate,6.0,In Person,2018
1010,PREP1135,Critical Thinking: Critical Thinking in Society,Spring Session,Undergraduate,6.0,In Person,2018
1011,PREP1134,Critical Thinking: The Art of the Argument,Autumn Session,Undergraduate,6.0,In Person,2018
1012,ANTH8030,Critically Assessing Contemporary Development Practice,Summer Session/First Semester/Autumn Session/Winter Session/Second Semester/Spring Session,Postgraduate,6.0,Online or In Person,2018
1013,LING2021,Cross Cultural Communication,First Semester,Undergraduate,6.0,Online or In Person,2018
1014,LING6021,Cross Cultural Communication,First Semester,Postgraduate,6.0,Online or In Person,2018
1015,SCOM6029,Cross Cultural Perspectives in Science Communication,Second Semester,Postgraduate,6.0,In Person,2018
1016,SCOM3029,Cross Cultural Perspectives in Science Communication,Second Semester,Undergraduate,6.0,In Person,2018
1017,BUSI3029,Cross-Cultural Management,Second Semester,Undergraduate,6.0,In Person,2018
1018,ANTH2129,"Crossing Borders: Migration, Identity and Livelihood",First Semester,Undergraduate,6.0,In Person,2018
1019,ANTH6515,"Crossing Borders: Migration, Identity and Livelihood",First Semester,Postgraduate,6.0,In Person,2018
1020,POGO8131,Cultural Change within Organisations,,Postgraduate,6.0,In Person,2018
1021,HUMN8007,Cultural and Environmental Heritage Research Project,First Semester/Second Semester,Postgraduate,6.0,Online or In Person,2018
1022,HUMN8018,Cultural and Environmental Heritage: Extended Research Project,Summer Session/First Semester/Autumn Session/Winter Session/Second Semester/Spring Session,Postgraduate,12.0,In Person,2018
1023,ASGS1010,Culture & Human Diversity: Introducing Anthropology,,Undergraduate,12.0,In Person,2018
1024,ANTH2009,Culture and Development,First Semester,Undergraduate,6.0,In Person,2018
1025,ANTH6009,Culture and Development,First Semester,Postgraduate,6.0,Online or In Person,2018
1026,POLS8003,Culture and Development in Latin America,,Postgraduate,6.0,Online or In Person,2018
1027,HUMN8037,Culture and Heritage in China Field School,,Postgraduate,6.0,In Person,2018
1028,ANTH1002,Culture and Human Diversity: Introducing Anthropology,First Semester,Undergraduate,6.0,In Person,2018
1029,ANTH6002,Culture and Human Diversity: Introducing Anthropology,,Postgraduate,6.0,In Person,2018
1030,ANUC1102,Culture and Human Diversity: Introducing Anthropology,First Semester,Undergraduate,6.0,In Person,2018
1031,ASIA2302,Culture and Modernity in Asia: Anthropological Perspectives,Second Semester,Undergraduate,6.0,In Person,2018
1032,ANTH2057,Culture and Person,Second Semester,Undergraduate,6.0,In Person,2018
1033,ANTH6057,Culture and Person,Second Semester,Postgraduate,6.0,In Person,2018
1034,BIAN6120,"Culture, Biology & Population Dynamics",Second Semester,Postgraduate,6.0,In Person,2018
1035,BIAN2120,"Culture, Biology and Population Dynamics",Second Semester,Undergraduate,6.0,In Person,2018
1036,CHMD8019,"Culture, Health, Medicine Internship",Summer Session/First Semester/Autumn Session/Winter Session/Second Semester/Spring Session,Postgraduate,6.0,In Person,2018
1037,ANTH6017,"Culture, Social Justice and Aboriginal Society Today",First Semester,Postgraduate,6.0,In Person,2018
1038,ANTH2017,"Culture, Social Justice and Aboriginal Society Today",First Semester,Undergraduate,6.0,In Person,2018
1039,ANCH6101,"Cultures in conflict: Greeks, Romans and others in southern Italy and Sicily",,Postgraduate,12.0,In Person,2018
1040,ANCH2101,"Cultures in conflict: Greeks, Romans and others in southern Italy and Sicily",,Undergraduate,12.0,In Person,2018
1041,ARTH6045,Curatorship Theory and Practice,Second Semester,Postgraduate,12.0,Online or In Person,2018
1042,ARTH2045,Curatorship Theory and Practice,Second Semester,Undergraduate,6.0,In Person,2018
1043,FREN6512,Current Affairs and the French Press,,Postgraduate,6.0,In Person,2018
1044,FREN3107,Current Affairs and the French Press (Advanced),Second Semester,Undergraduate,6.0,In Person,2018
1045,FREN6513,Current Affairs and the French Press (Advanced),Second Semester,Postgraduate,6.0,In Person,2018
1046,SPAN6513,Current Affairs in the Spanish-Speaking World,,Postgraduate,6.0,In Person,2018
1047,SPAN3100,Current Affairs in the Spanish-speaking World,,Undergraduate,6.0,In Person,2018
1048,POLS2132,Current Issues in International Security,Second Semester,Undergraduate,6.0,In Person,2018
1049,CHEM3207,Current Topics in Chemical Biology,Second Semester,Undergraduate,6.0,In Person,2018
1050,FREN3106,Current affairs and the French Press,,Undergraduate,6.0,In Person,2018
1051,MEDI8111,Custodial Medicine Elective,Second Semester,Postgraduate,6.0,In Person,2018
1052,COMP8501,Cyber Defensive Operations,,Postgraduate,6.0,Online or In Person,2018
1053,LAWS8077,Cyber Law,Spring Session,Postgraduate,6.0,Online or In Person,2018
1054,COMP8502,Cyber Offensive Operations,,Postgraduate,6.0,Online or In Person,2018
1055,COMP2700,Cyber Security Foundations,Second Semester,Undergraduate,6.0,In Person,2018
1056,LAWS8035,Cyber Warfare Law,Spring Session,Postgraduate,6.0,In Person,2018
1057,NSPO8009,Cyber-intelligence and Security,Autumn Session,Postgraduate,6.0,Online or In Person,2018
1058,CRIM8002,Cyber-security and Cybercrime,,Postgraduate,6.0,Online or In Person,2018
1059,CRIM2010,Cybercrime: an introduction,First Semester,Undergraduate,6.0,In Person,2018
1060,CRIM6010,Cybercrime: an introduction,First Semester,Postgraduate,6.0,In Person,2018
1061,ARTH2162,Cyberculture,Second Semester,Undergraduate,6.0,In Person,2018
1062,ARTH6162,Cyberculture,Second Semester,Postgraduate,6.0,In Person,2018
1063,PSYC9011,DPsych Clinical Coursework I,,Research,6.0,In Person,2018
1064,PSYC9012,DPsych Clinical Coursework II,,Research,6.0,In Person,2018
1065,PSYC9013,DPsych Clinical Coursework III,,Research,4.0,In Person,2018
1066,PSYC9014,DPsych Clinical Coursework IV,,Research,4.0,In Person,2018
1067,PSYC9015,DPsych Clinical Coursework V,,Research,2.0,In Person,2018
1068,PSYC9016,DPsych Clinical Coursework VI,,Research,2.0,In Person,2018
1069,PSYC9021,DPsych Clinical Field Placement I,,Research,6.0,In Person,2018
1070,PSYC9022,DPsych Clinical Field Placement II,,Research,6.0,In Person,2018
1071,PSYC9023,DPsych Clinical Field Placement III,,Research,6.0,In Person,2018
1072,PSYC9024,DPsych Clinical Field Placement IV,,Research,6.0,In Person,2018
1073,ANCH3506,"Dark Age to Democracy: early Greek history, 1000-480 BC",,Undergraduate,6.0,In Person,2018
1074,ANCH6506,"Dark Age to democracy: early Greek history, 1000-480 BC",,Postgraduate,6.0,In Person,2018
1075,EMSC4123,Data Analysis,First Semester/Second Semester,Undergraduate,3.0,In Person,2018
1076,EMSC8023,Data Analysis,First Semester/Second Semester,Postgraduate,6.0,In Person,2018
1077,BIAN4011,Data Analysis and Methods in Biological Anthropology,First Semester,Undergraduate,6.0,Online or In Person,2018
1078,BIAN8008,Data Analysis and Methods in Biological Anthropology,First Semester,Postgraduate,6.0,In Person,2018
1079,COMP8410,Data Mining,First Semester/Winter Session,Postgraduate,6.0,Online or In Person,2018
1080,COMP3425,Data Mining,First Semester,Undergraduate,6.0,In Person,2018
1081,MATH6210,Data Mining,,Postgraduate,6.0,In Person,2018
1082,COMP3430,Data Wrangling,Second Semester,Undergraduate,6.0,In Person,2018
1083,COMP8430,Data Wrangling,Second Semester,Postgraduate,6.0,In Person,2018
1084,SOCR3001,Data for Decision Making,,Undergraduate,6.0,In Person,2018
1085,VCPG8001,Dealing with Wicked Problems,,Postgraduate,6.0,In Person,2018
1086,HUMN8029,Debates and Issues in the Humanities,First Semester,Postgraduate,6.0,Online or In Person,2018
1087,HIST2236,Debating Anzac,,Undergraduate,6.0,In Person,2018
1088,HIST6236,Debating Anzac,,Postgraduate,6.0,In Person,2018
1089,JPNS6102,Debating Japan: Contemporary Intellectual Debate,First Semester,Postgraduate,6.0,In Person,2018
1090,JPNS3102,Debating Japan: Contemporary Intellectual Debates,First Semester,Undergraduate,6.0,In Person,2018
1091,POGO8065,Decision Making Under Uncertainty,Spring Session,Postgraduate,6.0,In Person,2018
1092,POGO8007,Decision-Making in Government,,Postgraduate,6.0,In Person,2018
1093,COMP3701,Defensive Cyber Security Operations,Second Semester,Undergraduate,6.0,In Person,2018
1094,POGO8123,Delivering Public Value,Summer Session,Postgraduate,6.0,In Person,2018
1095,MGMT7061,Delivering Team Results,First Semester,Postgraduate,6.0,In Person,2018
1096,HIST2240,Democracy and Dissent: Europe Since 1945,Second Semester,Undergraduate,6.0,In Person,2018
1097,HIST6240,Democracy and Dissent: Europe Since 1945,Second Semester,Postgraduate,6.0,In Person,2018
1098,POLS8019,Democracy and its Discontents,First Semester,Postgraduate,6.0,In Person,2018
1099,ASIA2070,Democracy in Southeast Asia,First Semester,Undergraduate,6.0,In Person,2018
1100,ASIA6070,Democracy in Southeast Asia,First Semester,Postgraduate,6.0,In Person,2018
1101,INTR8059,Democracy in World Politics,,Postgraduate,6.0,In Person,2018
1102,GEND2101,"Democracy, Difference and Desire",,Undergraduate,6.0,In Person,2018
1103,PHIL2101,"Democracy, Difference and Desire",,Undergraduate,6.0,In Person,2018
1104,POLS2126,Democracy: Its Causes and Consequences,,Undergraduate,6.0,In Person,2018
1105,FINM2002,Derivatives,First Semester/Second Semester,Undergraduate,6.0,In Person,2018
1106,FINM7017,Derivatives,,Postgraduate,3.0,In Person,2018
1107,FINM8009,"Derivatives: Markets, Valuation and Risk Management",,Postgraduate,6.0,In Person,2018
1108,DESN2007,Design Fiction: Speculative and Critical Design,First Semester,Undergraduate,6.0,In Person,2018
1109,DESN8001,Design Inquiry: Application of Research,First Semester/Second Semester,Postgraduate,6.0,In Person,2018
1110,DESN6010,"Design Practice: Engagement, Internship and Entrepreneurship",First Semester/Second Semester,Postgraduate,6.0,In Person,2018
1111,DESN3010,"Design Practice: Engagement, Internship and Entrepreneurship",First Semester/Second Semester,Undergraduate,6.0,In Person,2018
1112,DESN4010,Design Practice: Impact and Engagement,,Undergraduate,12.0,In Person,2018
1113,DESN2008,Design Thinking: Human-Centred Design Methodologies,,Undergraduate,6.0,In Person,2018
1114,DESN4011,Design and Research: Theory and Methods,,Undergraduate,6.0,In Person,2018
1115,STAT7029,Design of Experiments and Surveys,,Postgraduate,6.0,In Person,2018
1116,STAT4029,Design of Experiments and Surveys,,Undergraduate,6.0,In Person,2018
1117,STAT3012,Design of Experiments and Surveys,,Undergraduate,6.0,In Person,2018
1118,POGO8063,Designing Public Policies and Programs,Winter Session,Postgraduate,6.0,In Person,2018
1119,ARCH8102,Designing Research in Archaeology,Second Semester,Postgraduate,6.0,In Person,2018
1120,POGO8070,Developing and Implementing Industry Policy,,Postgraduate,6.0,In Person,2018
1121,POGO8095,Development Policy and Practice,,Postgraduate,6.0,In Person,2018
1122,ECON4409,Development Poverty & Famine,First Semester,Undergraduate,6.0,In Person,2018
1123,ECON2900,Development Poverty and Famine,First Semester,Undergraduate,6.0,In Person,2018
1124,ECON2901,Development Poverty and Famine(H),First Semester,Undergraduate,6.0,In Person,2018
1125,POGO8072,Development Theories and Themes,First Semester,Postgraduate,6.0,In Person,2018
1126,POLS2011,Development and Change,First Semester,Undergraduate,6.0,In Person,2018
1127,IDEC8031,Development and Environmental Planning in Developing Economies,Second Semester,Postgraduate,6.0,In Person,2018
1128,ANTH8009,Development in Practice,Winter Session,Postgraduate,6.0,Online or In Person,2018
1129,BUSI2027,Development of Modern Business,,Undergraduate,6.0,In Person,2018
1130,PSYC2002,Developmental Psychology,First Semester,Undergraduate,6.0,In Person,2018
1131,LING2023,Dictionaries and Dictionary-Making,First Semester,Undergraduate,6.0,In Person,2018
1132,LING6023,Dictionaries and Dictionary-Making,First Semester,Postgraduate,6.0,In Person,2018
1133,MATH6205,Differential Geometry,First Semester/Second Semester,Postgraduate,6.0,In Person,2018
1134,ASTR8007,Diffuse Matter in the Universe,,Postgraduate,6.0,In Person,2018
1135,ASTR4017,Diffuse Matter in the Universe,,Undergraduate,6.0,In Person,2018
1136,DART8067,"Digital Arts Research: contexts, practices and methodologies",First Semester,Postgraduate,6.0,In Person,2018
1137,ASIA3032,Digital Asia: Technology and Society,First Semester,Undergraduate,6.0,In Person,2018
1138,ENGN3226,Digital Communications,First Semester,Undergraduate,6.0,In Person,2018
1139,ENGN6626,Digital Communications,First Semester,Postgraduate,6.0,In Person,2018
1140,ANUC1113,Digital Culture: Being Human in the Information Age,First Semester,Undergraduate,6.0,In Person,2018
1141,HUMN1001,Digital Culture: Being Human in the Information Age,First Semester,Undergraduate,6.0,In Person,2018
1142,DESN6001,Digital Form and Fabrication,First Semester,Postgraduate,6.0,In Person,2018
1143,DESN2001,Digital Form and Fabrication,First Semester,Undergraduate,6.0,In Person,2018
1144,HIST6237,"Digital History, Digital Heritage",,Postgraduate,6.0,Online or In Person,2018
1145,HIST2237,"Digital History, Digital Heritage: the past in a digital present",,Undergraduate,6.0,Online or In Person,2018
1146,HUMN8030,Digital Humanities and Public Culture Research Project,First Semester/Second Semester,Postgraduate,6.0,Online or In Person,2018
1147,HUMN8031,Digital Humanities and Public Culture Research Project (Advanced),First Semester/Second Semester,Postgraduate,12.0,Online or In Person,2018
1148,HUMN3001,Digital Humanities: Methods and Practices,First Semester,Undergraduate,6.0,Online or In Person,2018
1149,HUMN6003,Digital Humanities: Methods and Practices,First Semester,Postgraduate,6.0,In Person,2018
1150,HUMN2001,Digital Humanities: Theories and Projects,Second Semester,Undergraduate,6.0,In Person,2018
1151,HUMN6001,Digital Humanities: Theories and Projects,Second Semester,Postgraduate,6.0,In Person,2018
1152,MKTG7028,Digital Marketing Communications,Second Semester,Postgraduate,6.0,In Person,2018
1153,LAWS8076,Digital Media and Communication Law and Practice,,Postgraduate,6.0,Online,2018
1154,INFS8205,"Digital Strategy, Executive and Operations",First Semester,Postgraduate,6.0,In Person,2018
1155,ENGN3213,Digital Systems and Microprocessors,First Semester,Undergraduate,6.0,In Person,2018
1156,ENGN6213,Digital Systems and Microprocessors,First Semester,Postgraduate,6.0,In Person,2018
1157,INFS7040,Digital Transformation,First Semester/Second Semester,Postgraduate,6.0,In Person,2018
1158,CRIM2004,Dimensions of Crime: Identifying and Controlling Offenders,Second Semester,Undergraduate,6.0,In Person,2018
1159,CRIM6004,Dimensions of Crime: Identifying and Controlling Offenders,Second Semester,Postgraduate,6.0,In Person,2018
1160,ECON8026,Diploma Macroeconomics,First Semester/Second Semester,Postgraduate,6.0,In Person,2018
1161,ECON8025,Diploma Microeconomics,First Semester/Second Semester,Postgraduate,6.0,In Person,2018
1162,DIPL8009,Diplomacy in a Globalising World,Second Semester,Postgraduate,6.0,Online,2018
1163,DIPL8006,"Diplomacy, Politics and the United Nations",,Postgraduate,12.0,In Person,2018
1164,CHMD8001,"Directed Readings in Culture, Health and Medicine",First Semester/Second Semester,Postgraduate,6.0,Online or In Person,2018
1165,ARAB3007,Directed Study Project (Arabic),Second Semester,Undergraduate,6.0,In Person,2018
1166,ARAB6509,Directed Study Project (Arabic),Second Semester,Postgraduate,6.0,In Person,2018
1167,EMDV8124,Disaster Risk Reduction and Management,Second Semester,Postgraduate,6.0,Online or In Person,2018
1168,ASIA8048,Disasters and Epidemics in Asia and the Pacific,Second Semester,Postgraduate,6.0,Online or In Person,2018
1169,POGO8075,Disasters and Humanitarian Aid Policy Evaluation Issues,,Postgraduate,6.0,In Person,2018
1170,ENGN1211,Discovering Engineering,First Semester,Undergraduate,6.0,In Person,2018
1171,EXTN1005A,Discovering Engineering A,Autumn Session,Undergraduate,0.0,In Person,2018
1172,EXTN1005B,Discovering Engineering B,Autumn Session,Undergraduate,6.0,In Person,2018
1173,ANUC1005,Discrete Mathematical Models,First Semester/Second Semester,Undergraduate,6.0,In Person,2018
1174,MATH1005,Discrete Mathematical Models,First Semester,Undergraduate,6.0,In Person,2018
1175,MATH6005,Discrete Mathematical Models,First Semester,Postgraduate,6.0,In Person,2018
1176,ENGN4537,Discrete-Time Signal Processing,First Semester,Undergraduate,6.0,In Person,2018
1177,ENGN6537,Discrete-Time Signal Processing,First Semester,Postgraduate,6.0,In Person,2018
1178,NSPO8013,"Disease, Security and Biological Weapons",Winter Session,Postgraduate,6.0,In Person,2018
1179,LAWS8116,Dispute Management,Winter Session,Postgraduate,6.0,In Person,2018
1180,BIOL1009,Diversity of Life,Second Semester,Undergraduate,6.0,In Person,2018
1181,LAWS9001F,Doctor of Juridical Science (ANU College of Law),,Research,6.0,In Person,2018
1182,LAWS9001P,Doctor of Juridical Science (ANU College of Law),,Research,6.0,In Person,2018
1183,HLTH9000F,"Doctor of Philosophy (Centre for Research on Ageing, Health and Wellbeing)",,Research,6.0,In Person,2018
1184,HLTH9000P,"Doctor of Philosophy (Centre for Research on Ageing, Health and Wellbeing)",,Research,6.0,In Person,2018
1185,COMP9000F,Doctor of Philosophy (Computer Science),,Research,3.0,In Person,2018
1186,COMP9000P,Doctor of Philosophy (Computer Science),,Research,3.0,In Person,2018
1187,ENGN9000P,Doctor of Philosophy (Engineering),,Research,3.0,In Person,2018
1188,ENGN9000F,Doctor of Philosophy (Engineering),,Research,3.0,In Person,2018
1189,PSYC9002P,"Doctor of Philosophy - Research Course in Clinical Psychology, Dept of Psychology, SHPS",,Research,6.0,In Person,2018
1190,PSYC9002F,"Doctor of Philosophy - Research Course in Clinical Psychology, Dept of Psychology, SHPS",,Research,6.0,In Person,2018
1191,PSYC9000P,"Doctor of Philosophy - Research Course in Psychology, Department of Pyschology, SHPS",,Research,6.0,In Person,2018
1192,PSYC9000F,"Doctor of Philosophy - Research Course in Psychology, Department of Pyschology, SHPS",,Research,6.0,In Person,2018
1193,HECN9552F,"Doctor of Philosophy - Research Course,  ACERH, Institute of Population Health",,Research,24.0,In Person,2018
1194,HECN9552P,"Doctor of Philosophy - Research Course,  ACERH, Institute of Population Health",,Research,24.0,In Person,2018
1195,HLTH9550F,"Doctor of Philosophy - Research Course,  CMHR, Institute of Population Health",,Research,6.0,In Person,2018
1196,HLTH9550P,"Doctor of Philosophy - Research Course,  CMHR, Institute of Population Health",,Research,6.0,In Person,2018
1197,POPH9550F,"Doctor of Philosophy - Research Course,  NCEPH, Institute of Population Health",,Research,6.0,In Person,2018
1198,POPH9550P,"Doctor of Philosophy - Research Course,  NCEPH, Institute of Population Health",,Research,6.0,In Person,2018
1199,MEDN9550F,"Doctor of Philosophy - Research Course, John Curtin School of Medical Research",,Research,6.0,In Person,2018
1200,MEDN9550P,"Doctor of Philosophy - Research Course, John Curtin School of Medical Research",,Research,6.0,In Person,2018
1201,MEDI9950F,"Doctor of Philosophy - Research Course, Medical School",,Research,24.0,In Person,2018
1202,MEDI9950P,"Doctor of Philosophy - Research Course, Medical School",,Research,24.0,In Person,2018
1203,ASTR9550F,"Doctor of Philosophy - Research Course, Research School of Astronomy & Astrophysics",,Research,6.0,In Person,2018
1204,ASTR9550P,"Doctor of Philosophy - Research Course, Research School of Astronomy & Astrophysics",,Research,6.0,In Person,2018
1205,CHEM9550F,"Doctor of Philosophy - Research Course, Research School of Chemistry",,Research,6.0,In Person,2018
1206,CHEM9550P,"Doctor of Philosophy - Research Course, Research School of Chemistry",,Research,6.0,In Person,2018
1207,EMSC9005F,"Doctor of Philosophy in Earth Chemistry, Research School of Earth Sciences",,Research,3.0,In Person,2018
1208,EMSC9005P,"Doctor of Philosophy in Earth Chemistry, Research School of Earth Sciences",,Research,3.0,In Person,2018
1209,EMSC9004F,"Doctor of Philosophy in Earth Environment, Research School of Earth Sciences",,Research,3.0,In Person,2018
1210,EMSC9004P,"Doctor of Philosophy in Earth Environment, Research School of Earth Sciences",,Research,3.0,In Person,2018
1211,EMSC9003F,"Doctor of Philosophy in Earth Materials and Processes, Research School of Earth Sciences",,Research,3.0,In Person,2018
1212,EMSC9003P,"Doctor of Philosophy in Earth Materials and Processes, Research School of Earth Sciences",,Research,3.0,In Person,2018
1213,EMSC9002P,"Doctor of Philosophy in Earth Physics, Research School of Earth Sciences",,Research,3.0,In Person,2018
1214,EMSC9002F,"Doctor of Philosophy in Earth Physics, Research School of Earth Sciences",,Research,3.0,In Person,2018
1215,EMSC9001F,"Doctor of Philosophy in Earth Sciences, Research School of Earth Sciences",,Research,3.0,In Person,2018
1216,EMSC9001P,"Doctor of Philosophy in Earth Sciences, Research School of Earth Sciences",,Research,3.0,In Person,2018
1217,PHYS9000P,"Doctor of Philosophy,  Quantum Science, Research School of Physics and Engineering",,Research,6.0,In Person,2018
1218,PHYS9000F,"Doctor of Philosophy,  Quantum Science, Research School of Physics and Engineering",,Research,6.0,In Person,2018
1219,PHYS9554F,"Doctor of Philosophy, Applied Mathematics, Research School of Physics and Engineering",,Research,24.0,In Person,2018
1220,PHYS9554P,"Doctor of Philosophy, Applied Mathematics, Research School of Physics and Engineering",,Research,24.0,In Person,2018
1221,BIOL9001F,"Doctor of Philosophy, Biomedical Science & Biochemistry, Research School of Biology",,Research,24.0,In Person,2018
1222,BIOL9001P,"Doctor of Philosophy, Biomedical Science & Biochemistry, Research School of Biology",,Research,24.0,In Person,2018
1223,ENVS9007F,"Doctor of Philosophy, Environmental Science, Fenner School of Environment and Society",,Research,24.0,In Person,2018
1224,ENVS9007P,"Doctor of Philosophy, Environmental Science, Fenner School of Environment and Society",,Research,24.0,In Person,2018
1225,BIOL9000F,"Doctor of Philosophy, Evolution, Ecology and Genetics, Research School of Biology",,Research,6.0,In Person,2018
1226,BIOL9000P,"Doctor of Philosophy, Evolution, Ecology and Genetics, Research School of Biology",,Research,6.0,In Person,2018
1227,ENVS9000P,"Doctor of Philosophy, Forestry, Fenner School of Environment and Society",,Research,6.0,In Person,2018
1228,ENVS9000F,"Doctor of Philosophy, Forestry, Fenner School of Environment and Society",,Research,6.0,In Person,2018
1229,GMTH9550P,"Doctor of Philosophy, General Mathematics, Mathematical Sciences Institute",,Research,6.0,In Person,2018
1230,GMTH9550F,"Doctor of Philosophy, General Mathematics, Mathematical Sciences Institute",,Research,6.0,In Person,2018
1231,ENVS9001F,"Doctor of Philosophy, Geography, Fenner School of Environment and Society",,Research,24.0,In Person,2018
1232,ENVS9001P,"Doctor of Philosophy, Geography, Fenner School of Environment and Society",,Research,24.0,In Person,2018
1233,ENVS9004P,"Doctor of Philosophy, Global Environmental Change, Fenner School of Environment and Society",,Research,24.0,In Person,2018
1234,ENVS9004F,"Doctor of Philosophy, Global Environmental Change, Fenner School of Environment and Society",,Research,24.0,In Person,2018
1235,ENVS9006F,"Doctor of Philosophy, Human Ecology, Fenner School of Environment and Society",,Research,6.0,In Person,2018
1236,ENVS9006P,"Doctor of Philosophy, Human Ecology, Fenner School of Environment and Society",,Research,6.0,In Person,2018
1237,ENVS9008F,"Doctor of Philosophy, Interdisciplinary Environmental Studies, Fenner School of Environment and Soci",,Research,6.0,In Person,2018
1238,ENVS9008P,"Doctor of Philosophy, Interdisciplinary Environmental Studies, Fenner School of Environment and Soci",,Research,6.0,In Person,2018
1239,ENVS9003F,"Doctor of Philosophy, LE&CB, Fenner School of Environment and Society",,Research,6.0,In Person,2018
1240,ENVS9003P,"Doctor of Philosophy, LE&CB, Fenner School of Environment and Society",,Research,6.0,In Person,2018
1241,PHYS9556F,"Doctor of Philosophy, Laser Physics Centre, Research School of Physics and Engineering",,Research,24.0,In Person,2018
1242,PHYS9556P,"Doctor of Philosophy, Laser Physics Centre, Research School of Physics and Engineering",,Research,24.0,In Person,2018
1243,PHYS9561P,"Doctor of Philosophy, Non-Linear Physics, Research School of Physics and Engineering",,Research,24.0,In Person,2018
1244,PHYS9561F,"Doctor of Philosophy, Non-Linear Physics, Research School of Physics and Engineering",,Research,24.0,In Person,2018
1245,PHYS9557P,"Doctor of Philosophy, Nuclear Physics, Research School of Physics and Engineering",,Research,6.0,In Person,2018
1246,PHYS9557F,"Doctor of Philosophy, Nuclear Physics, Research School of Physics and Engineering",,Research,6.0,In Person,2018
1247,PHYS9558F,"Doctor of Philosophy, Optical Sciences, Research School of Physics and Engineering",,Research,24.0,In Person,2018
1248,PHYS9558P,"Doctor of Philosophy, Optical Sciences, Research School of Physics and Engineering",,Research,24.0,In Person,2018
1249,BIOL9002F,"Doctor of Philosophy, Plant Sciences, Research School of Biology",,Research,6.0,In Person,2018
1250,BIOL9002P,"Doctor of Philosophy, Plant Sciences, Research School of Biology",,Research,6.0,In Person,2018
1251,PHYS9551P,"Doctor of Philosophy, Plasma Research, Research School of Physics and Engineering",,Research,6.0,In Person,2018
1252,PHYS9551F,"Doctor of Philosophy, Plasma Research, Research School of Physics and Engineering",,Research,6.0,In Person,2018
1253,ENVS9002F,"Doctor of Philosophy, Sustainable Development, Fenner School of Environment and Society",,Research,24.0,In Person,2018
1254,ENVS9002P,"Doctor of Philosophy, Sustainable Development, Fenner School of Environment and Society",,Research,24.0,In Person,2018
1255,PHYS9555F,"Doctor of Philosophy, Theoretical Physics, Research School of Physics and Engineering",,Research,6.0,In Person,2018
1256,PHYS9555P,"Doctor of Philosophy, Theoretical Physics, Research School of Physics and Engineering",,Research,6.0,In Person,2018
1257,POPH9551P,Doctor of Population Health National Centre for Epidemiology and Population Health,,Research,24.0,In Person,2018
1258,POPH9551F,Doctor of Population Health National Centre for Epidemiology and Population Health,,Research,24.0,In Person,2018
1259,PSYC9001F,"Doctor of Psychology Research Component, Department of Psychology, SHPS",,Research,6.0,In Person,2018
1260,PSYC9001P,"Doctor of Psychology Research Component, Department of Psychology, SHPS",,Research,6.0,In Person,2018
1261,FINM8018,Doctoral Studies in Asset Pricing,Second Semester,Postgraduate,6.0,In Person,2018
1262,FINM8020,Doctoral Studies in Asset Pricing 2,First Semester,Postgraduate,6.0,In Person,2018
1263,FINM8019,Doctoral Studies in Corporate Finance,Second Semester,Postgraduate,6.0,In Person,2018
1264,FINM8021,Doctoral Studies in Corporate Finance Empirical,First Semester,Postgraduate,6.0,In Person,2018
1265,COMP4650,Document Analysis,Second Semester,Undergraduate,6.0,In Person,2018
1266,COMP6490,Document Analysis,Second Semester,Postgraduate,6.0,In Person,2018
1267,CRIM6007,Doing Criminology: Research and Practice in Crime and Criminal Justice,Second Semester,Postgraduate,6.0,Online or In Person,2018
1268,CRIM2001,Doing Criminology: Research and Practice in Crime and Criminal Justice,Second Semester,Undergraduate,6.0,Online or In Person,2018
1269,ANTH2067,Doing Ethnography: Practicum on Applied Anthropology,Second Semester,Undergraduate,6.0,In Person,2018
1270,ANTH6068,Doing Ethnography: Research Practicum on Applied Anthropology,Second Semester,Postgraduate,6.0,In Person,2018
1271,ANTH8059,Doing Ethnography: Research practicum on applied anthropology,,Postgraduate,6.0,In Person,2018
1272,ANTH2138,Doing Medical Anthropology,Second Semester,Undergraduate,6.0,In Person,2018
1273,ANTH6138,Doing Medical Anthropology,Second Semester,Postgraduate,6.0,In Person,2018
1274,EMDV8081,Domestic Climate Change Policy and Economics,Summer Session,Postgraduate,6.0,Online,2018
1275,DESN6004,Dynamic Design and Generative Systems,,Postgraduate,6.0,In Person,2018
1276,DESN2004,Dynamic Design and Generative Systems,,Undergraduate,6.0,In Person,2018
1277,ENGN2229,Dynamics and Simulation,Second Semester,Undergraduate,6.0,In Person,2018
1278,BUSI2023,Dynamics of Asian Business,Second Semester,Undergraduate,6.0,In Person,2018
1279,BUSI2022,Dynamics of Business in the Americas,,Undergraduate,6.0,In Person,2018
1280,BUSI2024,Dynamics of Business in the Middle East,First Semester,Undergraduate,6.0,In Person,2018
1281,BUSI2034,Dynamics of European Business,First Semester,Undergraduate,6.0,In Person,2018
1282,MEAS8112,Dynamics of Israeli-Palestinian Conflict,First Semester,Postgraduate,6.0,In Person,2018
1283,MKTG2032,E-Marketing,,Undergraduate,6.0,In Person,2018
1284,EMSC1008,EARTH: The Chemistry and Physics of our Planet,Second Semester,Undergraduate,6.0,In Person,2018
1285,EMSC6008,EARTH: The Chemistry and Physics of our Planet,Second Semester,Postgraduate,6.0,In Person,2018
1286,EMSC8030,Earth Science Research Project,Summer Session/First Semester/Autumn Session/Winter Session/Second Semester,Postgraduate,6.0,In Person,2018
1287,EMSC4005,Earth and Marine Sciences Honours Thesis,Summer Session/First Semester/Second Semester,Undergraduate,3.0,In Person,2018
1288,ENVS3014,Ecological Assessment and Management,Second Semester,Undergraduate,6.0,In Person,2018
1289,ENVS6514,Ecological Assessment and Management,Second Semester,Postgraduate,6.0,In Person,2018
1290,EMDV8012,Ecological Economics and Policy,First Semester,Postgraduate,6.0,In Person,2018
1291,BIOL3109,Ecological and Evolutionary Developmental Biology,First Semester,Undergraduate,6.0,In Person,2018
1292,BIOL6109,Ecological and Evolutionary Developmental Biology,First Semester,Postgraduate,6.0,In Person,2018
1293,BIOL2131,Ecology,First Semester,Undergraduate,6.0,In Person,2018
1294,BIOL6004,Ecology,First Semester,Postgraduate,6.0,In Person,2018
1295,BIOL2191,Ecology of Health and Disease,,Undergraduate,6.0,In Person,2018
1296,EMET4314,Econometric Methods,First Semester,Undergraduate,6.0,In Person,2018
1297,IDEC8017,Econometric Techniques,Second Semester,Postgraduate,6.0,In Person,2018
1298,EMET4308,Econometric Theory,Second Semester,Undergraduate,6.0,In Person,2018
1299,EMET8008,Econometric Theory,Second Semester,Postgraduate,6.0,In Person,2018
1300,EMET4007,Econometrics I: Econometric Methods,First Semester,Undergraduate,6.0,In Person,2018
1301,EMET2007,Econometrics I: Econometric Methods,First Semester,Undergraduate,6.0,In Person,2018
1302,EMET6007,Econometrics I: Econometric Methods,First Semester,Postgraduate,6.0,In Person,2018
1303,EMET6008,Econometrics II: Econometric Modelling,Second Semester,Postgraduate,6.0,In Person,2018
1304,EMET3004,Econometrics II: Econometric Modelling,Second Semester,Undergraduate,6.0,In Person,2018
1305,IDEC8022,Economic Development,Second Semester,Postgraduate,6.0,In Person,2018
1306,ECON8075,Economic Evaluation of Health Programs,,Postgraduate,6.0,In Person,2018
1307,EMSC3007,Economic Geology,Second Semester,Undergraduate,6.0,In Person,2018
1308,EMSC6007,Economic Geology,Second Semester,Postgraduate,6.0,In Person,2018
1309,ECON8050,Economic Growth,,Postgraduate,6.0,In Person,2018
1310,ECHI8004,Economic History Research Project,,Postgraduate,6.0,In Person,2018
1311,ECHI8008,Economic History Research Project,,Postgraduate,18.0,In Person,2018
1312,ECHI8009,Economic History Research Project A,,Postgraduate,12.0,In Person,2018
1313,EMET8005,Economic Models and Introductory Econometrics,First Semester/Second Semester,Postgraduate,6.0,In Person,2018
1314,ECON4403,Economic Policy Issues,Second Semester,Undergraduate,6.0,In Person,2018
1315,ECON8003,Economic Policy Issues,Second Semester,Postgraduate,6.0,In Person,2018
1316,ECON3023,Economic Policy Issues,Second Semester,Undergraduate,6.0,In Person,2018
1317,ECON8036,Economic Seminars for Graduate Program in Economics,,Postgraduate,6.0,In Person,2018
1318,PREP1109,Economics,First Semester,Undergraduate,6.0,In Person,2018
1319,ECON3100,Economics 3 (H),Second Semester,Undergraduate,6.0,In Person,2018
1320,ECON4488,Economics Honours Research Essay,First Semester/Second Semester,Undergraduate,6.0,In Person,2018
1321,ECON1100,Economics I (H),Second Semester,Undergraduate,6.0,In Person,2018
1322,ECON2016,Economics II (H),Second Semester,Undergraduate,6.0,In Person,2018
1323,SOCS9557F,Economics Program RSSS,,Research,24.0,In Person,2018
1324,SOCS9557P,Economics Program RSSS,,Research,24.0,In Person,2018
1325,IDEC8024,Economics Seminars,Second Semester,Postgraduate,6.0,In Person,2018
1326,POGO8081,Economics for Government,First Semester/Second Semester,Postgraduate,6.0,In Person,2018
1327,ENVS2007,Economics for the Environment,First Semester,Undergraduate,6.0,In Person,2018
1328,ECON8074,Economics of Health Insurance and Financing,,Postgraduate,6.0,In Person,2018
1329,ECON4410,Economics of Taxation,,Undergraduate,6.0,In Person,2018
1330,ASIA2067,Economies of Emerging Asia,Second Semester,Undergraduate,6.0,In Person,2018
1331,CRWF7001,"Editor’s practicum: online public engagement, academic blogging and digital disruption",First Semester/Second Semester,Postgraduate,6.0,In Person,2018
1332,ASIA3024,"Editor’s practicum: online public engagement, academic blogging and digital disruption",First Semester/Second Semester,Undergraduate,6.0,In Person,2018
1333,ASIA2309,Education and Social Change in Modern Japan,,Undergraduate,6.0,In Person,2018
1334,SOCY2021,Education and Society,,Undergraduate,6.0,In Person,2018
1335,HIST8104,Effective and Ethical Research Design,Autumn Session/Winter Session/Spring Session,Postgraduate,6.0,In Person,2018
1336,POLS2111,"Elections, Political Behaviour and Public Opinion in Australia",Summer Session,Undergraduate,6.0,In Person,2018
1337,HIST6121,"Electric Citizens: The Rise of the Modern Media in the United States, 1865-2000",,Postgraduate,6.0,In Person,2018
1338,HIST2121,"Electric Citizens: The Rise of the Modern Media in the United States, 1865-2000",,Undergraduate,6.0,In Person,2018
1339,PHYS3055,Electro Optics,,Undergraduate,3.0,In Person,2018
1340,PHYS2016,Electromagnetism,Second Semester,Undergraduate,6.0,In Person,2018
1341,MKTG7037,Electronic Marketing,,Postgraduate,6.0,In Person,2018
1342,ENGN2218,Electronic Systems and Design,First Semester,Undergraduate,6.0,In Person,2018
1343,TURK1001,Elementary Turkish A,First Semester,Undergraduate,6.0,In Person,2018
1344,TURK6001,Elementary Turkish A,First Semester,Postgraduate,6.0,In Person,2018
1345,TURK1002,Elementary Turkish B,Second Semester,Undergraduate,6.0,In Person,2018
1346,TURK6002,Elementary Turkish B,Second Semester,Postgraduate,6.0,In Person,2018
1347,ENGN8537,Embedded Systems and Real Time Digital Signal Processing,Second Semester,Postgraduate,6.0,In Person,2018
1348,ANCH2017,Emperors and Madmen: The Early Roman Empire,,Undergraduate,6.0,In Person,2018
1349,ENGL6027,Empire and its Fictions,Second Semester,Postgraduate,6.0,In Person,2018
1350,ENGL2068,Empire and its Fictions,Second Semester,Undergraduate,6.0,In Person,2018
1351,MGMT4019,Empirical Methods in Management,First Semester,Undergraduate,6.0,In Person,2018
1352,MGMT8019,Empirical Methods in Management,First Semester,Postgraduate,6.0,In Person,2018
1353,POGO8050,Empirical Political Analysis 2: Political Economy,,Postgraduate,6.0,In Person,2018
1354,IDEC8025,Empirical Public Finance,Second Semester,Postgraduate,6.0,In Person,2018
1355,BUSN8100,Empirical Research in Financial Accounting,First Semester/Second Semester,Postgraduate,6.0,In Person,2018
1356,MGMT2002,Employment Relations,,Undergraduate,6.0,In Person,2018
1357,MGMT7064,Employment Relations,,Postgraduate,6.0,In Person,2018
1358,LEGW8136,Employment and Industrial Practice,Autumn Session/Winter Session,Postgraduate,3.0,Online,2018
1359,IDEC8089,Energy Economics,,Postgraduate,6.0,In Person,2018
1360,POGO8212,Energy Politics and Governance,,Postgraduate,6.0,In Person,2018
1361,ENGN6516,Energy Resources and Renewable Technologies,Second Semester,Postgraduate,6.0,In Person,2018
1362,ENGN4516,Energy Resources and Renewable Technologies,Second Semester,Undergraduate,6.0,In Person,2018
1363,NSPO8026,Energy and National Security,Spring Session,Postgraduate,6.0,In Person,2018
1364,MEAS4109,Energy and Security in Central Asia and the Caucasus,,Undergraduate,6.0,In Person,2018
1365,MEAS8109,Energy and Security in Central Asia and the Caucasus,,Postgraduate,6.0,In Person,2018
1366,ASIA3021,Engaging Asia: Australia and the Asian Century,,Undergraduate,6.0,Online or In Person,2018
1367,ASIA8040,Engaging Asia: Australia and the Asian Century,,Postgraduate,6.0,Online or In Person,2018
1368,ENGN8535,Engineering Data Analytics,First Semester,Postgraduate,6.0,In Person,2018
1369,ENGN3230,Engineering Innovation,Second Semester,Undergraduate,6.0,In Person,2018
1370,ENGN3200,Engineering Internship,Summer Session/First Semester/Autumn Session/Winter Session/Second Semester/Spring Session,Undergraduate,6.0,In Person,2018
1371,ENGN3221,Engineering Management,First Semester,Undergraduate,6.0,In Person,2018
1372,ENGN3601,Engineering Materials,First Semester,Undergraduate,6.0,In Person,2018
1373,ENGN6601,Engineering Materials,First Semester,Postgraduate,6.0,In Person,2018
1374,ENGN3706,Engineering Research & Development Project,First Semester/Second Semester/Spring Session,Undergraduate,6.0,In Person,2018
1375,ENGN8104,Engineering Research Project,,Postgraduate,12.0,In Person,2018
1376,ENGN2707,Engineering Research and Development Project,Second Semester,Undergraduate,6.0,In Person,2018
1377,ENGN4706,Engineering Research and Development Project,First Semester/Second Semester,Undergraduate,6.0,In Person,2018
1378,ENGN3712,Engineering Research and Development Project,First Semester/Second Semester/Spring Session,Undergraduate,6.0,In Person,2018
1379,ENGN4712,Engineering Research and Development Project,First Semester/Second Semester,Undergraduate,6.0,In Person,2018
1380,ENGN4718,Engineering Research and Development Project,First Semester/Winter Session/Second Semester/Spring Session,Undergraduate,6.0,In Person,2018
1381,ENGN2706,Engineering Research and Development Project (Methods),First Semester,Undergraduate,6.0,In Person,2018
1382,ENGN1215,Engineering Sciences,First Semester,Undergraduate,6.0,In Person,2018
1383,ENGN3410,Engineering Sustainable Systems,Second Semester,Undergraduate,6.0,In Person,2018
1384,ENGN6410,Engineering Sustainable Systems,Second Semester,Postgraduate,6.0,In Person,2018
1385,ENGN2222,Engineering Thermodynamics,Second Semester,Undergraduate,6.0,In Person,2018
1386,ENGN3013,Engineering for a Humanitarian Context,Spring Session,Undergraduate,6.0,In Person,2018
1387,LAWS4209,English in a Legal Context,First Semester/Second Semester,Undergraduate,0.0,In Person,2018
1388,HIST6228,Enlightenment Worlds,,Postgraduate,6.0,In Person,2018
1389,HIST2228,Enlightenment Worlds,,Undergraduate,6.0,In Person,2018
1390,ACST4060,Enterprise Risk Management 1,First Semester,Undergraduate,6.0,In Person,2018
1391,ACST8060,Enterprise Risk Management 1,First Semester,Postgraduate,6.0,In Person,2018
1392,ACST8061,Enterprise Risk Management 2,Second Semester,Postgraduate,6.0,In Person,2018
1393,ACST4061,Enterprise Risk Management 2,Second Semester,Undergraduate,6.0,In Person,2018
1394,INFS4004,Enterprise Systems and Business Process Management,First Semester,Undergraduate,6.0,In Person,2018
1395,INFS8004,Enterprise Systems and Strategy,First Semester,Postgraduate,6.0,In Person,2018
1396,INFS3002,Enterprise Systems in Business,Second Semester,Undergraduate,6.0,In Person,2018
1397,MGMT3027,Entrepreneurship and Innovation,Second Semester,Undergraduate,6.0,In Person,2018
1398,MGMT8015,Entrepreneurship and Innovation,First Semester/Second Semester,Postgraduate,6.0,Online or In Person,2018
1399,ARTV2922,Environment Studio 2,,Undergraduate,6.0,In Person,2018
1400,ARTV2921,Environment Studio: field based research and studio practice in visual arts,First Semester,Undergraduate,6.0,In Person,2018
1401,ARTV6921,Environment Studio: field based research and studio practice in visual arts,First Semester,Postgraduate,6.0,In Person,2018
1402,PASI2003,Environment and Development in the Pacific,First Semester,Undergraduate,6.0,In Person,2018
1403,ENVS4005F,Environment and Society Honours,,Undergraduate,12.0,In Person,2018
1404,ENVS4005P,Environment and Society Honours,,Undergraduate,12.0,In Person,2018
1405,ENVS1001,Environment and Society: Geography of Sustainability,First Semester,Undergraduate,6.0,In Person,2018
1406,ENVS6101,Environment and Society: Geography of Sustainability,First Semester,Postgraduate,6.0,In Person,2018
1407,POLS3033,"Environment, Human Security and Conflict",,Undergraduate,6.0,In Person,2018
1408,EMDV8103,Environmental Assessment,First Semester,Postgraduate,6.0,In Person,2018
1409,LAWS8278,Environmental Dispute Management,,Postgraduate,6.0,In Person,2018
1410,IDEC8053,Environmental Economics,First Semester,Postgraduate,6.0,In Person,2018
1411,EMDV8104,Environmental Governance,First Semester,Postgraduate,6.0,In Person,2018
1412,LAWS8146,Environmental Landuse Planning Law,,Postgraduate,6.0,In Person,2018
1413,LAWS4215,Environmental Law,Summer Session,Undergraduate,6.0,In Person,2018
1414,LAWS6281,Environmental Law Clinical Program,Second Semester,Postgraduate,6.0,In Person,2018
1415,LAWS4281,Environmental Law Clinical Program,Second Semester,Undergraduate,6.0,In Person,2018
1416,LAWS8187,Environmental Litigation,,Postgraduate,6.0,In Person,2018
1417,MATH3133,Environmental Mathematics,,Undergraduate,6.0,In Person,2018
1418,ENVS6202,"Environmental Measurement, Modelling and Monitoring",Winter Session,Postgraduate,6.0,In Person,2018
1419,ENVS2002,"Environmental Measurement, Modelling and Monitoring",Winter Session,Undergraduate,6.0,In Person,2018
1420,MATH6102,Environmental Modelling and Integrated Assessment,,Postgraduate,6.0,In Person,2018
1421,ENVS3028,Environmental Policy,First Semester,Undergraduate,6.0,In Person,2018
1422,ENVS6528,Environmental Policy,First Semester,Postgraduate,6.0,In Person,2018
1423,EMDV8007,Environmental Policy and Communications,Second Semester,Postgraduate,6.0,In Person,2018
1424,LAWS8010,Environmental Protection and Human Rights,,Postgraduate,6.0,In Person,2018
1425,LAWS8111,Environmental Regulation,,Postgraduate,6.0,In Person,2018
1426,ENVS6218,Environmental Science Field School,Winter Session,Postgraduate,6.0,In Person,2018
1427,ENVS2018,Environmental Science Field School,Winter Session,Undergraduate,6.0,In Person,2018
1428,SOCY2022,Environmental Sociology,First Semester,Undergraduate,6.0,In Person,2018
1429,EMDV8001,"Environmental Sustainability, Health and Development",,Postgraduate,6.0,In Person,2018
1430,LAWS8145,Environmental and Risk Assessment Law,,Postgraduate,6.0,In Person,2018
1431,LAWS8707,Equity & Trusts & Corporations Law A,Autumn Session/Winter Session,Postgraduate,8.0,Online,2018
1432,LAWS8708,Equity & Trusts & Corporations Law B,Winter Session,Postgraduate,8.0,Online,2018
1433,LAWS2205,Equity and Trusts,Second Semester,Undergraduate,6.0,In Person,2018
1434,LAWS6205,Equity and Trusts,Second Semester,Postgraduate,6.0,In Person,2018
1435,ESEN1101,Essential University English,First Semester/Second Semester,Undergraduate,6.0,In Person,2018
1436,ENVS3015,Essentials of Environmental Law,Winter Session,Undergraduate,6.0,Online or In Person,2018
1437,ENVS6315,Essentials of Environmental Law,Winter Session,Postgraduate,6.0,Online or In Person,2018
1438,LAWS8322,Estate Planning: Issues and Strategies,Autumn Session,Postgraduate,6.0,Online,2018
1439,NSPO8008,Ethical Challenges for National Security,Second Semester,Postgraduate,6.0,In Person,2018
1440,POLS8035,Ethics and Politics,,Postgraduate,6.0,In Person,2018
1441,PSYC8069,Ethics and Professional Practice,,Postgraduate,6.0,In Person,2018
1442,NSPO8014,Ethics and Technologies of War,Summer Session,Postgraduate,6.0,In Person,2018
1443,INTR8053,Ethics of Peace and War,,Postgraduate,6.0,In Person,2018
1444,INTR8040,Ethnicity and Conflict in Asia and the Pacific,,Postgraduate,6.0,In Person,2018
1445,LAWS8579,Ethno-Political Conflicts and International Law,,Postgraduate,6.0,In Person,2018
1446,HIST6205,"Europe and the Atlantic World, c.1492–1776.",First Semester,Postgraduate,6.0,In Person,2018
1447,HIST2205,"Europe and the Atlantic World, c.1492–1776.",First Semester,Undergraduate,6.0,In Person,2018
1448,EURO1004,Europe in the Modern Era,Second Semester,Undergraduate,6.0,In Person,2018
1449,ARCH6058,European Prehistory from Cultivation to the Celts,,Postgraduate,6.0,In Person,2018
1450,ARCH2058,European prehistory from cultivation to the Celts,,Undergraduate,6.0,In Person,2018
1451,LAWS6207,Evidence,Second Semester,Postgraduate,6.0,In Person,2018
1452,LAWS2207,Evidence,Second Semester,Undergraduate,6.0,In Person,2018
1453,PSYC8071,Evidence Based Assessment,,Postgraduate,6.0,In Person,2018
1454,MEDI8114,Evidence Based Practice: Translational Medicine in Clinical Settings,,Postgraduate,6.0,In Person,2018
1455,REGN8005,Evidence Based Restorative Justice,Winter Session,Postgraduate,6.0,In Person,2018
1456,POGO8500,Evidence and Analysis in Public Policy,First Semester,Postgraduate,6.0,In Person,2018
1457,MGMT7250,Evidence-Based Management,First Semester/Winter Session/Second Semester/Spring Session,Postgraduate,6.0,Online or In Person,2018
1458,BIOL2114,Evolution,Second Semester,Undergraduate,6.0,In Person,2018
1459,BIOL6114,Evolution,Second Semester,Postgraduate,6.0,In Person,2018
1460,BIAN6124,Evolution and Human Behaviour,,Postgraduate,6.0,In Person,2018
1461,BIAN3124,Evolution and Human Behaviour,,Undergraduate,6.0,In Person,2018
1462,BIOL3206,Evolution of Biodiversity,Second Semester,Undergraduate,6.0,In Person,2018
1463,BIOL6206,Evolution of Biodiversity,Second Semester,Postgraduate,6.0,In Person,2018
1464,BIOL3131,Evolutionary and Behavioural Ecology,First Semester,Undergraduate,6.0,In Person,2018
1465,BIOL6631,Evolutionary and Behavioural Ecology,First Semester,Postgraduate,6.0,In Person,2018
1466,SOCY2026,Excessive Appetites: Sociocultural Perspectives on Addiction and Drug Use,Second Semester,Undergraduate,6.0,In Person,2018
1467,GEND2036,Excessive Appetites: Sociocultural Perspectives on Addiction and Drug Use,Second Semester,Undergraduate,6.0,In Person,2018
1468,SOCY6065,Excessive Appetites: Sociocultural Perspectives on Addiction and Drug Use,Second Semester,Postgraduate,6.0,In Person,2018
1469,CBEA5922,ExchExchange Program ANU College of Business and Economics - Band 3,First Semester/Second Semester,Undergraduate,6.0,In Person,2018
1470,CBEA5920,Exchange Program ANU College of Business and Economics - Band 2,Summer Session/First Semester/Autumn Session/Winter Session/Second Semester/Spring Session,Undergraduate,6.0,In Person,2018
1471,CBEA8820,Exchange Program for  ANU College of Business and Economics (PG),First Semester/Second Semester,Postgraduate,6.0,In Person,2018
1472,ARTS5920,Exchange Program for Arts Students,First Semester/Second Semester,Undergraduate,6.0,In Person,2018
1473,ARTS8820,Exchange Program for Graduate Arts Students,First Semester/Second Semester,Postgraduate,6.0,In Person,2018
1474,LAWS8820,Exchange Program for Graduate Law Students,First Semester/Second Semester,Postgraduate,6.0,In Person,2018
1475,SCNC8820,Exchange Program for Graduate Science Students,Summer Session/First Semester/Autumn Session/Winter Session/Second Semester/Spring Session,Postgraduate,6.0,In Person,2018
1476,COMP8820,Exchange Program for Graduate Students in Computer Science,First Semester/Second Semester,Postgraduate,6.0,In Person,2018
1477,ENGN8820,Exchange Program for Graduate Students in Engineering,,Postgraduate,6.0,In Person,2018
1478,LAWS5920,Exchange Program for Law Students,First Semester/Second Semester,Undergraduate,6.0,In Person,2018
1479,SCNC5921,Exchange Program for Science Students (Band 1),First Semester/Second Semester,Undergraduate,6.0,In Person,2018
1480,SCNC5920,Exchange Program for Science Students (Band 2),First Semester/Winter Session/Second Semester,Undergraduate,6.0,In Person,2018
1481,COMP5920,Exchange Program in Computer Science,First Semester/Winter Session/Second Semester/Spring Session,Undergraduate,6.0,In Person,2018
1482,ENGN5920,Exchange Program in Engineering,First Semester/Winter Session/Second Semester/Spring Session,Undergraduate,6.0,In Person,2018
1483,CBEA5921,Exchange – ANU College of Business and Economics _ Bachelor of Social Sciences (Honours),First Semester/Second Semester,Undergraduate,6.0,In Person,2018
1484,LAWS8241,Executive Power,Winter Session,Postgraduate,6.0,In Person,2018
1485,SCOM8007,Exhibition Design,Second Semester,Postgraduate,6.0,In Person,2018
1486,MUSC8018,Exhibition Design and Delivery,Second Semester,Postgraduate,6.0,Online or In Person,2018
1487,BUSI3065,Experience in Asia Project,,Undergraduate,6.0,In Person,2018
1488,BIOL6202,Experimental Design and Analysis in Biology,Second Semester,Postgraduate,6.0,In Person,2018
1489,BIOL2202,Experimental Design and Analysis in Biology,Second Semester,Undergraduate,6.0,In Person,2018
1490,HIST2231,Exploration: Columbus to the Moon,First Semester,Undergraduate,6.0,In Person,2018
1491,HIST6235,Exploration: Columbus to the Moon,First Semester,Postgraduate,6.0,In Person,2018
1492,ARTH8004,Exploring Asian Art in Asia,,Postgraduate,12.0,In Person,2018
1493,ANTH8060,"Exploring Gender, Resources and the Environment",Winter Session,Postgraduate,6.0,Online or In Person,2018
1494,BIOL2222,Exquisite Corpse - Insight Into The Human Body,Winter Session,Undergraduate,6.0,In Person,2018
1495,DESN8003,Extended Design Inquiry: Application of Research,First Semester/Second Semester,Postgraduate,18.0,In Person,2018
1496,ESEN6101,Extended University English,First Semester/Second Semester,Postgraduate,6.0,In Person,2018
1497,PREP1138,Extension Mathematics: Complex Numbers and General Sequences and Series,Spring Session,Undergraduate,6.0,In Person,2018
1498,PREP1137,Extension Mathematics: Linear Algebra and Further Calculus,Autumn Session,Undergraduate,6.0,In Person,2018
1499,LAWS4217,Family Law,Summer Session,Undergraduate,6.0,In Person,2018
1500,LAWS6217,Family Law,,Postgraduate,6.0,In Person,2018
1501,LAWS8591,Family Law (Children),Second Semester,Postgraduate,6.0,Online,2018
1502,LAWS8580,Family Law (Property),First Semester,Postgraduate,6.0,Online,2018
1503,LEGW8107,Family Law Practice,Summer Session/Autumn Session/Spring Session,Postgraduate,3.0,Online,2018
1504,LAWS8310,Federal Criminal Law,,Postgraduate,6.0,In Person,2018
1505,LAWS4261,Federal Criminal Law,,Undergraduate,6.0,In Person,2018
1506,LAWS8313,Federal Criminal Procedure and Evidence,,Postgraduate,6.0,In Person,2018
1507,LAWS4275,Federal Judicial System,,Undergraduate,6.0,In Person,2018
1508,LAWS8143,Federal Litigation,First Semester,Postgraduate,6.0,Online,2018
1509,LAWS4218,Feminist and Critical Legal Theory,,Undergraduate,6.0,In Person,2018
1510,PHYS6501,Fibre Optic Communication Systems,First Semester,Postgraduate,6.0,In Person,2018
1511,PHYS3060,Fibre Optic Communication Systems,First Semester,Undergraduate,6.0,In Person,2018
1512,ENGN6513,Fibre Optics Communication Systems,First Semester,Postgraduate,6.0,In Person,2018
1513,ENGN4513,Fibre Optics Communications Systems,First Semester,Undergraduate,6.0,In Person,2018
1514,EMSC3001,Field Geology,Winter Session,Undergraduate,6.0,In Person,2018
1515,EMSC6001,Field Geology,Winter Session,Postgraduate,6.0,In Person,2018
1516,LING3012,Field Methods in Linguistics,Autumn Session,Undergraduate,6.0,In Person,2018
1517,LING6009,Field Methods in Linguistics,Autumn Session,Postgraduate,6.0,Online or In Person,2018
1518,POPH8311,Field Placement,,Postgraduate,6.0,In Person,2018
1519,BIOL3132,Field Studies in Behavioural Ecology,First Semester,Undergraduate,6.0,In Person,2018
1520,BIOL6010,Field Studies in Behavioural Ecology,First Semester,Postgraduate,6.0,In Person,2018
1521,BIOL2203,Field Studies in Functional Ecology,Spring Session,Undergraduate,6.0,In Person,2018
1522,SCOM8004A,Fieldwork Placement (Part A),First Semester,Postgraduate,12.0,In Person,2018
1523,SCOM8004B,Fieldwork Placement (Part B),Second Semester,Postgraduate,12.0,In Person,2018
1524,ANTH9902,Fieldwork in the Pacific,,Postgraduate,6.0,In Person,2018
1525,ARTV1020,Figure & Life,First Semester/Second Semester,Undergraduate,6.0,In Person,2018
1526,ANUC1123,Figure & Life,Second Semester,Undergraduate,6.0,In Person,2018
1527,HONS4300,Final Honours Grade,First Semester/Second Semester,Undergraduate,0.0,In Person,2018
1528,HONS4400,Final Honours Grade,First Semester/Second Semester,Undergraduate,0.0,In Person,2018
1529,HONS4602,Final Honours Grade,Summer Session/First Semester/Second Semester,Undergraduate,0.0,In Person,2018
1530,HONS4100,Final Honours Grade,First Semester/Second Semester,Undergraduate,0.0,In Person,2018
1531,HONS4500,Final Honours Grade,,Undergraduate,0.0,In Person,2018
1532,HONS4600,Final Honours Grade,First Semester,Undergraduate,0.0,In Person,2018
1533,HONS4601,Final Honours Grade,First Semester/Second Semester,Undergraduate,0.0,In Person,2018
1534,HONS4700,Final Honours Grade,First Semester/Second Semester,Undergraduate,0.0,In Person,2018
1535,FINM7002,Finance Concepts in Regulation,,Postgraduate,6.0,In Person,2018
1536,FINM4500,Finance Honours Thesis,First Semester/Second Semester,Undergraduate,6.0,In Person,2018
1537,ECON4437,Financial Economics,Second Semester,Undergraduate,6.0,In Person,2018
1538,ECON8037,Financial Economics,Second Semester,Postgraduate,6.0,In Person,2018
1539,ECON3016,Financial Economics(H),Second Semester,Undergraduate,6.0,In Person,2018
1540,ECON3006,Financial Economics(P),Second Semester,Undergraduate,6.0,In Person,2018
1541,FINM3006,Financial Intermediation and Debt Markets,First Semester,Undergraduate,6.0,In Person,2018
1542,FINM7010,Financial Management Applications,,Postgraduate,3.0,In Person,2018
1543,FINM7039,Financial Management Systems,,Postgraduate,3.0,In Person,2018
1544,IDEC8083,Financial Markets and Instruments,Second Semester,Postgraduate,6.0,In Person,2018
1545,LAWS4237,Financial Markets and Takeovers,Second Semester,Undergraduate,6.0,In Person,2018
1546,STAT2032,Financial Mathematics,First Semester/Second Semester,Undergraduate,6.0,In Person,2018
1547,STAT6046,Financial Mathematics,First Semester/Second Semester,Postgraduate,6.0,In Person,2018
1548,BUSN3008,Financial Reporting By Corporations,First Semester,Undergraduate,6.0,In Person,2018
1549,BUSN8181,Financial Reporting and Analysis,Second Semester,Postgraduate,6.0,In Person,2018
1550,MKTG7003,Financial Services Marketing,,Postgraduate,6.0,In Person,2018
1551,FINM7036,Financial Spreadsheet Techniques,,Postgraduate,3.0,In Person,2018
1552,BUSN2036,Financial Statement Analysis,First Semester,Undergraduate,6.0,In Person,2018
1553,BUSN7036,Financial Statement Analysis,First Semester,Postgraduate,6.0,In Person,2018
1554,BUSN7008,Financial Statements and Reporting,First Semester/Second Semester,Postgraduate,6.0,In Person,2018
1555,ENGN4615,Finite Element Analysis,Second Semester,Undergraduate,6.0,In Person,2018
1556,ENGN6615,Finite Element Analysis,Second Semester,Postgraduate,6.0,In Person,2018
1557,ENVS3008,Fire in the Environment,Summer Session,Undergraduate,6.0,In Person,2018
1558,ENVS6308,Fire in the Environment,Summer Session,Postgraduate,6.0,In Person,2018
1559,ENGN6224,Fluid Mechanics and Heat Transfer,First Semester,Postgraduate,6.0,In Person,2018
1560,ENGN3224,Fluid Mechanics and Heat Transfer,First Semester,Undergraduate,6.0,In Person,2018
1561,PHYS3202,Fluids and Plasma,,Undergraduate,6.0,In Person,2018
1562,EMDV8082,Food Wars: Food Security and Agricultural Policy,Second Semester,Postgraduate,6.0,Online or In Person,2018
1563,ANTH2132,Food for Thought: Anthropological theories of food and eating,Second Semester,Undergraduate,6.0,In Person,2018
1564,ANTH6518,Food for Thought: Anthropological theories of food and eating,Second Semester,Postgraduate,6.0,In Person,2018
1565,POGO8015,Foreign Direct Investment Policy,Second Semester,Postgraduate,6.0,In Person,2018
1566,POLS3001,Foreign Policy Analysis,First Semester,Undergraduate,6.0,In Person,2018
1567,BIAN2128,Forensic Anthropology and Archaeology,,Undergraduate,6.0,In Person,2018
1568,BIAN6515,Forensic Anthropology and Archaeology,,Postgraduate,6.0,In Person,2018
1569,ENVS4055P,Forest Sciences IV Honours,,Undergraduate,12.0,In Person,2018
1570,ENVS4055F,Forest Sciences IV Honours,,Undergraduate,12.0,In Person,2018
1571,ENVS8105,Forestry Research Essay,First Semester/Second Semester,Postgraduate,6.0,In Person,2018
1572,DESN6005,Form and Fabrication in Context,,Postgraduate,6.0,In Person,2018
1573,DESN2005,Form and Fabrication in Context,,Undergraduate,6.0,In Person,2018
1574,POGO8401,Foundations in Public Policy,First Semester,Postgraduate,6.0,In Person,2018
1575,LAWS1201,Foundations of Australian Law,First Semester/Second Semester,Undergraduate,6.0,In Person,2018
1576,LAWS6101,Foundations of Australian Law,First Semester/Second Semester,Postgraduate,6.0,In Person,2018
1577,ASIA2366,Foundations of Chinese Culture,Second Semester,Undergraduate,6.0,In Person,2018
1578,ASIA8012,"Foundations of Chinese Society: Friends, Family, Connections",Second Semester,Postgraduate,6.0,In Person,2018
1579,ASIA2099,"Foundations of Chinese Society: Friends, Family, Connections",Second Semester,Undergraduate,6.0,In Person,2018
1580,COMP1600,Foundations of Computing,Second Semester,Undergraduate,6.0,In Person,2018
1581,COMP6260,Foundations of Computing,Second Semester,Postgraduate,6.0,In Person,2018
1582,DESN2002,Foundations of Creative Code,First Semester,Undergraduate,6.0,In Person,2018
1583,DESN6002,Foundations of Creative Code,First Semester,Postgraduate,6.0,In Person,2018
1584,ENGL2083,Foundations of Drama,,Undergraduate,6.0,In Person,2018
1585,EMET1001,Foundations of Economic and Financial Models,First Semester/Second Semester,Undergraduate,6.0,In Person,2018
1586,LAWS8581,Foundations of Family Law and Practice,First Semester,Postgraduate,6.0,Online,2018
1587,FINM1001,Foundations of Finance,First Semester/Second Semester,Undergraduate,6.0,In Person,2018
1588,MGMT7030,Foundations of Management,,Postgraduate,6.0,Online or In Person,2018
1589,BUSN8110,Foundations of Management Accounting Research,,Postgraduate,6.0,In Person,2018
1590,MATH6203,Foundations of Mathematics,First Semester,Postgraduate,6.0,In Person,2018
1591,MEDI3005,Foundations of Medicine,First Semester,Undergraduate,18.0,In Person,2018
1592,PHIL2119,Foundations of Modern Philosophy,,Undergraduate,6.0,In Person,2018
1593,NSPO8011,Foundations of National Security,First Semester,Postgraduate,6.0,In Person,2018
1594,CHEM2212,Foundations of Physical Chemistry,First Semester,Undergraduate,6.0,In Person,2018
1595,PHYS1001,Foundations of Physics,First Semester,Undergraduate,6.0,In Person,2018
1596,POLS2120,Foundations of Political Theory,Winter Session,Undergraduate,6.0,In Person,2018
1597,SOCR1001,Foundations of Social Research,Second Semester,Undergraduate,6.0,In Person,2018
1598,PHYS3035,Fourier Systems and Optics,Second Semester,Undergraduate,6.0,In Person,2018
1599,MATH3062,Fractal Geometry and Chaotic Dynamics,First Semester,Undergraduate,6.0,In Person,2018
1600,MATH6116,Fractal Geometry and Chaotic Dynamics,First Semester,Postgraduate,6.0,In Person,2018
1601,ARCH4004,Frameworks for Archaeological Science,First Semester,Undergraduate,6.0,Online or In Person,2018
1602,ARCH8103,Frameworks for Archaeological Science,First Semester,Postgraduate,6.0,Online or In Person,2018
1603,COMP8440,Free and Open Source Software Development,Autumn Session,Postgraduate,6.0,In Person,2018
1604,LAWS8243,Freedom of Information and Privacy,,Postgraduate,6.0,In Person,2018
1605,FREN2022,French Literature and The Pacific,,Undergraduate,6.0,In Person,2018
1606,ASIA2113,From Australia to the world: Landscapes of politics and power,Winter Session,Undergraduate,6.0,In Person,2018
1607,ARCH1112,From Origins to Civilizations,Second Semester,Undergraduate,6.0,In Person,2018
1608,ASTR3007,From Stars to Galaxies,First Semester,Undergraduate,6.0,In Person,2018
1609,ASTR4007,From Stars to Galaxies,First Semester,Undergraduate,6.0,In Person,2018
1610,ASTR6007,From Stars to Galaxies,First Semester,Postgraduate,6.0,In Person,2018
1611,DESN2006,Front-End Web: Crafting Online Experience,Second Semester,Undergraduate,6.0,In Person,2018
1612,DESN6006,Front-End Web: Crafting Online Experience,Second Semester,Postgraduate,6.0,In Person,2018
1613,PHIL1004,Fundamental Ideas in Philosophy: An Introduction,First Semester,Undergraduate,6.0,In Person,2018
1614,LAWS8651,Fundamentals of Australian Migration Law,First Semester/Second Semester,Postgraduate,6.0,Online,2018
1615,EMSC2021,Fundamentals of Climate System Science,Second Semester,Undergraduate,6.0,In Person,2018
1616,EMSC4021,Fundamentals of Climate System Science,Second Semester,Undergraduate,6.0,In Person,2018
1617,EMSC6021,Fundamentals of Climate System Science,Second Semester,Postgraduate,6.0,In Person,2018
1618,CRIM2012,Fundamentals of Cyber Security: Responding to crime in the digital age,,Undergraduate,6.0,In Person,2018
1619,CRIM6012,Fundamentals of Cyber Security: Responding to crime in the digital age,,Postgraduate,6.0,In Person,2018
1620,EMET8014,Fundamentals of Econometric Methods,First Semester,Postgraduate,6.0,In Person,2018
1621,LAWS8189,Fundamentals of Environmental Law,Summer Session,Postgraduate,6.0,In Person,2018
1622,POPH4100,Fundamentals of Epidemiology,First Semester/Second Semester,Undergraduate,6.0,Online or In Person,2018
1623,POPH8100,Fundamentals of Epidemiology,First Semester/Second Semester,Postgraduate,6.0,Online or In Person,2018
1624,EMSC6123,Fundamentals of Geology,,Postgraduate,6.0,In Person,2018
1625,PHYS8204,Fundamentals of Nuclear Radiation,First Semester,Postgraduate,6.0,In Person,2018
1626,PHYS8201,Fundamentals of Nuclear Science,First Semester,Postgraduate,6.0,In Person,2018
1627,ASIA4001,"Fundamentals of Research Design in Asia-Pacific Culture, History and Languages",First Semester,Undergraduate,12.0,In Person,2018
1628,STST4001,"Fundamentals of Research Design in Asia-Pacific International, Political and Security Studies",First Semester,Undergraduate,12.0,In Person,2018
1629,ASIA9051,Fundamentals of Research in Pacific and Asian Studies,,Postgraduate,6.0,In Person,2018
1630,FINM7021,Funds Management,,Postgraduate,3.0,In Person,2018
1631,DESA2208,Furniture Design: Cabinet Design and Construction,First Semester,Undergraduate,6.0,In Person,2018
1632,DESA2207,Furniture Design: Complex Linear Structures,Second Semester,Undergraduate,6.0,In Person,2018
1633,DESA2209,Furniture Design: Containers,First Semester,Undergraduate,6.0,In Person,2018
1634,DESA2206,Furniture Design: Curved Componentry,Second Semester,Undergraduate,6.0,In Person,2018
1635,ARTV2206,Furniture: Bend/Curve,Second Semester,Undergraduate,6.0,In Person,2018
1636,ARTV2209,Furniture: Collect/Treasure,First Semester,Undergraduate,6.0,In Person,2018
1637,ARTV2208,Furniture: Contain/Display,First Semester,Undergraduate,6.0,In Person,2018
1638,ARTV1202,Furniture: Elevate/Surface,Second Semester,Undergraduate,6.0,In Person,2018
1639,ARTV1201,Furniture: Shape/Structure,First Semester,Undergraduate,6.0,In Person,2018
1640,ARTV2207,Furniture: Support/Body,Second Semester,Undergraduate,6.0,In Person,2018
1641,ENVS2015,GIS and Spatial Analysis,Second Semester,Undergraduate,6.0,In Person,2018
1642,ENVS6015,GIS and Spatial Analysis,Second Semester,Postgraduate,6.0,In Person,2018
1643,ASTR4006,Galaxies,Second Semester,Undergraduate,6.0,In Person,2018
1644,ASTR8006,Galaxies,Second Semester,Postgraduate,6.0,In Person,2018
1645,MEAS3001,Gallipoli: History and National Imagination,First Semester,Undergraduate,6.0,In Person,2018
1646,ECON4453,Game Theory,Second Semester,Undergraduate,6.0,In Person,2018
1647,ECON8053,Game Theory,Second Semester,Postgraduate,6.0,In Person,2018
1648,ECON3153,Game Theory (H),Second Semester,Undergraduate,6.0,In Person,2018
1649,ECON3152,Game Theory (P),Second Semester,Undergraduate,6.0,In Person,2018
1650,POLS2125,Game Theory and Social Sciences,Second Semester,Undergraduate,6.0,In Person,2018
1651,MATH2301,"Games, Graphs and Machines",Second Semester,Undergraduate,6.0,In Person,2018
1652,ASIA2311,Gender and Cultural Studies in Asia and the Pacific,Second Semester,Undergraduate,6.0,In Person,2018
1653,GEND2001,Gender and Cultural Studies in Asia and the Pacific,Second Semester,Undergraduate,6.0,In Person,2018
1654,MEAS3002,Gender and Culture in Iran and the Middle East,Second Semester,Undergraduate,6.0,In Person,2018
1655,GEND2107,Gender and Culture in Iran and the Middle East,Second Semester,Undergraduate,6.0,In Person,2018
1656,POLS2134,Gender and Politics,Second Semester,Undergraduate,6.0,In Person,2018
1657,DEMO8048,Gender and Population,Second Semester,Postgraduate,6.0,In Person,2018
1658,PASI3002,Gender and Sexuality in the Pacific,Winter Session,Undergraduate,6.0,In Person,2018
1659,GEND3002,Gender and Sexuality in the Pacific,Winter Session,Undergraduate,6.0,In Person,2018
1660,PASI8008,Gender and Sexuality in the Pacific,Winter Session,Postgraduate,6.0,In Person,2018
1661,ANTH2025,Gender in Cross-Cultural Perspective,First Semester,Undergraduate,6.0,In Person,2018
1662,ANTH6025,Gender in Cross-Cultural Perspective,First Semester,Postgraduate,6.0,In Person,2018
1663,GEND2035,Gender in Cross-Cultural Perspective,First Semester,Undergraduate,6.0,In Person,2018
1664,GERM3050,Gender in German Culture: From Goethe to Trans*,,Undergraduate,6.0,In Person,2018
1665,GERM6511,Gender in German Culture: From Goethe to Trans*,,Postgraduate,6.0,In Person,2018
1666,GEND2024,Gender in Humanities: Reading Jane Eyre,,Undergraduate,6.0,In Person,2018
1667,ASIA6106,Gender in Korean History,First Semester,Postgraduate,6.0,In Person,2018
1668,ASIA2006,Gender in Korean History,First Semester,Undergraduate,6.0,In Person,2018
1669,GEND2002,Gender in Korean History,First Semester,Undergraduate,6.0,In Person,2018
1670,GEND6024,Gender in the Humanities: Reading Jane Eyre,,Postgraduate,6.0,In Person,2018
1671,LAWS8329,"Gender, Law and Development",,Postgraduate,6.0,In Person,2018
1672,PAAS9569P,"Gender, Media and Cultural Studies PhD Course",,Research,6.0,In Person,2018
1673,PAAS9569F,"Gender, Media and Cultural Studies PhD Course",,Research,6.0,In Person,2018
1674,GEND2023,"Gender, Sex and Sexuality: An Introduction to Feminist Theory",,Undergraduate,6.0,In Person,2018
1675,ANTH8106,"Gender, Violence and Development",Second Semester,Postgraduate,6.0,Online or In Person,2018
1676,INTR8064,"Gender, War, and Justice in South and Southeast Asia",Second Semester,Postgraduate,6.0,In Person,2018
1677,GEND2085,Gendered Politics of War,,Undergraduate,6.0,In Person,2018
1678,BIOL6142,General Microbiology,Second Semester,Postgraduate,6.0,In Person,2018
1679,BIOL2142,General Microbiology,Second Semester,Undergraduate,6.0,In Person,2018
1680,STAT3015,Generalised Linear Modelling,Second Semester,Undergraduate,6.0,In Person,2018
1681,STAT4030,Generalised Linear Modelling,Second Semester,Undergraduate,6.0,In Person,2018
1682,STAT7030,Generalised Linear Models,Second Semester,Postgraduate,6.0,In Person,2018
1683,BIOL2161,Genes: Replication and Expression,First Semester,Undergraduate,6.0,In Person,2018
1684,BIOL6161,Genes: Replication and Expression,First Semester,Postgraduate,6.0,In Person,2018
1685,BIOL6006,Genetics,First Semester,Postgraduate,6.0,In Person,2018
1686,BIOL2151,Genetics,First Semester,Undergraduate,6.0,In Person,2018
1687,BIOL3204,Genetics of Human Disease 1,First Semester,Undergraduate,6.0,In Person,2018
1688,BIOL6204,Genetics of Human Disease 1,First Semester,Postgraduate,6.0,In Person,2018
1689,BIOL3205,Genetics of Human Disease 2,Second Semester,Undergraduate,6.0,In Person,2018
1690,BIOL6205,Genetics of Human Disease 2,Second Semester,Postgraduate,6.0,In Person,2018
1691,POLS2100,Genocide in the Modern World,Second Semester,Undergraduate,6.0,In Person,2018
1692,BIOL8020,Genomics & Biotechnology,,Postgraduate,6.0,In Person,2018
1693,BIOL3161,Genomics and its Applications,First Semester,Undergraduate,6.0,In Person,2018
1694,BIOL6163,Genomics and its Applications,First Semester,Postgraduate,6.0,In Person,2018
1695,EMSC2019,Geobiology and Evolution of Life on Earth,Second Semester,Undergraduate,6.0,In Person,2018
1696,EMSC4019,Geobiology and Evolution of Life on Earth,Second Semester,Undergraduate,6.0,In Person,2018
1697,EMSC6019,Geobiology and Evolution of Life on Earth,Second Semester,Postgraduate,6.0,In Person,2018
1698,ENVS4015F,Geography IV Honours (S),,Undergraduate,12.0,In Person,2018
1699,ENVS4015P,Geography IV Honours (S),,Undergraduate,12.0,In Person,2018
1700,EMSC6802,Geology Reading Course,Summer Session/First Semester/Autumn Session/Winter Session/Second Semester/Spring Session,Postgraduate,6.0,In Person,2018
1701,EMSC8702,Geology Reading Course,Summer Session/First Semester/Autumn Session/Winter Session/Second Semester/Spring Session,Postgraduate,6.0,In Person,2018
1702,ENVS6801,Geology Research Project,Summer Session/First Semester/Autumn Session/Winter Session/Second Semester/Spring Session,Postgraduate,3.0,In Person,2018
1703,EMSC8701,Geology Research Project,Summer Session/First Semester/Autumn Session/Winter Session/Second Semester/Spring Session,Postgraduate,6.0,In Person,2018
1704,EMSC6805,Geology Special Topic,Summer Session/First Semester/Autumn Session/Winter Session/Second Semester/Spring Session,Postgraduate,3.0,In Person,2018
1705,EMSC8705,Geology Special Topic,Summer Session/First Semester/Autumn Session/Winter Session/Second Semester/Spring Session,Postgraduate,6.0,In Person,2018
1706,MEAS4114,Geopolitics of Central Asia,,Undergraduate,6.0,In Person,2018
1707,MEAS8114,Geopolitics of Central Asia,Second Semester,Postgraduate,6.0,In Person,2018
1708,FILM6012,"German Film Since the Wall: Identity, History and Belonging",Second Semester,Postgraduate,6.0,In Person,2018
1709,GERM6513,"German Film Since the Wall: Identity, History and Belonging",Second Semester,Postgraduate,6.0,In Person,2018
1710,FILM2012,"German Film Since the Wall: Identity, History and Belonging",Second Semester,Undergraduate,6.0,In Person,2018
1711,GERM2113,"German Film Since the Wall: Identity, History and Belonging",Second Semester,Undergraduate,6.0,In Person,2018
1712,GERM3051,German Literature and Culture Today,First Semester,Undergraduate,6.0,In Person,2018
1713,GERM6051,German Literature and Culture Today,First Semester,Postgraduate,6.0,In Person,2018
1714,GERM6507,German Studies - Advanced 1,First Semester,Postgraduate,6.0,In Person,2018
1715,GERM6503,German Studies Continuing I,First Semester,Postgraduate,6.0,In Person,2018
1716,GERM6504,German Studies Continuing II,Second Semester,Postgraduate,6.0,In Person,2018
1717,GERM6505,German Studies Intermediate I,First Semester,Postgraduate,6.0,In Person,2018
1718,GERM6506,German Studies Intermediate II,Second Semester,Postgraduate,6.0,In Person,2018
1719,GERM6501,German Studies Introduction I,First Semester,Postgraduate,6.0,In Person,2018
1720,GERM6502,German Studies Introduction II,Second Semester,Postgraduate,6.0,In Person,2018
1721,GERM3007,German Studies: Advanced German 1,First Semester,Undergraduate,6.0,In Person,2018
1722,GERM3008,German Studies: Advanced German 2,Second Semester,Undergraduate,6.0,In Person,2018
1723,GERM6508,German Studies: Advanced German 2,Second Semester,Postgraduate,6.0,In Person,2018
1724,GERM2103,German Studies: Continuing German 1,First Semester,Undergraduate,6.0,In Person,2018
1725,GERM2104,German Studies: Continuing German 2,Second Semester,Undergraduate,6.0,In Person,2018
1726,GERM2105,German Studies: Intermediate German 1,First Semester,Undergraduate,6.0,In Person,2018
1727,GERM3106,German Studies: Intermediate German 2,Second Semester,Undergraduate,6.0,In Person,2018
1728,GERM1021,German Studies: Introduction to German 1,First Semester,Undergraduate,6.0,In Person,2018
1729,GERM1022,German Studies: Introduction to German 2,Second Semester,Undergraduate,6.0,In Person,2018
1730,DESA2309,Glass Design: Advanced Hot glass and Cold Working Process for Design Application,,Undergraduate,6.0,In Person,2018
1731,DESA2307,Glass Design: Blowing and Finishing Techniques in context,,Undergraduate,6.0,In Person,2018
1732,DESA2306,Glass Design: Kiln Casting,,Undergraduate,6.0,In Person,2018
1733,DESA2308,Glass Design: Kiln Forming,,Undergraduate,6.0,In Person,2018
1734,ARTV1301,Glass Introduction,First Semester,Undergraduate,6.0,In Person,2018
1735,ARTV2316,Glass: Advanced Hot and Cold Glass Working Process,Second Semester,Undergraduate,6.0,In Person,2018
1736,ARTV2314,Glass: Blowing and Finishing Techniques in context,First Semester,Undergraduate,6.0,In Person,2018
1737,ARTV2313,Glass: Kiln Casting,First Semester,Undergraduate,6.0,In Person,2018
1738,ARTV2315,Glass: Kiln Forming,Second Semester,Undergraduate,6.0,In Person,2018
1739,ARTV1302,Glass: Processes and Methods,Second Semester,Undergraduate,6.0,In Person,2018
1740,HIST2241,Global Aboriginal and Native Histories,,Undergraduate,6.0,In Person,2018
1741,CBEA3066,Global Business Immersion,Summer Session/First Semester/Winter Session/Second Semester/Spring Session,Undergraduate,6.0,In Person,2018
1742,ANUC1103,"Global Citizen: Culture, Development and Inequality",Second Semester,Undergraduate,6.0,In Person,2018
1743,ANTH1003,"Global Citizen: Culture, Development and Inequality",Second Semester,Undergraduate,6.0,In Person,2018
1744,ANTH6003,"Global Citizen: Culture, Development and Inequality",,Postgraduate,6.0,In Person,2018
1745,GEND2111,Global Citizens,,Undergraduate,6.0,In Person,2018
1746,PHIL2111,Global Citizens,,Undergraduate,6.0,In Person,2018
1747,INTR8044,Global Civil Society and the Role of NGOs 1,,Postgraduate,6.0,In Person,2018
1748,INTR8028,Global Environmental Politics,,Postgraduate,6.0,In Person,2018
1749,SCNC1002,Global Experiences in Science,Winter Session/Spring Session,Undergraduate,6.0,In Person,2018
1750,INTR8045,Global Governance,,Postgraduate,6.0,In Person,2018
1751,INTR3002,Global Governance in the Asia-Pacific,,Undergraduate,6.0,In Person,2018
1752,LAWS8582,Global Health Law,,Postgraduate,6.0,In Person,2018
1753,CHMD8006,Global Health and Development,,Postgraduate,6.0,Online or In Person,2018
1754,PHIL2113,Global Justice,,Undergraduate,6.0,In Person,2018
1755,ASIA2097,Global Learning,Spring Session,Undergraduate,6.0,In Person,2018
1756,ASIA8097,Global Learning,Winter Session,Postgraduate,6.0,In Person,2018
1757,MGMT7066,Global Management Experience,,Postgraduate,6.0,In Person,2018
1758,MKTG7035,Global Marketing,Second Semester,Postgraduate,6.0,In Person,2018
1759,FREN6012,"Global Paris: Culture, History and Identity in the French Capital",Spring Session,Postgraduate,6.0,In Person,2018
1760,FREN3012,"Global Paris: Culture, History and Identity in the French Capital",Spring Session,Undergraduate,6.0,In Person,2018
1761,POPH8102,Global Population Health,First Semester,Postgraduate,6.0,Online or In Person,2018
1762,INTR8032,Global Security,Second Semester,Postgraduate,6.0,In Person,2018
1763,ASIA5925,Global Semester,Summer Session/First Semester/Second Semester,Undergraduate,6.0,In Person,2018
1764,GEND2064,Global Social Movements,,Undergraduate,6.0,In Person,2018
1765,POLS2064,Global Social Movements,,Undergraduate,6.0,In Person,2018
1766,POGO8044,Global Social Policy,Summer Session,Postgraduate,6.0,In Person,2018
1767,POLS3037,"Globalisation: Communications, Culture and Democracy",First Semester,Undergraduate,6.0,In Person,2018
1768,POLS8031,"Globalisation: Theories, Issues, Debates",First Semester,Postgraduate,6.0,In Person,2018
1769,POLS8032,Globalisation: the Interaction of Economics and Politics,Second Semester,Postgraduate,6.0,In Person,2018
1770,PHIL2060,God and the Self,First Semester,Undergraduate,6.0,In Person,2018
1771,GEND2034,"Going Public: Sex, Sexuality and Feminism",Second Semester,Undergraduate,6.0,In Person,2018
1772,SOCY2010,"Going Public: Sex, Sexuality and Feminism",Second Semester,Undergraduate,6.0,In Person,2018
1773,GEND6034,"Going Public: Sex, Sexuality and Feminism",Second Semester,Postgraduate,6.0,In Person,2018
1774,DESA2409,Gold and Silversmithing Design: Experimenting with Process,Second Semester,Undergraduate,6.0,In Person,2018
1775,DESA2406,Gold and Silversmithing Design: Forging and Flatware,First Semester,Undergraduate,6.0,In Person,2018
1776,DESA2407,Gold and Silversmithing Design: Utility as Context,First Semester,Undergraduate,6.0,In Person,2018
1777,DESA2408,Gold and Silversmithing Design: Vessel Construction,Second Semester,Undergraduate,6.0,In Person,2018
1778,ARTV2409,Gold and Silversmithing: Experimenting with Process,Second Semester,Undergraduate,6.0,In Person,2018
1779,ARTV2406,Gold and Silversmithing: Forging Flatware,First Semester,Undergraduate,6.0,In Person,2018
1780,ARTV1401,Gold and Silversmithing: Introduction to Precise Miniature Construction,First Semester,Undergraduate,6.0,In Person,2018
1781,ARTV1402,Gold and Silversmithing: Movement and Articulated Form,Second Semester,Undergraduate,6.0,In Person,2018
1782,ARTV2407,Gold and Silversmithing: Utility as Context,First Semester,Undergraduate,6.0,In Person,2018
1783,ARTV2408,Gold and Silversmithing: Vessel Construction,Second Semester,Undergraduate,6.0,In Person,2018
1784,POGO8012,Governance and Institutions,,Postgraduate,6.0,In Person,2018
1785,REGN8002,Governance and Social Theory,Autumn Session,Postgraduate,6.0,In Person,2018
1786,REGN9053,Governance and Social Theory,Autumn Session,Postgraduate,6.0,In Person,2018
1787,REGN8003,Governance for Health and Health Equity,Second Semester,Postgraduate,6.0,In Person,2018
1788,NSPO8016,"Governance, State Weakness and Human Security in Asia",,Postgraduate,6.0,In Person,2018
1789,POGO8504,Governing Contemporary Public Policy,Autumn Session,Postgraduate,6.0,In Person,2018
1790,MEDI8205,Governing Public Health,,Postgraduate,6.0,In Person,2018
1791,POGO8219,Governing Urbanisation,,Postgraduate,6.0,Online or In Person,2018
1792,POGO8066,Governing by the Rules,Summer Session,Postgraduate,6.0,In Person,2018
1793,LAWS8220,Government Contracts,Autumn Session,Postgraduate,6.0,In Person,2018
1794,LEGW8124,Government Law Practice,Summer Session,Postgraduate,3.0,Online,2018
1795,POGO8064,Government in a Market Economy,Autumn Session,Postgraduate,6.0,In Person,2018
1796,CRWF8000,"Government, Markets and Global Change",First Semester/Second Semester,Postgraduate,6.0,In Person,2018
1797,CRWF7900,Graduate Academic and Research Skills for Public Policy,Summer Session/Winter Session,Postgraduate,0.0,In Person,2018
1798,MUSI7002,"Graduate Composition, Arranging, and Sound Design 1",Second Semester,Postgraduate,12.0,In Person,2018
1799,MUSI8005,"Graduate Composition, Arranging, and Sound Design 2",First Semester/Second Semester,Postgraduate,12.0,In Person,2018
1800,MUSI8006,"Graduate Composition, Arranging, and Sound Design 3",First Semester/Second Semester,Postgraduate,12.0,In Person,2018
1801,PHYS8100,Graduate Diploma in Science (Physics) Topics,First Semester/Second Semester,Postgraduate,6.0,In Person,2018
1802,MUSI7001,Graduate Music Performance 1,Second Semester,Postgraduate,12.0,In Person,2018
1803,MUSI8003,Graduate Music Performance 2,First Semester,Postgraduate,12.0,In Person,2018
1804,MUSI8004,Graduate Music Performance 3,Second Semester,Postgraduate,12.0,In Person,2018
1805,IDEC7904,Graduate Preparatory Econometrics,Winter Session,Postgraduate,0.0,In Person,2018
1806,POGO7901,"Graduate Preparatory Economic, Social and Political Analysis",Summer Session/Winter Session,Postgraduate,0.0,In Person,2018
1807,EMDV7902,Graduate Preparatory Environmental Economics,Summer Session/Winter Session,Postgraduate,0.0,In Person,2018
1808,EMDV7901,Graduate Preparatory Environmental Science,Summer Session/Winter Session,Postgraduate,0.0,In Person,2018
1809,IDEC7903,Graduate Preparatory Macroeconomics,Winter Session,Postgraduate,0.0,In Person,2018
1810,IDEC7902,Graduate Preparatory Mathematical Methods,Summer Session,Postgraduate,0.0,In Person,2018
1811,IDEC7901,Graduate Preparatory Microeconomics,Summer Session,Postgraduate,0.0,In Person,2018
1812,ANTH8001,Graduate Reading Course (Anthropology),First Semester/Second Semester,Postgraduate,6.0,Online or In Person,2018
1813,LING8001,Graduate Reading Course (Linguistics),First Semester/Second Semester,Postgraduate,6.0,Online or In Person,2018
1814,CLAS8002,Graduate Reading Course A,First Semester/Second Semester,Postgraduate,6.0,In Person,2018
1815,CLAS8003,Graduate Reading Course B,First Semester/Second Semester,Postgraduate,6.0,In Person,2018
1816,ARCH8038,Graduate Reading Course in Archaeological Science,Summer Session/First Semester/Autumn Session/Winter Session/Second Semester/Spring Session,Postgraduate,6.0,Online or In Person,2018
1817,LAWS8301,Graduate Research Unit,First Semester/Second Semester,Postgraduate,12.0,In Person,2018
1818,LAWS8305,Graduate Research Unit,,Postgraduate,12.0,In Person,2018
1819,LAWS8308,Graduate Research Unit (Legal Practice),Second Semester,Postgraduate,12.0,In Person,2018
1820,STAT3011,Graphical Data Analysis,Second Semester,Undergraduate,6.0,In Person,2018
1821,STAT4026,Graphical Data Analysis,Second Semester,Undergraduate,6.0,In Person,2018
1822,STAT7026,Graphical Data Analysis,Summer Session/Second Semester,Postgraduate,6.0,In Person,2018
1823,STST8051,Great and Powerful Friends: Strategic alliances and Australian security,,Postgraduate,6.0,In Person,2018
1824,EMSC3025,Groundwater,Second Semester,Undergraduate,6.0,In Person,2018
1825,EMSC4025,Groundwater,Second Semester,Undergraduate,6.0,In Person,2018
1826,EMSC6025,Groundwater,Second Semester,Postgraduate,6.0,In Person,2018
1827,ENGN8170,Group Project,First Semester/Second Semester,Postgraduate,12.0,In Person,2018
1828,MGMT8149,Group Research Project,,Postgraduate,6.0,In Person,2018
1829,VCPG6100,Group Research and Innovation Project (GRIP),Second Semester,Postgraduate,6.0,In Person,2018
1830,VCUG3100,Group Research and Innovation Project (GRIP),Second Semester,Undergraduate,6.0,In Person,2018
1831,POGO8127,Growth and Structural Change,,Postgraduate,6.0,In Person,2018
1832,HUMN2002,Gutenberg to Google: Histories of Information,,Undergraduate,6.0,In Person,2018
1833,HUMN6002,Gutenberg to Google: Histories of Information,,Postgraduate,6.0,In Person,2018
1834,COMP6390,HCI and Usability Engineering,Second Semester,Postgraduate,6.0,In Person,2018
1835,BIOL3108,Hallmarks of Cancer,Second Semester,Undergraduate,6.0,In Person,2018
1836,BIOL6108,Hallmarks of Cancer,Second Semester,Postgraduate,6.0,In Person,2018
1837,ARTV2057,Hands On: Material Language,Second Semester,Undergraduate,6.0,In Person,2018
1838,ARTV6057,Hands On: Material Language,Second Semester,Postgraduate,6.0,In Person,2018
1839,DIPL8010,Harnessing Diplomacy for International Development,Second Semester,Postgraduate,6.0,Online,2018
1840,ECON8039,Health Economics,Second Semester,Postgraduate,6.0,In Person,2018
1841,ECON3004,Health Economics,Second Semester,Undergraduate,6.0,In Person,2018
1842,HLTH1002,Health Information and Data,Second Semester,Undergraduate,6.0,In Person,2018
1843,LAWS8237,Health Law and Bioethics,Spring Session,Postgraduate,6.0,In Person,2018
1844,LAWS4219,"Health Law, Bioethics and Human Rights",Autumn Session,Undergraduate,6.0,In Person,2018
1845,MEDI8110,Health Policy Seminar,,Postgraduate,6.0,In Person,2018
1846,POGO8029,Health Policy in a Globalising World,,Postgraduate,6.0,In Person,2018
1847,SCOM3033,Health Promotion Principles and Practice,,Undergraduate,6.0,In Person,2018
1848,POPH8115,Health Promotion and Protection,Second Semester,Postgraduate,6.0,Online or In Person,2018
1849,PSYC3020,Health Psychology,Second Semester,Undergraduate,6.0,In Person,2018
1850,BIOL8021,Health and Disease in a Changing World,First Semester,Postgraduate,6.0,Online,2018
1851,HLTH1001,Health in the 21st Century,First Semester,Undergraduate,6.0,In Person,2018
1852,LAWS4290,High Court of Australia,,Undergraduate,6.0,In Person,2018
1853,ASTR4003,High Energy Astrophysics,,Undergraduate,6.0,In Person,2018
1854,ASTR8003,High Energy Astrophysics,,Postgraduate,6.0,In Person,2018
1855,COMP3320,High Performance Scientific Computation,First Semester,Undergraduate,6.0,In Person,2018
1856,COMP6464,High Performance Scientific Computing,First Semester,Postgraduate,6.0,In Person,2018
1857,HIND1100,Hindi 1,First Semester,Undergraduate,6.0,Online or In Person,2018
1858,HIND6100,Hindi 1,First Semester,Postgraduate,6.0,Online or In Person,2018
1859,HIND6200,Hindi 2,Second Semester,Postgraduate,6.0,Online or In Person,2018
1860,HIND1200,Hindi 2,Second Semester,Undergraduate,6.0,Online or In Person,2018
1861,HIND6300,Hindi 3,First Semester,Postgraduate,6.0,Online or In Person,2018
1862,HIND2300,Hindi 3,First Semester,Undergraduate,6.0,Online or In Person,2018
1863,HIND2400,Hindi 4,Second Semester,Undergraduate,6.0,Online or In Person,2018
1864,HIND6400,Hindi 4,Second Semester,Postgraduate,6.0,Online or In Person,2018
1865,HIND3500,Hindi 5,First Semester,Undergraduate,6.0,Online or In Person,2018
1866,HIND6500,Hindi 5,First Semester,Postgraduate,6.0,In Person,2018
1867,HIND3600,Hindi 6,Second Semester,Undergraduate,6.0,In Person,2018
1868,HIND6600,Hindi 6,Second Semester,Postgraduate,6.0,In Person,2018
1869,HIST8023,"History Incorporated: Early Modern Bodies, 1550-1750",First Semester,Postgraduate,6.0,In Person,2018
1870,NSPO8028,History and Policymaking,Second Semester,Postgraduate,6.0,In Person,2018
1871,ANTH8017,History of Anthropological Theory,First Semester,Postgraduate,6.0,In Person,2018
1872,ANTH4011,History of Anthropological Theory Extended,Autumn Session,Undergraduate,12.0,In Person,2018
1873,ANTH8035,History of Anthropological Theory Extended,First Semester,Postgraduate,12.0,In Person,2018
1874,ARCH3026,History of Archaeology: Discovering the Past,Second Semester,Undergraduate,6.0,In Person,2018
1875,ECHI3018,History of Economic Thought (H),,Undergraduate,6.0,In Person,2018
1876,ECHI3008,History of Economic Thought(P),,Undergraduate,6.0,In Person,2018
1877,ASIA2307,History of Empire in Asia,Second Semester,Undergraduate,6.0,In Person,2018
1878,ASIA2017,History of International Relations in Northeast Asia,First Semester,Undergraduate,6.0,In Person,2018
1879,ASIA2037,History of Modern China,Second Semester,Undergraduate,6.0,In Person,2018
1880,ASIA6037,History of Modern China,Second Semester,Postgraduate,6.0,In Person,2018
1881,SPAN6516,History of the Spanish Language: A Linguistic Time Travel,,Postgraduate,6.0,In Person,2018
1882,SPAN2603,History of the Spanish language. A linguistic time travel,,Undergraduate,6.0,In Person,2018
1883,ASIA3030,History of the State System in Southeast Asia,Second Semester,Undergraduate,6.0,In Person,2018
1884,ASIA6030,History of the State System in Southeast Asia,Second Semester,Postgraduate,6.0,In Person,2018
1885,HIST8022,"History, Human Rights, and Globalisation",,Postgraduate,6.0,Online or In Person,2018
1886,PREP1128,History: Twentieth Century,Autumn Session,Undergraduate,6.0,In Person,2018
1887,ARTV1033,Hold Everything: Studio Foundation,First Semester,Undergraduate,6.0,In Person,2018
1888,STST3003,Honeypots and Overcoats: Australian Intelligence in the World,First Semester,Undergraduate,6.0,In Person,2018
1889,PHYS4103,Honours Classical Mechanics,First Semester,Undergraduate,6.0,In Person,2018
1890,PHYS4102,Honours Electromagnetism,First Semester,Undergraduate,6.0,In Person,2018
1891,PHYS4100,Honours Quantum Mechanics,First Semester,Undergraduate,6.0,In Person,2018
1892,PHYS4110,Honours Research Project,First Semester/Second Semester,Undergraduate,12.0,In Person,2018
1893,ENVS4001,Honours Research Skills,First Semester/Second Semester,Undergraduate,6.0,In Person,2018
1894,PHYS4104,Honours Statistical Mechanics,First Semester,Undergraduate,6.0,In Person,2018
1895,ENVS4000,Honours Thesis,First Semester/Second Semester,Undergraduate,6.0,In Person,2018
1896,LAWS3202,Honours Thesis,First Semester/Second Semester,Undergraduate,12.0,In Person,2018
1897,HIST2233,How the Camera Changed History: A century of photography and cinema,,Undergraduate,6.0,In Person,2018
1898,HIST6233,How the Camera Changed History: A century of photography and cinema,,Postgraduate,6.0,Online or In Person,2018
1899,BIOL3186,Human Anatomy,First Semester,Undergraduate,6.0,In Person,2018
1900,BIOL1008,Human Biology,First Semester,Undergraduate,6.0,In Person,2018
1901,COMP3900,Human Computer Interface Design and Evaluation,Second Semester,Undergraduate,6.0,In Person,2018
1902,ENVS2011,Human Ecology,First Semester,Undergraduate,6.0,In Person,2018
1903,ENVS6020,Human Ecology,First Semester,Postgraduate,6.0,In Person,2018
1904,ENVS4025F,Human Ecology IV Honours (S),,Undergraduate,12.0,In Person,2018
1905,ENVS4025P,Human Ecology IV Honours (S),,Undergraduate,12.0,In Person,2018
1906,BIAN6013,Human Evolution,First Semester,Postgraduate,6.0,In Person,2018
1907,BIAN3113,Human Evolution,First Semester,Undergraduate,6.0,In Person,2018
1908,ENVS3021,Human Futures,,Undergraduate,6.0,In Person,2018
1909,ENVS6306,Human Futures,,Postgraduate,6.0,In Person,2018
1910,POPH8318,"Human Health, Environment and Climate Change",First Semester,Postgraduate,6.0,Online or In Person,2018
1911,ASIA2301,Human Migration and Expansion in the Rise of the Asia-Pacific,,Undergraduate,6.0,In Person,2018
1912,BIOL6001,Human Physiology,First Semester,Postgraduate,6.0,In Person,2018
1913,BIOL3006,Human Physiology,First Semester,Undergraduate,6.0,In Person,2018
1914,MGMT2030,Human Resource Management and Strategy,First Semester,Undergraduate,6.0,In Person,2018
1915,POLS2113,Human Rights,Second Semester,Undergraduate,6.0,In Person,2018
1916,LAWS4220,Human Rights Law in Australia,Second Semester,Undergraduate,6.0,In Person,2018
1917,LAWS8155,Human Rights Litigation,Second Semester,Postgraduate,6.0,Online,2018
1918,POLS8036,Human Rights and Human Responsibility,,Postgraduate,6.0,In Person,2018
1919,HUMN8023,Human Rights and Humanitarian Law,Autumn Session,Postgraduate,6.0,In Person,2018
1920,ASIA2081,Human Rights in Asia,,Undergraduate,6.0,In Person,2018
1921,HIST2238,Human Rights in History,First Semester,Undergraduate,6.0,In Person,2018
1922,POLS8023,Human Rights in International Relations: Theory and Practice,,Postgraduate,6.0,In Person,2018
1923,INTR8073,Human Security,Second Semester,Postgraduate,6.0,In Person,2018
1924,ASIA6047,"Human Security: Conflict, Displacement and Peace Building",,Postgraduate,6.0,In Person,2018
1925,INTR2047,"Human Security: Conflict, Displacement and Peace Building",Second Semester,Undergraduate,6.0,In Person,2018
1926,BIAN2015,Human Skeletal Analysis,First Semester,Undergraduate,6.0,In Person,2018
1927,BIAN6517,Human Skeletal Analysis,First Semester,Postgraduate,6.0,In Person,2018
1928,HIST6133,"Human Variations and Racism in Western Culture, c. 1450-1950",,Postgraduate,6.0,In Person,2018
1929,HIST2133,"Human Variations and Racism in Western Culture, c. 1450-1950",,Undergraduate,6.0,In Person,2018
1930,ANTH8054,Humanitarian Action (Advanced),Second Semester,Postgraduate,12.0,Online or In Person,2018
1931,INTR8062,Humanitarianism in World Politics,,Postgraduate,6.0,In Person,2018
1932,INTR3001,"Humanitarianism: Principles, Politics and Practice",,Undergraduate,6.0,In Person,2018
1933,HUMN8028,Humanities in the Public and Digital Sphere,,Postgraduate,6.0,In Person,2018
1934,EXCH2305,IARU Global Summer Program,Winter Session,Undergraduate,0.0,In Person,2018
1935,COMP7310,ICT Sustainability,First Semester,Postgraduate,6.0,Online,2018
1936,MEDI3004,IMU Clinical Experience Bridging Course,Summer Session,Undergraduate,3.0,In Person,2018
1937,POLS2121,Ideas in Australian Politics,,Undergraduate,6.0,In Person,2018
1938,POLS2119,Ideas in Politics,First Semester,Undergraduate,6.0,In Person,2018
1939,SOCY2163,"Identity, Difference and Racism",Second Semester,Undergraduate,6.0,In Person,2018
1940,VCPG8002,Ignorance!,,Postgraduate,6.0,In Person,2018
1941,ANUC1124,Image and Object,Second Semester,Undergraduate,6.0,In Person,2018
1942,ARTV1021,Image and Object,First Semester/Second Semester,Undergraduate,6.0,In Person,2018
1943,FREN6514,Imagining the French Empire: French Colonialism on Film,,Postgraduate,6.0,In Person,2018
1944,FILM2014,Imagining the French Empire: French Colonialism on Film,,Undergraduate,6.0,In Person,2018
1945,FILM6014,Imagining the French Empire: French Colonialism on Film,,Postgraduate,6.0,In Person,2018
1946,FREN3108,Imagining the French Empire: French Colonialism on Film,,Undergraduate,6.0,In Person,2018
1947,SOCY2053,Imagining the Future: A Sociology of Utopias,,Undergraduate,6.0,In Person,2018
1948,ANCH3504,"Imperialism, Conquest and Colonisation in the Ancient Mediterranean World",,Undergraduate,6.0,In Person,2018
1949,POGO8085,Implementing Social Policy,,Postgraduate,6.0,In Person,2018
1950,ARCH3024,In the footprints of Siddhartha: The Archaeology of Buddhism,,Undergraduate,6.0,In Person,2018
1951,LAWS8325,In-House Corporate and Government Legal Practice,Autumn Session,Postgraduate,6.0,Online,2018
1952,LAWS4221,Income Tax,Second Semester,Undergraduate,6.0,In Person,2018
1953,PREP1015,Independent Research Project,First Semester/Second Semester,Undergraduate,6.0,In Person,2018
1954,PREP1012,Independent Research Proposal: Research Skills and Project Proposal,First Semester/Second Semester,Undergraduate,6.0,In Person,2018
1955,PREP1117,Independent Research: Advanced,Autumn Session/Spring Session,Undergraduate,0.0,In Person,2018
1956,ASIA6270,India in the Age of Asian Empires,,Postgraduate,6.0,In Person,2018
1957,ASIA2270,India in the Age of Asian Empires: South Asian History to 1757,,Undergraduate,6.0,In Person,2018
1958,ASIA6176,India's Culture Wars,,Postgraduate,6.0,In Person,2018
1959,ASIA2115,"India: Society, Religion and Politics",,Undergraduate,6.0,In Person,2018
1960,ASIA2062,Indian Epics,,Undergraduate,6.0,In Person,2018
1961,INTR2014,Indian Foreign and Security Policy,First Semester,Undergraduate,6.0,In Person,2018
1962,ASIA2116,India’s Culture Wars,,Undergraduate,6.0,In Person,2018
1963,LAWS4238,Indigenous Australians and the Law,Second Semester,Undergraduate,6.0,In Person,2018
1964,MUSC8006,Indigenous Collections and Exhibitions,Spring Session,Postgraduate,6.0,In Person,2018
1965,LAWS4278,Indigenous Community Legal Clinic,First Semester/Second Semester,Undergraduate,6.0,In Person,2018
1966,LAWS6278,Indigenous Community Legal Clinic,First Semester/Second Semester,Postgraduate,6.0,In Person,2018
1967,ENVS2025,Indigenous Cultural and Natural Resource Management,First Semester,Undergraduate,6.0,In Person,2018
1968,INDG2001,Indigenous Cultural and Natural Resource Management,First Semester,Undergraduate,6.0,In Person,2018
1969,CHMD8021,"Indigenous Medicines, Health and Healing",First Semester,Postgraduate,6.0,In Person,2018
1970,LAWS8583,Indigenous Peoples and International Law,,Postgraduate,6.0,In Person,2018
1971,INDG1001,"Indigenous Peoples, Populations and Communities",First Semester,Undergraduate,6.0,In Person,2018
1972,INDG3004,Indigenous Studies Supervised Research Project,Summer Session/First Semester/Autumn Session/Winter Session/Second Semester/Spring Session,Undergraduate,6.0,In Person,2018
1973,ANTH3017,"Indigenous Worlds: Challenges of Emergence, Recognition, and Change",Second Semester,Undergraduate,6.0,In Person,2018
1974,COMP8755,Individual Computing Project,First Semester/Second Semester,Postgraduate,6.0,In Person,2018
1975,ENGN4200,Individual Project,First Semester/Second Semester,Undergraduate,6.0,In Person,2018
1976,COMP3770,Individual Research Project,First Semester/Second Semester,Undergraduate,6.0,In Person,2018
1977,ARTH2166,Individual Research Unit,First Semester/Second Semester,Undergraduate,6.0,In Person,2018
1978,ANTH6065,Indonesia Field School : Contemporary Change in Indonesia,Autumn Session,Postgraduate,6.0,In Person,2018
1979,ANTH3016,Indonesia Field School Extension,Winter Session,Undergraduate,6.0,Online or In Person,2018
1980,ANTH6066,Indonesia Field School Extension,Winter Session,Postgraduate,6.0,In Person,2018
1981,ANTH3014,Indonesia Field School: Contemporary Change in Indonesia,Autumn Session,Undergraduate,6.0,In Person,2018
1982,ASIA6069,"Indonesia Regions: Politics, Society, Economy",,Postgraduate,6.0,In Person,2018
1983,ASIA3035,"Indonesia in the Malay World: Culture, Media and Everyday Life",Second Semester,Undergraduate,6.0,In Person,2018
1984,ASIA2516,"Indonesia: Politics, Society and Development",First Semester,Undergraduate,6.0,In Person,2018
1985,ASIA6516,"Indonesia:Politics, Society and Development",First Semester,Postgraduate,6.0,In Person,2018
1986,INDN6102,Indonesian 1,First Semester,Postgraduate,6.0,Online or In Person,2018
1987,INDN1002,Indonesian 1,First Semester,Undergraduate,6.0,Online or In Person,2018
1988,INDN6103,Indonesian 2,Second Semester,Postgraduate,6.0,Online or In Person,2018
1989,INDN1003,Indonesian 2,Second Semester,Undergraduate,6.0,Online or In Person,2018
1990,INDN6002,Indonesian 3,First Semester,Postgraduate,6.0,Online or In Person,2018
1991,INDN2002,Indonesian 3,First Semester,Undergraduate,6.0,Online or In Person,2018
1992,INDN2003,Indonesian 4,Second Semester,Undergraduate,6.0,Online or In Person,2018
1993,INDN6003,Indonesian 4,Second Semester,Postgraduate,6.0,Online or In Person,2018
1994,INDN6502,Indonesian 5,First Semester,Postgraduate,6.0,In Person,2018
1995,INDN3002,Indonesian 5,First Semester,Undergraduate,6.0,In Person,2018
1996,INDN6503,Indonesian 6,Second Semester,Postgraduate,6.0,In Person,2018
1997,INDN3003,Indonesian 6,Second Semester,Undergraduate,6.0,In Person,2018
1998,ASIA2111,Indonesian Foreign and Security Policy,First Semester,Undergraduate,6.0,In Person,2018
1999,IDEC8005,Indonesian Research Project,,Postgraduate,24.0,In Person,2018
2000,IDEC8006,Indonesian Research Project,,Postgraduate,12.0,In Person,2018
2001,ENGN8833,Industrial Energy Efficiency and Decarbonisation,First Semester,Postgraduate,6.0,In Person,2018
2002,COMP4800,Industrial Experience,First Semester/Second Semester,Undergraduate,0.0,In Person,2018
2003,ECON8038,Industrial Organisation,Second Semester,Postgraduate,6.0,In Person,2018
2004,ECON4438,Industrial Organisation,Second Semester,Undergraduate,6.0,In Person,2018
2005,ECON3157,Industrial Organisation(H),Second Semester,Undergraduate,6.0,In Person,2018
2006,ECON3057,Industrial Organisation(P),Second Semester,Undergraduate,6.0,In Person,2018
2007,PSYC3028,Industrial and Organisational Psychology,Second Semester,Undergraduate,6.0,In Person,2018
2008,PSYC6028,Industrial and organisational psychology,,Postgraduate,6.0,In Person,2018
2009,INFS8202,Industry Research Project,First Semester/Second Semester,Postgraduate,6.0,In Person,2018
2010,ANTH8058,Inequality and Development,Second Semester,Postgraduate,6.0,Online or In Person,2018
2011,BIOL3141,Infection and Immunity,First Semester,Undergraduate,6.0,In Person,2018
2012,BIOL6141,Infection and Immunity,First Semester,Postgraduate,6.0,In Person,2018
2013,LAWS4283,Information Law,,Undergraduate,6.0,In Person,2018
2014,INFS2024,Information Systems Analysis,First Semester,Undergraduate,6.0,In Person,2018
2015,INFS3024,Information Systems Management,First Semester,Undergraduate,6.0,In Person,2018
2016,INFS4205,Information Systems Strategy and Management,First Semester/Second Semester,Undergraduate,6.0,In Person,2018
2017,INFT4005P,Information Technology IV Honours(S),,Undergraduate,12.0,In Person,2018
2018,INFT4005F,Information Technology IV Honours(S),,Undergraduate,12.0,In Person,2018
2019,LAWS4245,Information Technology Law,First Semester,Undergraduate,6.0,In Person,2018
2020,ENGN8534,Information Theory,Second Semester,Postgraduate,6.0,In Person,2018
2021,COMP2610,Information Theory,Second Semester,Undergraduate,6.0,In Person,2018
2022,COMP6261,Information Theory,Second Semester,Postgraduate,6.0,In Person,2018
2023,IDEC8027,Infrastructure Regulation Economics and Policy,,Postgraduate,6.0,In Person,2018
2024,MGMT7165,Innovation,First Semester,Postgraduate,6.0,In Person,2018
2025,VCPG6200,Innovation and Professional Practice Internship,Second Semester,Postgraduate,6.0,In Person,2018
2026,VCUG3200,Innovation and Professional Practice Internship,Second Semester,Undergraduate,6.0,In Person,2018
2027,POGO8209,Innovation and Technology in the Infrastructure Sector,,Postgraduate,6.0,In Person,2018
2028,LAWS8584,Insolvency Law,,Postgraduate,6.0,Online,2018
2029,STST8027,Insurgency & Counterinsurgency in an Age of Terror,Second Semester,Postgraduate,6.0,In Person,2018
2030,ENGN8831,Integration of Renewable Energy into Power Systems and Microgrids,First Semester,Postgraduate,6.0,In Person,2018
2031,LAWS4222,Intellectual Property,First Semester,Undergraduate,6.0,In Person,2018
2032,LAWS8592,Intellectual Property Law in Practice,Winter Session,Postgraduate,6.0,Online,2018
2033,STST8021,Intelligence and Security,First Semester,Postgraduate,6.0,In Person,2018
2034,INFS7007,"Intelligent Business Analysis: Models, Processes and Techniques",Second Semester,Postgraduate,6.0,In Person,2018
2035,POGO8110,Inter Governmental Relations and Local Economic Development,,Postgraduate,6.0,In Person,2018
2036,HUMN9001,"Interdisciplinary Humanities Research: Methods, Theories and Skills",Autumn Session,Postgraduate,6.0,In Person,2018
2037,HUMN8001,"Interdisciplinary Humanities Research: Methods, Theories and Skills",,Postgraduate,6.0,In Person,2018
2038,SOCY8004,"Interest Groups, Advocacy and Public Policy",,Postgraduate,6.0,In Person,2018
2039,GREK6121,Intermediate Ancient Greek I,First Semester,Postgraduate,6.0,In Person,2018
2040,GREK2121,Intermediate Ancient Greek I,First Semester,Undergraduate,6.0,In Person,2018
2041,GREK6122,Intermediate Ancient Greek II,Second Semester,Postgraduate,6.0,In Person,2018
2042,GREK2122,Intermediate Ancient Greek II,Second Semester,Undergraduate,6.0,In Person,2018
2043,ARAB2011,Intermediate Arabic A,First Semester,Undergraduate,6.0,Online or In Person,2018
2044,ARAB6501,Intermediate Arabic A,First Semester,Postgraduate,6.0,Online or In Person,2018
2045,ARAB2012,Intermediate Arabic B,Second Semester,Undergraduate,6.0,Online or In Person,2018
2046,ARAB6502,Intermediate Arabic B,Second Semester,Postgraduate,6.0,Online or In Person,2018
2047,FREN3006,Intermediate French I,First Semester,Undergraduate,6.0,In Person,2018
2048,FREN6505,Intermediate French I,First Semester,Postgraduate,6.0,In Person,2018
2049,FREN6506,Intermediate French II,Second Semester,Postgraduate,6.0,In Person,2018
2050,FREN3007,Intermediate French II,Second Semester,Undergraduate,6.0,In Person,2018
2051,LATN2121,Intermediate Latin I,First Semester,Undergraduate,6.0,In Person,2018
2052,LATN6121,Intermediate Latin I,First Semester,Postgraduate,6.0,In Person,2018
2053,LATN2122,Intermediate Latin II,Second Semester,Undergraduate,6.0,In Person,2018
2054,LATN6122,Intermediate Latin II,Second Semester,Postgraduate,6.0,In Person,2018
2055,PERS2003,Intermediate Persian A,First Semester,Undergraduate,6.0,Online or In Person,2018
2056,PERS6003,Intermediate Persian A,First Semester,Postgraduate,6.0,Online or In Person,2018
2057,PERS2004,Intermediate Persian B,Second Semester,Undergraduate,6.0,Online or In Person,2018
2058,PERS6004,Intermediate Persian B,Second Semester,Postgraduate,6.0,Online or In Person,2018
2059,SPAN3001,Intermediate Spanish I,First Semester,Undergraduate,6.0,In Person,2018
2060,SPAN6507,Intermediate Spanish I,First Semester,Postgraduate,6.0,In Person,2018
2061,SPAN6508,Intermediate Spanish II (Language and Culture),Second Semester,Postgraduate,6.0,In Person,2018
2062,SPAN3012,Intermediate Spanish II (Language and Culture),Second Semester,Undergraduate,6.0,In Person,2018
2063,SPAN3022,Intermediate Spanish II (Language and Linguistics),,Undergraduate,6.0,In Person,2018
2064,SPAN6022,Intermediate Spanish II (Language and Linguistics),,Postgraduate,6.0,In Person,2018
2065,TURK2001,Intermediate Turkish A,,Undergraduate,6.0,In Person,2018
2066,TURK6503,Intermediate Turkish A,,Postgraduate,6.0,In Person,2018
2067,TURK2002,Intermediate Turkish B,,Undergraduate,6.0,In Person,2018
2068,TURK6504,Intermediate Turkish B,,Postgraduate,6.0,In Person,2018
2069,ASIA2110,International Affairs Internship,Summer Session/First Semester/Autumn Session/Winter Session/Second Semester/Spring Session,Undergraduate,6.0,Online or In Person,2018
2070,LAWS8107,International Air and Space Law,,Postgraduate,6.0,In Person,2018
2071,LAWS4266,International Arbitration and Negotiation Moot Competition in Japan,Spring Session,Undergraduate,6.0,In Person,2018
2072,ARCH2059,International Archaeological Field School,Summer Session,Undergraduate,6.0,In Person,2018
2073,ARCH2060,International Archaeological Field School Extension,First Semester,Undergraduate,6.0,In Person,2018
2074,LAWS8585,International Aviation Law,,Postgraduate,6.0,Online,2018
2075,BUSI2025,International Business,Summer Session/Second Semester,Undergraduate,6.0,In Person,2018
2076,BUSI4500,International Business Honours Thesis,First Semester/Second Semester,Undergraduate,6.0,In Person,2018
2077,BUSI7033,International Business Strategies,First Semester,Postgraduate,6.0,Online or In Person,2018
2078,LAWS8277,International Business Transactions,,Postgraduate,6.0,In Person,2018
2079,EMDV8080,International Climate Change Policy and Economics,Winter Session,Postgraduate,6.0,Online,2018
2080,LAWS8180,International Climate Law,Autumn Session,Postgraduate,6.0,In Person,2018
2081,REGN8004,International Criminal Justice,,Postgraduate,6.0,In Person,2018
2082,LAWS8566,International Criminal Law,Winter Session,Postgraduate,6.0,In Person,2018
2083,LAWS8567,International Dispute Resolution,,Postgraduate,6.0,In Person,2018
2084,LAWS4223,International Dispute Resolution,Second Semester,Undergraduate,6.0,In Person,2018
2085,ECON3103,International Economics,First Semester,Undergraduate,6.0,In Person,2018
2086,ECON4415,International Economics,First Semester,Undergraduate,6.0,In Person,2018
2087,ECON8015,International Economics,First Semester,Postgraduate,6.0,In Person,2018
2088,ECON3013,International Economics (H),First Semester,Undergraduate,6.0,In Person,2018
2089,ENVS3033,International Environmental Policy,Summer Session,Undergraduate,6.0,In Person,2018
2090,ENVS3038,International Environmental Policy,,Undergraduate,6.0,In Person,2018
2091,ENVS6033,International Environmental Policy,Summer Session,Postgraduate,6.0,In Person,2018
2092,ENVS6038,International Environmental Policy,,Postgraduate,6.0,In Person,2018
2093,FINM7024,International Finance Concepts,,Postgraduate,3.0,In Person,2018
2094,LAWS8032,International Financial Institutions and Development,,Postgraduate,6.0,In Person,2018
2095,FINM3002,International Financial Management,,Undergraduate,6.0,In Person,2018
2096,ASIA8049,International History from Asia and the Pacific: Framing Critical Perspectives,Second Semester,Postgraduate,6.0,Online or In Person,2018
2097,MGMT3025,International Human Resource Management,First Semester,Undergraduate,6.0,In Person,2018
2098,LAWS8234,International Human Rights Law,Winter Session,Postgraduate,6.0,In Person,2018
2099,LAWS8268,International Humanitarian Law,Autumn Session,Postgraduate,6.0,In Person,2018
2100,INDG8006,International Indigenous Studies Research Project,Summer Session/First Semester/Autumn Session/Winter Session/Second Semester/Spring Session,Postgraduate,6.0,In Person,2018
2101,LAWS8136,International Intellectual Property Law,Autumn Session,Postgraduate,6.0,In Person,2018
2102,LAWS8177,International Internship,First Semester/Second Semester,Postgraduate,24.0,In Person,2018
2103,LAWS4306,International Investment Law and Arbitration,,Undergraduate,6.0,In Person,2018
2104,LAWS8332,"International Investment Treaties: Law, Arbitration and Policy",,Postgraduate,6.0,In Person,2018
2105,REGN8053,"International Investment Treaties: Law, Arbitration and Policy",,Postgraduate,6.0,In Person,2018
2106,LAWS8330,International Labour Law,,Postgraduate,6.0,In Person,2018
2107,LAWS2250,International Law,Second Semester,Undergraduate,6.0,In Person,2018
2108,LAWS6250,International Law,Second Semester,Postgraduate,6.0,In Person,2018
2109,LAWS4302,International Law Clinical Program,Autumn Session/Second Semester,Undergraduate,6.0,In Person,2018
2110,LAWS6302,International Law Clinical Program,Autumn Session/Second Semester,Postgraduate,6.0,In Person,2018
2111,LAWS8333,International Law Internship,,Postgraduate,6.0,In Person,2018
2112,LAWS8297,International Law and Australian Government,Summer Session,Postgraduate,6.0,In Person,2018
2113,STST8107,International Law and Operations,,Postgraduate,6.0,In Person,2018
2114,LAWS8023,International Law and United Nations Peace Operations,Winter Session,Postgraduate,6.0,In Person,2018
2115,LAWS8178,International Law and Use of Force,,Postgraduate,6.0,In Person,2018
2116,LAWS4225,International Law of Human Rights,First Semester,Undergraduate,6.0,In Person,2018
2117,LAWS8264,International Law of The Environment,Spring Session,Postgraduate,6.0,In Person,2018
2118,LAWS8229,International Law of World Trade,Autumn Session,Postgraduate,6.0,In Person,2018
2119,LAWS6224,International Law of the Sea,,Postgraduate,6.0,In Person,2018
2120,LAWS4224,International Law of the Sea,Second Semester,Undergraduate,6.0,In Person,2018
2121,BUSI3024,International Marketing,Second Semester,Undergraduate,6.0,In Person,2018
2122,DEMO8047,International Migration,First Semester,Postgraduate,6.0,In Person,2018
2123,CHMD8016,International Migration of Health Workers: Sociological and Ethical Aspects,,Postgraduate,3.0,In Person,2018
2124,ECON3021,International Monetary Economics,,Undergraduate,6.0,In Person,2018
2125,ECON8009,International Monetary Economics,,Postgraduate,6.0,In Person,2018
2126,LAWS6258,International Organisations (Geneva),Summer Session,Postgraduate,6.0,In Person,2018
2127,LAWS4258,International Organisations (Geneva),Summer Session,Undergraduate,6.0,In Person,2018
2128,POLS2133,International Organisations in World Politics,First Semester,Undergraduate,6.0,In Person,2018
2129,INTR8070,International Organization,,Postgraduate,6.0,In Person,2018
2130,MGMT7065,International Perspectives on Human Resource Management,,Postgraduate,6.0,In Person,2018
2131,POGO8045,International Policy Making in the Shadow of the Future,Second Semester,Postgraduate,6.0,In Person,2018
2132,CRWF8018,International Policy Studies and Placement,Summer Session/Autumn Session/Spring Session,Postgraduate,6.0,In Person,2018
2133,INTR8013,International Political Economy,First Semester,Postgraduate,6.0,In Person,2018
2134,LAWS8252,International Refugee Law,Spring Session,Postgraduate,6.0,In Person,2018
2135,INTR8011,International Relations Theory,First Semester,Postgraduate,12.0,In Person,2018
2136,POLS3017,International Relations Theory,Second Semester,Undergraduate,6.0,In Person,2018
2137,INTR2010,International Relations in the Asia-Pacific,First Semester,Undergraduate,6.0,In Person,2018
2138,LAWS8179,International Security Law,Summer Session,Postgraduate,6.0,In Person,2018
2139,LAWS8026,International Security Law Research Project,First Semester/Second Semester,Postgraduate,12.0,In Person,2018
2140,STST2001,International Security issues in the Asia Pacific,First Semester,Undergraduate,6.0,In Person,2018
2141,LAWS6240,International Social Justice Clinic,,Postgraduate,6.0,In Person,2018
2142,BUSI3020,International Strategic Management,First Semester,Undergraduate,6.0,In Person,2018
2143,PREP1129,International Studies,Spring Session,Undergraduate,6.0,In Person,2018
2144,BUSI3030,International Supply Chain Management,First Semester,Undergraduate,6.0,In Person,2018
2145,POLS3036,International Terrorism,Second Semester,Undergraduate,6.0,In Person,2018
2146,LAWS4226,International Trade Law,Second Semester,Undergraduate,6.0,In Person,2018
2147,ECON4406,International Trade Theory,,Undergraduate,6.0,In Person,2018
2148,ECON8006,International Trade Theory,,Postgraduate,6.0,In Person,2018
2149,MUSC8004,Internship 1,Summer Session/First Semester/Autumn Session/Winter Session/Second Semester/Spring Session,Postgraduate,6.0,Online,2018
2150,MUSC8005,Internship 2,Summer Session/First Semester/Autumn Session/Winter Session/Second Semester/Spring Session,Postgraduate,6.0,Online or In Person,2018
2151,LAWS8066,Intersection of International Humanitarian and Human Rights Law,,Postgraduate,6.0,In Person,2018
2152,ARTH2169,Introducing Asian Modernisms,,Undergraduate,6.0,In Person,2018
2153,ARTH6169,Introducing Asian Modernisms,,Postgraduate,6.0,In Person,2018
2154,STAT1031,Introduction to Actuarial Studies,,Undergraduate,6.0,In Person,2018
2155,PSYC8065,Introduction to Applied Psychology,,Postgraduate,6.0,In Person,2018
2156,ARCH8032,Introduction to Archaeological Science,First Semester,Postgraduate,12.0,In Person,2018
2157,ASIA1035,Introduction to Asian Politics,Second Semester,Undergraduate,6.0,In Person,2018
2158,STAT4116,Introduction to Bayesian Data Analysis,Second Semester,Undergraduate,6.0,In Person,2018
2159,STAT3016,Introduction to Bayesian Data Analysis,Second Semester,Undergraduate,6.0,In Person,2018
2160,STAT7016,Introduction to Bayesian Data Analysis,Second Semester,Postgraduate,6.0,In Person,2018
2161,PSYC8068,Introduction to Clinical Assessment,,Postgraduate,6.0,In Person,2018
2162,POPH8552,Introduction to Clinical Epidemiology,,Postgraduate,6.0,Online,2018
2163,MEDI8202,Introduction to Clinical Governance,,Postgraduate,6.0,In Person,2018
2164,MEDI8113,Introduction to Clinical Practice,,Postgraduate,12.0,In Person,2018
2165,BUSN1101,Introduction to Commercial Law,Second Semester,Undergraduate,6.0,In Person,2018
2166,ENGL6015,Introduction to Creative Writing,Second Semester,Postgraduate,6.0,In Person,2018
2167,ENGL1015,Introduction to Creative Writing,Second Semester,Undergraduate,6.0,In Person,2018
2168,HUMN2051,Introduction to Cultural Heritage Management,First Semester,Undergraduate,6.0,In Person,2018
2169,COMP2420,"Introduction to Data Management, Analysis and Security",First Semester,Undergraduate,6.0,In Person,2018
2170,COMP6420,"Introduction to Data Management, Analysis and Security",First Semester,Postgraduate,6.0,In Person,2018
2171,COMP7240,Introduction to Database Concepts,Summer Session,Postgraduate,6.0,In Person,2018
2172,EMET7001,Introduction to Economic Models,First Semester/Second Semester,Postgraduate,6.0,In Person,2018
2173,ENGN1218,Introduction to Electronics,Second Semester,Undergraduate,6.0,In Person,2018
2174,ARCH6041,Introduction to Environmental Archaeology,Second Semester,Postgraduate,6.0,In Person,2018
2175,ARCH2041,Introduction to Environmental Archaeology,Second Semester,Undergraduate,6.0,In Person,2018
2176,EMDV8026,Introduction to Environmental Science,,Postgraduate,6.0,In Person,2018
2177,EMDV8078,Introduction to Environmental and Resource Economics,First Semester,Postgraduate,6.0,In Person,2018
2178,ENVS6103,Introduction to Environmental and Social Research,Second Semester,Postgraduate,6.0,In Person,2018
2179,ENVS1003,Introduction to Environmental and Social Research,Second Semester,Undergraduate,6.0,In Person,2018
2180,PHIL1008,Introduction to Ethics,First Semester,Undergraduate,6.0,In Person,2018
2181,MUSI1113,Introduction to Ethnomusicology,First Semester,Undergraduate,6.0,In Person,2018
2182,FILM1002,Introduction to Film Studies,,Undergraduate,6.0,In Person,2018
2183,PSYC2011,Introduction to Forensic and Criminal Psychology,Second Semester,Undergraduate,6.0,In Person,2018
2184,MATH2242,Introduction to Geometry: Curves and Surfaces,Second Semester,Undergraduate,6.0,In Person,2018
2185,MATH6242,Introduction to Geometry: Curves and Surfaces,Second Semester,Postgraduate,6.0,In Person,2018
2186,EMSC2022,Introduction to Global Geophysics,First Semester,Undergraduate,6.0,In Person,2018
2187,POPH8103,Introduction to Health Services Research and Policy,First Semester,Postgraduate,6.0,Online or In Person,2018
2188,HUMN2000,Introduction to Heritage and Museum Studies,Second Semester,Undergraduate,6.0,In Person,2018
2189,POGO8105,Introduction to Human Resource Management,,Postgraduate,6.0,In Person,2018
2190,ANTH8056,Introduction to Humanitarian Action,Second Semester,Postgraduate,6.0,Online or In Person,2018
2191,POLS1006,Introduction to International Relations:  Contemporary Global Issues,Second Semester,Undergraduate,6.0,In Person,2018
2192,POLS1005,Introduction to International Relations: Foundations and Concepts,First Semester,Undergraduate,6.0,In Person,2018
2193,ANUC1105,Introduction to International Relations: Foundations and Concepts,First Semester,Undergraduate,6.0,In Person,2018
2194,STST1001,Introduction to International Security Studies,First Semester,Undergraduate,6.0,In Person,2018
2195,MEAS8124,Introduction to Islamic Banking,,Postgraduate,6.0,In Person,2018
2196,LAWS8001,"Introduction to Law, Governance and Development",Summer Session,Postgraduate,6.0,In Person,2018
2197,STAT8004,Introduction to Linear Models,,Postgraduate,6.0,In Person,2018
2198,ENGL3008,Introduction to Literary Theory,Second Semester,Undergraduate,6.0,In Person,2018
2199,ENGL6008,Introduction to Literary Theory,Second Semester,Postgraduate,6.0,In-Person and Online,2018
2200,MATH2222,Introduction to Mathematical Thinking: Problem-Solving and Proofs,First Semester,Undergraduate,6.0,In Person,2018
2201,MATH6222,Introduction to Mathematical Thinking: Problem-Solving and Proofs,First Semester,Postgraduate,6.0,In Person,2018
2202,ENGN1217,Introduction to Mechanics,Second Semester,Undergraduate,6.0,In Person,2018
2203,PSYC8072,Introduction to Multivariate Quantitative Methods,,Postgraduate,6.0,In Person,2018
2204,MUSI1110,Introduction to Music Technology,First Semester,Undergraduate,6.0,In Person,2018
2205,MUSI6110,Introduction to Music Technology,First Semester,Postgraduate,6.0,In Person,2018
2206,EMSC4706,Introduction to Natural Hazards,First Semester,Undergraduate,6.0,In Person,2018
2207,EMSC8706,Introduction to Natural Hazards,First Semester,Postgraduate,6.0,In Person,2018
2208,POGO8049,Introduction to Planning and Policy,,Postgraduate,6.0,In Person,2018
2209,POLS1002,Introduction to Politics,First Semester,Undergraduate,6.0,In Person,2018
2210,ASGS1021,Introduction to Politics and Economics,,Undergraduate,6.0,In Person,2018
2211,POPH3000,Introduction to Population Health,Second Semester,Undergraduate,6.0,Online or In Person,2018
2212,MEDI8112,Introduction to Professional Development,,Postgraduate,6.0,In Person,2018
2213,ANUC1100,Introduction to Programming and Algorithms,First Semester/Second Semester,Undergraduate,6.0,In Person,2018
2214,COMP7230,Introduction to Programming for Data Scientists,Winter Session,Postgraduate,6.0,Online or In Person,2018
2215,SOCY2043,Introduction to Qualitative Research Methods,Second Semester,Undergraduate,6.0,In Person,2018
2216,BIOL2001,Introduction to Quantitative Biology,First Semester,Undergraduate,6.0,In Person,2018
2217,BIOL6200,Introduction to Quantitative Biology,First Semester,Postgraduate,6.0,In Person,2018
2218,SOCY2038,Introduction to Quantitative Research Methods,First Semester,Undergraduate,6.0,In Person,2018
2219,PASI9001,Introduction to Research in the Pacific: Methods and Research Design,Summer Session,Postgraduate,6.0,In Person,2018
2220,LAWS4277,Introduction to Roman Law,,Undergraduate,6.0,In Person,2018
2221,ASIA8044,Introduction to Sinological Methods,,Postgraduate,6.0,In Person,2018
2222,SOCR8201,Introduction to Social Science Methods and Types of Data,Autumn Session/Second Semester,Postgraduate,6.0,Online or In Person,2018
2223,ANUC1110,Introduction to Software Systems,First Semester/Second Semester,Undergraduate,6.0,In Person,2018
2224,SPAN1001,Introduction to Spanish I,First Semester,Undergraduate,6.0,In Person,2018
2225,SPAN6501,Introduction to Spanish I,First Semester,Postgraduate,6.0,In Person,2018
2226,SPAN6502,Introduction to Spanish II,Second Semester,Postgraduate,6.0,In Person,2018
2227,SPAN1002,Introduction to Spanish II,Second Semester,Undergraduate,6.0,In Person,2018
2228,COMP8600,Introduction to Statistical Machine Learning,First Semester,Postgraduate,6.0,In Person,2018
2229,COMP4670,Introduction to Statistical Machine Learning,First Semester,Undergraduate,6.0,In Person,2018
2230,STAT2005,Introduction to Stochastic Processes,Second Semester,Undergraduate,6.0,In Person,2018
2231,STAT7004,Introduction to Stochastic Processes,Second Semester,Postgraduate,6.0,In Person,2018
2232,EMSC4012,Introduction to Structural and Field Geology,First Semester,Undergraduate,6.0,In Person,2018
2233,EMSC6031,Introduction to Structural and Field Geology,First Semester,Postgraduate,6.0,In Person,2018
2234,EMSC2012,Introduction to Structural and Field Geology,First Semester,Undergraduate,6.0,In Person,2018
2235,LING2003,Introduction to Syntax,First Semester,Undergraduate,6.0,In Person,2018
2236,LING6003,Introduction to Syntax,First Semester,Postgraduate,6.0,In Person,2018
2237,ENGN8100,Introduction to Systems Engineering,First Semester,Postgraduate,6.0,In Person,2018
2238,ARTV2059,Introduction to Virtual Reality,First Semester,Undergraduate,6.0,In Person,2018
2239,ARTV6059,Introduction to Virtual Reality,First Semester,Postgraduate,6.0,In Person,2018
2240,ASGS1007,Introduction to the Australian Economy,,Undergraduate,6.0,In Person,2018
2241,MEAS1001,Introduction to the Modern Middle East,First Semester,Undergraduate,6.0,In Person,2018
2242,LING6001,Introduction to the Study of Language,First Semester,Postgraduate,6.0,In Person,2018
2243,LING1001,Introduction to the Study of Language,First Semester,Undergraduate,6.0,In Person,2018
2244,ARAB6102,Introductory Arabic A,First Semester,Postgraduate,6.0,Online or In Person,2018
2245,ARAB1002,Introductory Arabic A,First Semester,Undergraduate,6.0,Online or In Person,2018
2246,ARAB6103,Introductory Arabic B,Second Semester,Postgraduate,6.0,Online or In Person,2018
2247,ARAB1003,Introductory Arabic B,Second Semester,Undergraduate,6.0,Online or In Person,2018
2248,ARAB6505,Introductory Course to Arabic Linguistics,First Semester,Postgraduate,6.0,In Person,2018
2249,ARAB3003,Introductory Course to Arabic Linguistics,First Semester,Undergraduate,6.0,In Person,2018
2250,ARAB3005,Introductory Course to Arabic Literature,,Undergraduate,6.0,In Person,2018
2251,ARAB6507,Introductory Course to Arabic Literature,,Postgraduate,6.0,In Person,2018
2252,FREN1003,Introductory French I,First Semester,Undergraduate,6.0,In Person,2018
2253,FREN6501,Introductory French I,First Semester,Postgraduate,6.0,In Person,2018
2254,FREN1004,Introductory French II,Second Semester,Undergraduate,6.0,In Person,2018
2255,FREN6502,Introductory French II,Second Semester,Postgraduate,6.0,In Person,2018
2256,MUSI6315,Introductory Graduate Composition,First Semester/Second Semester,Postgraduate,12.0,In Person,2018
2257,MUSI6302,Introductory Graduate Music Performance,First Semester/Second Semester,Postgraduate,12.0,In Person,2018
2258,STAT2001,Introductory Mathematical Statistics,First Semester/Second Semester,Undergraduate,6.0,In Person,2018
2259,PERS1001,Introductory Persian A,First Semester,Undergraduate,6.0,Online or In Person,2018
2260,PERS6001,Introductory Persian A,First Semester,Postgraduate,6.0,In Person,2018
2261,PERS1002,Introductory Persian B,Second Semester,Undergraduate,6.0,Online or In Person,2018
2262,PERS6002,Introductory Persian B,Second Semester,Postgraduate,6.0,Online or In Person,2018
2263,ASGS1006,Introductory Politics,,Undergraduate,6.0,In Person,2018
2264,PORT6501,Introductory Portuguese I,First Semester,Postgraduate,6.0,In Person,2018
2265,PORT1001,Introductory Portuguese I,First Semester,Undergraduate,6.0,In Person,2018
2266,PORT1002,Introductory Portuguese II,Second Semester,Undergraduate,6.0,In Person,2018
2267,PORT6502,Introductory Portuguese II,Second Semester,Postgraduate,6.0,In Person,2018
2268,COMP6700,Introductory Programming,,Postgraduate,6.0,In Person,2018
2269,SKRT2201,Introductory Spoken Sanskrit,,Undergraduate,6.0,In Person,2018
2270,SKRT6201,Introductory Spoken Sanskrit,,Postgraduate,6.0,In Person,2018
2271,STAT4055,Introductory Statistics for Business and Finance,First Semester/Second Semester,Undergraduate,6.0,In Person,2018
2272,STAT7055,Introductory Statistics for Business and Finance,First Semester/Second Semester/Spring Session,Postgraduate,6.0,In Person,2018
2273,BIOL3113,Invertebrate Biology,First Semester,Undergraduate,6.0,In Person,2018
2274,BIOL6113,Invertebrate Biology,First Semester,Postgraduate,6.0,In Person,2018
2275,ENGN3211,Investment Decisions and Financial Systems,,Undergraduate,6.0,In Person,2018
2276,ACST8033,Investment and Asset Modelling,Second Semester,Postgraduate,6.0,In Person,2018
2277,ACST4033,Investment and Asset Modelling,Second Semester,Undergraduate,6.0,In Person,2018
2278,FINM2003,Investments,First Semester/Second Semester,Undergraduate,6.0,In Person,2018
2279,MEAS2000,Iranian History and Culture,First Semester,Undergraduate,6.0,In Person,2018
2280,MEAS1002,Islam : History and Institutions,Second Semester,Undergraduate,6.0,In Person,2018
2281,MEAS8116,Islam and Democracy,Second Semester,Postgraduate,6.0,In Person,2018
2282,MEAS8118,Islam in Australia,,Postgraduate,6.0,In Person,2018
2283,MEAS8117,Islam in Central Asia,First Semester,Postgraduate,6.0,In Person,2018
2284,MEAS4117,Islam in Central Asia,,Undergraduate,6.0,In Person,2018
2285,ASIA2165,Islam in Southeast Asia,,Undergraduate,6.0,In Person,2018
2286,ASIA6165,Islam in Southeast Asia,,Postgraduate,6.0,In Person,2018
2287,MEAS8115,Islam in World Politics,Second Semester,Postgraduate,6.0,In Person,2018
2288,MEAS8120,"Islam, Faith and Community",,Postgraduate,6.0,In Person,2018
2289,INTR8058,"Islam, Politics and Conflict in Southeast Asia",Second Semester,Postgraduate,6.0,In Person,2018
2290,MEAS4111,"Islam, The West and International Terrorism",,Undergraduate,6.0,In Person,2018
2291,MEAS8111,"Islam, the West and International Terrorism",First Semester,Postgraduate,6.0,In Person,2018
2292,MEAS4102,Islamic Radicalism,,Undergraduate,6.0,In Person,2018
2293,MEAS8102,Islamic Radicalism,,Postgraduate,6.0,In Person,2018
2294,ENVS6205,Island Sustainable Development: Fiji Field School,Winter Session,Postgraduate,6.0,In Person,2018
2295,ENVS2005,Island Sustainable Development: Fiji Field School,Winter Session,Undergraduate,6.0,In Person,2018
2296,POPH8914,Issues in Applied Epidemiology,,Research,6.0,In Person,2018
2297,IDEC8030,Issues in Applied Macroeconomics,Second Semester,Postgraduate,6.0,In Person,2018
2298,IDEC8029,Issues in Applied Microeconomics,First Semester,Postgraduate,6.0,In Person,2018
2299,INTR8017,Issues in Australian Foreign Policy,First Semester,Postgraduate,6.0,In Person,2018
2300,PSYC6016,Issues in Behavioral Neuroscience,First Semester,Postgraduate,6.0,In Person,2018
2301,PSYC3016,Issues in Behavioural Neuroscience,First Semester,Undergraduate,6.0,In Person,2018
2302,PSYC2595,Issues in Contemporary Clinical Psychology,First Semester,Undergraduate,6.0,In Person,2018
2303,ARTH2167,Issues in Contemporary Craft and Design,First Semester,Undergraduate,6.0,In Person,2018
2304,ARTH6167,Issues in Contemporary Craft and Design,First Semester,Postgraduate,6.0,In Person,2018
2305,IDEC8003,Issues in Development Policy,First Semester,Postgraduate,6.0,In Person,2018
2306,EMDV8013,Issues in Development and Environment,First Semester,Postgraduate,6.0,In Person,2018
2307,POLS2094,Issues in International Political Economy,Second Semester,Undergraduate,6.0,In Person,2018
2308,POGO8220,Issues in Japanese Policy,Winter Session,Postgraduate,6.0,In Person,2018
2309,ASIA3027,Issues in Japanese Policy in their global context,Winter Session,Undergraduate,6.0,In Person,2018
2310,ANTH8049,Issues in the Design and Evaluation of Development Projects and Programs,Summer Session,Postgraduate,6.0,Online or In Person,2018
2311,MEAS8108,Issues of Development in the Middle East,Second Semester,Postgraduate,6.0,In Person,2018
2312,ITAL2006,Italian Studies - Continuing 2,Second Semester,Undergraduate,6.0,In Person,2018
2313,ITAL6505,Italian Studies - Intermediate 1,First Semester,Postgraduate,6.0,In Person,2018
2314,ITAL3505,Italian Studies - Intermediate I,First Semester,Undergraduate,6.0,In Person,2018
2315,ITAL6506,Italian Studies - Intermediate II,Second Semester,Postgraduate,6.0,In Person,2018
2316,ITAL3506,Italian Studies - Intermediate II,Second Semester,Undergraduate,6.0,In Person,2018
2317,ITAL1003,Italian Studies - Introductory 2,Second Semester,Undergraduate,6.0,In Person,2018
2318,ITAL1002,Italian Studies - Introductory I,First Semester,Undergraduate,6.0,In Person,2018
2319,ITAL6501,Italian Studies - Introductory I,First Semester,Postgraduate,6.0,In Person,2018
2320,ITAL2005,Italian Studies Continuing 1,First Semester,Undergraduate,6.0,In Person,2018
2321,ITAL6503,Italian Studies Continuing 1,First Semester,Postgraduate,6.0,In Person,2018
2322,ITAL6504,Italian Studies Continuing II,Second Semester,Postgraduate,6.0,In Person,2018
2323,ITAL6502,Italian Studies Introductory 2,Second Semester,Postgraduate,6.0,In Person,2018
2324,GEND2074,Jane Austen History and Fiction,First Semester,Undergraduate,6.0,In Person,2018
2325,ENGL6023,Jane Austen History and Fiction,First Semester,Postgraduate,6.0,In Person,2018
2326,ENGL2074,Jane Austen History and Fiction,First Semester,Undergraduate,6.0,In Person,2018
2327,INTR8063,Japan and Northeast Asia in the Postwar World: war and national identity,First Semester,Postgraduate,6.0,In Person,2018
2328,JPNS3013,Japanese - English Translation,,Undergraduate,6.0,In Person,2018
2329,JPNS6513,Japanese - English Translation,,Postgraduate,6.0,In Person,2018
2330,JPNS1012,Japanese 1: Spoken,First Semester,Undergraduate,6.0,Online or In Person,2018
2331,JPNS6112,Japanese 1: Spoken,First Semester,Postgraduate,6.0,Online or In Person,2018
2332,JPNS1014,Japanese 1: Written,First Semester,Undergraduate,6.0,In Person,2018
2333,JPNS6114,Japanese 1: Written,First Semester,Postgraduate,6.0,In Person,2018
2334,JPNS6113,Japanese 2: Spoken,Second Semester,Postgraduate,6.0,Online or In Person,2018
2335,JPNS2003,Japanese 2: Spoken,Second Semester,Undergraduate,6.0,Online or In Person,2018
2336,JPNS2005,Japanese 2: Written,Second Semester,Undergraduate,6.0,In Person,2018
2337,JPNS6115,Japanese 2: Written,Second Semester,Postgraduate,6.0,In Person,2018
2338,JPNS2012,Japanese 3,First Semester,Undergraduate,6.0,In Person,2018
2339,JPNS6012,Japanese 3,First Semester,Postgraduate,6.0,In Person,2018
2340,JPNS6013,Japanese 4,Second Semester,Postgraduate,6.0,In Person,2018
2341,JPNS2013,Japanese 4,Second Semester,Undergraduate,6.0,In Person,2018
2342,JPNS3001,Japanese 5,First Semester,Undergraduate,6.0,In Person,2018
2343,JPNS6014,Japanese 5,First Semester,Postgraduate,6.0,In Person,2018
2344,JPNS6015,Japanese 6,Second Semester,Postgraduate,6.0,In Person,2018
2345,JPNS3002,Japanese 6,Second Semester,Undergraduate,6.0,In Person,2018
2346,ECON2008,Japanese Economy and Economic Policy,,Undergraduate,6.0,In Person,2018
2347,ECON8008,Japanese Economy and Economic Policy,,Postgraduate,6.0,In Person,2018
2348,INTR2018,Japanese Foreign and Security Policy,,Undergraduate,6.0,In Person,2018
2349,JPNS6024,Japanese Grammar,First Semester,Postgraduate,6.0,In Person,2018
2350,JPNS2024,Japanese Grammar and Expressions,First Semester,Undergraduate,6.0,In Person,2018
2351,LING2028,Japanese Linguistics,Second Semester,Undergraduate,6.0,In Person,2018
2352,LING6028,Japanese Linguistics,Second Semester,Postgraduate,6.0,In Person,2018
2353,ASIA6031,Japanese Politics,Second Semester,Postgraduate,6.0,In Person,2018
2354,ASIA2031,Japanese Politics,Second Semester,Undergraduate,6.0,In Person,2018
2355,ASIA2058,"Japanese Popular Culture: Manga, Anime, Film & the Visual Arts",,Undergraduate,6.0,In Person,2018
2356,JPNS1002,Japanese Secondary Extension - Advanced,First Semester/Second Semester,Undergraduate,6.0,In Person,2018
2357,EXTN1007A,Japanese Secondary Extension - Advanced A,Autumn Session,Undergraduate,0.0,In Person,2018
2358,EXTN1007B,Japanese Secondary Extension - Advanced B,Autumn Session,Undergraduate,6.0,In Person,2018
2359,JPNS1001,Japanese Secondary Extension - Continuing,First Semester/Second Semester,Undergraduate,6.0,In Person,2018
2360,EXTN1006A,Japanese Secondary Extension - Continuing A,Autumn Session,Undergraduate,0.0,In Person,2018
2361,EXTN1006B,Japanese Secondary Extension - Continuing B,Autumn Session,Undergraduate,6.0,In Person,2018
2362,COMP2140,Java Programming,,Undergraduate,6.0,In Person,2018
2363,LAWS4010,Jessup Moot,Summer Session,Undergraduate,6.0,In Person,2018
2364,LAWS6010,Jessup Moot,Summer Session,Postgraduate,6.0,In Person,2018
2365,PHYS9002F,Joint PhD Physics program ANU- National University of Singapore,,Research,24.0,In Person,2018
2366,PHYS9002P,Joint PhD Physics program ANU- National University of Singapore,,Research,24.0,In Person,2018
2367,BUSN8200,Judgement and Decision Making Research in Accounting,First Semester/Second Semester,Postgraduate,6.0,In Person,2018
2368,LAWS8141,Judicial Review of Government Action,Spring Session,Postgraduate,6.0,In Person,2018
2369,ANTH8007,Key Concepts in Anthropology of Development,Second Semester,Postgraduate,6.0,Online or In Person,2018
2370,PREP1110,Key Moments in Western Civilisation,First Semester,Undergraduate,6.0,In Person,2018
2371,MGMT7167,Knowledge Management,,Postgraduate,6.0,In Person,2018
2372,KORE6120,Korean 1,First Semester,Postgraduate,6.0,In Person,2018
2373,KORE1020,Korean 1,First Semester,Undergraduate,6.0,In Person,2018
2374,KORE1021,Korean 2,Second Semester,Undergraduate,6.0,In Person,2018
2375,KORE6121,Korean 2,Second Semester,Postgraduate,6.0,In Person,2018
2376,KORE6521,Korean 3,First Semester,Postgraduate,6.0,In Person,2018
2377,KORE2521,Korean 3,First Semester,Undergraduate,6.0,In Person,2018
2378,KORE2522,Korean 4,Second Semester,Undergraduate,6.0,In Person,2018
2379,KORE6522,Korean 4,Second Semester,Postgraduate,6.0,In Person,2018
2380,KORE6512,Korean 5,First Semester,Postgraduate,6.0,In Person,2018
2381,KORE3012,Korean 5,First Semester,Undergraduate,6.0,In Person,2018
2382,KORE6513,Korean 6,Second Semester,Postgraduate,6.0,In Person,2018
2383,KORE3013,Korean 6,Second Semester,Undergraduate,6.0,In Person,2018
2384,KORE1201,Korean Beginning Secondary - Extension,First Semester/Second Semester,Undergraduate,6.0,In Person,2018
2385,KORE1202,Korean Continuing Secondary - Extension,,Undergraduate,6.0,In Person,2018
2386,ASIA2080,"Korean Film: History, Culture and Society",,Undergraduate,6.0,In Person,2018
2387,ASIA6080,"Korean Film: History, Culture and Society",,Postgraduate,6.0,In Person,2018
2388,EXTN1008A,Korean Secondary Extension - Beginning A,Autumn Session,Undergraduate,0.0,In Person,2018
2389,EXTN1008B,Korean Secondary Extension - Beginning B,,Undergraduate,6.0,In Person,2018
2390,EXTN1009A,Korean Secondary Extension - Continuing A,Autumn Session,Undergraduate,0.0,In Person,2018
2391,EXTN1009B,Korean Secondary Extension - Continuing B,,Undergraduate,6.0,In Person,2018
2392,LAWS8171,Kyoto Seminar: Japanese Law in the Global Era,,Postgraduate,6.0,In Person,2018
2393,ECON4441,Labour Economics & Industrial Relations,First Semester,Undergraduate,6.0,In Person,2018
2394,ECON8041,Labour Economics and Industrial Relations,First Semester,Postgraduate,6.0,In Person,2018
2395,ECON2059,Labour Economics and Industrial Relations(H),First Semester,Undergraduate,6.0,In Person,2018
2396,ECON2009,Labour Economics and Industrial Relations(P),First Semester,Undergraduate,6.0,In Person,2018
2397,LAWS4228,Labour Law,Summer Session,Undergraduate,6.0,In Person,2018
2398,ANTH8047,Land Rights and Resource Development,First Semester,Postgraduate,6.0,Online or In Person,2018
2399,ANTH8044,Land Rights and Resource Development (Advanced),First Semester,Postgraduate,12.0,Online or In Person,2018
2400,ENVS3004,Land and Catchment Management,Second Semester,Undergraduate,6.0,In Person,2018
2401,ENVS6304,Land and Catchment Management,Second Semester,Postgraduate,6.0,In Person,2018
2402,LAWS8312,"Land, Law and Development in Asia",,Postgraduate,6.0,In Person,2018
2403,LING2005,Language Change and Linguistic Reconstruction,,Undergraduate,6.0,In Person,2018
2404,LING6005,Language Change and Linguistic Reconstruction,,Postgraduate,6.0,In Person,2018
2405,LING2022,Language Policy and Language Politics,,Undergraduate,6.0,In Person,2018
2406,LING6022,Language Policy and Language Politics,,Postgraduate,6.0,In Person,2018
2407,LANG3005,Language and Identity in a European Context,,Undergraduate,6.0,In Person,2018
2408,ASIA8051,Language and Power in Asia and the Pacific,First Semester,Postgraduate,6.0,In Person,2018
2409,LING2106,Language and Social Interaction,First Semester,Undergraduate,6.0,In Person,2018
2410,LING6311,Language and Social Interaction,First Semester,Postgraduate,6.0,In Person,2018
2411,LING1002,Language and Society,Second Semester,Undergraduate,6.0,In Person,2018
2412,LING6002,Language and Society,Second Semester,Postgraduate,6.0,In Person,2018
2413,LANG6004,Language and Society in Latin America,First Semester,Postgraduate,6.0,In Person,2018
2414,LING6027,Language and Society in Latin America,First Semester,Postgraduate,6.0,In Person,2018
2415,LANG3004,Language and Society in Latin America,First Semester,Undergraduate,6.0,In Person,2018
2416,LING2027,Language and Society in Latin America,First Semester,Undergraduate,6.0,In Person,2018
2417,LING2105,Language and the law: introduction to forensic linguistics,First Semester,Undergraduate,6.0,In Person,2018
2418,LING6105,Language and the law: introduction to forensic linguistics,First Semester,Postgraduate,6.0,In Person,2018
2419,ASIA2001,Language in Asia and the Pacific,First Semester,Undergraduate,6.0,In Person,2018
2420,ASIA2103,Language in Asia and the Pacific (L),First Semester,Undergraduate,6.0,In Person,2018
2421,LING2016,Language in Indigenous Australia,First Semester,Undergraduate,6.0,In Person,2018
2422,LING6016,Language in Indigenous Australian Society,First Semester,Postgraduate,6.0,In Person,2018
2423,LING6015,"Language, Culture and Translation",Second Semester,Postgraduate,6.0,In Person,2018
2424,LING2015,"Language, Culture, Translation",Second Semester,Undergraduate,6.0,In Person,2018
2425,LING2103,"Language, Power, and Identity",,Undergraduate,6.0,In Person,2018
2426,LING6103,"Language, Power, and Identity",,Postgraduate,6.0,In Person,2018
2427,LING2018,Languages in Contact,,Undergraduate,6.0,In Person,2018
2428,LING6018,Languages in Contact,,Postgraduate,6.0,In Person,2018
2429,PHYS8510,Lasers and Photonics,,Postgraduate,6.0,In Person,2018
2430,POLS8026,Latin America's International Relations,,Postgraduate,6.0,In Person,2018
2431,HIST2230,Latin America: Conquest and Colonisation,Second Semester,Undergraduate,6.0,In Person,2018
2432,LAWS8570,Law & Economics of Regulation,,Postgraduate,6.0,In Person,2018
2433,LAWS8713,Law Capstone Project,,Postgraduate,6.0,Online,2018
2434,LAWS6700,Law Capstone Project,First Semester/Second Semester,Postgraduate,6.0,In Person,2018
2435,LAWS4230,Law Internship,Summer Session/First Semester/Winter Session/Second Semester,Undergraduate,6.0,In Person,2018
2436,LAWS6230,Law Internship,Summer Session/First Semester/Winter Session/Second Semester,Postgraduate,6.0,In Person,2018
2437,LAWS4270,Law Reform,,Undergraduate,6.0,In Person,2018
2438,LAWS4239,Law and Armed Conflict,First Semester,Undergraduate,6.0,In Person,2018
2439,LAWS8006,Law and Development in the Contemporary South Pacific,Autumn Session,Postgraduate,6.0,In Person,2018
2440,ECON4447,Law and Economics,Second Semester,Undergraduate,6.0,In Person,2018
2441,LAWS8228,Law and Economics,,Postgraduate,6.0,In Person,2018
2442,ECON8047,Law and Economics,Second Semester,Postgraduate,6.0,In Person,2018
2443,ECON2139,Law and Economics(H),Second Semester,Undergraduate,6.0,In Person,2018
2444,ECON2120,Law and Economics(P),Second Semester,Undergraduate,6.0,In Person,2018
2445,LAWS8071,Law and Governance in sub-Saharan Africa,,Postgraduate,6.0,In Person,2018
2446,LAWS8586,Law and Legal Institutions,Summer Session/Winter Session,Postgraduate,6.0,In Person,2018
2447,LAWS8324,"Law and Organising for Reform, Justice and Inclusion",Summer Session,Postgraduate,6.0,Online,2018
2448,LAWS4279,Law and Politics of European Integration,Summer Session,Undergraduate,6.0,In Person,2018
2449,LAWS4260,Law and Psychology,Second Semester,Undergraduate,6.0,In Person,2018
2450,LAWS8034,Law and Regulation,,Postgraduate,6.0,In Person,2018
2451,LAWS4256,Law and Sexualities,,Undergraduate,6.0,In Person,2018
2452,LAWS8069,Law and Society in South Asia,,Postgraduate,6.0,In Person,2018
2453,LAWS8594,Law and Society in South East Asia,Spring Session,Postgraduate,6.0,In Person,2018
2454,LAWS3103,Law and the Environment,,Undergraduate,6.0,In Person,2018
2455,LAWS6503,Law and the Environment,,Postgraduate,6.0,In Person,2018
2456,LAWS4280,Law and the Humanities,Winter Session,Undergraduate,6.0,In Person,2018
2457,LEGL7001,Law in Professional Context,,Postgraduate,6.0,In Person,2018
2458,BUSN2101,Law of Business Entities,First Semester,Undergraduate,6.0,In Person,2018
2459,LAWS8253,Law of The Sea,Winter Session,Postgraduate,6.0,In Person,2018
2460,LAWS8326,"Law, Lawyers, Justice - Regional, Rural, Remote",Winter Session,Postgraduate,6.0,Online,2018
2461,LAWS1202,Lawyers Justice and Ethics,Second Semester,Undergraduate,6.0,In Person,2018
2462,LAWS6102,"Lawyers, Justice and Ethics",Second Semester,Postgraduate,6.0,In Person,2018
2463,MGMT3021,Leadership,Second Semester,Undergraduate,6.0,In Person,2018
2464,MGMT7062,Leadership and Delivering Societal Impact,Second Semester,Postgraduate,6.0,In Person,2018
2465,DIPL2000,Leadership and Diplomacy,First Semester,Undergraduate,6.0,In Person,2018
2466,VCPG6003,Leadership and Influence in a Complex World,First Semester,Postgraduate,6.0,In Person,2018
2467,VCUG2002,Leadership and Influence in a Complex World,First Semester,Undergraduate,6.0,In Person,2018
2468,POGO8111,Leadership and Organisational Analysis,,Postgraduate,6.0,In Person,2018
2469,MGMT8270,Leading People and Change,Summer Session/First Semester/Second Semester,Postgraduate,6.0,Online or In Person,2018
2470,POGO8067,Leading Public Sector Change,Autumn Session,Postgraduate,6.0,In Person,2018
2471,MGMT7029,Leading Through Change,,Postgraduate,6.0,In Person,2018
2472,POGO8505,Leading and Influencing Public Policy,Summer Session,Postgraduate,6.0,In Person,2018
2473,CHIN6526,Learning Language Locally: China,,Postgraduate,6.0,In Person,2018
2474,CHIN2525,Learning Language Locally: China,,Undergraduate,6.0,In Person,2018
2475,HIND2525,Learning Language Locally: India,,Undergraduate,6.0,In Person,2018
2476,HIND6525,Learning Language Locally: India,,Postgraduate,6.0,In Person,2018
2477,INDN2525,Learning Language Locally: Indonesia,Summer Session/Winter Session,Undergraduate,6.0,In Person,2018
2478,INDN6525,Learning Language Locally: Indonesia,Summer Session/Winter Session,Postgraduate,6.0,In Person,2018
2479,JPNS6525,Learning Language Locally: Japan,Summer Session,Postgraduate,6.0,In Person,2018
2480,JPNS2525,Learning Language Locally: Japan,Summer Session,Undergraduate,6.0,In Person,2018
2481,KORE2525,Learning Language Locally: Korea,,Undergraduate,6.0,In Person,2018
2482,KORE6525,Learning Language Locally: Korea,,Postgraduate,6.0,In Person,2018
2483,THAI6525,Learning Language Locally: Thailand,,Postgraduate,6.0,In Person,2018
2484,THAI2525,Learning Language Locally: Thailand,,Undergraduate,6.0,In Person,2018
2485,VIET2525,Learning Language Locally: Vietnam,,Undergraduate,6.0,In Person,2018
2486,VIET6525,Learning Language Locally: Vietnam,,Postgraduate,6.0,In Person,2018
2487,AUST1001,Learning an Indigenous Australian Language,Summer Session/First Semester,Undergraduate,6.0,In Person,2018
2488,AUST6008,Learning an Indigenous Australian language 1,Summer Session/First Semester,Postgraduate,6.0,In Person,2018
2489,AUST2008,Learning an Indigenous Australian language 2,Winter Session,Undergraduate,6.0,In Person,2018
2490,AUST6009,Learning an Indigenous Australian language 2,Winter Session,Postgraduate,6.0,In Person,2018
2491,LAWS8319,Legal Entrepreneur,,Postgraduate,6.0,Online,2018
2492,LEGW8101,Legal Ethics,,Postgraduate,3.0,In Person,2018
2493,LAWS8587,Legal Framework of Regulation,Summer Session,Postgraduate,6.0,In Person,2018
2494,LEGW8151,Legal Practice Experience,Summer Session/Autumn Session/Winter Session/Spring Session,Postgraduate,6.0,In Person,2018
2495,LEGW8129,Legal Practice Experience,Summer Session/Autumn Session/Winter Session/Spring Session,Postgraduate,12.0,In Person,2018
2496,LEGW8131,Legal Practice Experience,Summer Session/Autumn Session/Winter Session/Spring Session,Postgraduate,6.0,In Person,2018
2497,LEGW8143,Legal Practice Experience,,Postgraduate,3.0,In Person,2018
2498,LEGW8150,Legal Practice Experience,Summer Session/Autumn Session/Winter Session/Spring Session,Postgraduate,9.0,In Person,2018
2499,LEGW8130,Legal Practice Experience,Summer Session/Autumn Session/Winter Session/Spring Session,Postgraduate,9.0,In Person,2018
2500,LEGW8134,Legal Practice Experience,Summer Session/Autumn Session/Winter Session/Spring Session,Postgraduate,3.0,In Person,2018
2501,PREP1111,Legal Studies,First Semester,Undergraduate,6.0,In Person,2018
2502,PREP1136,Legal Studies,Autumn Session/Spring Session,Undergraduate,6.0,In Person,2018
2503,LAWS2249,Legal Theory,Second Semester,Undergraduate,6.0,In Person,2018
2504,LAWS6249,Legal Theory,Second Semester,Postgraduate,6.0,In Person,2018
2505,HIST6244,Legends and Life Stories: Australia Since 1788,Second Semester,Postgraduate,6.0,In Person,2018
2506,HIST2244,Legends and Life Stories: Australia since 1788,Second Semester,Undergraduate,6.0,In Person,2018
2507,LAWS8104,Legislation and Legislative Drafting,Summer Session,Postgraduate,6.0,In Person,2018
2508,LAWS4251,Legislative Drafting and Technology,Second Semester,Undergraduate,6.0,In Person,2018
2509,PHIL2289,"Leviathan, Art and Law: Constituting the Body Politic",Second Semester,Undergraduate,6.0,In Person,2018
2510,LAWS4289,"Leviathan, Art, and Law: Constituting the Body Politic",Second Semester,Undergraduate,6.0,In Person,2018
2511,ASIA2045,"Lies, Conspiracy and Propaganda",First Semester,Undergraduate,6.0,In Person,2018
2512,STAT6043,Life Contingencies,Second Semester,Postgraduate,6.0,In Person,2018
2513,STAT3037,Life Contingencies,Second Semester,Undergraduate,6.0,In Person,2018
2514,DEMO8092,Life Course Analytics,Second Semester,Postgraduate,6.0,Online or In Person,2018
2515,POPH8918,Life Course Approaches to Human Ageing,Second Semester,Postgraduate,6.0,Online or In Person,2018
2516,PSYC1005,Life Issues: Applying Psychology,Second Semester,Undergraduate,6.0,Online or In Person,2018
2517,PHYS1004,Life Physics,Second Semester,Undergraduate,6.0,In Person,2018
2518,CHMD8013,"Life, Waste and Sustainability",Second Semester,Postgraduate,6.0,Online or In Person,2018
2519,ASIA6308,Linguistic Histories in Asia and the Pacific,First Semester,Postgraduate,6.0,In Person,2018
2520,ASIA2308,Linguistic Histories in Asia and the Pacific,First Semester,Undergraduate,6.0,In Person,2018
2521,ASIA2100,Linguistic Histories in Asia and the Pacific (L),,Undergraduate,6.0,In Person,2018
2522,CHIN6530,Literary Chinese 1,First Semester,Postgraduate,6.0,In Person,2018
2523,CHIN2019,Literary Chinese 1,First Semester,Undergraduate,6.0,In Person,2018
2524,CHIN6531,Literary Chinese 2,Second Semester,Postgraduate,6.0,In Person,2018
2525,CHIN2021,Literary Chinese 2,Second Semester,Undergraduate,6.0,In Person,2018
2526,ASIA3040,Literary and Cultural Discourse in Modern Japan,Second Semester,Undergraduate,6.0,In Person,2018
2527,ASIA6040,Literary and Cultural Discourse in Modern Japan,Second Semester,Postgraduate,6.0,In Person,2018
2528,ENGL6086,"Literature in the Digital Age: Theories, Texts, Methods",,Postgraduate,6.0,Online or In Person,2018
2529,ENGL2086,"Literature in the Digital Age: Theories, Texts, Methods",,Undergraduate,6.0,Online or In Person,2018
2530,ENGL3037,"Literature, Law and Human Rights",,Undergraduate,6.0,In Person,2018
2531,LAWS4286,"Literature, Law and Human Rights",,Undergraduate,6.0,In Person,2018
2532,LAWS6244,Litigation and Dispute Management,First Semester,Postgraduate,6.0,In Person,2018
2533,LAWS2244,Litigation and Dispute Management,First Semester,Undergraduate,6.0,In Person,2018
2534,SOCY2008,"Living in the Risk Society: Health, Crime, Climate and Disasters",Winter Session,Undergraduate,6.0,In Person,2018
2535,POGO8051,Local Development and Governance in an Indigenous Context,,Postgraduate,6.0,In Person,2018
2536,COMP2620,Logic,First Semester,Undergraduate,6.0,In Person,2018
2537,PHIL2080,Logic,First Semester,Undergraduate,6.0,In Person,2018
2538,COMP6262,Logic,First Semester,Postgraduate,6.0,In Person,2018
2539,PHIL1005,Logic and Critical Thinking,Second Semester,Undergraduate,6.0,In Person,2018
2540,ANUC1107,Logic and Critical Thinking,Second Semester,Undergraduate,6.0,In Person,2018
2541,PHIL2059,Love Death and Freedom (20th Century French Phenomenology),,Undergraduate,6.0,In Person,2018
2542,ANTH8050,MAAPD (Advanced) Thesis,First Semester/Second Semester,Postgraduate,6.0,In Person,2018
2543,ANTH8016,MAAPD Internship,Summer Session/First Semester/Autumn Session/Winter Session/Second Semester/Spring Session,Postgraduate,6.0,Online or In Person,2018
2544,PAAS8955P,"MPhil (Contemporary China Cntr, Pol and Social Change, Sch of International, Pol and Strategic Stud)",,Research,24.0,In Person,2018
2545,PAAS8955F,"MPhil (Contemporary China Cntr, Pol and Social Change, Sch of International, Pol and Strategic Stud)",,Research,24.0,In Person,2018
2546,PAAS8961P,"MPhil (Resource Management in Asia and the Pacific, Crawford School of Economics and Government)",,Research,24.0,In Person,2018
2547,PAAS8961F,"MPhil (Resource Management in Asia and the Pacific, Crawford School of Economics and Government)",,Research,24.0,In Person,2018
2548,ECON8900P,"MPhil -  Research course in Economics, ANU College of Business and Economics",,Research,24.0,In Person,2018
2549,ECON8900F,"MPhil -  Research course in Economics, ANU College of Business and Economics",,Research,24.0,In Person,2018
2550,COMM8900P,"MPhil - Research Course in Commerce, ANU College of Business and Economics",,Research,24.0,In Person,2018
2551,COMM8900F,"MPhil - Research Course in Commerce, ANU College of Business and Economics",,Research,24.0,In Person,2018
2552,ECHI8900F,"MPhil - Research Course in Economic History, ANU College of Business and Economics",,Research,24.0,In Person,2018
2553,ECHI8900P,"MPhil - Research Course in Economic History, ANU College of Business and Economics",,Research,24.0,In Person,2018
2554,MATH8900P,"MPhil - Research Course in Mathematics, Mathematical Sciences Institute, CMBE/CPMS",,Research,24.0,In Person,2018
2555,MATH8900F,"MPhil - Research Course in Mathematics, Mathematical Sciences Institute, CMBE/CPMS",,Research,24.0,In Person,2018
2556,SCOM8900F,"MPhil - Research Course in Scientific Communication, Centre for the Public Awareness",,Research,24.0,In Person,2018
2557,SCOM8900P,"MPhil - Research Course in Scientific Communication, Centre for the Public Awareness",,Research,24.0,In Person,2018
2558,STAT8900F,"MPhil - Research Course in Statistics, ANU College of Business and Economics",,Research,24.0,In Person,2018
2559,STAT8900P,"MPhil - Research Course in Statistics, ANU College of Business and Economics",,Research,24.0,In Person,2018
2560,ANTH8900P,"MPhil Anthropology, RSHA",,Research,1.0,In Person,2018
2561,ANTH8900F,"MPhil Anthropology, RSHA",,Research,1.0,In Person,2018
2562,ARCH8900F,"MPhil Archaeology, RSHA",,Research,24.0,In Person,2018
2563,ARCH8900P,"MPhil Archaeology, RSHA",,Research,24.0,In Person,2018
2564,ARTH8900F,"MPhil Art History and Art Theory, RSHA",,Research,24.0,In Person,2018
2565,ARTH8900P,"MPhil Art History and Art Theory, RSHA",,Research,24.0,In Person,2018
2566,DEMO8900P,"MPhil Demographic and Social Research, RSSS",,Research,6.0,In Person,2018
2567,DEMO8900F,"MPhil Demographic and Social Research, RSSS",,Research,6.0,In Person,2018
2568,FINM8900F,"MPhil Finance, ANU College of Business and Economics",,Research,24.0,In Person,2018
2569,FINM8900P,"MPhil Finance, ANU College of Business and Economics",,Research,24.0,In Person,2018
2570,HIST8900F,"MPhil History, RSSS",,Research,24.0,In Person,2018
2571,HIST8900P,"MPhil History, RSSS",,Research,24.0,In Person,2018
2572,HUMN8900F,"MPhil Humanities, RSHA",,Research,1.0,In Person,2018
2573,HUMN8900P,"MPhil Humanities, RSHA",,Research,1.0,In Person,2018
2574,INDG8901F,"MPhil Indigenous  Studies, RSSS",,Research,1.0,In Person,2018
2575,INDG8901P,"MPhil Indigenous  Studies, RSSS",,Research,1.0,In Person,2018
2576,LLCC8900F,"MPhil Language, Communications and Culture, RSHA",,Research,1.0,In Person,2018
2577,LLCC8900P,"MPhil Language, Communications and Culture, RSHA",,Research,1.0,In Person,2018
2578,MEAS8900F,"MPhil Middle Eastern and Central Asian Studies, RSSS",,Research,6.0,In Person,2018
2579,MEAS8900P,"MPhil Middle Eastern and Central Asian Studies, RSSS",,Research,6.0,In Person,2018
2580,MUSI8900P,"MPhil Music, RSHA",,Research,6.0,In Person,2018
2581,MUSI8900F,"MPhil Music, RSHA",,Research,6.0,In Person,2018
2582,PHIL8900F,"MPhil Philosophy, RSSS",,Research,24.0,In Person,2018
2583,PHIL8900P,"MPhil Philosophy, RSSS",,Research,24.0,In Person,2018
2584,POLS8900F,"MPhil Politics and International Relations, RSSS",,Research,24.0,In Person,2018
2585,POLS8900P,"MPhil Politics and International Relations, RSSS",,Research,24.0,In Person,2018
2586,PAAS8962F,MPhil Regulation and Governance,,Research,24.0,In Person,2018
2587,PAAS8962P,MPhil Regulation and Governance,,Research,24.0,In Person,2018
2588,PAAS8950F,"MPhil Research Course in Anthropology, School of Culture History & Language",,Research,6.0,In Person,2018
2589,PAAS8950P,"MPhil Research Course in Anthropology, School of Culture History & Language",,Research,6.0,In Person,2018
2590,PAAS8953F,"MPhil Research Course in Archeology & Natural History, School of Culture History & Language",,Research,24.0,In Person,2018
2591,PAAS8953P,"MPhil Research Course in Archeology & Natural History, School of Culture History & Language",,Research,24.0,In Person,2018
2592,PAAS8959F,"MPhil Research Course in Arndt-Corden Division of Economics, Crawford School",,Research,24.0,In Person,2018
2593,PAAS8959P,"MPhil Research Course in Arndt-Corden Division of Economics, Crawford School",,Research,24.0,In Person,2018
2594,ASIA8900F,"MPhil Research Course in Asian Studies, School of Culture History & Language",,Research,24.0,In Person,2018
2595,ASIA8900P,"MPhil Research Course in Asian Studies, School of Culture History & Language",,Research,24.0,In Person,2018
2596,PAAS8957F,"MPhil Research Course in International Relations, School of Intnl Pol & Strategic Studies",,Research,24.0,In Person,2018
2597,PAAS8957P,"MPhil Research Course in International Relations, School of Intnl Pol & Strategic Studies",,Research,24.0,In Person,2018
2598,PAAS8951F,"MPhil Research Course in Linguistics, School of Culture History & Language",,Research,24.0,In Person,2018
2599,PAAS8951P,"MPhil Research Course in Linguistics, School of Culture History & Language",,Research,24.0,In Person,2018
2600,NSPO8950P,"MPhil Research Course in National Security, National Security College",,Research,24.0,In Person,2018
2601,NSPO8950F,"MPhil Research Course in National Security, National Security College",,Research,24.0,In Person,2018
2602,PAAS8952F,"MPhil Research Course in Pacific & Asian History, School of Culture History & Language",,Research,24.0,In Person,2018
2603,PAAS8952P,"MPhil Research Course in Pacific & Asian History, School of Culture History & Language",,Research,24.0,In Person,2018
2604,POGO8950F,"MPhil Research Course in Policy & Governance, Crawford School",,Research,24.0,In Person,2018
2605,POGO8950P,"MPhil Research Course in Policy & Governance, Crawford School",,Research,24.0,In Person,2018
2606,PAAS8958P,"MPhil Research Course in Political& Social Change,School of Intnl Pol & Strategic Studies",,Research,6.0,In Person,2018
2607,PAAS8958F,"MPhil Research Course in Political& Social Change,School of Intnl Pol & Strategic Studies",,Research,6.0,In Person,2018
2608,PAAS8960F,"MPhil Research Course in Strategic Defence Studies, School of Intnl Pol & Strategic Studies",,Research,24.0,In Person,2018
2609,PAAS8960P,"MPhil Research Course in Strategic Defence Studies, School of Intnl Pol & Strategic Studies",,Research,24.0,In Person,2018
2610,PAAS8900F,"MPhil Research Cse in State Society & Governance in Melanesia, School of IPS",,Research,24.0,In Person,2018
2611,PAAS8900P,"MPhil Research Cse in State Society & Governance in Melanesia, School of IPS",,Research,24.0,In Person,2018
2612,SOCY8900F,"MPhil Sociology, RSSS",,Research,24.0,In Person,2018
2613,SOCY8900P,"MPhil Sociology, RSSS",,Research,24.0,In Person,2018
2614,ARTV8900P,"MPhil Visual Arts, RSHA",,Research,6.0,In Person,2018
2615,ARTV8900F,"MPhil Visual Arts, RSHA",,Research,6.0,In Person,2018
2616,PHYS8952F,"MPhil, Atomic and Molecular Physics,  Research School of Physics and Engineering",,Research,24.0,In Person,2018
2617,PHYS8952P,"MPhil, Atomic and Molecular Physics,  Research School of Physics and Engineering",,Research,24.0,In Person,2018
2618,PHYS8953F,"MPhil, Electronic Materials Engineering,  Research School of Physics and Engineering",,Research,6.0,In Person,2018
2619,PHYS8953P,"MPhil, Electronic Materials Engineering,  Research School of Physics and Engineering",,Research,6.0,In Person,2018
2620,ENVS8905P,"MPhil, Environmental & Natural Resource Management, Fenner School of Environment and Society",,Research,24.0,In Person,2018
2621,ENVS8905F,"MPhil, Environmental & Natural Resource Management, Fenner School of Environment and Society",,Research,24.0,In Person,2018
2622,IDEC8002,Macroeconomic Analysis and Policy,Second Semester,Postgraduate,6.0,In Person,2018
2623,IDEC8068,Macroeconomic Policy and Implementation,,Postgraduate,6.0,In Person,2018
2624,ECON7074,Macroeconomic Principles for Economic Policy,First Semester/Second Semester,Postgraduate,6.0,In Person,2018
2625,ECON4422,Macroeconomic Theory,First Semester/Second Semester,Undergraduate,6.0,In Person,2018
2626,ECON8022,Macroeconomic Theory (Master),First Semester/Second Semester,Postgraduate,6.0,In Person,2018
2627,PREP1131,Macroeconomics,Autumn Session,Undergraduate,6.0,In Person,2018
2628,ECON1102,Macroeconomics 1,First Semester/Second Semester,Undergraduate,6.0,In Person,2018
2629,ECON2112,Macroeconomics 2(H),,Undergraduate,6.0,In Person,2018
2630,ECON2102,Macroeconomics 2(P),First Semester/Second Semester,Undergraduate,6.0,In Person,2018
2631,ECON3102,Macroeconomics 3,Second Semester,Undergraduate,6.0,In Person,2018
2632,EMSC3024,Magmatism and Metamorphism,First Semester,Undergraduate,6.0,In Person,2018
2633,EMSC4024,Magmatism and Metamorphism,First Semester,Undergraduate,6.0,In Person,2018
2634,EMSC6024,Magmatism and Metamorphism,First Semester,Postgraduate,6.0,In Person,2018
2635,ASIA2041,Mainland Southeast Asia: Colonial and Postcolonial Predicaments,Second Semester,Undergraduate,6.0,In Person,2018
2636,DESN8002,Major Design Inquiry: Application of Research,First Semester/Second Semester,Postgraduate,12.0,In Person,2018
2637,INTR8068,Making Foreign Policy,Second Semester,Postgraduate,6.0,In Person,2018
2638,HIST6007,Making History,Second Semester,Postgraduate,6.0,Online or In Person,2018
2639,HIST3007,Making History,Second Semester,Undergraduate,6.0,In Person,2018
2640,SCOM6032,Making Modern Science,Summer Session,Postgraduate,6.0,Online or In Person,2018
2641,SCOM3032,Making Modern Science,Summer Session,Undergraduate,6.0,Online or In Person,2018
2642,DESN1001,Making Online: Context & Presence,Second Semester,Undergraduate,6.0,In Person,2018
2643,POGO8090,Making and Evaluating Policy,,Postgraduate,6.0,In Person,2018
2644,ARCH3029,Making-Taking-Using-Breaking: Material Culture Studies and Technology in Archaeology,,Undergraduate,6.0,In Person,2018
2645,NSPO8017,Malicious Networks: Transnational Terrorism and Crime,,Postgraduate,6.0,In Person,2018
2646,BUSN2011,Management Accounting,First Semester/Second Semester,Undergraduate,6.0,In Person,2018
2647,BUSN7031,Management Accounting and Cost Analysis,First Semester/Second Semester,Postgraduate,6.0,In Person,2018
2648,MGMT8002,Management Consulting,,Postgraduate,6.0,In Person,2018
2649,MGMT4500,Management Honours Thesis,First Semester/Second Semester,Undergraduate,6.0,In Person,2018
2650,MGMT8191,Management Master Class,,Postgraduate,6.0,In Person,2018
2651,MGMT4006,Management Research Methods,First Semester,Undergraduate,6.0,In Person,2018
2652,MGMT8006,Management Research Methods,First Semester,Postgraduate,6.0,In Person,2018
2653,MGMT1003,"Management, People and Organisations",First Semester/Second Semester,Undergraduate,6.0,In Person,2018
2654,STAT3014,Managerial Decision Analysis,,Undergraduate,6.0,In Person,2018
2655,STAT6028,Managerial Decision Analysis,,Postgraduate,6.0,In Person,2018
2656,ECON2014,Managerial Economics,First Semester,Undergraduate,6.0,In Person,2018
2657,ECON6014,Managerial Economics,First Semester,Postgraduate,6.0,In Person,2018
2658,MGMT7107,Managing Across Cultures,Second Semester,Postgraduate,6.0,In Person,2018
2659,ENVS3041,Managing Forested Landscapes,First Semester,Undergraduate,6.0,In Person,2018
2660,ENVS6026,Managing Forested Landscapes,First Semester,Postgraduate,6.0,In Person,2018
2661,POGO8057,Managing Government Finances,Winter Session,Postgraduate,6.0,In Person,2018
2662,MGMT8062,Managing Major Projects,First Semester,Postgraduate,6.0,In Person,2018
2663,MGMT2035,Managing Organisational Change,Second Semester,Undergraduate,6.0,In Person,2018
2664,POGO8300,Managing Public Sector Organisations,Summer Session,Postgraduate,6.0,Online or In Person,2018
2665,COMP3120,Managing Software Development,First Semester,Undergraduate,6.0,In Person,2018
2666,COMP8110,Managing Software Projects in a System Context,First Semester,Postgraduate,6.0,In Person,2018
2667,COMP4130,Managing Software Quality and Process,First Semester,Undergraduate,6.0,In Person,2018
2668,MGMT7007,Managing for Sustainability,First Semester,Postgraduate,6.0,In Person,2018
2669,BUSI7280,Managing in a Global Context,First Semester/Second Semester,Postgraduate,6.0,Online or In Person,2018
2670,BUSI7001,Managing the Global Supply Chain,First Semester,Postgraduate,6.0,In Person,2018
2671,STAT4010,Managing the Research Process,First Semester/Second Semester,Undergraduate,6.0,In Person,2018
2672,STAT8010,Managing the Research Process,First Semester/Second Semester,Postgraduate,6.0,In Person,2018
2673,ARCH8034,"Managing, Mapping and Detecting Archaeological Sites",,Postgraduate,6.0,In Person,2018
2674,ENGN3212,Manufacturing Technologies,First Semester,Undergraduate,6.0,In Person,2018
2675,ENGN6212,Manufacturing Technologies,First Semester,Postgraduate,6.0,In Person,2018
2676,ASIA8046,Maps and Mapping for the Social Sciences and Humanities,,Postgraduate,6.0,In Person,2018
2677,EMSC4023,Marine Biogeochemistry,First Semester,Undergraduate,6.0,In Person,2018
2678,EMSC3023,Marine Biogeochemistry,First Semester,Undergraduate,6.0,In Person,2018
2679,EMSC6023,Marine Biogeochemistry,First Semester,Postgraduate,6.0,In Person,2018
2680,BIOL6116,Marine Conservation Ecology,Second Semester,Postgraduate,6.0,In Person,2018
2681,BIOL3116,Marine Conservation Ecology,Second Semester,Undergraduate,6.0,In Person,2018
2682,LAWS8129,Marine and Coastal Law,,Postgraduate,6.0,In Person,2018
2683,LAWS8315,Maritime Security Law,Spring Session,Postgraduate,6.0,In Person,2018
2684,MKTG2004,Marketing,Summer Session/Second Semester,Undergraduate,6.0,In Person,2018
2685,MKTG7001,Marketing,Autumn Session,Postgraduate,6.0,Online or In Person,2018
2686,MKTG8001,Marketing Analytics,,Postgraduate,6.0,In Person,2018
2687,MKTG4500,Marketing Honours Thesis,First Semester/Second Semester,Undergraduate,6.0,In Person,2018
2688,MKTG8002,Marketing Metrics and Firm Value,,Postgraduate,6.0,In Person,2018
2689,MKTG2001,Marketing Research,Second Semester,Undergraduate,6.0,In Person,2018
2690,STAT6006,Marketing Research Methods,,Postgraduate,6.0,In Person,2018
2691,MKTG7260,Marketing and Stakeholder Communications,First Semester/Second Semester/Spring Session,Postgraduate,6.0,Online or In Person,2018
2692,MKTG2003,Marketing for Financial Services,Second Semester,Undergraduate,6.0,In Person,2018
2693,LAWS8900F,"Master Research Course in Law, ANU College of Law",,Research,6.0,In Person,2018
2694,LAWS8900P,"Master Research Course in Law, ANU College of Law",,Research,6.0,In Person,2018
2695,MMIB8900F,"Master Research Course, Research School of Management",,Research,24.0,In Person,2018
2696,MMIB8900P,"Master Research Course, Research School of Management",,Research,24.0,In Person,2018
2697,BUSN8802,Master Research Project (Commerce),First Semester/Second Semester,Postgraduate,12.0,In Person,2018
2698,MMIB8006,Master Sub-Thesis (Business Studies),First Semester/Second Semester,Postgraduate,6.0,In Person,2018
2699,MMIB8005,Master Sub-Thesis (Business Studies),First Semester/Second Semester,Postgraduate,18.0,In Person,2018
2700,BUSN8803,Master Sub-Thesis (Commerce),First Semester/Second Semester,Postgraduate,18.0,In Person,2018
2701,BUSN8804,Master Sub-Thesis (Commerce),First Semester/Second Semester,Postgraduate,6.0,In Person,2018
2702,ENGN8180,Master Thesis Project,,Postgraduate,12.0,In Person,2018
2703,ASIA8500,Master of Asian and Pacific Studies (Advanced) Thesis,First Semester/Second Semester,Postgraduate,12.0,Online or In Person,2018
2704,EMDV8016,Master of Environmental Management and Development Sub-thesis,Second Semester,Postgraduate,12.0,Online or In Person,2018
2705,PHYS8207,Master of Nuclear Science Research Project,Summer Session/First Semester/Autumn Session/Winter Session/Second Semester/Spring Session,Postgraduate,6.0,In Person,2018
2706,HLTH8000F,"Master of Philosophy (Centre for Research on Ageing, Health and Wellbeing)",Summer Session/First Semester/Autumn Session/Winter Session/Second Semester/Spring Session,Postgraduate,6.0,In Person,2018
2707,HLTH8000P,"Master of Philosophy (Centre for Research on Ageing, Health and Wellbeing)",Summer Session/First Semester/Autumn Session/Winter Session/Second Semester/Spring Session,Postgraduate,6.0,In Person,2018
2708,COMP8900P,Master of Philosophy (Computer Science),,Research,3.0,In Person,2018
2709,COMP8900F,Master of Philosophy (Computer Science),,Research,3.0,In Person,2018
2710,DIPL8500P,"Master of Philosophy (Diplomacy, School of Regulation, Justice and Diplomacy)",,Research,24.0,In Person,2018
2711,DIPL8500F,"Master of Philosophy (Diplomacy, School of Regulation, Justice and Diplomacy)",,Research,24.0,In Person,2018
2712,ENGN8900F,Master of Philosophy (Engineering),,Research,3.0,In Person,2018
2713,ENGN8900P,Master of Philosophy (Engineering),,Research,3.0,In Person,2018
2714,PAAS8956P,"Master of Philosophy (Gender Relations,RSPAS)",,Research,24.0,In Person,2018
2715,PAAS8956F,"Master of Philosophy (Gender Relations,RSPAS)",,Research,24.0,In Person,2018
2716,PAAS8954F,"Master of Philosophy (Human Geography,RSPAS)",,Research,24.0,In Person,2018
2717,PAAS8954P,"Master of Philosophy (Human Geography,RSPAS)",,Research,24.0,In Person,2018
2718,PSYC8900F,"Master of Philosophy - Research Course in Psychology, Department of Pyschology, SHPS",,Research,6.0,In Person,2018
2719,PSYC8900P,"Master of Philosophy - Research Course in Psychology, Department of Pyschology, SHPS",,Research,6.0,In Person,2018
2720,HECN8952P,"Master of Philosophy - Research Course,  ACERH, Institute of Population Health",,Research,24.0,In Person,2018
2721,HECN8952F,"Master of Philosophy - Research Course,  ACERH, Institute of Population Health",,Research,24.0,In Person,2018
2722,HLTH8550F,"Master of Philosophy - Research Course,  CMHR, Institute of Population Health",Summer Session/First Semester/Autumn Session/Winter Session/Second Semester/Spring Session,Postgraduate,24.0,In Person,2018
2723,HLTH8550P,"Master of Philosophy - Research Course,  CMHR, Institute of Population Health",Summer Session/First Semester/Autumn Session/Winter Session/Second Semester/Spring Session,Postgraduate,24.0,In Person,2018
2724,POPH8950F,"Master of Philosophy - Research Course,  NCEPH, Institute of Population Health",,Research,6.0,In Person,2018
2725,POPH8950P,"Master of Philosophy - Research Course,  NCEPH, Institute of Population Health",,Research,6.0,In Person,2018
2726,MEDN8550F,"Master of Philosophy - Research Course, John Curtin School of Medical Research",Summer Session/First Semester/Autumn Session/Winter Session/Second Semester/Spring Session,Postgraduate,6.0,In Person,2018
2727,MEDN8550P,"Master of Philosophy - Research Course, John Curtin School of Medical Research",Summer Session/First Semester/Autumn Session/Winter Session/Second Semester/Spring Session,Postgraduate,6.0,In Person,2018
2728,MEDI8950F,"Master of Philosophy - Research Course, Medical School",,Research,6.0,In Person,2018
2729,MEDI8950P,"Master of Philosophy - Research Course, Medical School",,Research,6.0,In Person,2018
2730,ASTR8950P,"Master of Philosophy - Research Course, Research School of Astronomy & Astrophysics",,Research,24.0,In Person,2018
2731,ASTR8950F,"Master of Philosophy - Research Course, Research School of Astronomy & Astrophysics",,Research,24.0,In Person,2018
2732,CHEM8950P,"Master of Philosophy - Research Course, Research School of Chemistry",,Research,6.0,In Person,2018
2733,CHEM8950F,"Master of Philosophy - Research Course, Research School of Chemistry",,Research,6.0,In Person,2018
2734,EMSC8905P,"Master of Philosophy in Earth Chemistry, Research School of Earth Sciences",,Research,3.0,In Person,2018
2735,EMSC8905F,"Master of Philosophy in Earth Chemistry, Research School of Earth Sciences",,Research,3.0,In Person,2018
2736,EMSC8904P,"Master of Philosophy in Earth Environment, Research School of Earth Sciences",,Research,3.0,In Person,2018
2737,EMSC8904F,"Master of Philosophy in Earth Environment, Research School of Earth Sciences",,Research,3.0,In Person,2018
2738,EMSC8903P,"Master of Philosophy in Earth Materials and Processes, Research School of Earth Sciences",,Research,3.0,In Person,2018
2739,EMSC8903F,"Master of Philosophy in Earth Materials and Processes, Research School of Earth Sciences",,Research,3.0,In Person,2018
2740,EMSC8902P,"Master of Philosophy in Earth Physics, Research School of Earth Sciences",,Research,3.0,In Person,2018
2741,EMSC8902F,"Master of Philosophy in Earth Physics, Research School of Earth Sciences",,Research,3.0,In Person,2018
2742,EMSC8901F,"Master of Philosophy in Earth Sciences, Research School of Earth Sciences",,Research,3.0,In Person,2018
2743,EMSC8901P,"Master of Philosophy in Earth Sciences, Research School of Earth Sciences",,Research,3.0,In Person,2018
2744,PHYS8900F,"Master of Philosophy,  Quantum Science, Research School of Physics and Engineering",,Research,24.0,In Person,2018
2745,PHYS8900P,"Master of Philosophy,  Quantum Science, Research School of Physics and Engineering",,Research,24.0,In Person,2018
2746,PHYS8956F,"Master of Philosophy, Applied Mathematics, Research School of Physics and Engineering",,Research,24.0,In Person,2018
2747,PHYS8956P,"Master of Philosophy, Applied Mathematics, Research School of Physics and Engineering",,Research,24.0,In Person,2018
2748,BIOL8901F,"Master of Philosophy, Biomedical Science & Biochemistry, Research School of Biology",,Research,6.0,In Person,2018
2749,BIOL8901P,"Master of Philosophy, Biomedical Science & Biochemistry, Research School of Biology",,Research,6.0,In Person,2018
2750,ENVS8907F,"Master of Philosophy, Environmental Science, Fenner School of Environment and Society",,Research,24.0,In Person,2018
2751,ENVS8907P,"Master of Philosophy, Environmental Science, Fenner School of Environment and Society",,Research,24.0,In Person,2018
2752,BIOL8900F,"Master of Philosophy, Evolution, Ecology and Genetics, Research School of Biology",,Research,24.0,In Person,2018
2753,BIOL8900P,"Master of Philosophy, Evolution, Ecology and Genetics, Research School of Biology",,Research,24.0,In Person,2018
2754,ENVS8900P,"Master of Philosophy, Forestry, Fenner School of Environment and Society",,Research,24.0,In Person,2018
2755,ENVS8900F,"Master of Philosophy, Forestry, Fenner School of Environment and Society",,Research,24.0,In Person,2018
2756,GMTH8950F,"Master of Philosophy, General Mathematics, Mathematical Sciences Institute",,Research,6.0,In Person,2018
2757,GMTH8950P,"Master of Philosophy, General Mathematics, Mathematical Sciences Institute",,Research,6.0,In Person,2018
2758,ENVS8901F,"Master of Philosophy, Geography, Fenner School of Environment and Society",,Research,24.0,In Person,2018
2759,ENVS8901P,"Master of Philosophy, Geography, Fenner School of Environment and Society",,Research,24.0,In Person,2018
2760,ENVS8904F,"Master of Philosophy, Global Environmental Change, Fenner School of Environment and Society",,Research,24.0,In Person,2018
2761,ENVS8904P,"Master of Philosophy, Global Environmental Change, Fenner School of Environment and Society",,Research,24.0,In Person,2018
2762,ENVS8906F,"Master of Philosophy, Human Ecology, Fenner School of Environment and Society",,Research,24.0,In Person,2018
2763,ENVS8906P,"Master of Philosophy, Human Ecology, Fenner School of Environment and Society",,Research,24.0,In Person,2018
2764,ENVS8908F,"Master of Philosophy, Interdisciplinary Environmental Studies, Fenner School of Environment and Soci",,Research,24.0,In Person,2018
2765,ENVS8908P,"Master of Philosophy, Interdisciplinary Environmental Studies, Fenner School of Environment and Soci",,Research,24.0,In Person,2018
2766,ENVS8903F,"Master of Philosophy, LE&CB, Fenner School of Environment and Society",,Research,6.0,In Person,2018
2767,ENVS8903P,"Master of Philosophy, LE&CB, Fenner School of Environment and Society",,Research,6.0,In Person,2018
2768,PHYS8954F,"Master of Philosophy, Laser Physics Centre, Research School of Physics and Engineering",,Research,24.0,In Person,2018
2769,PHYS8954P,"Master of Philosophy, Laser Physics Centre, Research School of Physics and Engineering",,Research,24.0,In Person,2018
2770,PHYS8961F,"Master of Philosophy, Non-Linear Physics, Research School of Physics and Engineering",,Research,24.0,In Person,2018
2771,PHYS8961P,"Master of Philosophy, Non-Linear Physics, Research School of Physics and Engineering",,Research,24.0,In Person,2018
2772,PHYS8957F,"Master of Philosophy, Nuclear Physics, Research School of Physics and Engineering",,Research,24.0,In Person,2018
2773,PHYS8957P,"Master of Philosophy, Nuclear Physics, Research School of Physics and Engineering",,Research,24.0,In Person,2018
2774,PHYS8960P,"Master of Philosophy, Optical Sciences, Research School of Physics and Engineering",,Research,24.0,In Person,2018
2775,PHYS8960F,"Master of Philosophy, Optical Sciences, Research School of Physics and Engineering",,Research,24.0,In Person,2018
2776,BIOL8902F,"Master of Philosophy, Plant Sciences, Research School of Biology",,Research,24.0,In Person,2018
2777,BIOL8902P,"Master of Philosophy, Plant Sciences, Research School of Biology",,Research,24.0,In Person,2018
2778,PHYS8959F,"Master of Philosophy, Plasma Research, Research School of Physics and Engineering",,Research,6.0,In Person,2018
2779,PHYS8959P,"Master of Philosophy, Plasma Research, Research School of Physics and Engineering",,Research,6.0,In Person,2018
2780,ENVS8902P,"Master of Philosophy, Sustainable Development, Fenner School of Environment and Society",,Research,24.0,In Person,2018
2781,ENVS8902F,"Master of Philosophy, Sustainable Development, Fenner School of Environment and Society",,Research,24.0,In Person,2018
2782,PHYS8958P,"Master of Philosophy, Theoretical Physics, Research School of Physics and Engineering",,Research,24.0,In Person,2018
2783,PHYS8958F,"Master of Philosophy, Theoretical Physics, Research School of Physics and Engineering",,Research,24.0,In Person,2018
2784,SCOM7000,Master of Science Communication Research Project,First Semester/Second Semester,Postgraduate,3.0,In Person,2018
2785,ARCH8037,Masterclass in Archaeological and Evolutionary Science,Autumn Session/Winter Session/Spring Session,Postgraduate,6.0,In Person,2018
2786,REGN8010,"Masterclass in Criminology, Justice and Regulation",Winter Session,Postgraduate,6.0,In Person,2018
2787,ENVS8000P,Masters Dissertation,First Semester/Second Semester,Postgraduate,12.0,In Person,2018
2788,ENVS8000F,Masters Dissertation,First Semester/Second Semester,Postgraduate,12.0,In Person,2018
2789,IDEC8064,Masters Microeconomics,First Semester,Postgraduate,6.0,In Person,2018
2790,IDEC8011,Masters Research Essay,First Semester/Second Semester,Postgraduate,6.0,In Person,2018
2791,INDG8900F,"Masters of Philosophy (Research in Indigenous Studies, National Centre for Indigenous Studies)",,Research,6.0,In Person,2018
2792,INDG8900P,"Masters of Philosophy (Research in Indigenous Studies, National Centre for Indigenous Studies)",,Research,6.0,In Person,2018
2793,HUMN8010,Material Culture Studies,,Postgraduate,6.0,Online or In Person,2018
2794,CHEM2213,Materials Chemistry,Second Semester,Undergraduate,6.0,In Person,2018
2795,MATH6115,Mathematical Finance,Second Semester,Postgraduate,6.0,In Person,2018
2796,MATH1113,Mathematical Foundations for Actuarial Studies,Second Semester,Undergraduate,6.0,In Person,2018
2797,IDEC8015,Mathematical Methods in Applied Economics,First Semester,Postgraduate,6.0,In Person,2018
2798,ECON8013,Mathematical Techniques in Economics I,First Semester/Second Semester,Postgraduate,6.0,In Person,2018
2799,ECON4413,Mathematical Techniques in Economics I,First Semester/Second Semester,Undergraduate,6.0,In Person,2018
2800,MATH8702,Mathematics Reading Course,Summer Session/First Semester/Second Semester,Postgraduate,6.0,In Person,2018
2801,MATH8701,Mathematics Research Project,Summer Session/First Semester/Second Semester,Postgraduate,6.0,In Person,2018
2802,MATH8705,Mathematics Special Topic,First Semester/Second Semester,Postgraduate,6.0,In Person,2018
2803,ANUC1129,Mathematics and Applications 1,First Semester,Undergraduate,6.0,In Person,2018
2804,MATH1013,Mathematics and Applications 1,First Semester/Second Semester,Undergraduate,6.0,In Person,2018
2805,ANUC1130,Mathematics and Applications 2,Second Semester,Undergraduate,6.0,In Person,2018
2806,MATH1014,Mathematics and Applications 2,First Semester/Second Semester/Spring Session,Undergraduate,6.0,In Person,2018
2807,MATH3015,Mathematics of Finance,Second Semester,Undergraduate,6.0,In Person,2018
2808,PREP1120,Mathematics: Introduction to Calculus,Autumn Session,Undergraduate,6.0,In Person,2018
2809,PREP1121,Mathematics: Real Functions and their Graphs,Spring Session,Undergraduate,6.0,In Person,2018
2810,ASGS1025,Maths Bridging,Second Semester,Undergraduate,12.0,In Person,2018
2811,BIAN6133,Mating and Parenting: Evolutionary Ecology of Human Reproductive Strategies,,Postgraduate,6.0,In Person,2018
2812,BIAN2133,Mating and Parenting: Evolutionary Ecology of Human Reproductive Strategies,,Undergraduate,6.0,In Person,2018
2813,MATH3512,Matrix Computations,,Undergraduate,6.0,In Person,2018
2814,MATH6112,Matrix Computations,Second Semester,Postgraduate,6.0,In Person,2018
2815,ENGN2217,Mechanical Systems and Design,First Semester,Undergraduate,6.0,In Person,2018
2816,POLS3038,Media and Politics,First Semester,Undergraduate,6.0,In Person,2018
2817,MEDN2001,Medical Physiology and Pharmacology,,Undergraduate,6.0,In Person,2018
2818,MEDN4001,Medical Research Honours,First Semester/Second Semester,Undergraduate,12.0,In Person,2018
2819,MEDN8701,Medical Research Project,First Semester/Second Semester,Postgraduate,12.0,In Person,2018
2820,BIOL3190,Medical Science in the Workplace,Second Semester,Undergraduate,6.0,In Person,2018
2821,MEDI8011,Medicine 1A,First Semester,Postgraduate,24.0,In Person,2018
2822,MEDI8012,Medicine 1B,Second Semester,Postgraduate,24.0,In Person,2018
2823,MEDI8020B,Medicine 2,Second Semester,Postgraduate,21.0,In Person,2018
2824,MEDI8020A,Medicine 2,First Semester,Postgraduate,21.0,In Person,2018
2825,MEDI8030B,Medicine 3,Second Semester,Postgraduate,24.0,In Person,2018
2826,MEDI8030A,Medicine 3,First Semester,Postgraduate,24.0,In Person,2018
2827,MEDI4000A,Medicine 4,First Semester,Undergraduate,24.0,In Person,2018
2828,MEDI8040A,Medicine 4,First Semester,Postgraduate,24.0,In Person,2018
2829,MEDI8040B,Medicine 4,Second Semester,Postgraduate,24.0,In Person,2018
2830,MEDI4000B,Medicine 4,Second Semester,Undergraduate,24.0,In Person,2018
2831,CHMD8008,Medicine and Society in History,,Postgraduate,6.0,In Person,2018
2832,ANTH2026,"Medicine, Healing and the Body",,Undergraduate,6.0,In Person,2018
2833,ANTH6026,"Medicine, Healing and the Body",,Postgraduate,6.0,In Person,2018
2834,HIST2220,Medieval History,,Undergraduate,6.0,In Person,2018
2835,EMSC3032,"Melting Polar Ice Sheets, Sea Level Variations and Climate Change",First Semester,Undergraduate,6.0,In Person,2018
2836,EMSC6032,"Melting Polar Ice Sheets, Sea Level Variations and Climate Change",First Semester,Postgraduate,6.0,In Person,2018
2837,EMSC4032,"Melting polar ice sheets, sea level variations & climate change",First Semester,Undergraduate,6.0,In Person,2018
2838,ARTH6163,Memory,,Postgraduate,6.0,In Person,2018
2839,ARTH2163,Memory,,Undergraduate,6.0,In Person,2018
2840,POPM8001,Mental Health,Second Semester,Postgraduate,6.0,In Person,2018
2841,PSYC8070,Mental Health Workshops,,Postgraduate,6.0,In Person,2018
2842,FINM7026,Mergers and Acquisitions,,Postgraduate,3.0,In Person,2018
2843,ARTH4017,Methodologies of Art History,First Semester,Undergraduate,12.0,In Person,2018
2844,ARTH8012,Methodologies of Art History,First Semester,Postgraduate,12.0,Online or In Person,2018
2845,EMDV8002,Methods for Environmental Decision-Making,,Postgraduate,6.0,In Person,2018
2846,REGN8001,"Methods in Crime, Justice and Regulation",Second Semester,Postgraduate,6.0,In Person,2018
2847,REGN9076,Methods in Regulation and Governance,Second Semester,Postgraduate,6.0,In Person,2018
2848,ARCH8040,Microanalysis in Archaeological Science,First Semester,Postgraduate,6.0,In Person,2018
2849,IDEC8016,Microeconomic Analysis and Policy,First Semester,Postgraduate,6.0,In Person,2018
2850,ECON7073,Microeconomic Principles for Economic Policy,First Semester/Second Semester,Postgraduate,6.0,In Person,2018
2851,ECON4411,Microeconomic Theory,First Semester/Second Semester,Undergraduate,6.0,In Person,2018
2852,ECON8011,Microeconomic Theory,First Semester/Second Semester,Postgraduate,6.0,In Person,2018
2853,PREP1130,Microeconomics,Spring Session,Undergraduate,6.0,In Person,2018
2854,ECON1101,Microeconomics 1,First Semester/Second Semester,Undergraduate,6.0,In Person,2018
2855,ECON2111,Microeconomics 2(H),,Undergraduate,6.0,In Person,2018
2856,ECON2101,Microeconomics 2(P),First Semester/Second Semester,Undergraduate,6.0,In Person,2018
2857,ECON3101,Microeconomics 3,First Semester,Undergraduate,6.0,In Person,2018
2858,LAWS8176,Migration Law,,Postgraduate,6.0,In Person,2018
2859,LAWS4269,Migration Law,,Undergraduate,6.0,In Person,2018
2860,DEMO2003,Migration in the Modern World,Second Semester,Undergraduate,6.0,In Person,2018
2861,ANTH8042,"Migration, Refugees and Development",,Postgraduate,6.0,Online or In Person,2018
2862,LAWS8163,Military Administrative Law,Autumn Session,Postgraduate,6.0,In Person,2018
2863,LAWS8160,Military Discipline Law,Winter Session,Postgraduate,6.0,In Person,2018
2864,LAWS8161,Military Legal Practice,Spring Session,Postgraduate,6.0,In Person,2018
2865,LAWS8162,Military Operations Law,Summer Session,Postgraduate,6.0,In Person,2018
2866,ANTH8014,"Mining, Community and Society",,Postgraduate,6.0,Online,2018
2867,SOCY2060,Mobile Societies,,Undergraduate,6.0,In Person,2018
2868,VCPG6002,Mobilising Research,,Postgraduate,6.0,In Person,2018
2869,VCUG3002,Mobilising Research,,Undergraduate,6.0,In Person,2018
2870,COMP8190,Model-Driven Software Development,Second Semester,Postgraduate,6.0,In Person,2018
2871,IDEC8127,Modelling the Global Economy: techniques and policy implications,Second Semester,Postgraduate,6.0,In Person,2018
2872,ENGL6029,Modern American Fiction,,Postgraduate,6.0,In Person,2018
2873,ENGL2006,Modern American Fiction,,Undergraduate,6.0,In Person,2018
2874,ENGL2108,Modern Australian Drama,,Undergraduate,6.0,In Person,2018
2875,ENGL6030,Modern Australian Drama,,Postgraduate,6.0,In Person,2018
2876,CHIN6012,Modern Chinese 1: Spoken,First Semester,Postgraduate,6.0,In Person,2018
2877,CHIN1012,Modern Chinese 1: Spoken,First Semester,Undergraduate,6.0,In Person,2018
2878,CHIN6013,Modern Chinese 1: Written,First Semester,Postgraduate,6.0,In Person,2018
2879,CHIN1013,Modern Chinese 1: Written,First Semester,Undergraduate,6.0,In Person,2018
2880,CHIN2022,Modern Chinese 2: Spoken,Second Semester,Undergraduate,6.0,In Person,2018
2881,CHIN6022,Modern Chinese 2: Spoken,Second Semester,Postgraduate,6.0,In Person,2018
2882,CHIN6023,Modern Chinese 2: Written,Second Semester,Postgraduate,6.0,In Person,2018
2883,CHIN2023,Modern Chinese 2: Written,Second Semester,Undergraduate,6.0,In Person,2018
2884,CHIN6520,Modern Chinese 3,First Semester,Postgraduate,6.0,In Person,2018
2885,CHIN2014,Modern Chinese 3,First Semester,Undergraduate,6.0,In Person,2018
2886,CHIN6521,Modern Chinese 4,Second Semester,Postgraduate,6.0,In Person,2018
2887,CHIN2017,Modern Chinese 4,Second Semester,Undergraduate,6.0,In Person,2018
2888,CHIN3022,Modern Chinese 5,First Semester,Undergraduate,6.0,In Person,2018
2889,CHIN6522,Modern Chinese 5,First Semester,Postgraduate,6.0,In Person,2018
2890,CHIN6523,Modern Chinese 6,Second Semester,Postgraduate,6.0,In Person,2018
2891,CHIN3023,Modern Chinese 6,Second Semester,Undergraduate,6.0,In Person,2018
2892,LAWS8335,Modern Equity: Concepts and Principles,Winter Session,Postgraduate,6.0,In Person,2018
2893,ENGL2101,Modern European Theatre,,Undergraduate,6.0,In Person,2018
2894,PHIL2074,Modern Theories of Knowledge,,Undergraduate,6.0,In Person,2018
2895,MEAS2003,"Modern Turkey: History, Culture and Regional Relations",,Undergraduate,6.0,In Person,2018
2896,MEAS6503,"Modern Turkey: History, Culture and Regional Relations",,Postgraduate,6.0,In Person,2018
2897,ARTH6043,Modernism and Postmodernism in Art and Design: 1850-2000,,Postgraduate,6.0,Online or In Person,2018
2898,ARTH2043,Modernism and Postmodernism in Art and Design: 1850-2000,,Undergraduate,6.0,In Person,2018
2899,ENGL2080,Modernist Literature 1890-1940,First Semester,Undergraduate,6.0,In Person,2018
2900,ENGL6031,Modernist Literature 1890-1940,First Semester,Postgraduate,6.0,In-Person and Online,2018
2901,BIOL2162,Molecular Gene Technology,Second Semester,Undergraduate,6.0,In Person,2018
2902,BIOL6162,Molecular Gene Technology,Second Semester,Postgraduate,6.0,In Person,2018
2903,CHEM3208,Molecular Modeling and Computational Chemistry,Second Semester,Undergraduate,6.0,In Person,2018
2904,IDEC8012,Monetary Policy and Central Banking in the Asia Pacific,Winter Session,Postgraduate,6.0,In Person,2018
2905,ECON2026,Money and Banking,First Semester,Undergraduate,6.0,In Person,2018
2906,MNGL1002,Mongolian 1,First Semester,Undergraduate,6.0,Online or In Person,2018
2907,MNGL6002,Mongolian 1,First Semester,Postgraduate,6.0,Online or In Person,2018
2908,MNGL6003,Mongolian 2,Second Semester,Postgraduate,6.0,Online or In Person,2018
2909,MNGL1003,Mongolian 2,Second Semester,Undergraduate,6.0,Online or In Person,2018
2910,MNGL6102,Mongolian 3,,Postgraduate,6.0,Online or In Person,2018
2911,MNGL2002,Mongolian 3,,Undergraduate,6.0,Online or In Person,2018
2912,MNGL2003,Mongolian 4,,Undergraduate,6.0,Online or In Person,2018
2913,MNGL6103,Mongolian 4,,Postgraduate,6.0,Online or In Person,2018
2914,LAWS4305,"Mooting, Advocacy and Process",,Undergraduate,6.0,In Person,2018
2915,LING3107,Morphology,,Undergraduate,6.0,In Person,2018
2916,LING6007,Morphology,,Postgraduate,6.0,In Person,2018
2917,FILM2005,Moving Pictures: Cinema and the Visual Arts,,Undergraduate,6.0,In Person,2018
2918,COMP8320,Multicore Computing: Principles and Practice,,Postgraduate,6.0,In Person,2018
2919,COMP4340,Multicore Computing: Principles and Practice,,Undergraduate,6.0,In Person,2018
2920,SPAN2604,Multilingualism and indigenous peoples in the Americas,,Undergraduate,6.0,In Person,2018
2921,SPAN6604,Multilingualism and indigenous peoples in the Americas,,Postgraduate,6.0,In Person,2018
2922,DESA2018,Multiples and Production: Entrepreneurship for Designers,,Undergraduate,6.0,Online or In Person,2018
2923,DESA2017,Multiples and Production: The Unique Offering,First Semester,Undergraduate,6.0,Online or In Person,2018
2924,DESA6017,Multiples and Production: The Unique Offering,First Semester,Postgraduate,6.0,Online or In Person,2018
2925,STAT8020,Multivariate Analysis,,Postgraduate,6.0,In Person,2018
2926,MUSC8013,Museum Education and Heritage Interpretation Study Tour,Winter Session,Postgraduate,6.0,Online or In Person,2018
2927,MUSC8017,Museums and Collections: Key Concepts and Practices,First Semester,Postgraduate,6.0,Online or In Person,2018
2928,MUSC8011,Museums and Heritage Extended Research Project,Summer Session/First Semester/Autumn Session/Winter Session/Second Semester/Spring Session,Postgraduate,12.0,Online or In Person,2018
2929,MUSC8009,Museums and Heritage Research Project,Summer Session/First Semester/Autumn Session/Winter Session/Second Semester/Spring Session,Postgraduate,6.0,Online or In Person,2018
2930,MUSC8008,"Museums, Art and Society in the Asia-Pacific",,Postgraduate,6.0,Online or In Person,2018
2931,MUSI2220,Music Ensemble,,Undergraduate,6.0,In Person,2018
2932,MUSI2221,Music Ensemble Extension,First Semester/Second Semester,Undergraduate,6.0,In Person,2018
2933,MUSI8014,Music Graduate Chamber Ensemble,First Semester/Second Semester,Postgraduate,6.0,In Person,2018
2934,MUSI8012,Music Graduate Exegesis,First Semester/Second Semester,Postgraduate,6.0,In Person,2018
2935,MUSI8013,Music Graduate Extended Exegesis,First Semester/Second Semester,Postgraduate,12.0,In Person,2018
2936,MUSI4412,Music Honours Ensemble,First Semester/Second Semester,Undergraduate,6.0,In Person,2018
2937,MUSI4410,Music Honours Exegesis,Second Semester,Undergraduate,6.0,In Person,2018
2938,MUSI4411,Music Honours Extended Exegesis,Second Semester,Undergraduate,12.0,In Person,2018
2939,ANUC1111,Music Performance 1,First Semester,Undergraduate,6.0,In Person,2018
2940,MUSI1101,Music Performance 1,First Semester,Undergraduate,6.0,In Person,2018
2941,MUSI1102,Music Performance 2,Second Semester,Undergraduate,6.0,In Person,2018
2942,ANUC1112,Music Performance 2,Second Semester,Undergraduate,6.0,In Person,2018
2943,MUSI2201,Music Performance 3,First Semester,Undergraduate,6.0,In Person,2018
2944,MUSI2202,Music Performance 4,Second Semester,Undergraduate,6.0,In Person,2018
2945,MUSI3301,Music Performance 5,First Semester/Second Semester,Undergraduate,6.0,In Person,2018
2946,MUSI3302,Music Performance 6,First Semester/Second Semester,Undergraduate,6.0,In Person,2018
2947,MUSI2205,Music Project,First Semester/Autumn Session/Second Semester,Undergraduate,6.0,In Person,2018
2948,MUSI2209,Music Recording and Production Techniques,Second Semester,Undergraduate,6.0,In Person,2018
2949,MUSI6209,Music Recording and Production Techniques,Second Semester,Postgraduate,6.0,In Person,2018
2950,MUSI1105,Music Theory & Aural Skills 1,First Semester,Undergraduate,6.0,In Person,2018
2951,ANUC1135,Music Theory & Aural Skills 1,First Semester,Undergraduate,6.0,In Person,2018
2952,MUSI1106,Music Theory & Aural Skills 2,Second Semester,Undergraduate,6.0,In Person,2018
2953,ANUC1136,Music Theory & Aural Skills 2,First Semester,Undergraduate,6.0,In Person,2018
2954,ANUC1137,Music Theory & Aural Skills 3,First Semester,Undergraduate,6.0,In Person,2018
2955,MUSI2203,Music Theory & Aural Skills 3,First Semester,Undergraduate,6.0,In Person,2018
2956,MUSI2204,Music Theory & Aural Skills 4,Second Semester,Undergraduate,6.0,In Person,2018
2957,MUSI3319,Music Theory & Aural Skills 5,First Semester,Undergraduate,6.0,In Person,2018
2958,MUSI3320,Music Theory & Aural Skills 6,Second Semester,Undergraduate,6.0,In Person,2018
2959,MUSI3309,Music and Digital Media,First Semester,Undergraduate,6.0,In Person,2018
2960,MUSI6009,Music and Digital Media,First Semester,Postgraduate,6.0,In Person,2018
2961,MUSI3310,Music and Globalisation,Second Semester,Undergraduate,6.0,In Person,2018
2962,MUSI6007,Music and Globalisation,Second Semester,Postgraduate,6.0,In Person,2018
2963,SPAN3101,Music and Society in the Spanish Speaking World,First Semester,Undergraduate,6.0,In Person,2018
2964,SPAN6511,Music and Society in the Spanish-Speaking World,First Semester,Postgraduate,6.0,In Person,2018
2965,MUSI1109,Music from 1900 to the Present: A Century of Crisis and Change,Second Semester,Undergraduate,6.0,In Person,2018
2966,ANUC1119,Music from 1900 to the Present: A Century of Crisis and Change,Second Semester,Undergraduate,6.0,In Person,2018
2967,MUSI2222,Music in the Long 19th Century: From Classicism to Modernism,Second Semester,Undergraduate,6.0,In Person,2018
2968,MUSI2227,"Music, Sound and the Moving Image",First Semester,Undergraduate,6.0,In Person,2018
2969,LAWS4301,Myanmar Clinical Program,,Undergraduate,6.0,In Person,2018
2970,LAWS6301,Myanmar Clinical Program,,Postgraduate,6.0,In Person,2018
2971,LAWS9820,NA Law Research Course for Exchange Students,,Research,6.0,In Person,2018
2972,CHEM3013,NMR spectroscopy and mass spectrometry of small and large molecules,First Semester,Undergraduate,6.0,In Person,2018
2973,ENGN4810,Nanotechnology and Applications,Second Semester,Undergraduate,6.0,In Person,2018
2974,EMDV8125,Nasty Surprises: Managing Risk for Public Policy,,Postgraduate,6.0,Online or In Person,2018
2975,NSPO8004,National Security Leadership and Risk Management,,Postgraduate,6.0,In Person,2018
2976,NSPO8031F,National Security Policy Sub-thesis,First Semester/Second Semester,Postgraduate,12.0,In Person,2018
2977,NSPO8031P,National Security Policy Sub-thesis,First Semester/Second Semester,Postgraduate,12.0,In Person,2018
2978,NSPO8006,National Security Policymaking,Second Semester,Postgraduate,6.0,In Person,2018
2979,NSPO8003,National Security Strategy Planning and Implementation,,Postgraduate,6.0,In Person,2018
2980,NSPO8012,National Security and Crisis Management,First Semester,Postgraduate,6.0,In Person,2018
2981,NSPO8007,National Security: Concepts and Challenges,,Postgraduate,6.0,In Person,2018
2982,ASIA8020,National and Transnational Histories in Asia and the Pacific,First Semester,Postgraduate,6.0,In Person,2018
2983,NSPO8023,National security in the Indo-Pacific,First Semester,Postgraduate,6.0,In Person,2018
2984,ASIA2093,Natural Resource Conflicts in Asia and the Pacific,Second Semester,Undergraduate,6.0,Online or In Person,2018
2985,PASI6011,Navigating Pacific Studies Online Course,First Semester,Postgraduate,6.0,Online,2018
2986,HIST2226,Nazi Germany,,Undergraduate,6.0,In Person,2018
2987,HIST8026,Nazism: The Politics and Practices of Memory,,Postgraduate,6.0,Online or In Person,2018
2988,MGMT2004,Negotiation,Second Semester,Undergraduate,6.0,In Person,2018
2989,DIPL8004,Negotiation and Conflict Resolution,First Semester,Postgraduate,12.0,In Person,2018
2990,COMP6340,Networked Information Systems,First Semester,Postgraduate,6.0,In Person,2018
2991,COMP2410,Networked Information Systems,First Semester,Undergraduate,6.0,In Person,2018
2992,NEUR8704,Neuroscience Essay,Summer Session/First Semester/Autumn Session/Winter Session/Second Semester/Spring Session,Postgraduate,6.0,In Person,2018
2993,NEUR4005,Neuroscience IV Honours (S),First Semester/Second Semester,Undergraduate,6.0,In Person,2018
2994,NEUR8010,Neuroscience Research Project,Summer Session/First Semester/Autumn Session/Winter Session/Second Semester/Spring Session,Postgraduate,6.0,In Person,2018
2995,NEUR8700,Neuroscience Research proposal,Summer Session/First Semester/Autumn Session/Winter Session/Second Semester/Spring Session,Postgraduate,6.0,In Person,2018
2996,FREN2026,New Caledonia: Field Work and Research,,Undergraduate,6.0,In Person,2018
2997,FREN6511,New Caledonia: Field Work and Research,,Postgraduate,6.0,In Person,2018
2998,MEAS2001,New States of Eurasia: Emerging Issues in Politics and Security,Second Semester,Undergraduate,6.0,In Person,2018
2999,MGMT7161,New Venture Creation,Autumn Session/Winter Session/Second Semester,Postgraduate,6.0,In Person,2018
3000,POGO8088,"New models for governance: strategy, innovation, decentralisation",,Postgraduate,6.0,In Person,2018
3001,PHIL2087,Nietzsche,,Undergraduate,6.0,In Person,2018
3002,ENGL6021,Nineteenth Century US Literature,,Postgraduate,6.0,In Person,2018
3003,ENGL3021,Nineteenth Century US Literature,,Undergraduate,6.0,In Person,2018
3004,ENGN9820,Non Award Engineering and Computer Science Research Exchange,,Research,3.0,In Person,2018
3005,SCNC9820,Non Award Science Research Course for Exchange Students,,Research,6.0,In Person,2018
3006,ARTS9820,Non-Award Arts Research Course for Exchange Students,,Research,6.0,In Person,2018
3007,POLS8020,Non-Traditional Approaches to Security,,Postgraduate,6.0,In Person,2018
3008,ASIA9820,Nonaward Research Course for Exchange Students in Asian Studies,,Research,6.0,In Person,2018
3009,POLS8022,Norms & Ideas in International Security,,Postgraduate,6.0,In Person,2018
3010,ASIA2096,"North Korea: History, Culture, Politics",Spring Session,Undergraduate,6.0,In Person,2018
3011,ENGL6067,Novel into Film,,Postgraduate,6.0,In Person,2018
3012,ENGL2067,Novel into Film,,Undergraduate,6.0,In Person,2018
3013,PHYS8205,Nuclear Fuel Cycle,Second Semester,Postgraduate,6.0,In Person,2018
3014,PHYS8206,Nuclear Measurement,Second Semester,Postgraduate,6.0,In Person,2018
3015,PHYS3033,Nuclear Physics,First Semester,Undergraduate,6.0,In Person,2018
3016,INTR2024,Nuclear Politics in Asia: Challenges and Opportunities,,Undergraduate,6.0,In Person,2018
3017,LAWS8316,Nuclear Security Law,,Postgraduate,6.0,In Person,2018
3018,STST8026,Nuclear Strategy in the Asian Century,First Semester,Postgraduate,6.0,In Person,2018
3019,MATH6114,Number Theory and Cryptography,Second Semester,Postgraduate,6.0,In Person,2018
3020,MATH3301,Number Theory and Cryptography,Second Semester,Undergraduate,6.0,In Person,2018
3021,MATH6119,Numerical Optimisation,Second Semester,Postgraduate,6.0,In Person,2018
3022,MATH3514,Numerical Optimisation,Second Semester,Undergraduate,6.0,In Person,2018
3023,BIAN2119,"Nutrition, Disease and the Environment",,Undergraduate,6.0,In Person,2018
3024,BIAN6119,"Nutrition, Disease and the Environment",,Postgraduate,6.0,In Person,2018
3025,ASTR8011,Observational Techniques,First Semester,Postgraduate,6.0,In Person,2018
3026,LAWS8311,Occupational Health and Safety Law,Spring Session,Postgraduate,6.0,In Person,2018
3027,COMP3702,Offensive Cyber Security Operations,First Semester,Undergraduate,6.0,In Person,2018
3028,MEAS8100,Oil Religion Politics and Conflict in the Middle East,,Postgraduate,6.0,In Person,2018
3029,MEAS4100,"Oil, Religion, Politics and Conflict in the Middle East",,Undergraduate,6.0,In Person,2018
3030,SOCY6169,Online Research Methods,,Postgraduate,6.0,In Person,2018
3031,SOCR8006,Online Research Methods,Second Semester,Postgraduate,6.0,Online or In Person,2018
3032,SOCR4006,Online Research Methods,Second Semester,Undergraduate,6.0,In Person,2018
3033,SOCY2169,Online Research Methods,Second Semester,Undergraduate,6.0,In Person,2018
3034,IDEC8008,"Open Economy Macroeconomics, Finance, and Development",Second Semester,Postgraduate,6.0,In Person,2018
3035,COMP6330,Operating Systems Implementation,Second Semester,Postgraduate,6.0,In Person,2018
3036,COMP3300,Operating Systems Implementation,Second Semester,Undergraduate,6.0,In Person,2018
3037,STST8106,Operations I,Summer Session,Postgraduate,12.0,In Person,2018
3038,STST8104,Operations II,Autumn Session,Postgraduate,12.0,In Person,2018
3039,STST8105,Operations III,Autumn Session,Postgraduate,12.0,In Person,2018
3040,STAT8005,Operations Research - Linear Programming,,Postgraduate,6.0,In Person,2018
3041,PHYS8511,Optical Fibre Communications,,Postgraduate,6.0,In Person,2018
3042,ENGN6512,Optical Physics,First Semester,Postgraduate,6.0,In Person,2018
3043,PHYS3057,Optical Physics,First Semester,Undergraduate,6.0,In Person,2018
3044,PHYS6500,Optical Physics,First Semester,Postgraduate,6.0,In Person,2018
3045,ENGN3512,Optical Physics,First Semester,Undergraduate,6.0,In Person,2018
3046,ECON2015,Optimisation Techniques for Economists,,Undergraduate,6.0,In Person,2018
3047,ECON6015,Optimisation Techniques for Economists,,Postgraduate,6.0,In Person,2018
3048,ECON2125,Optimisation for Economics and Financial Economics,First Semester/Second Semester,Undergraduate,6.0,In Person,2018
3049,PHYS8017,Optoelectronics and Integrated Optics,Second Semester,Postgraduate,6.0,In Person,2018
3050,CRIM6008,Order in the Courts: An Introduction to the Australian Judicial System,,Postgraduate,6.0,In Person,2018
3051,CRIM2007,Order in the Courts: An Introduction to the Australian Judicial System,,Undergraduate,6.0,In Person,2018
3052,MATH6405,Ordinary Differential Equations and Advanced Vector Calculus,First Semester,Postgraduate,6.0,In Person,2018
3053,MGMT8003,Organisational Behaviour,First Semester/Autumn Session/Second Semester/Spring Session,Postgraduate,6.0,In Person,2018
3054,MGMT2007,Organisational Behaviour,Second Semester,Undergraduate,6.0,In Person,2018
3055,POGO8080,Organisational Finance and Budgeting,Summer Session,Postgraduate,6.0,In Person,2018
3056,CRIM6002,Organised Crime: Understanding a Global Phenomenon,,Postgraduate,6.0,In Person,2018
3057,CRIM2002,Organised Crime: Understanding the Underworld,,Undergraduate,6.0,In Person,2018
3058,CHEM3203,Organometallic Chemistry,First Semester,Undergraduate,6.0,In Person,2018
3059,PHIL2100,Origins of Analytical Philosophy,,Undergraduate,6.0,In Person,2018
3060,POPH8316,Outbreak Investigation,First Semester,Postgraduate,6.0,In Person,2018
3061,POPH8916,Outbreak Investigation,,Research,6.0,In Person,2018
3062,ARTV2058,Outside The Box: Making Art for a Public Space,,Undergraduate,6.0,In Person,2018
3063,ARTV6058,Outside The Box: Making Art for a Public Space,,Postgraduate,6.0,In Person,2018
3064,COMP4630,Overview of Logic and Computation,,Undergraduate,6.0,In Person,2018
3065,PPEI4000,PPE Honours Research Methods,First Semester,Undergraduate,12.0,In Person,2018
3066,POLS1008,PPE Integration 1,Second Semester,Undergraduate,6.0,In Person,2018
3067,PHIL2116,PPE Integration 2,Second Semester,Undergraduate,6.0,In Person,2018
3068,ECON3056,PPE Integration 3: Classic Literature in PPE,Second Semester,Undergraduate,6.0,In Person,2018
3069,LAWS4284,PUBLIC INTEREST LAW CLINICAL PROGRAM,First Semester/Second Semester,Undergraduate,6.0,In Person,2018
3070,DIPL8013,Pacific Diplomacy,First Semester,Postgraduate,6.0,In Person,2018
3071,PASI1011,Pacific Encounters: An introduction to Pacific Studies,First Semester,Undergraduate,6.0,In Person,2018
3072,PASI8002,Pacific Foundations: From Maritime Societies to Global Cultures,First Semester,Postgraduate,6.0,In Person,2018
3073,PASI8004,"Pacific Health Challenges and Strategies: Politics, Culture and Development",Second Semester,Postgraduate,6.0,Online or In Person,2018
3074,PASI3005,Pacific Islands Field School,,Undergraduate,6.0,In Person,2018
3075,PASI6005,Pacific Islands Field School,,Postgraduate,6.0,In Person,2018
3076,POLS2055,Pacific Politics,First Semester,Undergraduate,6.0,In Person,2018
3077,PAAS9570P,Pacific Studies PhD Course,,Research,6.0,In Person,2018
3078,PAAS9570F,Pacific Studies PhD Course,,Research,6.0,In Person,2018
3079,PASI2001,Pacific Studies in a Globalizing World,First Semester,Undergraduate,6.0,In Person,2018
3080,PASI6001,Pacific Studies in a Globalizing World,First Semester,Postgraduate,6.0,In Person,2018
3081,PASI1012,Pacific Worlds: critical inquiry in Oceania,Second Semester,Undergraduate,6.0,In Person,2018
3082,ARTV2506,Painting: Approaches to Abstraction,Autumn Session,Undergraduate,6.0,In Person,2018
3083,ARTV2509,Painting: Approaches to Composition and Colour,First Semester,Undergraduate,6.0,In Person,2018
3084,ARTV1502,Painting: Composition and Space,Second Semester,Undergraduate,6.0,In Person,2018
3085,ARTV2511,"Painting: Concepts, Materials, Processes",Second Semester,Undergraduate,6.0,In Person,2018
3086,ARTV3510,Painting: Critical Analysis and Reflection in the Studio,,Undergraduate,6.0,In Person,2018
3087,ARTV6510,Painting: Critical Analysis and Reflection in the Studio,,Postgraduate,6.0,In Person,2018
3088,ARTV2505,Painting: Focus on the Figure,First Semester,Undergraduate,6.0,In Person,2018
3089,ARTV3502,Painting: Independent Work Project Consolidation,First Semester/Second Semester,Undergraduate,6.0,In Person,2018
3090,ARTV1501,Painting: Introducing Painting,First Semester/Second Semester,Undergraduate,6.0,In Person,2018
3091,ARTV3501,Painting: Introducing the Work Proposal,First Semester/Second Semester,Undergraduate,6.0,In Person,2018
3092,ARTV6508,Painting: Materiality and Meaning,Second Semester,Postgraduate,6.0,In Person,2018
3093,ARTV3508,Painting: Materiality and Meaning,Second Semester,Undergraduate,6.0,In Person,2018
3094,ARTV6507,Painting: Open to Influence Studio Research,First Semester,Postgraduate,6.0,In Person,2018
3095,ARTV3507,Painting: Open to Influence Studio Research,First Semester,Undergraduate,6.0,In Person,2018
3096,ARTV2507,Painting: Painting in the Photo Digital Age,Second Semester,Undergraduate,6.0,In Person,2018
3097,ARTV2508,Painting: Taking Your Own Direction,Winter Session,Undergraduate,6.0,In Person,2018
3098,ENVS3029,Palaeo-Environmental Reconstruction,First Semester,Undergraduate,6.0,In Person,2018
3099,ENVS6529,Palaeo-Environmental Reconstruction,First Semester,Postgraduate,6.0,In Person,2018
3100,EMSC6027,Palaeoclimatology and Climate Change,Second Semester,Postgraduate,6.0,In Person,2018
3101,EMSC3027,Palaeoclimatology and Climate Change,Second Semester,Undergraduate,6.0,In Person,2018
3102,EMSC4027,Palaeoclimatology and Climate Change,Second Semester,Undergraduate,6.0,In Person,2018
3103,LING3031,Papuan Languages,Second Semester,Undergraduate,6.0,In Person,2018
3104,COMP4300,Parallel Systems,,Undergraduate,6.0,In Person,2018
3105,COMP8300,Parallel Systems,,Postgraduate,6.0,In Person,2018
3106,BIOL3142,Parasitology,Second Semester,Undergraduate,6.0,In Person,2018
3107,BIOL6143,Parasitology,Second Semester,Postgraduate,6.0,In Person,2018
3108,MATH6406,"Partial Differential Equations,  Fourier Analysis and Complex Analysis",Second Semester,Postgraduate,6.0,In Person,2018
3109,POGO8136,Participating in Public Policy: Citizen Engagement and Public Talk,Second Semester,Postgraduate,6.0,In Person,2018
3110,ANTH8021,Participatory Modelling for Development,,Postgraduate,6.0,In Person,2018
3111,ENVS6021,Participatory Resource Management: Working with Communities and Stakeholders,Winter Session,Postgraduate,6.0,In Person,2018
3112,ENVS3007,Participatory Resource Management: Working with Communities and Stakeholders,Winter Session,Undergraduate,6.0,In Person,2018
3113,MEDN2002,Pathogenesis of Human Disease,,Undergraduate,6.0,In Person,2018
3114,EMDV8011,Payments for Environmental Services,First Semester,Postgraduate,6.0,Online or In Person,2018
3115,ASIA2087,Peace Building in the Pacific and Asia,,Undergraduate,6.0,In Person,2018
3116,POLS2123,Peace and Conflict Studies,Second Semester,Undergraduate,6.0,In Person,2018
3117,POLS8037,"Peace, Conflict and Ethics",,Postgraduate,6.0,In Person,2018
3118,INTR1022,Peacebuilding and Conflict Resolution,Second Semester,Undergraduate,6.0,In Person,2018
3119,POGO8056,People and Performance in Public Organisations,,Postgraduate,6.0,In Person,2018
3120,PSYC3011,Perception,,Undergraduate,6.0,In Person,2018
3121,MGMT7063,Performance Management,,Postgraduate,6.0,In Person,2018
3122,INDN1201,Performing Indonesian Language Secondary Extension,First Semester/Second Semester,Undergraduate,6.0,In Person,2018
3123,EXTN1010A,Performing Indonesian Language Secondary Extension A,Autumn Session,Undergraduate,0.0,In Person,2018
3124,EXTN1010B,Performing Indonesian Language Secondary Extension B,Autumn Session,Undergraduate,6.0,In Person,2018
3125,LAWS8574,Personal & Company Insolvency Law and Practice,Winter Session,Postgraduate,6.0,Online,2018
3126,LAWS8074,Personal Injuries Compensation,Second Semester,Postgraduate,6.0,In Person,2018
3127,MGMT2006,Personal Leadership,First Semester,Undergraduate,6.0,In Person,2018
3128,PSYC3026,Personality Psychology,Second Semester,Undergraduate,6.0,In Person,2018
3129,CHMD8014,"Perspectives on Culture, Health and Medicine",First Semester,Postgraduate,6.0,Online or In Person,2018
3130,FINM9000P,"PhD  Research Course in Finance, ANU College of Business and Economics",,Research,24.0,In Person,2018
3131,FINM9000F,"PhD  Research Course in Finance, ANU College of Business and Economics",,Research,24.0,In Person,2018
3132,PAAS9562P,"PhD (Contemporary China Cntr, Pol and Social Change, Sch of International, Pol and Strategic Stud)",,Research,24.0,In Person,2018
3133,PAAS9562F,"PhD (Contemporary China Cntr, Pol and Social Change, Sch of International, Pol and Strategic Stud)",,Research,24.0,In Person,2018
3134,IDEC9550P,"PhD (Economics, Crawford)",,Research,6.0,In Person,2018
3135,IDEC9550F,"PhD (Economics, Crawford)",,Research,6.0,In Person,2018
3136,INDG9000P,"PhD (Research in Indigenous Studies, National Centre for Indigenous Studies)",,Research,6.0,In Person,2018
3137,INDG9000F,"PhD (Research in Indigenous Studies, National Centre for Indigenous Studies)",,Research,6.0,In Person,2018
3138,COMM9000P,"PhD - Research Course in Commerce, ANU College of Business and Economics",,Research,24.0,In Person,2018
3139,COMM9000F,"PhD - Research Course in Commerce, ANU College of Business and Economics",,Research,24.0,In Person,2018
3140,ECHI9000P,"PhD - Research Course in Economic History, ANU College of Business and Economics",,Research,24.0,In Person,2018
3141,ECHI9000F,"PhD - Research Course in Economic History, ANU College of Business and Economics",,Research,24.0,In Person,2018
3142,ECON9000P,"PhD - Research Course in Economics, ANU College of Business and Economics",,Research,24.0,In Person,2018
3143,ECON9000F,"PhD - Research Course in Economics, ANU College of Business and Economics",,Research,24.0,In Person,2018
3144,LAWS9000F,"PhD - Research Course in Law, ANU College of Law",,Research,6.0,In Person,2018
3145,LAWS9000P,"PhD - Research Course in Law, ANU College of Law",,Research,6.0,In Person,2018
3146,MATH9000F,"PhD - Research Course in Mathematics, Mathematical Sciences Institute, CMBE/CPMS",,Research,6.0,In Person,2018
3147,MATH9000P,"PhD - Research Course in Mathematics, Mathematical Sciences Institute, CMBE/CPMS",,Research,6.0,In Person,2018
3148,SCOM9000P,"PhD - Research Course in Scientific Communication, Centre for the Public Awareness of Science",,Research,6.0,In Person,2018
3149,SCOM9000F,"PhD - Research Course in Scientific Communication, Centre for the Public Awareness of Science",,Research,6.0,In Person,2018
3150,STAT9000P,"PhD - Research Course in Statistics, ANU College of Business and Economics",,Research,24.0,In Person,2018
3151,STAT9000F,"PhD - Research Course in Statistics, ANU College of Business and Economics",,Research,24.0,In Person,2018
3152,ANTH9000F,PhD Anthropology,,Research,1.0,In Person,2018
3153,ANTH9000P,PhD Anthropology,,Research,1.0,In Person,2018
3154,ARCH9000F,"PhD Archaeology, RSHA",,Research,6.0,In Person,2018
3155,ARCH9000P,"PhD Archaeology, RSHA",,Research,6.0,In Person,2018
3156,ARTH9000P,"PhD Art History and Art Theory, RSHA",,Research,24.0,In Person,2018
3157,ARTH9000F,"PhD Art History and Art Theory, RSHA",,Research,24.0,In Person,2018
3158,PSYC9411,PhD Clinical Coursework I,,Research,10.0,In Person,2018
3159,PSYC9412,PhD Clinical Coursework II,,Research,10.0,In Person,2018
3160,PSYC9413,PhD Clinical Coursework III,,Research,10.0,In Person,2018
3161,PSYC9414,PhD Clinical Coursework IV,,Research,10.0,In Person,2018
3162,PSYC9421,PhD Clinical Field Placement I,,Research,6.0,In Person,2018
3163,PSYC9422,PhD Clinical Field Placement II,,Research,6.0,In Person,2018
3164,PSYC9423,PhD Clinical Field Placement III,,Research,6.0,In Person,2018
3165,PSYC9424,PhD Clinical Field Placement IV,,Research,6.0,In Person,2018
3166,PSYC9431,PhD Clinical Research I,,Research,8.0,In Person,2018
3167,PSYC9432,PhD Clinical Research II,,Research,8.0,In Person,2018
3168,PSYC9433,PhD Clinical Research III,,Research,8.0,In Person,2018
3169,PSYC9434,PhD Clinical Research IV,,Research,8.0,In Person,2018
3170,DEMO9000P,"PhD Demographic and Social Research, RSSS",,Research,6.0,In Person,2018
3171,DEMO9000F,"PhD Demographic and Social Research, RSSS",,Research,6.0,In Person,2018
3172,HIST9000P,"PhD History, RSSS",,Research,24.0,In Person,2018
3173,HIST9000F,"PhD History, RSSS",,Research,24.0,In Person,2018
3174,HUMN9000F,"PhD Humanities, RSHA",,Research,1.0,In Person,2018
3175,HUMN9000P,"PhD Humanities, RSHA",,Research,1.0,In Person,2018
3176,INDG9001P,"PhD Indigenous  Studies, RSSS",,Research,1.0,In Person,2018
3177,INDG9001F,"PhD Indigenous  Studies, RSSS",,Research,1.0,In Person,2018
3178,LLCC9000P,"PhD Language, Communications and Culture, RSHA",,Research,24.0,In Person,2018
3179,LLCC9000F,"PhD Language, Communications and Culture, RSHA",,Research,24.0,In Person,2018
3180,MEAS9000F,"PhD Middle Eastern and Central Asian Studies, RSSS",,Research,6.0,In Person,2018
3181,MEAS9000P,"PhD Middle Eastern and Central Asian Studies, RSSS",,Research,6.0,In Person,2018
3182,MUSI9000F,"PhD Music, RSHA",,Research,6.0,In Person,2018
3183,MUSI9000P,"PhD Music, RSHA",,Research,6.0,In Person,2018
3184,PHIL9000F,"PhD Philosphy, RSSS",,Research,6.0,In Person,2018
3185,PHIL9000P,"PhD Philosphy, RSSS",,Research,6.0,In Person,2018
3186,POLS9000F,"PhD Politics and International Relations, RSSS",,Research,24.0,In Person,2018
3187,POLS9000P,"PhD Politics and International Relations, RSSS",,Research,24.0,In Person,2018
3188,PAAS9555F,"PhD Research Course in Anthropology, School of Culture History & Language",,Research,6.0,In Person,2018
3189,PAAS9555P,"PhD Research Course in Anthropology, School of Culture History & Language",,Research,6.0,In Person,2018
3190,PAAS9557F,"PhD Research Course in Archaeology & Natural History, School of Culture History & Language",,Research,6.0,In Person,2018
3191,PAAS9557P,"PhD Research Course in Archaeology & Natural History, School of Culture History & Language",,Research,6.0,In Person,2018
3192,ASIA9000F,"PhD Research Course in Asian Studies, School of Culture History & Language",,Research,24.0,In Person,2018
3193,ASIA9000P,"PhD Research Course in Asian Studies, School of Culture History & Language",,Research,24.0,In Person,2018
3194,DIPL9500F,"PhD Research Course in Diplomacy, School of Regulation Justice & Diplomacy",,Research,24.0,In Person,2018
3195,DIPL9500P,"PhD Research Course in Diplomacy, School of Regulation Justice & Diplomacy",,Research,24.0,In Person,2018
3196,EMDV9550F,"PhD Research Course in Environmental Development & Management, Crawford School",,Research,24.0,In Person,2018
3197,EMDV9550P,"PhD Research Course in Environmental Development & Management, Crawford School",,Research,24.0,In Person,2018
3198,PAAS9566F,"PhD Research Course in Gender Relations, Research School of Pacific and Asian Studies",,Research,24.0,In Person,2018
3199,PAAS9566P,"PhD Research Course in Gender Relations, Research School of Pacific and Asian Studies",,Research,24.0,In Person,2018
3200,PAAS9559P,"PhD Research Course in International Relations,School of International Political & Strategic Studies",,Research,24.0,In Person,2018
3201,PAAS9559F,"PhD Research Course in International Relations,School of International Political & Strategic Studies",,Research,24.0,In Person,2018
3202,PAAS9551F,"PhD Research Course in Linguistics, School of Culture History & Language",,Research,6.0,In Person,2018
3203,PAAS9551P,"PhD Research Course in Linguistics, School of Culture History & Language",,Research,6.0,In Person,2018
3204,NSPO9050F,"PhD Research Course in National Security, National Security College",,Research,24.0,In Person,2018
3205,NSPO9050P,"PhD Research Course in National Security, National Security College",,Research,24.0,In Person,2018
3206,PAAS9552F,"PhD Research Course in Pacific & Asian History, School of Culture History & Language",,Research,6.0,In Person,2018
3207,PAAS9552P,"PhD Research Course in Pacific & Asian History, School of Culture History & Language",,Research,6.0,In Person,2018
3208,POGO9550P,"PhD Research Course in Policy & Governance, Crawford School",,Research,6.0,In Person,2018
3209,POGO9550F,"PhD Research Course in Policy & Governance, Crawford School",,Research,6.0,In Person,2018
3210,PAAS9560P,"PhD Research Course in Political & Social Change, School of Intnl Pol & Strategic Studies",,Research,6.0,In Person,2018
3211,PAAS9560F,"PhD Research Course in Political & Social Change, School of Intnl Pol & Strategic Studies",,Research,6.0,In Person,2018
3212,PAAS9568F,"PhD Research Course in RegNet, School of Regulation Justice & Diplomacy",,Research,6.0,In Person,2018
3213,PAAS9568P,"PhD Research Course in RegNet, School of Regulation Justice & Diplomacy",,Research,6.0,In Person,2018
3214,PAAS9567F,"PhD Research Course in Resource Management in Asia Pacific, Crawford School",,Research,6.0,In Person,2018
3215,PAAS9567P,"PhD Research Course in Resource Management in Asia Pacific, Crawford School",,Research,6.0,In Person,2018
3216,PAAS9558P,"PhD Research Course in Strategic Defence Studies, School of Intnl Pol & Strategic Studies",,Research,6.0,In Person,2018
3217,PAAS9558F,"PhD Research Course in Strategic Defence Studies, School of Intnl Pol & Strategic Studies",,Research,6.0,In Person,2018
3218,MMIB9000P,"PhD Research Course, Research School of Management",,Research,24.0,In Person,2018
3219,MMIB9000F,"PhD Research Course, Research School of Management",,Research,24.0,In Person,2018
3220,PAAS9000F,"PhD Research Cse in State Society & Governance in Melanesia, School of IPS",,Research,6.0,In Person,2018
3221,PAAS9000P,"PhD Research Cse in State Society & Governance in Melanesia, School of IPS",,Research,6.0,In Person,2018
3222,SOCY9000P,"PhD Sociology, RSSS",,Research,6.0,In Person,2018
3223,SOCY9000F,"PhD Sociology, RSSS",,Research,6.0,In Person,2018
3224,ARTV9000F,"PhD Visual Arts, RSHA",,Research,6.0,In Person,2018
3225,ARTV9000P,"PhD Visual Arts, RSHA",,Research,6.0,In Person,2018
3226,PAAS9563F,"PhD, Arndt-Corden Division of Economics, Crawford School of Economics and Government",,Research,24.0,In Person,2018
3227,PAAS9563P,"PhD, Arndt-Corden Division of Economics, Crawford School of Economics and Government",,Research,24.0,In Person,2018
3228,PAAS9561F,"PhD, Arndt-Corden Division of Economics, Non-Economics, Crawford School of Economics and Government",,Research,24.0,In Person,2018
3229,PAAS9561P,"PhD, Arndt-Corden Division of Economics, Non-Economics, Crawford School of Economics and Government",,Research,24.0,In Person,2018
3230,PHYS9552F,"PhD, Atomic and Molecular Physics,  Research School of Physics and Engineering",,Research,24.0,In Person,2018
3231,PHYS9552P,"PhD, Atomic and Molecular Physics,  Research School of Physics and Engineering",,Research,24.0,In Person,2018
3232,PHYS9553F,"PhD, Electronic Materials Engineering,  Research School of Physics and Engineering",,Research,6.0,In Person,2018
3233,PHYS9553P,"PhD, Electronic Materials Engineering,  Research School of Physics and Engineering",,Research,6.0,In Person,2018
3234,ENVS9005F,"PhD, Environmental & Natural Resource Management, Fenner School of Environment and Society",,Research,6.0,In Person,2018
3235,ENVS9005P,"PhD, Environmental & Natural Resource Management, Fenner School of Environment and Society",,Research,6.0,In Person,2018
3236,PHIL2121,Philosophical Logic,,Undergraduate,6.0,In Person,2018
3237,PHIL2122,Philosophy and Public Policy,First Semester,Undergraduate,6.0,In Person,2018
3238,PHIL2123,Philosophy and Science Fiction,,Undergraduate,6.0,In Person,2018
3239,PHIL2124,Philosophy of Cognitive Science,,Undergraduate,6.0,In Person,2018
3240,PHIL2016,Philosophy of Language,,Undergraduate,6.0,In Person,2018
3241,PHIL2061,Philosophy of Mind,Second Semester,Undergraduate,6.0,In Person,2018
3242,PHIL2128,Philosophy of Physics,Second Semester,Undergraduate,6.0,In Person,2018
3243,PHIL2057,Philosophy of Science,First Semester,Undergraduate,6.0,In Person,2018
3244,MATH1042,Philosophy of the Cosmos,First Semester,Undergraduate,6.0,In Person,2018
3245,PHIL2042,Philosophy of the Cosmos,First Semester,Undergraduate,6.0,In Person,2018
3246,LING6019,Phonological Analysis,,Postgraduate,6.0,In Person,2018
3247,LING3119,Phonological analysis,,Undergraduate,6.0,In Person,2018
3248,ARTV6006,Photography,First Semester/Second Semester,Postgraduate,6.0,In Person,2018
3249,ARTH2050,Photography and Art,,Undergraduate,6.0,In Person,2018
3250,ARTH6050,Photography and Art,,Postgraduate,6.0,Online or In Person,2018
3251,ARTV3604,Photography and Media Arts: Advanced Practice-led Research Methods,First Semester,Undergraduate,6.0,In Person,2018
3252,ARTV3607,Photography and Media Arts: Advanced Professional Methods,,Undergraduate,6.0,In Person,2018
3253,ARTV2611,Photography: Creative Possibilities,First Semester/Second Semester,Undergraduate,6.0,In Person,2018
3254,ARTV2605,Photomedia: Advanced Principles in Exposure and Printing,First Semester,Undergraduate,6.0,In Person,2018
3255,ARTV1602,Photomedia: Colour Photography and Digital Skills,Second Semester,Undergraduate,6.0,In Person,2018
3256,ARTV2606,Photomedia: Digital Photography and Studio Lighting,First Semester,Undergraduate,6.0,In Person,2018
3257,ARTV3601,Photomedia: Documentary Project,First Semester,Undergraduate,6.0,In Person,2018
3258,ARTV2608,Photomedia: Experimental Processes,Second Semester,Undergraduate,6.0,In Person,2018
3259,ARTV1601,"Photomedia: Foundations of photography, printing and camera skills",First Semester,Undergraduate,6.0,In Person,2018
3260,ARTV3602,Photomedia: Independent Work Proposal,Second Semester,Undergraduate,6.0,In Person,2018
3261,ARTV2607,Photomedia: Large Format Photography,Second Semester,Undergraduate,6.0,In Person,2018
3262,ENGN6613,Photonic Sensing Systems,Second Semester,Postgraduate,6.0,In Person,2018
3263,PHYS6502,Photonic Sensing Systems,Second Semester,Postgraduate,6.0,In Person,2018
3264,PHYS3051,Photonic Sensing Systems,Second Semester,Undergraduate,6.0,In Person,2018
3265,ENGN4613,Photonic Sensing Systems,Second Semester,Undergraduate,6.0,In Person,2018
3266,PHYS3059,Photonics,,Undergraduate,6.0,In Person,2018
3267,PHYS8016,Photonics Advanced Topics,Second Semester,Postgraduate,6.0,In Person,2018
3268,PHYS8015,Photonics Laboratory,First Semester,Postgraduate,6.0,In Person,2018
3269,PHYS8014,Photonics in Biotechnology and Nanotechnology,First Semester,Postgraduate,6.0,In Person,2018
3270,ENGN8830,Photovoltaic Power Plants,Second Semester,Postgraduate,6.0,In Person,2018
3271,ENGN4524,Photovoltaic Technologies,First Semester,Undergraduate,6.0,In Person,2018
3272,ENGN6524,Photovoltaic Technologies,First Semester,Postgraduate,6.0,In Person,2018
3273,HUMN8022,Physical Conservation of Historic Heritage Places,,Postgraduate,6.0,In Person,2018
3274,PREP1113,Physics,First Semester,Undergraduate,6.0,In Person,2018
3275,ANUC1131,Physics 1,First Semester,Undergraduate,6.0,In Person,2018
3276,ANUC1132,Physics 2,Second Semester,Undergraduate,6.0,In Person,2018
3277,PHYS1201,Physics 2,Second Semester,Undergraduate,6.0,In Person,2018
3278,PHYS1101,Physics I,First Semester/Second Semester,Undergraduate,6.0,In Person,2018
3279,PHYS4003F,Physics IV Honours (S),,Undergraduate,12.0,In Person,2018
3280,PHYS4003P,Physics IV Honours (S),,Undergraduate,12.0,In Person,2018
3281,PHYS2205,Physics for Future Leaders,Second Semester,Undergraduate,6.0,In Person,2018
3282,PHYS6034,Physics of Fluid Flows,First Semester,Postgraduate,6.0,In Person,2018
3283,PHYS3034,Physics of Fluid Flows,First Semester,Undergraduate,6.0,In Person,2018
3284,PHYS4034,Physics of Fluid Flows,First Semester,Undergraduate,6.0,In Person,2018
3285,PHYS3105,Physics of Matter,,Undergraduate,6.0,In Person,2018
3286,PHYS3070,Physics of the Earth,Second Semester,Undergraduate,6.0,In Person,2018
3287,PHYS4070,Physics of the Earth,Second Semester,Undergraduate,6.0,In Person,2018
3288,PHYS6070,Physics of the Earth,Second Semester,Postgraduate,6.0,In Person,2018
3289,EMSC4008,Physics of the Earth Honours Reseach Project,First Semester/Second Semester,Undergraduate,3.0,In Person,2018
3290,PREP1127,Physics: Revolutions in Modern Physics,Spring Session,Undergraduate,6.0,In Person,2018
3291,PREP1126,Physics: Waves and Optics,Autumn Session,Undergraduate,6.0,In Person,2018
3292,ANTH2136,Piracy: Property Wars from the High Seas to Anonymous,,Undergraduate,6.0,In Person,2018
3293,ANTH6136,Piracy: Property Wars from the High Seas to Anonymous,,Postgraduate,6.0,In Person,2018
3294,EMSC6022,Planetary Science,Second Semester,Postgraduate,6.0,In Person,2018
3295,EMSC3022,Planetary Science,Second Semester,Undergraduate,6.0,In Person,2018
3296,LEGW8137,Planning and Environmental Practice,Summer Session/Autumn Session,Postgraduate,3.0,Online,2018
3297,BIOL6003,Plant Physiological Ecology,,Postgraduate,6.0,In Person,2018
3298,BIOL3003,Plant Physiological Ecology,,Undergraduate,6.0,In Person,2018
3299,BIOL6125,Plants and Global Climate Change,Second Semester,Postgraduate,6.0,In Person,2018
3300,BIOL3125,Plants and Global Climate Change,Second Semester,Undergraduate,6.0,In Person,2018
3301,BIOL3002,Plants: Genes and the Environment,First Semester,Undergraduate,6.0,In Person,2018
3302,BIOL6002,Plants: Genes to Environment,First Semester,Postgraduate,6.0,In Person,2018
3303,ENGL6032,Poetry in English from Shakespeare to Postmodernism,,Postgraduate,6.0,In-Person and Online,2018
3304,ENGL2084,Poetry in English from Shakespeare to Postmodernism,,Undergraduate,6.0,In Person,2018
3305,MATH8001,Poetry of the Cosmos,,Postgraduate,6.0,In Person,2018
3306,ARTH8022,Points of View: Independent Creative Art and Media Practice,Autumn Session,Postgraduate,6.0,In Person,2018
3307,POGO8083,Policy Advocacy,Autumn Session,Postgraduate,6.0,In Person,2018
3308,POGO8101,Policy Process and Analysis,,Postgraduate,6.0,In Person,2018
3309,POGO8096,Policy Research,Second Semester,Postgraduate,6.0,In Person,2018
3310,POGO8109,Policy and Budget Analysis,,Postgraduate,6.0,In Person,2018
3311,POLS2102,Political Belief and Deceit,First Semester,Undergraduate,6.0,In Person,2018
3312,ECON8070,Political Economy of Macroeconomic Policy,,Postgraduate,6.0,In Person,2018
3313,ECON3053,Political Economy of Macroeconomic Policy,,Undergraduate,6.0,In Person,2018
3314,POGO8082,Political Institutions and Policy Processes,,Postgraduate,6.0,In Person,2018
3315,POLS3039,Political Leadership and Executive Government,Second Semester,Undergraduate,6.0,In Person,2018
3316,PHIL2115,Political Philosophy from Hobbes to Mill,,Undergraduate,6.0,In Person,2018
3317,PREP1114,Politics,First Semester,Undergraduate,6.0,In Person,2018
3318,ASIA2049,Politics and Society in Contemporary Korea,First Semester,Undergraduate,6.0,In Person,2018
3319,POLS2025,Politics in Britain,,Undergraduate,6.0,In Person,2018
3320,POLS2070,Politics in Central Asia,First Semester,Undergraduate,6.0,In Person,2018
3321,POLS2095,Politics in Latin America,First Semester,Undergraduate,6.0,In Person,2018
3322,POLS2069,Politics in Russia,First Semester,Undergraduate,6.0,In Person,2018
3323,POLS2031,Politics in the Middle East,Second Semester,Undergraduate,6.0,In Person,2018
3324,STST2124,Politics of Nuclear Weapons,Second Semester,Undergraduate,6.0,In Person,2018
3325,ASIA3814,Politics of the Korean Peninsula,,Undergraduate,6.0,In Person,2018
3326,ASIA8814,Politics of the Korean Peninsula,,Postgraduate,6.0,In Person,2018
3327,ASIA6074,Popular Culture in East Asia,,Postgraduate,6.0,In Person,2018
3328,ASIA2074,Popular Culture in East Asia,,Undergraduate,6.0,In Person,2018
3329,MUSI6006,Popular Music: In Culture and in Context,First Semester,Postgraduate,6.0,Online or In Person,2018
3330,MUSI3317,Popular Music: In Culture and in Context,First Semester,Undergraduate,6.0,In Person,2018
3331,DEMO2002,Population Analysis,First Semester,Undergraduate,6.0,In Person,2018
3332,BIOL3151,Population Genetics,,Undergraduate,6.0,In Person,2018
3333,BIOL6016,Population Genetics,,Postgraduate,6.0,In Person,2018
3334,POPH4005,Population Health Honours project,First Semester/Second Semester,Undergraduate,6.0,Online or In Person,2018
3335,DEMO8090,Population Issues in Asia and their Implications for World Development,,Postgraduate,6.0,In Person,2018
3336,DEMO8091,Population Projections and Dynamics,Second Semester,Postgraduate,6.0,In Person,2018
3337,DEMO6001,Population Studies,Second Semester,Postgraduate,6.0,Online or In Person,2018
3338,DEMO2001,Population Studies,Second Semester,Undergraduate,6.0,In Person,2018
3339,DEMO8024,Population and Society: Theory and Empirical Perspectives,First Semester,Postgraduate,6.0,In Person,2018
3340,DEMO8088,"Population, Climate Change and Sustainable Development",Second Semester,Postgraduate,6.0,In Person,2018
3341,SOCY2167,Populism,,Undergraduate,6.0,In Person,2018
3342,FINM3008,Portfolio Construction,First Semester/Second Semester,Undergraduate,6.0,In Person,2018
3343,FINM8200,Portfolio Theory,,Postgraduate,12.0,In Person,2018
3344,LAWS8314,Post Conflict Situations and International Law,,Postgraduate,6.0,In Person,2018
3345,ARTH2093,Post-Colonial Discourses in Australian Art,,Undergraduate,6.0,In Person,2018
3346,ARTH6093,Post-Colonial Discourses in Australian Art,,Postgraduate,6.0,Online or In Person,2018
3347,ENGL3007,Post-Colonial Literature,,Undergraduate,6.0,In Person,2018
3348,ENGL6033,Post-Colonial Literature,,Postgraduate,6.0,In Person,2018
3349,POLS8028,Post-Conflict Justice,,Postgraduate,6.0,In Person,2018
3350,ARCH2037,Post-Roman Archaeology of Britain: From Arthur to the Black Death,,Undergraduate,6.0,In Person,2018
3351,ARCH6037,Post-Roman Archaeology of Britain: From Arthur to the Black Death,,Postgraduate,6.0,In Person,2018
3352,PHIL8011,Postgraduate Training in Philosophy: Foundations Seminar,Summer Session/First Semester/Autumn Session/Winter Session/Second Semester/Spring Session,Postgraduate,12.0,In Person,2018
3353,POLS8004,Postgraduate Training in Politics and Policy: Research Methods,,Postgraduate,6.0,In Person,2018
3354,SOCY3010,Posthuman Bodies,,Undergraduate,6.0,In Person,2018
3355,GEND3001,Posthuman Bodies,,Undergraduate,6.0,In Person,2018
3356,GEND6501,Posthuman bodies,,Postgraduate,6.0,In Person,2018
3357,ARTH2061,Postmodern Sublime,,Undergraduate,6.0,In Person,2018
3358,ARTH6061,Postmodern Sublime,,Postgraduate,6.0,Online or In Person,2018
3359,POGO8004,Poverty Reduction,First Semester,Postgraduate,6.0,In Person,2018
3360,ENGN6625,Power Electronics,Second Semester,Postgraduate,6.0,In Person,2018
3361,ENGN4625,Power Electronics,Second Semester,Undergraduate,6.0,In Person,2018
3362,POLS2136,Power and influence in world politics,Second Semester,Undergraduate,6.0,In Person,2018
3363,ENGN3100,Practical Experience,First Semester/Second Semester,Undergraduate,0.0,In Person,2018
3364,ARTV8040,Practice-led Research Extended Project,First Semester/Second Semester,Postgraduate,18.0,In Person,2018
3365,ARTV8039,Practice-led Research Major Project,First Semester/Second Semester,Postgraduate,12.0,In Person,2018
3366,ARTV8038,Practice-led Research Project,First Semester/Second Semester,Postgraduate,6.0,In Person,2018
3367,ANUC1122,Precise Drawing and Model Making,First Semester,Undergraduate,6.0,In Person,2018
3368,DESA1021,Precise Drawing and Model Making,First Semester,Undergraduate,6.0,In Person,2018
3369,PSYC8064,Preparation for the workplace in Applied Psychology,,Postgraduate,6.0,In Person,2018
3370,POLS2043,Pressure Groups and Political Lobbying,First Semester,Undergraduate,6.0,In Person,2018
3371,BIAN3018,Primate Behavioural Ecology Field School in Cambodia,Summer Session,Undergraduate,12.0,In Person,2018
3372,BIAN6018,Primate Behavioural Ecology Field School in Cambodia,Summer Session,Postgraduate,12.0,In Person,2018
3373,BIAN6520,Primate Conservation Biology,Second Semester,Postgraduate,6.0,In Person,2018
3374,BIAN3021,Primate Conservation Biology,Second Semester,Undergraduate,6.0,In Person,2018
3375,BIAN6514,Primate Ecology and Behaviour,,Postgraduate,6.0,In Person,2018
3376,BIAN3127,Primate Ecology and Behaviour,,Undergraduate,6.0,In Person,2018
3377,BIAN6513,Primate Evolutionary Biology,,Postgraduate,6.0,In Person,2018
3378,BIAN2126,Primate Evolutionary Biology,,Undergraduate,6.0,In Person,2018
3379,PHYS8013,Principles of Energy Generation and Transformation,First Semester,Postgraduate,6.0,In Person,2018
3380,LAWS8150,Principles of Evidence Under the Uniform Act,First Semester,Postgraduate,6.0,Online,2018
3381,LAWS6504,Principles of Intellectual Property,,Postgraduate,6.0,In Person,2018
3382,LAWS3104,Principles of Intellectual Property,,Undergraduate,6.0,In Person,2018
3383,LAWS8182,Principles of International Law,Summer Session/Winter Session,Postgraduate,6.0,In Person,2018
3384,STAT6039,Principles of Mathematical Statistics,Summer Session/First Semester/Second Semester,Postgraduate,6.0,In Person,2018
3385,DEMO8008,Principles of Population Analysis,First Semester,Postgraduate,6.0,In Person,2018
3386,COMP3610,Principles of Programming Languages,Second Semester,Undergraduate,6.0,In Person,2018
3387,COMP6361,Principles of Programming Languages,Second Semester,Postgraduate,6.0,In Person,2018
3388,POGO8084,Principles of Social Policy,Summer Session,Postgraduate,6.0,In Person,2018
3389,BUSN3014,Principles of Tax Law,First Semester/Second Semester,Undergraduate,6.0,In Person,2018
3390,ARTV1701,Printmedia and Drawing 1: Introduction to Drawing,First Semester,Undergraduate,6.0,In Person,2018
3391,ARTV1702,Printmedia and Drawing 2: Relief Printing,Second Semester,Undergraduate,6.0,In Person,2018
3392,ARTV2707,Printmedia and Drawing: Advanced Etching/Relief,Second Semester,Undergraduate,6.0,In Person,2018
3393,ARTV2717,Printmedia and Drawing: Book Design,First Semester/Second Semester,Undergraduate,6.0,In Person,2018
3394,ARTV3703,Printmedia and Drawing: Contemporary Print Methods,,Undergraduate,6.0,In Person,2018
3395,ARTV2721,Printmedia and Drawing: Drawing (General),First Semester/Second Semester,Undergraduate,6.0,In Person,2018
3396,ARTV2725,Printmedia and Drawing: Etching,First Semester,Undergraduate,6.0,In Person,2018
3397,ARTV2706,Printmedia and Drawing: Experimental Drawing,First Semester,Undergraduate,6.0,In Person,2018
3398,ARTV3701,Printmedia and Drawing: Independent Work Project Theory and Practice,First Semester,Undergraduate,6.0,In Person,2018
3399,ARTV3702,Printmedia and Drawing: Independent Work Project Theory and Practice 2,Second Semester,Undergraduate,6.0,In Person,2018
3400,ARTV2705,Printmedia and Drawing: Introduction to Etching,First Semester,Undergraduate,6.0,In Person,2018
3401,ARTV2729,Printmedia and Drawing: Life Drawing,First Semester/Second Semester,Undergraduate,6.0,In Person,2018
3402,ARTV2727,Printmedia and Drawing: Lithography,Second Semester,Undergraduate,6.0,In Person,2018
3403,ARTV2708,Printmedia and Drawing: Project Drawing,Second Semester,Undergraduate,6.0,In Person,2018
3404,ARTV2723,Printmedia and Drawing: Screen Printing,First Semester/Second Semester,Undergraduate,6.0,In Person,2018
3405,ARTV2715,Printmedia and Drawing: Typography,Second Semester,Undergraduate,6.0,In Person,2018
3406,LAWS8033,"Prisons, Prisoners and the Law",,Postgraduate,6.0,In Person,2018
3407,LAWS8588,Privatisation and Regulation of Aviation,,Postgraduate,6.0,In Person,2018
3408,MATH6109,Probability Modelling with Applications,First Semester,Postgraduate,6.0,In Person,2018
3409,MATH3029,Probability Modelling with Applications,First Semester,Undergraduate,6.0,In Person,2018
3410,STAT8014,Probability Theory,,Postgraduate,6.0,In Person,2018
3411,ENGN8538,Probability and Stochastic Processes in Engineering,First Semester,Postgraduate,6.0,In Person,2018
3412,LAWS8593,Procurement and Probity Law and Practice,,Postgraduate,6.0,Online,2018
3413,ANUC1101,Professional Communication,First Semester/Second Semester,Undergraduate,6.0,In Person,2018
3414,MEDI8015B,Professional Practice 1,Second Semester,Postgraduate,0.0,In Person,2018
3415,ENGN6250,Professional Practice 1,First Semester/Second Semester,Postgraduate,6.0,In Person,2018
3416,COMP6250,Professional Practice 1,First Semester/Second Semester,Postgraduate,6.0,In Person,2018
3417,MEDI8015A,Professional Practice 1,First Semester,Postgraduate,0.0,In Person,2018
3418,COMP8260,Professional Practice 2,First Semester/Second Semester,Postgraduate,6.0,In Person,2018
3419,ENGN8260,Professional Practice 2,First Semester/Second Semester,Postgraduate,6.0,In Person,2018
3420,MEDI8025A,Professional Practice 2,First Semester,Postgraduate,0.0,In Person,2018
3421,MEDI8025B,Professional Practice 2,Second Semester,Postgraduate,0.0,In Person,2018
3422,MEDI8035A,Professional Practice 3,First Semester,Postgraduate,0.0,In Person,2018
3423,MEDI8035B,Professional Practice 3,Second Semester,Postgraduate,0.0,In Person,2018
3424,MEDI8045A,Professional Practice 4,,Postgraduate,0.0,In Person,2018
3425,MEDI8045B,Professional Practice 4,,Postgraduate,0.0,In Person,2018
3426,LEGW8142,Professional Practice Core,Summer Session/Autumn Session/Winter Session/Spring Session,Postgraduate,18.0,Online,2018
3427,HLTH3002,Professional Practice in Health Science,,Undergraduate,6.0,In Person,2018
3428,ARTV6027,Professional Practices,First Semester,Postgraduate,6.0,In Person,2018
3429,ARTV2027,Professional Practices,First Semester,Undergraduate,6.0,In Person,2018
3430,ARTV2028,Professional Practices Internship,,Undergraduate,6.0,In Person,2018
3431,ARTV6028,Professional Practices Internship,,Postgraduate,6.0,In Person,2018
3432,POGO8117,Program Management,,Postgraduate,6.0,In Person,2018
3433,COMP1100,Programming as Problem Solving,First Semester/Second Semester,Undergraduate,6.0,In Person,2018
3434,COMP1130,Programming as Problem Solving (Advanced),First Semester,Undergraduate,6.0,In Person,2018
3435,COMP6730,Programming for Scientists,First Semester/Second Semester,Postgraduate,6.0,In Person,2018
3436,COMP1730,Programming for Scientists,First Semester/Second Semester,Undergraduate,6.0,In Person,2018
3437,BUSN8005,Project Accounting and Financial Management,,Postgraduate,6.0,In Person,2018
3438,MGMT8170,Project Management Masters Thesis,First Semester/Second Semester,Postgraduate,6.0,In Person,2018
3439,INFS3059,Project Management and Information Systems,Second Semester,Undergraduate,6.0,In Person,2018
3440,MGMT7024,Project Monitoring and Control,First Semester,Postgraduate,6.0,In Person,2018
3441,MGMT8005,Project Risk and Issues Management,Second Semester,Postgraduate,6.0,In Person,2018
3442,COMP3740,Project Work in Computing,First Semester/Second Semester,Undergraduate,6.0,In Person,2018
3443,BUSN3059,Project/Case Studies in Commerce,First Semester/Second Semester,Undergraduate,6.0,In Person,2018
3444,NSPO8027,"Propaganda, Information War and National Security",Second Semester,Postgraduate,6.0,In Person,2018
3445,LAWS2204,Property,First Semester,Undergraduate,6.0,In Person,2018
3446,LAWS6204,Property,First Semester,Postgraduate,6.0,In Person,2018
3447,LAWS8705,Property Law & Contracts A,Summer Session/Autumn Session/Winter Session,Postgraduate,8.0,Online,2018
3448,LAWS8706,Property Law & Contracts B,Summer Session/Autumn Session/Winter Session,Postgraduate,8.0,Online,2018
3449,PREP1115,Psychology,First Semester/Second Semester,Undergraduate,6.0,In Person,2018
3450,ANUC1133,"Psychology 1: Understanding Mind, Brain and Behaviour",First Semester,Undergraduate,6.0,In Person,2018
3451,PSYC1003,"Psychology 1: Understanding Mind, Brain and Behaviour",First Semester,Undergraduate,6.0,In Person,2018
3452,PSYC1004,Psychology 2: Understanding People in Context,Second Semester,Undergraduate,6.0,In Person,2018
3453,ANUC1134,Psychology 2: Understanding People in Context,Second Semester,Undergraduate,6.0,In Person,2018
3454,PSYC4011,Psychology Honours,First Semester/Second Semester,Undergraduate,12.0,In Person,2018
3455,PSYC4005F,Psychology IV Honours (S),First Semester/Second Semester,Undergraduate,12.0,In Person,2018
3456,PSYC4005P,Psychology IV Honours (S),First Semester/Second Semester,Undergraduate,12.0,In Person,2018
3457,PSYC3030,Psychology Undergraduate Research Experience,Summer Session/First Semester/Second Semester,Undergraduate,6.0,In Person,2018
3458,PREP1139,Psychology of learning,Autumn Session,Undergraduate,6.0,In Person,2018
3459,PSYC2201,Psychology: From Problems to Solutions,,Undergraduate,6.0,Online or In Person,2018
3460,PSYC6025,Psychopathology Across the Lifespan,,Postgraduate,6.0,In Person,2018
3461,PSYC3025,Psychopathology Across the Lifespan,First Semester,Undergraduate,6.0,In Person,2018
3462,PSYC8067,Psychopathology and Intervention,,Postgraduate,6.0,In Person,2018
3463,POGO8137,Public Administration: Legal and Organisational Foundations,Winter Session,Postgraduate,6.0,In Person,2018
3464,POLS2130,Public Choice and Politics,First Semester,Undergraduate,6.0,In Person,2018
3465,POGO8048,Public Finance,Autumn Session,Postgraduate,6.0,In Person,2018
3466,POPH8106,Public Health Research Project,Summer Session/First Semester/Autumn Session/Winter Session/Second Semester/Spring Session,Postgraduate,6.0,Online or In Person,2018
3467,POPH8917,Public Health Surveillance,,Research,6.0,In Person,2018
3468,POPH8317,Public Health Surveillance,First Semester,Postgraduate,6.0,In Person,2018
3469,MEDI8116,"Public Health disasters, catastrophes and recovery",,Postgraduate,6.0,In Person,2018
3470,LAWS6284,Public Interest Law Clinical Program,First Semester/Second Semester,Postgraduate,6.0,In Person,2018
3471,CRWF8019,Public Policy and Professional Internship,Autumn Session/Winter Session/Second Semester/Spring Session,Postgraduate,6.0,In Person,2018
3472,BUSN3006,Public Sector Accounting,First Semester,Undergraduate,6.0,In Person,2018
3473,BUSN7006,Public Sector Accounting and Reporting,First Semester,Postgraduate,6.0,In Person,2018
3474,ECON8034,Public Sector Economics,First Semester,Postgraduate,6.0,In Person,2018
3475,ECON4434,Public Sector Economics,First Semester,Undergraduate,6.0,In Person,2018
3476,ECON2132,Public Sector Economics (H),First Semester,Undergraduate,6.0,In Person,2018
3477,ECON2131,Public Sector Economics (P),First Semester,Undergraduate,6.0,In Person,2018
3478,LAWS8522,Public Sector Employment Law,,Postgraduate,6.0,In Person,2018
3479,POGO8021,Public Sector Ethics,First Semester,Postgraduate,6.0,Online or In Person,2018
3480,FINM7029,Public Sector Financial Management,,Postgraduate,3.0,In Person,2018
3481,POGO8062,Public Sector Management,First Semester,Postgraduate,6.0,In Person,2018
3482,SOCY2165,Public Sphere & Media,,Undergraduate,6.0,In Person,2018
3483,INDG3001,Public policy development and implementation and Indigenous Australians,Second Semester,Undergraduate,6.0,In Person,2018
3484,CRIM2008,Punishment and Society: An Introduction to Penology,,Undergraduate,6.0,In Person,2018
3485,CHMD8004,Qualitative Methodologies for Health Research,Second Semester,Postgraduate,6.0,Online or In Person,2018
3486,SOCR4003,Qualitative Research Analysis,Second Semester,Undergraduate,6.0,In Person,2018
3487,SOCR8003,Qualitative Research Analysis,Second Semester,Postgraduate,6.0,In Person,2018
3488,MGMT4018,Qualitative Research Methods,First Semester,Undergraduate,6.0,In Person,2018
3489,MGMT8018,Qualitative Research Methods,First Semester,Postgraduate,6.0,In Person,2018
3490,ENVS2014,Qualitative Research Methods for Sustainability,Winter Session,Undergraduate,6.0,In Person,2018
3491,ENVS6014,Qualitative Research Methods for Sustainability,Winter Session,Postgraduate,6.0,In Person,2018
3492,LING8026,Qualitative Research Methods in Language Studies,First Semester,Postgraduate,6.0,In Person,2018
3493,PREP1118,Qualitative Research Skills,Autumn Session,Undergraduate,0.0,In Person,2018
3494,POLS9001,Qualitative Research in Politics,,Research,6.0,In Person,2018
3495,POLS8044,Qualitative Research in Politics,Second Semester,Postgraduate,6.0,In Person,2018
3496,SOCR4008,Qualitative Social Research,First Semester,Undergraduate,6.0,In Person,2018
3497,SOCR8008,Qualitative Social Research,First Semester,Postgraduate,6.0,In Person,2018
3498,MEDI8201,Qualitative and Social Research for Public Health,,Postgraduate,6.0,In Person,2018
3499,IDEC8014,Quantitative Financial Economics,Second Semester,Postgraduate,6.0,In Person,2018
3500,IDEC8010,Quantitative International Economics,First Semester,Postgraduate,6.0,In Person,2018
3501,PSYC2009,Quantitative Methods in Psychology,First Semester,Undergraduate,6.0,In Person,2018
3502,IDEC8026,Quantitative Policy Impact Evaluation,Second Semester,Postgraduate,6.0,In Person,2018
3503,STAT1008,Quantitative Research Methods,First Semester/Second Semester,Undergraduate,6.0,In Person,2018
3504,LING8027,Quantitative Research Methods in Linguistics,Second Semester,Postgraduate,6.0,In Person,2018
3505,PREP1119,Quantitative Research Skills,First Semester/Second Semester/Spring Session,Undergraduate,0.0,In Person,2018
3506,SOCR8009,Quantitative Social Research,Second Semester,Postgraduate,6.0,In Person,2018
3507,SOCR4009,Quantitative Social Research,Second Semester,Undergraduate,6.0,In Person,2018
3508,PHYS3201,Quantum Field Theory,,Undergraduate,6.0,In Person,2018
3509,PHYS2013,Quantum Mechanics,First Semester,Undergraduate,6.0,In Person,2018
3510,ENGL6034,Queens and Tyrants: Gender and Power in Drama 1580-1630,Second Semester,Postgraduate,6.0,In Person,2018
3511,ENGL3034,Queens and Tyrants: Gender and Power in Drama 1580-1630,Second Semester,Undergraduate,6.0,In Person,2018
3512,STAT8500,RSFAS Masters Thesis,First Semester/Second Semester,Postgraduate,12.0,In Person,2018
3513,ACST8500,RSFAS Masters Thesis,First Semester/Second Semester,Postgraduate,12.0,In Person,2018
3514,FINM8500,RSFAS Masters Thesis,First Semester/Second Semester,Postgraduate,12.0,In Person,2018
3515,POLS2135,"Race, Ethnicity and Representation",First Semester,Undergraduate,6.0,Online,2018
3516,PHIL2125,Rationality and Social Cooperation,,Undergraduate,6.0,In Person,2018
3517,PHYS8202,Reactor Science,First Semester,Postgraduate,6.0,In Person,2018
3518,ENGL8019,Reading Context: Topics in Production and Reception of Texts,Second Semester,Postgraduate,12.0,Online or In Person,2018
3519,ENGL4019,Reading Context: Topics in Production and Reception of Texts,Second Semester,Undergraduate,12.0,Online or In Person,2018
3520,GEND1002,Reading Popular Culture: An Introduction to Cultural Studies,Second Semester,Undergraduate,6.0,In Person,2018
3521,GEND6002,Reading Popular Culture: An Introduction to Cultural Studies,Second Semester,Postgraduate,6.0,In Person,2018
3522,RUSS6002,Reading Russian for Academic Purposes I,First Semester,Postgraduate,6.0,In Person,2018
3523,RUSS1003,Reading Russian for Academic Purposes I,First Semester,Undergraduate,6.0,In Person,2018
3524,RUSS6003,Reading Russian for Academic Purposes II,Second Semester,Postgraduate,6.0,In Person,2018
3525,RUSS1004,Reading Russian for Academic Purposes II,Second Semester,Undergraduate,6.0,In Person,2018
3526,ENGL1013,Reading across Time and Space: Literary Contexts,Second Semester,Undergraduate,6.0,In Person,2018
3527,LING8003,Readings in Applied Linguistics,First Semester/Second Semester,Postgraduate,6.0,Online or In Person,2018
3528,ARTH8016,Readings in Art History and Curatorial Studies,First Semester/Second Semester,Postgraduate,6.0,Online or In Person,2018
3529,ASIA3012,Readings in Asian Societies and Histories,First Semester/Second Semester,Undergraduate,6.0,In Person,2018
3530,ASIA6512,Readings in Asian Societies and Histories,,Postgraduate,6.0,In Person,2018
3531,CLAS4008,Readings in Classics,Second Semester,Undergraduate,6.0,In Person,2018
3532,CLAS8008,Readings in Classics,Second Semester,Postgraduate,6.0,In Person,2018
3533,ECHI8002,Readings in Economic History,,Postgraduate,6.0,In Person,2018
3534,HIST8021,Readings in History,First Semester/Second Semester,Postgraduate,6.0,Online or In Person,2018
3535,INDG9002,Readings in Indigenous Studies,Summer Session/First Semester/Autumn Session/Winter Session/Second Semester/Spring Session,Postgraduate,6.0,In Person,2018
3536,PASI3012,Readings in Indigenous Studies,Second Semester,Undergraduate,6.0,In Person,2018
3537,NEUR8701,Readings in Neuroscience,First Semester/Second Semester,Postgraduate,6.0,In Person,2018
3538,PHIL4009,Readings in Philosophy,First Semester/Second Semester,Undergraduate,6.0,In Person,2018
3539,BIAN8003,Readings in Primatology/Palaeoanthropology,First Semester/Second Semester,Postgraduate,6.0,In Person,2018
3540,LEGW8152,Ready For Practice,Summer Session/Autumn Session/Winter Session/Spring Session,Postgraduate,6.0,Online,2018
3541,LEGW8133,Real Estate Practice,Spring Session,Postgraduate,6.0,In Person,2018
3542,HIST6213,Real Men: Manhood and Identity in the Western World,,Postgraduate,6.0,In Person,2018
3543,HIST2213,Real Men: Masculinities in Western History,,Undergraduate,6.0,In Person,2018
3544,COMP4330,Real-Time & Embedded Systems,,Undergraduate,6.0,In Person,2018
3545,COMP8330,Real-Time Embedded Systems,,Postgraduate,6.0,In Person,2018
3546,ASIA6042,Reconciliation and the Memory of Conflict in Asia,First Semester,Postgraduate,6.0,In Person,2018
3547,ASIA3029,Reconciliation and the memory of conflict in Asia,First Semester,Undergraduate,6.0,In Person,2018
3548,REGN8011,Reforming Law and Justice in Asia and the Pacific,,Postgraduate,6.0,In Person,2018
3549,CHMD8011,Refugee Health: From Displacement to Resettlement,,Postgraduate,6.0,Online or In Person,2018
3550,LAWS4271,Refugee Law,Second Semester,Undergraduate,6.0,In Person,2018
3551,LAWS8656,Refugee Law and Practice in Australia,First Semester,Postgraduate,6.0,Online,2018
3552,POLS6101,Refugee Politics: Displacement and Exclusion in the 20th and 21st Centuries,Second Semester,Postgraduate,6.0,In Person,2018
3553,POLS2101,Refugee Politics: Displacement and Exclusion in the 20th and 21st Centuries,Second Semester,Undergraduate,6.0,In Person,2018
3554,POLS8029,Regional Integration in the Global Economy,,Postgraduate,6.0,In Person,2018
3555,POGO8114,Regional Trade Arrangements,,Postgraduate,6.0,In Person,2018
3556,INTR2028,"Regionalism, Rights and Order in Southeast Asia",,Undergraduate,6.0,In Person,2018
3557,STAT2008,Regression Modelling,First Semester,Undergraduate,6.0,In Person,2018
3558,STAT4038,Regression Modelling,First Semester,Undergraduate,6.0,In Person,2018
3559,STAT6038,Regression Modelling,First Semester,Postgraduate,6.0,In Person,2018
3560,REGN9052,Regulation and Governance,First Semester,Postgraduate,6.0,In Person,2018
3561,REGN8052,Regulation and Governance,First Semester,Postgraduate,6.0,In Person,2018
3562,LAWS8589,Regulation of Religious Activities,,Postgraduate,6.0,In Person,2018
3563,ANUC2400,Relational Databases,First Semester/Second Semester,Undergraduate,6.0,In Person,2018
3564,COMP2400,Relational Databases,Second Semester,Undergraduate,6.0,In Person,2018
3565,COMP6240,Relational Databases,Second Semester,Postgraduate,6.0,In Person,2018
3566,SOCY2057,"Relationships, Marriage and Family",,Undergraduate,6.0,In Person,2018
3567,GEND2057,"Relationships, Marriage and Family",,Undergraduate,6.0,In Person,2018
3568,MATH3329,"Relativity, Black Holes and Cosmology",,Undergraduate,6.0,In Person,2018
3569,ARTH2168,Renaissance and Baroque Art,,Undergraduate,6.0,In Person,2018
3570,ARTH6168,Renaissance and Baroque Art,,Postgraduate,6.0,In Person,2018
3571,MUSC8019,"Repatriation: principles, policy, practice",Winter Session,Postgraduate,6.0,In Person,2018
3572,CHMD8005,"Representing Medicine: Performance, Drama and Identity",First Semester,Postgraduate,6.0,Online or In Person,2018
3573,COMP8100,Requirements Elicitation and Analysis Techniques,,Postgraduate,6.0,In Person,2018
3574,ARTV8054,Research,First Semester,Postgraduate,6.0,In Person,2018
3575,POGO9096,Research Design,,Research,12.0,In Person,2018
3576,BIAN6019,Research Design and Analysis in Archaeological and Evolutionary Science,Second Semester,Postgraduate,6.0,In Person,2018
3577,ARCH3000,Research Design and Analysis in Archaeology,Second Semester,Undergraduate,6.0,In Person,2018
3578,BIAN3014,Research Design and Analysis in Biological Anthropology,Second Semester,Undergraduate,6.0,In Person,2018
3579,ARTS8103,Research Design and Ethics,Summer Session/First Semester/Autumn Session/Winter Session/Second Semester/Spring Session,Postgraduate,6.0,In Person,2018
3580,ANTH8070,Research Design and Field Methods in Anthropology,,Postgraduate,6.0,In Person,2018
3581,POPH4315,Research Design and Methods,First Semester/Second Semester,Undergraduate,6.0,Online or In Person,2018
3582,POPH8315,Research Design and Methods,First Semester/Second Semester,Postgraduate,6.0,Online or In Person,2018
3583,POPH8915,Research Design and Methods,,Research,6.0,In Person,2018
3584,ARCH8106,Research Design and Research Proposal,First Semester/Second Semester,Postgraduate,12.0,In Person,2018
3585,ASIA9075,"Research Design and Writing in International, Political and Strategic Studies",Autumn Session,Postgraduate,6.0,In Person,2018
3586,ACST8050,Research Essay in Actuarial Studies,First Semester/Second Semester,Postgraduate,6.0,In Person,2018
3587,SOCY3001,Research Internship,Second Semester,Undergraduate,6.0,In Person,2018
3588,PREP1101,Research Methods,First Semester,Undergraduate,0.0,In Person,2018
3589,EMSC8017,Research Methods and Proposal,First Semester/Second Semester,Postgraduate,6.0,In Person,2018
3590,EMSC4017,Research Methods and Proposal,First Semester/Second Semester,Undergraduate,6.0,In Person,2018
3591,ECHI8003,Research Methods and Resources in Economic History,,Postgraduate,6.0,In Person,2018
3592,EMDV8102,Research Methods for Environmental Management,First Semester,Postgraduate,6.0,In Person,2018
3593,DIPL8000,Research Methods in Diplomacy,Second Semester,Postgraduate,6.0,In Person,2018
3594,DIPL9000,Research Methods in Diplomacy,Second Semester,Postgraduate,6.0,In Person,2018
3595,NSPO9020,Research Methods in National Security Policy,First Semester/Second Semester,Postgraduate,6.0,In Person,2018
3596,NSPO8020,Research Methods in National Security Policy,First Semester,Postgraduate,6.0,In Person,2018
3597,PSYC9025,Research Practicum I,,Research,8.0,In Person,2018
3598,PSYC9026,Research Practicum II,,Research,8.0,In Person,2018
3599,BIOL8291,Research Presentation Skills,First Semester/Second Semester,Postgraduate,6.0,In Person,2018
3600,ARTV4022,Research Principles and Methods 1,First Semester,Undergraduate,12.0,Online or In Person,2018
3601,DESA4001,Research Principles and Methods 1,First Semester,Undergraduate,12.0,Online or In Person,2018
3602,DESA4002,Research Principles and Methods 2,Second Semester,Undergraduate,12.0,Online or In Person,2018
3603,ARTV4023,Research Principles and Methods 2,Second Semester,Undergraduate,12.0,Online or In Person,2018
3604,BIOL8701,Research Project,Summer Session/First Semester/Autumn Session/Winter Session/Second Semester/Spring Session,Postgraduate,6.0,In Person,2018
3605,MEDI8013B,Research Project,Second Semester,Postgraduate,3.0,In Person,2018
3606,ENGN8601,Research Project,,Postgraduate,12.0,In Person,2018
3607,ENGN8602,Research Project,First Semester/Second Semester,Postgraduate,6.0,In Person,2018
3608,EMDV8066,Research Project,Second Semester,Postgraduate,12.0,In Person,2018
3609,MEDI2003,Research Project,,Undergraduate,0.0,In Person,2018
3610,MEDI8013A,Research Project,First Semester,Postgraduate,3.0,In Person,2018
3611,POGO8135,Research Project (12 units),Second Semester,Postgraduate,12.0,In Person,2018
3612,POGO8035,Research Project (6 units),Second Semester,Postgraduate,6.0,In Person,2018
3613,ARAB3004,Research Project (Arabic),First Semester,Undergraduate,6.0,In Person,2018
3614,ARAB6506,Research Project (Arabic),First Semester,Postgraduate,6.0,In Person,2018
3615,CHEM3060,Research Project in Chemistry,Summer Session/First Semester/Winter Session/Second Semester/Spring Session,Undergraduate,6.0,In Person,2018
3616,CHEM8003,Research Project in Chemistry,First Semester,Postgraduate,6.0,In Person,2018
3617,PHYS8170,Research Project in Photonics,First Semester/Second Semester,Postgraduate,6.0,In Person,2018
3618,BIOL8700,Research Proposal,First Semester/Second Semester,Postgraduate,12.0,In Person,2018
3619,EMDV8008,Research Proposal,First Semester,Postgraduate,6.0,Online or In Person,2018
3620,LAWS8657,Research Skills (Migration),,Postgraduate,6.0,Online,2018
3621,BIOL3202,Research Skills in Biology,,Undergraduate,6.0,In Person,2018
3622,STAT8012,Research Techniques (Statistics Graduate Program),,Postgraduate,6.0,In Person,2018
3623,DIPL8011,Research Thesis - Diplomacy,First Semester/Second Semester,Postgraduate,12.0,In Person,2018
3624,LANG4004,Research Tools in Advanced Language Studies,First Semester/Second Semester,Undergraduate,6.0,In Person,2018
3625,PHYS3045,Research Topics Physics,,Undergraduate,6.0,In Person,2018
3626,PHYS3042,Research Topics Physics,Summer Session/First Semester/Winter Session/Second Semester/Spring Session,Undergraduate,6.0,In Person,2018
3627,JPNS3023,Research Topics in Japanese: History & Society,Second Semester,Undergraduate,6.0,In Person,2018
3628,JPNS6023,Research Topics in Japanese: History & Society,Second Semester,Postgraduate,6.0,In Person,2018
3629,JPNS6025,Research Topics in Japanese: International Relations & Politics,First Semester,Postgraduate,6.0,In Person,2018
3630,JPNS3024,Research Topics in Japanese: International Relations & Politics,First Semester,Undergraduate,6.0,In Person,2018
3631,PHYS8505,Research Topics in Photonics,First Semester/Winter Session/Second Semester,Postgraduate,6.0,In Person,2018
3632,ASIA3083,Research Topics in South and Southeast Asian Languages A,First Semester,Undergraduate,6.0,In Person,2018
3633,ASIA6083,Research Topics in South and Southeast Asian Languages A,First Semester,Postgraduate,6.0,In Person,2018
3634,ASIA3108,Research Topics in South and Southeast Asian Languages B,Second Semester,Undergraduate,6.0,In Person,2018
3635,ASIA6108,Research Topics in South and Southeast Asian Languages B,Second Semester,Postgraduate,6.0,In Person,2018
3636,POLS8042,Research Training: Scope and Methods,First Semester,Postgraduate,12.0,In Person,2018
3637,POLS4011,Research Training: Scope and Methods,First Semester,Undergraduate,12.0,In Person,2018
3638,POLS1009,Research and Writing in Political Science,Second Semester,Undergraduate,6.0,In Person,2018
3639,SOCY2164,Research for Public Policy,,Undergraduate,6.0,In Person,2018
3640,CLAS8018,Research in Classical Studies,First Semester/Second Semester,Postgraduate,12.0,In Person,2018
3641,CLAS8020,Research in Classical Studies,,Postgraduate,12.0,In Person,2018
3642,CLAS4007,Research in Classical Studies,,Undergraduate,12.0,In Person,2018
3643,EMDV8014,Research in Climate Change Policy and Economics,Second Semester,Postgraduate,6.0,Online or In Person,2018
3644,ENVS8013,Research in Climate Change Vulnerability and Adaptation,First Semester,Postgraduate,6.0,In Person,2018
3645,HGEO8003,Research in Natural Hazards and Disasters,,Postgraduate,6.0,In Person,2018
3646,HGEO8004,Research in Natural Hazards and Disasters,,Postgraduate,12.0,In Person,2018
3647,ENGL4020,Researching and Writing the Thesis: A Workshop,First Semester,Undergraduate,6.0,In Person,2018
3648,ENGL8020,Researching and Writing the Thesis: A Workshop,First Semester,Postgraduate,6.0,In Person,2018
3649,ECON3128,Resource and Environmental Economics,Second Semester,Undergraduate,6.0,In Person,2018
3650,ECON8040,Resource and Environmental Economics,Second Semester,Postgraduate,6.0,In Person,2018
3651,LAWS4254,Restitution,First Semester,Undergraduate,6.0,In Person,2018
3652,ASIA3033,"Rethinking Northeast Asia: Region, Culture and Society",Second Semester,Undergraduate,6.0,In Person,2018
3653,ASIA8011,"Rethinking Northeast Asia: Region, Culture and Society",Second Semester,Postgraduate,6.0,In Person,2018
3654,ENGL6038,"Revolution and Romanticism in British Literature, 1789-1832",Second Semester,Postgraduate,6.0,In Person,2018
3655,ENGL2038,"Revolution and Romanticism in British Literature, 1789-1832",Second Semester,Undergraduate,6.0,In Person,2018
3656,MGMT7203,Risk Analysis for Business Management,,Postgraduate,6.0,In Person,2018
3657,FINM7030,Risk Management,,Postgraduate,3.0,In Person,2018
3658,STAT3035,Risk Theory,First Semester,Undergraduate,6.0,In Person,2018
3659,STAT8035,Risk Theory,First Semester,Postgraduate,6.0,In Person,2018
3660,STAT4035,Risk Theory,First Semester,Undergraduate,6.0,In Person,2018
3661,POGO8112,Risk for Public Sector Managers,,Postgraduate,6.0,In Person,2018
3662,ENGN6627,Robotics,Second Semester,Postgraduate,6.0,In Person,2018
3663,ENGN4627,Robotics,Second Semester,Undergraduate,6.0,In Person,2018
3664,HIST2239,"Rock, Sex and War: Australia's 1960s - 1970s",,Undergraduate,6.0,In Person,2018
3665,HIST6238,"Rock, Sex and War: Australia's 1960s - 1970s",,Postgraduate,6.0,In Person,2018
3666,EMSC2017,Rocks and Minerals,First Semester,Undergraduate,6.0,In Person,2018
3667,EMSC4117,Rocks and Minerals,First Semester,Undergraduate,6.0,In Person,2018
3668,EMSC6017,Rocks and Minerals,First Semester,Postgraduate,6.0,In Person,2018
3669,ANCH2026,Rome: After Empire (Europe 400–800 AD),,Undergraduate,6.0,In Person,2018
3670,ANCH6026,Rome: After Empire (Europe 400–800 AD),,Postgraduate,6.0,In Person,2018
3671,ANCH2027,Rome: Crisis and Consolidation (193-313 AD),Spring Session,Undergraduate,12.0,In Person,2018
3672,ANCH6027,Rome: Crisis and Consolidation (193-313 AD),Spring Session,Postgraduate,12.0,In Person,2018
3673,ANCH6104,Rome: Republic to Empire,Second Semester,Postgraduate,6.0,In Person,2018
3674,ANCH1014,Rome: Republic to Empire,Second Semester,Undergraduate,6.0,In Person,2018
3675,STAT8022,Sample Surveys,,Postgraduate,6.0,In Person,2018
3676,ASIA3011,Samurai Society and Social Control  in Japan,,Undergraduate,6.0,In Person,2018
3677,ASIA6511,Samurai Society and Social Control in Japan,,Postgraduate,6.0,In Person,2018
3678,SKRT1002,Sanskrit 1,First Semester,Undergraduate,6.0,Online or In Person,2018
3679,SKRT6102,Sanskrit 1,First Semester,Postgraduate,6.0,Online or In Person,2018
3680,SKRT6103,Sanskrit 2,Second Semester,Postgraduate,6.0,Online or In Person,2018
3681,SKRT1003,Sanskrit 2,Second Semester,Undergraduate,6.0,Online or In Person,2018
3682,SKRT2103,Sanskrit 3,First Semester,Undergraduate,6.0,Online or In Person,2018
3683,SKRT6160,Sanskrit 3,First Semester,Postgraduate,6.0,Online or In Person,2018
3684,SKRT2104,Sanskrit 4,Second Semester,Undergraduate,6.0,Online or In Person,2018
3685,SKRT6107,Sanskrit 4,Second Semester,Postgraduate,6.0,Online or In Person,2018
3686,SKRT6105,Sanskrit 5,First Semester,Postgraduate,6.0,Online or In Person,2018
3687,SKRT3004,Sanskrit 5,First Semester,Undergraduate,6.0,Online or In Person,2018
3688,SKRT6106,Sanskrit 6,Second Semester,Postgraduate,6.0,Online or In Person,2018
3689,SKRT3005,Sanskrit 6,Second Semester,Undergraduate,6.0,Online or In Person,2018
3690,SCOM1001,Science Communication 1: Science and Public Awareness,First Semester,Undergraduate,6.0,In Person,2018
3691,SCOM1002,Science Communication 2: Scientific Evidence and Social Change,Second Semester,Undergraduate,6.0,In Person,2018
3692,SCOM6004,Science Communication Internship,Summer Session/First Semester/Autumn Session/Winter Session/Second Semester/Spring Session,Postgraduate,6.0,In Person,2018
3693,SCOM3004,Science Communication Internship,Summer Session/First Semester/Autumn Session/Winter Session/Second Semester/Spring Session,Undergraduate,6.0,In Person,2018
3694,SCOM3003,Science Communication Research Project,First Semester/Second Semester,Undergraduate,6.0,In Person,2018
3695,SCOM3012,Science Communication and the Web,Winter Session,Undergraduate,6.0,In Person,2018
3696,SCOM6012,Science Communication and the Web,Winter Session,Postgraduate,6.0,Online or In Person,2018
3697,SCOM8020,Science Communication in Schools and Public,Winter Session,Postgraduate,6.0,In Person,2018
3698,SCOM6030,Science Dialogue Theory and Practice,Spring Session,Postgraduate,6.0,In Person,2018
3699,SCOM3030,Science Dialogue Theory and Practice,Spring Session,Undergraduate,6.0,In Person,2018
3700,SCOM6017,Science Events for Public Engagement,,Postgraduate,6.0,In Person,2018
3701,SCOM3017,Science Events for Public Engagement,,Undergraduate,6.0,In Person,2018
3702,SCNC8001,Science Higher Degree by Research Internship,,Research,3.0,In Person,2018
3703,SCNC4000,Science Honours,First Semester/Second Semester,Undergraduate,6.0,In Person,2018
3704,SCNC2000,Science Internship,Summer Session/First Semester/Autumn Session/Winter Session/Second Semester/Spring Session,Undergraduate,6.0,In Person,2018
3705,SCNC8000,Science Internship,Summer Session/First Semester/Autumn Session/Winter Session/Second Semester/Spring Session,Postgraduate,6.0,In Person,2018
3706,SCNC3000,Science Internship,Summer Session/First Semester/Autumn Session/Winter Session/Second Semester/Spring Session,Undergraduate,6.0,In Person,2018
3707,SCNC3021,Science Research Project,Summer Session/First Semester/Autumn Session/Winter Session/Second Semester/Spring Session,Undergraduate,6.0,In Person,2018
3708,SCNC2021,Science Research Project,Summer Session/First Semester/Autumn Session/Winter Session/Second Semester/Spring Session,Undergraduate,6.0,In Person,2018
3709,SCNC8021,Science Research Project,Summer Session/First Semester/Autumn Session/Winter Session/Second Semester/Spring Session,Postgraduate,3.0,In Person,2018
3710,SCOM6027,Science and Public Policy,Second Semester,Postgraduate,6.0,Online or In Person,2018
3711,SCOM3027,Science and Public Policy,Second Semester,Undergraduate,6.0,Online or In Person,2018
3712,SCOM6003,Science in Popular Fiction,Autumn Session,Postgraduate,6.0,In Person,2018
3713,SCOM2003,Science in Popular Fiction,Autumn Session,Undergraduate,6.0,In Person,2018
3714,PHIL2126,"Science in Society: Ethics, Public Policy and Scientific Practice",,Undergraduate,6.0,In Person,2018
3715,SCOM2016,Science in the Media,First Semester,Undergraduate,6.0,In Person,2018
3716,SCOM6016,Science in the Media,Autumn Session,Postgraduate,6.0,In Person,2018
3717,POGO8093,"Science, Innovation and Public Policy",,Postgraduate,6.0,In Person,2018
3718,SCOM6031,"Science, Risk and Ethics",First Semester,Postgraduate,6.0,Online or In Person,2018
3719,SCOM2031,"Science, Risk and Ethics",First Semester,Undergraduate,6.0,In Person,2018
3720,MATH3511,Scientific Computing,First Semester,Undergraduate,6.0,In Person,2018
3721,MATH6111,Scientific Computing,First Semester,Postgraduate,6.0,In Person,2018
3722,BIAN6510,Scientific Dating in Archaeology and Palaeoenvironmental Studies,Second Semester,Postgraduate,6.0,In Person,2018
3723,BIAN3010,Scientific Dating in Archaeology and Palaeoenvironmental Studies,Second Semester,Undergraduate,6.0,In Person,2018
3724,MATH6103,Scientific and Industrial Modelling,Second Semester,Postgraduate,6.0,In Person,2018
3725,MATH3501,Scientific and Industrial Modelling,Second Semester,Undergraduate,6.0,In Person,2018
3726,ARTV2818,Sculpture Advanced Construction,,Undergraduate,6.0,In Person,2018
3727,ARTV6802,Sculpture Advanced Construction through Fabrication,,Postgraduate,6.0,In Person,2018
3728,ARTV2814,Sculpture Advanced Methods Through Installation and Site Considerations,First Semester,Undergraduate,6.0,In Person,2018
3729,ARTV2816,"Sculpture Advanced Studio 1: Independent Research, Design, Drawing, Making",,Undergraduate,6.0,In Person,2018
3730,ARTV2817,"Sculpture Advanced Studio 2: Independent Research, Concept Reflection & Material Extension",,Undergraduate,6.0,In Person,2018
3731,ARTV6804,Sculpture Replicating Through Casting and Finishing Bronze,Second Semester,Postgraduate,6.0,In Person,2018
3732,ARTV2813,Sculpture Reproduction and Simulacra Through Casting and Finishing Bronze,Second Semester,Undergraduate,6.0,In Person,2018
3733,ARTV6805,Sculpture Temporal Studies Making Time in Space: through chance and process approaches,Second Semester,Postgraduate,6.0,In Person,2018
3734,ARTV6814,Sculpture: Advanced Methods Through Installation and Site Considerations,First Semester,Postgraduate,6.0,In Person,2018
3735,ARTV6801,"Sculpture: Bricolage Through Collecting, Collating and Construction with Found Materials",First Semester,Postgraduate,6.0,In Person,2018
3736,ARTV2806,"Sculpture: Bricolage Through Collecting, Collating and Construction with Found Materials",First Semester,Undergraduate,6.0,In Person,2018
3737,ARTV1801,"Sculpture: Constructed Form and Space , Through Investigations with Wood and Metal",First Semester,Undergraduate,6.0,In Person,2018
3738,ARTV3801,Sculpture: Independent Work Proposal 1 Introduction to IWP,First Semester,Undergraduate,6.0,In Person,2018
3739,ARTV3802,Sculpture: Independent Work Proposal 2,Second Semester,Undergraduate,6.0,In Person,2018
3740,ARTV2809,Sculpture: Material Integration and Context Through Mixed Media and Advanced Processes,Second Semester,Undergraduate,6.0,In Person,2018
3741,ARTV1802,"Sculpture: Plasticity, Observation and Abstraction Through Figure Modeling and Waste Moulding",Second Semester,Undergraduate,6.0,In Person,2018
3742,ARTV6803,Sculpture: Space and Negative to Positive Reproduction through mould making and surface replication,First Semester,Postgraduate,6.0,In Person,2018
3743,ARTV2807,Sculpture: Space and Reproduction Through Mould Making and Surface Replication,First Semester,Undergraduate,6.0,In Person,2018
3744,ARTV2808,"Sculpture: Space and Shape Investigations with Soft Sculpture, Pattern Making and Armature",Second Semester,Undergraduate,6.0,In Person,2018
3745,ARTV2815,"Sculpture: Temporal Studies, making time in space",Second Semester,Undergraduate,6.0,In Person,2018
3746,LING2101,Second Language Acquisition,First Semester,Undergraduate,6.0,In Person,2018
3747,LING6101,Second Language Acquisition,First Semester,Postgraduate,6.0,In Person,2018
3748,NSPO8019,Sectarianism and Religiously Motivated Violence,First Semester,Postgraduate,6.0,In Person,2018
3749,STST2131,Security Communities from War to Peace,,Undergraduate,6.0,In Person,2018
3750,EMSC2014,Sedimentology and Stratigraphy,First Semester,Undergraduate,6.0,In Person,2018
3751,EMSC4014,Sedimentology and Stratigraphy,First Semester,Undergraduate,6.0,In Person,2018
3752,EMSC6014,Sedimentology and Stratigraphy,First Semester,Postgraduate,6.0,In Person,2018
3753,CRWF8012,Selected Themes in Economics and Government,,Postgraduate,6.0,In Person,2018
3754,POGO8102,Selected Themes in Public Policy,First Semester/Autumn Session,Postgraduate,6.0,In Person,2018
3755,NSPO8022,Selected Topic in National Security Policy,Summer Session/First Semester/Autumn Session/Winter Session/Second Semester/Spring Session,Postgraduate,6.0,In Person,2018
3756,LING4012,Selected Topics in Analysis of a Subsystem of Language,First Semester/Second Semester,Undergraduate,6.0,In Person,2018
3757,LAWS4257,Selected Topics in Australian-United States Comparative Law (ANU),Winter Session,Undergraduate,6.0,In Person,2018
3758,LAWS4248,Selected Topics in Australian-United States Comparative Law (Alabama),Summer Session,Undergraduate,6.0,In Person,2018
3759,LING4010,Selected Topics in Empirical Approaches to Linguistics,First Semester/Autumn Session/Second Semester,Undergraduate,6.0,In Person,2018
3760,FREN2021,Selected Topics in French Studies,First Semester,Undergraduate,6.0,In Person,2018
3761,FREN6510,Selected Topics in French Studies,First Semester,Postgraduate,6.0,In Person,2018
3762,LING4009,Selected Topics in Methodologies for Researching Language,First Semester/Second Semester,Undergraduate,12.0,In Person,2018
3763,LING4011,Selected Topics in Theory and Analysis in Linguistics,First Semester/Second Semester,Undergraduate,12.0,In Person,2018
3764,LAWS4233,Selected Topics in Torts,,Undergraduate,6.0,In Person,2018
3765,SOCY1002,Self and Society,First Semester,Undergraduate,6.0,In Person,2018
3766,LING6008,Semantics,First Semester,Postgraduate,6.0,Online or In Person,2018
3767,LING2008,Semantics,First Semester,Undergraduate,6.0,In Person,2018
3768,ASIA5920,Semester in Asia,First Semester/Winter Session/Second Semester,Undergraduate,6.0,In Person,2018
3769,ASIA6504,Semester in Asia,,Postgraduate,24.0,In Person,2018
3770,ENGN3334,Semiconductors,Second Semester,Undergraduate,6.0,In Person,2018
3771,ENGN6334,Semiconductors,Second Semester,Postgraduate,6.0,In Person,2018
3772,PHYS6504,Semiconductors,Second Semester,Postgraduate,6.0,In Person,2018
3773,PHYS3053,Semiconductors for Optical Systems,,Undergraduate,3.0,In Person,2018
3774,EMSC4040,Seminar A,Summer Session/First Semester/Autumn Session/Winter Session/Second Semester/Spring Session,Undergraduate,3.0,In Person,2018
3775,EMSC3030,Seminar A,Summer Session/First Semester/Autumn Session/Winter Session/Second Semester/Spring Session,Undergraduate,3.0,In Person,2018
3776,EMSC6040,Seminar A: Short Research Project,First Semester/Second Semester,Postgraduate,3.0,In Person,2018
3777,EMSC4041,Seminar B,Summer Session/First Semester/Autumn Session/Winter Session/Second Semester/Spring Session,Undergraduate,3.0,In Person,2018
3778,EMSC3031,Seminar B,Summer Session/First Semester/Autumn Session/Winter Session/Second Semester/Spring Session,Undergraduate,3.0,In Person,2018
3779,EMSC6041,Seminar B: Short Research Project,First Semester/Second Semester,Postgraduate,3.0,In Person,2018
3780,HIST8027,Seminar in Advanced Historical Research,Second Semester,Postgraduate,12.0,Online or In Person,2018
3781,HIST4011,Seminar in Advanced Historiography,First Semester,Undergraduate,12.0,In Person,2018
3782,HIST8024,Seminar in Advanced Historiography,First Semester,Postgraduate,6.0,In Person,2018
3783,HIST4013,Seminar in Historical Writing and Presentation,Second Semester,Undergraduate,12.0,In Person,2018
3784,BUSN8013,Seminar in Research Method in Commerce,First Semester/Second Semester,Postgraduate,6.0,In Person,2018
3785,BUSN4013,Seminar in Research Method in Commerce,First Semester/Second Semester,Undergraduate,6.0,In Person,2018
3786,LING3022,Seminar on Semantics,,Undergraduate,6.0,In Person,2018
3787,LING6522,Seminar on Semantics,,Postgraduate,6.0,In Person,2018
3788,BIOL3103,Sensory Physiology and Animal Behaviour,,Undergraduate,6.0,In Person,2018
3789,BIOL6103,Sensory Physiology and Animal Behaviour,,Postgraduate,6.0,In Person,2018
3790,POGO8208,Service Contracts,,Postgraduate,6.0,In Person,2018
3791,MKTG2023,Services Marketing,Second Semester,Undergraduate,6.0,Online or In Person,2018
3792,MKTG7023,Services Marketing,Second Semester,Postgraduate,6.0,In Person,2018
3793,HIST8016,Settler Societies and Indigenous Encounters,Second Semester,Postgraduate,6.0,Online or In Person,2018
3794,ENVS3011,Severe Weather,,Undergraduate,6.0,Online or In Person,2018
3795,ENVS6311,Severe Weather,,Postgraduate,6.0,Online or In Person,2018
3796,PHIL2082,Sex and Death: the Philosophy of Biology,,Undergraduate,6.0,In Person,2018
3797,GEND1001,"Sex, Gender and Identity: An Introduction to Gender Studies",First Semester,Undergraduate,6.0,In Person,2018
3798,HIST2229,Sexuality in Australian History,,Undergraduate,6.0,In Person,2018
3799,HIST6229,Sexuality in Australian History,,Postgraduate,6.0,In Person,2018
3800,ENGL2055,Shakespeare and Film,First Semester,Undergraduate,6.0,In Person,2018
3801,POLS3029,Sharing Power: Federalism in Comparative Perspective,First Semester,Undergraduate,6.0,In Person,2018
3802,MEAS8122,Shiite Islam in World Politics,,Postgraduate,6.0,In Person,2018
3803,ENGN2228,Signal Processing,Second Semester,Undergraduate,6.0,In Person,2018
3804,ARTS8102,Situating the Thesis (TPR),Summer Session/First Semester/Autumn Session/Winter Session/Second Semester/Spring Session,Postgraduate,6.0,In Person,2018
3805,LAWS8658,Skilled and Business Migration,Second Semester,Postgraduate,6.0,Online,2018
3806,ANTH8019,Social Analysis & Community Politics,First Semester,Postgraduate,6.0,Online or In Person,2018
3807,ANTH2133,Social Animals: anthropological perspectives on animal-human relationships,,Undergraduate,6.0,In Person,2018
3808,ANTH6519,Social Animals: anthropological perspectives on animal-human relationships,,Postgraduate,6.0,In Person,2018
3809,ASIA8050,Social Conflict and Environmental Challenges in Asia and the Pacific,,Postgraduate,6.0,In Person,2018
3810,POPH8108,Social Determinants of Health,Second Semester,Postgraduate,6.0,Online or In Person,2018
3811,ANTH8028,Social Impact Assessment: Theory and Methods,Second Semester,Postgraduate,6.0,Online or In Person,2018
3812,ANTH8008,Social Impact Assessment: Theory and Methods (Advanced),Second Semester,Postgraduate,12.0,Online or In Person,2018
3813,SOCY2055,Social Inequality in Comparative Perspective,,Undergraduate,6.0,In Person,2018
3814,MKTG3024,Social Marketing,,Undergraduate,6.0,In Person,2018
3815,POGO8025,Social Policy Analysis,First Semester,Postgraduate,6.0,In Person,2018
3816,POGO8024,"Social Policy, Society and Change",,Postgraduate,6.0,In Person,2018
3817,SOCY2101,Social Policy: Principles and Practice,First Semester,Undergraduate,6.0,In Person,2018
3818,PSYC2001,Social Psychology,Second Semester,Undergraduate,6.0,In Person,2018
3819,DEMO8082,Social Research Practice,Second Semester,Postgraduate,6.0,In Person,2018
3820,SOCY9001,Social Research Theory and Design,Second Semester,Postgraduate,6.0,In Person,2018
3821,SOCY2166,Social Science of the Internet,First Semester,Undergraduate,6.0,In Person,2018
3822,SOCY6066,Social Science of the Internet,First Semester,Postgraduate,6.0,In Person,2018
3823,PREP1140,Social psychology,Spring Session,Undergraduate,6.0,In Person,2018
3824,ASIA8035,Societies in Asia,,Postgraduate,6.0,In Person,2018
3825,SOCY1006,Society & Technological Change,,Undergraduate,6.0,In Person,2018
3826,ENVS6013,Society and Environmental Change,Second Semester,Postgraduate,6.0,In Person,2018
3827,ENVS2013,Society and Environmental Change,Second Semester,Undergraduate,6.0,In Person,2018
3828,SOCY4010,Sociology Honours Methods Seminar,First Semester,Undergraduate,12.0,In Person,2018
3829,SOCY4009,Sociology Honours Theory Seminar,First Semester,Undergraduate,12.0,In Person,2018
3830,SOCY8103,Sociology in the Digital Age,,Postgraduate,6.0,In Person,2018
3831,SOCY2170,Sociology of Emergent Media,,Undergraduate,6.0,In Person,2018
3832,SOCY2162,Sociology of Health and Illness,,Undergraduate,6.0,In Person,2018
3833,SOCY2059,Sociology of Resistance,First Semester,Undergraduate,6.0,In Person,2018
3834,SOCY2030,Sociology of Third World Development,Second Semester,Undergraduate,6.0,In Person,2018
3835,PHYS2204,Soft Condensed Matter: Understanding squishy materials from food to biology,Second Semester,Undergraduate,6.0,In Person,2018
3836,COMP6311,Software Analysis and Design,,Postgraduate,6.0,In Person,2018
3837,COMP2130,Software Analysis and Design,,Undergraduate,6.0,In Person,2018
3838,COMP6442,Software Construction,First Semester/Second Semester,Postgraduate,6.0,In Person,2018
3839,COMP2100,Software Design Methodologies,First Semester/Second Semester,Undergraduate,6.0,In Person,2018
3840,COMP2120,Software Engineering,Second Semester,Undergraduate,6.0,In Person,2018
3841,COMP6120,Software Engineering,Second Semester,Postgraduate,6.0,In Person,2018
3842,COMP3100,Software Engineering Group Project,,Undergraduate,6.0,In Person,2018
3843,COMP4500,Software Engineering Practice,First Semester/Second Semester,Undergraduate,6.0,In Person,2018
3844,COMP8173,Software Engineering Processes,,Postgraduate,6.0,In Person,2018
3845,COMP3500,Software Engineering Project,First Semester/Second Semester,Undergraduate,6.0,In Person,2018
3846,COMP4540,Software Engineering Research Project,First Semester/Second Semester,Undergraduate,12.0,In Person,2018
3847,COMP7500,Software Security,,Postgraduate,6.0,Online or In Person,2018
3848,ENGN6525,Solar Thermal Technologies,Second Semester,Postgraduate,6.0,In Person,2018
3849,ENGN4525,Solar Thermal Technologies,Second Semester,Undergraduate,6.0,In Person,2018
3850,EMDV8126,Solutions Focused Workshop,,Postgraduate,6.0,In Person,2018
3851,MUSI3321,Songwriting: concepts and craft,First Semester,Undergraduate,6.0,In Person,2018
3852,MUSI3318,Sound Archiving,Winter Session,Undergraduate,6.0,In Person,2018
3853,MUSI6008,Sound Archiving,Winter Session,Postgraduate,6.0,In Person,2018
3854,LING2010,Sounds of the World's Languages: Phonetics and Phonology,Second Semester,Undergraduate,6.0,In Person,2018
3855,LING6010,Sounds of the World's Languages: Phonetics and Phonology,Second Semester,Postgraduate,6.0,Online or In Person,2018
3856,ECON4449,South East Asian Economic Policy & Development,,Undergraduate,6.0,In Person,2018
3857,ECON8049,Southeast Asian Economic Policy and Development,,Postgraduate,6.0,In Person,2018
3858,ECON3019,Southeast Asian Economic Policy and Development(H),,Undergraduate,6.0,In Person,2018
3859,ECON3009,Southeast Asian Economic Policy and Development(P),,Undergraduate,6.0,In Person,2018
3860,ASIA6082,Southeast Asian Landscapes of Power,,Postgraduate,6.0,In Person,2018
3861,ASIA6060,Southeast Asian Security,,Postgraduate,6.0,In Person,2018
3862,ASIA2060,Southeast Asian Security,,Undergraduate,6.0,In Person,2018
3863,DEMO8063,Spatial Population Data Analysis,First Semester,Postgraduate,6.0,In Person,2018
3864,SCOM2015,Speaking of Science,,Undergraduate,6.0,In Person,2018
3865,SCOM4015,Speaking of Science,,Undergraduate,6.0,In Person,2018
3866,SCOM6015,Speaking of Science,,Postgraduate,6.0,In Person,2018
3867,LAWS4234,Special Law Elective 1: Animals and the Law,,Undergraduate,6.0,In Person,2018
3868,MGMT8172,Special Management Topic,,Postgraduate,6.0,In Person,2018
3869,MMIB8003,Special Research Topic 1,First Semester/Second Semester,Postgraduate,6.0,In Person,2018
3870,MMIB8004,Special Research Topic 2,First Semester/Second Semester,Postgraduate,12.0,In Person,2018
3871,ENVS3016,Special Topic,Summer Session/First Semester/Autumn Session/Winter Session/Second Semester/Spring Session,Undergraduate,6.0,In Person,2018
3872,POLS8033,Special Topic Globalisation,,Postgraduate,6.0,In Person,2018
3873,STST2004,Special Topic in International Security,,Undergraduate,6.0,In Person,2018
3874,MATH6209,Special Topic in Mathematical Sciences,Summer Session/First Semester/Second Semester,Postgraduate,6.0,In Person,2018
3875,MEAS8105,Special Topic in Middle Eastern and Central Asian Studies,,Postgraduate,6.0,In Person,2018
3876,STST8108,Special Topic in Military and Defence Studies,,Postgraduate,6.0,In Person,2018
3877,MEAS8123,Special Topic in Modern Islam,,Postgraduate,6.0,In Person,2018
3878,SOCR8004,Special Topic in Social Research,,Postgraduate,6.0,In Person,2018
3879,EMSC3050,Special Topics,Summer Session/First Semester/Autumn Session/Winter Session/Second Semester/Spring Session,Undergraduate,6.0,In Person,2018
3880,ECON3112,Special Topics  in Macroeconomics,First Semester/Second Semester,Undergraduate,6.0,In Person,2018
3881,ECON8112,Special Topics  in Macroeconomics,First Semester/Second Semester,Postgraduate,6.0,In Person,2018
3882,FINM8002,Special Topics - Finance (Corporate and Behavioural Finance),First Semester/Second Semester,Postgraduate,6.0,In Person,2018
3883,ENGN6521,Special Topics In  Engineering II,First Semester/Winter Session/Second Semester,Postgraduate,6.0,In Person,2018
3884,BUSN3060,Special Topics In Commerce,First Semester/Second Semester,Undergraduate,6.0,In Person,2018
3885,POLS8041,Special Topics In Comparative Politics,,Postgraduate,6.0,In Person,2018
3886,ACST3001,Special Topics in Actuarial Studies,First Semester/Second Semester,Undergraduate,6.0,In Person,2018
3887,ACST8051,Special Topics in Actuarial Studies 1,First Semester/Second Semester,Postgraduate,6.0,In Person,2018
3888,ACST8052,Special Topics in Actuarial Studies 2,First Semester/Second Semester,Postgraduate,6.0,In Person,2018
3889,STAT8024,Special Topics in Applied Statistics 1,First Semester/Second Semester,Postgraduate,6.0,In Person,2018
3890,STAT8025,Special Topics in Applied Statistics 2,First Semester/Second Semester,Postgraduate,6.0,In Person,2018
3891,ARAB6508,Special Topics in Arabic,,Postgraduate,6.0,In Person,2018
3892,ARAB3006,Special Topics in Arabic,,Undergraduate,6.0,In Person,2018
3893,ASIA2112,Special Topics in Asian Studies,,Undergraduate,6.0,In Person,2018
3894,ASIA6022,Special Topics in Asian and Pacific Studies,,Postgraduate,6.0,In Person,2018
3895,BUSN4010,Special Topics in Commerce,First Semester/Second Semester,Undergraduate,6.0,In Person,2018
3896,BUSN4101,Special Topics in Commerce,First Semester/Second Semester,Undergraduate,6.0,In Person,2018
3897,BUSN8010,Special Topics in Commerce,First Semester/Second Semester,Postgraduate,6.0,In Person,2018
3898,BUSN8101,Special Topics in Commerce,First Semester/Second Semester,Postgraduate,6.0,In Person,2018
3899,BUSN8102,Special Topics in Commerce,First Semester/Second Semester,Postgraduate,6.0,In Person,2018
3900,BUSN8103,Special Topics in Commerce,First Semester/Second Semester,Postgraduate,6.0,In Person,2018
3901,COMP2710,Special Topics in Computer Science,First Semester/Second Semester,Undergraduate,6.0,In Person,2018
3902,COMP6470,Special Topics in Computing,Summer Session/First Semester/Autumn Session/Second Semester/Spring Session,Postgraduate,6.0,In Person,2018
3903,CRIM2011,Special Topics in Criminology,First Semester/Second Semester,Undergraduate,6.0,In Person,2018
3904,DIPL8012,Special Topics in Diplomacy,First Semester/Autumn Session/Winter Session/Second Semester/Spring Session,Postgraduate,6.0,Online or In Person,2018
3905,EMSC4050,Special Topics in Earth Science,Summer Session/First Semester/Autumn Session/Winter Session/Second Semester/Spring Session,Undergraduate,6.0,In Person,2018
3906,EMSC8014,Special Topics in Earth Science,First Semester/Autumn Session/Winter Session/Second Semester/Spring Session,Postgraduate,6.0,In Person,2018
3907,EMET3020,Special Topics in Econometrics,First Semester/Second Semester,Undergraduate,6.0,In Person,2018
3908,EMET8020,Special Topics in Econometrics,First Semester/Second Semester,Postgraduate,6.0,In Person,2018
3909,ECON8099,Special Topics in Economic Dynamics,First Semester/Second Semester,Postgraduate,6.0,In Person,2018
3910,ECON3099,Special Topics in Economic Dynamics,First Semester/Second Semester,Undergraduate,6.0,In Person,2018
3911,ECON3020,Special Topics in Economics: Computing and Data Skills,,Undergraduate,6.0,In Person,2018
3912,ENGN4521,Special Topics in Engineering 2,Second Semester,Undergraduate,6.0,In Person,2018
3913,ENGN4522,Special Topics in Engineering 3,Second Semester,Undergraduate,6.0,In Person,2018
3914,ENGN4523,Special Topics in Engineering 4,Second Semester,Undergraduate,6.0,In Person,2018
3915,ENGN4520,Special Topics in Engineering I,Summer Session/First Semester/Autumn Session/Winter Session/Second Semester,Undergraduate,6.0,In Person,2018
3916,ENGN6520,Special Topics in Engineering I,First Semester/Winter Session/Second Semester,Postgraduate,6.0,In Person,2018
3917,LAWS8291,Special Topics in Environmental Law,Spring Session,Postgraduate,6.0,In Person,2018
3918,EMDV8041,Special Topics in Environmental Management and Development,First Semester/Second Semester,Postgraduate,6.0,In Person,2018
3919,FINM3004,Special Topics in Finance,First Semester/Second Semester,Undergraduate,6.0,In Person,2018
3920,FINM7031,Special Topics in Financial Management,,Postgraduate,3.0,In Person,2018
3921,LAWS8590,Special Topics in Government and Regulation,,Postgraduate,6.0,In Person,2018
3922,INDG3005,Special Topics in Indigenous Studies,,Undergraduate,6.0,In Person,2018
3923,LAWS8122,Special Topics in International Law,,Postgraduate,6.0,In Person,2018
3924,INTR8018,Special Topics in International Relations,First Semester/Second Semester,Postgraduate,6.0,In Person,2018
3925,LAWS8019,Special Topics in International Security Law,,Postgraduate,6.0,In Person,2018
3926,POLS2128,Special Topics in Latin American Politics and Society I,,Undergraduate,6.0,In Person,2018
3927,LAWS8148,Special Topics in Law,,Postgraduate,6.0,In Person,2018
3928,LAWS8028,"Special Topics in Law, Governance and Development",Spring Session,Postgraduate,6.0,In Person,2018
3929,LAWS8157,Special Topics in Legal Practice,,Postgraduate,6.0,Online,2018
3930,LING3025,Special Topics in Linguistics,First Semester/Second Semester,Undergraduate,6.0,In Person,2018
3931,LING6525,Special Topics in Linguistics,First Semester/Second Semester,Postgraduate,6.0,In Person,2018
3932,MATH3349,Special Topics in Mathematics,Summer Session/First Semester/Autumn Session/Winter Session/Second Semester/Spring Session,Undergraduate,6.0,In Person,2018
3933,MATH4349,Special Topics in Mathematics,Summer Session/First Semester/Autumn Session/Winter Session/Second Semester/Spring Session,Undergraduate,6.0,In Person,2018
3934,ECON3110,Special Topics in Microeconomics,First Semester/Second Semester,Undergraduate,6.0,In Person,2018
3935,ECON8110,Special Topics in Microeconomics,First Semester/Second Semester,Postgraduate,6.0,In Person,2018
3936,MEAS4001,Special Topics in Middle Eastern and Central Asian Studies,First Semester,Undergraduate,6.0,In Person,2018
3937,POLS4009,Special Topics in Politics and International Relations 1,First Semester,Undergraduate,6.0,In Person,2018
3938,POLS4010,Special Topics in Politics and International Relations 2,First Semester,Undergraduate,6.0,In Person,2018
3939,PSYC3023,Special Topics in Psychology,Summer Session/First Semester/Autumn Session/Winter Session/Second Semester/Spring Session,Undergraduate,6.0,In Person,2018
3940,SOCY2168,Special Topics in Sociology,,Undergraduate,6.0,In Person,2018
3941,STAT3039,Special Topics in Statistics,First Semester/Second Semester,Undergraduate,6.0,In Person,2018
3942,STAT8016,Special Topics in Statistics 1,,Postgraduate,6.0,In Person,2018
3943,STAT8017,Special Topics in Statistics 2,,Postgraduate,6.0,In Person,2018
3944,STST8017,Special Topics in Strategic Studies,Winter Session,Postgraduate,6.0,In Person,2018
3945,ANTH6004,Spirit Rising: Religious Resurgence in its Local Context,Second Semester,Postgraduate,6.0,Online or In Person,2018
3946,ANTH2004,Spirit Rising: Religious Resurgence in its Local Context,Second Semester,Undergraduate,6.0,In Person,2018
3947,GERM3048,Spoken Interaction in German: Theory and Practice,,Undergraduate,6.0,In Person,2018
3948,GERM2048,Spoken Interaction in German: Theory and Practice,,Undergraduate,6.0,In Person,2018
3949,LAWS8070,Sports Law,,Postgraduate,6.0,In Person,2018
3950,BIAN8009,Stable Isotopes in Archaeology and Biological Anthropology,Spring Session,Postgraduate,6.0,In Person,2018
3951,BIOL3110,"Stable isotopes in biogeochemistry, environment, medicine and authentication",Autumn Session,Undergraduate,6.0,In Person,2018
3952,BIOL6110,"Stable isotopes in biogeochemistry, environment, medicine and authentication",Autumn Session,Postgraduate,6.0,In Person,2018
3953,ASTR8008,Star Formation,First Semester,Postgraduate,6.0,In Person,2018
3954,EMDV8101,"State, Society and Natural Resources",Second Semester,Postgraduate,6.0,In Person,2018
3955,ANCH2102,"State, sanctuary and community: archaeology of settlement and memory in ancient Greece",,Undergraduate,12.0,In Person,2018
3956,ANCH6102,"State, sanctuary and community: archaeology of settlement and memory in ancient Greece",,Postgraduate,12.0,In Person,2018
3957,NSPO8021,Statecraft and National Security in Cyberspace,Second Semester,Postgraduate,6.0,In Person,2018
3958,ANTH6134,States and Citizens: Anthropological Perspectives,,Postgraduate,6.0,In Person,2018
3959,ANTH2134,States and Citizens: Anthropological Perspectives,First Semester,Undergraduate,6.0,In Person,2018
3960,INTR8050,"States, Globalisation and the Movement of Peoples",,Postgraduate,6.0,In Person,2018
3961,STAT4027,Statistical Inference,First Semester,Undergraduate,6.0,In Person,2018
3962,STAT3013,Statistical Inference,First Semester,Undergraduate,6.0,In Person,2018
3963,STAT8027,Statistical Inference,First Semester,Postgraduate,6.0,In Person,2018
3964,STAT4040,Statistical Learning,First Semester,Undergraduate,6.0,In Person,2018
3965,STAT3040,Statistical Learning,First Semester,Undergraduate,6.0,In Person,2018
3966,STAT7040,Statistical Learning,First Semester,Postgraduate,6.0,In Person,2018
3967,STAT2003,Statistical Marketing Research Methods,,Undergraduate,6.0,In Person,2018
3968,STAT1003,Statistical Techniques,First Semester,Undergraduate,6.0,In Person,2018
3969,PREP1116,Statistics,First Semester,Undergraduate,6.0,In Person,2018
3970,STAT4500,Statistics Honours Thesis,First Semester/Second Semester,Undergraduate,6.0,In Person,2018
3971,SOCR4001,Statistics for Social Scientists,First Semester,Undergraduate,6.0,In Person,2018
3972,SOCR8001,Statistics for Social Scientists,First Semester,Postgraduate,6.0,In Person,2018
3973,LAWS8072,Statutory Interpretation,Winter Session,Postgraduate,6.0,In Person,2018
3974,ASTR8005,Stellar Atmospheres and Spectroscopy,,Postgraduate,6.0,In Person,2018
3975,ASTR4015,Stellar Atmospheres and Spectroscopy,,Undergraduate,6.0,In Person,2018
3976,STAT3004,Stochastic Modelling,First Semester,Undergraduate,6.0,In Person,2018
3977,STAT4018,Stochastic Modelling,First Semester,Undergraduate,6.0,In Person,2018
3978,STAT7018,Stochastic Modelling,First Semester,Postgraduate,6.0,In Person,2018
3979,ENGL2085,Strange Home: Rethinking Australian Literature,,Undergraduate,6.0,In Person,2018
3980,LAWS8331,Strata Law and Practice in the 21st Century City,Autumn Session,Postgraduate,6.0,Online,2018
3981,MGMT7171,Strategic Human Resource Management,Summer Session,Postgraduate,6.0,In Person,2018
3982,MGMT8022,Strategic Management,First Semester/Winter Session/Second Semester,Postgraduate,6.0,In Person,2018
3983,MKTG3023,Strategic Marketing,First Semester,Undergraduate,6.0,In Person,2018
3984,LAWS8323,Strategic Negotiation Skills,,Postgraduate,6.0,Online or In Person,2018
3985,POGO8506,Strategic Policymaking,Winter Session,Postgraduate,6.0,In-Person and Online,2018
3986,STST8001,Strategic Studies,First Semester,Postgraduate,12.0,In Person,2018
3987,STST8010,Strategic Studies Concepts and Methods,First Semester,Postgraduate,6.0,In Person,2018
3988,STST9010,Strategic Studies Concepts and Methods,First Semester,Postgraduate,6.0,In Person,2018
3989,STST7003,Strategic Studies Internship,First Semester/Second Semester,Postgraduate,6.0,In Person,2018
3990,STST7001,Strategic Studies Sub-thesis - Full-time,First Semester/Second Semester,Postgraduate,24.0,In Person,2018
3991,STST7002,Strategic Studies Sub-thesis - Part-time,First Semester/Second Semester,Postgraduate,12.0,In Person,2018
3992,ECON2141,Strategic Thinking: An introduction to Game Theory,First Semester/Second Semester,Undergraduate,6.0,In Person,2018
3993,SCOM3501,Strategies in Science Communication,Winter Session,Undergraduate,6.0,In Person,2018
3994,SCOM4501,Strategies in Science Communication,Winter Session,Undergraduate,6.0,In Person,2018
3995,SCOM6501,Strategies in Science Communication,Winter Session,Postgraduate,6.0,In Person,2018
3996,STST8102,Strategy,Summer Session,Postgraduate,12.0,In Person,2018
3997,CHEM2210,Structural Elucidation in Chemistry,Summer Session/First Semester,Undergraduate,6.0,In Person,2018
3998,EMSC3002,Structural Geology and Tectonics,First Semester,Undergraduate,6.0,In Person,2018
3999,EMSC4002,Structural Geology and Tectonics,First Semester,Undergraduate,6.0,In Person,2018
4000,EMSC6030,Structural Geology and Tectonics,First Semester,Postgraduate,6.0,In Person,2018
4001,CHEM3204,Structural Methods in Chemical Biology,Winter Session,Undergraduate,6.0,In Person,2018
4002,LING2020,Structure of English,Second Semester,Undergraduate,6.0,In Person,2018
4003,COMP6710,Structured Programming,First Semester/Second Semester,Postgraduate,6.0,In Person,2018
4004,COMP1110,Structured Programming,First Semester/Second Semester,Undergraduate,6.0,In Person,2018
4005,COMP1140,Structured Programming (Advanced),Second Semester,Undergraduate,6.0,In Person,2018
4006,FINM3009,Student Managed Fund,First Semester/Second Semester,Undergraduate,6.0,In Person,2018
4007,FINM3010,Student Managed Fund Extension,First Semester/Second Semester,Undergraduate,6.0,In Person,2018
4008,COMP2560,Studies in Advanced Computing R&D,Second Semester,Undergraduate,6.0,In Person,2018
4009,DESN4013,Studio Inquiry: Application of Research,,Undergraduate,12.0,In Person,2018
4010,DART8118,Studio Practice: Extended Research Project (Digital Industry) 18,First Semester/Second Semester,Postgraduate,18.0,In Person,2018
4011,DART8117,Studio Practice: Major Research Project (Digital Industry) 12,First Semester/Second Semester,Postgraduate,12.0,In Person,2018
4012,DART8116,Studio Practice: Research Project (Digital Industry) 6,First Semester/Second Semester,Postgraduate,6.0,In Person,2018
4013,ASIA6151,Study Tour: Archaeology in Asia,,Postgraduate,6.0,In Person,2018
4014,ASIA3051,Study Tour: Archaeology in Asia,,Undergraduate,6.0,In Person,2018
4015,ASIA6078,Study Tour: Arts in Contemporary Taiwan,,Postgraduate,6.0,In Person,2018
4016,ASIA2078,Study Tour: Arts in Contemporary Taiwan,,Undergraduate,6.0,In Person,2018
4017,ARCH2022,Study Tour: Cultural Landscapes and Environmental Change,Summer Session,Undergraduate,6.0,In Person,2018
4018,ARCH6022,Study Tour: Cultural Landscapes and Environmental Change,Summer Session,Postgraduate,6.0,In Person,2018
4019,ASIA2084,"Study Tour: Modern Mongolia - Challenges to the Environment, Economy and Empire",Winter Session,Undergraduate,6.0,In Person,2018
4020,PASI6030,Study Tour: Regional Policymaking for Pacific Development,Winter Session,Postgraduate,6.0,In Person,2018
4021,PASI2030,Study Tour: Regional Policymaking for Pacific Development,Winter Session,Undergraduate,6.0,In Person,2018
4022,ASIA3014,Study Tour: Southeast Asian Frontiers – Thailand and Burma/Myanmar,Winter Session,Undergraduate,12.0,In Person,2018
4023,ASIA6114,Study Tour: Southeast Asian Frontiers – Thailand and Burma/Myanmar,Winter Session,Postgraduate,12.0,In Person,2018
4024,ASIA2090,Study Tour: The Political Economy of Myanmar,Winter Session,Undergraduate,6.0,Online or In Person,2018
4025,LING3008,Study of A Language Family,,Undergraduate,6.0,In Person,2018
4026,LING6508,Study of a Language Family,,Postgraduate,6.0,Online or In Person,2018
4027,ENVS7001,Sub-Thesis,,Postgraduate,6.0,In Person,2018
4028,STST7005F,Sub-Thesis in Military and Defence Studies,First Semester/Second Semester,Postgraduate,12.0,In Person,2018
4029,STST7005P,Sub-Thesis in Military and Defence Studies,First Semester/Second Semester,Postgraduate,12.0,In Person,2018
4030,LAWS4236,Succession,Second Semester,Undergraduate,6.0,In Person,2018
4031,ASIA2105,Summer in Singapore,,Undergraduate,6.0,Online or In Person,2018
4032,ARCH8029,Supervised Project in Archaeological Science,Summer Session/First Semester/Autumn Session/Winter Session/Second Semester/Spring Session,Postgraduate,12.0,Online or In Person,2018
4033,ASIA8512,Supervised Project in Asia-Pacific Studies,First Semester/Second Semester,Postgraduate,6.0,Online or In Person,2018
4034,LAWS4300,Supervised Research Paper,First Semester/Second Semester,Undergraduate,12.0,In Person,2018
4035,ANTH3010,Supervised Research in Anthropology,First Semester/Second Semester,Undergraduate,6.0,In Person,2018
4036,BIAN3129,Supervised Research in Biological Anthropology,First Semester/Second Semester,Undergraduate,6.0,In Person,2018
4037,ANTH8037,Supervised Special Project,,Postgraduate,12.0,Online or In Person,2018
4038,ASGS1101,Support For Business Reporting and Analysis,First Semester,Undergraduate,6.0,In Person,2018
4039,ASGS1105,Support For Physics and its Foundations,First Semester,Undergraduate,6.0,In Person,2018
4040,ASGS1104,Support For Self and Society,First Semester,Undergraduate,6.0,In Person,2018
4041,ASGS1103,"Support for Asia and the Pacific: Power, diversity and change",First Semester,Undergraduate,6.0,In Person,2018
4042,ASGS1110,Support for Australia's Environment,Second Semester,Undergraduate,6.0,In Person,2018
4043,ASGS1111,Support for Business Information Systems,First Semester,Undergraduate,6.0,In Person,2018
4044,ASGS1109,"Support for Global Citizen: Culture, Development and Inequality",Second Semester,Undergraduate,6.0,In Person,2018
4045,ASGS1114,Support for Introduction to International Relations: Foundations and Concepts,First Semester,Undergraduate,6.0,In Person,2018
4046,ASGS1113,Support for Introduction to International Security Studies,First Semester,Undergraduate,6.0,In Person,2018
4047,ASGS1102,"Support for Management, People and Organisations",First Semester,Undergraduate,6.0,In Person,2018
4048,ASGS1108,Support for Peace Building and Conflict Resolution,Second Semester,Undergraduate,6.0,In Person,2018
4049,ASGS1112,Support for Quantitative Research Methods,First Semester,Undergraduate,6.0,In Person,2018
4050,ASGS1115,Support for Science Courses,First Semester,Undergraduate,6.0,In Person,2018
4051,SOCY2157,Surveillance and Society,First Semester,Undergraduate,6.0,In Person,2018
4052,SOCY6064,Surveillance and Society,First Semester,Postgraduate,6.0,In Person,2018
4053,SOCR4002,Survey Data Analysis,Second Semester,Undergraduate,6.0,In Person,2018
4054,SOCR8002,Survey Data Analysis,Second Semester,Postgraduate,6.0,In Person,2018
4055,STAT8023,Survey Methods 2,,Postgraduate,6.0,In Person,2018
4056,LAWS4247,Survey of United States Law,Summer Session,Undergraduate,6.0,In Person,2018
4057,STAT3032,Survival Models,First Semester,Undergraduate,6.0,In Person,2018
4058,STAT4072,Survival Models,First Semester,Undergraduate,6.0,In Person,2018
4059,STAT7042,Survival Models,First Semester,Postgraduate,6.0,In Person,2018
4060,BUSN7017,"Sustainability and Corporate Social Responsibility, Accountability and Reporting",Second Semester,Postgraduate,6.0,In Person,2018
4061,IDEC8004,Sustainability and Ecological Economics,,Postgraduate,6.0,In Person,2018
4062,ENVS6223,Sustainable Agricultural Systems,,Postgraduate,6.0,Online or In Person,2018
4063,ENVS2023,Sustainable Agricultural Systems,,Undergraduate,6.0,Online or In Person,2018
4064,ENVS6108,Sustainable Development,Second Semester,Postgraduate,6.0,In Person,2018
4065,EMDV8003,Sustainable Development,,Postgraduate,6.0,In Person,2018
4066,ENVS1008,Sustainable Development,Second Semester,Undergraduate,6.0,In Person,2018
4067,LAWS8037,Sustainable Energy Law,,Postgraduate,6.0,In Person,2018
4068,MKTG2002,Sustainable Marketing,First Semester,Undergraduate,6.0,In Person,2018
4069,ENGN4027,Sustainable Nanomaterials,First Semester,Undergraduate,6.0,In Person,2018
4070,ENGN6420,Sustainable Product Development,,Postgraduate,6.0,In Person,2018
4071,ENGN4420,Sustainable Product Development,,Undergraduate,6.0,In Person,2018
4072,ENVS6005,Sustainable Urban Systems,Second Semester,Postgraduate,6.0,In Person,2018
4073,ENVS2012,Sustainable Urban Systems,Second Semester,Undergraduate,6.0,In Person,2018
4074,LING3126,Syntactic Theory,Second Semester,Undergraduate,6.0,In Person,2018
4075,LING6026,Syntactic Theory,Second Semester,Postgraduate,6.0,In Person,2018
4076,CHEM3201,Synthetic Aspects of Medicinal Chemistry,First Semester,Undergraduate,6.0,In Person,2018
4077,COMP3650,System Architectural Understanding and the Human Brain,,Undergraduate,6.0,In Person,2018
4078,COMP6365,System Architectural Understanding and the Human Brain,,Postgraduate,6.0,In Person,2018
4079,ENGN3331,System Dynamics,First Semester,Undergraduate,6.0,In Person,2018
4080,ENGN6331,Systems Dynamics,First Semester,Postgraduate,6.0,In Person,2018
4081,ENGN2226,Systems Engineering Analysis,Second Semester,Undergraduate,6.0,In Person,2018
4082,ENGN2225,Systems Engineering Design,First Semester,Undergraduate,6.0,In Person,2018
4083,ENGN4221,Systems Engineering Project,First Semester/Winter Session/Second Semester,Undergraduate,6.0,In Person,2018
4084,COMP6353,Systems Engineering for Software Engineers,Second Semester,Postgraduate,6.0,In Person,2018
4085,COMP3530,Systems Engineering for Software Engineers,Second Semester,Undergraduate,6.0,In Person,2018
4086,ENGN8120,Systems Modelling,Second Semester,Postgraduate,6.0,In Person,2018
4087,NEUR3112,Systems Neuroscience,Second Semester,Undergraduate,6.0,In Person,2018
4088,NEUR6102,Systems Neuroscience,Second Semester,Postgraduate,6.0,In Person,2018
4089,COMP8180,Systems and Software Safety,Autumn Session,Postgraduate,6.0,In Person,2018
4090,COMP2310,"Systems, Networks and Concurrency",Second Semester,Undergraduate,6.0,In Person,2018
4091,COMP6310,"Systems, Networks and Concurrency",Second Semester,Postgraduate,6.0,In Person,2018
4092,ASIA6072,Taiwan: History and Culture,,Postgraduate,6.0,In Person,2018
4093,ASIA2072,Taiwan: History and Culture,,Undergraduate,6.0,In Person,2018
4094,CHIN6016,Taiwanese,Winter Session,Postgraduate,6.0,In Person,2018
4095,CHIN2013,Taiwanese,Winter Session,Undergraduate,6.0,In Person,2018
4096,PASI2010,Talking the Pacific: Melanesian pidgins and creoles in social context,,Undergraduate,6.0,In Person,2018
4097,PASI6010,Talking the Pacific: Melanesian pidgins and creoles in social context,,Postgraduate,6.0,In Person,2018
4098,BUSN4016,Taxation Concepts and Issues,First Semester/Second Semester,Undergraduate,6.0,In Person,2018
4099,BUSN8016,Taxation Concepts and Issues,First Semester/Second Semester,Postgraduate,6.0,In Person,2018
4100,BUSN7021,Taxation Law,First Semester/Second Semester,Postgraduate,6.0,In Person,2018
4101,FINM7034,Taxation and Financial Systems,,Postgraduate,3.0,In Person,2018
4102,ASIA8036,Teaching Asia,,Postgraduate,6.0,In Person,2018
4103,JPNS6514,Teaching Japanese Method,,Postgraduate,6.0,In Person,2018
4104,JPNS3012,Teaching Japanese: Content,First Semester,Undergraduate,6.0,In Person,2018
4105,JPNS6512,Teaching Japanese: Content,First Semester,Postgraduate,6.0,In Person,2018
4106,JPNS3014,Teaching Japanese: Method,,Undergraduate,6.0,In Person,2018
4107,LING6013,Teaching Languages,Second Semester,Postgraduate,6.0,In Person,2018
4108,LING2013,Teaching Languages,Second Semester,Undergraduate,6.0,In Person,2018
4109,MGMT3002,Techniques for Business Project Management,Second Semester,Undergraduate,6.0,In Person,2018
4110,LAWS8317,Technology Transfer and Commercialisation,Summer Session,Postgraduate,6.0,Online,2018
4111,MGMT7106,Technology and Innovation Management and Strategy,,Postgraduate,6.0,In Person,2018
4112,MGMT7020,Technology and Project Management,First Semester/Second Semester,Postgraduate,6.0,Online or In Person,2018
4113,ENGL2116,Televisual: Investigating Narrative Television,,Undergraduate,6.0,In Person,2018
4114,ENGL6116,Televisual: Investigating Narrative Television,,Postgraduate,6.0,In Person,2018
4115,ANUC1108,Terror to Terrorism: A History,Second Semester,Undergraduate,6.0,In Person,2018
4116,HIST1209,Terror to Terrorism: A History,Second Semester,Undergraduate,6.0,In Person,2018
4117,POLS8027,Terrorism and Counter-Terrorism,First Semester,Postgraduate,6.0,In Person,2018
4118,NSPO8025,Terrorism and National Security,Second Semester,Postgraduate,6.0,In Person,2018
4119,TETM6002,Tetum 1,First Semester,Postgraduate,6.0,Online,2018
4120,TETM1002,Tetum 1,First Semester,Undergraduate,6.0,Online,2018
4121,TETM6003,Tetum 2,Second Semester,Postgraduate,6.0,Online,2018
4122,TETM1003,Tetum 2,Second Semester,Undergraduate,6.0,Online,2018
4123,TETM6104,Tetum 3,First Semester,Postgraduate,6.0,Online,2018
4124,TETM2004,Tetum 3,First Semester,Undergraduate,6.0,Online,2018
4125,TETM2005,Tetum 4,Second Semester,Undergraduate,6.0,Online,2018
4126,TETM6105,Tetum 4,Second Semester,Postgraduate,6.0,Online,2018
4127,DESA2906,Textiles Design: Drawing for Design,First Semester,Undergraduate,6.0,In Person,2018
4128,DESA2908,Textiles Design: Fabricated Textiles,Second Semester,Undergraduate,6.0,In Person,2018
4129,DESA2909,Textiles Design: Marketing Design,Second Semester,Undergraduate,6.0,In Person,2018
4130,DESA2907,Textiles Design: Stitch for Design,First Semester,Undergraduate,6.0,In Person,2018
4131,ARTV2906,Textiles: Approaches to Drawing for Craft and Design,First Semester,Undergraduate,6.0,In Person,2018
4132,ARTV2908,Textiles: Constructed Textiles,Second Semester,Undergraduate,6.0,In Person,2018
4133,ARTV1901,Textiles: Dye and Surface Manipulation,First Semester,Undergraduate,6.0,In Person,2018
4134,ARTV2907,Textiles: Embroidery and Hand Stitch,First Semester,Undergraduate,6.0,In Person,2018
4135,ARTV2911,Textiles: Experimental Practices,,Undergraduate,6.0,In Person,2018
4136,ARTV2909,Textiles: Maker to Market,Second Semester,Undergraduate,6.0,In Person,2018
4137,ARTV1902,Textiles: Print and Surface Design,Second Semester,Undergraduate,6.0,In Person,2018
4138,THAI1002,Thai 1,First Semester,Undergraduate,6.0,Online or In Person,2018
4139,THAI6102,Thai 1,First Semester,Postgraduate,6.0,Online,2018
4140,THAI6103,Thai 2,Second Semester,Postgraduate,6.0,Online or In Person,2018
4141,THAI1003,Thai 2,Second Semester,Undergraduate,6.0,Online or In Person,2018
4142,THAI6002,Thai 3,First Semester,Postgraduate,6.0,Online or In Person,2018
4143,THAI2002,Thai 3,First Semester,Undergraduate,6.0,Online or In Person,2018
4144,THAI2003,Thai 4,Second Semester,Undergraduate,6.0,Online or In Person,2018
4145,THAI6003,Thai 4,Second Semester,Postgraduate,6.0,Online or In Person,2018
4146,THAI3002,Thai 5,First Semester,Undergraduate,6.0,Online or In Person,2018
4147,THAI6502,Thai 5,First Semester,Postgraduate,6.0,Online or In Person,2018
4148,THAI6008,Thai 6,Second Semester,Postgraduate,6.0,Online or In Person,2018
4149,THAI3008,Thai 6,Second Semester,Undergraduate,6.0,Online or In Person,2018
4150,POLS8025,"The Alliance in Question: Australia, the United States and the Challenge of Research",,Postgraduate,6.0,In Person,2018
4151,ARCH6050,The Archaeology of South East Asia,Second Semester,Postgraduate,6.0,In Person,2018
4152,ARTH6057,The Art and Politics of Collecting,,Postgraduate,12.0,Online or In Person,2018
4153,VCUG1001,The Art of Computing,,Undergraduate,6.0,In Person,2018
4154,VCUG2003,The Art of Making : A practical course aimed at turning ideas into reality,First Semester/Second Semester,Undergraduate,6.0,In Person,2018
4155,ECHI1006,The Australian Economy: Past and Present,First Semester,Undergraduate,6.0,In Person,2018
4156,ASGS1008,The Big Ideas in Science,First Semester,Undergraduate,6.0,In Person,2018
4157,HIST2221,The Birth of Modernity: Britain 1688-1848,,Undergraduate,6.0,In Person,2018
4158,HIST6221,The Birth of Modernity: Britain 1688-1848,,Postgraduate,6.0,In Person,2018
4159,EMSC1006,The Blue Planet: An Introduction to Earth System Science,First Semester,Undergraduate,6.0,In Person,2018
4160,EMSC6107,The Blue Planet: an introduction to Earth system science,First Semester,Postgraduate,6.0,In Person,2018
4161,EMSC4006,The Blue Planet: an introduction to Earth system science,First Semester,Undergraduate,6.0,In Person,2018
4162,IDEC8021,The Chinese Economy,First Semester,Postgraduate,6.0,In Person,2018
4163,HIST2141,The Cold War: 1945-1989,First Semester,Undergraduate,6.0,In Person,2018
4164,ASIA3034,The Contemporary Chinese World,,Undergraduate,6.0,In Person,2018
4165,PASI3001,"The Contemporary Pacific: Society, Politics and Development",Second Semester,Undergraduate,6.0,In Person,2018
4166,COMP1040,The Craft of Computing,,Undergraduate,6.0,In Person,2018
4167,HIST8101,"The Craft of History: Approaches, Themes and Methods",Autumn Session,Postgraduate,6.0,In Person,2018
4168,CRIM1001,The Criminological Imagination: Theory and Understanding,First Semester,Undergraduate,6.0,In Person,2018
4169,ASIA8047,The Death of God in the Asia-Pacific,,Postgraduate,6.0,In Person,2018
4170,ASIA3053,The Death of God in the Asia-Pacific,,Undergraduate,6.0,In Person,2018
4171,POGO8016,The Economic Way of Thinking 1,First Semester,Postgraduate,6.0,In Person,2018
4172,POGO8019,The Economic Way of Thinking 2,,Postgraduate,6.0,In Person,2018
4173,IDEC8081,The Economics of Incentives and Institutions,Second Semester,Postgraduate,6.0,In Person,2018
4174,ECON8010,The Economics of Taxation and Redistribution,,Postgraduate,6.0,In Person,2018
4175,ECON4491,"The Economy, Politics and the State",Second Semester,Undergraduate,6.0,In Person,2018
4176,ECON2091,"The Economy, Politics and the State",Second Semester,Undergraduate,6.0,In Person,2018
4177,ECON8091,"The Economy, Politics and the State",Second Semester,Postgraduate,6.0,In Person,2018
4178,BUSI7020,The European Business System,First Semester,Postgraduate,6.0,In Person,2018
4179,LAWS8239,The European Union,,Postgraduate,6.0,In Person,2018
4180,EURO8003,The European Union: Regional Integration in Comparative Perspective.,,Postgraduate,6.0,In Person,2018
4181,NSPO8018,The Evolution of National Security Policy since 1945,First Semester,Postgraduate,6.0,In Person,2018
4182,INTR8046,The Evolution of the International System,Second Semester,Postgraduate,6.0,In Person,2018
4183,LAWS8659,The Family in Australian Migration Law,Second Semester,Postgraduate,6.0,Online,2018
4184,HIST6223,The French Revolution and Napoleon,,Postgraduate,6.0,In Person,2018
4185,HIST2223,The French Revolution and Napoleon,,Undergraduate,6.0,In Person,2018
4186,CHMD8020,The Future of Food and Human Health,Second Semester,Postgraduate,6.0,Online or In Person,2018
4187,LAWS8318,The Future of Legal Practice,First Semester,Postgraduate,6.0,Online,2018
4188,BUSI7019,The Global Business Environment,,Postgraduate,6.0,In Person,2018
4189,POGO8213,The Global Trading System,Second Semester,Postgraduate,6.0,In Person,2018
4190,HIST2214,"The Great War, 1914-1918",,Undergraduate,6.0,In Person,2018
4191,HIST6214,"The Great War, 1914-1919",,Postgraduate,6.0,In Person,2018
4192,MEAS8113,The Gulf Strategic Environment,First Semester,Postgraduate,6.0,In Person,2018
4193,LAWS8246,The High Court of Australia,,Postgraduate,6.0,In Person,2018
4194,ARCH6006,The History of Archaeology: Discovering the Past,Second Semester,Postgraduate,6.0,In Person,2018
4195,INTR8076,The History of International Thought,,Postgraduate,6.0,In Person,2018
4196,LING2104,The History of the English Language,,Undergraduate,6.0,In Person,2018
4197,LING6529,The History of the English Language,,Postgraduate,6.0,In Person,2018
4198,BIAN1001,The Human Voyage: Introduction to Biological Anthropology,Second Semester,Undergraduate,6.0,In Person,2018
4199,CRIM6000,The Illicit Economy,First Semester,Postgraduate,6.0,In Person,2018
4200,CRIM2000,The Illicit Economy,First Semester,Undergraduate,6.0,Online or In Person,2018
4201,INDG3003,The Indigenous Economy,Second Semester,Undergraduate,6.0,In Person,2018
4202,POLS2117,The International Relations of Latin America,,Undergraduate,6.0,In Person,2018
4203,WARS6088,The Korean War,,Postgraduate,6.0,In Person,2018
4204,WARS2003,The Korean War,,Undergraduate,6.0,In Person,2018
4205,LAWS8125,The Law of Corporate Governance,,Postgraduate,6.0,Online,2018
4206,LAWS8184,The Law of International Institutions,,Postgraduate,6.0,In Person,2018
4207,ASIA6010,The Making of Modern Japan: From Samurai to Economic Superpower and Beyond,First Semester,Postgraduate,6.0,In Person,2018
4208,ASIA2009,The Making of Modern Japan: From Samurai to Economic Superpower and Beyond,First Semester,Undergraduate,6.0,In Person,2018
4209,ASIA6006,The Making of Modern Korea,Second Semester,Postgraduate,6.0,In Person,2018
4210,ASIA2271,The Making of South Asia,Second Semester,Undergraduate,6.0,In Person,2018
4211,ASIA6271,The Making of South Asia,Second Semester,Postgraduate,6.0,In Person,2018
4212,IDEC8028,The Microeconomics of Development,First Semester,Postgraduate,6.0,In Person,2018
4213,ASIA6116,The Mongol Empire in World History,,Postgraduate,6.0,In Person,2018
4214,ASIA2016,The Mongol Empire in World History,,Undergraduate,6.0,In Person,2018
4215,CLAS1003,"The Myths of Greece and Rome: Mortals, Immortals, and Monsters",,Undergraduate,6.0,In Person,2018
4216,CLAS6002,"The Myths of Greece and Rome: Mortals, Immortals, and Monsters",,Postgraduate,6.0,In Person,2018
4217,STST8002,The New Power Politics of Asia,First Semester,Postgraduate,6.0,In Person,2018
4218,ASIA1999,The Origins of Political Order in Asia,First Semester,Undergraduate,6.0,In Person,2018
4219,PHIL3075,"The Philosophy of Gender: Knowledge, Power, Bodies",,Undergraduate,6.0,In Person,2018
4220,PHIL2127,The Philosophy of Time,,Undergraduate,6.0,In Person,2018
4221,ASIA2275,The Pleasures and Powers of Stories in South and Southeast Asia,Winter Session,Undergraduate,6.0,In Person,2018
4222,MEAS2105,The Political Economy of the Middle East,Second Semester,Undergraduate,6.0,In Person,2018
4223,POGO8402,The Political and Institutional Architecture of Public Policy,Second Semester,Postgraduate,6.0,In Person,2018
4224,ASIA2026,The Politics of China,First Semester,Undergraduate,6.0,In Person,2018
4225,ASIA6026,The Politics of China,First Semester,Postgraduate,6.0,In Person,2018
4226,ENGL2117,The Politics of Comedy from the Globe to The Office,,Undergraduate,6.0,In Person,2018
4227,ENGL6117,The Politics of Comedy from the Globe to The Office,,Postgraduate,6.0,In Person,2018
4228,POLS3032,The Politics of Empire,Second Semester,Undergraduate,6.0,In Person,2018
4229,POLS6100,The Politics of Empire,Second Semester,Postgraduate,6.0,In Person,2018
4230,POLS3035,The Politics of International Law,Second Semester,Undergraduate,6.0,In Person,2018
4231,REGN8006,"The Politics, Governance and Regulation of Trade, Investment and Intellectual Property",First Semester,Postgraduate,6.0,In Person,2018
4232,INTR8043,The Post-Colonial Pacific and Global Change,First Semester,Postgraduate,6.0,In Person,2018
4233,PHIL2094,The Problem of Free Will,Second Semester,Undergraduate,6.0,In Person,2018
4234,HIST8102,The Professional Historian: Advanced Training,Autumn Session/Winter Session/Spring Session,Postgraduate,6.0,In Person,2018
4235,HIST2234,The Reach of History: Presenting the past in the public domain,,Undergraduate,6.0,In Person,2018
4236,HIST6234,The Reach of History: Presenting the past in the public domain,,Postgraduate,6.0,In Person,2018
4237,STST8052,The Resort to Force: Understanding Military Power,Second Semester,Postgraduate,6.0,In Person,2018
4238,INTR8020,The Responsibility to Protect,,Postgraduate,6.0,In Person,2018
4239,MUSI4401,The Scholar Musician 1,First Semester,Undergraduate,6.0,In Person,2018
4240,MUSI7003,The Scholar Musician 1,First Semester,Postgraduate,6.0,In Person,2018
4241,MUSI4402,The Scholar Musician 2,Second Semester,Undergraduate,6.0,In Person,2018
4242,MUSI8001,The Scholar Musician 2,Second Semester,Postgraduate,6.0,In Person,2018
4243,PSYC3002,The Social Psychology of Group Processes and Social Change,First Semester,Undergraduate,6.0,In Person,2018
4244,SPAN2601,The Sounds of Spanish,Second Semester,Undergraduate,6.0,In Person,2018
4245,SPAN6518,The Sounds of Spanish,Second Semester,Postgraduate,6.0,In Person,2018
4246,HIST2242,The Soviet Union: From the Russian Revolution to the Collapse of Communism,,Undergraduate,6.0,In Person,2018
4247,HIST6242,The Soviet Union: From the Russian Revolution to the Collapse of Communism,,Postgraduate,6.0,Online or In Person,2018
4248,LING6020,The Structure of English,Second Semester,Postgraduate,6.0,Online or In Person,2018
4249,SPAN2602,The Structure of Spanish,,Undergraduate,6.0,In Person,2018
4250,SPAN6514,The Structure of Spanish,,Postgraduate,6.0,In Person,2018
4251,HIST1215,The Twentieth Century World,First Semester,Undergraduate,6.0,In Person,2018
4252,STST8015,The US and East Asian Security,,Postgraduate,6.0,In Person,2018
4253,DIPL8008,The United Nations and Peace,Winter Session,Postgraduate,6.0,In Person,2018
4254,WARS2002,The Vietnam Wars: 1941-1989,,Undergraduate,6.0,Online or In Person,2018
4255,ANTH8107,The World Bank and the Organisation of Development,First Semester,Postgraduate,6.0,In Person,2018
4256,ECHI3019,The World Economy Since 1800 (H),Second Semester,Undergraduate,6.0,In Person,2018
4257,ECHI2006,The World Economy Since 1800 (P),,Undergraduate,6.0,In Person,2018
4258,PSYC6002,The social psychology of group processes and social change,,Postgraduate,6.0,In Person,2018
4259,FREN6515,The sounds of French: phonetics and pronunciation,Second Semester,Postgraduate,6.0,In Person,2018
4260,FREN3515,The sounds of French: phonetics and pronunciation,Second Semester,Undergraduate,6.0,In Person,2018
4261,ANTH2050,Themes in Anthropology,,Undergraduate,6.0,In Person,2018
4262,ANTH2051,Themes in Anthropology II,,Undergraduate,6.0,In Person,2018
4263,PHYS3001,Theoretical Physics,First Semester,Undergraduate,6.0,In Person,2018
4264,PHYS4004P,Theoretical Physics IV Honours (S),,Undergraduate,12.0,In Person,2018
4265,PHYS4004F,Theoretical Physics IV Honours (S),,Undergraduate,12.0,In Person,2018
4266,CRIM4001,Theories of Crime and Justice,First Semester,Undergraduate,6.0,In Person,2018
4267,CRIM8001,Theories of Crime and Justice,First Semester,Postgraduate,6.0,Online or In Person,2018
4268,PHIL2020,Theories of Social Justice,Second Semester,Undergraduate,6.0,In Person,2018
4269,WARS2001,Theories of War: An historical and global perspective,,Undergraduate,6.0,In Person,2018
4270,ARTH2165,Theories of the Image,First Semester,Undergraduate,6.0,In Person,2018
4271,ARTH6165,Theories of the Image,First Semester,Postgraduate,6.0,In Person,2018
4272,ARTH2164,Theories of the Object,,Undergraduate,6.0,In Person,2018
4273,ARTH6164,Theories of the Object,,Postgraduate,6.0,In Person,2018
4274,BIAN8005,Theory Seminar in Biological Anthropology,First Semester,Postgraduate,6.0,In Person,2018
4275,BIAN4010,Theory Seminar in Biological Anthropology,First Semester,Undergraduate,12.0,In Person,2018
4276,ANTH4012,Theory and Ethnography in the Analysis of Cultures,Summer Session,Undergraduate,12.0,In Person,2018
4277,STAT8009,Theory and Methods of Inference,,Postgraduate,6.0,In Person,2018
4278,COMP3630,Theory of Computation,First Semester,Undergraduate,6.0,In Person,2018
4279,COMP6363,Theory of Computation,First Semester,Postgraduate,6.0,In Person,2018
4280,MATH6202,Theory of Partial Differential Equations,Second Semester,Postgraduate,6.0,In Person,2018
4281,MATH4202,Theory of Partial Differential Equations Honours,Second Semester,Undergraduate,6.0,In Person,2018
4282,PHYS2020,Thermal and Statistical Physics,First Semester,Undergraduate,6.0,In Person,2018
4283,THES4100,Thesis,First Semester/Second Semester,Undergraduate,6.0,In Person,2018
4284,THES4103,Thesis,First Semester/Second Semester,Undergraduate,6.0,In Person,2018
4285,THES8102,Thesis,First Semester/Second Semester,Postgraduate,6.0,In Person,2018
4286,THES4102,Thesis,First Semester/Second Semester,Undergraduate,6.0,In Person,2018
4287,THES4105,Thesis,First Semester/Second Semester,Undergraduate,6.0,In Person,2018
4288,THES8103,Thesis,First Semester/Second Semester,Postgraduate,6.0,In Person,2018
4289,THES8105,Thesis,First Semester/Second Semester,Postgraduate,6.0,In Person,2018
4290,INTR8038,Thesis,First Semester/Second Semester,Postgraduate,24.0,In Person,2018
4291,THES8100,Thesis,First Semester/Second Semester,Postgraduate,6.0,In Person,2018
4292,THES8113,Thesis (Online),First Semester/Second Semester,Postgraduate,6.0,Online,2018
4293,INTR8039,Thesis (Part Time),First Semester/Second Semester,Postgraduate,12.0,In Person,2018
4294,HIST8103,Thesis Development,Autumn Session/Winter Session/Spring Session,Postgraduate,6.0,In Person,2018
4295,HUMN8104,Thesis Writing Workshop: The Five Essential Elements of a Thesis,Second Semester,Postgraduate,6.0,In Person,2018
4296,MATH4009,Thesis and Presentations in Mathematical Applications and Computations,,Undergraduate,6.0,In Person,2018
4297,MATH4005,Thesis and Presentations in Mathematics,First Semester/Second Semester,Undergraduate,6.0,In Person,2018
4298,SCOM4005,Thesis and Seminar in Science Communication,First Semester/Second Semester,Undergraduate,6.0,In Person,2018
4299,THES4502,Thesis in Asian Studies,First Semester/Second Semester,Undergraduate,6.0,In Person,2018
4300,THES4501,Thesis in International Security Studies,First Semester/Second Semester,Undergraduate,6.0,In Person,2018
4301,ASIA2040,The Making of Modern Korea,Second Semester,Undergraduate,6.0,In Person,2018
4302,ARCH3023,Thinking through the past: archaeological theory from 1950,,Undergraduate,6.0,In Person,2018
4303,SOCY6045,Third World Development,Second Semester,Postgraduate,6.0,Online or In Person,2018
4304,MGMT7060,Thought Leadership in Organisations,Second Semester,Postgraduate,6.0,In Person,2018
4305,TIBN1002,Tibetan 1,First Semester,Undergraduate,6.0,Online,2018
4306,TIBN6002,Tibetan 1,First Semester,Postgraduate,6.0,Online,2018
4307,TIBN6003,Tibetan 2,Second Semester,Postgraduate,6.0,Online,2018
4308,TIBN1003,Tibetan 2,Second Semester,Undergraduate,6.0,Online,2018
4309,EMDV8010,Tools and Processes for environmental and Resource Management (12 units),,Postgraduate,12.0,In Person,2018
4310,MGMT7170,Tools and Techniques for Business Project Management,First Semester/Autumn Session/Winter Session,Postgraduate,6.0,Online or In Person,2018
4311,LANG4002,Topics in Advanced Language Studies 1,First Semester/Second Semester,Undergraduate,6.0,In Person,2018
4312,LANG4003,Topics in Advanced Language Studies 2,First Semester/Second Semester,Undergraduate,6.0,In Person,2018
4313,MATH6200,Topics in Algebra and Topology,First Semester/Second Semester,Postgraduate,6.0,In Person,2018
4314,HIST4012,Topics in Australian History,First Semester,Undergraduate,12.0,In Person,2018
4315,MATH6201,Topics in Computational Mathematics,First Semester,Postgraduate,6.0,In Person,2018
4316,MATH4201,Topics in Computational Maths Honours,First Semester,Undergraduate,6.0,In Person,2018
4317,COMP3710,Topics in Computer Science,Summer Session/First Semester/Winter Session/Second Semester/Spring Session,Undergraduate,6.0,In Person,2018
4318,ENVS8048,Topics in Environment & Society,Summer Session/First Semester/Autumn Session/Winter Session/Second Semester/Spring Session,Postgraduate,6.0,In Person,2018
4319,ECON8076,Topics in Game Theory,Second Semester,Postgraduate,6.0,In Person,2018
4320,ECON4476,Topics in Game Theory,Second Semester,Undergraduate,6.0,In Person,2018
4321,BIAN8002,Topics in Human Population Biology/Health,First Semester/Second Semester,Postgraduate,6.0,In Person,2018
4322,FINM8007,Topics in International Finance,First Semester/Second Semester,Postgraduate,6.0,In Person,2018
4323,IDEC8123,Topics in International and Development Economics,First Semester/Second Semester,Postgraduate,6.0,In Person,2018
4324,ECON8001,Topics in Macroeconomics,Autumn Session,Postgraduate,6.0,In Person,2018
4325,ECON4401,Topics in Macroeconomics,Autumn Session,Undergraduate,6.0,In Person,2018
4326,MATH6211,Topics in Mathematical Physics,First Semester/Second Semester,Postgraduate,6.0,In Person,2018
4327,ECON4421,Topics in Microeconomic Theory,Second Semester,Undergraduate,6.0,In Person,2018
4328,ECON8021,Topics in Microeconomic Theory,Second Semester,Postgraduate,6.0,In Person,2018
4329,NEUR8001,Topics in Neuroscience,Summer Session/First Semester/Autumn Session/Winter Session/Second Semester/Spring Session,Postgraduate,6.0,In Person,2018
4330,PHIL4012,Topics in Philosophy,First Semester/Second Semester,Undergraduate,6.0,In Person,2018
4331,MATH6207,Topics in Statistical Science,First Semester/Second Semester,Postgraduate,6.0,In Person,2018
4332,MATH6206,Topics in Stochastic Analysis,First Semester/Second Semester,Postgraduate,6.0,In Person,2018
4333,BIAN8011,Topics in hominid palaeobiology,Second Semester,Postgraduate,6.0,In Person,2018
4334,LAWS8142,Tort Liability and Public Authorities,Spring Session,Postgraduate,6.0,In Person,2018
4335,LAWS4240,Tort liability of government and public authorities,,Undergraduate,6.0,In Person,2018
4336,LAWS6103,Torts,First Semester,Postgraduate,6.0,In Person,2018
4337,LAWS1203,Torts,First Semester,Undergraduate,6.0,In Person,2018
4338,LAWS8701,Torts & Civil Litigation & Dispute Management A,Summer Session/Autumn Session,Postgraduate,8.0,Online,2018
4339,LAWS8702,Torts & Civil Litigation & Dispute Management B,Summer Session/Autumn Session/Winter Session,Postgraduate,8.0,Online,2018
4340,HUMN8033,"Tourism, Heritage and Globalization",Winter Session,Postgraduate,6.0,In Person,2018
4341,LAWS8073,Trade Remedies Law: WTO Law & Domestic Implementation,,Postgraduate,6.0,In Person,2018
4342,IDEC8009,"Trade, Development and the Asia Pacific Economy",Winter Session,Postgraduate,6.0,In Person,2018
4343,FINM4017,Trading and Markets,First Semester,Undergraduate,6.0,In Person,2018
4344,FINM8017,Trading and Markets,First Semester,Postgraduate,6.0,In Person,2018
4345,ANTH2005,"Traditional Australian Indigenous Cultures, Societies and Environment",Second Semester,Undergraduate,6.0,In Person,2018
4346,ANTH6005,"Traditional Australian Indigenous Cultures, Societies and Environment",Second Semester,Postgraduate,6.0,In Person,2018
4347,CLAS1001,Traditional Grammar,First Semester,Undergraduate,6.0,In Person,2018
4348,CLAS6001,Traditional Grammar,First Semester,Postgraduate,6.0,In Person,2018
4349,CLAS2011,Traditional Grammar (L),First Semester,Undergraduate,6.0,In Person,2018
4350,SOCY3124,Transforming Society: Towards a Public Sociology,Second Semester,Undergraduate,6.0,In Person,2018
4351,LANG6016,Translation Project,First Semester/Second Semester,Postgraduate,6.0,In Person,2018
4352,LANG6002,Translation across Languages: Specialised Materials,First Semester,Postgraduate,6.0,In Person,2018
4353,LANG6001,Translation across Languages: The Translation of Literary Texts,Second Semester,Postgraduate,6.0,In Person,2018
4354,LANG3002,Translation across Languages: specialised material,First Semester,Undergraduate,6.0,In Person,2018
4355,LANG3001,Translation across Languages: the translation of literary texts,Second Semester,Undergraduate,6.0,In Person,2018
4356,MEDN8005,Translational Medicine Essay,,Postgraduate,6.0,In Person,2018
4357,MEDN8004,Translational Medicine Project,,Postgraduate,6.0,In Person,2018
4358,MEDN8006,Translational Medicine Research Proposal,,Postgraduate,6.0,In Person,2018
4359,LAWS8009,Transnational Anti-Corruption Laws,Winter Session,Postgraduate,6.0,In Person,2018
4360,LAWS8003,Transnational Business and Human Rights,,Postgraduate,6.0,In Person,2018
4361,DIPL8001,Transnational Diplomacy,First Semester,Postgraduate,12.0,In Person,2018
4362,STST8016,Transnational Security,,Postgraduate,6.0,In Person,2018
4363,CRIM8003,Transnational and Organised Crime,,Postgraduate,6.0,Online or In Person,2018
4364,GEND6021,"Trauma, Memory and Culture",,Postgraduate,6.0,In Person,2018
4365,GEND2021,"Trauma, Memory and Culture",,Undergraduate,6.0,In Person,2018
4366,ANCH2015,Travellers and Geographers in Antiquity,First Semester,Undergraduate,6.0,In Person,2018
4367,ANCH6501,Travellers and Geographers in Antiquity,First Semester,Postgraduate,6.0,In Person,2018
4368,LAWS8236,Tribunals and Government,,Postgraduate,6.0,In Person,2018
4369,ASIA6272,Truth and Falsity in Indian History and Politics,Second Semester,Postgraduate,6.0,In Person,2018
4370,ASIA3272,Truth and Falsity in Indian History and Politics,Second Semester,Undergraduate,6.0,In Person,2018
4371,HIST6509,"Tudor-Stuart England c.1485-1714: Politics, Society, Culture",Second Semester,Postgraduate,6.0,In Person,2018
4372,HIST2219,"Tudor-Stuart England, c.1485-1714: Politics, Society and Culture",Second Semester,Undergraduate,6.0,In Person,2018
4373,MEAS8010,Turkish History: Ottoman State to Modern Turkey,First Semester,Postgraduate,6.0,In Person,2018
4374,MEAS2002,Turkish History: Ottoman State to Modern Turkey,First Semester,Undergraduate,6.0,In Person,2018
4375,MEAS2004,Turkish Politics and Foreign Policy,Second Semester,Undergraduate,6.0,In Person,2018
4376,MEAS6504,Turkish Politics and Foreign Policy,Second Semester,Postgraduate,6.0,In Person,2018
4377,DESN2009,Typography in Context: digital typographic design,Second Semester,Undergraduate,6.0,In Person,2018
4378,ARTV6100,Typography: Textual use in Visual Arts,Second Semester,Postgraduate,6.0,In Person,2018
4379,POLS2127,U.S. Politics,First Semester,Undergraduate,6.0,In Person,2018
4380,INTR8067,U.S. Security Policy in the Asia-Pacific,Second Semester,Postgraduate,6.0,In Person,2018
4381,INTR2016,US Foreign and Security Policy in Asia,Second Semester,Undergraduate,6.0,In Person,2018
4382,INDG8003,Understanding Indigenous Wellbeing: Demographic and Socioeconomic Change,,Postgraduate,6.0,Online or In Person,2018
4383,MUSC8012,Understanding Learning in Museums and Heritage,First Semester,Postgraduate,6.0,Online,2018
4384,INTR1021,Understanding Peace and Conflict,First Semester,Undergraduate,6.0,In Person,2018
4385,FILM2006,United States Cinema: Hollywood and Beyond,,Undergraduate,6.0,In Person,2018
4386,EURO2012,"Uniting Europe: history, politics, theory",First Semester,Undergraduate,6.0,In Person,2018
4387,LAWS4001,Unravelling Complexity,First Semester,Undergraduate,6.0,In Person,2018
4388,VCUG3001,Unravelling Complexity,First Semester,Undergraduate,6.0,In Person,2018
4389,VCPG6001,Unravelling Complexity,First Semester,Postgraduate,6.0,In Person,2018
4390,ENGN8832,Urban Energy and Energy Efficiency,Second Semester,Postgraduate,6.0,In Person,2018
4391,SOCR8202,Using Data to Answer Policy Questions and Evaluate Policy,Spring Session,Postgraduate,6.0,Online or In Person,2018
4392,FINM7035,Valuation,,Postgraduate,3.0,In Person,2018
4393,FINM8015,"Valuation, Strategy and Structure",,Postgraduate,6.0,In Person,2018
4394,FINM7040,Venture Capital and Private Equity,,Postgraduate,3.0,In Person,2018
4395,BIOL3114,Vertebrate Biology,Second Semester,Undergraduate,6.0,In Person,2018
4396,BIOL6111,Vertebrate Biology,Second Semester,Postgraduate,6.0,In Person,2018
4397,ENGL3036,Victorian Literature,,Undergraduate,6.0,In Person,2018
4398,ENGL6036,Victorian Literature,,Postgraduate,6.0,In Person,2018
4399,ARTH2097,Victorian and Edwardian Art: Australia and Europe 1837-1914,First Semester,Undergraduate,6.0,In Person,2018
4400,ARTH6097,Victorian and Edwardian Art: Australia and Europe 1837-1914,First Semester,Postgraduate,6.0,Online or In Person,2018
4401,ARTV6003,Video Art,First Semester,Postgraduate,6.0,In Person,2018
4402,ARTV2617,Video: Creative Possibilities,First Semester,Undergraduate,6.0,In Person,2018
4403,ANTH2135,Vietnam Field School,,Undergraduate,6.0,In Person,2018
4404,ANTH6135,Vietnam Field School,,Postgraduate,12.0,In Person,2018
4405,ENVS6017,Vietnam Field School,Summer Session,Postgraduate,6.0,In Person,2018
4406,ANTH6137,Vietnam Field School,,Postgraduate,6.0,In Person,2018
4407,ENVS2017,Vietnam Field School,Summer Session,Undergraduate,6.0,In Person,2018
4408,VIET1002,Vietnamese 1,First Semester,Undergraduate,6.0,Online or In Person,2018
4409,VIET6102,Vietnamese 1,First Semester,Postgraduate,6.0,Online or In Person,2018
4410,VIET1003,Vietnamese 2,Second Semester,Undergraduate,6.0,Online or In Person,2018
4411,VIET6103,Vietnamese 2,Second Semester,Postgraduate,6.0,Online or In Person,2018
4412,VIET6002,Vietnamese 3,First Semester,Postgraduate,6.0,Online or In Person,2018
4413,VIET2002,Vietnamese 3,First Semester,Undergraduate,6.0,Online or In Person,2018
4414,VIET2003,Vietnamese 4,Second Semester,Undergraduate,6.0,Online or In Person,2018
4415,VIET6003,Vietnamese 4,Second Semester,Postgraduate,6.0,Online or In Person,2018
4416,VIET3002,Vietnamese 5,First Semester,Undergraduate,6.0,In Person,2018
4417,VIET6502,Vietnamese 5,First Semester,Postgraduate,6.0,In Person,2018
4418,VIET3003,Vietnamese 6,Second Semester,Undergraduate,6.0,In Person,2018
4419,VIET6503,Vietnamese 6,Second Semester,Postgraduate,6.0,In Person,2018
4420,VIET3015,Vietnamese-English Translation,First Semester,Undergraduate,6.0,In Person,2018
4421,VIET6015,Vietnamese-English Translation,,Postgraduate,6.0,In Person,2018
4422,HIST6243,"Vikings, Crusades, Mongols: Shaping Medieval Europe, c. 850–1300",,Postgraduate,6.0,In Person,2018
4423,HIST2243,"Vikings, Crusades, Mongols: Shaping Medieval Europe, c. 850–1300",,Undergraduate,6.0,In Person,2018
4424,POLS8043,Violence and Political Order,Second Semester,Postgraduate,6.0,In Person,2018
4425,ANTH2130,Violence and Terror,,Undergraduate,6.0,In Person,2018
4426,ANTH6516,Violence and Terror,,Postgraduate,6.0,In Person,2018
4427,REGN8007,Violence in the Contemporary World,Second Semester,Postgraduate,6.0,Online or In Person,2018
4428,ASIA2109,"Violence, Poverty, and Politics in India",Second Semester,Undergraduate,6.0,In Person,2018
4429,ASIA8823,Virtual Exchange,,Postgraduate,6.0,In Person,2018
4430,ARTS8823,Virtual Exchange,,Postgraduate,6.0,In Person,2018
4431,COMP8823,Virtual Exchange,,Postgraduate,6.0,In Person,2018
4432,COMP5923,Virtual Exchange,,Undergraduate,6.0,In Person,2018
4433,ASIA5923,Virtual Exchange,,Undergraduate,6.0,In Person,2018
4434,ARTS5923,Virtual Exchange,First Semester/Second Semester,Undergraduate,6.0,In Person,2018
4435,ENGN5923,Virtual Exchange,,Undergraduate,6.0,In Person,2018
4436,ENGN8823,Virtual Exchange,,Postgraduate,6.0,In Person,2018
4437,CBEA8823,Virtual Exchange,,Postgraduate,6.0,In Person,2018
4438,SCNC8823,Virtual Exchange,,Postgraduate,6.0,In Person,2018
4439,SCNC5924,Virtual Exchange Band 1,,Undergraduate,6.0,In Person,2018
4440,CBEA5923,Virtual Exchange Band 2,,Undergraduate,6.0,In Person,2018
4441,SCNC5923,Virtual Exchange Band 2,,Undergraduate,6.0,In Person,2018
4442,LAWS8169,"Visa Compliance, Cancellation and Review",,Postgraduate,6.0,Online,2018
4443,ARTV2819,Vision and Perception,Second Semester,Undergraduate,6.0,In Person,2018
4444,ARTV8300,Visual Arts Studio Masterclass,,Postgraduate,6.0,In Person,2018
4445,ANUC1121,Visual Communication: Design and Production,First Semester,Undergraduate,6.0,In Person,2018
4446,DESN1002,Visual Communication: Design and Production,First Semester,Undergraduate,6.0,In Person,2018
4447,PSYC3015,Visual and Cognitive Neuroscience,Second Semester,Undergraduate,6.0,In Person,2018
4448,WARS3001,Walking the Ground: War Studies in the Field,,Undergraduate,6.0,In Person,2018
4449,INTR8057,War and Peace in Asia,,Postgraduate,6.0,In Person,2018
4450,WARS1003,War and Society in Modern History,Second Semester,Undergraduate,6.0,Online or In Person,2018
4451,WARS2004,War in the Islands: The Second World War in the Pacific,,Undergraduate,6.0,In Person,2018
4452,WARS6006,War in the Islands: The Second World War in the Pacific,,Postgraduate,6.0,In Person,2018
4453,WARS1001,"War in the Modern World, 1789 to today",First Semester,Undergraduate,6.0,Online or In Person,2018
4454,POLS3022,Washington DC Internship,Summer Session,Undergraduate,12.0,In Person,2018
4455,EMDV8079,Water Conflicts,Autumn Session,Postgraduate,6.0,Online or In Person,2018
4456,ENVS6555,Water Management,First Semester,Postgraduate,6.0,In Person,2018
4457,ENVS3005,Water Management,First Semester,Undergraduate,6.0,In Person,2018
4458,LAWS8123,Water Resources Law,,Postgraduate,6.0,In Person,2018
4459,ENVS6022,Water Science,Summer Session,Postgraduate,6.0,In Person,2018
4460,ENVS2020,Water Science,Summer Session,Undergraduate,6.0,In Person,2018
4461,PHYS2017,Waves and Optics,,Undergraduate,6.0,In Person,2018
4462,ENVS6204,"Weather, Climate and Fire",First Semester,Postgraduate,6.0,In Person,2018
4463,ENVS2004,"Weather, Climate and Fire",First Semester,Undergraduate,6.0,In Person,2018
4464,ANUC1710,Web Development and Design,First Semester/Second Semester,Undergraduate,6.0,In Person,2018
4465,COMP1710,Web Development and Design,First Semester,Undergraduate,6.0,In Person,2018
4466,COMP6780,Web Development and Design,First Semester,Postgraduate,6.0,In Person,2018
4467,EMDV8015,Wet Tropics Cairns Applied Research Workshop,,Postgraduate,6.0,In Person,2018
4468,PHIL1007,What is Humanity?,Second Semester,Undergraduate,6.0,In Person,2018
4469,ASIA2304,What is Literature? Asian Perspectives,Second Semester,Undergraduate,6.0,In Person,2018
4470,CRIM8004,"White Collar Crime: Fraud, Money Laundering and Corruption",,Postgraduate,6.0,Online or In Person,2018
4471,HUMN8036,Who do we think we are? Using Archives and Special Collections,Winter Session,Postgraduate,6.0,In Person,2018
4472,STST8032,Why and How We Fight: Understanding War and Conflict,,Postgraduate,6.0,In Person,2018
4473,LEGW8114,Wills and Estates Practice,Autumn Session/Winter Session/Spring Session,Postgraduate,3.0,Online,2018
4474,PHYS6301,Wind Energy,Winter Session,Postgraduate,6.0,In Person,2018
4475,PHYS3301,Wind Energy,Winter Session,Undergraduate,6.0,In Person,2018
4476,ENGN6536,Wireless Communications,Second Semester,Postgraduate,6.0,In Person,2018
4477,ENGN4536,Wireless Communications,Second Semester,Undergraduate,6.0,In Person,2018
4478,POGO8068,Work Based Research Project,Autumn Session,Postgraduate,12.0,In Person,2018
4479,PHYS3058,Work Experience in Photonics,First Semester/Second Semester,Undergraduate,6.0,In Person,2018
4480,PHYS6503,Work Experience in Photonics,First Semester/Second Semester,Postgraduate,6.0,In Person,2018
4481,PHYS8506,Work experience in Photonics,First Semester/Second Semester,Postgraduate,6.0,In Person,2018
4482,POGO8113,Work-related Project,,Postgraduate,6.0,In Person,2018
4483,ARTV2038,Workshop Atelier,Spring Session,Undergraduate,6.0,In Person,2018
4484,HIST6136,"World At War, 1939-1945",Second Semester,Postgraduate,6.0,Online or In Person,2018
4485,ECHI3009,World Economy Since 1800,Second Semester,Undergraduate,6.0,In Person,2018
4486,HUMN8019,World Heritage: conserving cultural heritage values,Autumn Session,Postgraduate,6.0,Online,2018
4487,INTR8036,World Politics,First Semester/Second Semester,Postgraduate,6.0,In Person,2018
4488,INTR8071,World Politics 12 Units,First Semester/Second Semester,Postgraduate,12.0,In Person,2018
4489,ARCH3025,World Rock Art,,Undergraduate,6.0,In Person,2018
4490,HUMN8008,World Rock Art: Global Perspectives on Rock Art Research,,Postgraduate,6.0,In Person,2018
4491,EMDV8035,World Trade and the Environment,,Postgraduate,6.0,In Person,2018
4492,HIST2136,"World at War, 1939-1945",Second Semester,Undergraduate,6.0,In Person,2018
4493,ARTH8021,Writing About Art and Creative Practice,,Postgraduate,6.0,In Person,2018
4494,ASIA8038,Writing Ethnography in Asia and the Pacific,Second Semester,Postgraduate,6.0,In Person,2018
4495,INTR8065,Writing International Relations,First Semester/Second Semester,Postgraduate,6.0,In Person,2018
4496,INTR8069,Writing International Relations 12 Units,First Semester/Second Semester,Postgraduate,12.0,In Person,2018
4497,GEND3016,Writing Lives: Autobiography in Fiction and Memoir,,Undergraduate,6.0,In Person,2018
4498,POGO8037,Writing Public Policy,,Postgraduate,6.0,In Person,2018
4499,BIAN4009,Writing Seminar in Biological Anthropology,Second Semester,Undergraduate,6.0,In Person,2018
4500,MUSI6211,Writing about Music 1: Styles and Theories,First Semester,Postgraduate,6.0,In Person,2018
4501,MUSI2211,Writing about Music 1: Styles and Theories,First Semester,Undergraduate,6.0,In Person,2018
4502,MUSI6313,Writing about Music 2: Sources and Methods,Second Semester,Postgraduate,6.0,In Person,2018
4503,MUSI3313,Writing about Music 2: Sources and Methods,Second Semester,Undergraduate,6.0,In Person,2018
4504,HUMN4001,Writing for the Research Process,Second Semester,Undergraduate,6.0,In Person,2018
4505,HUMN8032,Writing for the Research Process,Second Semester,Postgraduate,6.0,In Person,2018
4506,HUMN8026,Writing in the Public Sphere,Second Semester,Postgraduate,6.0,Online or In Person,2018
4507,HUMN8012,"Writing, World Histories and Lives: Research Project",Second Semester,Postgraduate,6.0,In Person,2018
4508,ASIA3551,Year in Asia,First Semester/Second Semester,Undergraduate,24.0,In Person,2018
4509,CRIM2006,Young People and Crime: Developmental Criminology and its Discontents,Autumn Session,Undergraduate,6.0,In Person,2018
4510,CRIM6006,Young People and Crime: Developmental Criminology and its Discontents,Autumn Session,Postgraduate,6.0,In Person,2018
4511,DESN2011,Your Practice / Your Brand,,Undergraduate,6.0,In Person,2018
4512,ASIA2912,,,Undergraduate,,In Person,2018
4513,ASIA3913,,,Undergraduate,,In Person,2018
4514,ASIA5951,,,Undergraduate,,In Person,2018
4515,BIOL1901,,,Undergraduate,,In Person,2018
4516,BIOL2901,,,Undergraduate,,In Person,2018
4517,ANTH1900,,,Undergraduate,,In Person,2018
4518,ANTH2900,,,Undergraduate,,In Person,2018
4519,ARAB1900,,,Undergraduate,,In Person,2018
4520,ARAB1916,,,Undergraduate,,In Person,2018
4521,ARCH2900,,,Undergraduate,,In Person,2018
4522,ARCH2910,,,Undergraduate,,In Person,2018
4523,ARCH5950,,,Undergraduate,,In Person,2018
4524,ARTH2910,,,Undergraduate,,In Person,2018
4525,ARTS1900,,,Undergraduate,,In Person,2018
4526,ARTS2900,,,Undergraduate,,In Person,2018
4527,ARTS7900,,,Postgraduate,,In Person,2018
4528,ARTV1900,,,Undergraduate,,In Person,2018
4529,EURO2900,,,Undergraduate,,In Person,2018
4530,FREN1900,,,Undergraduate,,In Person,2018
4531,FREN2900,,,Undergraduate,,In Person,2018
4532,FSTY3901,,,Undergraduate,,In Person,2018
4533,GEND1900,,,Undergraduate,,In Person,2018
4534,GEOG2900,,,Undergraduate,,In Person,2018
4535,GEOG2901,,,Undergraduate,,In Person,2018
4536,GEOG3901,,,Undergraduate,,In Person,2018
4537,CRIM1900,,,Undergraduate,,In Person,2018
4538,DESA2900,,,Undergraduate,,In Person,2018
4539,ENGN1995,,,Undergraduate,,In Person,2018
4540,ENGN2996,,,Undergraduate,,In Person,2018
4541,ENGN4100,,,Undergraduate,,In Person,2018
4542,ENGN4995,,,Undergraduate,,In Person,2018
4543,INTR2900,,,Undergraduate,,In Person,2018
4544,LANG1900,,,Undergraduate,,In Person,2018
4545,LANG2900,,,Undergraduate,,In Person,2018
4546,CHIN3918,,,Undergraduate,,In Person,2018
4547,CLAS2900,,,Undergraduate,,In Person,2018
4548,COMP1997,,,Undergraduate,,In Person,2018
4549,COMP1998,,,Undergraduate,,In Person,2018
4550,COMP4801,,,Undergraduate,,In Person,2018
4551,COMP8200,,,Postgraduate,,In Person,2018
4552,HIST2900,,,Undergraduate,,In Person,2018
4553,ICOM2900,,,Undergraduate,,In Person,2018
4554,INDN1916,,,Undergraduate,,In Person,2018
4555,CBEA1900,,,Undergraduate,,In Person,2018
4556,CBEA3900,,,Undergraduate,,In Person,2018
4557,CBEA5950,,,Postgraduate,,In Person,2018
4558,CHEM1901,,,Undergraduate,,In Person,2018
4559,CHIN1916,,,Undergraduate,,In Person,2018
4560,CHIN2917,,,Undergraduate,,In Person,2018
4561,EMSC2901,,,Undergraduate,,In Person,2018
4562,EMSC3901,,,Undergraduate,,In Person,2018
4563,GEOL3901,,,Undergraduate,,In Person,2018
4564,GERM1900,,,Undergraduate,,In Person,2018
4565,GRAD7900,,,Postgraduate,,In Person,2018
4566,GRAD9006,,,Research,,In Person,2018
4567,GRAD9024,,,Research,,In Person,2018
4568,HIND1916,,,Undergraduate,,In Person,2018
4569,LEGW8012,,,Postgraduate,,In Person,2018
4570,MUSI1900,,,Undergraduate,,In Person,2018
4571,LAWS1040,,,Undergraduate,,In Person,2018
4572,LAWS1901,,,Undergraduate,,In Person,2018
4573,LAWS5999,,,Undergraduate,,In Person,2018
4574,PSYC1901,,,Undergraduate,,In Person,2018
4575,PSYC2900,,,Undergraduate,,In Person,2018
4576,PHIL2900,,,Undergraduate,,In Person,2018
4577,PHYS2901,,,Undergraduate,,In Person,2018
4578,PLST1900,,,Undergraduate,,In Person,2018
4579,PERS1900,,,Undergraduate,,In Person,2018
4580,LAWS8191,,,Postgraduate,,In Person,2018
4581,LAWS8198,,,Postgraduate,,In Person,2018
4582,LAWS8299,,,Postgraduate,,In Person,2018
4583,LAWS8299,,,Postgraduate,,In Person,2018
4584,POLS1900,,,Undergraduate,,In Person,2018
4585,POLS2900,,,Undergraduate,,In Person,2018
4586,SKRT3918,,,Undergraduate,,In Person,2018
4587,SOCY2900,,,Undergraduate,,In Person,2018
4588,RUSS1900,,,Undergraduate,,In Person,2018
4589,RUSS2900,,,Undergraduate,,In Person,2018
4590,SCNC1902,,,Undergraduate,,In Person,2018
4591,SCNC2901,,,Undergraduate,,In Person,2018
4592,SCNC5951,,,Undergraduate,,In Person,2018
4593,SCNC5953,,,Undergraduate,,In Person,2018
4594,SCOM1901,,,Undergraduate,,In Person,2018
4595,THAI3918,,,Undergraduate,,In Person,2018
4596,TRAN6999,,,Postgraduate,,In Person,2018
4597,UNSP5999,,,Postgraduate,,In Person,2018
4598,VIET2917,,,Undergraduate,,In Person,2018
4599,VIET3918,,,Undergraduate,,In Person,2018
4600,STST6990,,,Postgraduate,,In Person,2018
4601,ANCH1900,,,Undergraduate,,In Person,2018
4602,ARAB2900,,,Undergraduate,,In Person,2018
4603,ARCH1900,,,Undergraduate,,In Person,2018
4604,CHEM3901,,,Undergraduate,,In Person,2018
4605,CRIM2900,,,Undergraduate,,In Person,2018
4606,DESA1900,,,Undergraduate,,In Person,2018
4607,DIPL8007,,,Postgraduate,,In Person,2018
4608,ARTV2900,,,Undergraduate,,In Person,2018
4609,ASIA1901,,,Undergraduate,,In Person,2018
4610,ASIA1911,,,Undergraduate,,In Person,2018
4611,ENVS2901,,,Undergraduate,,In Person,2018
4612,EURO1900,,,Undergraduate,,In Person,2018
4613,FILM1900,,,Undergraduate,,In Person,2018
4614,FILM2900,,,Undergraduate,,In Person,2018
4615,FORA2900,,,Undergraduate,,In Person,2018
4616,ENGN1996,,,Undergraduate,,In Person,2018
4617,ENGN1997,,,Undergraduate,,In Person,2018
4618,ENGN2997,,,Undergraduate,,In Person,2018
4619,ENGN4996,,,Undergraduate,,In Person,2018
4620,ENGN8200,,,Postgraduate,,In Person,2018
4621,ENVS1901,,,Undergraduate,,In Person,2018
4622,ASIA2902,,,Undergraduate,,In Person,2018
4623,ASIA3903,,,Undergraduate,,In Person,2018
4624,ASIA6991,,,Postgraduate,,In Person,2018
4625,ASIA6992,,,Postgraduate,,In Person,2018
4626,ASTR1901,,,Undergraduate,,In Person,2018
4627,ASTR3901,,,Undergraduate,,In Person,2018
4628,ECOS2901,,,Undergraduate,,In Person,2018
4629,EMDV6990,,,Postgraduate,,In Person,2018
4630,CLAS1900,,,Undergraduate,,In Person,2018
4631,COMP1995,,,Undergraduate,,In Person,2018
4632,COMP1999,,,Undergraduate,,In Person,2018
4633,COMP2995,,,Undergraduate,,In Person,2018
4634,COMP3995,,,Undergraduate,,In Person,2018
4635,COMP3996,,,Undergraduate,,In Person,2018
4636,COMP4995,,,Undergraduate,,In Person,2018
4637,FSTY1901,,,Undergraduate,,In Person,2018
4638,FSTY2901,,,Undergraduate,,In Person,2018
4639,GEOG1901,,,Undergraduate,,In Person,2018
4640,GEOL1901,,,Undergraduate,,In Person,2018
4641,GEOL2901,,,Undergraduate,,In Person,2018
4642,GRAD7903,,,Postgraduate,,In Person,2018
4643,GRAD9012,,,Research,,In Person,2018
4644,GRAD9018,,,Research,,In Person,2018
4645,GREK2900,,,Undergraduate,,In Person,2018
4646,HIND2917,,,Undergraduate,,In Person,2018
4647,HIST1900,,,Undergraduate,,In Person,2018
4648,INDN2917,,,Undergraduate,,In Person,2018
4649,INDN3918,,,Undergraduate,,In Person,2018
4650,ITAL2900,,,Undergraduate,,In Person,2018
4651,JPNS3918,,,Undergraduate,,In Person,2018
4652,KORE2917,,,Undergraduate,,In Person,2018
4653,KORE3918,,,Undergraduate,,In Person,2018
4654,LATN1900,,,Undergraduate,,In Person,2018
4655,LING2900,,,Undergraduate,,In Person,2018
4656,MATH1901,,,Undergraduate,,In Person,2018
4657,MATH2901,,,Undergraduate,,In Person,2018
4658,LAWS1012,,,Undergraduate,,In Person,2018
4659,LAWS4002,,,Undergraduate,,In Person,2018
4660,LAWS4040,,,Undergraduate,,In Person,2018
4661,LAWS5998,,,Undergraduate,,In Person,2018
4662,LAWS7900,,,Postgraduate,,In Person,2018
4663,ICOM1900,,,Undergraduate,,In Person,2018
4664,NEUR3901,,,Undergraduate,,In Person,2018
4665,NSPO5999,,,Postgraduate,,In Person,2018
4666,PERS2900,,,Undergraduate,,In Person,2018
4667,PHIL1900,,,Undergraduate,,In Person,2018
4668,LAWS8197,,,Postgraduate,,In Person,2018
4669,PHYS1901,,,Undergraduate,,In Person,2018
4670,PHYS3901,,,Undergraduate,,In Person,2018
4671,PLST2900,,,Undergraduate,,In Person,2018
4672,PORT1900,,,Undergraduate,,In Person,2018
4673,PORT2900,,,Undergraduate,,In Person,2018
4674,PSYC3900,,,Undergraduate,,In Person,2018
4675,PSYC3901,,,Undergraduate,,In Person,2018
4676,TRAN5999,,,Undergraduate,,In Person,2018
4677,TURK2900,,,Undergraduate,,In Person,2018
4678,VIET1916,,,Undergraduate,,In Person,2018
4679,SOCY1900,,,Undergraduate,,In Person,2018
4680,SPAN1900,,,Undergraduate,,In Person,2018
4681,SPAN2900,,,Undergraduate,,In Person,2018
4682,SRES1901,,,Undergraduate,,In Person,2018
4683,STAT2901,,,Undergraduate,,In Person,2018
4684,REGN6001,,,Postgraduate,,In Person,2018
4685,SCCO1901,,,Undergraduate,,In Person,2018
4686,SCCO2901,,,Undergraduate,,In Person,2018
4687,SCNC1901,,,Undergraduate,,In Person,2018
4688,SCNC3100,,,Undergraduate,,In Person,2018
4689,SCNC3901,,,Undergraduate,,In Person,2018
4690,SCNC5952,,,Undergraduate,,In Person,2018
4691,SCNC8888,,,Postgraduate,,In Person,2018
4692,SCOM2901,,,Undergraduate,,In Person,2018
4693,SCOM3901,,,Undergraduate,,In Person,2018
4694,ASIA2907,,,Undergraduate,,In Person,2018
4695,ASIA3908,,,Undergraduate,,In Person,2018
4696,ASIA6990,,,Postgraduate,,In Person,2018
4697,ASTR2901,,,Undergraduate,,In Person,2018
4698,BIAN2900,,,Undergraduate,,In Person,2018
4699,BIOL3901,,,Undergraduate,,In Person,2018
4700,ANCH2900,,,Undergraduate,,In Person,2018
4701,ARAB2917,,,Undergraduate,,In Person,2018
4702,ARAB3505,,,Undergraduate,,In Person,2018
4703,ARAB3918,,,Undergraduate,,In Person,2018
4704,ARCH1910,,,Undergraduate,,In Person,2018
4705,ARTH1900,,,Undergraduate,,In Person,2018
4706,ARTH2900,,,Undergraduate,,In Person,2018
4707,ARTS3100,,,Undergraduate,,In Person,2018
4708,ARTS5999,,,Undergraduate,,In Person,2018
4709,ASIA1906,,,Undergraduate,,In Person,2018
4710,ENVS3901,,,Undergraduate,,In Person,2018
4711,FSTY4100,,,Undergraduate,,In Person,2018
4712,GEND2900,,,Undergraduate,,In Person,2018
4713,GEOG1900,,,Undergraduate,,In Person,2018
4714,GEOG2999,,,Undergraduate,,In Person,2018
4715,DEST1900,,,Undergraduate,,In Person,2018
4716,DEST2900,,,Undergraduate,,In Person,2018
4717,ECCO1901,,,Undergraduate,,In Person,2018
4718,INTR1900,,,Undergraduate,,In Person,2018
4719,INTR2910,,,Undergraduate,,In Person,2018
4720,INTR2920,,,Undergraduate,,In Person,2018
4721,INTR8001,,,Postgraduate,,In Person,2018
4722,ITAL1900,,,Undergraduate,,In Person,2018
4723,JPNS1916,,,Undergraduate,,In Person,2018
4724,JPNS2917,,,Undergraduate,,In Person,2018
4725,KORE1916,,,Undergraduate,,In Person,2018
4726,LATN2900,,,Undergraduate,,In Person,2018
4727,ENGL2900,,,Undergraduate,,In Person,2018
4728,ENGN2995,,,Undergraduate,,In Person,2018
4729,ENGN3995,,,Undergraduate,,In Person,2018
4730,ENGN3996,,,Undergraduate,,In Person,2018
4731,ENGN5900,,,Undergraduate,,In Person,2018
4732,ENGN6995,,,Postgraduate,,In Person,2018
4733,IDEC6990,,,Postgraduate,,In Person,2018
4734,INDG1900,,,Undergraduate,,In Person,2018
4735,INDG2900,,,Undergraduate,,In Person,2018
4736,COMP1901,,,Undergraduate,,In Person,2018
4737,COMP1993,,,Undergraduate,,In Person,2018
4738,COMP1996,,,Undergraduate,,In Person,2018
4739,COMP2901,,,Undergraduate,,In Person,2018
4740,COMP2996,,,Undergraduate,,In Person,2018
4741,COMP3901,,,Undergraduate,,In Person,2018
4742,COMP6995,,,Postgraduate,,In Person,2018
4743,ECOS1901,,,Undergraduate,,In Person,2018
4744,ECOS3901,,,Undergraduate,,In Person,2018
4745,EMDV8119,,,Postgraduate,,In Person,2018
4746,EMSC1901,,,Undergraduate,,In Person,2018
4747,ENGL1900,,,Undergraduate,,In Person,2018
4748,CBEA1901,,,Undergraduate,,In Person,2018
4749,CBEA3901,,,Undergraduate,,In Person,2018
4750,CBEA5999,,,Undergraduate,,In Person,2018
4751,CBEA8890,,,Postgraduate,,In Person,2018
4752,CHEM2901,,,Undergraduate,,In Person,2018
4753,GERM2900,,,Undergraduate,,In Person,2018
4754,GRAD7901,,,Postgraduate,,In Person,2018
4755,GRAD7902,,,Postgraduate,,In Person,2018
4756,GREK1900,,,Undergraduate,,In Person,2018
4757,HIND3918,,,Undergraduate,,In Person,2018
4758,LAWS8999,,,Postgraduate,,In Person,2018
4759,LING1900,,,Undergraduate,,In Person,2018
4760,MATH3901,,,Undergraduate,,In Person,2018
4761,POPS1900,,,Undergraduate,,In Person,2018
4762,POPS2900,,,Undergraduate,,In Person,2018
4763,PSYC1900,,,Undergraduate,,In Person,2018
4764,PSYC1995,,,Undergraduate,,In Person,2018
4765,PSYC2901,,,Undergraduate,,In Person,2018
4766,LAWS1900,,,Undergraduate,,In Person,2018
4767,LAWS2040,,,Undergraduate,,In Person,2018
4768,LAWS2900,,,Undergraduate,,In Person,2018
4769,LAWS2901,,,Undergraduate,,In Person,2018
4770,POGO8040,,,Postgraduate,,In Person,2018
4771,MUSI2900,,,Undergraduate,,In Person,2018
4772,LAWS8190,,,Postgraduate,,In Person,2018
4773,LAWS8199,,,Postgraduate,,In Person,2018
4774,MEDI4900,,,Undergraduate,,In Person,2018
4775,THAI1916,,,Undergraduate,,In Person,2018
4776,THAI2917,,,Undergraduate,,In Person,2018
4777,TURK1900,,,Undergraduate,,In Person,2018
4778,SRES2901,,,Undergraduate,,In Person,2018
4779,SRES3901,,,Undergraduate,,In Person,2018
4780,STAT1901,,,Undergraduate,,In Person,2018
4781,STAT3901,,,Undergraduate,,In Person,2018
4782,REGN8017,,,Postgraduate,,In Person,2018
4783,SCCO3901,,,Undergraduate,,In Person,2018
4784,SCNC1903,,,Undergraduate,,In Person,2018
4785,SCNC2902,,,Undergraduate,,In Person,2018
4786,SCNC2903,,,Undergraduate,,In Person,2018
4787,SCNC5999,,,Undergraduate,,In Person,2018
4788,SKRT1916,,,Undergraduate,,In Person,2018
4789,SKRT2917,,,Undergraduate,,In Person,2018
