,CourseCode,Name,Session,Career,Units,ModeOfDelivery,Year
0,INTR2020,(In)Stability on the Korean Peninsula,First Semester,Undergraduate,6.0,In Person,2019
1,ENGL6020,"16th, 17th and 18th  Century Literature",Second Semester,Postgraduate,6.0,In Person,2019
2,ENGL3005,"16th, 17th and 18th Century Literature(H)",Second Semester,Undergraduate,6.0,In Person,2019
3,ENGL6022,19th & 20th Century Literature,First Semester,Postgraduate,6.0,In Person,2019
4,ENGL3022,19th and 20th Century Literature,First Semester,Undergraduate,6.0,In Person,2019
5,ENGL6035,20th Century American Drama,Second Semester,Postgraduate,6.0,In Person,2019
6,ENGL2115,20th Century American Drama,Second Semester,Undergraduate,6.0,In Person,2019
7,ASGS1001,20th Century History,,Undergraduate,6.0,In Person,2019
8,PREP1102,20th Century History,,Undergraduate,6.0,In Person,2019
9,MGMT7169,A Management Framework For Business Projects,Second Semester,Postgraduate,6.0,In Person,2019
10,ASIA2107,ACICIS International Relations Program,First Semester/Second Semester,Undergraduate,6.0,Online or In Person,2019
11,CBEA6070,ANU College of Business and Economics Internship Project (PG),First Semester/Second Semester,Postgraduate,6.0,In Person,2019
12,CBEA3070,ANU College of Business and Economics Internship Project (UG),First Semester/Second Semester,Undergraduate,6.0,In Person,2019
13,EXTN1001A,ANU Extension Astrophysics A,Autumn Session,Undergraduate,0.0,In Person,2019
14,EXTN1001B,ANU Extension Astrophysics B,Autumn Session,Undergraduate,6.0,In Person,2019
15,EXTN1002A,ANU Extension Chemistry A,Autumn Session,Undergraduate,0.0,In Person,2019
16,EXTN1002B,ANU Extension Chemistry B,Autumn Session,Undergraduate,6.0,In Person,2019
17,EXTN1004A,ANU Extension Conservation Biology A,Autumn Session,Undergraduate,0.0,In Person,2019
18,EXTN1004B,ANU Extension Conservation Biology B,Autumn Session,Undergraduate,6.0,In Person,2019
19,EXTN1012A,ANU Extension Maths A,Autumn Session,Undergraduate,0.0,In Person,2019
20,EXTN1012B,ANU Extension Maths B,Autumn Session,Undergraduate,6.0,In Person,2019
21,EXTN1011A,ANU Extension Physics A,Autumn Session,Undergraduate,0.0,In Person,2019
22,EXTN1011B,ANU Extension Physics B,Autumn Session,Undergraduate,6.0,In Person,2019
23,SCNC5922,ANU/NUS JD (Band 2 NP),First Semester/Second Semester,Undergraduate,6.0,In Person,2019
24,PHYS8011,ANU/NUS Study Program I,First Semester/Second Semester,Postgraduate,6.0,In Person,2019
25,PHYS8012,ANU/NUS Study Program II,First Semester/Second Semester,Postgraduate,6.0,In Person,2019
26,ASGS1106,ASGS1106 Support For Microeconomics 1,,Undergraduate,6.0,In Person,2019
27,ASGS1107,ASGS1107 Support for Communication For Business,,Undergraduate,6.0,In Person,2019
28,ARTH2098,Aboriginal and Torres Strait Islander Art,First Semester,Undergraduate,6.0,In Person,2019
29,HLTH3001,Aboriginal and Torres Strait Islander Health,,Undergraduate,6.0,In Person,2019
30,HIST6022,Aboriginal and Torres Strait Islander History,First Semester,Postgraduate,6.0,Online or In Person,2019
31,HIST2022,Aboriginal and Torres Strait Islander History,First Semester,Undergraduate,6.0,In Person,2019
32,PHYS8203,Accelerators and their application,First Semester,Postgraduate,6.0,In Person,2019
33,LAWS8334,Access to Justice in Global and Local Contexts,,Postgraduate,6.0,In Person,2019
34,PREP1103,Accounting,,Undergraduate,6.0,In Person,2019
35,BUSN3051,Accounting Analytics,First Semester/Second Semester,Undergraduate,6.0,In Person,2019
36,BUSN7051,Accounting Analytics,First Semester/Second Semester,Postgraduate,6.0,In Person,2019
37,BUSN4500,Accounting Honours Thesis,First Semester/Second Semester,Undergraduate,6.0,In Person,2019
38,INFS7004,Accounting Information Systems,First Semester/Second Semester,Postgraduate,6.0,In Person,2019
39,INFS2005,Accounting Information Systems,First Semester/Second Semester,Undergraduate,6.0,In Person,2019
40,BUSN1002,Accounting Processes and Systems,First Semester/Second Semester,Undergraduate,6.0,In Person,2019
41,BUSN3001,Accounting Theory,First Semester/Second Semester,Undergraduate,6.0,In Person,2019
42,LEGW8100,Accounts,,Postgraduate,3.0,In Person,2019
43,PREP1010,Achieve Literacy,First Semester/Second Semester,Undergraduate,9.0,In Person,2019
44,PREP1011,Achieve Numeracy,First Semester/Second Semester,Undergraduate,9.0,In Person,2019
45,PREP1016,Activate Literacy,First Semester/Second Semester,Undergraduate,9.0,In Person,2019
46,PREP1018,Activate Mathematics,First Semester/Second Semester,Undergraduate,9.0,In Person,2019
47,PREP1017,Activate Numeracy,First Semester/Second Semester,Undergraduate,9.0,In Person,2019
48,ASIA8021,Activism and Social Change in Asia and the Pacific,Second Semester,Postgraduate,6.0,In Person,2019
49,ACST8040,Actuarial Control Cycle 1,First Semester,Postgraduate,6.0,In Person,2019
50,ACST4031,Actuarial Control Cycle 1,First Semester,Undergraduate,6.0,In Person,2019
51,ACST4032,Actuarial Control Cycle 2,Second Semester,Undergraduate,6.0,In Person,2019
52,ACST8041,Actuarial Control Cycle 2,Second Semester,Postgraduate,6.0,In Person,2019
53,ACST4062,Actuarial Data Analysis,,Undergraduate,6.0,In Person,2019
54,ACST8032,Actuarial Data Analysis,,Postgraduate,6.0,In Person,2019
55,ACST4500,Actuarial Honours Thesis,First Semester/Second Semester,Undergraduate,6.0,In Person,2019
56,ACST4600,Actuarial Research Essay,First Semester/Second Semester,Undergraduate,6.0,In Person,2019
57,STAT3038,Actuarial Techniques,Second Semester,Undergraduate,6.0,In Person,2019
58,STAT6045,Actuarial Techniques,Second Semester,Postgraduate,6.0,In Person,2019
59,ENGL2067,Adaptation: From Text to Screen,Second Semester,Undergraduate,6.0,In Person,2019
60,ENGL6067,Adaptation: From Text to Screen,Second Semester,Postgraduate,6.0,In Person,2019
61,LAWS8652,Administrative Decision Making in Australian Migration Law,First Semester/Second Semester,Postgraduate,6.0,Online,2019
62,LAWS6201,Administrative Law,First Semester,Postgraduate,6.0,Online or In Person,2019
63,LAWS2201,Administrative Law,First Semester,Undergraduate,6.0,In Person,2019
64,LAWS8709,Administrative Law & Commonwealth Constitutional Law A,,Postgraduate,8.0,Online,2019
65,LAWS8710,Administrative Law & Commonwealth Constitutional Law B,,Postgraduate,8.0,Online,2019
66,LEGW8118,Administrative Law Practice,Summer Session/Winter Session,Postgraduate,3.0,Online,2019
67,LAWS4308,Administrative Law Theory and Practice: The Case of Citizenship,Second Semester,Undergraduate,6.0,In Person,2019
68,PREP1013,Advance Literacy,First Semester/Second Semester,Undergraduate,9.0,In Person,2019
69,PREP1014,Advance Numeracy,First Semester/Second Semester,Undergraduate,9.0,In Person,2019
70,LING6030,Advanced Academic English,First Semester,Postgraduate,6.0,In Person,2019
71,LING2107,Advanced Academic English,First Semester,Undergraduate,6.0,In Person,2019
72,LAWS8462,Advanced Administrative Law,Second Semester,Postgraduate,6.0,In Person,2019
73,LAWS4262,Advanced Administrative Law,Second Semester,Undergraduate,6.0,In Person,2019
74,MATH3104,"Advanced Algebra 1: Groups, Rings and Linear Algebra",Second Semester,Undergraduate,6.0,In Person,2019
75,MATH2322,"Advanced Algebra 1: Groups, Rings and Linear Algebra",Second Semester,Undergraduate,6.0,In Person,2019
76,MATH3345,Advanced Algebra 2: Field extensions and Galois Theory,First Semester,Undergraduate,6.0,In Person,2019
77,COMP4600,Advanced Algorithms,,Undergraduate,6.0,In Person,2019
78,COMP8460,Advanced Algorithms,,Postgraduate,6.0,In Person,2019
79,MATH2320,Advanced Analysis 1: Metric Spaces and Applications,First Semester,Undergraduate,6.0,In Person,2019
80,MATH3116,Advanced Analysis 1: Metric Spaces and Applications,First Semester,Undergraduate,6.0,In Person,2019
81,MATH3320,"Advanced Analysis 2: Topology, Lebesgue Integration and Hilbert Spaces",First Semester,Undergraduate,6.0,In Person,2019
82,PHIL3072,Advanced Analytic Philosophy,First Semester,Undergraduate,6.0,In Person,2019
83,EMSC8022,Advanced Analytical Techniques,First Semester/Second Semester,Postgraduate,6.0,In Person,2019
84,GREK3125,Advanced Ancient Greek,First Semester,Undergraduate,6.0,In Person,2019
85,GREK6125,Advanced Ancient Greek,First Semester,Postgraduate,6.0,In Person,2019
86,ARAB3001,Advanced Arabic A,First Semester,Undergraduate,6.0,Online or In Person,2019
87,ARAB6503,Advanced Arabic A,First Semester,Postgraduate,6.0,Online or In Person,2019
88,ARAB6504,Advanced Arabic B,Second Semester,Postgraduate,6.0,Online or In Person,2019
89,ARAB3002,Advanced Arabic B,Second Semester,Undergraduate,6.0,Online or In Person,2019
90,BUSN4056,Advanced Auditing and Assurance Services,First Semester,Undergraduate,6.0,In Person,2019
91,BUSN8056,Advanced Auditing and Assurance Services,First Semester,Postgraduate,6.0,In Person,2019
92,ECON3180,Advanced Behavioral Economics,,Undergraduate,6.0,In Person,2019
93,ECON4480,Advanced Behavioral Economics,,Undergraduate,6.0,In Person,2019
94,ECON8080,Advanced Behavioral Economics,,Postgraduate,6.0,In Person,2019
95,EMET8020,Advanced Case Studies in Applied Econometrics and Applied Economics,Second Semester,Postgraduate,6.0,In Person,2019
96,LAWS8655,Advanced Comparative Migration Law,,Postgraduate,6.0,Online,2019
97,MATH3228,Advanced Complex Analysis,Second Semester,Undergraduate,6.0,In Person,2019
98,COMP4560,Advanced Computing Project,First Semester/Second Semester,Undergraduate,6.0,In Person,2019
99,COMP3560,Advanced Computing R&D Industry Experience,First Semester/Second Semester,Undergraduate,0.0,In Person,2019
100,COMP2550,Advanced Computing R&D Methods,First Semester,Undergraduate,6.0,In Person,2019
101,COMP3550,Advanced Computing R&D Project,First Semester/Second Semester,Undergraduate,6.0,In Person,2019
102,COMP4450,Advanced Computing Research Methods,First Semester,Undergraduate,6.0,In Person,2019
103,COMP6445,Advanced Computing Research Methods,First Semester,Postgraduate,6.0,In Person,2019
104,COMP4550,Advanced Computing Research Project,First Semester/Second Semester,Undergraduate,12.0,In Person,2019
105,PHIL3071,Advanced Continental Philosophy,,Undergraduate,6.0,In Person,2019
106,LAWS8218,Advanced Contracts,Winter Session,Postgraduate,6.0,In Person,2019
107,ENGN8224,Advanced Control Systems,Second Semester,Postgraduate,6.0,In Person,2019
108,FINM4015,Advanced Corporate Finance,First Semester/Second Semester,Undergraduate,6.0,In Person,2019
109,FINM8004,Advanced Corporate Finance,First Semester/Second Semester,Postgraduate,6.0,In Person,2019
110,LAWS8411,"Advanced Criminal Law: Crime, Law and Social Justice",,Postgraduate,6.0,In Person,2019
111,MATH3346,Advanced Data Mining,,Undergraduate,6.0,In Person,2019
112,EMSC8023,Advanced Data Science,First Semester/Second Semester,Postgraduate,6.0,In Person,2019
113,FINM3007,Advanced Derivatives Pricing and Applications,Second Semester,Undergraduate,6.0,In Person,2019
114,EMSC8722,Advanced Detector Systems,,Postgraduate,6.0,In Person,2019
115,MATH3342,Advanced Differential Geometry,First Semester,Undergraduate,6.0,In Person,2019
116,EMSC4109,Advanced Earth Physics,,Undergraduate,6.0,In Person,2019
117,EMSC8019,Advanced Earth Physics,Second Semester,Postgraduate,6.0,In Person,2019
118,EMET4314,Advanced Econometrics I,First Semester,Undergraduate,6.0,In Person,2019
119,EMET8014,Advanced Econometrics I,First Semester,Postgraduate,6.0,In Person,2019
120,EMET8008,Advanced Econometrics II,Second Semester,Postgraduate,6.0,In Person,2019
121,EMET4308,Advanced Econometrics II,Second Semester,Undergraduate,6.0,In Person,2019
122,PHYS3102,Advanced Electromagnetism,First Semester,Undergraduate,6.0,In Person,2019
123,PHIL3073,"Advanced Ethics, Social and Political Philosophy",Second Semester,Undergraduate,6.0,In Person,2019
124,BIOL6303,Advanced Field Studies in Functional Ecology,Winter Session,Postgraduate,6.0,In Person,2019
125,BIOL3303,Advanced Field Studies in Functional Ecology,Winter Session,Undergraduate,6.0,In Person,2019
126,ARCH8002,Advanced Field Training in Archaeological Science,Winter Session,Postgraduate,6.0,In Person,2019
127,MATH3343,Advanced Foundations of Mathematics,First Semester,Undergraduate,6.0,In Person,2019
128,FREN6010,Advanced French I,First Semester,Postgraduate,6.0,In Person,2019
129,FREN3010,Advanced French I,First Semester,Undergraduate,6.0,In Person,2019
130,FREN3011,Advanced French II,Second Semester,Undergraduate,6.0,In Person,2019
131,FREN6011,Advanced French II,Second Semester,Postgraduate,6.0,In Person,2019
132,MATH6214,"Advanced Functional Analysis, Spectral theory and Applications",Second Semester,Postgraduate,6.0,In Person,2019
133,MATH3325,"Advanced Functional Analysis, Spectral theory and Applications",Second Semester,Undergraduate,6.0,In Person,2019
134,ACST8048,Advanced General Insurance,,Postgraduate,6.0,In Person,2019
135,EMSC8021,Advanced Geochemistry and Petrology,First Semester,Postgraduate,6.0,In Person,2019
136,EMSC4121,"Advanced Geochemistry, Petrology and Tectonics",,Undergraduate,6.0,In Person,2019
137,ACST8049,Advanced Global Retirement Income Systems,,Postgraduate,6.0,In Person,2019
138,ACST4049,Advanced Global Retirement Income Systems,,Undergraduate,6.0,In Person,2019
139,PSYC8521,Advanced Health Psychology and Lifestyle Medicine,,Postgraduate,6.0,In Person,2019
140,PHYS8721,Advanced Imaging Methods and Systems,,Postgraduate,6.0,In Person,2019
141,INDN3104,Advanced Indonesian: History and Development of the Language,,Undergraduate,6.0,In Person,2019
142,INDN6104,Advanced Indonesian: History and Development of the Language,,Postgraduate,6.0,In Person,2019
143,INDN3015,Advanced Indonesian: Translation into English,First Semester,Undergraduate,6.0,In Person,2019
144,INDN6015,Advanced Indonesian: Translation into English,First Semester,Postgraduate,6.0,In Person,2019
145,ACST4045,Advanced Insurance,,Undergraduate,6.0,In Person,2019
146,ACST8045,Advanced Insurance,,Postgraduate,6.0,In Person,2019
147,LAWS8464,Advanced International Law,,Postgraduate,6.0,In Person,2019
148,LAWS4264,Advanced International Law,First Semester,Undergraduate,6.0,In Person,2019
149,FINM8006,Advanced Investments,First Semester/Second Semester,Postgraduate,6.0,In Person,2019
150,FINM4106,Advanced Investments,First Semester/Second Semester,Undergraduate,6.0,In Person,2019
151,ITAL3016,Advanced Italian Topics in Language and Literary Studies,Second Semester,Undergraduate,6.0,In Person,2019
152,ITAL6510,Advanced Italian Topics in Language and Literary Studies,Second Semester,Postgraduate,6.0,In Person,2019
153,ITAL6509,"Advanced Italian Topics in Language, Culture and Society",First Semester,Postgraduate,6.0,In Person,2019
154,ITAL3015,"Advanced Italian Topics in Language, Culture and Society",First Semester,Undergraduate,6.0,In Person,2019
155,JPNS3005,Advanced Japanese: Issues in Contemporary Japan,Second Semester,Undergraduate,6.0,In Person,2019
156,JPNS6505,Advanced Japanese: Issues in Contemporary Japan,Second Semester,Postgraduate,6.0,In Person,2019
157,JPNS6506,Advanced Japanese: Language in Context,,Postgraduate,6.0,In Person,2019
158,JPNS3006,Advanced Japanese: Language in Context,,Undergraduate,6.0,In Person,2019
159,JPNS3007,Advanced Japanese: Readings in Culture and Society,First Semester,Undergraduate,6.0,In Person,2019
160,JPNS6507,Advanced Japanese: Readings in Culture and Society,First Semester,Postgraduate,6.0,In Person,2019
161,JPNS3008,Advanced Japanese: Readings in Literature,,Undergraduate,6.0,In Person,2019
162,JPNS6508,Advanced Japanese: Readings in Literature,,Postgraduate,6.0,In Person,2019
163,MUSI3322,Advanced Jazz Studies 1,First Semester,Undergraduate,6.0,In Person,2019
164,MUSI3323,Advanced Jazz Studies 2,Second Semester,Undergraduate,6.0,In Person,2019
165,KORE3015,Advanced Korean: Film and Society,First Semester,Undergraduate,6.0,In Person,2019
166,KORE6017,Advanced Korean: Film and Society,First Semester,Postgraduate,6.0,In Person,2019
167,KORE3018,Advanced Korean: Literature and Media,Second Semester,Undergraduate,6.0,In Person,2019
168,KORE6018,Advanced Korean: Literature and Media,Second Semester,Postgraduate,6.0,In Person,2019
169,LATN3125,Advanced Latin,First Semester,Undergraduate,6.0,In Person,2019
170,LATN6125,Advanced Latin,First Semester,Postgraduate,6.0,In Person,2019
171,ACST8047,Advanced Life Insurance,,Postgraduate,6.0,In Person,2019
172,CHIN6015,Advanced Literary Chinese,First Semester/Second Semester,Postgraduate,6.0,Online or In Person,2019
173,CHIN3015,Advanced Literary Chinese,First Semester/Second Semester,Undergraduate,6.0,Online or In Person,2019
174,ECON8026,Advanced Macroeconomic Analysis,First Semester/Second Semester,Postgraduate,6.0,In Person,2019
175,BUSN3003,Advanced Management Accounting,First Semester/Second Semester,Undergraduate,6.0,In Person,2019
176,BUSN8003,Advanced Managerial Decision Making,First Semester/Second Semester,Postgraduate,6.0,In Person,2019
177,STAT3005,Advanced Marketing Research Methods,,Undergraduate,6.0,In Person,2019
178,STAT7007,Advanced Marketing Research Methods,,Postgraduate,6.0,In Person,2019
179,MATH3353,Advanced Mathematical Bioinformatics,First Semester,Undergraduate,6.0,In Person,2019
180,MATH6208,Advanced Mathematical Bioinformatics,First Semester,Postgraduate,6.0,In Person,2019
181,STAT8056,Advanced Mathematical Statistics,Second Semester,Postgraduate,6.0,In Person,2019
182,STAT3056,Advanced Mathematical Statistics,Second Semester,Undergraduate,6.0,In Person,2019
183,MATH1116,Advanced Mathematics and Applications  2,Second Semester,Undergraduate,6.0,In Person,2019
184,MATH1115,Advanced Mathematics and Applications 1,First Semester,Undergraduate,6.0,In Person,2019
185,ECON8025,Advanced Microeconomic Analysis,First Semester/Second Semester,Postgraduate,6.0,In Person,2019
186,BIOL3203,Advanced Microscopy in Biosciences,Summer Session,Undergraduate,6.0,In Person,2019
187,BIOL6203,Advanced Microscopy in Biosciences,Summer Session,Postgraduate,6.0,In Person,2019
188,LAWS8165,Advanced Military Administrative Law,,Postgraduate,9.0,In Person,2019
189,LAWS8164,Advanced Military Discipline Law,Winter Session,Postgraduate,9.0,In Person,2019
190,LAWS8166,Advanced Military Operations Law,Autumn Session,Postgraduate,6.0,In Person,2019
191,CHIN6524,Advanced Modern Chinese A,First Semester,Postgraduate,6.0,In Person,2019
192,CHIN3024,Advanced Modern Chinese A,First Semester,Undergraduate,6.0,In Person,2019
193,CHIN3025,Advanced Modern Chinese B,Second Semester,Undergraduate,6.0,In Person,2019
194,CHIN6525,Advanced Modern Chinese B,Second Semester,Postgraduate,6.0,In Person,2019
195,EXTN1014,Advanced Music (Classical) ANU,Autumn Session,Undergraduate,6.0,In Person,2019
196,EXTN1015,Advanced Music (Classical) ANU 1,,Undergraduate,6.0,In Person,2019
197,EXTN1016,Advanced Music (Classical) ANU 2,,Undergraduate,6.0,In Person,2019
198,EXTN1013,Advanced Music (Jazz) ANU,Autumn Session,Undergraduate,6.0,In Person,2019
199,EXTN1017,Advanced Music (Jazz) ANU 1,,Undergraduate,6.0,In Person,2019
200,EXTN1018,Advanced Music (Jazz) ANU 2,,Undergraduate,6.0,In Person,2019
201,PERS3005,Advanced Persian A,First Semester,Undergraduate,6.0,Online or In Person,2019
202,PERS6005,Advanced Persian A,First Semester,Postgraduate,6.0,Online or In Person,2019
203,PERS6006,Advanced Persian B,Second Semester,Postgraduate,6.0,Online or In Person,2019
204,PERS3006,Advanced Persian B,Second Semester,Undergraduate,6.0,Online or In Person,2019
205,PHIL3074,Advanced Philosophical Topics,,Undergraduate,6.0,In Person,2019
206,CHEM3202,Advanced Physical & Materials Chemistry,First Semester,Undergraduate,6.0,In Person,2019
207,ENGN8625,Advanced Power Systems,,Postgraduate,6.0,In Person,2019
208,LAWS8248,Advanced Principles of Competition Law,,Postgraduate,6.0,In Person,2019
209,LAWS8183,Advanced Principles of International Law,Spring Session,Postgraduate,6.0,In Person,2019
210,PSYC8511,Advanced Psychological Interventions,,Postgraduate,6.0,In Person,2019
211,PHYS6101,Advanced Quantum Mechanics,First Semester,Postgraduate,6.0,In Person,2019
212,PHYS3101,Advanced Quantum Mechanics,First Semester,Undergraduate,6.0,In Person,2019
213,PHIL4011,Advanced Readings in Philosophy,First Semester/Second Semester,Undergraduate,6.0,In Person,2019
214,ENVS6319,Advanced Remote Sensing and GIS,,Postgraduate,6.0,In Person,2019
215,ENVS3019,Advanced Remote Sensing and GIS,,Undergraduate,6.0,In Person,2019
216,ECON8887,Advanced Research Essay A,First Semester/Second Semester,Postgraduate,6.0,In Person,2019
217,ECON8888,Advanced Research Essay B,Second Semester,Postgraduate,6.0,In Person,2019
218,PSYC3018,Advanced Research Methods,Second Semester,Undergraduate,6.0,In Person,2019
219,BIOL8702,Advanced Research Techniques,First Semester,Postgraduate,12.0,In Person,2019
220,SKRT3002,Advanced Sanskrit Literature A,First Semester,Undergraduate,6.0,Online or In Person,2019
221,SKRT6002,Advanced Sanskrit Literature A,First Semester,Postgraduate,6.0,Online or In Person,2019
222,SKRT3003,Advanced Sanskrit Literature B,Second Semester,Undergraduate,6.0,Online or In Person,2019
223,SKRT6003,Advanced Sanskrit Literature B,Second Semester,Postgraduate,6.0,Online or In Person,2019
224,SOCY9002,Advanced Social Research Methods,First Semester/Second Semester,Postgraduate,6.0,In Person,2019
225,SOCR8204,Advanced Social Science Approaches to Inform Policy Development and Service Delivery,,Postgraduate,6.0,Online or In Person,2019
226,LING3036,Advanced Sociolinguistics,Second Semester,Undergraduate,6.0,In Person,2019
227,LING6036,Advanced Sociolinguistics,Second Semester,Postgraduate,6.0,In Person,2019
228,LING3033,Advanced Sociophonetics,,Undergraduate,6.0,In Person,2019
229,LING6033,Advanced Sociophonetics,,Postgraduate,6.0,In Person,2019
230,SPAN6510,Advanced Spanish Topics in Language and Culture,,Postgraduate,6.0,In Person,2019
231,SPAN3031,Advanced Spanish Topics in Language and Linguistics,,Undergraduate,6.0,In Person,2019
232,SPAN6509,Advanced Spanish Topics in Language and Linguistics,,Postgraduate,6.0,In Person,2019
233,SPAN3030,Advanced Spanish topics in Language and Culture,,Undergraduate,6.0,In Person,2019
234,PHYS3103,Advanced Statistical Mechanics,First Semester/Second Semester,Undergraduate,6.0,In Person,2019
235,STAT3006,Advanced Stochastic Processes,Second Semester,Undergraduate,6.0,In Person,2019
236,STAT7006,Advanced Stochastic Processes,Second Semester,Postgraduate,6.0,In Person,2019
237,SCNC2101,Advanced Studies 1,Summer Session/First Semester/Autumn Session/Winter Session/Second Semester/Spring Session,Undergraduate,6.0,In Person,2019
238,ARTS1101,Advanced Studies 1: Thinking Research,First Semester,Undergraduate,6.0,In Person,2019
239,SCNC2102,Advanced Studies 2,Summer Session/First Semester/Autumn Session/Winter Session/Second Semester/Spring Session,Undergraduate,6.0,In Person,2019
240,ARTS1102,Advanced Studies 2: Doing Research,Second Semester,Undergraduate,6.0,In Person,2019
241,SCNC2103,Advanced Studies 3,Summer Session/First Semester/Autumn Session/Winter Session/Second Semester/Spring Session,Undergraduate,6.0,In Person,2019
242,ARTS2101,Advanced Studies 3,Summer Session/First Semester/Autumn Session/Winter Session/Second Semester/Spring Session,Undergraduate,6.0,In Person,2019
243,ARTS2102,Advanced Studies 4,Summer Session/First Semester/Autumn Session/Winter Session/Second Semester/Spring Session,Undergraduate,6.0,In Person,2019
244,SCNC2104,Advanced Studies 4,Summer Session/First Semester/Autumn Session/Winter Session/Second Semester/Spring Session,Undergraduate,6.0,In Person,2019
245,ARTS3101,Advanced Studies 5,Summer Session/First Semester/Autumn Session/Winter Session/Second Semester/Spring Session,Undergraduate,6.0,In Person,2019
246,SCNC3101,Advanced Studies 5,Summer Session/First Semester/Autumn Session/Winter Session/Second Semester/Spring Session,Undergraduate,6.0,In Person,2019
247,ARTS3102,Advanced Studies 6,Summer Session/First Semester/Autumn Session/Winter Session/Second Semester/Spring Session,Undergraduate,6.0,In Person,2019
248,SCNC3102,Advanced Studies 6,Summer Session/First Semester/Autumn Session/Winter Session/Second Semester/Spring Session,Undergraduate,6.0,In Person,2019
249,ASIA1114,Advanced Studies in Asia and the Pacific 1,Summer Session/First Semester/Autumn Session/Winter Session/Second Semester/Spring Session,Undergraduate,6.0,In Person,2019
250,ASIA2114,Advanced Studies in Asia and the Pacific 2,Summer Session/First Semester/Autumn Session/Winter Session/Second Semester/Spring Session,Undergraduate,6.0,In Person,2019
251,ASIA3114,Advanced Studies in Asia and the Pacific 3,Summer Session/First Semester/Autumn Session/Winter Session/Second Semester/Spring Session,Undergraduate,6.0,In Person,2019
252,LAWS8030,Advanced Succession Practice,,Postgraduate,6.0,Online,2019
253,SOCR8010,Advanced Survey Data Analysis,,Postgraduate,6.0,In Person,2019
254,SOCR8203,Advanced Techniques in the Creation of Social Science Data,Winter Session,Postgraduate,6.0,Online or In Person,2019
255,MATH6216,Advanced Topics in Algebra,Second Semester,Postgraduate,6.0,In Person,2019
256,MATH3354,Advanced Topics in Algebra,Second Semester,Undergraduate,6.0,In Person,2019
257,COMP4620,Advanced Topics in Artificial Intelligence,Second Semester,Undergraduate,6.0,In Person,2019
258,COMP8620,Advanced Topics in Artificial intelligence,Second Semester,Postgraduate,6.0,In Person,2019
259,ENGN8637,Advanced Topics in Communications and Signal Processing,First Semester,Postgraduate,6.0,In Person,2019
260,ENGN8501,Advanced Topics in Computer Vision,,Postgraduate,6.0,In Person,2019
261,ENGN8539,Advanced Topics in Computer Vision,,Postgraduate,6.0,In Person,2019
262,INFS8201,Advanced Topics in Information Systems Research,First Semester,Postgraduate,6.0,Online,2019
263,INFS4201,Advanced Topics in Information Systems Research,First Semester,Undergraduate,6.0,In Person,2019
264,COMP8670,Advanced Topics in Logic and Computation,Second Semester,Postgraduate,6.0,In Person,2019
265,COMP4680,Advanced Topics in Machine Learning,First Semester,Undergraduate,6.0,In Person,2019
266,COMP8650,Advanced Topics in Machine Learning,First Semester,Postgraduate,6.0,In Person,2019
267,MATH3351,Advanced Topics in Mathematical Physics,First Semester,Undergraduate,6.0,In Person,2019
268,ENGN8536,Advanced Topics in Mechatronics Systems,Second Semester,Postgraduate,6.0,In Person,2019
269,PHIL4010,Advanced Topics in Philosophy,First Semester/Second Semester,Undergraduate,6.0,In Person,2019
270,ECON8901,"Advanced Topics in Poverty, Public Policy and Development",First Semester/Second Semester,Postgraduate,6.0,In Person,2019
271,BIOL8002,Advanced Topics in Quantitative Biology and Bioinformatics,Second Semester,Postgraduate,6.0,In Person,2019
272,ENGN8527,Advanced Topics in Solar Energy Technologies,,Postgraduate,6.0,In Person,2019
273,EMSC8018,Advanced Water and Marine Geosciences,,Postgraduate,6.0,In Person,2019
274,EMSC4018,Advanced Water and Marine Geosciences,,Undergraduate,6.0,In Person,2019
275,LAWS8321,Advanced Will Drafting,Spring Session,Postgraduate,6.0,Online,2019
276,BIOL3144,Advanced and Applied Immunology,Second Semester,Undergraduate,6.0,In Person,2019
277,BIOL6144,Advanced and Applied Immunology,Second Semester,Postgraduate,6.0,In Person,2019
278,BIOL6107,Advances in Medical and Plant Biochemistry,First Semester,Postgraduate,6.0,In Person,2019
279,BIOL3107,Advances in Medical and Plant Biochemistry,First Semester,Undergraduate,6.0,In Person,2019
280,BIOL3177,Advances in Molecular Plant Science,First Semester,Undergraduate,6.0,In Person,2019
281,BIOL6177,Advances in Molecular Plant Science,First Semester,Postgraduate,6.0,In Person,2019
282,MKTG2033,Advertising,First Semester,Undergraduate,6.0,In Person,2019
283,LAWS8327,Advocacy,Winter Session,Postgraduate,6.0,Online or In Person,2019
284,LAWS8132,Advocacy - Family Law,,Postgraduate,6.0,In Person,2019
285,IDEC8018,Agricultural Economics and Resource Policy,Second Semester,Postgraduate,6.0,In Person,2019
286,IDEC8007,Aid and Development Policy,First Semester,Postgraduate,6.0,In Person,2019
287,ASIA2747,"Airlines in Asia and the Pacific: Histories, Technologies, Cultures, and Geographies",Second Semester,Undergraduate,6.0,In Person,2019
288,CRIM6005,"Alcohol, Drugs and Crime: Promoting Health and Preventing Consequences",Second Semester,Postgraduate,6.0,In Person,2019
289,CRIM2005,"Alcohol, Drugs and Crime: Promoting Health and Preventing Consequences",Second Semester,Undergraduate,6.0,In Person,2019
290,ASGS1005,Algebra,,Undergraduate,6.0,In Person,2019
291,MATH6118,"Algebra 1:  Groups, Rings and Advanced Linear Algebra",Second Semester,Postgraduate,6.0,In Person,2019
292,MATH6215,Algebra 2: Field extensions and Galois Theory,First Semester,Postgraduate,6.0,In Person,2019
293,ANUC1003,Algebra and Calculus Methods,First Semester/Second Semester,Undergraduate,6.0,In Person,2019
294,MATH1003,Algebra and Calculus Methods,First Semester,Undergraduate,6.0,In Person,2019
295,MATH6204,Algebraic Topology,Second Semester,Postgraduate,6.0,In Person,2019
296,MATH4204,Algebraic Topology Honours,Second Semester,Undergraduate,6.0,In Person,2019
297,COMP6466,Algorithms,Second Semester,Postgraduate,6.0,In Person,2019
298,COMP3600,Algorithms,Second Semester,Undergraduate,6.0,In Person,2019
299,STST8053,"Alliances in Asia: theory, history and practice",Second Semester,Postgraduate,6.0,In Person,2019
300,NSPO8024,American National Security Policy,,Postgraduate,6.0,In Person,2019
301,HIST2126,American Sixties,,Undergraduate,6.0,In Person,2019
302,HIST6126,American Sixties,,Postgraduate,6.0,In Person,2019
303,ARCH4001,An Introduction to Cultural and Environmental Heritage,First Semester,Undergraduate,6.0,In Person,2019
304,ANUC1104,Analysing the Social World: An Introduction to Social Psychology,Second Semester,Undergraduate,6.0,In Person,2019
305,SOCY1004,Analysing the Social World: An Introduction to Social Psychology,Second Semester,Undergraduate,6.0,In Person,2019
306,MATH6110,Analysis 1: Metric spaces and Applications,First Semester,Postgraduate,6.0,In Person,2019
307,MATH6212,"Analysis 2: Topology, Lebesgue Integration and Hilbert Spaces",First Semester,Postgraduate,6.0,In Person,2019
308,BUSN8007,Analysis of Financial Reporting,First Semester/Second Semester,Postgraduate,6.0,In Person,2019
309,BUSN4007,Analysis of Financial Reporting,First Semester/Second Semester,Undergraduate,6.0,In Person,2019
310,POPH8313,Analysis of Public Health Data,Second Semester,Postgraduate,6.0,Online or In Person,2019
311,BIAN6518,Analysis of Vertebrate Remains,,Postgraduate,6.0,In Person,2019
312,BIAN3016,Analysis of Vertebrate Remains,,Undergraduate,6.0,In Person,2019
313,EMSC4122,Analytical Techniques,First Semester/Second Semester,Undergraduate,6.0,In Person,2019
314,ANCH1013,Ancient Athens: democracy and empire,Second Semester,Undergraduate,6.0,In Person,2019
315,ANCH6103,Ancient Athens: democracy and empire,Second Semester,Postgraduate,6.0,In Person,2019
316,BIAN8010,Ancient Behaviour: Advanced Topics in Bioarchaeology,Second Semester,Postgraduate,6.0,In Person,2019
317,BIAN3125,Ancient Health & Disease,,Undergraduate,6.0,In Person,2019
318,BIAN6512,Ancient Health & Disease,,Postgraduate,6.0,In Person,2019
319,BIAN2130,Ancient Medicine,,Undergraduate,6.0,In Person,2019
320,BIAN6519,Ancient Medicine,,Postgraduate,6.0,In Person,2019
321,ANCH2021,Ancient World in Film,,Undergraduate,6.0,In Person,2019
322,ANCH6013,Ancient World in Film,,Postgraduate,6.0,In Person,2019
323,LAWS6234,Animals & the Law,,Postgraduate,6.0,Online,2019
324,ARCH6108,"Animals, Plants & People",Second Semester,Postgraduate,6.0,In Person,2019
325,ARCH3108,"Animals, Plants and People",Second Semester,Undergraduate,6.0,In Person,2019
326,ARTV6000,Animation,First Semester,Postgraduate,6.0,In Person,2019
327,ARTV2610,Animation and Video: Character development,Second Semester,Undergraduate,6.0,In Person,2019
328,ARTV1104,Animation and Video: Digital Equipment and Studios,Second Semester,Undergraduate,6.0,In Person,2019
329,ARTV2613,Animation and Video: Landscape and Environment,,Undergraduate,6.0,In Person,2019
330,ARTV2614,Animation and Video: Non-linear Forms,,Undergraduate,6.0,In Person,2019
331,ARTV1103,Animation and Video: The Digital Workspace,First Semester,Undergraduate,6.0,In Person,2019
332,ARTV2609,Animation and Video: Visual Storytelling,Second Semester,Undergraduate,6.0,In Person,2019
333,ARTV2615,Animation: Creative Possibilities,First Semester,Undergraduate,6.0,In Person,2019
334,CHMD8009,Anthropological Approaches to Health Interventions,,Postgraduate,6.0,Online or In Person,2019
335,CHMD8010,Anthropological Concepts for Health Research: From Risk to Suffering,,Postgraduate,6.0,Online or In Person,2019
336,ANTH9112,Anthropological Field Methods,Autumn Session,Postgraduate,12.0,In Person,2019
337,ANTH9949,Anthropological Methods for PhD students,Autumn Session,Postgraduate,12.0,In Person,2019
338,ANTH9901,Anthropology PhD Thesis Writing Workshop,,Postgraduate,12.0,In Person,2019
339,ASIA2280,Anthropology and Technology in India,,Undergraduate,6.0,In Person,2019
340,CHMD8022,Anthropology of Biomedical Technologies in Practice,First Semester,Postgraduate,6.0,Online or In Person,2019
341,BIAN2064,Anthropology of Environmental Disasters,,Undergraduate,6.0,In Person,2019
342,ANTH6064,Anthropology of Environmental Disasters,,Postgraduate,6.0,In Person,2019
343,ARAB6511,Applied Arabic,,Postgraduate,12.0,In Person,2019
344,ARAB3010,Applied Arabic,Spring Session,Undergraduate,12.0,In Person,2019
345,LAWS8650,Applied Australian Migration Law and Practice,,Postgraduate,6.0,Online or In Person,2019
346,FINM7007,Applied Corporate Finance,First Semester/Second Semester,Postgraduate,6.0,In Person,2019
347,FINM7041,Applied Derivatives,First Semester/Second Semester,Postgraduate,6.0,In Person,2019
348,IDEC8020,Applied Economic Dynamics,First Semester,Postgraduate,6.0,In Person,2019
349,ECON4485,Applied Economic Honours Research Essay,,Undergraduate,6.0,In Person,2019
350,PREP1123,Applied English: Argument and Debate,Autumn Session/Spring Session,Undergraduate,6.0,In Person,2019
351,PREP1122,Applied English: Essay Writing,Autumn Session/Spring Session,Undergraduate,6.0,In Person,2019
352,MGMT8020,Applied Entrepreneurship and Innovation,Second Semester,Postgraduate,6.0,In Person,2019
353,EMDV8108,Applied Environmental and Resource Management,,Postgraduate,6.0,In Person,2019
354,POPH8310,Applied Epidemiological Methods,,Postgraduate,6.0,In Person,2019
355,FINM8014,Applied Financial Intermediation and Debt Markets,First Semester,Postgraduate,6.0,In Person,2019
356,FINM7006,Applied Foundations of Finance,First Semester/Second Semester,Postgraduate,6.0,In Person,2019
357,EMSC3033,Applied Geophysics,First Semester,Undergraduate,6.0,In Person,2019
358,ECON8073,Applied Health Econometrics,,Postgraduate,6.0,In Person,2019
359,FINM7008,Applied Investments,First Semester/Second Semester,Postgraduate,6.0,In Person,2019
360,EMET4310,Applied Macro & Financial Econometrics,Second Semester,Undergraduate,6.0,In Person,2019
361,EMET3008,Applied Macro and Financial Econometrics,Second Semester,Undergraduate,6.0,In Person,2019
362,EMET8010,Applied Macro and Financial Econometrics,Second Semester,Postgraduate,6.0,In Person,2019
363,MKTG7060,Applied Market Research,Second Semester,Postgraduate,6.0,In Person,2019
364,MATH2305,Applied Mathematics I,First Semester,Undergraduate,6.0,In Person,2019
365,MATH2306,Applied Mathematics II,Second Semester,Undergraduate,6.0,In Person,2019
366,EMET3006,Applied Micro-econometrics,First Semester,Undergraduate,6.0,In Person,2019
367,EMET4301,Applied Micro-econometrics,First Semester,Undergraduate,6.0,In Person,2019
368,PERS3007,Applied Persian,Spring Session,Undergraduate,12.0,In Person,2019
369,PERS6007,Applied Persian,Spring Session,Postgraduate,12.0,In Person,2019
370,CRWF7000,Applied Policy Project,Second Semester/Spring Session,Postgraduate,6.0,In Person,2019
371,POLS3041,Applied Policy Project,Second Semester,Undergraduate,6.0,In Person,2019
372,FINM8016,Applied Portfolio Construction,First Semester/Second Semester,Postgraduate,6.0,In Person,2019
373,FINM8100,Applied Project in Finance,First Semester/Second Semester,Postgraduate,6.0,In Person,2019
374,STAT7001,Applied Statistics,Autumn Session/Second Semester,Postgraduate,6.0,In Person,2019
375,STAT3008,Applied Statistics,Second Semester,Undergraduate,6.0,In Person,2019
376,STAT8002,Applied Time Series Analysis,First Semester,Postgraduate,6.0,In Person,2019
377,STAT4102,Applied Time Series Analysis,First Semester,Undergraduate,6.0,In Person,2019
378,MMIB8001,Applied Topics in Business Studies 1,First Semester/Second Semester,Postgraduate,6.0,In Person,2019
379,MMIB8002,Applied Topics in Business Studies 2,First Semester/Second Semester,Postgraduate,12.0,In Person,2019
380,FINM7044,Applied Valuation,First Semester/Second Semester,Postgraduate,6.0,In Person,2019
381,ECON8002,Applied Welfare Economics,,Postgraduate,6.0,In Person,2019
382,ECON4402,Applied Welfare Economics,,Undergraduate,6.0,In Person,2019
383,EMET8001,Applied micro-econometrics,First Semester,Postgraduate,6.0,In Person,2019
384,BIOL3210,Appreciating parasites: from molecules to ecosystems,Spring Session,Undergraduate,6.0,In Person,2019
385,BIOL6210,Appreciating parasites: from molecules to ecosystems,Spring Session,Postgraduate,6.0,In Person,2019
386,INTR8072,Approaches and Methods in International Relations,Second Semester,Postgraduate,6.0,In Person,2019
387,INTR9072,Approaches and Methods in International Relations,Second Semester,Postgraduate,6.0,In Person,2019
388,HIST6110,Approaches to History,First Semester,Postgraduate,6.0,Online or In Person,2019
389,HIST2110,Approaches to History,First Semester,Undergraduate,6.0,In Person,2019
390,MEAS4121,Approaches to the Study of Modern Muslim Societies,,Undergraduate,6.0,In Person,2019
391,MEAS8121,Approaches to the Study of Modern Muslim Societies,,Postgraduate,6.0,In Person,2019
392,ARAB3008,Arab Current Affairs and Media Arabic,Second Semester,Undergraduate,6.0,Online or In Person,2019
393,ARAB6510,Arab Current Affairs and Media Arabic,Second Semester,Postgraduate,6.0,Online or In Person,2019
394,ARCH2061,Archaeological Field Methods,Second Semester,Undergraduate,6.0,In Person,2019
395,ARCH2055,Archaeological Fieldschool,Summer Session/Winter Session/Spring Session,Undergraduate,6.0,In Person,2019
396,ARCH2007,Archaeological Laboratory Methods,,Undergraduate,6.0,In Person,2019
397,ARCH8043,Archaeological Science Extended Internship,Summer Session/First Semester/Autumn Session/Winter Session/Second Semester/Spring Session,Postgraduate,12.0,In Person,2019
398,ARCH8042,Archaeological Science Internship,Summer Session/First Semester/Autumn Session/Winter Session/Second Semester/Spring Session,Postgraduate,6.0,In Person,2019
399,ARCH8030,Archaeological Science Research Project 1,Summer Session/First Semester/Autumn Session/Winter Session/Second Semester/Spring Session,Postgraduate,6.0,Online or In Person,2019
400,ARCH8031,Archaeological Science Research Project 2,Summer Session/First Semester/Autumn Session/Winter Session/Second Semester/Spring Session,Postgraduate,6.0,Online or In Person,2019
401,ARCH4002,Archaeology Honours Research Seminar,First Semester,Undergraduate,6.0,In Person,2019
402,ARCH4003,Archaeology Honours Writing Seminar,Second Semester,Undergraduate,6.0,In Person,2019
403,ARCH1111,Archaeology Uncovered,First Semester,Undergraduate,6.0,In Person,2019
404,ARCH2052,Archaeology in Film and Fiction,,Undergraduate,6.0,In Person,2019
405,ASIA2203,Archaeology of China,Second Semester,Undergraduate,6.0,In Person,2019
406,ASIA6202,Archaeology of China,Second Semester,Postgraduate,6.0,In Person,2019
407,ARCH3028,Archaeology of Death and Mortuary Practices,Second Semester,Undergraduate,6.0,In Person,2019
408,ARCH6521,Archaeology of Death and Mortuary Practices,Second Semester,Postgraduate,6.0,In Person,2019
409,ARCH3030,Archaeology of Ritual and Religion,,Undergraduate,6.0,In Person,2019
410,ARCH6030,Archaeology of Ritual and Religion,,Postgraduate,6.0,In Person,2019
411,ARCH2050,Archaeology of Southeast Asia,,Undergraduate,6.0,In Person,2019
412,ARCH6005,Archaeology of the Pacific Islanders,Second Semester,Postgraduate,6.0,In Person,2019
413,ARCH2005,Archaeology of the Pacific Islanders,Second Semester,Undergraduate,6.0,In Person,2019
414,ARCH8033,"Archaeology, Climate Change and Society",,Postgraduate,6.0,Online or In Person,2019
415,ARTH8020,Arguing Objects,Spring Session,Postgraduate,6.0,In Person,2019
416,ARTH4016,Art Museum Internship: Audience Development,Second Semester,Undergraduate,6.0,In Person,2019
417,ARTH8015,Art Museum Internship: Audience Development,Second Semester,Postgraduate,6.0,In Person,2019
418,ARTH4015,Art Museum Internship: Collection Management,First Semester,Undergraduate,6.0,In Person,2019
419,ARTH8014,Art Museum Internship: Collection Management,First Semester,Postgraduate,6.0,In Person,2019
420,ARTH2056,Art and Architecture of Southeast Asia: Tradition and Transformation,,Undergraduate,6.0,In Person,2019
421,ARTH6056,Art and Architecture of Southeast Asia: Tradition and Transformation,,Postgraduate,6.0,Online or In Person,2019
422,ARTH1006,Art and Design Histories: Form and Space,First Semester,Undergraduate,6.0,In Person,2019
423,ANUC1120,Art and Design Histories: Making and Meaning,Second Semester,Undergraduate,6.0,In Person,2019
424,ARTH1007,Art and Design Histories: Making and Meaning,Second Semester,Undergraduate,6.0,In Person,2019
425,COMP6720,Art and Interaction in New Media,Second Semester,Postgraduate,6.0,In Person,2019
426,COMP1720,Art and Interaction in New Media,Second Semester,Undergraduate,6.0,In Person,2019
427,ARTH6044,Art and Its Context: Materials Techniques Display,,Postgraduate,6.0,Online or In Person,2019
428,ARTH2044,"Art and Its Context: Materials, Techniques, Display",,Undergraduate,6.0,In Person,2019
429,ARTH3057,Art and Politics of Collecting,Second Semester,Undergraduate,6.0,In Person,2019
430,ARTH2080,"Art and Visual Culture of the Long Eighteenth Century, 1660-1815",First Semester,Undergraduate,6.0,In Person,2019
431,ARTH6080,"Art and Visual Culture of the Long Eighteenth Century, 1660-1815",First Semester,Postgraduate,6.0,In Person,2019
432,ARTH6059,Art of Asia: Histories and Traditions,Second Semester,Postgraduate,6.0,In Person,2019
433,ARTH2059,Art of Asia: Histories and Traditions,Second Semester,Undergraduate,6.0,In Person,2019
434,COMP1030,Art of Computing,,Undergraduate,6.0,In Person,2019
435,STST8121,Art of War I,Autumn Session,Postgraduate,12.0,In Person,2019
436,STST8122,Art of War II,Autumn Session,Postgraduate,12.0,In Person,2019
437,STST8123,Art of War III,Winter Session,Postgraduate,12.0,In Person,2019
438,STST8124,Art of War IV,Winter Session,Postgraduate,6.0,In Person,2019
439,ARTH2081,"Art of the European Courts, 1500-1815",,Undergraduate,12.0,In Person,2019
440,ARTH6081,"Art of the European Courts, 1500-1815",,Postgraduate,12.0,In Person,2019
441,ARTH2052,Art of the Modern Print,,Undergraduate,6.0,In Person,2019
442,ARTH6052,Art of the Modern Print,,Postgraduate,6.0,Online or In Person,2019
443,ARTH6082,"Art, War and Conflict",First Semester,Postgraduate,6.0,In Person,2019
444,ARTH2082,"Art, War and Conflict",First Semester,Undergraduate,6.0,In Person,2019
445,COMP3620,Artificial Intelligence,First Semester,Undergraduate,6.0,In Person,2019
446,COMP6320,Artificial Intelligence,First Semester,Postgraduate,6.0,In Person,2019
447,ARTS8101,Arts & Social Sciences: Research methods and techniques,Summer Session/First Semester/Autumn Session/Winter Session/Second Semester/Spring Session,Postgraduate,6.0,In Person,2019
448,EMDV8009,Asia Pacific Environmental Conflicts: Causes and Solutions,Second Semester,Postgraduate,6.0,In Person,2019
449,INTR8022,Asia Pacific Security,Second Semester,Postgraduate,6.0,In Person,2019
450,ASIA3023,Asia Pacific Week Internship,First Semester,Undergraduate,6.0,In Person,2019
451,ANUC1020,Asia and the Pacific in Motion,,Undergraduate,6.0,In Person,2019
452,ASIA1030,Asia and the Pacific in Motion,Second Semester,Undergraduate,6.0,In Person,2019
453,ANUC1022,"Asia and the Pacific: Power, diversity and change",,Undergraduate,6.0,In Person,2019
454,ASIA1025,"Asia and the Pacific: Power, diversity and change",First Semester,Undergraduate,6.0,In Person,2019
455,ASIA2220,Asia-Pacific In-Country Learning,Winter Session,Undergraduate,6.0,In Person,2019
456,ARTH2104,Asian Art In-Country,Winter Session,Undergraduate,12.0,In Person,2019
457,ARTH6104,Asian Art In-Country,Winter Session,Postgraduate,12.0,In Person,2019
458,BUSI7055,Asian Business Systems,Second Semester,Postgraduate,6.0,In Person,2019
459,FINM3045,Asian Capital Markets,First Semester/Second Semester,Undergraduate,6.0,In Person,2019
460,FINM7045,Asian Capital Markets,First Semester/Second Semester,Postgraduate,6.0,In Person,2019
461,ECHI2119,"Asian Giants: India, China and Japan; Alternate Paths to Prosperity(H)",,Undergraduate,6.0,In Person,2019
462,ECHI2109,"Asian Giants: India, China and Japan; Alternate Paths to Prosperity(P)",,Undergraduate,6.0,In Person,2019
463,ASIA2065,Asian Politics: From Concepts to Causes,Second Semester,Undergraduate,6.0,In Person,2019
464,NSPO8015,Asian Regionalism and Security: Implications for Australia,,Postgraduate,6.0,In Person,2019
465,ASIA2098,Asian and Pacific Studies Internship,,Undergraduate,6.0,In Person,2019
466,LING6029,Assessing Language,,Postgraduate,6.0,In Person,2019
467,LING2029,Assessing Language,,Undergraduate,6.0,In Person,2019
468,ASTR4004,Astronomical Computing,Second Semester,Undergraduate,6.0,In Person,2019
469,ASTR8004,Astronomical Computing,Second Semester,Postgraduate,6.0,In Person,2019
470,ASTR4005,Astronomy and Astrophysics IV Honours Research Project,First Semester/Second Semester,Undergraduate,6.0,In Person,2019
471,ASTR8001,Astronomy and Astrophysics Research Project,First Semester/Second Semester,Postgraduate,3.0,In Person,2019
472,ASTR8002,Astrophysical Gas Dynamics,,Postgraduate,6.0,In Person,2019
473,ASTR4012,Astrophysical Gas Dynamics,,Undergraduate,6.0,In Person,2019
474,ASTR3013,Astrophysical Processes,,Undergraduate,6.0,In Person,2019
475,ASTR1001,Astrophysics,First Semester/Second Semester,Undergraduate,6.0,Online,2019
476,ASTR8010,Astrophysics Research Project,First Semester/Second Semester,Postgraduate,6.0,In Person,2019
477,ASTR3005,Astrophysics Research Topic,First Semester/Second Semester,Undergraduate,6.0,In Person,2019
478,BUSN3002,Auditing,First Semester/Second Semester,Undergraduate,6.0,In Person,2019
479,BUSN8012,Auditing Concepts and Issues,,Postgraduate,6.0,In Person,2019
480,BUSN7054,Auditing and Assurance Services,First Semester/Second Semester,Postgraduate,6.0,In Person,2019
481,STST2003,Australia and Security in the Pacific Islands,First Semester,Undergraduate,6.0,In Person,2019
482,HIST6144,Australia and the World: An International History,,Postgraduate,6.0,Online or In Person,2019
483,PASI6002,Australia in Oceania in the 19th and 20th centuries,,Postgraduate,6.0,In Person,2019
484,PASI2002,Australia in Oceania in the 19th and 20th centuries,,Undergraduate,6.0,In Person,2019
485,HIST2144,Australia in the World: An International History,,Undergraduate,6.0,Online or In Person,2019
486,ENVS1004,Australia's Environment,Second Semester,Undergraduate,6.0,In Person,2019
487,ENVS6104,Australia's Environment,Second Semester,Postgraduate,6.0,In Person,2019
488,BAPA3004,Australia's Security in the Asian Century,,Undergraduate,6.0,In Person,2019
489,STST3002,Australia's Security in the Asian Century,First Semester,Undergraduate,6.0,In Person,2019
490,STST8100,Australia's Strategic and Defence Policy,Winter Session,Postgraduate,6.0,In Person,2019
491,ARCH2004,Australian Archaeology,First Semester,Undergraduate,6.0,In Person,2019
492,ARCH6004,Australian Archaeology,First Semester,Postgraduate,6.0,In Person,2019
493,ARTH2171,Australian Art: The Modern Period,,Undergraduate,6.0,In Person,2019
494,SCRN2002,Australian Cinema: The Kelly Gang to Baz Luhrmann's Australia,,Undergraduate,6.0,In Person,2019
495,ENGL6024,"Australian Crimes: Crime Narratives on Page, Stage and Screen",First Semester,Postgraduate,6.0,In-Person and Online,2019
496,ENGL2081,"Australian Crimes: Crime narratives on page, stage and screen",First Semester,Undergraduate,6.0,In Person,2019
497,LAWS8012,Australian Disaster Law,,Postgraduate,6.0,In Person,2019
498,ECHI2112,Australian Economic History(H),,Undergraduate,6.0,In Person,2019
499,ECHI2102,Australian Economic History(P),,Undergraduate,6.0,In Person,2019
500,ARTH6598,Australian First Nations Art and Culture,First Semester,Postgraduate,6.0,In Person,2019
501,LAWS8240,Australian Human Rights and Discrimination,,Postgraduate,6.0,In Person,2019
502,INDG8001,Australian Indigenous Development,Second Semester,Postgraduate,6.0,Online or In Person,2019
503,INDG8002,Australian Indigenous Development (Advanced),Second Semester,Postgraduate,12.0,Online or In Person,2019
504,INDG8004,Australian Indigenous Policy,First Semester,Postgraduate,6.0,Online or In Person,2019
505,INDG8005,Australian Indigenous Policy (Advanced),First Semester,Postgraduate,12.0,Online or In Person,2019
506,LAWS4273,Australian Legal History,,Undergraduate,6.0,In Person,2019
507,LAWS8328,Australian Legal Responses to National Security and Counter Terrorism,Autumn Session,Postgraduate,6.0,In Person,2019
508,MUSI2225,Australian Music Culture Studies,Second Semester,Undergraduate,6.0,In Person,2019
509,ANIP3005,Australian National Internship B,Summer Session/First Semester/Second Semester,Undergraduate,12.0,In Person,2019
510,ANIP6505,Australian National Internships Program B,Summer Session/First Semester/Second Semester,Postgraduate,12.0,In Person,2019
511,ANIP3007,Australian National Internships Program D,First Semester/Second Semester,Undergraduate,24.0,In Person,2019
512,ANIP6507,Australian National Internships Program D,First Semester/Second Semester,Postgraduate,24.0,In Person,2019
513,ANIP4001,Australian National Internships Program Honours Internship A,,Undergraduate,6.0,In Person,2019
514,ANIP3003,Australian National Internships Program Internship A,First Semester/Second Semester,Undergraduate,6.0,In Person,2019
515,ANIP6503,Australian National Internships Program Internship A (Graduate),First Semester/Second Semester,Postgraduate,6.0,In Person,2019
516,LAWS4310,Australian National Law Internships Program B,,Undergraduate,12.0,In Person,2019
517,LAWS4311,Australian National Law Internships Program Internship A,,Undergraduate,6.0,In Person,2019
518,LAWS8485,Australian National Security Law,Second Semester,Postgraduate,6.0,In Person,2019
519,LAWS4285,Australian National Security Law,Second Semester,Undergraduate,6.0,In Person,2019
520,HIST2227,Australian Political History,Second Semester,Undergraduate,6.0,In Person,2019
521,POLS2114,Australian Political Institutions,Second Semester,Undergraduate,6.0,In Person,2019
522,LAWS1205,Australian Public Law,First Semester,Undergraduate,6.0,In Person,2019
523,LAWS6105,Australian Public Law,First Semester/Second Semester,Postgraduate,6.0,Online or In Person,2019
524,LAWS8711,Australian Public Law & International Law A,,Postgraduate,8.0,Online,2019
525,LAWS8712,Australian Public Law & International Law B,,Postgraduate,8.0,Online,2019
526,STST8004,Australian Strategic and Defence Policy,Second Semester,Postgraduate,6.0,In Person,2019
527,PREP1104,Australian Studies,,Undergraduate,6.0,In Person,2019
528,LING2040,Austronesian languages,First Semester,Undergraduate,6.0,In Person,2019
529,LING6040,Austronesian languages,First Semester,Postgraduate,6.0,In Person,2019
530,MEAS8116,"Authoritarianism, Democratisation and Protest in the Muslim Middle East",Second Semester,Postgraduate,6.0,In Person,2019
531,MEAS4116,"Authoritarianism, Democratisation and Protest in the Muslim Middle East",Second Semester,Undergraduate,6.0,In Person,2019
532,BIOL3193,Bacteria and Health:  An Ecological and Evolutionary Perspective,Second Semester,Undergraduate,6.0,In Person,2019
533,ANCH3503,Bad Neighbours: Law and life in ancient Athens,,Undergraduate,6.0,In Person,2019
534,ANCH6502,Bad neighbours: evidence of Athenian life from 4th century law-court speeches,,Postgraduate,6.0,In Person,2019
535,LEGW8010,Banking & Finance Law,Summer Session/Autumn Session/Spring Session,Postgraduate,3.0,Online,2019
536,LAWS4282,Bankruptcy and Insolvency,,Undergraduate,6.0,In Person,2019
537,COMP1007,Basics of Computer Science,,Undergraduate,6.0,In Person,2019
538,LEGW8141,Becoming a Practitioner,Summer Session/Autumn Session/Winter Session,Postgraduate,6.0,In Person,2019
539,ECON2013,Behavioral Economics,Second Semester,Undergraduate,6.0,In Person,2019
540,GERM3049,"Berlin Stories: Places, Words, Images",,Undergraduate,6.0,In Person,2019
541,GERM6510,"Berlin Stories: Places, Words, Images",,Postgraduate,6.0,In Person,2019
542,HUMN8006,Best Practice in Managing Heritage Places,,Postgraduate,6.0,In Person,2019
543,STAT3017,Big Data Statistics,Second Semester,Undergraduate,6.0,In Person,2019
544,STAT7017,Big Data Statistics,Second Semester,Postgraduate,6.0,In Person,2019
545,BIOL3201,Big Questions in Biology,First Semester,Undergraduate,6.0,In Person,2019
546,BIOL6201,Big Questions in Biology,First Semester,Postgraduate,6.0,In Person,2019
547,ENGN4820,Bio Micro and Nano Electro-Mechanical Systems (BioMEMS and BioNEMS),Second Semester,Undergraduate,6.0,In Person,2019
548,BIOL2171,Biochemistry and Nutrition,First Semester,Undergraduate,6.0,In Person,2019
549,BIOL6171,Biochemistry and Nutrition,First Semester,Postgraduate,6.0,In Person,2019
550,ENVS3039,Biodiversity Conservation,Second Semester,Undergraduate,6.0,In Person,2019
551,ENVS6024,Biodiversity Conservation,Second Semester,Postgraduate,6.0,In Person,2019
552,ENVS2001,"Biodiversity Science: Wildlife, Vegetation and Landscape Ecology",Second Semester,Undergraduate,6.0,Online or In Person,2019
553,ENVS6201,Biodiversity for Resource Management and Sustainability,Second Semester,Postgraduate,6.0,Online or In Person,2019
554,HIST8011,Biography and History,Second Semester,Postgraduate,6.0,Online or In Person,2019
555,MATH6100,Bioinformatics and Biological Modelling,Second Semester,Postgraduate,6.0,In Person,2019
556,MATH2307,Bioinformatics and Biological Modelling,Second Semester,Undergraduate,6.0,In Person,2019
557,BIOL3157,Bioinformatics and its Applications,Second Semester,Undergraduate,6.0,In Person,2019
558,BIOL6243,Bioinformatics and its Applications,Second Semester,Postgraduate,6.0,In Person,2019
559,PSYC6010,Biological Basis of Behaviour,Second Semester,Postgraduate,6.0,In Person,2019
560,PSYC2007,Biological Basis of Behaviour,Second Semester,Undergraduate,6.0,In Person,2019
561,PREP1105,Biology,,Undergraduate,6.0,In Person,2019
562,BIOL1003,"Biology 1: Evolution, Ecology and Genetics",First Semester,Undergraduate,6.0,In Person,2019
563,ANUC1125,"Biology 1: Evolution, Ecology and Genetics",First Semester,Undergraduate,6.0,In Person,2019
564,BIOL6035,"Biology 1: Evolution, Ecology and Genetics",First Semester,Postgraduate,6.0,In Person,2019
565,BIOL6036,Biology 2: Molecular & Cell Biology,Second Semester,Postgraduate,6.0,In Person,2019
566,ANUC1126,Biology 2: Molecular and Cell Biology,Second Semester,Undergraduate,6.0,In Person,2019
567,BIOL1004,Biology 2: Molecular and Cell Biology,Second Semester,Undergraduate,6.0,In Person,2019
568,BIOL4001,Biology IV Honours,First Semester/Second Semester,Undergraduate,12.0,In Person,2019
569,BIOL8704,Biology Literature Research Project,First Semester/Second Semester,Postgraduate,6.0,Online,2019
570,BIOL3208,Biology Research Project,Summer Session/First Semester/Autumn Session/Winter Session/Second Semester/Spring Session,Undergraduate,6.0,In Person,2019
571,BIOL8706,Biology Research Project,First Semester/Second Semester,Postgraduate,6.0,In Person,2019
572,BIOL3209,Biology Research Project,Summer Session/First Semester/Autumn Session/Winter Session/Second Semester/Spring Session,Undergraduate,12.0,In Person,2019
573,BIOL6191,"Biology, Society and Ethics",Second Semester,Postgraduate,6.0,In Person,2019
574,BIOL3191,"Biology, Society and Ethics",Second Semester,Undergraduate,6.0,In Person,2019
575,ENGN3810,Biomechanics and Biomaterials,First Semester,Undergraduate,6.0,In Person,2019
576,ENGN3820,Biomedical Imaging,First Semester,Undergraduate,6.0,In Person,2019
577,ENGN4821,Biomedical Signal Processing,,Undergraduate,6.0,In Person,2019
578,BIOL3106,Biosecurity,Second Semester,Undergraduate,6.0,In Person,2019
579,BIOL6106,Biosecurity,Second Semester,Postgraduate,6.0,In Person,2019
580,STAT8003,Biostatistics,First Semester,Postgraduate,6.0,In Person,2019
581,POPH4101,Biostatistics in Population Health,First Semester/Second Semester,Undergraduate,6.0,Online or In Person,2019
582,POPH8101,Biostatistics in Population Health,First Semester/Second Semester,Postgraduate,6.0,Online or In Person,2019
583,ASIA2167,Borders and their Transgressions in Mainland Southeast Asia,,Undergraduate,6.0,In Person,2019
584,POPH8399,Bound Volume,,Postgraduate,12.0,In Person,2019
585,MKTG7027,Brand Strategy,First Semester,Postgraduate,6.0,In Person,2019
586,ARCH2056,Britons and Romans: Archaeology of the Western Roman Empire,,Undergraduate,6.0,In Person,2019
587,ARCH6056,Britons and Romans: The Archaeology of the Western Roman Empire,,Postgraduate,6.0,In Person,2019
588,PHIL2012,Buddhist Philosophy,,Undergraduate,6.0,In Person,2019
589,MGMT7153,Building Individual Leadership Capacity,First Semester,Postgraduate,6.0,In Person,2019
590,STST8054,Building a defence force: Defence force structure planning and acquisition,Second Semester,Postgraduate,6.0,In Person,2019
591,POLS2009,Bureaucracy and Public Policy,First Semester,Undergraduate,6.0,In Person,2019
592,ASIA2039,Burma/Myanmar - a Country in Crisis,First Semester,Undergraduate,6.0,In Person,2019
593,ASIA6039,Burma/Myanmar: a Country in Crisis,First Semester,Postgraduate,6.0,In Person,2019
594,BURM1002,Burmese 1,First Semester,Undergraduate,6.0,Online,2019
595,BURM6002,Burmese 1,First Semester,Postgraduate,6.0,Online,2019
596,BURM6003,Burmese 2,Second Semester,Postgraduate,6.0,Online,2019
597,BURM1003,Burmese 2,Second Semester,Undergraduate,6.0,Online,2019
598,BURM6101,Burmese 3,First Semester,Postgraduate,6.0,Online or In Person,2019
599,BURM2001,Burmese 3,First Semester,Undergraduate,6.0,Online or In Person,2019
600,BURM2002,Burmese 4,Second Semester,Undergraduate,6.0,Online or In Person,2019
601,BURM6102,Burmese 4,Second Semester,Postgraduate,6.0,Online or In Person,2019
602,EMET4312,Business & Economic Forecasting,Second Semester,Undergraduate,6.0,In Person,2019
603,INFS8210,Business Analytics for Managers,First Semester,Postgraduate,6.0,In Person,2019
604,BUSN7057,Business Association Law,First Semester/Second Semester,Postgraduate,6.0,In Person,2019
605,MGMT7001,Business Communication,,Postgraduate,6.0,In Person,2019
606,MGMT2003,Business Decision Making,Second Semester,Undergraduate,6.0,In Person,2019
607,ECON8069,Business Economics,First Semester/Second Semester,Postgraduate,6.0,In Person,2019
608,MGMT3016,Business Ethics,Second Semester,Undergraduate,6.0,In Person,2019
609,PAAE8006,Business Ethics,,Postgraduate,6.0,In Person,2019
610,MGMT8242,Business Growth Strategies,First Semester,Postgraduate,6.0,In Person,2019
611,ASGS1015,Business Information Systems,,Undergraduate,12.0,In Person,2019
612,ANUC1001,Business Information Systems,First Semester/Second Semester,Undergraduate,6.0,In Person,2019
613,INFS1001,Business Information Systems,First Semester/Second Semester,Undergraduate,6.0,In Person,2019
614,INFS4500,Business Information Systems Honours Thesis,First Semester/Second Semester,Undergraduate,6.0,In Person,2019
615,BUSI7152,Business Negotiations and Conflict Resolution,Second Semester,Postgraduate,6.0,In Person,2019
616,BUSN1001,Business Reporting and Analysis,First Semester/Second Semester,Undergraduate,6.0,In Person,2019
617,BUSN8053,Business Research Methods,,Postgraduate,6.0,In Person,2019
618,PREP1125,Business Studies: Accounting Procedures,Spring Session,Undergraduate,6.0,In Person,2019
619,PREP1124,Business Studies: e-Business and Marketing,Autumn Session,Undergraduate,6.0,In Person,2019
620,EMET3007,Business and Economic Forecasting,Second Semester,Undergraduate,6.0,In Person,2019
621,EMET8012,Business and Economic Forecasting,Second Semester,Postgraduate,6.0,In Person,2019
622,MGMT3102,Business and its Social Stakeholders,First Semester,Undergraduate,6.0,In Person,2019
623,MGMT3101,Business and the Natural Environment,,Undergraduate,6.0,In Person,2019
624,BUSI3028,Business in China,Second Semester,Undergraduate,6.0,In Person,2019
625,LAWS8254,"Business, Human Rights and Corporate Responsibility",Winter Session,Postgraduate,6.0,Online,2019
626,SPAN6515,"CULTURA, cultura, kultura, Spanish Language and Culture Workshop",Second Semester,Postgraduate,6.0,In Person,2019
627,SPAN2102,"CULTURA, cultura, kultura: Spanish Language and Culture Workshop",Second Semester,Undergraduate,6.0,In Person,2019
628,PREP1106,Calculus,,Undergraduate,6.0,In Person,2019
629,POGO8089,Campaigns in Politics and Policy,,Postgraduate,6.0,In Person,2019
630,CHIN2024,Cantonese 1,First Semester,Undergraduate,6.0,In Person,2019
631,CHIN6201,Cantonese 1,First Semester,Postgraduate,6.0,In Person,2019
632,CHIN2025,Cantonese 2,Second Semester,Undergraduate,6.0,In Person,2019
633,CHIN6202,Cantonese 2,Second Semester,Postgraduate,6.0,In Person,2019
634,CHIN3203,Cantonese 3,,Undergraduate,6.0,In Person,2019
635,CHIN6203,Cantonese 3,,Postgraduate,6.0,In Person,2019
636,ENGN4300,Capstone Design Project,,Undergraduate,6.0,In Person,2019
637,MGMT2005,Career Planning and Management,First Semester,Undergraduate,6.0,In Person,2019
638,ARTH2160,Cartographies: Art Exploration and Knowledge,,Undergraduate,6.0,In Person,2019
639,ARTH6160,Cartographies: Art Exploration and Knowledge,,Postgraduate,6.0,In Person,2019
640,IDEC8023,Case Studies in Applied Econometrics,First Semester,Postgraduate,6.0,In Person,2019
641,EMET8002,Case Studies in Applied Economic Analysis and Econometrics,First Semester/Second Semester,Postgraduate,6.0,In Person,2019
642,POGO8055,Case Studies in Decision Making,Winter Session,Postgraduate,6.0,In Person,2019
643,DIPL8003,Case Studies in Diplomacy,First Semester,Postgraduate,6.0,In Person,2019
644,POGO8210,Case Studies in Economic Policy,Spring Session,Postgraduate,6.0,In Person,2019
645,POGO8403,Cases in Contemporary Public Policy,Winter Session,Postgraduate,6.0,In Person,2019
646,CHEM3206,Catalysis in Chemistry,Second Semester,Undergraduate,6.0,In Person,2019
647,HIST2143,Celebrity: An Unauthorised History,First Semester,Undergraduate,6.0,In Person,2019
648,HIST6143,Celebrity: An Unauthorised History,First Semester,Postgraduate,6.0,Online or In Person,2019
649,BIOL2117,Cell Biology,Second Semester,Undergraduate,6.0,In Person,2019
650,BIOL6117,Cell Biology,Second Semester,Postgraduate,6.0,In Person,2019
651,BIOL2174,Cell Physiology in Health and Disease,Second Semester,Undergraduate,6.0,In Person,2019
652,BIOL6174,Cell Physiology in Health and Disease,Second Semester,Postgraduate,6.0,In Person,2019
653,NEUR3101,Cellular Neuroscience,First Semester,Undergraduate,6.0,In Person,2019
654,NEUR6101,Cellular Neuroscience,First Semester,Postgraduate,6.0,In Person,2019
655,ARTV2120,Ceramics: Designing for the Table and Home,,Undergraduate,6.0,In Person,2019
656,ARTV2119,Ceramics: Experimental Methods and Meanings,,Undergraduate,6.0,In Person,2019
657,ARTV2117,Ceramics: Glaze & Colour Development,,Undergraduate,6.0,In Person,2019
658,ARTV1101,Ceramics: Introduction to Clay Forming and Technology,First Semester,Undergraduate,6.0,In Person,2019
659,ARTV2125,"Ceramics: Moulding, Casting & Digital Technologies",Second Semester,Undergraduate,6.0,In Person,2019
660,ARTV2124,"Ceramics: Surface, Form and Connectivity",First Semester,Undergraduate,6.0,In Person,2019
661,ARTV1102,Ceramics: Throwing & Surface Decoration,Second Semester,Undergraduate,6.0,In Person,2019
662,POGO8115,Challenging the Global Food Trading Regime,,Postgraduate,6.0,In Person,2019
663,CHEM2211,Chemical Biology 1,First Semester,Undergraduate,6.0,In Person,2019
664,CHEM2208,Chemical Biology 2,Second Semester,Undergraduate,6.0,In Person,2019
665,CHEM2202,Chemical Structure and Reactivity 1,First Semester,Undergraduate,6.0,In Person,2019
666,CHEM2203,Chemical Structure and Reactivity 2,Second Semester,Undergraduate,6.0,In Person,2019
667,PREP1107,Chemistry,,Undergraduate,6.0,In Person,2019
668,ANUC1127,Chemistry 1,First Semester,Undergraduate,6.0,In Person,2019
669,CHEM1101,Chemistry 1,First Semester,Undergraduate,6.0,In Person,2019
670,ANUC1128,Chemistry 2,Second Semester,Undergraduate,6.0,In Person,2019
671,CHEM1201,Chemistry 2,Second Semester,Undergraduate,6.0,In Person,2019
672,CHEM4005,Chemistry IV Honours (S),First Semester/Second Semester,Undergraduate,12.0,In Person,2019
673,PREP1133,Chemistry: Biochemistry,Spring Session,Undergraduate,6.0,In Person,2019
674,PREP1132,Chemistry: Chemical Reactions,Autumn Session,Undergraduate,6.0,In Person,2019
675,LING2521,Child Language Acquisition,First Semester,Undergraduate,6.0,In Person,2019
676,LING6521,Child Language Acquisition,First Semester,Postgraduate,6.0,In Person,2019
677,ASIA6014,"China Now: Discourse, Media and Culture",,Postgraduate,6.0,In Person,2019
678,ASIA2014,"China Now: Discourse, Media and Culture",,Undergraduate,6.0,In Person,2019
679,STST8013,China's Defence and Strategic Challenges,Second Semester,Postgraduate,6.0,In Person,2019
680,INTR8060,China: Global Engagement and Domestic Transformation,Second Semester,Postgraduate,6.0,In Person,2019
681,ASIA2073,Chinese Calligraphy: History and Practice,Summer Session,Undergraduate,6.0,In Person,2019
682,INTR2012,Chinese Foreign and Security Policy,Second Semester,Undergraduate,6.0,In Person,2019
683,ASIA2044,Chinese History: The Imperial Period (221 BC - 1800),,Undergraduate,6.0,In Person,2019
684,ASIA6044,Chinese History: The Imperial Period (221 BC - 1800),,Postgraduate,6.0,In Person,2019
685,LAWS4276,Chinese Law and Society,Summer Session,Undergraduate,6.0,In Person,2019
686,LING2017,Chinese Linguistics,,Undergraduate,6.0,In Person,2019
687,LING6017,Chinese Linguistics,,Postgraduate,6.0,In Person,2019
688,ASIA2003,Chinese Literature,First Semester,Undergraduate,6.0,In Person,2019
689,ASIA2054,Chinese Philosophy: Creation and Development,,Undergraduate,6.0,In Person,2019
690,CHIN1202,Chinese Secondary Extension - Continuing,First Semester/Second Semester,Undergraduate,6.0,In Person,2019
691,EXTN1003A,Chinese Secondary Extension - Continuing A,Autumn Session,Undergraduate,0.0,In Person,2019
692,EXTN1003B,Chinese Secondary Extension - Continuing B,Autumn Session,Undergraduate,6.0,In Person,2019
693,INTR8074,Chinese Thinking on International Relations,Second Semester,Postgraduate,6.0,In Person,2019
694,CHIN3216,Chinese-English Interpreting,Winter Session,Undergraduate,6.0,In Person,2019
695,CHIN6216,Chinese-English Interpreting: Methodology and Practice,Winter Session,Postgraduate,6.0,In Person,2019
696,CHIN6041,Chinese-English Translation,Second Semester,Postgraduate,6.0,In Person,2019
697,CHIN3041,Chinese-English Translation,Second Semester,Undergraduate,6.0,In Person,2019
698,SCRN6107,Cinema from the Spanish-Speaking World,,Postgraduate,6.0,In Person,2019
699,SCRN2107,Cinema from the Spanish-Speaking World,,Undergraduate,6.0,In Person,2019
700,SPAN6517,Cinema from the Spanish-speaking World,,Postgraduate,6.0,In Person,2019
701,SPAN2107,Cinema from the Spanish-speaking World,,Undergraduate,6.0,In Person,2019
702,SOCY2035,Cities and urban transformation,Winter Session,Undergraduate,6.0,In Person,2019
703,LAWS8175,Citizenship Law in Context,Second Semester,Postgraduate,6.0,In Person,2019
704,ARTH6004,City Sites: studies in art and urbanity,,Postgraduate,6.0,In Person,2019
705,ARTH3004,City Sites: studies in art and urbanity,,Undergraduate,6.0,In Person,2019
706,NSPO8010,Civil-Military Relations,Spring Session,Postgraduate,6.0,In Person,2019
707,POLS8021,Civilian Protection in Conflict and Post-Conflict Zones,,Postgraduate,6.0,In Person,2019
708,POLS4021,Civilian Protection in Conflict and Post-Conflict Zones,,Undergraduate,6.0,In Person,2019
709,ECHI4211,Classic Works of Economic Theory,,Undergraduate,6.0,In Person,2019
710,ECHI8011,Classic Works of Economic Theory,,Postgraduate,6.0,In Person,2019
711,PHYS2201,Classical Mechanics,Second Semester,Undergraduate,6.0,In Person,2019
712,SOCY2040,Classical Social Theory,,Undergraduate,6.0,In Person,2019
713,CLAS4006,Classics Methods and Evidence,First Semester,Undergraduate,12.0,In Person,2019
714,CLAS8019,Classics Methods and Evidence,First Semester,Postgraduate,12.0,In Person,2019
715,ASGS1002,Clear Thinking and Reasoning,,Undergraduate,6.0,In Person,2019
716,ENVS3020,Climate Change Science & Policy,Second Semester,Undergraduate,6.0,In Person,2019
717,ENVS6307,Climate Change Science & Policy,Second Semester,Postgraduate,6.0,Online or In Person,2019
718,ENVS3001,Climate Change Science & Policy in Practice,,Undergraduate,6.0,In Person,2019
719,ENVS6301,Climate Change Science & Policy in Practice,,Postgraduate,6.0,In Person,2019
720,ENVS8005,Climate Change Science: Carbon Accounting,,Postgraduate,6.0,Online,2019
721,ENVS8003,Climate Change Vulnerability and Adaptation,Spring Session,Postgraduate,6.0,In Person,2019
722,LAWS8008,Climate Change and Displacement,,Postgraduate,6.0,In Person,2019
723,LAWS4274,Climate Law,,Undergraduate,6.0,In Person,2019
724,LAWS8474,Climate Law,,Postgraduate,6.0,In Person,2019
725,LAWS8181,Climate and Sustainable Energy Law,,Postgraduate,6.0,Online or In Person,2019
726,ENVS3013,Climatology,,Undergraduate,6.0,In Person,2019
727,ENVS6303,Climatology,,Postgraduate,6.0,In Person,2019
728,PSYC8101,Clinical Coursework I,First Semester/Winter Session,Postgraduate,12.0,In Person,2019
729,PSYC8102,Clinical Coursework II,Second Semester,Postgraduate,12.0,In Person,2019
730,PSYC8103,Clinical Coursework III,First Semester/Winter Session,Postgraduate,12.0,In Person,2019
731,PSYC8104,Clinical Coursework IV,Autumn Session/Second Semester,Postgraduate,12.0,In Person,2019
732,MEDI4003,Clinical Experience Final Year Medical Students,Summer Session/First Semester/Autumn Session/Winter Session/Second Semester/Spring Session,Undergraduate,0.0,In Person,2019
733,PSYC8201,Clinical Field Placement I,First Semester,Postgraduate,6.0,In Person,2019
734,PSYC8202,Clinical Field Placement II,First Semester/Second Semester,Postgraduate,6.0,In Person,2019
735,PSYC8203,Clinical Field Placement III,First Semester/Second Semester,Postgraduate,6.0,In Person,2019
736,PSYC8204,Clinical Field Placement IV,First Semester/Second Semester,Postgraduate,6.0,In Person,2019
737,PSYC8301,Clinical Research I,First Semester/Second Semester,Postgraduate,6.0,In Person,2019
738,PSYC8302,Clinical Research II,First Semester/Second Semester,Postgraduate,6.0,In Person,2019
739,PSYC8303,Clinical Research III,First Semester/Second Semester,Postgraduate,6.0,In Person,2019
740,PSYC8304,Clinical Research IV,First Semester/Second Semester,Postgraduate,6.0,In Person,2019
741,ANUC1109,Close Encounters: How to Read Literature,First Semester,Undergraduate,6.0,In Person,2019
742,ENGL1014,Close Encounters: How to Read Literature,First Semester,Undergraduate,6.0,In Person,2019
743,NSPO8030,Coercion and National Security,Second Semester,Postgraduate,6.0,In Person,2019
744,PSYC2008,Cognition,Second Semester,Undergraduate,6.0,In Person,2019
745,PSYC3029,Cognitive and Clinical Neuropsychology,,Undergraduate,6.0,In Person,2019
746,PSYC6030,Cognitive and Clinical Neuropsychology,,Postgraduate,6.0,In Person,2019
747,HUMN8034,Collaborative Storytelling and Cultural Production,,Postgraduate,6.0,In Person,2019
748,MUSC8021,Collections Management Workshop,Second Semester,Postgraduate,6.0,In Person,2019
749,CBEA3001,College of Business and Economics Special Industry Project,First Semester/Second Semester,Undergraduate,6.0,In Person,2019
750,HIST8015,Colonial Australia in an Imperial World,,Postgraduate,6.0,Online or In Person,2019
751,BUSN8801,Commerce Research Report,First Semester/Second Semester,Postgraduate,6.0,In Person,2019
752,LAWS8131,Commercial Drafting,First Semester/Second Semester,Postgraduate,6.0,Online,2019
753,LAWS8298,Commercial Equity,,Postgraduate,6.0,In Person,2019
754,LAWS4210,Commercial Law,First Semester,Undergraduate,6.0,In Person,2019
755,BUSN7052,Commercial Law,First Semester/Second Semester,Postgraduate,6.0,In Person,2019
756,LAWS8140,Commercial Law,Spring Session,Postgraduate,6.0,In Person,2019
757,LAWS8156,Commonwealth Compensation Law,Second Semester,Postgraduate,6.0,Online,2019
758,LAWS6202,Commonwealth Constitutional Law,Second Semester,Postgraduate,6.0,Online or In Person,2019
759,LAWS2202,Commonwealth Constitutional Law,Second Semester,Undergraduate,6.0,In Person,2019
760,LAWS8117,Commonwealth Environmental Law,,Postgraduate,6.0,Online,2019
761,SCOM4014,Communicating Science with the Public,First Semester,Undergraduate,6.0,In Person,2019
762,SCOM8014,Communicating Science with the Public,First Semester,Postgraduate,6.0,Online or In Person,2019
763,MGMT2100,Communication for Business,First Semester/Second Semester,Undergraduate,6.0,In Person,2019
764,COMP8701,Communication for Computing Professionals I,,Postgraduate,6.0,In Person,2019
765,COMP8705,Communication for Computing Professionals II,,Postgraduate,6.0,In Person,2019
766,LING6034,Communication in Health Care,First Semester,Postgraduate,6.0,In Person,2019
767,LING2034,Communication in Health Care,First Semester,Undergraduate,6.0,In Person,2019
768,ASGS1003,Communications,,Undergraduate,6.0,In Person,2019
769,LAWS4268,Community Law Clinic,First Semester/Second Semester,Undergraduate,6.0,In Person,2019
770,LAWS6268,Community Law Clinic,First Semester/Second Semester,Postgraduate,6.0,In Person,2019
771,POGO8099,Community and Social Policy,,Postgraduate,6.0,In Person,2019
772,BUSN2015,Company Accounting,First Semester/Second Semester,Undergraduate,6.0,In Person,2019
773,LAWS8247,Comparative Civil and Political Rights,Winter Session,Postgraduate,6.0,In Person,2019
774,LAWS8016,Comparative Constitutional Law,,Postgraduate,6.0,In Person,2019
775,EURO3002,Comparative European Politics,Second Semester,Undergraduate,6.0,In Person,2019
776,POLS4040,Comparative Federalism,,Undergraduate,6.0,In Person,2019
777,POLS8040,Comparative Federalism,,Postgraduate,6.0,In Person,2019
778,POLS3031,Comparative Judicial Politics,,Undergraduate,6.0,In Person,2019
779,LAWS8654,Comparative Migration Law,Second Semester,Postgraduate,6.0,Online,2019
780,LAWS8018,Comparative National Security Law,,Postgraduate,6.0,In Person,2019
781,LAWS4241,Comparative National and International Security Law: Australian and US Perspectives,,Undergraduate,6.0,In Person,2019
782,BIOL6115,Comparative Physiology,Second Semester,Postgraduate,6.0,In Person,2019
783,BIOL2115,Comparative Physiology,Second Semester,Undergraduate,6.0,In Person,2019
784,POLS8045,Comparative Political Analysis,,Postgraduate,6.0,In Person,2019
785,POLS4039,Comparative Political Behavior,First Semester,Undergraduate,6.0,In Person,2019
786,POLS8039,Comparative Political Behaviour,First Semester,Postgraduate,6.0,In Person,2019
787,POLS8038,Comparative Political Institutions,Second Semester,Postgraduate,6.0,In Person,2019
788,POLS4038,Comparative Political Institutions,Second Semester,Undergraduate,6.0,In Person,2019
789,POGO8032,Comparative Public Sector Management,Second Semester,Postgraduate,6.0,In Person,2019
790,LAWS4287,Comparative land law in Asia,,Undergraduate,6.0,In Person,2019
791,LAWS4255,Competition Law,Second Semester,Undergraduate,6.0,In Person,2019
792,LAWS8154,Competition Law,,Postgraduate,6.0,In Person,2019
793,LAWS6255,Competition Law,,Postgraduate,6.0,Online,2019
794,ECON8055,Competition Policy and the Economics of Regulation,,Postgraduate,6.0,In Person,2019
795,ECON3155,Competition Policy and the Economics of Regulation (H),,Undergraduate,6.0,In Person,2019
796,ECON3055,Competition Policy and the Economics of Regulation (P),,Undergraduate,6.0,In Person,2019
797,MATH6213,Complex Analysis,Second Semester,Postgraduate,6.0,In Person,2019
798,ENVS3040,Complex Environmental Problems in Action,Second Semester,Undergraduate,6.0,In Person,2019
799,ENVS6025,Complex Environmental Problems in Action,Second Semester,Postgraduate,6.0,In Person,2019
800,ENGN4511,Composite Materials,Second Semester,Undergraduate,6.0,In Person,2019
801,ENGN6511,Composite Materials,Second Semester,Postgraduate,6.0,In Person,2019
802,MUSI2226,Composition for Film and Video Games,Second Semester,Undergraduate,6.0,In Person,2019
803,MUSI1111,"Composition, Arranging, and Sound Design 1",First Semester,Undergraduate,6.0,In Person,2019
804,MUSI1112,"Composition, Arranging, and Sound Design 2",Second Semester,Undergraduate,6.0,In Person,2019
805,MUSI2223,"Composition, Arranging, and Sound Design 3",First Semester,Undergraduate,6.0,In Person,2019
806,MUSI2224,"Composition, Arranging, and Sound Design 4",Second Semester,Undergraduate,6.0,In Person,2019
807,MUSI3314,"Composition, Arranging, and Sound Design 5",First Semester,Undergraduate,6.0,In Person,2019
808,MUSI3315,"Composition, Arranging, and Sound Design 6",Second Semester,Undergraduate,6.0,In Person,2019
809,EMSC8033,"Computational Geosciences: Problem-solving, Logical Thinking and Programming.",First Semester/Second Semester,Postgraduate,6.0,In Person,2019
810,EMSC4033,"Computational Geosciences: Problem-solving, Logical Thinking and Programming.",First Semester/Second Semester,Undergraduate,6.0,In Person,2019
811,COMP4880,Computational Methods for Network Science,First Semester,Undergraduate,6.0,In Person,2019
812,COMP8880,Computational Methods for Network Science,First Semester,Postgraduate,6.0,In Person,2019
813,ECON4414,Computational Methods in Economics,Second Semester,Undergraduate,6.0,In Person,2019
814,ECON8014,Computational Methods in Economics,Second Semester,Postgraduate,6.0,In Person,2019
815,ECON3127,Computational Methods in Economics,Second Semester,Undergraduate,6.0,In Person,2019
816,MATH8020,Computational Science,,Postgraduate,6.0,In Person,2019
817,ENGN2219,Computer Architecture and Simulation,First Semester,Undergraduate,6.0,In Person,2019
818,COMP6719,Computer Architecture and Simulation,First Semester,Postgraduate,6.0,In Person,2019
819,COMP4610,Computer Graphics,Second Semester,Undergraduate,6.0,In Person,2019
820,COMP6461,Computer Graphics,Second Semester,Postgraduate,6.0,In Person,2019
821,COMP3310,Computer Networks,First Semester,Undergraduate,6.0,In Person,2019
822,COMP6331,Computer Networks,First Semester,Postgraduate,6.0,In Person,2019
823,COMP2300,Computer Organisation and Program Execution,First Semester,Undergraduate,6.0,In Person,2019
824,COMP6300,Computer Organisation and Program Execution,First Semester,Postgraduate,6.0,In Person,2019
825,COMP3820,Computer Science & Software Engineering Internship,First Semester/Second Semester/Spring Session,Undergraduate,6.0,In Person,2019
826,COMP4006,Computer Science Honours,,Undergraduate,24.0,In Person,2019
827,COMP4005P,Computer Science IV Honours,First Semester/Second Semester,Undergraduate,12.0,In Person,2019
828,COMP4005F,Computer Science IV Honours,First Semester/Second Semester,Undergraduate,12.0,In Person,2019
829,COMP8830,Computer Science Internship,First Semester/Second Semester,Postgraduate,6.0,In Person,2019
830,ENGN6528,Computer Vision,First Semester,Postgraduate,6.0,In Person,2019
831,ENGN4528,Computer Vision,First Semester,Undergraduate,6.0,In Person,2019
832,COMP6301,Computing Foundations for Cyber Security,,Postgraduate,6.0,Online or In Person,2019
833,ASGS1004,Computing Fundamentals,,Undergraduate,6.0,In Person,2019
834,COMP8715,Computing Project,First Semester/Second Semester,Postgraduate,6.0,In Person,2019
835,COMP8800,Computing Research Project,First Semester/Second Semester,Postgraduate,12.0,In Person,2019
836,PHYS3032,Condensed Matter Physics,Second Semester,Undergraduate,6.0,In Person,2019
837,PHYS6032,Condensed Matter Physics,Second Semester,Postgraduate,6.0,In Person,2019
838,INTR8052,Conflict Resolution and Peace Building,First Semester,Postgraduate,6.0,In Person,2019
839,POGO8003,Conflict and Development,,Postgraduate,6.0,In Person,2019
840,ANTH8043,Conflict and Development in the Pacific,,Postgraduate,6.0,Online or In Person,2019
841,POLS3040,Conflict and change in sub-Saharan Africa,Second Semester,Undergraduate,6.0,In Person,2019
842,LAWS4212,Conflict of Laws,First Semester,Undergraduate,6.0,In Person,2019
843,LAWS8144,Conflict of Laws,,Postgraduate,6.0,In Person,2019
844,LAWS8578,Constitutionalism in the Global South,,Postgraduate,6.0,In Person,2019
845,BIOL8001,Consulting in Quantitative Biology,First Semester/Second Semester,Postgraduate,6.0,In Person,2019
846,MKTG2031,Consumer Behaviour,First Semester,Undergraduate,6.0,In Person,2019
847,MKTG7050,Consumer Behaviour & Analysis,First Semester,Postgraduate,6.0,In Person,2019
848,LEGW8135,Consumer Law Practice,Autumn Session/Spring Session,Postgraduate,3.0,Online,2019
849,LAWS8459,Consumer Protection and Product Liability Law,,Postgraduate,6.0,In Person,2019
850,LAWS4259,Consumer Protection and Product Liability Law,First Semester,Undergraduate,6.0,In Person,2019
851,ANTH8101,Contemporary Anthropological Theory,Autumn Session,Postgraduate,12.0,In Person,2019
852,ANTH8108,Contemporary Anthropological Theory,,Postgraduate,12.0,In Person,2019
853,ANTH9101,Contemporary Anthropological Theory,Autumn Session,Postgraduate,12.0,In Person,2019
854,ARTH2170,Contemporary Asian Art,,Undergraduate,6.0,In Person,2019
855,ARTH6170,Contemporary Asian Art,,Postgraduate,6.0,In Person,2019
856,ARTH2161,Contemporary Australian Art,,Undergraduate,6.0,In Person,2019
857,ARTH6161,Contemporary Australian Art,,Postgraduate,6.0,In Person,2019
858,INDG2002,Contemporary Australian Indigenous Music Studies,,Undergraduate,6.0,In Person,2019
859,ENGL2011,Contemporary Australian Writing,Second Semester,Undergraduate,6.0,In Person,2019
860,ENGL6025,Contemporary Australian Writing,Second Semester,Postgraduate,6.0,In Person,2019
861,DIPL8002,Contemporary Challenges in Diplomacy,Second Semester,Postgraduate,6.0,In Person,2019
862,DESN1003,Contemporary Design In Context,First Semester,Undergraduate,6.0,In Person,2019
863,ANTH9103,Contemporary Development Theory,Summer Session/First Semester/Autumn Session/Winter Session/Second Semester/Spring Session,Postgraduate,12.0,In Person,2019
864,GERM2020,Contemporary German Society,Second Semester,Undergraduate,6.0,In Person,2019
865,GERM3020,Contemporary German Society,Second Semester,Undergraduate,6.0,In Person,2019
866,BUSN7005,Contemporary Issues in Accounting,First Semester/Second Semester,Postgraduate,6.0,In Person,2019
867,LAWS8271,Contemporary Issues in Administrative Law,Spring Session,Postgraduate,6.0,In Person,2019
868,LAWS4213,Contemporary Issues in Constitutional Law,First Semester,Undergraduate,6.0,In Person,2019
869,LAWS8128,Contemporary Issues in Constitutional Law,Winter Session,Postgraduate,6.0,In Person,2019
870,MEAS8126,Contemporary Issues in Islamic Banking,,Postgraduate,6.0,In Person,2019
871,LAWS8653,Contemporary Issues in Migration Law,First Semester,Postgraduate,6.0,Online,2019
872,POPH8104,Contemporary Issues in Public Health,,Postgraduate,6.0,In Person,2019
873,ENVS8016,Contemporary Perspectives in Environment-Society Interaction,Second Semester,Postgraduate,6.0,In Person,2019
874,ENVS8015,Contemporary Perspectives in Environmental Science,First Semester,Postgraduate,6.0,In Person,2019
875,POLS2044,Contemporary Political Analysis,Second Semester,Undergraduate,6.0,In Person,2019
876,POLS2063,Contemporary Political Theory,Second Semester,Undergraduate,6.0,In Person,2019
877,SOCY2161,Contemporary Social Theory,First Semester,Undergraduate,6.0,In Person,2019
878,ARTV2060,Contexts of Making: Globalisation and Change,Second Semester,Undergraduate,6.0,In Person,2019
879,ARTV2061,Contexts of Making: Materiality and Value,First Semester,Undergraduate,6.0,In Person,2019
880,PSYC8422,Contextualizing Professional Psychology,,Postgraduate,6.0,In Person,2019
881,GREK6112,Continuing Ancient Greek,Second Semester,Postgraduate,6.0,In Person,2019
882,GREK1102,Continuing Ancient Greek,Second Semester,Undergraduate,6.0,In Person,2019
883,GREK2119,Continuing Ancient Greek (L),Second Semester,Undergraduate,6.0,In Person,2019
884,INDG2006,Continuing Australian Indigenous Language,,Undergraduate,6.0,Online or In Person,2019
885,INDG6006,Continuing Australian Indigenous Language,Winter Session,Postgraduate,6.0,Online or In Person,2019
886,FREN2024,Continuing French I,First Semester,Undergraduate,6.0,In Person,2019
887,FREN6503,Continuing French I,First Semester,Postgraduate,6.0,In Person,2019
888,FREN6504,Continuing French II,Second Semester,Postgraduate,6.0,In Person,2019
889,FREN2025,Continuing French II,Second Semester,Undergraduate,6.0,In Person,2019
890,INDG2004,Continuing Gamilaraay,Winter Session,Undergraduate,6.0,Online or In Person,2019
891,INDG6004,Continuing Gamilaraay,,Postgraduate,6.0,Online or In Person,2019
892,LATN1102,Continuing Latin,Second Semester,Undergraduate,6.0,In Person,2019
893,LATN6002,Continuing Latin,Second Semester,Postgraduate,6.0,In Person,2019
894,LATN2119,Continuing Latin (L),Second Semester,Undergraduate,6.0,In Person,2019
895,PORT2001,Continuing Portuguese I,First Semester,Undergraduate,6.0,In Person,2019
896,PORT6503,Continuing Portuguese I,First Semester,Postgraduate,6.0,In Person,2019
897,PORT2002,Continuing Portuguese II,,Undergraduate,6.0,In Person,2019
898,PORT6504,Continuing Portuguese II,,Postgraduate,6.0,In Person,2019
899,SPAN6503,Continuing Spanish I,First Semester,Postgraduate,6.0,In Person,2019
900,SPAN2001,Continuing Spanish I,First Semester,Undergraduate,6.0,In Person,2019
901,SPAN6504,Continuing Spanish II,Second Semester,Postgraduate,6.0,In Person,2019
902,SPAN2002,Continuing Spanish II,Second Semester,Undergraduate,6.0,In Person,2019
903,FINM3003,Continuous Time Finance,First Semester,Undergraduate,6.0,In Person,2019
904,FINM7003,Continuous Time Finance,First Semester,Postgraduate,6.0,In Person,2019
905,LAWS6104,Contracts,First Semester/Second Semester,Postgraduate,6.0,Online or In Person,2019
906,LAWS1204,Contracts,Second Semester,Undergraduate,6.0,In Person,2019
907,ENGN3223,Control Systems,Second Semester,Undergraduate,6.0,In Person,2019
908,ENGN6223,Control Systems,Second Semester,Postgraduate,6.0,In Person,2019
909,CRIM6003,Controversies in Crime Control,,Postgraduate,6.0,In Person,2019
910,CRIM2003,Controversies in Crime Control,,Undergraduate,6.0,In Person,2019
911,HIST6128,"Convicts and Emigrants: Australia, 1770s to 1870s",Second Semester,Postgraduate,6.0,In Person,2019
912,HIST2128,Convicts and Settlers: Australia 1770s to 1870s,Second Semester,Undergraduate,6.0,In Person,2019
913,STST1003,Coping with Crisis: The Practice of International Security,Second Semester,Undergraduate,6.0,In Person,2019
914,EMSC3019,Coral Reef Field Studies,Spring Session,Undergraduate,6.0,In Person,2019
915,EMSC6119,Coral Reef Field Studies,Spring Session,Postgraduate,6.0,In Person,2019
916,BUSN7050,Corporate Accounting,First Semester/Second Semester,Postgraduate,6.0,In Person,2019
917,LAWS8110,Corporate Environmental Responsibility,,Postgraduate,6.0,In Person,2019
918,FINM2001,Corporate Finance,First Semester/Second Semester,Undergraduate,6.0,In Person,2019
919,BUSN7049,Corporate Financial Reporting,First Semester,Postgraduate,6.0,In Person,2019
920,BUSN7045,Corporate Governance,First Semester/Second Semester,Postgraduate,6.0,In Person,2019
921,BUSN4045,Corporate Governance (Honours),First Semester/Second Semester,Undergraduate,6.0,In Person,2019
922,BUSN8145,Corporate Governance: Research Preparation,First Semester/Second Semester,Postgraduate,6.0,In Person,2019
923,BUSN3017,"Corporate Social Responsibility, Accountability and Reporting",Second Semester,Undergraduate,6.0,In Person,2019
924,MGMT3015,Corporate Strategy,First Semester,Undergraduate,6.0,In Person,2019
925,MGMT7102,Corporate Strategy,,Postgraduate,6.0,In Person,2019
926,MGMT2001,Corporate Sustainability,First Semester,Undergraduate,6.0,In Person,2019
927,FINM3005,Corporate Valuation,First Semester/Second Semester,Undergraduate,6.0,In Person,2019
928,LAWS6203,Corporations Law,First Semester,Postgraduate,6.0,Online or In Person,2019
929,LAWS2203,Corporations Law,First Semester,Undergraduate,6.0,In Person,2019
930,POGO8076,Corruption and Anti-corruption,Winter Session,Postgraduate,6.0,In Person,2019
931,CRIM3002,Corruption in Sport,,Undergraduate,6.0,Online or In Person,2019
932,CRIM2009,Corruption in our world,,Undergraduate,6.0,In Person,2019
933,CRIM6009,Corruption in our world,,Postgraduate,6.0,In Person,2019
934,ECON4418,Cost Benefit Analysis,,Undergraduate,6.0,In Person,2019
935,ECON8018,Cost-Benefit Analysis,,Postgraduate,6.0,In Person,2019
936,IDEC8088,Cost-Benefit Analysis: Principles and Practice,First Semester,Postgraduate,6.0,In Person,2019
937,ECON2133,Cost-benefit Analysis,,Undergraduate,6.0,In Person,2019
938,LAWS8067,"Courts, Justice & Development",,Postgraduate,6.0,In Person,2019
939,DESA3004,Craft and Design Major 7: Designing Through Making,First Semester,Undergraduate,6.0,In Person,2019
940,DESA3005,Craft and Design Major 8: Developing a Design Practice,Second Semester,Undergraduate,6.0,In Person,2019
941,ARTV2039,Craft and Design Practice-led Research,,Undergraduate,6.0,In Person,2019
942,VCPG6004,Creating Impact,,Postgraduate,6.0,In Person,2019
943,VCUG2004,Creating Impact,,Undergraduate,6.0,In Person,2019
944,VCUG2001,Creating Knowledge,,Undergraduate,6.0,In Person,2019
945,DESN6003,Creative Data Visualisation: Representing Data in Visual and Material Form,,Postgraduate,6.0,In Person,2019
946,DESN2003,Creative Data Visualisation: Representing Data in Visual and Material Form,,Undergraduate,6.0,In Person,2019
947,ASIA3031,Creative Industries in Korea,First Semester,Undergraduate,6.0,In Person,2019
948,MUSI4404,Creative Practice as Research,First Semester,Undergraduate,6.0,In Person,2019
949,MUSI8011,Creative Practice as Research,First Semester,Postgraduate,6.0,In Person,2019
950,ENGL8021,"Creative Reading: Topics in Theory, Methodology and Interpretation",First Semester,Postgraduate,6.0,Online or In Person,2019
951,ENGL4021,"Creative Reading: Topics in Theory, Methodology and Interpretation",First Semester,Undergraduate,6.0,Online or In Person,2019
952,ARTV3033,Creative Research Practice: Developing an Independent Work Proposal,First Semester,Undergraduate,6.0,In Person,2019
953,ARTV3034,Creative Research Practice: Extending and Consolidating an Independent Work Proposal,Second Semester,Undergraduate,6.0,In Person,2019
954,ENGL1015,Creative Writing,,Undergraduate,6.0,In Person,2019
955,ENGL6015,Creative Writing,,Postgraduate,6.0,In Person,2019
956,ENGL2077,Creative Writing 2: Story to Script,,Undergraduate,6.0,In Person,2019
957,ENGL6026,Creative Writing 3 Advanced Fiction,First Semester,Postgraduate,6.0,In Person,2019
958,ENGL2078,Creative Writing 3: Advanced Fiction,First Semester,Undergraduate,6.0,In Person,2019
959,STAT3036,Credibility Theory,Second Semester,Undergraduate,6.0,In Person,2019
960,STAT8036,Credibility Theory,Second Semester,Postgraduate,6.0,In Person,2019
961,STAT4036,Credibility Theory,Second Semester,Undergraduate,6.0,In Person,2019
962,HIST6232,Crime and Justice: Historical Dilemmas,,Postgraduate,6.0,In Person,2019
963,HIST2232,Crime and Justice: Historical Dilemmas,,Undergraduate,6.0,In Person,2019
964,LAWS4214,Criminal Justice,,Undergraduate,6.0,In Person,2019
965,LAWS8703,Criminal Law & Procedure & Evidence A,,Postgraduate,8.0,Online,2019
966,LAWS8704,Criminal Law & Procedure & Evidence B,Summer Session/Autumn Session,Postgraduate,8.0,Online,2019
967,LAWS1206,Criminal Law and Procedure,First Semester,Undergraduate,6.0,In Person,2019
968,LAWS6106,Criminal Law and Procedure,First Semester,Postgraduate,6.0,Online or In Person,2019
969,LEGW8106,Criminal Practice,Summer Session/Autumn Session/Winter Session/Spring Session,Postgraduate,3.0,In Person,2019
970,PSYC6505,Criminal Psychology: Cognitive and Social Psychological Perspectives,,Postgraduate,6.0,In Person,2019
971,CRIM1001,Criminological Imaginations: Understanding Criminality,First Semester,Undergraduate,6.0,In Person,2019
972,CRIM1002,Criminological Perspectives: Understanding Crime,Second Semester,Undergraduate,6.0,In Person,2019
973,REGN8009,"Criminology, Justice and Regulation Research Topic",First Semester/Second Semester,Postgraduate,6.0,In Person,2019
974,REGN8008,"Criminology, Justice and Regulation Thesis",First Semester/Second Semester,Postgraduate,24.0,In Person,2019
975,LAWS8320,Critical Approaches to International Law,,Postgraduate,6.0,In Person,2019
976,ANTH8039,Critical Issues in Gender and Development (Advanced),Second Semester,Postgraduate,12.0,Online or In Person,2019
977,HUMN8027,Critical Issues in Heritage and Museum Studies,Second Semester,Postgraduate,6.0,Online or In Person,2019
978,HUMN8035,Critical Issues in Intangible Heritage,First Semester,Postgraduate,6.0,In Person,2019
979,LAWS4288,Critical Legal Theory,,Undergraduate,6.0,In Person,2019
980,LAWS8488,Critical Legal Theory,,Postgraduate,6.0,In Person,2019
981,PREP1108,Critical Thinking and Reasoning,,Undergraduate,6.0,In Person,2019
982,PREP1135,Critical Thinking: Critical Thinking in Society,Autumn Session/Spring Session,Undergraduate,6.0,In Person,2019
983,PREP1134,Critical Thinking: The Art of the Argument,Autumn Session/Spring Session,Undergraduate,6.0,In Person,2019
984,ANTH8030,Critically Assessing Contemporary Development Practice,Summer Session/First Semester/Second Semester/Spring Session,Postgraduate,6.0,Online or In Person,2019
985,LING2021,Cross Cultural Communication,First Semester,Undergraduate,6.0,Online or In Person,2019
986,LING6021,Cross Cultural Communication,First Semester,Postgraduate,6.0,Online or In Person,2019
987,SCOM3029,Cross Cultural Perspectives in Science Communication,,Undergraduate,6.0,In Person,2019
988,SCOM6029,Cross Cultural Perspectives in Science Communication,,Postgraduate,6.0,In Person,2019
989,BUSI3029,Cross-Cultural Management,Second Semester,Undergraduate,6.0,In Person,2019
990,ANTH2129,"Crossing Borders: Migration, Identity and Livelihood",First Semester,Undergraduate,6.0,In Person,2019
991,ANTH6515,"Crossing Borders: Migration, Identity and Livelihood",First Semester,Postgraduate,6.0,In Person,2019
992,HUMN8007,Cultural and Environmental Heritage Research Project,First Semester/Winter Session/Second Semester/Spring Session,Postgraduate,6.0,Online or In Person,2019
993,HUMN8018,Cultural and Environmental Heritage: Extended Research Project,Summer Session/First Semester/Winter Session/Second Semester/Spring Session,Postgraduate,12.0,In Person,2019
994,ASGS1010,Culture & Human Diversity: Introducing Anthropology,,Undergraduate,12.0,In Person,2019
995,ANTH2009,Culture and Development,First Semester,Undergraduate,6.0,In Person,2019
996,ANTH6009,Culture and Development,First Semester,Postgraduate,6.0,Online or In Person,2019
997,HUMN8037,Culture and Heritage in China Field School,Autumn Session,Postgraduate,6.0,In Person,2019
998,ANTH1002,Culture and Human Diversity: Introducing Anthropology,First Semester,Undergraduate,6.0,In Person,2019
999,ANTH6002,Culture and Human Diversity: Introducing Anthropology,First Semester,Postgraduate,6.0,In Person,2019
1000,ANUC1102,Culture and Human Diversity: Introducing Anthropology,First Semester/Second Semester,Undergraduate,6.0,In Person,2019
1001,ASIA2302,Culture and Modernity in Asia: Anthropological Perspectives,Second Semester,Undergraduate,6.0,In Person,2019
1002,ANTH2057,Culture and Person,Second Semester,Undergraduate,6.0,In Person,2019
1003,ANTH6057,Culture and Person,Second Semester,Postgraduate,6.0,In Person,2019
1004,BIAN6120,"Culture, Biology & Population Dynamics",,Postgraduate,6.0,In Person,2019
1005,BIAN2120,"Culture, Biology and Population Dynamics",,Undergraduate,6.0,In Person,2019
1006,CHMD8019,"Culture, Health, Medicine Internship",Summer Session/First Semester/Autumn Session/Winter Session/Second Semester/Spring Session,Postgraduate,6.0,In Person,2019
1007,ANTH2017,"Culture, Social Justice and Aboriginal Society Today",First Semester,Undergraduate,6.0,In Person,2019
1008,ANTH6017,"Culture, Social Justice and Aboriginal Society Today",First Semester,Postgraduate,6.0,In Person,2019
1009,ANCH2101,"Cultures in conflict: Greeks, Romans and others in southern Italy and Sicily",,Undergraduate,12.0,In Person,2019
1010,ANCH6101,"Cultures in conflict: Greeks, Romans and others in southern Italy and Sicily",,Postgraduate,12.0,In Person,2019
1011,ARTH3001,Curatorial Practice,Second Semester,Undergraduate,12.0,In Person,2019
1012,ARTH6045,Curatorship History and Evolution,,Postgraduate,12.0,In Person,2019
1013,ARTH2045,Curatorship History and Evolution,,Undergraduate,6.0,In Person,2019
1014,FREN3107,Current Affairs and the French Press (Advanced),,Undergraduate,6.0,In Person,2019
1015,FREN6513,Current Affairs and the French Press (Advanced),,Postgraduate,6.0,In Person,2019
1016,SPAN6513,Current Affairs in the Spanish-Speaking World,First Semester,Postgraduate,6.0,In Person,2019
1017,SPAN3100,Current Affairs in the Spanish-speaking World,First Semester,Undergraduate,6.0,In Person,2019
1018,POLS2132,Current Issues in International Security,Second Semester,Undergraduate,6.0,In Person,2019
1019,CHEM3207,Current Topics in Chemical Biology,Second Semester,Undergraduate,6.0,In Person,2019
1020,COMP8501,Cyber Defensive Operations,,Postgraduate,6.0,Online or In Person,2019
1021,LAWS8077,Cyber Law,,Postgraduate,6.0,Online or In Person,2019
1022,COMP8502,Cyber Offensive Operations,,Postgraduate,6.0,Online or In Person,2019
1023,COMP2700,Cyber Security Foundations,Second Semester,Undergraduate,6.0,In Person,2019
1024,LAWS8035,Cyber Warfare Law,Spring Session,Postgraduate,6.0,In Person,2019
1025,NSPO8009,Cyber-intelligence and Security,Autumn Session,Postgraduate,6.0,Online or In Person,2019
1026,CRIM8002,Cyber-security and Cybercrime,,Postgraduate,6.0,Online or In Person,2019
1027,CRIM2010,Cybercrime: an introduction,Second Semester,Undergraduate,6.0,In Person,2019
1028,CRIM6010,Cybercrime: an introduction,Second Semester,Postgraduate,6.0,In Person,2019
1029,ARTH2162,Cyberculture,,Undergraduate,6.0,In Person,2019
1030,ARTH6162,Cyberculture,,Postgraduate,6.0,In Person,2019
1031,ANCH3506,"Dark Age to Democracy: early Greek history, 1000-480 BC",,Undergraduate,6.0,In Person,2019
1032,ANCH6506,"Dark Age to democracy: early Greek history, 1000-480 BC",,Postgraduate,6.0,In Person,2019
1033,BIAN4011,Data Analysis and Methods in Biological Anthropology,First Semester,Undergraduate,6.0,Online or In Person,2019
1034,ENGN3539,Data Communication Networks,,Undergraduate,6.0,In Person,2019
1035,ENGN6539,Data Communication Networks,,Postgraduate,6.0,In Person,2019
1036,COMP3425,Data Mining,First Semester,Undergraduate,6.0,In Person,2019
1037,COMP8410,Data Mining,First Semester/Winter Session,Postgraduate,6.0,Online or In Person,2019
1038,MATH6210,Data Mining,,Postgraduate,6.0,In Person,2019
1039,EMSC4123,Data Science,First Semester/Second Semester,Undergraduate,6.0,In Person,2019
1040,COMP3430,Data Wrangling,Second Semester,Undergraduate,6.0,In Person,2019
1041,COMP8430,Data Wrangling,Summer Session/Second Semester,Postgraduate,6.0,In Person,2019
1042,SOCR3001,Data for Decision Making,Second Semester,Undergraduate,6.0,In Person,2019
1043,VCPG8001,Dealing with Wicked Problems,,Postgraduate,6.0,In Person,2019
1044,HUMN8029,Debates and Issues in the Humanities,First Semester,Postgraduate,6.0,In Person,2019
1045,HIST6236,Debating Anzac,First Semester,Postgraduate,6.0,In Person,2019
1046,HIST2236,Debating Anzac,First Semester,Undergraduate,6.0,In Person,2019
1047,JPNS6102,Debating Japan: Contemporary Intellectual Debate,,Postgraduate,6.0,In Person,2019
1048,JPNS3102,Debating Japan: Contemporary Intellectual Debates,,Undergraduate,6.0,In Person,2019
1049,POGO8065,Decision Making Under Uncertainty,Spring Session,Postgraduate,6.0,In Person,2019
1050,INDG3006,"Decolonising methodologies, theories and scholarly perspectives",,Undergraduate,6.0,In Person,2019
1051,STST8057,Defence Leadership in ASEAN A,Second Semester,Postgraduate,6.0,In Person,2019
1052,STST8058,Defence Leadership in ASEAN B,,Postgraduate,6.0,In Person,2019
1053,COMP3701,Defensive Cyber Security Operations,Second Semester,Undergraduate,6.0,In Person,2019
1054,POGO8123,Delivering Public Value,Summer Session,Postgraduate,6.0,In Person,2019
1055,MGMT7061,Delivering Team Results,First Semester,Postgraduate,6.0,In Person,2019
1056,HIST6240,Democracy and Dissent: Europe Since 1945,,Postgraduate,6.0,In Person,2019
1057,HIST2240,Democracy and Dissent: Europe Since 1945,,Undergraduate,6.0,In Person,2019
1058,POLS4019,Democracy and its Discontents,Second Semester,Undergraduate,6.0,In Person,2019
1059,POLS8019,Democracy and its Discontents,Second Semester,Postgraduate,6.0,In Person,2019
1060,ASIA6070,Democracy in Southeast Asia,,Postgraduate,6.0,In Person,2019
1061,ASIA2070,Democracy in Southeast Asia,,Undergraduate,6.0,In Person,2019
1062,INTR8059,Democracy in World Politics,,Postgraduate,6.0,In Person,2019
1063,GEND2101,"Democracy, Difference and Desire",,Undergraduate,6.0,In Person,2019
1064,PHIL2101,"Democracy, Difference and Desire",,Undergraduate,6.0,In Person,2019
1065,POLS2126,Democracy: Its Causes and Consequences,First Semester,Undergraduate,6.0,In Person,2019
1066,ARTV3032,Demonstrating research methods for a studio practice in the visual arts,Second Semester,Undergraduate,6.0,In Person,2019
1067,FINM2002,Derivatives,First Semester/Second Semester,Undergraduate,6.0,In Person,2019
1068,FINM8009,"Derivatives: Markets, Valuation and Risk Management",,Postgraduate,6.0,In Person,2019
1069,DESN2007,Design Fiction: Speculative and Critical Design,,Undergraduate,6.0,In Person,2019
1070,DESN8001,Design Inquiry: Application of Research,First Semester/Second Semester,Postgraduate,6.0,In Person,2019
1071,DESN3010,"Design Practice: Engagement, Internship and Entrepreneurship",First Semester/Second Semester,Undergraduate,6.0,In Person,2019
1072,DESN6010,"Design Practice: Engagement, Internship and Entrepreneurship",First Semester/Second Semester,Postgraduate,6.0,In Person,2019
1073,DESN4010,Design Practice: Impact and Engagement,,Undergraduate,12.0,In Person,2019
1074,MGMT2009,Design Thinking: Entrepreneurial Innovation,Second Semester,Undergraduate,6.0,In Person,2019
1075,DESN2008,Design Thinking: Human-Centred Design Methodologies,First Semester,Undergraduate,6.0,In Person,2019
1076,DESN4011,Design and Research: Theory and Methods,,Undergraduate,6.0,In Person,2019
1077,STAT4029,Design of Experiments and Surveys,First Semester,Undergraduate,6.0,In Person,2019
1078,STAT3012,Design of Experiments and Surveys,First Semester,Undergraduate,6.0,In Person,2019
1079,STAT7029,Design of Experiments and Surveys,First Semester,Postgraduate,6.0,In Person,2019
1080,POGO8063,Designing Public Policies and Programs,Winter Session,Postgraduate,6.0,In Person,2019
1081,ARCH8102,Designing Research in Archaeology,Second Semester,Postgraduate,6.0,In Person,2019
1082,REGN8016,"Deterrence, Sentencing and the Death Penalty",,Postgraduate,6.0,In Person,2019
1083,ARTV3028,Developing a Contemporary Craft Practice,First Semester,Undergraduate,6.0,In Person,2019
1084,POGO8070,Developing and Implementing Industry Policy,,Postgraduate,6.0,In Person,2019
1085,POGO8095,Development Policy and Practice,,Postgraduate,6.0,In Person,2019
1086,ECON4409,Development Poverty & Famine,First Semester/Second Semester,Undergraduate,6.0,In Person,2019
1087,ECON2900,Development Poverty and Famine,First Semester/Second Semester,Undergraduate,6.0,In Person,2019
1088,ECON2901,Development Poverty and Famine(H),First Semester/Second Semester,Undergraduate,6.0,In Person,2019
1089,POGO8072,Development Theories and Themes,First Semester,Postgraduate,6.0,In Person,2019
1090,POLS2011,Development and Change,First Semester,Undergraduate,6.0,In Person,2019
1091,IDEC8031,Development and Environmental Planning in Developing Economies,First Semester,Postgraduate,6.0,In Person,2019
1092,ANTH8009,Development in Practice,First Semester,Postgraduate,6.0,Online or In Person,2019
1093,BUSI2027,Development of Modern Business,,Undergraduate,6.0,In Person,2019
1094,PSYC2002,Developmental Psychology,First Semester,Undergraduate,6.0,In Person,2019
1095,LING6023,Dictionaries and Dictionary-Making,,Postgraduate,6.0,In Person,2019
1096,LING2023,Dictionaries and Dictionary-Making,,Undergraduate,6.0,In Person,2019
1097,MATH6205,Differential Geometry,First Semester,Postgraduate,6.0,In Person,2019
1098,ASTR4017,Diffuse Matter in the Universe,First Semester,Undergraduate,6.0,In Person,2019
1099,ASTR8007,Diffuse Matter in the Universe,First Semester,Postgraduate,6.0,In Person,2019
1100,ASIA3032,Digital Asia: Technology and Society,Second Semester,Undergraduate,6.0,In Person,2019
1101,ENGN3226,Digital Communications,First Semester,Undergraduate,6.0,In Person,2019
1102,ENGN6626,Digital Communications,First Semester,Postgraduate,6.0,In Person,2019
1103,HUMN1001,Digital Culture: Being Human in the Information Age,First Semester,Undergraduate,6.0,Online or In Person,2019
1104,ANUC1113,Digital Culture: Being Human in the Information Age,First Semester,Undergraduate,6.0,In Person,2019
1105,DESN2001,Digital Form and Fabrication,Second Semester,Undergraduate,6.0,In Person,2019
1106,DESN6001,Digital Form and Fabrication,Second Semester,Postgraduate,6.0,In Person,2019
1107,HUMN8030,Digital Humanities and Public Culture Research Project,Summer Session/First Semester/Autumn Session/Winter Session/Second Semester/Spring Session,Postgraduate,6.0,Online or In Person,2019
1108,HUMN8031,Digital Humanities and Public Culture Research Project (Advanced),Summer Session/First Semester/Autumn Session/Winter Session/Second Semester/Spring Session,Postgraduate,12.0,Online or In Person,2019
1109,HUMN6003,Digital Humanities: Methods and Practices,First Semester,Postgraduate,6.0,In Person,2019
1110,HUMN3001,Digital Humanities: Methods and Practices,First Semester,Undergraduate,6.0,In Person,2019
1111,HUMN6001,Digital Humanities: Theories and Projects,Second Semester,Postgraduate,6.0,In Person,2019
1112,HUMN2001,Digital Humanities: Theories and Projects,Second Semester,Undergraduate,6.0,In Person,2019
1113,MKTG7028,Digital Marketing Communications,Second Semester,Postgraduate,6.0,In Person,2019
1114,LAWS8076,Digital Media and Communication Law and Practice,Autumn Session,Postgraduate,6.0,Online,2019
1115,ENGN4537,Digital Signal Processing,First Semester,Undergraduate,6.0,In Person,2019
1116,ENGN6537,Digital Signal Processing,First Semester,Postgraduate,6.0,In Person,2019
1117,INFS8205,"Digital Strategy, Executive and Operations",First Semester,Postgraduate,6.0,In Person,2019
1118,ENGN3213,Digital Systems and Microprocessors,First Semester,Undergraduate,6.0,In Person,2019
1119,ENGN6213,Digital Systems and Microprocessors,First Semester,Postgraduate,6.0,In Person,2019
1120,INFS7040,Digital Transformation,First Semester/Second Semester,Postgraduate,6.0,In Person,2019
1121,CRIM2004,Dimensions of Crime: Identifying and Controlling Offenders,,Undergraduate,6.0,In Person,2019
1122,CRIM6004,Dimensions of Crime: Identifying and Controlling Offenders,,Postgraduate,6.0,In Person,2019
1123,DIPL8006,"Diplomacy, Politics and the United Nations",Winter Session,Postgraduate,6.0,In Person,2019
1124,DIPL8009,Diplomacy: from cuneiform clay to digital tablets,Second Semester,Postgraduate,6.0,Online,2019
1125,CHMD8001,"Directed Readings in Culture, Health and Medicine",First Semester/Second Semester,Postgraduate,6.0,Online or In Person,2019
1126,ARAB6509,Directed Study Project (Arabic),Second Semester,Postgraduate,6.0,In Person,2019
1127,ARAB3007,Directed Study Project (Arabic),Second Semester,Undergraduate,6.0,In Person,2019
1128,EMDV8124,Disaster Risk Reduction and Management,Second Semester,Postgraduate,6.0,Online or In Person,2019
1129,ASIA8048,Disasters and Epidemics in Asia and the Pacific,,Postgraduate,6.0,Online or In Person,2019
1130,ENGN1211,Discovering Engineering,First Semester,Undergraduate,6.0,In Person,2019
1131,EXTN1005A,Discovering Engineering A,Autumn Session,Undergraduate,0.0,In Person,2019
1132,EXTN1005B,Discovering Engineering B,Autumn Session,Undergraduate,6.0,In Person,2019
1133,MATH6005,Discrete Mathematical Models,First Semester,Postgraduate,6.0,In Person,2019
1134,ANUC1005,Discrete Mathematical Models,First Semester/Second Semester,Undergraduate,6.0,In Person,2019
1135,MATH1005,Discrete Mathematical Models,First Semester,Undergraduate,6.0,In Person,2019
1136,NSPO8013,"Disease, Security and Biological Weapons",Winter Session,Postgraduate,6.0,In Person,2019
1137,LAWS8116,Dispute Management,,Postgraduate,6.0,In Person,2019
1138,BIOL1009,Diversity of Life,Second Semester,Undergraduate,6.0,In Person,2019
1139,FINM8018,Doctoral Studies in Asset Pricing,Second Semester,Postgraduate,6.0,In Person,2019
1140,FINM8020,Doctoral Studies in Asset Pricing 2,First Semester,Postgraduate,6.0,In Person,2019
1141,FINM8019,Doctoral Studies in Corporate Finance,Second Semester,Postgraduate,6.0,In Person,2019
1142,FINM8021,Doctoral Studies in Corporate Finance Empirical,First Semester,Postgraduate,6.0,In Person,2019
1143,COMP4650,Document Analysis,Second Semester,Undergraduate,6.0,In Person,2019
1144,COMP6490,Document Analysis,Autumn Session/Second Semester,Postgraduate,6.0,In Person,2019
1145,CRIM6007,Doing Criminology: Research and Practice in Crime and Criminal Justice,Second Semester,Postgraduate,6.0,In Person,2019
1146,CRIM2001,Doing Criminology: Research and Practice in Crime and Criminal Justice,Second Semester,Undergraduate,6.0,In Person,2019
1147,ANTH2067,Doing Ethnography: Practicum on Applied Anthropology,Second Semester,Undergraduate,6.0,In Person,2019
1148,ANTH8059,Doing Ethnography: Research practicum on applied anthropology,Second Semester,Postgraduate,6.0,In Person,2019
1149,ANTH2138,Doing Medical Anthropology,,Undergraduate,6.0,In Person,2019
1150,ANTH6138,Doing Medical Anthropology,,Postgraduate,6.0,In Person,2019
1151,EMDV8081,Domestic Climate Change Policy and Economics,Summer Session,Postgraduate,6.0,Online,2019
1152,ARTV1703,Drawing into Print : Etching and Relief,First Semester,Undergraduate,6.0,In Person,2019
1153,ARTV6703,Drawing into Print: Etching and Relief,First Semester,Postgraduate,6.0,In Person,2019
1154,ARTV6704,Drawing into Print: Screen Printing and Stencils,Second Semester,Postgraduate,6.0,In Person,2019
1155,ARTV1704,Drawing into Print: Screen Printing and Stencils,Second Semester,Undergraduate,6.0,In Person,2019
1156,DESN2004,Dynamic Design and Generative Systems,Second Semester,Undergraduate,6.0,In Person,2019
1157,DESN6004,Dynamic Design and Generative Systems,Second Semester,Postgraduate,6.0,In Person,2019
1158,EMSC6034,"Dynamic Earth: Plates, Plumes and Mantle Convection",,Postgraduate,6.0,In Person,2019
1159,EMSC3034,"Dynamic Earth: Plates, Plumes and Mantle Convection",,Undergraduate,6.0,In Person,2019
1160,ENGN2229,Dynamics and Simulation,Second Semester,Undergraduate,6.0,In Person,2019
1161,BUSI2023,Dynamics of Asian Business,Second Semester,Undergraduate,6.0,In Person,2019
1162,BUSI2022,Dynamics of Business in the Americas,,Undergraduate,6.0,In Person,2019
1163,BUSI2024,Dynamics of Business in the Middle East,First Semester,Undergraduate,6.0,In Person,2019
1164,BUSI2034,Dynamics of European Business,First Semester,Undergraduate,6.0,In Person,2019
1165,MEAS4112,Dynamics of Israeli-Palestinian Conflict,First Semester,Undergraduate,6.0,In Person,2019
1166,MEAS8112,Dynamics of Israeli-Palestinian Conflict,First Semester,Postgraduate,6.0,In Person,2019
1167,MKTG2032,E-Marketing,,Undergraduate,6.0,In Person,2019
1168,EMSC6008,EARTH: The Chemistry and Physics of our Planet,Second Semester,Postgraduate,6.0,In Person,2019
1169,EMSC1008,EARTH: The Chemistry and Physics of our Planet,Second Semester,Undergraduate,6.0,In Person,2019
1170,EMSC8030,Earth Science Research Project,Summer Session/First Semester/Autumn Session/Winter Session/Second Semester,Postgraduate,6.0,In Person,2019
1171,EMSC4005,Earth and Marine Sciences Honours Thesis,First Semester/Second Semester,Undergraduate,3.0,In Person,2019
1172,ENVS3014,Ecological Assessment and Management,Second Semester,Undergraduate,6.0,In Person,2019
1173,ENVS6514,Ecological Assessment and Management,Second Semester,Postgraduate,6.0,In Person,2019
1174,EMDV8012,Ecological Economics and Policy,First Semester,Postgraduate,6.0,In Person,2019
1175,BIOL3109,Ecological and Evolutionary Developmental Biology,First Semester,Undergraduate,6.0,In Person,2019
1176,BIOL6109,Ecological and Evolutionary Developmental Biology,First Semester,Postgraduate,6.0,In Person,2019
1177,BIOL6004,Ecology,First Semester,Postgraduate,6.0,In Person,2019
1178,BIOL2131,Ecology,First Semester,Undergraduate,6.0,In Person,2019
1179,BIOL2191,Ecology of Health and Disease,First Semester,Undergraduate,6.0,In Person,2019
1180,EMET8005,Econometric Methods and Modelling,First Semester/Second Semester,Postgraduate,6.0,In Person,2019
1181,IDEC8017,Econometric Techniques,Second Semester,Postgraduate,6.0,In Person,2019
1182,EMET4007,Econometrics I: Econometric Methods,First Semester,Undergraduate,6.0,In Person,2019
1183,EMET2007,Econometrics I: Econometric Methods,First Semester,Undergraduate,6.0,In Person,2019
1184,EMET6007,Econometrics I: Econometric Methods,First Semester,Postgraduate,6.0,In Person,2019
1185,EMET6008,Econometrics II: Econometric Modelling,Second Semester,Postgraduate,6.0,In Person,2019
1186,EMET3004,Econometrics II: Econometric Modelling,Second Semester,Undergraduate,6.0,In Person,2019
1187,ECON2080,Economic Analysis of the Digital Economy,First Semester,Undergraduate,6.0,In Person,2019
1188,ECON8180,Economic Analysis of the Digital Economy,First Semester,Postgraduate,6.0,In Person,2019
1189,IDEC8022,Economic Development,Second Semester,Postgraduate,6.0,In Person,2019
1190,ECON8075,Economic Evaluation of Health Programs,,Postgraduate,6.0,In Person,2019
1191,EMSC3007,Economic Geology,Second Semester,Undergraduate,6.0,In Person,2019
1192,EMSC6007,Economic Geology,Second Semester,Postgraduate,6.0,In Person,2019
1193,ECON8050,Economic Growth,,Postgraduate,6.0,In Person,2019
1194,ECHI8004,Economic History Research Project,,Postgraduate,6.0,In Person,2019
1195,ECHI8009,Economic History Research Project A,,Postgraduate,12.0,In Person,2019
1196,ECON4403,Economic Policy Issues,Second Semester,Undergraduate,6.0,In Person,2019
1197,ECON8003,Economic Policy Issues,Second Semester,Postgraduate,6.0,In Person,2019
1198,ECON3023,Economic Policy Issues,Second Semester,Undergraduate,6.0,In Person,2019
1199,ECON8036,Economic Seminars for Graduate Program in Economics,,Postgraduate,6.0,In Person,2019
1200,PREP1109,Economics,,Undergraduate,6.0,In Person,2019
1201,ECON3100,Economics 3 (H),Second Semester,Undergraduate,6.0,In Person,2019
1202,ECON4488,Economics Honours Research Essay,First Semester/Second Semester,Undergraduate,6.0,In Person,2019
1203,ECON1100,Economics I (H),Second Semester,Undergraduate,6.0,In Person,2019
1204,ECON2016,Economics II (H),Second Semester,Undergraduate,6.0,In Person,2019
1205,POGO8081,Economics for Government,Second Semester,Postgraduate,6.0,In Person,2019
1206,ENVS2007,Economics for the Environment,First Semester,Undergraduate,6.0,In Person,2019
1207,ECON8074,Economics of Health Insurance and Financing,,Postgraduate,6.0,In Person,2019
1208,ECON4410,Economics of Taxation,,Undergraduate,6.0,In Person,2019
1209,ASIA2067,Economies of Emerging Asia,Second Semester,Undergraduate,6.0,In Person,2019
1210,ASIA3024,"Editor’s practicum: online public engagement, academic blogging and digital disruption",First Semester/Second Semester,Undergraduate,6.0,In Person,2019
1211,CRWF7001,"Editor’s practicum: online public engagement, academic blogging and digital disruption",First Semester/Second Semester,Postgraduate,6.0,In Person,2019
1212,SOCY2021,Education and Society,First Semester,Undergraduate,6.0,In Person,2019
1213,HIST8104,Effective and Ethical Research Design,First Semester,Postgraduate,6.0,In Person,2019
1214,POLS2111,"Elections, Political Behaviour and Public Opinion in Australia",Summer Session,Undergraduate,6.0,In Person,2019
1215,HIST6121,"Electric Citizens: The Rise of the Modern Media in the United States, 1865-2000",,Postgraduate,6.0,In Person,2019
1216,HIST2121,"Electric Citizens: The Rise of the Modern Media in the United States, 1865-2000",,Undergraduate,6.0,In Person,2019
1217,PHYS3055,Electro Optics,,Undergraduate,3.0,In Person,2019
1218,PHYS2016,Electromagnetism,Second Semester,Undergraduate,6.0,In Person,2019
1219,MKTG7037,Electronic Marketing,,Postgraduate,6.0,In Person,2019
1220,ENGN2218,Electronic Systems and Design,First Semester,Undergraduate,6.0,In Person,2019
1221,EMSC8712,Electronics and Data Analysis,,Postgraduate,6.0,In Person,2019
1222,TURK1001,Elementary Turkish A,,Undergraduate,6.0,In Person,2019
1223,TURK6001,Elementary Turkish A,,Postgraduate,6.0,In Person,2019
1224,TURK6002,Elementary Turkish B,,Postgraduate,6.0,In Person,2019
1225,TURK1002,Elementary Turkish B,,Undergraduate,6.0,In Person,2019
1226,ENGN8537,Embedded Systems and Real Time Digital Signal Processing,Second Semester,Postgraduate,6.0,In Person,2019
1227,ANCH2017,Emperors and Madmen: The Early Roman Empire,,Undergraduate,6.0,In Person,2019
1228,ENGL6027,Empire and its Fictions,,Postgraduate,6.0,In Person,2019
1229,ENGL2068,Empire and its Fictions,,Undergraduate,6.0,In Person,2019
1230,HIST1214,Empires in Global History: 1200 to the Present,First Semester,Undergraduate,6.0,In Person,2019
1231,POGO8050,Empirical Political Analysis 2: Political Economy,,Postgraduate,6.0,In Person,2019
1232,IDEC8025,Empirical Public Finance,Second Semester,Postgraduate,6.0,In Person,2019
1233,BUSN8100,Empirical Research in Financial Accounting,First Semester/Second Semester,Postgraduate,6.0,In Person,2019
1234,MGMT7064,Employment Relations,,Postgraduate,6.0,In Person,2019
1235,MGMT2002,Employment Relations,,Undergraduate,6.0,In Person,2019
1236,LEGW8136,Employment and Industrial Practice,Summer Session/Winter Session/Spring Session,Postgraduate,3.0,Online,2019
1237,IDEC8089,Energy Economics,Second Semester,Postgraduate,6.0,In Person,2019
1238,POGO8212,Energy Politics and Governance,,Postgraduate,6.0,In Person,2019
1239,ENGN6516,Energy Resources and Renewable Technologies,Second Semester,Postgraduate,6.0,In Person,2019
1240,ENGN4516,Energy Resources and Renewable Technologies,Second Semester,Undergraduate,6.0,In Person,2019
1241,NSPO8026,Energy and National Security,,Postgraduate,6.0,In Person,2019
1242,MEAS4109,Energy and Security in Central Asia and the Caucasus,Second Semester,Undergraduate,6.0,In Person,2019
1243,MEAS8109,Energy and Security in Central Asia and the Caucasus,Second Semester,Postgraduate,6.0,In Person,2019
1244,ASIA3021,Engaging Asia: Australia and the Asian Century,,Undergraduate,6.0,Online or In Person,2019
1245,ASIA8040,Engaging Asia: Australia and the Asian Century,,Postgraduate,6.0,Online or In Person,2019
1246,ENGN8535,Engineering Data Analytics,First Semester,Postgraduate,6.0,In Person,2019
1247,ENGN2300,Engineering Design 2: Systems Approaches for Design,,Undergraduate,6.0,In Person,2019
1248,ENGN2301,Engineering Design 3: Systems Approaches for Analysis,,Undergraduate,6.0,In Person,2019
1249,ENGN3300,Engineering Design 4A: Systems Approaches for Management,,Undergraduate,6.0,In Person,2019
1250,ENGN3301,Engineering Design 4B: Systems Approaches for Operations,,Undergraduate,6.0,In Person,2019
1251,ENGN3230,Engineering Innovation,Second Semester,Undergraduate,6.0,In Person,2019
1252,ENGN3200,Engineering Internship,Summer Session/First Semester/Autumn Session/Winter Session/Second Semester/Spring Session,Undergraduate,6.0,In Person,2019
1253,ENGN6200,Engineering Internship,Summer Session/Autumn Session/Winter Session/Second Semester/Spring Session,Postgraduate,6.0,In Person,2019
1254,ENGN3221,Engineering Management,First Semester,Undergraduate,6.0,In Person,2019
1255,ENGN3601,Engineering Materials,First Semester,Undergraduate,6.0,In Person,2019
1256,ENGN6601,Engineering Materials,First Semester,Postgraduate,6.0,In Person,2019
1257,ENGN3706,Engineering Research & Development Project,First Semester/Second Semester/Spring Session,Undergraduate,6.0,In Person,2019
1258,ENGN8104,Engineering Research Project,,Postgraduate,12.0,In Person,2019
1259,ENGN3712,Engineering Research and Development Project,First Semester/Second Semester/Spring Session,Undergraduate,6.0,In Person,2019
1260,ENGN4712,Engineering Research and Development Project,First Semester/Second Semester,Undergraduate,6.0,In Person,2019
1261,ENGN2707,Engineering Research and Development Project,Second Semester,Undergraduate,6.0,In Person,2019
1262,ENGN4706,Engineering Research and Development Project,First Semester/Second Semester,Undergraduate,6.0,In Person,2019
1263,ENGN4718,Engineering Research and Development Project,First Semester/Winter Session/Second Semester/Spring Session,Undergraduate,6.0,In Person,2019
1264,ENGN2706,Engineering Research and Development Project (Methods),First Semester,Undergraduate,6.0,In Person,2019
1265,ENGN1215,Engineering Sciences,First Semester,Undergraduate,6.0,In Person,2019
1266,ENGN6410,Engineering Sustainable Systems,Second Semester,Postgraduate,6.0,In Person,2019
1267,ENGN3410,Engineering Sustainable Systems,Second Semester,Undergraduate,6.0,In Person,2019
1268,ENGN2222,Engineering Thermodynamics,Second Semester,Undergraduate,6.0,In Person,2019
1269,ENGN3013,Engineering for a Humanitarian Context,Winter Session/Spring Session,Undergraduate,6.0,In Person,2019
1270,LAWS4209,English in a Legal Context,,Undergraduate,0.0,In Person,2019
1271,HIST6228,Enlightenment Worlds,,Postgraduate,6.0,In Person,2019
1272,HIST2228,Enlightenment Worlds,,Undergraduate,6.0,In Person,2019
1273,ACST4060,Enterprise Risk Management 1,First Semester,Undergraduate,6.0,In Person,2019
1274,ACST8060,Enterprise Risk Management 1,First Semester,Postgraduate,6.0,In Person,2019
1275,ACST4061,Enterprise Risk Management 2,Second Semester,Undergraduate,6.0,In Person,2019
1276,ACST8061,Enterprise Risk Management 2,Second Semester,Postgraduate,6.0,In Person,2019
1277,INFS4004,Enterprise Systems and Business Process Management,First Semester,Undergraduate,6.0,In Person,2019
1278,INFS8004,Enterprise Systems and Strategy,First Semester,Postgraduate,6.0,In Person,2019
1279,INFS3002,Enterprise Systems in Business,Second Semester,Undergraduate,6.0,In Person,2019
1280,MGMT3027,Entrepreneurship and Innovation,Second Semester,Undergraduate,6.0,In Person,2019
1281,MGMT8015,Entrepreneurship and Innovation,First Semester/Second Semester,Postgraduate,6.0,Online or In Person,2019
1282,ARTV6921,Environment Studio: field based research and studio practice in visual arts,First Semester,Postgraduate,6.0,In Person,2019
1283,ARTV2921,Environment Studio: field based research and studio practice in visual arts,First Semester,Undergraduate,6.0,In Person,2019
1284,PASI3013,Environment and Development in the Pacific,First Semester,Undergraduate,6.0,In Person,2019
1285,ENVS4005F,Environment and Society Honours,,Undergraduate,12.0,In Person,2019
1286,ENVS4005P,Environment and Society Honours,,Undergraduate,12.0,In Person,2019
1287,ENVS1001,Environment and Society: Geography of Sustainability,First Semester,Undergraduate,6.0,In Person,2019
1288,ENVS6101,Environment and Society: Geography of Sustainability,First Semester,Postgraduate,6.0,In Person,2019
1289,POLS3033,"Environment, Human Security, and Conflict",Second Semester,Undergraduate,6.0,In Person,2019
1290,EMDV8103,Environmental Assessment,First Semester,Postgraduate,6.0,Online or In Person,2019
1291,LAWS8278,Environmental Dispute Resolution,Winter Session,Postgraduate,6.0,Online or In Person,2019
1292,IDEC8053,Environmental Economics,First Semester,Postgraduate,6.0,In Person,2019
1293,EMDV8104,Environmental Governance,First Semester,Postgraduate,6.0,In Person,2019
1294,LAWS4215,Environmental Law,Winter Session,Undergraduate,6.0,In Person,2019
1295,LAWS8415,Environmental Law,,Postgraduate,6.0,In Person,2019
1296,LAWS4281,Environmental Law Clinic,First Semester/Second Semester,Undergraduate,6.0,In Person,2019
1297,LAWS6281,Environmental Law Clinic,First Semester/Second Semester,Postgraduate,6.0,In Person,2019
1298,LAWS8187,Environmental Litigation,,Postgraduate,6.0,In Person,2019
1299,MATH3133,Environmental Mathematics,Second Semester,Undergraduate,6.0,In Person,2019
1300,ENVS2002,"Environmental Measurement, Modelling and Monitoring",Winter Session,Undergraduate,6.0,In Person,2019
1301,ENVS6202,"Environmental Measurement, Modelling and Monitoring",Winter Session,Postgraduate,6.0,In Person,2019
1302,MATH6102,Environmental Modelling and Integrated Assessment,Second Semester,Postgraduate,6.0,In Person,2019
1303,ENVS3028,Environmental Policy,First Semester,Undergraduate,6.0,In Person,2019
1304,ENVS6528,Environmental Policy,First Semester,Postgraduate,6.0,In Person,2019
1305,EMDV8007,Environmental Policy and Communications,Second Semester,Postgraduate,6.0,In Person,2019
1306,LAWS8010,Environmental Protection and Human Rights,,Postgraduate,6.0,In Person,2019
1307,LAWS8111,Environmental Regulation,,Postgraduate,6.0,In Person,2019
1308,ENVS2018,Environmental Science Field School,Winter Session,Undergraduate,6.0,In Person,2019
1309,ENVS6218,Environmental Science Field School,Winter Session,Postgraduate,6.0,In Person,2019
1310,SOCY2022,Environmental Sociology,,Undergraduate,6.0,In Person,2019
1311,SOCY6062,Environmental Sociology,,Postgraduate,6.0,In Person,2019
1312,EMDV8001,"Environmental Sustainability, Health and Development",,Postgraduate,6.0,In Person,2019
1313,LAWS8145,Environmental and Risk Assessment Law,,Postgraduate,6.0,In Person,2019
1314,LAWS8707,Equity & Trusts & Corporations Law A,Autumn Session,Postgraduate,8.0,Online,2019
1315,LAWS8708,Equity & Trusts & Corporations Law B,Summer Session/Autumn Session,Postgraduate,8.0,Online,2019
1316,LAWS2205,Equity and Trusts,Second Semester,Undergraduate,6.0,In Person,2019
1317,LAWS6205,Equity and Trusts,Second Semester,Postgraduate,6.0,Online or In Person,2019
1318,ESEN1101,Essential University English,First Semester/Second Semester,Undergraduate,6.0,In Person,2019
1319,ENVS3015,Essentials of Environmental Law,Winter Session,Undergraduate,6.0,Online or In Person,2019
1320,ENVS6315,Essentials of Environmental Law,Winter Session,Postgraduate,6.0,Online or In Person,2019
1321,LAWS8322,Estate Planning: Issues and Strategies,Autumn Session,Postgraduate,6.0,Online,2019
1322,NSPO8008,Ethical Challenges for National Security,,Postgraduate,6.0,In Person,2019
1323,PSYC8512,Ethics and Professional Practice,,Postgraduate,6.0,In Person,2019
1324,NSPO8014,Ethics and Technologies of War,Autumn Session,Postgraduate,6.0,In Person,2019
1325,INTR8053,Ethics of Peace and War,First Semester,Postgraduate,6.0,In Person,2019
1326,INTR8040,Ethnicity and Conflict in Asia and the Pacific,Second Semester,Postgraduate,6.0,In Person,2019
1327,POLS4020,Ethnicity and Conflict in Asia and the Pacific,Second Semester,Undergraduate,6.0,In Person,2019
1328,LAWS8579,Ethno-Political Conflicts and International Law,,Postgraduate,6.0,In Person,2019
1329,HIST6205,"Europe and the Atlantic World, c.1492–1776.",,Postgraduate,6.0,In Person,2019
1330,HIST2205,"Europe and the Atlantic World, c.1492–1776.",,Undergraduate,6.0,In Person,2019
1331,EURO1004,Europe in the Modern Era,Second Semester,Undergraduate,6.0,In Person,2019
1332,ARCH6058,European Prehistory from Cultivation to the Celts,,Postgraduate,6.0,In Person,2019
1333,ARCH2058,European prehistory from cultivation to the Celts,,Undergraduate,6.0,In Person,2019
1334,LAWS6207,Evidence,Second Semester,Postgraduate,6.0,Online or In Person,2019
1335,LAWS2207,Evidence,Second Semester,Undergraduate,6.0,In Person,2019
1336,MEDI8114,Evidence Based Practice: Translational Medicine in Clinical Settings,,Postgraduate,6.0,In Person,2019
1337,POGO8500,Evidence and Analysis in Public Policy,First Semester,Postgraduate,6.0,In Person,2019
1338,PSYC8520,Evidence in Professional Psychology,,Postgraduate,6.0,In Person,2019
1339,MGMT7250,Evidence-Based Management,First Semester/Autumn Session/Winter Session/Second Semester,Postgraduate,6.0,Online or In Person,2019
1340,BIOL2114,Evolution,Second Semester,Undergraduate,6.0,In Person,2019
1341,BIOL6114,Evolution,Second Semester,Postgraduate,6.0,In Person,2019
1342,BIAN3124,Evolution and Human Behaviour,First Semester,Undergraduate,6.0,In Person,2019
1343,BIAN6124,Evolution and Human Behaviour,First Semester,Postgraduate,6.0,In Person,2019
1344,BIOL6631,Evolutionary and Behavioural Ecology,First Semester,Postgraduate,6.0,In Person,2019
1345,BIOL3131,Evolutionary and Behavioural Ecology,First Semester,Undergraduate,6.0,In Person,2019
1346,GEND2036,Excessive Appetites: Sociocultural Perspectives on Addiction and Drug Use,,Undergraduate,6.0,In Person,2019
1347,SOCY2026,Excessive Appetites: Sociocultural Perspectives on Addiction and Drug Use,,Undergraduate,6.0,In Person,2019
1348,SOCY6065,Excessive Appetites: Sociocultural Perspectives on Addiction and Drug Use,,Postgraduate,6.0,In Person,2019
1349,CBEA5922,ExchExchange Program ANU College of Business and Economics - Band 3,First Semester/Second Semester,Postgraduate,6.0,In Person,2019
1350,CBEA5920,Exchange Program ANU College of Business and Economics - Band 2,Summer Session/First Semester/Autumn Session/Winter Session/Second Semester/Spring Session,Postgraduate,6.0,In Person,2019
1351,CBEA8820,Exchange Program for  ANU College of Business and Economics (PG),First Semester/Second Semester,Postgraduate,6.0,In Person,2019
1352,ARTS5920,Exchange Program for Arts Students,Summer Session/First Semester/Autumn Session/Winter Session/Second Semester/Spring Session,Undergraduate,6.0,In Person,2019
1353,ARTS8820,Exchange Program for Graduate Arts Students,First Semester/Second Semester,Postgraduate,6.0,In Person,2019
1354,LAWS8820,Exchange Program for Graduate Law Students,First Semester/Second Semester,Postgraduate,6.0,In Person,2019
1355,SCNC8820,Exchange Program for Graduate Science Students,Summer Session/First Semester/Autumn Session/Winter Session/Second Semester/Spring Session,Postgraduate,6.0,In Person,2019
1356,COMP8820,Exchange Program for Graduate Students in Computer Science,First Semester/Second Semester,Postgraduate,6.0,In Person,2019
1357,ENGN8820,Exchange Program for Graduate Students in Engineering,,Postgraduate,6.0,In Person,2019
1358,LAWS5920,Exchange Program for Law Students,First Semester/Second Semester,Undergraduate,6.0,In Person,2019
1359,SCNC5921,Exchange Program for Science Students (Band 1),First Semester/Second Semester,Undergraduate,6.0,In Person,2019
1360,SCNC5920,Exchange Program for Science Students (Band 2),First Semester/Winter Session/Second Semester,Undergraduate,6.0,In Person,2019
1361,COMP5920,Exchange Program in Computer Science,First Semester/Winter Session/Second Semester/Spring Session,Undergraduate,6.0,In Person,2019
1362,ENGN5920,Exchange Program in Engineering,First Semester/Winter Session/Second Semester/Spring Session,Undergraduate,6.0,In Person,2019
1363,CBEA5921,Exchange – ANU College of Business and Economics _ Bachelor of Social Sciences (Honours),First Semester/Second Semester,Postgraduate,6.0,In Person,2019
1364,LAWS8241,Executive Power,Spring Session,Postgraduate,6.0,In Person,2019
1365,DESN4012,Exegesis,,Undergraduate,6.0,In Person,2019
1366,MUSC8018,Exhibition Design and Delivery,Second Semester,Postgraduate,6.0,Online or In Person,2019
1367,BUSI3065,Experience in Asia Project,,Undergraduate,6.0,In Person,2019
1368,BIOL6202,Experimental Design and Analysis in Biology,Second Semester,Postgraduate,6.0,In Person,2019
1369,BIOL2202,Experimental Design and Analysis in Biology,Second Semester,Undergraduate,6.0,In Person,2019
1370,HIST2231,Exploration: Columbus to the Moon,,Undergraduate,6.0,In Person,2019
1371,HIST6235,Exploration: Columbus to the Moon,,Postgraduate,6.0,In Person,2019
1372,BIOL2222,Exquisite Corpse - Insight Into The Human Body,Winter Session,Undergraduate,6.0,In Person,2019
1373,DESN8003,Extended Design Inquiry: Application of Research,First Semester/Second Semester,Postgraduate,18.0,In Person,2019
1374,ESEN6101,Extended University English,First Semester/Second Semester,Postgraduate,6.0,In Person,2019
1375,PREP1138,Extension Mathematics: Complex Numbers and General Sequences and Series,Spring Session,Undergraduate,6.0,In Person,2019
1376,PREP1137,Extension Mathematics: Linear Algebra and Further Calculus,Autumn Session,Undergraduate,6.0,In Person,2019
1377,LAWS4217,Family Law,Summer Session,Undergraduate,6.0,In Person,2019
1378,LAWS6217,Family Law,,Postgraduate,6.0,In Person,2019
1379,LAWS8417,Family Law,,Postgraduate,6.0,In Person,2019
1380,LAWS8591,Family Law (Children),First Semester,Postgraduate,6.0,Online,2019
1381,LAWS8580,Family Law (Property),,Postgraduate,6.0,Online,2019
1382,LEGW8107,Family Law Practice,Autumn Session/Spring Session,Postgraduate,3.0,Online,2019
1383,LAWS4261,Federal Criminal Law,,Undergraduate,6.0,In Person,2019
1384,LAWS8310,Federal Criminal Law,,Postgraduate,6.0,In Person,2019
1385,LAWS8313,Federal Criminal Procedure and Evidence,,Postgraduate,6.0,In Person,2019
1386,LAWS4275,Federal Judicial System,,Undergraduate,6.0,In Person,2019
1387,LAWS8143,Federal Litigation,First Semester,Postgraduate,6.0,Online,2019
1388,LAWS4218,Feminist and Critical Legal Theory,,Undergraduate,6.0,In Person,2019
1389,PHYS3060,Fibre Optic Communication Systems,First Semester,Undergraduate,6.0,In Person,2019
1390,PHYS6501,Fibre Optic Communication Systems,First Semester,Postgraduate,6.0,In Person,2019
1391,ENGN6513,Fibre Optics Communication Systems,First Semester,Postgraduate,6.0,In Person,2019
1392,ENGN4513,Fibre Optics Communications Systems,First Semester,Undergraduate,6.0,In Person,2019
1393,EMSC3001,Field Geology,Winter Session,Undergraduate,6.0,In Person,2019
1394,EMSC6001,Field Geology,Winter Session,Postgraduate,6.0,In Person,2019
1395,LING3012,Field Methods in Linguistics,Winter Session,Undergraduate,6.0,In Person,2019
1396,LING6009,Field Methods in Linguistics,Winter Session,Postgraduate,6.0,Online or In Person,2019
1397,POPH8311,Field Placement,,Postgraduate,6.0,In Person,2019
1398,BIOL3132,Field Studies in Behavioural Ecology,,Undergraduate,6.0,In Person,2019
1399,BIOL6010,Field Studies in Behavioural Ecology,,Postgraduate,6.0,In Person,2019
1400,BIOL2203,Field Studies in Functional Ecology,Winter Session,Undergraduate,6.0,In Person,2019
1401,SCOM8004A,Fieldwork Placement (Part A),First Semester,Postgraduate,12.0,In Person,2019
1402,SCOM8004B,Fieldwork Placement (Part B),Second Semester,Postgraduate,12.0,In Person,2019
1403,ANTH9902,Fieldwork in the Pacific,,Postgraduate,6.0,In Person,2019
1404,ARTV1020,Figure & Life,First Semester/Second Semester,Undergraduate,6.0,In Person,2019
1405,ANUC1123,Figure & Life,First Semester/Second Semester,Undergraduate,6.0,In Person,2019
1406,HONS4601,Final Honours Grade,First Semester/Second Semester,Undergraduate,0.0,In Person,2019
1407,HONS4100,Final Honours Grade,First Semester/Second Semester,Undergraduate,0.0,In Person,2019
1408,HONS4602,Final Honours Grade,First Semester/Second Semester,Undergraduate,0.0,In Person,2019
1409,FINM4500,Finance Honours Thesis,First Semester/Second Semester,Undergraduate,6.0,In Person,2019
1410,FINM7046,Finance for Business,First Semester,Postgraduate,6.0,In Person,2019
1411,ECON4437,Financial Economics,First Semester,Undergraduate,6.0,In Person,2019
1412,ECON8037,Financial Economics,First Semester,Postgraduate,6.0,In Person,2019
1413,ECON3016,Financial Economics(H),First Semester,Undergraduate,6.0,In Person,2019
1414,ECON3006,Financial Economics(P),First Semester,Undergraduate,6.0,In Person,2019
1415,FINM3006,Financial Intermediation and Debt Markets,First Semester,Undergraduate,6.0,In Person,2019
1416,IDEC8083,Financial Markets and Instruments,Second Semester,Postgraduate,6.0,In Person,2019
1417,LAWS8437,Financial Markets and Takeovers,Second Semester,Postgraduate,6.0,In Person,2019
1418,LAWS4237,Financial Markets and Takeovers,Second Semester,Undergraduate,6.0,In Person,2019
1419,STAT2032,Financial Mathematics,First Semester/Second Semester,Undergraduate,6.0,In Person,2019
1420,STAT6046,Financial Mathematics,First Semester/Second Semester,Postgraduate,6.0,In Person,2019
1421,BUSN3008,Financial Reporting By Corporations,First Semester,Undergraduate,6.0,In Person,2019
1422,BUSN8181,Financial Reporting and Analysis,First Semester,Postgraduate,6.0,In Person,2019
1423,MKTG7003,Financial Services Marketing,,Postgraduate,6.0,In Person,2019
1424,BUSN2036,Financial Statement Analysis,First Semester,Undergraduate,6.0,In Person,2019
1425,BUSN7036,Financial Statement Analysis,First Semester,Postgraduate,6.0,In Person,2019
1426,BUSN7008,Financial Statements and Reporting,First Semester/Second Semester,Postgraduate,6.0,In Person,2019
1427,ENGN6615,Finite Element Analysis,Second Semester,Postgraduate,6.0,In Person,2019
1428,ENGN4615,Finite Element Analysis,Second Semester,Undergraduate,6.0,In Person,2019
1429,ENVS6308,Fire in the Environment,Summer Session,Postgraduate,6.0,In Person,2019
1430,ENVS3008,Fire in the Environment,Summer Session,Undergraduate,6.0,In Person,2019
1431,ENGN3224,Fluid Mechanics and Heat Transfer,First Semester,Undergraduate,6.0,In Person,2019
1432,ENGN6224,Fluid Mechanics and Heat Transfer,First Semester,Postgraduate,6.0,In Person,2019
1433,PHYS3202,Fluids and Plasma,Second Semester,Undergraduate,6.0,In Person,2019
1434,EMDV8082,Food Wars: Food Security and Agricultural Policy,Second Semester,Postgraduate,6.0,Online or In Person,2019
1435,ANTH2132,Food for Thought: Anthropological theories of food and eating,,Undergraduate,6.0,In Person,2019
1436,ANTH6518,Food for Thought: Anthropological theories of food and eating,,Postgraduate,6.0,In Person,2019
1437,POGO8015,Foreign Direct Investment Policy,Second Semester,Postgraduate,6.0,In Person,2019
1438,INTR8068,Foreign Policy Analysis,Second Semester,Postgraduate,6.0,In Person,2019
1439,POLS3001,Foreign Policy Analysis,First Semester,Undergraduate,6.0,In Person,2019
1440,BIAN6515,Forensic Anthropology and Archaeology,Second Semester,Postgraduate,6.0,In Person,2019
1441,BIAN2128,Forensic Anthropology and Archaeology,Second Semester,Undergraduate,6.0,In Person,2019
1442,LING3032,Forensic Linguistics: Forensic Voice and Text Comparison,First Semester,Undergraduate,6.0,Online or In Person,2019
1443,LING6032,Forensic Linguistics: Forensic Voice and Text Comparison,First Semester,Postgraduate,6.0,In Person,2019
1444,LING6105,Forensic Linguistics: Language and the Law,,Postgraduate,6.0,In Person,2019
1445,LING2105,Forensic Linguistics: Language and the Law,,Undergraduate,6.0,In Person,2019
1446,ENVS4055F,Forest Sciences IV Honours,,Undergraduate,12.0,In Person,2019
1447,ENVS4055P,Forest Sciences IV Honours,,Undergraduate,12.0,In Person,2019
1448,ENVS8105,Forestry Research Essay,First Semester/Second Semester,Postgraduate,6.0,In Person,2019
1449,DESN2005,Form and Fabrication in Context,,Undergraduate,6.0,In Person,2019
1450,DESN6005,Form and Fabrication in Context,,Postgraduate,6.0,In Person,2019
1451,POGO8401,Foundations in Public Policy,First Semester,Postgraduate,6.0,In Person,2019
1452,EMSC8024,Foundations of Analytical Techniques and Data Science,First Semester,Postgraduate,6.0,In Person,2019
1453,EMSC4020,Foundations of Analytical Techniques and Data Science,First Semester,Undergraduate,6.0,In Person,2019
1454,ASTR2013,Foundations of Astrophysics,Second Semester,Undergraduate,6.0,In Person,2019
1455,LAWS6101,Foundations of Australian Law,First Semester/Second Semester,Postgraduate,6.0,Online or In Person,2019
1456,LAWS1201,Foundations of Australian Law,First Semester/Second Semester,Undergraduate,6.0,In Person,2019
1457,LAWS8714,Foundations of Australian Law - Completion Course,Summer Session/Winter Session,Postgraduate,6.0,Online,2019
1458,ASIA2366,Foundations of Chinese Culture,Second Semester,Undergraduate,6.0,In Person,2019
1459,ASIA2099,"Foundations of Chinese Society: Friends, Family, Connections",First Semester,Undergraduate,6.0,In Person,2019
1460,ASIA8012,"Foundations of Chinese Society: Friends, Family, Connections",First Semester,Postgraduate,6.0,In Person,2019
1461,COMP1600,Foundations of Computing,Second Semester,Undergraduate,6.0,In Person,2019
1462,COMP6260,Foundations of Computing,Second Semester,Postgraduate,6.0,In Person,2019
1463,DESN2002,Foundations of Creative Code,First Semester,Undergraduate,6.0,In Person,2019
1464,DESN6002,Foundations of Creative Code,First Semester,Postgraduate,6.0,In Person,2019
1465,ENGL2083,Foundations of Drama,,Undergraduate,6.0,In Person,2019
1466,EMET1001,Foundations of Economic and Financial Models,First Semester/Second Semester,Undergraduate,6.0,In Person,2019
1467,LAWS8581,Foundations of Family Law and Practice,Second Semester,Postgraduate,6.0,Online,2019
1468,FINM1001,Foundations of Finance,First Semester/Second Semester,Undergraduate,6.0,In Person,2019
1469,MGMT7030,Foundations of Management,,Postgraduate,6.0,Online or In Person,2019
1470,BUSN8110,Foundations of Management Accounting Research,,Postgraduate,6.0,In Person,2019
1471,MATH6203,Foundations of Mathematics,First Semester,Postgraduate,6.0,In Person,2019
1472,NSPO8011,Foundations of National Security,First Semester,Postgraduate,6.0,In Person,2019
1473,CHEM2212,Foundations of Physical Chemistry,First Semester,Undergraduate,6.0,In Person,2019
1474,PHYS1001,Foundations of Physics,First Semester,Undergraduate,6.0,In Person,2019
1475,POLS2120,Foundations of Political Theory,,Undergraduate,6.0,In Person,2019
1476,PSYC8410,Foundations of Professional Psychology,,Postgraduate,6.0,In Person,2019
1477,SOCR1001,Foundations of Social Research,Second Semester,Undergraduate,6.0,In Person,2019
1478,PHYS3035,Fourier Systems and Optics,,Undergraduate,6.0,In Person,2019
1479,MATH3062,Fractal Geometry and Chaotic Dynamics,First Semester,Undergraduate,6.0,In Person,2019
1480,MATH6116,Fractal Geometry and Chaotic Dynamics,First Semester,Postgraduate,6.0,In Person,2019
1481,ARCH8103,Frameworks for Archaeological Science,First Semester,Postgraduate,6.0,Online or In Person,2019
1482,ARCH4004,Frameworks for Archaeological Science,First Semester,Undergraduate,6.0,Online or In Person,2019
1483,COMP8440,Free and Open Source Software Development,,Postgraduate,6.0,In Person,2019
1484,LAWS8243,Freedom of Information and Privacy,,Postgraduate,6.0,In Person,2019
1485,ASIA2113,From Australia to the world: Landscapes of politics and power,,Undergraduate,6.0,In Person,2019
1486,ARCH1112,From Origins to Civilizations,Second Semester,Undergraduate,6.0,In Person,2019
1487,DESN2006,Front-End Web: Crafting Online Experience,Second Semester,Undergraduate,6.0,In Person,2019
1488,DESN6006,Front-End Web: Crafting Online Experience,Second Semester,Postgraduate,6.0,In Person,2019
1489,PHIL1004,Fundamental Ideas in Philosophy: An Introduction,First Semester,Undergraduate,6.0,In Person,2019
1490,LAWS8651,Fundamentals of Australian Migration Law,First Semester/Second Semester,Postgraduate,6.0,Online,2019
1491,EMSC6021,Fundamentals of Climate System Science,Second Semester,Postgraduate,6.0,In Person,2019
1492,EMSC2021,Fundamentals of Climate System Science,Second Semester,Undergraduate,6.0,In Person,2019
1493,CRIM2012,Fundamentals of Cyber Security: Responding to crime in the digital age,,Undergraduate,6.0,In Person,2019
1494,CRIM6012,Fundamentals of Cyber Security: Responding to crime in the digital age,,Postgraduate,6.0,In Person,2019
1495,LAWS8189,Fundamentals of Environmental and Sustainability Law,Summer Session,Postgraduate,6.0,Online or In Person,2019
1496,POPH4100,Fundamentals of Epidemiology,First Semester/Second Semester,Undergraduate,6.0,Online or In Person,2019
1497,POPH8100,Fundamentals of Epidemiology,First Semester/Second Semester,Postgraduate,6.0,Online or In Person,2019
1498,EMSC2023,Fundamentals of Geology,First Semester,Undergraduate,6.0,In Person,2019
1499,EMSC6123,Fundamentals of Geology,First Semester,Postgraduate,6.0,In Person,2019
1500,PHYS6711,Fundamentals of Noise and Measurement,First Semester,Postgraduate,6.0,In Person,2019
1501,PHYS3711,Fundamentals of Noise and Measurement,First Semester,Undergraduate,6.0,In Person,2019
1502,PHYS8204,Fundamentals of Nuclear Radiation,First Semester,Postgraduate,6.0,In Person,2019
1503,PHYS8201,Fundamentals of Nuclear Science,First Semester,Postgraduate,6.0,In Person,2019
1504,ASIA4001,"Fundamentals of Research Design in Asia-Pacific Culture, History and Languages",First Semester,Undergraduate,12.0,In Person,2019
1505,STST4001,Fundamentals of Research Design in Security Studies,First Semester,Undergraduate,12.0,In Person,2019
1506,CECS6001,Fundamentals of a New Applied Science I,First Semester,Postgraduate,12.0,In Person,2019
1507,CECS6002,Fundamentals of a New Applied Science II,Second Semester,Postgraduate,12.0,In Person,2019
1508,DESA2208,Furniture Design: Cabinet Design and Construction,Second Semester,Undergraduate,6.0,In Person,2019
1509,DESA2207,Furniture Design: Complex Linear Structures,,Undergraduate,6.0,In Person,2019
1510,DESA2209,Furniture Design: Containers,First Semester,Undergraduate,6.0,In Person,2019
1511,DESA2206,Furniture Design: Curved Componentry,,Undergraduate,6.0,In Person,2019
1512,ARTV2206,Furniture: Bend/Curve,,Undergraduate,6.0,In Person,2019
1513,ARTV2209,Furniture: Collect/Treasure,First Semester,Undergraduate,6.0,In Person,2019
1514,ARTV2208,Furniture: Contain/Display,Second Semester,Undergraduate,6.0,In Person,2019
1515,ARTV1202,Furniture: Elevate/Surface,Second Semester,Undergraduate,6.0,In Person,2019
1516,ARTV1201,Furniture: Shape/Structure,First Semester,Undergraduate,6.0,In Person,2019
1517,ARTV2207,Furniture: Support/Body,,Undergraduate,6.0,In Person,2019
1518,ENVS6015,GIS and Spatial Analysis,Second Semester,Postgraduate,6.0,In Person,2019
1519,ENVS2015,GIS and Spatial Analysis,Second Semester,Undergraduate,6.0,In Person,2019
1520,ASTR4006,Galaxies,,Undergraduate,6.0,In Person,2019
1521,ASTR8006,Galaxies,,Postgraduate,6.0,In Person,2019
1522,ASTR6002,Galaxies and Cosmology,Second Semester,Postgraduate,6.0,In Person,2019
1523,ASTR3002,Galaxies and Cosmology,Second Semester,Undergraduate,6.0,In Person,2019
1524,MEAS3001,Gallipoli: History and National Imagination,,Undergraduate,6.0,In Person,2019
1525,ECON4453,Game Theory,Second Semester,Undergraduate,6.0,In Person,2019
1526,ECON8053,Game Theory,Second Semester,Postgraduate,6.0,In Person,2019
1527,ECON3152,Game Theory,Second Semester,Undergraduate,6.0,In Person,2019
1528,ECON3153,Game Theory (H),Second Semester,Undergraduate,6.0,In Person,2019
1529,POLS2125,Game Theory and Social Sciences,,Undergraduate,6.0,In Person,2019
1530,MATH2301,"Games, Graphs and Machines",Second Semester,Undergraduate,6.0,In Person,2019
1531,INDG6003,Gamilaraay - introduction to an Australian Indigenous Language,Summer Session/First Semester,Postgraduate,6.0,Online or In Person,2019
1532,INDG2003,Gamilaraay - introduction to an Australian Indigenous Language,Summer Session/First Semester,Undergraduate,6.0,Online or In Person,2019
1533,ANTH8038,Gender & Development: Critical Issues in Policy & Practice,Second Semester,Postgraduate,6.0,Online or In Person,2019
1534,ASIA2311,Gender and Cultural Studies in Asia and the Pacific,Second Semester,Undergraduate,6.0,In Person,2019
1535,GEND2001,Gender and Cultural Studies in Asia and the Pacific,Second Semester,Undergraduate,6.0,In Person,2019
1536,GEND3022,Gender and Culture in Iran and the Middle East,Second Semester,Undergraduate,6.0,In Person,2019
1537,MEAS3002,Gender and Culture in Iran and the Middle East,Second Semester,Undergraduate,6.0,In Person,2019
1538,POLS2134,Gender and Politics,Second Semester,Undergraduate,6.0,In Person,2019
1539,DEMO8048,Gender and Population,Second Semester,Postgraduate,6.0,In Person,2019
1540,PASI8008,Gender and Sexuality in the Pacific,Winter Session,Postgraduate,6.0,In Person,2019
1541,GEND3002,Gender and Sexuality in the Pacific,Winter Session,Undergraduate,6.0,In Person,2019
1542,PASI3002,Gender and Sexuality in the Pacific,Winter Session,Undergraduate,6.0,In Person,2019
1543,GEND2035,Gender in Cross-Cultural Perspective,First Semester,Undergraduate,6.0,In Person,2019
1544,ANTH2025,Gender in Cross-Cultural Perspective,First Semester,Undergraduate,6.0,In Person,2019
1545,ANTH6025,Gender in Cross-Cultural Perspective,First Semester,Postgraduate,6.0,In Person,2019
1546,GERM6511,Gender in German Culture: From Goethe to Trans*,,Postgraduate,6.0,In Person,2019
1547,GERM3050,Gender in German Culture: From Goethe to Trans*,,Undergraduate,6.0,In Person,2019
1548,ASIA2006,Gender in Korean History,,Undergraduate,6.0,In Person,2019
1549,ASIA6106,Gender in Korean History,,Postgraduate,6.0,In Person,2019
1550,GEND2002,Gender in Korean History,,Undergraduate,6.0,In Person,2019
1551,ANTH8060,Gender in Resource and Environmental Management,Winter Session,Postgraduate,6.0,Online or In Person,2019
1552,LAWS8329,"Gender, Law and Development",Autumn Session,Postgraduate,6.0,In Person,2019
1553,GEND2023,"Gender, Sex and Sexuality: An Introduction to Feminist Theory",Second Semester,Undergraduate,6.0,In Person,2019
1554,ANTH8106,"Gender, Violence and Development",,Postgraduate,6.0,Online or In Person,2019
1555,INTR8064,"Gender, War, and Justice in South and Southeast Asia",,Postgraduate,6.0,In Person,2019
1556,BIOL2142,General Microbiology,Second Semester,Undergraduate,6.0,In Person,2019
1557,BIOL6142,General Microbiology,Second Semester,Postgraduate,6.0,In Person,2019
1558,PHYS3203,General Relativity,Second Semester,Undergraduate,6.0,In Person,2019
1559,STAT3015,Generalised Linear Modelling,Second Semester,Undergraduate,6.0,In Person,2019
1560,STAT4030,Generalised Linear Modelling,Second Semester,Undergraduate,6.0,In Person,2019
1561,STAT7030,Generalised Linear Models,Second Semester,Postgraduate,6.0,In Person,2019
1562,BIOL6161,Genes: Replication and Expression,First Semester,Postgraduate,6.0,In Person,2019
1563,BIOL2161,Genes: Replication and Expression,First Semester,Undergraduate,6.0,In Person,2019
1564,BIOL6006,Genetics,First Semester,Postgraduate,6.0,In Person,2019
1565,BIOL2151,Genetics,First Semester,Undergraduate,6.0,In Person,2019
1566,BIOL6204,Genetics of Human Disease 1,First Semester,Postgraduate,6.0,In Person,2019
1567,BIOL3204,Genetics of Human Disease 1,First Semester,Undergraduate,6.0,In Person,2019
1568,BIOL3205,Genetics of Human Disease 2,Second Semester,Undergraduate,6.0,In Person,2019
1569,BIOL6205,Genetics of Human Disease 2,Second Semester,Postgraduate,6.0,In Person,2019
1570,POLS2100,Genocide in the Modern World,,Undergraduate,6.0,In Person,2019
1571,BIOL8020,Genomics & Biotechnology,,Postgraduate,6.0,In Person,2019
1572,BIOL6163,Genomics and its Applications,First Semester,Postgraduate,6.0,In Person,2019
1573,BIOL3161,Genomics and its Applications,First Semester,Undergraduate,6.0,In Person,2019
1574,EMSC6019,Geobiology and Evolution of Life on Earth,First Semester,Postgraduate,6.0,In Person,2019
1575,EMSC3020,Geobiology and Evolution of Life on Earth,First Semester,Undergraduate,6.0,In Person,2019
1576,EMSC2024,Geochemistry,Second Semester,Undergraduate,6.0,In Person,2019
1577,EMSC6124,Geochemistry,Second Semester,Postgraduate,6.0,In Person,2019
1578,ENVS4015F,Geography IV Honours (S),,Undergraduate,12.0,In Person,2019
1579,ENVS4015P,Geography IV Honours (S),,Undergraduate,12.0,In Person,2019
1580,EMSC6801,Geology Research Project,,Postgraduate,3.0,In Person,2019
1581,EMSC8701,Geology Research Project,,Postgraduate,6.0,In Person,2019
1582,EMSC6805,Geology Special Topic,,Postgraduate,3.0,In Person,2019
1583,EMSC8705,Geology Special Topic,,Postgraduate,6.0,In Person,2019
1584,MEAS4114,Geopolitics of Central Asia,,Undergraduate,6.0,In Person,2019
1585,MEAS8114,Geopolitics of Central Asia,,Postgraduate,6.0,In Person,2019
1586,SCRN2113,"German Film Since the Wall: Identity, History and Belonging",,Undergraduate,6.0,In Person,2019
1587,SCRN6113,"German Film Since the Wall: Identity, History and Belonging",,Postgraduate,6.0,In Person,2019
1588,GERM2113,"German Film Since the Wall: Identity, History and Belonging",,Undergraduate,6.0,In Person,2019
1589,GERM6513,"German Film Since the Wall: Identity, History and Belonging",,Postgraduate,6.0,In Person,2019
1590,GERM3051,German Literature and Culture Today,,Undergraduate,6.0,In Person,2019
1591,GERM6051,German Literature and Culture Today,,Postgraduate,6.0,In Person,2019
1592,GERM6507,German Studies - Advanced 1,First Semester,Postgraduate,6.0,In Person,2019
1593,GERM6503,German Studies Continuing I,First Semester,Postgraduate,6.0,In Person,2019
1594,GERM6504,German Studies Continuing II,Second Semester,Postgraduate,6.0,In Person,2019
1595,GERM6505,German Studies Intermediate I,First Semester,Postgraduate,6.0,In Person,2019
1596,GERM6506,German Studies Intermediate II,Second Semester,Postgraduate,6.0,In Person,2019
1597,GERM6501,German Studies Introduction I,First Semester,Postgraduate,6.0,In Person,2019
1598,GERM6502,German Studies Introduction II,Second Semester,Postgraduate,6.0,In Person,2019
1599,GERM3007,German Studies: Advanced German 1,First Semester,Undergraduate,6.0,In Person,2019
1600,GERM3008,German Studies: Advanced German 2,Second Semester,Undergraduate,6.0,In Person,2019
1601,GERM6508,German Studies: Advanced German 2,Second Semester,Postgraduate,6.0,In Person,2019
1602,GERM2103,German Studies: Continuing German 1,First Semester,Undergraduate,6.0,In Person,2019
1603,GERM2104,German Studies: Continuing German 2,Second Semester,Undergraduate,6.0,In Person,2019
1604,GERM2105,German Studies: Intermediate German 1,First Semester,Undergraduate,6.0,In Person,2019
1605,GERM3106,German Studies: Intermediate German 2,Second Semester,Undergraduate,6.0,In Person,2019
1606,GERM1021,German Studies: Introduction to German 1,First Semester,Undergraduate,6.0,In Person,2019
1607,GERM1022,German Studies: Introduction to German 2,Second Semester,Undergraduate,6.0,In Person,2019
1608,ARTV2314,Glass Blowing for Contemporary Practice: Materiality and Form,First Semester,Undergraduate,6.0,In Person,2019
1609,ARTV2316,Glass Blowing for Contemporary Practice: Utility and Narrative,,Undergraduate,6.0,In Person,2019
1610,DESA2309,Glass Design: Advanced Hot glass and Cold Working Process for Design Application,,Undergraduate,6.0,In Person,2019
1611,ARTV1301,Glass Hot Forming Introduction: Fundamentals for Contemporary Practice,Second Semester,Undergraduate,6.0,In Person,2019
1612,ARTV2313,Glass Kiln Casting for Contemporary Practice,Second Semester,Undergraduate,6.0,In Person,2019
1613,ARTV1302,Glass Kiln Forming Introduction: Fundamentals for Contemporary Practice,First Semester,Undergraduate,6.0,In Person,2019
1614,ARTV2315,Glass Kiln Forming for Contemporary Practice,,Undergraduate,6.0,In Person,2019
1615,HIST2241,Global Aboriginal and Native Histories,,Undergraduate,6.0,In Person,2019
1616,CBEA3066,Global Business Immersion,First Semester/Autumn Session/Winter Session/Spring Session,Undergraduate,6.0,In Person,2019
1617,ANTH6003,"Global Citizen: Culture, Development and Inequality",Second Semester,Postgraduate,6.0,In Person,2019
1618,ANTH1003,"Global Citizen: Culture, Development and Inequality",Second Semester,Undergraduate,6.0,In Person,2019
1619,ANUC1103,"Global Citizen: Culture, Development and Inequality",Second Semester,Undergraduate,6.0,In Person,2019
1620,GEND2111,Global Citizens,,Undergraduate,6.0,In Person,2019
1621,INTR8044,Global Civil Society and the Role of NGOs 1,,Postgraduate,6.0,In Person,2019
1622,INTR8028,Global Environmental Politics,,Postgraduate,6.0,In Person,2019
1623,SCNC1002,Global Experiences in Science,Summer Session/Winter Session/Spring Session,Undergraduate,6.0,In Person,2019
1624,INTR8045,Global Governance,Second Semester,Postgraduate,6.0,In Person,2019
1625,BAPA3002,Global Governance in the Asia-Pacific,,Undergraduate,6.0,In Person,2019
1626,INTR3002,Global Governance in the Asia-Pacific,Second Semester,Undergraduate,6.0,In Person,2019
1627,LAWS8582,Global Health Law,,Postgraduate,6.0,In Person,2019
1628,CHMD8006,Global Health and Development,First Semester,Postgraduate,6.0,Online or In Person,2019
1629,PHIL2113,Global Justice,,Undergraduate,6.0,In Person,2019
1630,ASIA2097,Global Learning,,Undergraduate,6.0,In Person,2019
1631,ASIA8097,Global Learning,Winter Session,Postgraduate,6.0,In Person,2019
1632,LAWS4303,Global Learning,,Undergraduate,6.0,In Person,2019
1633,MGMT7066,Global Management Experience,,Postgraduate,6.0,In Person,2019
1634,MKTG7035,Global Marketing,Second Semester,Postgraduate,6.0,In Person,2019
1635,FREN3012,"Global Paris: Culture, History and Identity in the French Capital",,Undergraduate,6.0,In Person,2019
1636,FREN6012,"Global Paris: Culture, History and Identity in the French Capital",,Postgraduate,6.0,In Person,2019
1637,POPH8102,Global Population Health,First Semester,Postgraduate,6.0,Online or In Person,2019
1638,ITAL3021,Global Rome: Culture and Identity in the Italian Capital,,Undergraduate,6.0,In Person,2019
1639,HUMN2021,Global Rome: Culture and Identity in the Italian Capital,Spring Session,Undergraduate,6.0,In Person,2019
1640,INTR8032,Global Security,Second Semester,Postgraduate,6.0,In Person,2019
1641,ASIA5925,Global Semester,First Semester/Winter Session/Second Semester,Undergraduate,6.0,In Person,2019
1642,POGO8044,Global Social Policy,Summer Session,Postgraduate,6.0,In Person,2019
1643,EMSC3014,Global Stratigraphy,,Undergraduate,6.0,In Person,2019
1644,HUMN2004,"Global Vietnam: Gender, Labour and Migration",Summer Session,Undergraduate,6.0,In Person,2019
1645,HUMN6004,"Global Vietnam: Gender, Labour and Migration",Summer Session,Postgraduate,6.0,In Person,2019
1646,POLS3037,"Globalisation: Communications, Culture and Democracy",,Undergraduate,6.0,In Person,2019
1647,POLS8031,"Globalisation: Theories, Issues, Debates",First Semester,Postgraduate,6.0,In Person,2019
1648,POLS4031,"Globalisation: Theories, Issues, Debates",First Semester,Undergraduate,6.0,In Person,2019
1649,POLS8032,Globalisation: the Interaction of Economics and Politics,Second Semester,Postgraduate,6.0,In Person,2019
1650,POLS4032,Globalisation: the Interaction of Economics and Politics,Second Semester,Undergraduate,6.0,In Person,2019
1651,PHIL2060,God and the Self,,Undergraduate,6.0,In Person,2019
1652,GEND6034,"Going Public: Sex, Sexuality and Feminism",,Postgraduate,6.0,In Person,2019
1653,SOCY2010,"Going Public: Sex, Sexuality and Feminism",,Undergraduate,6.0,In Person,2019
1654,GEND2034,"Going Public: Sex, Sexuality and Feminism",,Undergraduate,6.0,In Person,2019
1655,POGO8012,Governance and Institutions,,Postgraduate,6.0,In Person,2019
1656,REGN8002,Governance and Social Theory,Autumn Session,Postgraduate,6.0,In Person,2019
1657,REGN9053,Governance and Social Theory,Autumn Session,Postgraduate,6.0,In Person,2019
1658,REGN8003,Governance for Health and Health Equity,,Postgraduate,6.0,In Person,2019
1659,NSPO8016,"Governance, State Weakness and Human Security in Asia",,Postgraduate,6.0,In Person,2019
1660,POGO8504,Governing Contemporary Public Policy,Autumn Session,Postgraduate,6.0,In Person,2019
1661,MEDI8205,Governing Public Health,,Postgraduate,6.0,In Person,2019
1662,REGN8006,Governing Trade and Intellectual Property,Summer Session,Postgraduate,6.0,In Person,2019
1663,POGO8219,Governing Urbanisation,,Postgraduate,6.0,Online or In Person,2019
1664,POGO8066,Governing by the Rules,Summer Session,Postgraduate,6.0,In Person,2019
1665,LAWS8220,Government Contracts,Autumn Session,Postgraduate,6.0,Online or In Person,2019
1666,LEGW8124,Government Law Practice,Summer Session/Spring Session,Postgraduate,3.0,Online,2019
1667,POGO8064,Government in a Market Economy,Autumn Session,Postgraduate,6.0,In Person,2019
1668,CRWF8000,"Government, Markets and Global Change",First Semester,Postgraduate,6.0,In Person,2019
1669,CRWF7900,Graduate Academic and Research Skills for Public Policy,Summer Session/Winter Session,Postgraduate,0.0,In Person,2019
1670,MUSI7002,"Graduate Composition, Arranging, and Sound Design 1",Second Semester,Postgraduate,12.0,In Person,2019
1671,MUSI8005,"Graduate Composition, Arranging, and Sound Design 2",First Semester,Postgraduate,12.0,In Person,2019
1672,MUSI8006,"Graduate Composition, Arranging, and Sound Design 3",First Semester/Second Semester,Postgraduate,12.0,In Person,2019
1673,EMET4316,Graduate Computational Economics,,Undergraduate,6.0,In Person,2019
1674,EMET8016,Graduate Computational Economics,,Postgraduate,6.0,In Person,2019
1675,MUSI7001,Graduate Music Performance 1,First Semester/Second Semester,Postgraduate,12.0,In Person,2019
1676,MUSI8003,Graduate Music Performance 2,First Semester/Second Semester,Postgraduate,12.0,In Person,2019
1677,MUSI8004,Graduate Music Performance 3,First Semester/Second Semester,Postgraduate,12.0,In Person,2019
1678,IDEC7904,Graduate Preparatory Econometrics,Winter Session,Postgraduate,0.0,In Person,2019
1679,POGO7901,"Graduate Preparatory Economic, Social and Political Analysis",Summer Session/Winter Session,Postgraduate,0.0,In Person,2019
1680,EMDV7902,Graduate Preparatory Environmental Economics,Summer Session/Winter Session,Postgraduate,0.0,In Person,2019
1681,EMDV7901,Graduate Preparatory Environmental Science,Summer Session/Winter Session,Postgraduate,0.0,In Person,2019
1682,IDEC7903,Graduate Preparatory Macroeconomics,Winter Session,Postgraduate,0.0,In Person,2019
1683,IDEC7902,Graduate Preparatory Mathematical Methods,Summer Session,Postgraduate,0.0,In Person,2019
1684,IDEC7901,Graduate Preparatory Microeconomics,Summer Session,Postgraduate,0.0,In Person,2019
1685,ANTH8001,Graduate Reading Course (Anthropology),First Semester/Second Semester,Postgraduate,6.0,Online or In Person,2019
1686,LING8001,Graduate Reading Course (Linguistics),First Semester/Second Semester,Postgraduate,6.0,Online or In Person,2019
1687,CLAS8002,Graduate Reading Course A,First Semester/Second Semester,Postgraduate,6.0,In Person,2019
1688,CLAS8003,Graduate Reading Course B,First Semester/Second Semester,Postgraduate,6.0,In Person,2019
1689,ARCH8038,Graduate Reading Course in Archaeological Science,Summer Session/First Semester/Second Semester,Postgraduate,6.0,Online or In Person,2019
1690,LAWS8301,Graduate Research Unit,First Semester/Second Semester,Postgraduate,12.0,Online or In Person,2019
1691,LAWS8305,Graduate Research Unit,,Postgraduate,12.0,In Person,2019
1692,LAWS8308,Graduate Research Unit (Legal Practice),Summer Session/First Semester/Second Semester,Postgraduate,12.0,In Person,2019
1693,LING2003,Grammar of the World's Languages,Second Semester,Undergraduate,6.0,In Person,2019
1694,LING6003,Grammar of the World's Languages,Second Semester,Postgraduate,6.0,In Person,2019
1695,STAT3011,Graphical Data Analysis,Second Semester,Undergraduate,6.0,In Person,2019
1696,STAT7026,Graphical Data Analysis,Summer Session/Second Semester,Postgraduate,6.0,In Person,2019
1697,STAT4026,Graphical Data Analysis,Second Semester,Undergraduate,6.0,In Person,2019
1698,ENGN4547,Grid Integration of Renewable and Storage Technologies,,Undergraduate,6.0,In Person,2019
1699,EMSC3025,Groundwater,Second Semester,Undergraduate,6.0,In Person,2019
1700,EMSC6025,Groundwater,Second Semester,Postgraduate,6.0,In Person,2019
1701,ENGN8170,Group Project,First Semester/Second Semester,Postgraduate,12.0,In Person,2019
1702,MGMT8149,Group Research Project,,Postgraduate,6.0,In Person,2019
1703,VCPG6100,Group Research and Innovation Project (GRIP),,Postgraduate,6.0,In Person,2019
1704,VCUG3100,Group Research and Innovation Project (GRIP),First Semester/Second Semester,Undergraduate,6.0,In Person,2019
1705,POGO8127,Growth and Structural Change,,Postgraduate,6.0,In Person,2019
1706,HUMN2002,Gutenberg to Google: Histories of Information,,Undergraduate,6.0,In Person,2019
1707,HUMN6002,Gutenberg to Google: Histories of Information,,Postgraduate,6.0,In Person,2019
1708,COMP6390,HCI and Usability Engineering,Second Semester,Postgraduate,6.0,In Person,2019
1709,BIOL6108,Hallmarks of Cancer,Second Semester,Postgraduate,6.0,In Person,2019
1710,BIOL3108,Hallmarks of Cancer,Second Semester,Undergraduate,6.0,In Person,2019
1711,ARTV2057,Hands On: Material Language,Second Semester,Undergraduate,6.0,In Person,2019
1712,ARTV6057,Hands On: Material Language,Second Semester,Postgraduate,6.0,In Person,2019
1713,DIPL8010,Harnessing Diplomacy for International Development,,Postgraduate,6.0,In Person,2019
1714,ECON3004,Health Economics,Second Semester,Undergraduate,6.0,In Person,2019
1715,ECON8039,Health Economics,Second Semester,Postgraduate,6.0,In Person,2019
1716,LAWS8237,Health Law and Bioethics,Spring Session,Postgraduate,6.0,In Person,2019
1717,LAWS4219,"Health Law, Bioethics and Human Rights",Autumn Session,Undergraduate,6.0,In Person,2019
1718,MEDI8110,Health Policy Seminar,,Postgraduate,6.0,In Person,2019
1719,POGO8029,Health Policy in a Globalising World,,Postgraduate,6.0,In Person,2019
1720,SCOM3033,Health Promotion Principles and Practice,Second Semester,Undergraduate,6.0,In Person,2019
1721,POPH8115,Health Promotion and Protection,Second Semester,Postgraduate,6.0,Online or In Person,2019
1722,PSYC3020,Health Psychology,Second Semester,Undergraduate,6.0,In Person,2019
1723,HLTH2001,Health Sytems and Policy: An Introduction,Second Semester,Undergraduate,6.0,In Person,2019
1724,BIOL8021,Health and Disease in a Changing World,First Semester,Postgraduate,6.0,Online,2019
1725,ANUC1035,Health in the 21st Century,,Undergraduate,6.0,In Person,2019
1726,HLTH1001,Health in the 21st Century,First Semester,Undergraduate,6.0,In Person,2019
1727,LAWS4290,High Court of Australia,,Undergraduate,6.0,In Person,2019
1728,ASTR8003,High Energy Astrophysics,First Semester,Postgraduate,6.0,In Person,2019
1729,ASTR4003,High Energy Astrophysics,First Semester,Undergraduate,6.0,In Person,2019
1730,COMP3320,High Performance Scientific Computation,,Undergraduate,6.0,In Person,2019
1731,COMP6464,High Performance Scientific Computing,,Postgraduate,6.0,In Person,2019
1732,HIND1100,Hindi 1,First Semester,Undergraduate,6.0,Online or In Person,2019
1733,HIND6100,Hindi 1,First Semester,Postgraduate,6.0,Online or In Person,2019
1734,HIND1200,Hindi 2,Second Semester,Undergraduate,6.0,Online or In Person,2019
1735,HIND6200,Hindi 2,Second Semester,Postgraduate,6.0,Online or In Person,2019
1736,HIND6300,Hindi 3,First Semester,Postgraduate,6.0,Online or In Person,2019
1737,HIND2300,Hindi 3,First Semester,Undergraduate,6.0,Online or In Person,2019
1738,HIND2400,Hindi 4,Second Semester,Undergraduate,6.0,Online or In Person,2019
1739,HIND6400,Hindi 4,Second Semester,Postgraduate,6.0,Online or In Person,2019
1740,HIND3500,Hindi 5,First Semester,Undergraduate,6.0,Online or In Person,2019
1741,HIND6500,Hindi 5,First Semester,Postgraduate,6.0,In Person,2019
1742,HIND6600,Hindi 6,Second Semester,Postgraduate,6.0,In Person,2019
1743,HIND3600,Hindi 6,Second Semester,Undergraduate,6.0,In Person,2019
1744,HIST8023,"History Incorporated: Early Modern Bodies, 1550-1750",First Semester,Postgraduate,6.0,In Person,2019
1745,NSPO8028,History and Policymaking,Second Semester,Postgraduate,6.0,In Person,2019
1746,ANTH8017,History of Anthropological Theory,,Postgraduate,6.0,In Person,2019
1747,ANTH4011,History of Anthropological Theory Extended,Autumn Session,Undergraduate,12.0,In Person,2019
1748,ANTH8035,History of Anthropological Theory Extended,First Semester,Postgraduate,12.0,In Person,2019
1749,ARCH3026,History of Archaeology: Discovering the Past,,Undergraduate,6.0,In Person,2019
1750,ECHI3018,History of Economic Thought (H),,Undergraduate,6.0,In Person,2019
1751,ECHI3008,History of Economic Thought(P),,Undergraduate,6.0,In Person,2019
1752,ASIA2307,History of Empire in Asia,First Semester,Undergraduate,6.0,In Person,2019
1753,ASIA2017,History of International Relations in Northeast Asia,First Semester,Undergraduate,6.0,In Person,2019
1754,ASIA2037,History of Modern China,First Semester,Undergraduate,6.0,In Person,2019
1755,ASIA6037,History of Modern China,First Semester,Postgraduate,6.0,In Person,2019
1756,SPAN6516,History of the Spanish Language: A Linguistic Time Travel,First Semester,Postgraduate,6.0,In Person,2019
1757,SPAN2603,History of the Spanish language. A linguistic time travel,First Semester,Undergraduate,6.0,In Person,2019
1758,ASIA3030,History of the State System in Southeast Asia,Second Semester,Undergraduate,6.0,In Person,2019
1759,ASIA6030,History of the State System in Southeast Asia,Second Semester,Postgraduate,6.0,In Person,2019
1760,PREP1128,History: Twentieth Century,Autumn Session,Undergraduate,6.0,In Person,2019
1761,ARTV1033,Hold Everything: Studio Foundation,,Undergraduate,6.0,In Person,2019
1762,STST3003,Honeypots and Overcoats: Australian Intelligence in the World,First Semester,Undergraduate,6.0,In Person,2019
1763,PHYS4103,Honours Classical Mechanics,First Semester,Undergraduate,6.0,In Person,2019
1764,PHYS4102,Honours Electromagnetism,First Semester,Undergraduate,6.0,In Person,2019
1765,PHYS4100,Honours Quantum Mechanics,First Semester,Undergraduate,6.0,In Person,2019
1766,PHYS4110,Honours Research Project,First Semester/Second Semester,Undergraduate,12.0,In Person,2019
1767,ENVS4001,Honours Research Skills,First Semester/Second Semester,Undergraduate,6.0,In Person,2019
1768,PHYS4104,Honours Statistical Mechanics,First Semester,Undergraduate,6.0,In Person,2019
1769,ENVS4000,Honours Thesis,First Semester/Second Semester,Undergraduate,6.0,In Person,2019
1770,LAWS3202,Honours Thesis,First Semester/Second Semester,Undergraduate,12.0,In Person,2019
1771,HIST2233,How the Camera Changed History: A century of photography and cinema,,Undergraduate,6.0,In Person,2019
1772,HIST6233,How the Camera Changed History: A century of photography and cinema,,Postgraduate,6.0,Online or In Person,2019
1773,BIOL3186,Human Anatomy,First Semester,Undergraduate,6.0,In Person,2019
1774,BIOL1008,Human Biology,First Semester,Undergraduate,6.0,In Person,2019
1775,COMP3900,Human Computer Interface Design and Evaluation,Second Semester,Undergraduate,6.0,In Person,2019
1776,ENVS6020,Human Ecology,First Semester,Postgraduate,6.0,In Person,2019
1777,ENVS2011,Human Ecology,First Semester,Undergraduate,6.0,In Person,2019
1778,ENVS4025P,Human Ecology IV Honours (S),,Undergraduate,12.0,In Person,2019
1779,ENVS4025F,Human Ecology IV Honours (S),,Undergraduate,12.0,In Person,2019
1780,BIAN3113,Human Evolution,First Semester,Undergraduate,6.0,In Person,2019
1781,BIAN6013,Human Evolution,First Semester,Postgraduate,6.0,In Person,2019
1782,ENVS6306,Human Futures,,Postgraduate,6.0,In Person,2019
1783,ENVS3021,Human Futures,,Undergraduate,6.0,In Person,2019
1784,POPH8318,"Human Health, Environment and Climate Change",First Semester,Postgraduate,6.0,Online or In Person,2019
1785,ASIA2301,Human Migration and Expansion in the Rise of the Asia-Pacific,First Semester,Undergraduate,6.0,In Person,2019
1786,MGMT2030,Human Resource Management and Strategy,First Semester,Undergraduate,6.0,In Person,2019
1787,POLS2113,Human Rights,Second Semester,Undergraduate,6.0,In Person,2019
1788,LAWS4220,Human Rights Law in Australia,First Semester,Undergraduate,6.0,In Person,2019
1789,LAWS8420,Human Rights Law in Australia,First Semester,Postgraduate,6.0,In Person,2019
1790,LAWS8155,Human Rights Litigation,Second Semester,Postgraduate,6.0,Online,2019
1791,POLS4036,Human Rights and Human Responsibility,,Undergraduate,6.0,In Person,2019
1792,POLS8036,Human Rights and Human Responsibility,,Postgraduate,6.0,In Person,2019
1793,HUMN8023,Human Rights and Humanitarian Law,Summer Session,Postgraduate,6.0,In Person,2019
1794,ASIA2081,Human Rights in Asia,,Undergraduate,6.0,In Person,2019
1795,HIST2238,Human Rights in History,First Semester,Undergraduate,6.0,In Person,2019
1796,POLS8023,Human Rights in International Relations: Theory and Practice,,Postgraduate,6.0,In Person,2019
1797,INTR8073,Human Security,,Postgraduate,6.0,In Person,2019
1798,INTR2047,"Human Security: Conflict, Displacement and Peace Building",,Undergraduate,6.0,In Person,2019
1799,BIAN2015,Human Skeletal Analysis,First Semester,Undergraduate,6.0,In Person,2019
1800,BIAN6517,Human Skeletal Analysis,First Semester,Postgraduate,6.0,In Person,2019
1801,HIST2133,"Human Variations and Racism in Western Culture, c. 1450-1950",First Semester,Undergraduate,6.0,In Person,2019
1802,HIST6133,"Human Variations and Racism in Western Culture, c. 1450-1950",First Semester,Postgraduate,6.0,Online or In Person,2019
1803,ANTH8054,Humanitarian Action (Advanced),First Semester,Postgraduate,12.0,Online or In Person,2019
1804,INTR8062,Humanitarianism in World Politics,First Semester,Postgraduate,6.0,In Person,2019
1805,BAPA3001,"Humanitarianism: Principles, Politics and Practice",,Undergraduate,6.0,In Person,2019
1806,INTR3001,"Humanitarianism: Principles, Politics and Practice",Second Semester,Undergraduate,6.0,In Person,2019
1807,HUMN8028,Humanities in the Public and Digital Sphere,Second Semester,Postgraduate,6.0,In Person,2019
1808,EXCH2305,IARU Global Summer Program,Winter Session,Undergraduate,0.0,In Person,2019
1809,COMP7310,ICT Sustainability,,Postgraduate,6.0,Online,2019
1810,MEDI3004,IMU Clinical Experience Bridging Course,Summer Session,Undergraduate,3.0,In Person,2019
1811,POLS2121,Ideas in Australian Politics,,Undergraduate,6.0,In Person,2019
1812,POLS2119,Ideas in Politics,First Semester,Undergraduate,6.0,In Person,2019
1813,SOCY2163,"Identity, Difference and Racism",,Undergraduate,6.0,In Person,2019
1814,VCPG8002,Ignorance!,,Postgraduate,6.0,In Person,2019
1815,ARTV1021,Image and Object,First Semester/Second Semester,Undergraduate,6.0,In Person,2019
1816,ANUC1124,Image and Object,First Semester/Second Semester,Undergraduate,6.0,In Person,2019
1817,SCRN6108,Imagining the French Empire: French Colonialism on Film,,Postgraduate,6.0,In Person,2019
1818,FREN6514,Imagining the French Empire: French Colonialism on Film,,Postgraduate,6.0,In Person,2019
1819,SCRN2108,Imagining the French Empire: French Colonialism on Film,,Undergraduate,6.0,In Person,2019
1820,FREN3108,Imagining the French Empire: French Colonialism on Film,,Undergraduate,6.0,In Person,2019
1821,SOCY2053,Imagining the Future: A Sociology of Utopias,,Undergraduate,6.0,In Person,2019
1822,ANCH3504,"Imperialism, Conquest and Colonisation in the Ancient Mediterranean World",,Undergraduate,6.0,In Person,2019
1823,POGO8085,Implementing Social Policy,,Postgraduate,6.0,In Person,2019
1824,ARCH3024,In the footprints of Siddhartha: The Archaeology of Buddhism,Second Semester,Undergraduate,6.0,In Person,2019
1825,LAWS8325,In-House Corporate and Government Legal Practice,Winter Session,Postgraduate,6.0,Online,2019
1826,LAWS8421,Income Tax,,Postgraduate,6.0,In Person,2019
1827,LAWS4221,Income Tax,Second Semester,Undergraduate,6.0,In Person,2019
1828,PREP1015,Independent Research Project,First Semester/Second Semester,Undergraduate,6.0,In Person,2019
1829,PREP1012,Independent Research Proposal: Research Skills and Project Proposal,First Semester/Second Semester,Undergraduate,6.0,In Person,2019
1830,PREP1117,Independent Research: Advanced,Autumn Session/Spring Session,Undergraduate,0.0,In Person,2019
1831,ASIA6270,India Past and Present: The impact of pre-colonial history on India today,Second Semester,Postgraduate,6.0,In Person,2019
1832,ASIA2270,India Past and Present: The impact of pre-colonial history on India today,Second Semester,Undergraduate,6.0,In Person,2019
1833,ASIA6176,India's Culture Wars,Second Semester,Postgraduate,6.0,In Person,2019
1834,INTR2014,Indian Foreign and Security Policy,First Semester,Undergraduate,6.0,In Person,2019
1835,ASIA2116,India’s Culture Wars,Second Semester,Undergraduate,6.0,In Person,2019
1836,LAWS4238,Indigenous Australians and the Law,Second Semester,Undergraduate,6.0,In Person,2019
1837,MUSC8006,Indigenous Collections and Exhibitions,,Postgraduate,6.0,In Person,2019
1838,LAWS4278,Indigenous Community Legal Clinic,First Semester/Second Semester,Undergraduate,6.0,In Person,2019
1839,LAWS6278,Indigenous Community Legal Clinic,First Semester/Second Semester,Postgraduate,6.0,In Person,2019
1840,INDG2001,Indigenous Cultural and Natural Resource Management,First Semester,Undergraduate,6.0,In Person,2019
1841,ENVS2025,Indigenous Cultural and Natural Resource Management,First Semester,Undergraduate,6.0,In Person,2019
1842,CHMD8021,"Indigenous Medicines, Health and Healing",First Semester,Postgraduate,6.0,In Person,2019
1843,INDG1002,"Indigenous Peoples and Civil, Political and Legal Rights in Australia",Second Semester,Undergraduate,6.0,In Person,2019
1844,LAWS8583,Indigenous Peoples and International Law,,Postgraduate,6.0,In Person,2019
1845,LAWS8438,Indigenous Peoples and the Law,,Postgraduate,6.0,In Person,2019
1846,INDG1001,"Indigenous Peoples, Populations and Communities",First Semester,Undergraduate,6.0,In Person,2019
1847,INDG3004,Indigenous Studies Supervised Research Project,First Semester/Autumn Session/Winter Session/Second Semester,Undergraduate,6.0,In Person,2019
1848,ANTH3017,"Indigenous Worlds: Challenges of Emergence, Recognition, and Change",Second Semester,Undergraduate,6.0,In Person,2019
1849,HIST2142,"Indigenous memory and history: On page, stage and screen",Second Semester,Undergraduate,6.0,Online or In Person,2019
1850,COMP8755,Individual Computing Project,First Semester/Second Semester,Postgraduate,6.0,In Person,2019
1851,ENGN4200,Individual Project,First Semester/Second Semester,Undergraduate,6.0,In Person,2019
1852,ENGN4350,Individual Project,,Undergraduate,12.0,In Person,2019
1853,COMP3770,Individual Research Project,First Semester/Second Semester,Undergraduate,6.0,In Person,2019
1854,ARTH2166,Individual Research Unit,First Semester/Second Semester,Undergraduate,6.0,In Person,2019
1855,ANTH6065,Indonesia Field School : Contemporary Change in Indonesia,Autumn Session,Postgraduate,6.0,In Person,2019
1856,ANTH6066,Indonesia Field School Extension,Winter Session,Postgraduate,6.0,In Person,2019
1857,ANTH3016,Indonesia Field School Extension,Winter Session,Undergraduate,6.0,Online or In Person,2019
1858,ANTH3014,Indonesia Field School: Contemporary Change in Indonesia,Autumn Session,Undergraduate,6.0,In Person,2019
1859,ASIA3035,"Indonesia in the Malay World: Culture, Media and Everyday Life",Second Semester,Undergraduate,6.0,In Person,2019
1860,ASIA2516,"Indonesia: Politics, Society and Development",First Semester,Undergraduate,6.0,In Person,2019
1861,ASIA6516,"Indonesia:Politics, Society and Development",First Semester,Postgraduate,6.0,In Person,2019
1862,INDN1002,Indonesian 1,First Semester,Undergraduate,6.0,In Person,2019
1863,INDN6102,Indonesian 1,First Semester,Postgraduate,6.0,In Person,2019
1864,ANUC1011,Indonesian 1,,Undergraduate,6.0,In Person,2019
1865,ANUC1012,Indonesian 2,,Undergraduate,6.0,In Person,2019
1866,INDN1003,Indonesian 2,Second Semester,Undergraduate,6.0,In Person,2019
1867,INDN6103,Indonesian 2,Second Semester,Postgraduate,6.0,In Person,2019
1868,INDN6002,Indonesian 3,First Semester,Postgraduate,6.0,In Person,2019
1869,INDN2002,Indonesian 3,First Semester,Undergraduate,6.0,In Person,2019
1870,INDN6003,Indonesian 4,Second Semester,Postgraduate,6.0,In Person,2019
1871,INDN2003,Indonesian 4,Second Semester,Undergraduate,6.0,In Person,2019
1872,INDN6502,Indonesian 5,First Semester,Postgraduate,6.0,In Person,2019
1873,INDN3002,Indonesian 5,First Semester,Undergraduate,6.0,In Person,2019
1874,INDN3003,Indonesian 6,Second Semester,Undergraduate,6.0,In Person,2019
1875,INDN6503,Indonesian 6,Second Semester,Postgraduate,6.0,In Person,2019
1876,ASIA2111,Indonesian Foreign and Security Policy,Second Semester,Undergraduate,6.0,In Person,2019
1877,ENGN8833,Industrial Energy Efficiency and Decarbonisation,First Semester,Postgraduate,6.0,In Person,2019
1878,COMP4800,Industrial Experience,First Semester/Second Semester,Undergraduate,0.0,In Person,2019
1879,ECON4438,Industrial Organisation,,Undergraduate,6.0,In Person,2019
1880,ECON8038,Industrial Organisation,,Postgraduate,6.0,In Person,2019
1881,ECON3157,Industrial Organisation(H),,Undergraduate,6.0,In Person,2019
1882,ECON3057,Industrial Organisation(P),,Undergraduate,6.0,In Person,2019
1883,PSYC3028,Industrial and Organisational Psychology,Second Semester,Undergraduate,6.0,In Person,2019
1884,PSYC6028,Industrial and organisational psychology,,Postgraduate,6.0,In Person,2019
1885,INFS8202,Industry Research Project,First Semester/Second Semester,Postgraduate,6.0,In Person,2019
1886,ANTH8058,Inequality and Development,,Postgraduate,6.0,Online or In Person,2019
1887,BIOL6141,Infection and Immunity,First Semester,Postgraduate,6.0,In Person,2019
1888,BIOL3141,Infection and Immunity,First Semester,Undergraduate,6.0,In Person,2019
1889,LAWS4283,Information Law,Second Semester,Undergraduate,6.0,In Person,2019
1890,INFS2024,Information Systems Analysis,First Semester,Undergraduate,6.0,In Person,2019
1891,INFS3024,Information Systems Management,First Semester,Undergraduate,6.0,In Person,2019
1892,INFS4205,Information Systems Strategy and Management,First Semester,Undergraduate,6.0,In Person,2019
1893,INFT4005F,Information Technology IV Honours(S),,Undergraduate,12.0,In Person,2019
1894,INFT4005P,Information Technology IV Honours(S),,Undergraduate,12.0,In Person,2019
1895,LAWS8445,Information Technology Law,First Semester,Postgraduate,6.0,In Person,2019
1896,LAWS4245,Information Technology Law,First Semester,Undergraduate,6.0,In Person,2019
1897,COMP2610,Information Theory,Second Semester,Undergraduate,6.0,In Person,2019
1898,ENGN8534,Information Theory,Second Semester,Postgraduate,6.0,In Person,2019
1899,COMP6261,Information Theory,Second Semester,Postgraduate,6.0,In Person,2019
1900,IDEC8027,Infrastructure Regulation Economics and Policy,,Postgraduate,6.0,In Person,2019
1901,MGMT7165,Innovation,First Semester/Winter Session,Postgraduate,6.0,In Person,2019
1902,VCPG6200,Innovation and Professional Practice Internship,,Postgraduate,6.0,In Person,2019
1903,VCUG3200,Innovation and Professional Practice Internship,,Undergraduate,6.0,In Person,2019
1904,STST8027,Insurgency & Counterinsurgency in an Age of Terror,,Postgraduate,6.0,In Person,2019
1905,ENGN8831,Integration of Renewable Energy into Power Systems and Microgrids,First Semester,Postgraduate,6.0,In Person,2019
1906,LAWS8422,Intellectual Property,First Semester/Spring Session,Postgraduate,6.0,In Person,2019
1907,LAWS4222,Intellectual Property,First Semester,Undergraduate,6.0,In Person,2019
1908,LAWS8592,Intellectual Property Law in Practice,,Postgraduate,6.0,Online,2019
1909,STST8021,Intelligence and Security,First Semester,Postgraduate,6.0,In Person,2019
1910,INFS7007,"Intelligent Business Analysis: Models, Processes and Techniques",Second Semester,Postgraduate,6.0,In Person,2019
1911,HUMN8001,"Interdisciplinary Humanities Research: Methods, Theories and Skills",,Postgraduate,6.0,In Person,2019
1912,HUMN9001,"Interdisciplinary Humanities Research: Methods, Theories and Skills",Autumn Session,Postgraduate,6.0,In Person,2019
1913,POLS8046,"Interest Groups, Advocacy and Public Policy",First Semester,Postgraduate,6.0,In Person,2019
1914,GREK2121,Intermediate Ancient Greek I,First Semester,Undergraduate,6.0,In Person,2019
1915,GREK6121,Intermediate Ancient Greek I,First Semester,Postgraduate,6.0,In Person,2019
1916,GREK2122,Intermediate Ancient Greek II,Second Semester,Undergraduate,6.0,In Person,2019
1917,GREK6122,Intermediate Ancient Greek II,Second Semester,Postgraduate,6.0,In Person,2019
1918,ARAB2011,Intermediate Arabic A,First Semester,Undergraduate,6.0,Online or In Person,2019
1919,ARAB6501,Intermediate Arabic A,First Semester,Postgraduate,6.0,Online or In Person,2019
1920,ARAB6502,Intermediate Arabic B,Second Semester,Postgraduate,6.0,Online or In Person,2019
1921,ARAB2012,Intermediate Arabic B,Second Semester,Undergraduate,6.0,Online or In Person,2019
1922,FREN3006,Intermediate French I,First Semester,Undergraduate,6.0,In Person,2019
1923,FREN6505,Intermediate French I,First Semester,Postgraduate,6.0,In Person,2019
1924,FREN6506,Intermediate French II,Second Semester,Postgraduate,6.0,In Person,2019
1925,FREN3007,Intermediate French II,Second Semester,Undergraduate,6.0,In Person,2019
1926,LATN6121,Intermediate Latin I,First Semester,Postgraduate,6.0,In Person,2019
1927,LATN2121,Intermediate Latin I,First Semester,Undergraduate,6.0,In Person,2019
1928,LATN2122,Intermediate Latin II,Second Semester,Undergraduate,6.0,In Person,2019
1929,LATN6122,Intermediate Latin II,Second Semester,Postgraduate,6.0,In Person,2019
1930,PERS6003,Intermediate Persian A,First Semester,Postgraduate,6.0,Online or In Person,2019
1931,PERS2003,Intermediate Persian A,First Semester,Undergraduate,6.0,Online or In Person,2019
1932,PERS2004,Intermediate Persian B,Second Semester,Undergraduate,6.0,Online or In Person,2019
1933,PERS6004,Intermediate Persian B,Second Semester,Postgraduate,6.0,Online or In Person,2019
1934,SPAN3001,Intermediate Spanish I,First Semester,Undergraduate,6.0,In Person,2019
1935,SPAN6507,Intermediate Spanish I,First Semester,Postgraduate,6.0,In Person,2019
1936,SPAN6508,Intermediate Spanish II (Language and Culture),,Postgraduate,6.0,In Person,2019
1937,SPAN3012,Intermediate Spanish II (Language and Culture),,Undergraduate,6.0,In Person,2019
1938,SPAN3022,Intermediate Spanish II (Language and Linguistics),Second Semester,Undergraduate,6.0,In Person,2019
1939,SPAN6022,Intermediate Spanish II (Language and Linguistics),Second Semester,Postgraduate,6.0,In Person,2019
1940,TURK6503,Intermediate Turkish A,,Postgraduate,6.0,In Person,2019
1941,TURK2001,Intermediate Turkish A,,Undergraduate,6.0,In Person,2019
1942,TURK6504,Intermediate Turkish B,,Postgraduate,6.0,In Person,2019
1943,TURK2002,Intermediate Turkish B,,Undergraduate,6.0,In Person,2019
1944,ASIA2110,International Affairs Internship,First Semester/Second Semester,Undergraduate,6.0,Online or In Person,2019
1945,LAWS8107,International Air and Space Law,,Postgraduate,6.0,In Person,2019
1946,LAWS4266,International Arbitration and Negotiation Moot Competition in Japan,Spring Session,Undergraduate,6.0,In Person,2019
1947,ARCH2059,International Archaeological Field School,Summer Session,Undergraduate,6.0,In Person,2019
1948,ARCH2060,International Archaeological Field School Extension,First Semester,Undergraduate,6.0,In Person,2019
1949,LAWS8585,International Aviation Law,,Postgraduate,6.0,Online,2019
1950,BUSI2025,International Business,Summer Session/Second Semester,Undergraduate,6.0,In Person,2019
1951,BUSI4500,International Business Honours Thesis,First Semester/Second Semester,Undergraduate,6.0,In Person,2019
1952,BUSI7033,International Business Strategies,First Semester,Postgraduate,6.0,Online or In Person,2019
1953,LAWS8277,International Business Transactions,,Postgraduate,6.0,In Person,2019
1954,EMDV8080,International Climate Change Policy and Economics,Winter Session,Postgraduate,6.0,Online,2019
1955,LAWS8180,International Climate Law,Autumn Session,Postgraduate,6.0,Online or In Person,2019
1956,LAWS8418,International Commercial Arbitration,Winter Session,Postgraduate,6.0,Online or In Person,2019
1957,POLS4012,International Cooperation,,Undergraduate,6.0,In Person,2019
1958,REGN8004,International Criminal Justice,,Postgraduate,6.0,In Person,2019
1959,LAWS8566,International Criminal Law,Winter Session,Postgraduate,6.0,In Person,2019
1960,LAWS8567,International Dispute Resolution,Autumn Session,Postgraduate,6.0,Online or In Person,2019
1961,LAWS4223,International Dispute Resolution,Second Semester,Undergraduate,6.0,In Person,2019
1962,ECON8015,International Economics,First Semester,Postgraduate,6.0,In Person,2019
1963,ECON3103,International Economics,First Semester,Undergraduate,6.0,In Person,2019
1964,ECON4415,International Economics,First Semester,Undergraduate,6.0,In Person,2019
1965,ECON3013,International Economics (H),First Semester,Undergraduate,6.0,In Person,2019
1966,ENVS6033,International Environmental Policy,Summer Session,Postgraduate,6.0,In Person,2019
1967,ENVS3033,International Environmental Policy,Summer Session,Undergraduate,6.0,In Person,2019
1968,ENVS6038,International Environmental Policy,,Postgraduate,6.0,In Person,2019
1969,ENVS3038,International Environmental Policy,,Undergraduate,6.0,In Person,2019
1970,LAWS8032,International Financial Institutions and Development,,Postgraduate,6.0,In Person,2019
1971,ASIA8049,International History from Asia and the Pacific: Framing Critical Perspectives,Second Semester,Postgraduate,6.0,Online or In Person,2019
1972,MGMT3025,International Human Resource Management,First Semester,Undergraduate,6.0,In Person,2019
1973,LAWS8268,International Humanitarian Law,Summer Session,Postgraduate,6.0,In Person,2019
1974,INDG8006,International Indigenous Studies Research Project,Second Semester,Postgraduate,6.0,In Person,2019
1975,LAWS8136,International Intellectual Property Law,,Postgraduate,6.0,In Person,2019
1976,LAWS8177,International Internship,First Semester/Second Semester,Postgraduate,24.0,In Person,2019
1977,LAWS8332,"International Investment Treaties: Law, Arbitration and Policy",,Postgraduate,6.0,In Person,2019
1978,REGN8053,"International Investment Treaties: Law, Arbitration and Policy",,Postgraduate,6.0,In Person,2019
1979,LAWS4306,International Investment Treaty Law and Arbitration,Second Semester,Undergraduate,6.0,In Person,2019
1980,LAWS8336,International Investment Treaty Law and Arbitration,Second Semester,Postgraduate,6.0,In Person,2019
1981,LAWS8330,International Labour Law,,Postgraduate,6.0,In Person,2019
1982,LAWS2250,International Law,Second Semester,Undergraduate,6.0,In Person,2019
1983,LAWS6250,International Law,Second Semester,Postgraduate,6.0,Online or In Person,2019
1984,LAWS6302,International Law Clinic,,Postgraduate,6.0,In Person,2019
1985,LAWS4302,International Law Clinic,,Undergraduate,6.0,In Person,2019
1986,LAWS8333,International Law Internship,,Postgraduate,6.0,In Person,2019
1987,LAWS8297,International Law and Australian Government,Autumn Session,Postgraduate,6.0,In Person,2019
1988,LAWS8023,International Law and United Nations Peace Operations,Autumn Session,Postgraduate,6.0,In Person,2019
1989,LAWS8178,International Law and Use of Force,Spring Session,Postgraduate,6.0,In Person,2019
1990,LAWS4225,International Law of Human Rights,First Semester,Undergraduate,6.0,In Person,2019
1991,LAWS8264,International Law of The Environment,Spring Session,Postgraduate,6.0,Online or In Person,2019
1992,LAWS8229,International Law of World Trade,Winter Session,Postgraduate,6.0,In Person,2019
1993,LAWS4224,International Law of the Sea,,Undergraduate,6.0,In Person,2019
1994,LAWS6224,International Law of the Sea,,Postgraduate,6.0,In Person,2019
1995,BUSI3024,International Marketing,Second Semester,Undergraduate,6.0,In Person,2019
1996,DEMO8047,International Migration,,Postgraduate,6.0,In Person,2019
1997,CHMD8016,International Migration of Health Workers: Sociological and Ethical Aspects,,Postgraduate,3.0,In Person,2019
1998,ECON8009,International Monetary Economics,,Postgraduate,6.0,In Person,2019
1999,INTR8070,International Organisation,First Semester,Postgraduate,6.0,In Person,2019
2000,LAWS4258,International Organisations (Geneva),,Undergraduate,6.0,In Person,2019
2001,LAWS6258,International Organisations (Geneva),,Postgraduate,6.0,In Person,2019
2002,POLS2133,International Organisations in World Politics,First Semester,Undergraduate,6.0,In Person,2019
2003,MGMT7065,International Perspectives on Human Resource Management,,Postgraduate,6.0,In Person,2019
2004,POGO8045,International Policy Making in the Shadow of the Future,Second Semester,Postgraduate,6.0,In Person,2019
2005,INTR8013,International Political Economy,First Semester,Postgraduate,6.0,In Person,2019
2006,LAWS8252,International Refugee Law,,Postgraduate,6.0,In Person,2019
2007,INTR8011,International Relations Theory,First Semester,Postgraduate,12.0,In Person,2019
2008,POLS3017,International Relations Theory,Second Semester,Undergraduate,6.0,In Person,2019
2009,POLS4013,International Relations Theory,First Semester,Undergraduate,6.0,In Person,2019
2010,INTR2010,International Relations in the Asia-Pacific,First Semester,Undergraduate,6.0,In Person,2019
2011,LAWS8179,International Security Law,Winter Session,Postgraduate,6.0,In Person,2019
2012,LAWS8026,International Security Law Research Project,,Postgraduate,12.0,In Person,2019
2013,LAWS6240,International Social Justice Clinic,,Postgraduate,6.0,In Person,2019
2014,BUSI3020,International Strategic Management,First Semester,Undergraduate,6.0,In Person,2019
2015,PREP1129,International Studies,Spring Session,Undergraduate,6.0,In Person,2019
2016,BUSI3030,International Supply Chain Management,First Semester,Undergraduate,6.0,In Person,2019
2017,POLS3036,International Terrorism,Second Semester,Undergraduate,6.0,In Person,2019
2018,LAWS4226,International Trade Law,Second Semester,Undergraduate,6.0,In Person,2019
2019,ECON4406,International Trade Theory,,Undergraduate,6.0,In Person,2019
2020,ECON8006,International Trade Theory,,Postgraduate,6.0,In Person,2019
2021,LAWS8234,International and Comparative Human Rights Law,Winter Session,Postgraduate,6.0,In Person,2019
2022,MUSC8004,Internship 1,Summer Session/First Semester/Autumn Session/Winter Session/Second Semester/Spring Session,Postgraduate,6.0,Online,2019
2023,MUSC8005,Internship 2,Summer Session/First Semester/Autumn Session/Winter Session/Second Semester/Spring Session,Postgraduate,6.0,Online or In Person,2019
2024,POLS4047,"Interpretation, Method, Critique: Interpretivist Methods in the Social Sciences",First Semester,Undergraduate,6.0,In Person,2019
2025,POLS8047,"Interpretation, Method, Critique: Interpretivist Methods in the Social Sciences",First Semester,Postgraduate,6.0,In Person,2019
2026,LAWS8066,Intersection of International Humanitarian and Human Rights Law,,Postgraduate,6.0,In Person,2019
2027,ARTH2169,Introducing Asian Modernisms,First Semester,Undergraduate,6.0,In Person,2019
2028,ARTH6169,Introducing Asian Modernisms,First Semester,Postgraduate,6.0,In Person,2019
2029,ASIA9021,Introduction to Academic Skills for HDR Research - Part A,Autumn Session,Postgraduate,3.0,In Person,2019
2030,ASIA9022,Introduction to Academic Skills for HDR Research - Part B,Spring Session,Postgraduate,3.0,In Person,2019
2031,ARCH8032,Introduction to Archaeological Science,First Semester,Postgraduate,12.0,In Person,2019
2032,ASIA1035,Introduction to Asian Politics,Second Semester,Undergraduate,6.0,In Person,2019
2033,STAT4116,Introduction to Bayesian Data Analysis,Second Semester,Undergraduate,6.0,In Person,2019
2034,STAT3016,Introduction to Bayesian Data Analysis,Second Semester,Undergraduate,6.0,In Person,2019
2035,STAT7016,Introduction to Bayesian Data Analysis,Second Semester,Postgraduate,6.0,In Person,2019
2036,POPH8552,Introduction to Clinical Epidemiology,First Semester,Postgraduate,6.0,Online,2019
2037,MEDI8202,Introduction to Clinical Governance,,Postgraduate,6.0,In Person,2019
2038,MEDI8113,Introduction to Clinical Practice,,Postgraduate,12.0,In Person,2019
2039,BUSN1101,Introduction to Commercial Law,Second Semester,Undergraduate,6.0,In Person,2019
2040,CRIM2014,Introduction to Crime Science,First Semester,Undergraduate,6.0,In Person,2019
2041,CRIM6014,Introduction to Crime Science,First Semester,Postgraduate,6.0,In Person,2019
2042,HUMN6051,Introduction to Cultural Heritage Management,First Semester,Postgraduate,6.0,In Person,2019
2043,HUMN2051,Introduction to Cultural Heritage Management,First Semester,Undergraduate,6.0,In Person,2019
2044,COMP6420,"Introduction to Data Management, Analysis and Security",First Semester,Postgraduate,6.0,In Person,2019
2045,COMP2420,"Introduction to Data Management, Analysis and Security",First Semester,Undergraduate,6.0,In Person,2019
2046,COMP7240,Introduction to Database Concepts,Summer Session,Postgraduate,6.0,In Person,2019
2047,ENGN1218,Introduction to Electronics,Second Semester,Undergraduate,6.0,In Person,2019
2048,ARCH2041,Introduction to Environmental Archaeology,,Undergraduate,6.0,In Person,2019
2049,ARCH6041,Introduction to Environmental Archaeology,,Postgraduate,6.0,In Person,2019
2050,EMDV8078,Introduction to Environmental and Resource Economics,Second Semester,Postgraduate,6.0,In Person,2019
2051,ENVS1003,Introduction to Environmental and Social Research,Second Semester,Undergraduate,6.0,In Person,2019
2052,ENVS6103,Introduction to Environmental and Social Research,Second Semester,Postgraduate,6.0,In Person,2019
2053,PHIL1008,Introduction to Ethics,First Semester,Undergraduate,6.0,In Person,2019
2054,MUSI1113,Introduction to Ethnomusicology,First Semester,Undergraduate,6.0,In Person,2019
2055,PSYC2011,Introduction to Forensic and Criminal Psychology,Second Semester,Undergraduate,6.0,In Person,2019
2056,MATH2242,Introduction to Geometry: Curves and Surfaces,Second Semester,Undergraduate,6.0,In Person,2019
2057,MATH6242,Introduction to Geometry: Curves and Surfaces,Second Semester,Postgraduate,6.0,In Person,2019
2058,EMSC6122,Introduction to Global Geophysics,First Semester,Postgraduate,6.0,In Person,2019
2059,EMSC2022,Introduction to Global Geophysics,First Semester,Undergraduate,6.0,In Person,2019
2060,HLTH2002,"Introduction to Global Health: Issues, Theories and Practices",First Semester,Undergraduate,6.0,In Person,2019
2061,POPH8103,Introduction to Health Services Research and Policy,First Semester,Postgraduate,6.0,Online or In Person,2019
2062,HUMN2000,Introduction to Heritage and Museum Studies,Second Semester,Undergraduate,6.0,In Person,2019
2063,ANTH8056,Introduction to Humanitarian Action,First Semester,Postgraduate,6.0,Online or In Person,2019
2064,POLS1006,Introduction to International Relations:  Contemporary Global Issues,Second Semester,Undergraduate,6.0,In Person,2019
2065,ANUC1116,Introduction to International Relations: Contemporary Global Issues,,Undergraduate,6.0,In Person,2019
2066,POLS1005,Introduction to International Relations: Foundations and Concepts,First Semester,Undergraduate,6.0,In Person,2019
2067,ANUC1105,Introduction to International Relations: Foundations and Concepts,First Semester,Undergraduate,6.0,In Person,2019
2068,BAPA1004,Introduction to International Security Studies,,Undergraduate,6.0,In Person,2019
2069,ANUC1021,Introduction to International Security Studies,,Undergraduate,6.0,In Person,2019
2070,STST1001,Introduction to International Security Studies,First Semester,Undergraduate,6.0,In Person,2019
2071,LAWS8001,"Introduction to Law, Governance and Development",Summer Session,Postgraduate,6.0,In Person,2019
2072,ENGL6008,Introduction to Literary Theory,,Postgraduate,6.0,In-Person and Online,2019
2073,ENGL3008,Introduction to Literary Theory,,Undergraduate,6.0,In Person,2019
2074,COMP3670,Introduction to Machine Learning,Second Semester,Undergraduate,6.0,In Person,2019
2075,COMP6670,Introduction to Machine Learning,Second Semester,Postgraduate,6.0,In Person,2019
2076,MATH2222,Introduction to Mathematical Thinking: Problem-Solving and Proofs,First Semester,Undergraduate,6.0,In Person,2019
2077,MATH6222,Introduction to Mathematical Thinking: Problem-Solving and Proofs,First Semester,Postgraduate,6.0,In Person,2019
2078,ENGN1217,Introduction to Mechanics,Second Semester,Undergraduate,6.0,In Person,2019
2079,MUSI6110,Introduction to Music Technology,First Semester,Postgraduate,6.0,In Person,2019
2080,MUSI1110,Introduction to Music Technology,First Semester,Undergraduate,6.0,In Person,2019
2081,EMSC8706,Introduction to Natural Hazards,First Semester,Postgraduate,6.0,In Person,2019
2082,EMSC4706,Introduction to Natural Hazards,First Semester,Undergraduate,6.0,In Person,2019
2083,POGO8049,Introduction to Planning and Policy,,Postgraduate,6.0,In Person,2019
2084,POLS1002,Introduction to Politics,First Semester,Undergraduate,6.0,In Person,2019
2085,ASGS1021,Introduction to Politics and Economics,,Undergraduate,6.0,In Person,2019
2086,POPH3000,Introduction to Population Health,Second Semester,Undergraduate,6.0,Online or In Person,2019
2087,MEDI8112,Introduction to Professional Development,,Postgraduate,6.0,In Person,2019
2088,ANUC1100,Introduction to Programming and Algorithms,First Semester/Second Semester,Undergraduate,6.0,In Person,2019
2089,COMP7230,Introduction to Programming for Data Scientists,Winter Session,Postgraduate,6.0,Online or In Person,2019
2090,SOCY2043,Introduction to Qualitative Research Methods,Second Semester,Undergraduate,6.0,In Person,2019
2091,BIOL2001,Introduction to Quantitative Biology,First Semester,Undergraduate,6.0,In Person,2019
2092,BIOL6200,Introduction to Quantitative Biology,First Semester,Postgraduate,6.0,In Person,2019
2093,SOCY2038,Introduction to Quantitative Research Methods,First Semester,Undergraduate,6.0,In Person,2019
2094,PASI9001,Introduction to Research in the Pacific: Methods and Research Design,,Postgraduate,6.0,In Person,2019
2095,LAWS4277,Introduction to Roman Law,,Undergraduate,6.0,In Person,2019
2096,SCRN1001,Introduction to Screen Studies,First Semester,Undergraduate,6.0,In Person,2019
2097,ASIA9044,Introduction to Sinological Methods,,Postgraduate,6.0,In Person,2019
2098,SOCR8201,Introduction to Social Science Methods and Types of Data,Autumn Session/Second Semester,Postgraduate,6.0,Online or In Person,2019
2099,ANUC1110,Introduction to Software Systems,First Semester/Second Semester,Undergraduate,6.0,In Person,2019
2100,SPAN1001,Introduction to Spanish I,First Semester,Undergraduate,6.0,In Person,2019
2101,SPAN6501,Introduction to Spanish I,First Semester,Postgraduate,6.0,In Person,2019
2102,SPAN1002,Introduction to Spanish II,Second Semester,Undergraduate,6.0,In Person,2019
2103,SPAN6502,Introduction to Spanish II,Second Semester,Postgraduate,6.0,In Person,2019
2104,STAT2005,Introduction to Stochastic Processes,Second Semester,Undergraduate,6.0,In Person,2019
2105,STAT7004,Introduction to Stochastic Processes,Second Semester,Postgraduate,6.0,In Person,2019
2106,ENGN8100,Introduction to Systems Engineering,First Semester,Postgraduate,6.0,In Person,2019
2107,ARTV6059,Introduction to Virtual Reality,First Semester,Postgraduate,6.0,In Person,2019
2108,ARTV2059,Introduction to Virtual Reality,First Semester,Undergraduate,6.0,In Person,2019
2109,INDG6005,Introduction to an Australian Indigenous  Language,Summer Session/First Semester,Postgraduate,6.0,Online or In Person,2019
2110,INDG2005,Introduction to an Australian Indigenous Language,Summer Session/First Semester,Undergraduate,6.0,Online or In Person,2019
2111,ASGS1007,Introduction to the Australian Economy,,Undergraduate,6.0,In Person,2019
2112,MEAS1001,Introduction to the Modern Middle East,First Semester,Undergraduate,6.0,In Person,2019
2113,LING1001,Introduction to the Study of Language,First Semester,Undergraduate,6.0,In Person,2019
2114,LING6001,Introduction to the Study of Language,First Semester,Postgraduate,6.0,In Person,2019
2115,ARAB6102,Introductory Arabic A,First Semester,Postgraduate,6.0,Online or In Person,2019
2116,ARAB1002,Introductory Arabic A,First Semester,Undergraduate,6.0,Online or In Person,2019
2117,ARAB1003,Introductory Arabic B,Second Semester,Undergraduate,6.0,Online or In Person,2019
2118,ARAB6103,Introductory Arabic B,Second Semester,Postgraduate,6.0,Online or In Person,2019
2119,ARAB6505,Introductory Course to Arabic Linguistics,First Semester,Postgraduate,6.0,In Person,2019
2120,ARAB3003,Introductory Course to Arabic Linguistics,First Semester,Undergraduate,6.0,In Person,2019
2121,ARAB6507,Introductory Course to Arabic Literature,,Postgraduate,6.0,In Person,2019
2122,ARAB3005,Introductory Course to Arabic Literature,,Undergraduate,6.0,In Person,2019
2123,FREN1003,Introductory French I,First Semester,Undergraduate,6.0,In Person,2019
2124,FREN6501,Introductory French I,First Semester,Postgraduate,6.0,In Person,2019
2125,FREN1004,Introductory French II,Second Semester,Undergraduate,6.0,In Person,2019
2126,FREN6502,Introductory French II,Second Semester,Postgraduate,6.0,In Person,2019
2127,MUSI6315,Introductory Graduate Composition,First Semester/Second Semester,Postgraduate,12.0,In Person,2019
2128,MUSI6302,Introductory Graduate Music Performance,First Semester/Second Semester,Postgraduate,12.0,In Person,2019
2129,STAT2001,Introductory Mathematical Statistics,First Semester/Second Semester,Undergraduate,6.0,In Person,2019
2130,STAT2013,Introductory Mathematical Statistics for Actuarial Studies,,Undergraduate,6.0,In Person,2019
2131,PERS6001,Introductory Persian A,First Semester,Postgraduate,6.0,In Person,2019
2132,PERS1001,Introductory Persian A,First Semester,Undergraduate,6.0,Online or In Person,2019
2133,PERS6002,Introductory Persian B,Second Semester,Postgraduate,6.0,Online or In Person,2019
2134,PERS1002,Introductory Persian B,Second Semester,Undergraduate,6.0,Online or In Person,2019
2135,ASGS1006,Introductory Politics,,Undergraduate,6.0,In Person,2019
2136,PORT1001,Introductory Portuguese I,First Semester,Undergraduate,6.0,In Person,2019
2137,PORT6501,Introductory Portuguese I,First Semester,Postgraduate,6.0,In Person,2019
2138,PORT1002,Introductory Portuguese II,Second Semester,Undergraduate,6.0,In Person,2019
2139,PORT6502,Introductory Portuguese II,Second Semester,Postgraduate,6.0,In Person,2019
2140,COMP6700,Introductory Programming,,Postgraduate,6.0,In Person,2019
2141,STAT4055,Introductory Statistics for Business and Finance,First Semester/Second Semester,Undergraduate,6.0,In Person,2019
2142,STAT7055,Introductory Statistics for Business and Finance,First Semester/Second Semester/Spring Session,Postgraduate,6.0,In Person,2019
2143,BIOL6113,Invertebrate Biology,First Semester,Postgraduate,6.0,In Person,2019
2144,BIOL3113,Invertebrate Biology,First Semester,Undergraduate,6.0,In Person,2019
2145,REGN8015,Investigative Criminology,,Postgraduate,6.0,In Person,2019
2146,ENGN3211,Investment Decisions and Financial Systems,,Undergraduate,6.0,In Person,2019
2147,ACST4033,Investment and Asset Modelling,Second Semester,Undergraduate,6.0,In Person,2019
2148,ACST8033,Investment and Asset Modelling,Second Semester,Postgraduate,6.0,In Person,2019
2149,FINM2003,Investments,First Semester/Second Semester,Undergraduate,6.0,In Person,2019
2150,MEAS2000,Iranian History and Culture,First Semester,Undergraduate,6.0,In Person,2019
2151,MEAS1002,Islam : History and Institutions,Second Semester,Undergraduate,6.0,In Person,2019
2152,MEAS8127,Islam and Sectarianism in the Middle East,,Postgraduate,6.0,In Person,2019
2153,MEAS8118,Islam in Australia,,Postgraduate,6.0,In Person,2019
2154,MEAS4117,Islam in Central Asia,,Undergraduate,6.0,In Person,2019
2155,MEAS8117,Islam in Central Asia,,Postgraduate,6.0,In Person,2019
2156,ASIA6165,Islam in Southeast Asia,First Semester,Postgraduate,6.0,In Person,2019
2157,ASIA2165,Islam in Southeast Asia,First Semester,Undergraduate,6.0,In Person,2019
2158,MEAS4115,Islam in World Politics,Second Semester,Undergraduate,6.0,In Person,2019
2159,MEAS8115,Islam in World Politics,Second Semester,Postgraduate,6.0,In Person,2019
2160,INTR8058,"Islam, Politics and Conflict in Southeast Asia",,Postgraduate,6.0,In Person,2019
2161,POLS4058,"Islam, Politics and Conflict in Southeast Asia",,Undergraduate,6.0,In Person,2019
2162,MEAS4111,"Islam, The West and International Terrorism",First Semester,Undergraduate,6.0,In Person,2019
2163,MEAS8111,"Islam, the West and International Terrorism",First Semester,Postgraduate,6.0,In Person,2019
2164,MEAS8124,Islamic Banking: Debates and Development,First Semester,Postgraduate,6.0,In Person,2019
2165,MEAS8102,Islamic Radicalism,,Postgraduate,6.0,In Person,2019
2166,MEAS4102,Islamic Radicalism,,Undergraduate,6.0,In Person,2019
2167,ENVS6205,Island Sustainable Development: Fiji Field School,Winter Session,Postgraduate,6.0,In Person,2019
2168,ENVS2005,Island Sustainable Development: Fiji Field School,Winter Session,Undergraduate,6.0,In Person,2019
2169,IDEC8030,Issues in Applied Macroeconomics,Second Semester,Postgraduate,6.0,In Person,2019
2170,IDEC8029,Issues in Applied Microeconomics,First Semester,Postgraduate,6.0,In Person,2019
2171,INTR8017,Issues in Australian Foreign Policy,,Postgraduate,6.0,In Person,2019
2172,PSYC2595,Issues in Contemporary Clinical Psychology,First Semester,Undergraduate,6.0,In Person,2019
2173,ARTH2167,Issues in Contemporary Craft and Design,,Undergraduate,6.0,In Person,2019
2174,ARTH6167,Issues in Contemporary Craft and Design,,Postgraduate,6.0,In Person,2019
2175,IDEC8003,Issues in Development Policy,First Semester,Postgraduate,6.0,In Person,2019
2176,EMDV8013,Issues in Development and Environment,First Semester,Postgraduate,6.0,Online or In Person,2019
2177,POLS2094,Issues in International Political Economy,Second Semester,Undergraduate,6.0,In Person,2019
2178,POGO8220,Issues in Japanese Policy,Winter Session,Postgraduate,6.0,In Person,2019
2179,ASIA3027,Issues in Japanese Policy in their global context,Winter Session,Undergraduate,6.0,In Person,2019
2180,ANTH8049,Issues in the Design and Evaluation of Development Projects and Programs,Summer Session,Postgraduate,6.0,Online or In Person,2019
2181,MEAS8108,Issues of Development in the Middle East,Second Semester,Postgraduate,6.0,In Person,2019
2182,ITAL2006,Italian Studies - Continuing 2,Second Semester,Undergraduate,6.0,In Person,2019
2183,ITAL6505,Italian Studies - Intermediate 1,First Semester,Postgraduate,6.0,In Person,2019
2184,ITAL3505,Italian Studies - Intermediate I,First Semester,Undergraduate,6.0,In Person,2019
2185,ITAL6506,Italian Studies - Intermediate II,Second Semester,Postgraduate,6.0,In Person,2019
2186,ITAL3506,Italian Studies - Intermediate II,Second Semester,Undergraduate,6.0,In Person,2019
2187,ITAL1003,Italian Studies - Introductory 2,Second Semester,Undergraduate,6.0,In Person,2019
2188,ITAL1002,Italian Studies - Introductory I,First Semester,Undergraduate,6.0,In Person,2019
2189,ITAL6501,Italian Studies - Introductory I,First Semester,Postgraduate,6.0,In Person,2019
2190,ITAL6503,Italian Studies Continuing 1,First Semester,Postgraduate,6.0,In Person,2019
2191,ITAL2005,Italian Studies Continuing 1,First Semester,Undergraduate,6.0,In Person,2019
2192,ITAL6504,Italian Studies Continuing II,Second Semester,Postgraduate,6.0,In Person,2019
2193,ITAL6502,Italian Studies Introductory 2,Second Semester,Postgraduate,6.0,In Person,2019
2194,ITAL3020,Italy on Screen,,Undergraduate,6.0,In Person,2019
2195,SCRN2020,Italy on Screen,,Undergraduate,6.0,In Person,2019
2196,ENGL2074,Jane Austen History and Fiction,,Undergraduate,6.0,In Person,2019
2197,ENGL6023,Jane Austen History and Fiction,,Postgraduate,6.0,In Person,2019
2198,GEND2074,Jane Austen History and Fiction,,Undergraduate,6.0,In Person,2019
2199,INTR8063,"Japan & the World: Politics, Identity & Security",First Semester,Postgraduate,6.0,In Person,2019
2200,JPNS3013,Japanese - English Translation,First Semester,Undergraduate,6.0,In Person,2019
2201,JPNS6513,Japanese - English Translation,First Semester,Postgraduate,6.0,In Person,2019
2202,JPNS6112,Japanese 1: Spoken,First Semester,Postgraduate,6.0,Online or In Person,2019
2203,JPNS1012,Japanese 1: Spoken,First Semester,Undergraduate,6.0,In Person,2019
2204,ANUC1018,Japanese 1: Spoken,,Undergraduate,6.0,In Person,2019
2205,JPNS1014,Japanese 1: Written,First Semester,Undergraduate,6.0,In Person,2019
2206,JPNS6114,Japanese 1: Written,First Semester,Postgraduate,6.0,In Person,2019
2207,ANUC1019,Japanese 1: Written,,Undergraduate,6.0,In Person,2019
2208,JPNS2003,Japanese 2: Spoken,Second Semester,Undergraduate,6.0,Online or In Person,2019
2209,JPNS6113,Japanese 2: Spoken,Second Semester,Postgraduate,6.0,Online or In Person,2019
2210,JPNS2005,Japanese 2: Written,Second Semester,Undergraduate,6.0,In Person,2019
2211,JPNS6115,Japanese 2: Written,Second Semester,Postgraduate,6.0,In Person,2019
2212,JPNS2012,Japanese 3,First Semester,Undergraduate,6.0,In Person,2019
2213,JPNS6012,Japanese 3,First Semester,Postgraduate,6.0,In Person,2019
2214,JPNS6013,Japanese 4,Second Semester,Postgraduate,6.0,In Person,2019
2215,JPNS2013,Japanese 4,Second Semester,Undergraduate,6.0,In Person,2019
2216,JPNS3001,Japanese 5,First Semester,Undergraduate,6.0,In Person,2019
2217,JPNS6014,Japanese 5,First Semester,Postgraduate,6.0,In Person,2019
2218,JPNS6015,Japanese 6,Second Semester,Postgraduate,6.0,In Person,2019
2219,JPNS3002,Japanese 6,Second Semester,Undergraduate,6.0,In Person,2019
2220,ECON2008,Japanese Economy and Economic Policy,,Undergraduate,6.0,In Person,2019
2221,ECON8008,Japanese Economy and Economic Policy,,Postgraduate,6.0,In Person,2019
2222,INTR2018,Japanese Foreign and Security Policy,Second Semester,Undergraduate,6.0,In Person,2019
2223,JPNS6024,Japanese Grammar,First Semester,Postgraduate,6.0,In Person,2019
2224,JPNS2024,Japanese Grammar and Expressions,First Semester,Undergraduate,6.0,In Person,2019
2225,LAWS4227,Japanese Law and Society,Summer Session,Undergraduate,6.0,Online or In Person,2019
2226,LING2028,Japanese Linguistics,Second Semester,Undergraduate,6.0,In Person,2019
2227,LING6028,Japanese Linguistics,Second Semester,Postgraduate,6.0,In Person,2019
2228,ASIA6031,Japanese Politics,Second Semester,Postgraduate,6.0,In Person,2019
2229,ASIA2031,Japanese Politics,Second Semester,Undergraduate,6.0,In Person,2019
2230,ASIA2058,"Japanese Popular Culture: Manga, Anime, Film & the Visual Arts",Second Semester,Undergraduate,6.0,In Person,2019
2231,JPNS1002,Japanese Secondary Extension - Advanced,First Semester/Second Semester,Undergraduate,6.0,In Person,2019
2232,EXTN1007A,Japanese Secondary Extension - Advanced A,Autumn Session,Undergraduate,0.0,In Person,2019
2233,EXTN1007B,Japanese Secondary Extension - Advanced B,Autumn Session,Undergraduate,6.0,In Person,2019
2234,JPNS1001,Japanese Secondary Extension - Continuing,First Semester/Second Semester,Undergraduate,6.0,In Person,2019
2235,EXTN1006A,Japanese Secondary Extension - Continuing A,Autumn Session,Undergraduate,0.0,In Person,2019
2236,EXTN1006B,Japanese Secondary Extension - Continuing B,Autumn Session,Undergraduate,6.0,In Person,2019
2237,COMP2140,Java Programming,,Undergraduate,6.0,In Person,2019
2238,LAWS4010,Jessup Moot,Summer Session,Undergraduate,6.0,In Person,2019
2239,LAWS6010,Jessup Moot,Summer Session,Postgraduate,6.0,In Person,2019
2240,ARTV2410,Jewellery & Object: Experimenting with process,,Undergraduate,6.0,In Person,2019
2241,ARTV2421,Jewellery & Object: Hollow Construction,,Undergraduate,6.0,In Person,2019
2242,ARTV1403,Jewellery & Object: Introduction to Precise Miniature Construction,First Semester,Undergraduate,6.0,In Person,2019
2243,ARTV1404,"Jewellery & Object: Maker, Wearer, Viewer, User",Second Semester,Undergraduate,6.0,In Person,2019
2244,ARTV2401,Jewellery & Object: Making with machines,Second Semester,Undergraduate,6.0,In Person,2019
2245,ARTV2402,Jewellery & Object: Utility as Context,First Semester,Undergraduate,6.0,In Person,2019
2246,BUSN8200,Judgement and Decision Making Research in Accounting,First Semester,Postgraduate,6.0,In Person,2019
2247,LAWS8141,Judicial Review of Government Action,,Postgraduate,6.0,In Person,2019
2248,ANTH8007,Key Concepts in Anthropology of Development,Second Semester,Postgraduate,6.0,Online or In Person,2019
2249,PREP1110,Key Moments in Western Civilisation,,Undergraduate,6.0,In Person,2019
2250,LAWS6313,Kimberley Aboriginal Justice Clinic,,Postgraduate,6.0,In Person,2019
2251,LAWS4313,Kimberley Aboriginal Justice Clinic,,Undergraduate,6.0,In Person,2019
2252,MGMT7167,Knowledge Management,,Postgraduate,6.0,In Person,2019
2253,KORE1020,Korean 1,First Semester,Undergraduate,6.0,In Person,2019
2254,ANUC1031,Korean 1,,Undergraduate,6.0,In Person,2019
2255,KORE6120,Korean 1,First Semester,Postgraduate,6.0,In Person,2019
2256,KORE1021,Korean 2,Second Semester,Undergraduate,6.0,In Person,2019
2257,ANUC1032,Korean 2,,Undergraduate,6.0,In Person,2019
2258,KORE6121,Korean 2,Second Semester,Postgraduate,6.0,In Person,2019
2259,KORE2521,Korean 3,First Semester,Undergraduate,6.0,In Person,2019
2260,KORE6521,Korean 3,First Semester,Postgraduate,6.0,In Person,2019
2261,KORE2522,Korean 4,Second Semester,Undergraduate,6.0,In Person,2019
2262,KORE6522,Korean 4,Second Semester,Postgraduate,6.0,In Person,2019
2263,KORE3012,Korean 5,First Semester,Undergraduate,6.0,In Person,2019
2264,KORE6512,Korean 5,First Semester,Postgraduate,6.0,In Person,2019
2265,KORE3013,Korean 6,Second Semester,Undergraduate,6.0,In Person,2019
2266,KORE6513,Korean 6,Second Semester,Postgraduate,6.0,In Person,2019
2267,KORE1201,Korean Beginning Secondary - Extension,First Semester/Second Semester,Undergraduate,6.0,In Person,2019
2268,KORE1202,Korean Continuing Secondary - Extension,First Semester/Second Semester,Undergraduate,6.0,In Person,2019
2269,EXTN1008A,Korean Secondary Extension - Beginning A,Autumn Session,Undergraduate,0.0,In Person,2019
2270,EXTN1008B,Korean Secondary Extension - Beginning B,Autumn Session,Undergraduate,6.0,In Person,2019
2271,EXTN1009A,Korean Secondary Extension - Continuing A,Autumn Session,Undergraduate,0.0,In Person,2019
2272,EXTN1009B,Korean Secondary Extension - Continuing B,,Undergraduate,6.0,In Person,2019
2273,LAWS8171,Kyoto Seminar: Japanese Law in the Global Era,,Postgraduate,6.0,In Person,2019
2274,ECON4441,Labour Economics & Industrial Relations,First Semester,Undergraduate,6.0,In Person,2019
2275,ECON8041,Labour Economics and Industrial Relations,First Semester,Postgraduate,6.0,In Person,2019
2276,ECON2059,Labour Economics and Industrial Relations(H),First Semester,Undergraduate,6.0,In Person,2019
2277,ECON2009,Labour Economics and Industrial Relations(P),First Semester,Undergraduate,6.0,In Person,2019
2278,LAWS4228,Labour Law,Summer Session,Undergraduate,6.0,In Person,2019
2279,LAWS8428,Labour Law,,Postgraduate,6.0,In Person,2019
2280,ANTH8047,Land Rights and Resource Development,Second Semester,Postgraduate,6.0,Online or In Person,2019
2281,ANTH8044,Land Rights and Resource Development (Advanced),Second Semester,Postgraduate,12.0,Online or In Person,2019
2282,ENVS6304,Land and Catchment Management,Second Semester,Postgraduate,6.0,In Person,2019
2283,ENVS3004,Land and Catchment Management,Second Semester,Undergraduate,6.0,In Person,2019
2284,LAWS8312,"Land, Law and Development in Asia",,Postgraduate,6.0,In Person,2019
2285,LAWS8280,"Land, Water and Biodiversity",Winter Session,Postgraduate,6.0,In Person,2019
2286,LING2005,Language Across Time,Second Semester,Undergraduate,6.0,In Person,2019
2287,LING6005,Language Across Time,Second Semester,Postgraduate,6.0,In Person,2019
2288,LING6022,Language Policy and Language Politics,,Postgraduate,6.0,In Person,2019
2289,LING2022,Language Policy and Language Politics,,Undergraduate,6.0,In Person,2019
2290,LING2106,Language and Social Interaction,,Undergraduate,6.0,In Person,2019
2291,LING6311,Language and Social Interaction,,Postgraduate,6.0,In Person,2019
2292,LING6002,Language and Society,Second Semester,Postgraduate,6.0,In Person,2019
2293,LING1002,Language and Society,Second Semester,Undergraduate,6.0,In Person,2019
2294,LING2016,Language and Society in Indigenous Australia,,Undergraduate,6.0,In Person,2019
2295,LING6016,Language and Society in Indigenous Australia,,Postgraduate,6.0,In Person,2019
2296,LANG3004,Language and Society in Latin America,,Undergraduate,6.0,In Person,2019
2297,LANG6004,Language and Society in Latin America,,Postgraduate,6.0,In Person,2019
2298,LING2027,Language and Society in Latin America,,Undergraduate,6.0,In Person,2019
2299,LING6027,Language and Society in Latin America,,Postgraduate,6.0,In Person,2019
2300,ASIA2001,Language in Asia and the Pacific,First Semester,Undergraduate,6.0,In Person,2019
2301,ASIA8051,Language in Asia and the Pacific,First Semester,Postgraduate,6.0,In Person,2019
2302,ASIA2103,Language in Asia and the Pacific (L),First Semester,Undergraduate,6.0,In Person,2019
2303,LING6015,"Language, Culture and Translation",Second Semester,Postgraduate,6.0,In Person,2019
2304,LING2015,"Language, Culture, Translation",Second Semester,Undergraduate,6.0,In Person,2019
2305,LING2018,Languages in Contact,,Undergraduate,6.0,In Person,2019
2306,LING6018,Languages in Contact,,Postgraduate,6.0,In Person,2019
2307,PHYS8510,Lasers and Photonics,,Postgraduate,6.0,In Person,2019
2308,POLS8026,Latin America's International Relations,,Postgraduate,6.0,In Person,2019
2309,HIST2230,Latin America: Conquest and Colonisation,Second Semester,Undergraduate,6.0,In Person,2019
2310,LAWS8570,Law & Economics of Regulation,,Postgraduate,6.0,In Person,2019
2311,LAWS8713,Law Capstone Project,,Postgraduate,6.0,Online,2019
2312,LAWS6700,Law Capstone Project,First Semester/Second Semester,Postgraduate,6.0,In Person,2019
2313,LAWS4230,Law Internship,Summer Session/First Semester/Winter Session/Second Semester/Spring Session,Undergraduate,6.0,In Person,2019
2314,LAWS6230,Law Internship,Summer Session/First Semester/Winter Session/Second Semester/Spring Session,Postgraduate,6.0,In Person,2019
2315,LAWS4270,Law Reform,,Undergraduate,6.0,In Person,2019
2316,LAWS4239,Law and Armed Conflict,First Semester,Undergraduate,6.0,In Person,2019
2317,LAWS4231,Law and Art: Representation and Critique,Second Semester,Undergraduate,6.0,In Person,2019
2318,LAWS2290,Law and Art: Representation and Critique,Second Semester,Undergraduate,6.0,In Person,2019
2319,LAWS8006,Law and Development in the Contemporary South Pacific,,Postgraduate,6.0,In Person,2019
2320,LAWS8228,Law and Economics,,Postgraduate,6.0,In Person,2019
2321,ECON8047,Law and Economics,,Postgraduate,6.0,In Person,2019
2322,ECON4447,Law and Economics,,Undergraduate,6.0,In Person,2019
2323,ECON2139,Law and Economics(H),,Undergraduate,6.0,In Person,2019
2324,ECON2120,Law and Economics(P),,Undergraduate,6.0,In Person,2019
2325,LAWS8071,Law and Governance in sub-Saharan Africa,,Postgraduate,6.0,In Person,2019
2326,LAWS8586,Law and Legal Institutions,Summer Session/Winter Session,Postgraduate,6.0,In Person,2019
2327,LAWS8324,"Law and Organising for Reform, Justice and Inclusion",Summer Session,Postgraduate,6.0,Online,2019
2328,LAWS4279,Law and Politics of European Integration,Second Semester,Undergraduate,6.0,In Person,2019
2329,LAWS4260,Law and Psychology,Second Semester,Undergraduate,6.0,In Person,2019
2330,LAWS8460,Law and Psychology,,Postgraduate,6.0,In Person,2019
2331,LAWS8034,Law and Regulation,,Postgraduate,6.0,In Person,2019
2332,LAWS4256,Law and Sexualities,Second Semester,Undergraduate,6.0,In Person,2019
2333,LAWS8069,Law and Society in South Asia,,Postgraduate,6.0,In Person,2019
2334,LAWS4229,Law and Society in South East Asia,Summer Session,Undergraduate,6.0,In Person,2019
2335,LAWS8594,Law and Society in South East Asia,Spring Session,Postgraduate,6.0,In Person,2019
2336,LAWS3103,Law and the Environment,,Undergraduate,6.0,In Person,2019
2337,LAWS6503,Law and the Environment,,Postgraduate,6.0,In Person,2019
2338,LAWS8480,Law and the Humanities,,Postgraduate,6.0,In Person,2019
2339,LAWS4280,Law and the Humanities,Winter Session,Undergraduate,6.0,In Person,2019
2340,BUSN2101,Law of Business Entities,First Semester,Undergraduate,6.0,In Person,2019
2341,LAWS8253,Law of The Sea,Winter Session,Postgraduate,6.0,In Person,2019
2342,LAWS8326,"Law, Lawyers, Justice - Regional, Rural, Remote",Autumn Session,Postgraduate,6.0,Online,2019
2343,LAWS1202,Lawyers Justice and Ethics,Second Semester,Undergraduate,6.0,In Person,2019
2344,LAWS6102,"Lawyers, Justice and Ethics",Second Semester,Postgraduate,6.0,Online or In Person,2019
2345,LAWS8715,"Lawyers, Justice and Ethics - Completion Course",Summer Session/Winter Session,Postgraduate,6.0,Online,2019
2346,MGMT3021,Leadership,Second Semester,Undergraduate,6.0,In Person,2019
2347,STST8117,Leadership Theory,Winter Session,Postgraduate,6.0,In Person,2019
2348,MGMT7062,Leadership and Delivering Societal Impact,Second Semester,Postgraduate,6.0,In Person,2019
2349,DIPL2000,Leadership and Diplomacy,First Semester,Undergraduate,6.0,In Person,2019
2350,VCPG6003,Leadership and Influence in a Complex World,First Semester,Postgraduate,6.0,In Person,2019
2351,VCUG2002,Leadership and Influence in a Complex World,First Semester,Undergraduate,6.0,In Person,2019
2352,POGO8111,Leadership and Organisational Analysis,,Postgraduate,6.0,In Person,2019
2353,MGMT8270,Leading People and Change,First Semester/Second Semester,Postgraduate,6.0,Online or In Person,2019
2354,POGO8067,Leading Public Sector Change,Autumn Session,Postgraduate,6.0,In Person,2019
2355,MGMT7029,Leading Through Change,,Postgraduate,6.0,In Person,2019
2356,POGO8505,Leading and Influencing Public Policy,Summer Session,Postgraduate,6.0,In Person,2019
2357,CHIN6526,Learning Language Locally: China,,Postgraduate,6.0,In Person,2019
2358,CHIN2525,Learning Language Locally: China,Winter Session,Undergraduate,6.0,In Person,2019
2359,HIND2525,Learning Language Locally: India,,Undergraduate,6.0,In Person,2019
2360,HIND6525,Learning Language Locally: India,,Postgraduate,6.0,In Person,2019
2361,INDN2525,Learning Language Locally: Indonesia,Summer Session/Winter Session,Undergraduate,6.0,In Person,2019
2362,INDN6525,Learning Language Locally: Indonesia,Winter Session,Postgraduate,6.0,In Person,2019
2363,JPNS6525,Learning Language Locally: Japan,Summer Session,Postgraduate,6.0,In Person,2019
2364,JPNS2525,Learning Language Locally: Japan,Summer Session,Undergraduate,6.0,In Person,2019
2365,KORE2525,Learning Language Locally: Korea,Winter Session,Undergraduate,6.0,In Person,2019
2366,KORE6525,Learning Language Locally: Korea,Winter Session,Postgraduate,6.0,In Person,2019
2367,THAI2525,Learning Language Locally: Thailand,,Undergraduate,6.0,In Person,2019
2368,THAI6525,Learning Language Locally: Thailand,,Postgraduate,6.0,In Person,2019
2369,VIET2525,Learning Language Locally: Vietnam,,Undergraduate,6.0,In Person,2019
2370,VIET6525,Learning Language Locally: Vietnam,,Postgraduate,6.0,In Person,2019
2371,AUST1001,Learning an Indigenous Australian Language,Summer Session/First Semester,Undergraduate,6.0,Online or In Person,2019
2372,LAWS8337,Legal Education for True Justice: Indigenous Perspectives and Deep Listening on Country,,Postgraduate,6.0,In Person,2019
2373,LAWS4307,Legal Education for True Justice: Indigenous Perspectives and Deep Listening on Country,,Undergraduate,6.0,In Person,2019
2374,LAWS6307,Legal Education for True Justice: Indigenous Perspectives and Deep Listening on Country,,Postgraduate,6.0,In Person,2019
2375,LAWS8319,Legal Entrepreneur,,Postgraduate,6.0,Online,2019
2376,LEGW8101,Legal Ethics,,Postgraduate,3.0,In Person,2019
2377,LAWS8587,Legal Framework of Regulation,,Postgraduate,6.0,In Person,2019
2378,LEGW8129,Legal Practice Experience,Summer Session/Autumn Session/Winter Session/Spring Session,Postgraduate,12.0,In Person,2019
2379,LEGW8130,Legal Practice Experience,Summer Session/Autumn Session/Winter Session/Spring Session,Postgraduate,9.0,In Person,2019
2380,LEGW8131,Legal Practice Experience,Summer Session/Autumn Session/Winter Session/Spring Session,Postgraduate,6.0,In Person,2019
2381,LEGW8134,Legal Practice Experience,Summer Session/Autumn Session/Winter Session/Spring Session,Postgraduate,3.0,In Person,2019
2382,LEGW8150,Legal Practice Experience,Summer Session/Autumn Session/Winter Session/Spring Session,Postgraduate,9.0,In Person,2019
2383,LEGW8151,Legal Practice Experience,Summer Session/Autumn Session/Winter Session/Spring Session,Postgraduate,6.0,In Person,2019
2384,LEGW8143,Legal Practice Experience,,Postgraduate,3.0,In Person,2019
2385,PREP1136,Legal Studies,Autumn Session/Spring Session,Undergraduate,6.0,In Person,2019
2386,PREP1111,Legal Studies,,Undergraduate,6.0,In Person,2019
2387,LAWS6249,Legal Theory,Second Semester,Postgraduate,6.0,Online or In Person,2019
2388,LAWS2249,Legal Theory,Second Semester,Undergraduate,6.0,In Person,2019
2389,LAWS8716,Legal Theory - Completion Course,Summer Session/Winter Session,Postgraduate,6.0,Online,2019
2390,HIST6244,Legends and Life Stories: Australia Since 1788,,Postgraduate,6.0,In Person,2019
2391,HIST2244,Legends and Life Stories: Australia since 1788,,Undergraduate,6.0,In Person,2019
2392,LAWS8104,Legislation and Legislative Drafting,Spring Session,Postgraduate,6.0,In Person,2019
2393,LAWS4251,Legislative Drafting and Technology,Second Semester,Undergraduate,6.0,In Person,2019
2394,LAWS8451,Legislative Drafting and Technology,,Postgraduate,6.0,In Person,2019
2395,PHIL2289,"Leviathan, Art and Law: Constituting the Body Politic",,Undergraduate,6.0,In Person,2019
2396,LAWS4289,"Leviathan, Art, and Law: Constituting the Body Politic",,Undergraduate,6.0,In Person,2019
2397,ASIA6145,"Lies, Conspiracies and Propaganda",First Semester,Postgraduate,6.0,In Person,2019
2398,ASIA2045,"Lies, Conspiracy and Propaganda",First Semester,Undergraduate,6.0,In Person,2019
2399,STAT3037,Life Contingencies,Second Semester,Undergraduate,6.0,In Person,2019
2400,STAT6043,Life Contingencies,Second Semester,Postgraduate,6.0,In Person,2019
2401,DEMO8092,Life Course Analytics,Second Semester,Postgraduate,6.0,Online or In Person,2019
2402,POPH8918,Life Course Approaches to Human Ageing,Second Semester,Postgraduate,6.0,Online or In Person,2019
2403,PHYS1004,Life Physics,Second Semester,Undergraduate,6.0,In Person,2019
2404,CHMD8013,"Life, Waste and Sustainability",,Postgraduate,6.0,Online or In Person,2019
2405,ASIA6308,Linguistic Histories in Asia and the Pacific,,Postgraduate,6.0,In Person,2019
2406,ASIA2308,Linguistic Histories in Asia and the Pacific,,Undergraduate,6.0,In Person,2019
2407,ASIA2100,Linguistic Histories in Asia and the Pacific (L),,Undergraduate,6.0,In Person,2019
2408,CHIN2019,Literary Chinese 1,First Semester,Undergraduate,6.0,In Person,2019
2409,CHIN6530,Literary Chinese 1,First Semester,Postgraduate,6.0,In Person,2019
2410,CHIN2021,Literary Chinese 2,Second Semester,Undergraduate,6.0,In Person,2019
2411,CHIN6531,Literary Chinese 2,Second Semester,Postgraduate,6.0,In Person,2019
2412,ASIA3040,Literary and Cultural Discourse in Modern Japan,First Semester,Undergraduate,6.0,In Person,2019
2413,ASIA6040,Literary and Cultural Discourse in Modern Japan,First Semester,Postgraduate,6.0,In Person,2019
2414,ENGL2086,"Literature in the Digital Age: Theories, Texts, Methods",First Semester,Undergraduate,6.0,Online or In Person,2019
2415,ENGL6086,"Literature in the Digital Age: Theories, Texts, Methods",First Semester,Postgraduate,6.0,Online or In Person,2019
2416,CLAS1004,Literature of the Classical World (Texts in Translation),First Semester,Undergraduate,6.0,In Person,2019
2417,LAWS4286,"Literature, Law and Human Rights",First Semester,Undergraduate,6.0,In Person,2019
2418,ENGL3037,"Literature, Law and Human Rights",First Semester,Undergraduate,6.0,In Person,2019
2419,LAWS2244,Litigation and Dispute Management,First Semester,Undergraduate,6.0,In Person,2019
2420,LAWS6244,Litigation and Dispute Management,First Semester,Postgraduate,6.0,Online or In Person,2019
2421,COMP2620,Logic,First Semester,Undergraduate,6.0,In Person,2019
2422,PHIL2080,Logic,First Semester,Undergraduate,6.0,In Person,2019
2423,COMP6262,Logic,First Semester,Postgraduate,6.0,In Person,2019
2424,ANUC1107,Logic and Critical Thinking,Second Semester,Undergraduate,6.0,In Person,2019
2425,PHIL1005,Logic and Critical Thinking,Second Semester,Undergraduate,6.0,In Person,2019
2426,PHIL2059,Love Death and Freedom (20th Century French Phenomenology),,Undergraduate,6.0,In Person,2019
2427,ANTH8050,MAAPD (Advanced) Thesis,First Semester/Second Semester,Postgraduate,6.0,In Person,2019
2428,ANTH8016,MAAPD Internship,Summer Session/First Semester/Second Semester/Spring Session,Postgraduate,6.0,Online or In Person,2019
2429,ECON7074,Macroeconomic Analysis,First Semester/Second Semester,Postgraduate,6.0,In Person,2019
2430,IDEC8002,Macroeconomic Analysis and Policy,Second Semester,Postgraduate,6.0,In Person,2019
2431,IDEC8068,Macroeconomic Policy and Implementation,,Postgraduate,6.0,In Person,2019
2432,ECON4422,Macroeconomic Theory,First Semester,Undergraduate,6.0,In Person,2019
2433,ECON8022,Macroeconomic Theory (Master),First Semester/Second Semester,Postgraduate,6.0,In Person,2019
2434,PREP1131,Macroeconomics,Autumn Session,Undergraduate,6.0,In Person,2019
2435,ECON1102,Macroeconomics 1,First Semester/Second Semester,Undergraduate,6.0,In Person,2019
2436,ECON2112,Macroeconomics 2(H),,Undergraduate,6.0,In Person,2019
2437,ECON2102,Macroeconomics 2(P),First Semester/Second Semester,Undergraduate,6.0,In Person,2019
2438,ECON3102,Macroeconomics 3,Second Semester,Undergraduate,6.0,In Person,2019
2439,BIOL6206,Macroevolution and Macroecology,Second Semester,Postgraduate,6.0,In Person,2019
2440,BIOL3206,Macroevolution and Macroecology,Second Semester,Undergraduate,6.0,In Person,2019
2441,EMSC6024,Magmatism and Metamorphism,First Semester,Postgraduate,6.0,In Person,2019
2442,EMSC3024,Magmatism and Metamorphism,First Semester,Undergraduate,6.0,In Person,2019
2443,ASIA2041,Mainland Southeast Asia: Colonial and Postcolonial Predicaments,Second Semester,Undergraduate,6.0,In Person,2019
2444,DESN8002,Major Design Inquiry: Application of Research,First Semester/Second Semester,Postgraduate,12.0,In Person,2019
2445,STST8055,Making Grand Strategy,,Postgraduate,6.0,In Person,2019
2446,HIST6007,Making History,,Postgraduate,6.0,Online or In Person,2019
2447,HIST3007,Making History,Second Semester,Undergraduate,6.0,In Person,2019
2448,SCOM3032,Making Modern Science,First Semester,Undergraduate,6.0,Online or In Person,2019
2449,SCOM6032,Making Modern Science,First Semester,Postgraduate,6.0,Online or In Person,2019
2450,DESN1001,Making Online: Context & Presence,,Undergraduate,6.0,In Person,2019
2451,ARTV3031,Making Research for a Studio Practice in the Visual Arts,,Undergraduate,6.0,In Person,2019
2452,POGO8090,Making and Evaluating Policy,,Postgraduate,6.0,In Person,2019
2453,ARCH3029,Making-Taking-Using-Breaking: Material Culture Studies and Technology in Archaeology,,Undergraduate,6.0,In Person,2019
2454,NSPO8017,Malicious Networks: Transnational Terrorism and Crime,,Postgraduate,6.0,In Person,2019
2455,BUSN2011,Management Accounting,First Semester/Second Semester,Undergraduate,6.0,In Person,2019
2456,BUSN7031,Management Accounting and Cost Analysis,First Semester/Second Semester,Postgraduate,6.0,In Person,2019
2457,MGMT8002,Management Consulting,,Postgraduate,6.0,In Person,2019
2458,MGMT4500,Management Honours Thesis,First Semester/Second Semester,Undergraduate,6.0,In Person,2019
2459,MGMT8191,Management Master Class,,Postgraduate,6.0,In Person,2019
2460,MGMT4006,Management Research Methods,First Semester,Undergraduate,6.0,In Person,2019
2461,MGMT8006,Management Research Methods,First Semester,Postgraduate,6.0,In Person,2019
2462,MGMT1003,"Management, People and Organisations",First Semester/Second Semester,Undergraduate,6.0,In Person,2019
2463,ECON6014,Managerial Economics,First Semester,Postgraduate,6.0,In Person,2019
2464,ECON2014,Managerial Economics,First Semester,Undergraduate,6.0,In Person,2019
2465,MGMT7107,Managing Across Cultures,Second Semester,Postgraduate,6.0,In Person,2019
2466,ENVS6026,Managing Forested Landscapes,First Semester,Postgraduate,6.0,In Person,2019
2467,ENVS3041,Managing Forested Landscapes,First Semester,Undergraduate,6.0,In Person,2019
2468,POGO8057,Managing Government Finances,Autumn Session,Postgraduate,6.0,In Person,2019
2469,MGMT8062,Managing Major Projects,First Semester,Postgraduate,6.0,In Person,2019
2470,MGMT2035,Managing Organisational Change,Second Semester,Undergraduate,6.0,In Person,2019
2471,POGO8300,Managing Public Sector Organisations,Spring Session,Postgraduate,6.0,Online or In Person,2019
2472,COMP3120,Managing Software Development,First Semester,Undergraduate,6.0,In Person,2019
2473,COMP8110,Managing Software Projects in a System Context,First Semester,Postgraduate,6.0,In Person,2019
2474,COMP4130,Managing Software Quality and Process,First Semester,Undergraduate,6.0,In Person,2019
2475,MGMT7007,Managing for Sustainability,First Semester,Postgraduate,6.0,In Person,2019
2476,BUSI7280,Managing in a Global Context,First Semester/Second Semester,Postgraduate,6.0,Online or In Person,2019
2477,BUSI7001,Managing the Global Supply Chain,First Semester,Postgraduate,6.0,In Person,2019
2478,STAT4010,Managing the Research Process,First Semester,Undergraduate,6.0,In Person,2019
2479,STAT8010,Managing the Research Process,First Semester,Postgraduate,6.0,In Person,2019
2480,ENGN6212,Manufacturing Technologies,,Postgraduate,6.0,In Person,2019
2481,ENGN4212,Manufacturing Technologies,First Semester,Undergraduate,6.0,In Person,2019
2482,ASIA8046,Maps and Mapping for the Social Sciences and Humanities,First Semester,Postgraduate,6.0,In Person,2019
2483,EMSC3023,Marine Biogeochemistry,First Semester,Undergraduate,6.0,In Person,2019
2484,EMSC6023,Marine Biogeochemistry,First Semester,Postgraduate,6.0,In Person,2019
2485,BIOL3116,Marine Conservation Ecology,Second Semester,Undergraduate,6.0,In Person,2019
2486,BIOL6116,Marine Conservation Ecology,Second Semester,Postgraduate,6.0,In Person,2019
2487,LAWS8129,Marine and Coastal Law,,Postgraduate,6.0,In Person,2019
2488,LAWS8315,Maritime Security Law,,Postgraduate,6.0,In Person,2019
2489,MKTG2004,Marketing,Summer Session/Second Semester,Undergraduate,6.0,In Person,2019
2490,MKTG7001,Marketing,,Postgraduate,6.0,Online or In Person,2019
2491,MKTG8001,Marketing Analytics,,Postgraduate,6.0,In Person,2019
2492,MKTG4500,Marketing Honours Thesis,First Semester/Second Semester,Undergraduate,6.0,In Person,2019
2493,MKTG8002,Marketing Metrics and Firm Value,,Postgraduate,6.0,In Person,2019
2494,MKTG2001,Marketing Research,Second Semester,Undergraduate,6.0,In Person,2019
2495,MKTG7260,Marketing and Stakeholder Communications,First Semester/Autumn Session/Winter Session/Second Semester,Postgraduate,6.0,Online or In Person,2019
2496,MKTG2003,Marketing for Financial Services,Second Semester,Undergraduate,6.0,In Person,2019
2497,GERM3052,"Marx, Nietzsche, Freud",First Semester,Undergraduate,6.0,In Person,2019
2498,GERM6052,"Marx, Nietzsche, Freud",First Semester,Postgraduate,6.0,In Person,2019
2499,ENGL3052,"Marx, Nietzsche, Freud: Introduction to European Critical Theory",First Semester,Undergraduate,6.0,In Person,2019
2500,BUSN8802,Master Research Project (Commerce),First Semester,Postgraduate,12.0,In Person,2019
2501,MMIB8005,Master Sub-Thesis (Business Studies),First Semester/Second Semester,Postgraduate,18.0,In Person,2019
2502,BUSN8803,Master Sub-Thesis (Commerce),First Semester,Postgraduate,18.0,In Person,2019
2503,BUSN8804,Master Sub-Thesis (Commerce),First Semester/Second Semester,Postgraduate,6.0,In Person,2019
2504,ENGN8180,Master Thesis Project,,Postgraduate,12.0,In Person,2019
2505,ASIA8500,Master of Asian and Pacific Studies (Advanced) Thesis,First Semester/Second Semester,Postgraduate,12.0,Online or In Person,2019
2506,EMDV8016,Master of Environmental Management and Development Thesis,First Semester/Second Semester,Postgraduate,12.0,Online or In Person,2019
2507,PHYS8207,Master of Nuclear Science Research Project,Summer Session/First Semester/Autumn Session/Winter Session/Second Semester/Spring Session,Postgraduate,6.0,In Person,2019
2508,MEDN8550F,"Master of Philosophy - Research Course, John Curtin School of Medical Research",Summer Session/First Semester/Autumn Session/Winter Session/Second Semester/Spring Session,Postgraduate,6.0,In Person,2019
2509,MEDN8550P,"Master of Philosophy - Research Course, John Curtin School of Medical Research",Summer Session/First Semester/Autumn Session/Winter Session/Second Semester/Spring Session,Postgraduate,6.0,In Person,2019
2510,SCOM7000,Master of Science Communication Research Project,First Semester/Second Semester,Postgraduate,3.0,In Person,2019
2511,MMIB8006,Master's Thesis (Business Studies),First Semester/Second Semester,Postgraduate,6.0,In Person,2019
2512,ARCH8037,Masterclass in Archaeological and Evolutionary Science,Autumn Session/Winter Session,Postgraduate,6.0,In Person,2019
2513,REGN8010,"Masterclass in Criminology, Justice and Regulation",,Postgraduate,6.0,In Person,2019
2514,ENVS8000P,Masters Dissertation,First Semester/Second Semester,Postgraduate,12.0,In Person,2019
2515,IDEC8064,Masters Microeconomics,First Semester,Postgraduate,6.0,In Person,2019
2516,IDEC8011,Masters Research Essay,First Semester/Second Semester,Postgraduate,6.0,In Person,2019
2517,PHYS8000,Masters Research Project,First Semester/Second Semester,Postgraduate,12.0,In Person,2019
2518,CHEM2213,Materials Chemistry,Second Semester,Undergraduate,6.0,In Person,2019
2519,MATH6115,Mathematical Finance,Second Semester,Postgraduate,6.0,In Person,2019
2520,MATH1113,Mathematical Foundations for Actuarial Studies,Second Semester,Undergraduate,6.0,In Person,2019
2521,IDEC8015,Mathematical Methods in Applied Economics,First Semester,Postgraduate,6.0,In Person,2019
2522,EMET7001,Mathematical Techniques for Economic Analysis,First Semester/Second Semester,Postgraduate,6.0,In Person,2019
2523,MATH8702,Mathematics Reading Course,Summer Session/First Semester/Second Semester,Postgraduate,6.0,In Person,2019
2524,MATH8701,Mathematics Research Project,Summer Session/First Semester/Second Semester,Postgraduate,6.0,In Person,2019
2525,MATH8705,Mathematics Special Topic,First Semester/Second Semester,Postgraduate,6.0,In Person,2019
2526,MATH1013,Mathematics and Applications 1,First Semester/Second Semester,Undergraduate,6.0,In Person,2019
2527,ANUC1129,Mathematics and Applications 1,First Semester,Undergraduate,6.0,In Person,2019
2528,MATH1014,Mathematics and Applications 2,First Semester/Second Semester/Spring Session,Undergraduate,6.0,In Person,2019
2529,ANUC1130,Mathematics and Applications 2,Second Semester,Undergraduate,6.0,In Person,2019
2530,MATH3015,Mathematics of Finance,Second Semester,Undergraduate,6.0,In Person,2019
2531,PREP1120,Mathematics: Introduction to Calculus,Autumn Session,Undergraduate,6.0,In Person,2019
2532,PREP1121,Mathematics: Real Functions and their Graphs,Spring Session,Undergraduate,6.0,In Person,2019
2533,ASGS1025,Maths Bridging,,Undergraduate,12.0,In Person,2019
2534,BIAN6133,Mating and Parenting: Evolutionary Ecology of Human Reproductive Strategies,Second Semester,Postgraduate,6.0,In Person,2019
2535,BIAN2133,Mating and Parenting: Evolutionary Ecology of Human Reproductive Strategies,Second Semester,Undergraduate,6.0,In Person,2019
2536,MATH6112,Matrix Computations,Second Semester,Postgraduate,6.0,In Person,2019
2537,MATH3512,Matrix Computations,Second Semester,Undergraduate,6.0,In Person,2019
2538,ENGN2217,Mechanical Systems and Design,First Semester,Undergraduate,6.0,In Person,2019
2539,POLS3038,Media and Politics,First Semester,Undergraduate,6.0,In Person,2019
2540,SOCY2165,Media in the Public Sphere,First Semester,Undergraduate,6.0,In Person,2019
2541,MEDN2001,Medical Physiology and Pharmacology,First Semester,Undergraduate,6.0,In Person,2019
2542,MEDN6001,Medical Physiology and Pharmacology,First Semester,Postgraduate,6.0,In Person,2019
2543,MEDN4001,Medical Research Honours,First Semester/Second Semester,Undergraduate,12.0,In Person,2019
2544,MEDN8701,Medical Research Project,First Semester/Second Semester,Postgraduate,12.0,In Person,2019
2545,BIOL3190,Medical Science in the Workplace,Second Semester,Undergraduate,6.0,In Person,2019
2546,MEDI8011,Medicine 1A,First Semester,Postgraduate,24.0,In Person,2019
2547,MEDI8012,Medicine 1B,Second Semester,Postgraduate,24.0,In Person,2019
2548,MEDI8020A,Medicine 2,First Semester,Postgraduate,21.0,In Person,2019
2549,MEDI8020B,Medicine 2,Second Semester,Postgraduate,21.0,In Person,2019
2550,MEDI8030B,Medicine 3,Second Semester,Postgraduate,24.0,In Person,2019
2551,MEDI8030A,Medicine 3,First Semester,Postgraduate,24.0,In Person,2019
2552,MEDI8040B,Medicine 4,Second Semester,Postgraduate,24.0,In Person,2019
2553,MEDI8040A,Medicine 4,First Semester,Postgraduate,24.0,In Person,2019
2554,CHMD8008,Medicine and Society in History,,Postgraduate,6.0,In Person,2019
2555,ANTH6026,"Medicine, Healing and the Body",Second Semester,Postgraduate,6.0,In Person,2019
2556,ANTH2026,"Medicine, Healing and the Body",Second Semester,Undergraduate,6.0,In Person,2019
2557,EMSC3032,"Melting Polar Ice Sheets, Sea Level Variations and Climate Change",First Semester,Undergraduate,6.0,In Person,2019
2558,EMSC6032,"Melting Polar Ice Sheets, Sea Level Variations and Climate Change",First Semester,Postgraduate,6.0,In Person,2019
2559,ARTH8012,Methodologies of Art History,First Semester,Postgraduate,12.0,Online or In Person,2019
2560,ARTH4017,Methodologies of Art History,First Semester,Undergraduate,12.0,In Person,2019
2561,EMDV8002,Methods for Environmental Decision-Making,,Postgraduate,6.0,In Person,2019
2562,REGN8001,"Methods in Crime, Justice and Regulation",Second Semester,Postgraduate,6.0,In Person,2019
2563,REGN9076,Methods in Regulation and Governance,Second Semester,Postgraduate,6.0,In Person,2019
2564,ARCH8040,Microanalysis in Archaeological Science,First Semester,Postgraduate,6.0,In Person,2019
2565,ECON7073,Microeconomic Analysis,First Semester/Second Semester,Postgraduate,6.0,In Person,2019
2566,IDEC8016,Microeconomic Analysis and Policy,First Semester,Postgraduate,6.0,In Person,2019
2567,ECON4411,Microeconomic Theory,First Semester,Undergraduate,6.0,In Person,2019
2568,ECON8011,Microeconomic Theory,First Semester/Second Semester,Postgraduate,6.0,In Person,2019
2569,PREP1130,Microeconomics,Spring Session,Undergraduate,6.0,In Person,2019
2570,ECON1101,Microeconomics 1,First Semester/Second Semester,Undergraduate,6.0,In Person,2019
2571,ECON2111,Microeconomics 2(H),,Undergraduate,6.0,In Person,2019
2572,ECON2101,Microeconomics 2(P),First Semester/Second Semester,Undergraduate,6.0,In Person,2019
2573,ECON3101,Microeconomics 3,First Semester,Undergraduate,6.0,In Person,2019
2574,LAWS8176,Migration Law,,Postgraduate,6.0,In Person,2019
2575,LAWS4269,Migration Law,,Undergraduate,6.0,In Person,2019
2576,DEMO2003,Migration in the Modern World,Second Semester,Undergraduate,6.0,In Person,2019
2577,ANTH8042,"Migration, Refugees and Development",Second Semester,Postgraduate,6.0,Online or In Person,2019
2578,LAWS8163,Military Administrative Law,Autumn Session,Postgraduate,6.0,In Person,2019
2579,LAWS8160,Military Discipline Law,Winter Session,Postgraduate,6.0,In Person,2019
2580,LAWS8161,Military Legal Practice,Spring Session,Postgraduate,6.0,In Person,2019
2581,LAWS8162,Military Operations Law,Summer Session,Postgraduate,6.0,In Person,2019
2582,SOCR8011,Mixed methods social research,First Semester,Postgraduate,6.0,In Person,2019
2583,SOCY2060,Mobile Societies,,Undergraduate,6.0,In Person,2019
2584,VCPG6002,Mobilising Research,,Postgraduate,6.0,In Person,2019
2585,VCUG3002,Mobilising Research,,Undergraduate,6.0,In Person,2019
2586,COMP8190,Model-Driven Software Development,,Postgraduate,6.0,In Person,2019
2587,IDEC8127,Modelling the Global Economy: techniques and policy implications,Second Semester,Postgraduate,6.0,In Person,2019
2588,ENGL2006,Modern American Fiction,First Semester,Undergraduate,6.0,In Person,2019
2589,ENGL6029,Modern American Fiction,First Semester,Postgraduate,6.0,In Person,2019
2590,ENGL6030,Modern Australian Drama,,Postgraduate,6.0,In Person,2019
2591,ENGL2108,Modern Australian Drama,,Undergraduate,6.0,In Person,2019
2592,CHIN1012,Modern Chinese 1: Spoken,First Semester,Undergraduate,6.0,In Person,2019
2593,CHIN6012,Modern Chinese 1: Spoken,First Semester,Postgraduate,6.0,In Person,2019
2594,CHIN1013,Modern Chinese 1: Written,First Semester,Undergraduate,6.0,In Person,2019
2595,CHIN6013,Modern Chinese 1: Written,First Semester,Postgraduate,6.0,In Person,2019
2596,CHIN6022,Modern Chinese 2: Spoken,Second Semester,Postgraduate,6.0,In Person,2019
2597,CHIN2022,Modern Chinese 2: Spoken,Second Semester,Undergraduate,6.0,In Person,2019
2598,CHIN2023,Modern Chinese 2: Written,Second Semester,Undergraduate,6.0,In Person,2019
2599,CHIN6023,Modern Chinese 2: Written,Second Semester,Postgraduate,6.0,In Person,2019
2600,CHIN2014,Modern Chinese 3,First Semester,Undergraduate,6.0,In Person,2019
2601,CHIN6520,Modern Chinese 3,First Semester,Postgraduate,6.0,In Person,2019
2602,CHIN2017,Modern Chinese 4,Second Semester,Undergraduate,6.0,In Person,2019
2603,CHIN6521,Modern Chinese 4,Second Semester,Postgraduate,6.0,In Person,2019
2604,CHIN3022,Modern Chinese 5,First Semester,Undergraduate,6.0,In Person,2019
2605,CHIN6522,Modern Chinese 5,First Semester,Postgraduate,6.0,In Person,2019
2606,CHIN3023,Modern Chinese 6,Second Semester,Undergraduate,6.0,In Person,2019
2607,CHIN6523,Modern Chinese 6,Second Semester,Postgraduate,6.0,In Person,2019
2608,LAWS8335,Modern Equity: Concepts and Principles,,Postgraduate,6.0,In Person,2019
2609,ENGL2101,Modern European Theatre,,Undergraduate,6.0,In Person,2019
2610,PHIL2074,Modern Theories of Knowledge,Second Semester,Undergraduate,6.0,In Person,2019
2611,MEAS2003,"Modern Turkey: History, Culture and Regional Relations",,Undergraduate,6.0,In Person,2019
2612,MEAS6503,"Modern Turkey: History, Culture and Regional Relations",,Postgraduate,6.0,In Person,2019
2613,ARTH6043,Modernism and Postmodernism in Art and Design: 1850-2000,Second Semester,Postgraduate,6.0,Online or In Person,2019
2614,ARTH2043,Modernism and Postmodernism in Art and Design: 1850-2000,Second Semester,Undergraduate,6.0,In Person,2019
2615,ENGL6031,Modernist Literature 1890-1940,,Postgraduate,6.0,In-Person and Online,2019
2616,ENGL2080,Modernist Literature 1890-1940,,Undergraduate,6.0,In Person,2019
2617,BIOL2162,Molecular Gene Technology,Second Semester,Undergraduate,6.0,In Person,2019
2618,BIOL6162,Molecular Gene Technology,Second Semester,Postgraduate,6.0,In Person,2019
2619,CHEM3208,Molecular Modeling and Computational Chemistry,Second Semester,Undergraduate,6.0,In Person,2019
2620,IDEC8012,Monetary Policy and Central Banking in the Asia Pacific,Winter Session,Postgraduate,6.0,In Person,2019
2621,ECON2026,Money and Banking,First Semester,Undergraduate,6.0,In Person,2019
2622,MNGL6002,Mongolian 1,First Semester,Postgraduate,6.0,Online or In Person,2019
2623,MNGL1002,Mongolian 1,First Semester,Undergraduate,6.0,Online or In Person,2019
2624,MNGL6003,Mongolian 2,Second Semester,Postgraduate,6.0,Online or In Person,2019
2625,MNGL1003,Mongolian 2,Second Semester,Undergraduate,6.0,Online or In Person,2019
2626,MNGL6102,Mongolian 3,First Semester,Postgraduate,6.0,Online or In Person,2019
2627,MNGL2002,Mongolian 3,First Semester,Undergraduate,6.0,Online or In Person,2019
2628,MNGL6103,Mongolian 4,Second Semester,Postgraduate,6.0,Online or In Person,2019
2629,MNGL2003,Mongolian 4,Second Semester,Undergraduate,6.0,Online or In Person,2019
2630,LAWS4305,"Mooting, Advocacy and Process",,Undergraduate,6.0,In Person,2019
2631,SCRN2001,Moving Pictures: Genre and Theory in Screen Studies,,Undergraduate,6.0,In Person,2019
2632,COMP4340,Multicore Computing: Principles and Practice,,Undergraduate,6.0,In Person,2019
2633,COMP8320,Multicore Computing: Principles and Practice,,Postgraduate,6.0,In Person,2019
2634,SPAN6604,Multilingualism and indigenous peoples in the Americas,Second Semester,Postgraduate,6.0,In Person,2019
2635,SPAN2604,Multilingualism and indigenous peoples in the Americas,Second Semester,Undergraduate,6.0,In Person,2019
2636,STAT8020,Multivariate Analysis,,Postgraduate,6.0,In Person,2019
2637,MUSC8013,Museum Education and Heritage Interpretation Study Tour,,Postgraduate,6.0,Online or In Person,2019
2638,MUSC8017,Museums and Collections: Key Concepts and Practices,First Semester,Postgraduate,6.0,Online or In Person,2019
2639,MUSC8011,Museums and Heritage Extended Research Project,Summer Session/First Semester/Autumn Session/Winter Session/Second Semester/Spring Session,Postgraduate,12.0,Online or In Person,2019
2640,MUSC8009,Museums and Heritage Research Project,Summer Session/First Semester/Autumn Session/Winter Session/Second Semester/Spring Session,Postgraduate,6.0,Online or In Person,2019
2641,MUSI2220,Music Ensemble,First Semester/Second Semester,Undergraduate,6.0,In Person,2019
2642,MUSI8014,Music Graduate Chamber Ensemble,First Semester/Second Semester,Postgraduate,6.0,In Person,2019
2643,MUSI8012,Music Graduate Exegesis,First Semester/Second Semester,Postgraduate,6.0,In Person,2019
2644,MUSI8013,Music Graduate Extended Exegesis,First Semester/Second Semester,Postgraduate,12.0,In Person,2019
2645,MUSI4412,Music Honours Ensemble,First Semester/Second Semester,Undergraduate,6.0,In Person,2019
2646,MUSI4410,Music Honours Exegesis,Second Semester,Undergraduate,6.0,In Person,2019
2647,MUSI4411,Music Honours Extended Exegesis,Second Semester,Undergraduate,12.0,In Person,2019
2648,ANUC1111,Music Performance 1,First Semester,Undergraduate,6.0,In Person,2019
2649,MUSI1101,Music Performance 1,First Semester,Undergraduate,6.0,In Person,2019
2650,ANUC1112,Music Performance 2,First Semester/Second Semester,Undergraduate,6.0,In Person,2019
2651,MUSI1102,Music Performance 2,First Semester/Second Semester,Undergraduate,6.0,In Person,2019
2652,MUSI2201,Music Performance 3,First Semester/Second Semester,Undergraduate,6.0,In Person,2019
2653,MUSI2202,Music Performance 4,First Semester/Second Semester,Undergraduate,6.0,In Person,2019
2654,MUSI3301,Music Performance 5,First Semester/Second Semester,Undergraduate,6.0,In Person,2019
2655,MUSI3302,Music Performance 6,First Semester/Second Semester,Undergraduate,6.0,In Person,2019
2656,MUSI2205,Music Project,First Semester/Second Semester,Undergraduate,6.0,In Person,2019
2657,MUSI6209,Music Recording and Production Techniques,Second Semester,Postgraduate,6.0,In Person,2019
2658,MUSI2209,Music Recording and Production Techniques,Second Semester,Undergraduate,6.0,In Person,2019
2659,ANUC1135,Music Theory & Aural Skills 1,First Semester,Undergraduate,6.0,In Person,2019
2660,MUSI1105,Music Theory & Aural Skills 1,First Semester,Undergraduate,6.0,In Person,2019
2661,MUSI1106,Music Theory & Aural Skills 2,Second Semester,Undergraduate,6.0,In Person,2019
2662,ANUC1136,Music Theory & Aural Skills 2,First Semester,Undergraduate,6.0,In Person,2019
2663,MUSI2203,Music Theory & Aural Skills 3,First Semester,Undergraduate,6.0,In Person,2019
2664,ANUC1137,Music Theory & Aural Skills 3,First Semester,Undergraduate,6.0,In Person,2019
2665,MUSI2204,Music Theory & Aural Skills 4,Second Semester,Undergraduate,6.0,In Person,2019
2666,MUSI3319,Music Theory & Aural Skills 5,First Semester,Undergraduate,6.0,In Person,2019
2667,MUSI3320,Music Theory & Aural Skills 6,Second Semester,Undergraduate,6.0,In Person,2019
2668,MUSI6009,Music and Digital Media,First Semester,Postgraduate,6.0,In Person,2019
2669,MUSI3309,Music and Digital Media,First Semester,Undergraduate,6.0,In Person,2019
2670,MUSI6007,Music and Globalisation,Second Semester,Postgraduate,6.0,In Person,2019
2671,MUSI3310,Music and Globalisation,Second Semester,Undergraduate,6.0,In Person,2019
2672,SPAN3101,Music and Society in the Spanish Speaking World,,Undergraduate,6.0,In Person,2019
2673,SPAN6511,Music and Society in the Spanish-Speaking World,,Postgraduate,6.0,In Person,2019
2674,ANUC1119,Music from 1900 to the Present: A Century of Crisis and Change,Second Semester,Undergraduate,6.0,In Person,2019
2675,MUSI1109,Music from 1900 to the Present: A Century of Crisis and Change,Second Semester,Undergraduate,6.0,In Person,2019
2676,MUSI2222,Music in the Long 19th Century: From Classicism to Modernism,Second Semester,Undergraduate,6.0,In Person,2019
2677,MUSI2227,"Music, Sound and the Moving Image",First Semester,Undergraduate,6.0,In Person,2019
2678,LAWS4301,Myanmar Law Clinic,Summer Session,Undergraduate,6.0,In Person,2019
2679,LAWS6301,Myanmar Law Clinic,Summer Session,Postgraduate,6.0,In Person,2019
2680,CHEM3013,NMR spectroscopy and mass spectrometry of small and large molecules,First Semester,Undergraduate,6.0,In Person,2019
2681,ENGN4810,Nanotechnology and Applications,Second Semester,Undergraduate,6.0,In Person,2019
2682,EMDV8125,Nasty Surprises: Managing Risk for Public Policy,,Postgraduate,6.0,Online or In Person,2019
2683,NSPO8004,National Security Leadership and Risk Management,,Postgraduate,6.0,In Person,2019
2684,NSPO8006,National Security Policymaking,Second Semester,Postgraduate,6.0,In Person,2019
2685,NSPO8012,National Security and Crisis Management,First Semester,Postgraduate,6.0,In Person,2019
2686,NSPO8007,National Security: Concepts and Challenges,,Postgraduate,6.0,In Person,2019
2687,ASIA8020,National and Transnational Histories in Asia and the Pacific,First Semester,Postgraduate,6.0,In Person,2019
2688,NSPO8023,National security in the Indo-Pacific,First Semester,Postgraduate,6.0,In Person,2019
2689,ASIA2093,Natural Resource Conflicts in Asia and the Pacific,Second Semester,Undergraduate,6.0,Online or In Person,2019
2690,HIST2226,Nazi Germany,First Semester,Undergraduate,6.0,In Person,2019
2691,HIST8026,Nazism: The Politics and Practices of Memory,First Semester,Postgraduate,6.0,Online or In Person,2019
2692,MGMT2004,Negotiation,Second Semester,Undergraduate,6.0,In Person,2019
2693,DIPL8004,Negotiation and Conflict Resolution,First Semester/Second Semester,Postgraduate,12.0,In Person,2019
2694,DIPL8044,Negotiation and Conflict Resolution,First Semester/Second Semester,Postgraduate,6.0,In Person,2019
2695,ENGN4628,Network Optimisation and Control,,Undergraduate,6.0,In Person,2019
2696,ENGN6628,Network Optimisation and Control,,Postgraduate,6.0,In Person,2019
2697,COMP2410,Networked Information Systems,First Semester,Undergraduate,6.0,In Person,2019
2698,COMP6340,Networked Information Systems,First Semester,Postgraduate,6.0,In Person,2019
2699,COMP4660,"Neural Networks, Deep Learning and Bio-inspired Computing",First Semester,Undergraduate,6.0,In Person,2019
2700,COMP8420,"Neural Networks, Deep Learning and Bio-inspired Computing",First Semester,Postgraduate,6.0,In Person,2019
2701,PSYC6016,Neuropsychology and Cognitive Neuroscience,First Semester,Postgraduate,6.0,In Person,2019
2702,PSYC3016,Neuropsychology and Cognitive Neuroscience,First Semester,Undergraduate,6.0,In Person,2019
2703,NEUR8704,Neuroscience Essay,Summer Session/First Semester/Autumn Session/Winter Session/Second Semester/Spring Session,Postgraduate,6.0,In Person,2019
2704,NEUR4005,Neuroscience IV Honours (S),,Undergraduate,6.0,In Person,2019
2705,NEUR8010,Neuroscience Research Project,Summer Session/First Semester/Autumn Session/Winter Session/Second Semester/Spring Session,Postgraduate,6.0,In Person,2019
2706,NEUR8700,Neuroscience Research proposal,Summer Session/First Semester/Autumn Session/Winter Session/Second Semester/Spring Session,Postgraduate,6.0,In Person,2019
2707,CECS8001,New Applied Science: Lab,First Semester/Second Semester,Postgraduate,12.0,In Person,2019
2708,MEAS2001,New States of Eurasia: Emerging Issues in Politics and Security,Second Semester,Undergraduate,6.0,In Person,2019
2709,MGMT7161,New Venture Creation,Autumn Session/Second Semester,Postgraduate,6.0,In Person,2019
2710,POGO8088,"New models for governance: strategy, innovation, decentralisation",,Postgraduate,6.0,In Person,2019
2711,PHIL2087,Nietzsche,Second Semester,Undergraduate,6.0,In Person,2019
2712,ENGL6021,Nineteenth Century US Literature,,Postgraduate,6.0,In Person,2019
2713,ENGL3021,Nineteenth Century US Literature,,Undergraduate,6.0,In Person,2019
2714,ASIA2096,"North Korea: History, Culture, Politics",,Undergraduate,6.0,In Person,2019
2715,PHYS8205,Nuclear Fuel Cycle,Second Semester,Postgraduate,6.0,In Person,2019
2716,PHYS8206,Nuclear Measurement,Second Semester,Postgraduate,6.0,In Person,2019
2717,INTR2024,Nuclear Politics in Asia: Challenges and Opportunities,Second Semester,Undergraduate,6.0,In Person,2019
2718,LAWS8316,Nuclear Security Law,,Postgraduate,6.0,In Person,2019
2719,STST8026,Nuclear Strategy in the Asian Century,Second Semester,Postgraduate,6.0,In Person,2019
2720,MATH3301,Number Theory and Cryptography,Second Semester,Undergraduate,6.0,In Person,2019
2721,MATH6114,Number Theory and Cryptography,Second Semester,Postgraduate,6.0,In Person,2019
2722,MATH3514,Numerical Optimisation,,Undergraduate,6.0,In Person,2019
2723,MATH6119,Numerical Optimisation,,Postgraduate,6.0,In Person,2019
2724,BIAN6119,"Nutrition, Disease and the Environment",First Semester,Postgraduate,6.0,In Person,2019
2725,BIAN2119,"Nutrition, Disease and the Environment",First Semester,Undergraduate,6.0,In Person,2019
2726,ASTR8011,Observational Techniques,First Semester,Postgraduate,6.0,In Person,2019
2727,ASTR4011,Observational Techniques,First Semester,Undergraduate,6.0,In Person,2019
2728,LAWS8311,Occupational Health and Safety Law,,Postgraduate,6.0,In Person,2019
2729,COMP3702,Offensive Cyber Security Operations,First Semester,Undergraduate,6.0,In Person,2019
2730,MEAS8100,Oil Religion Politics and Conflict in the Middle East,,Postgraduate,6.0,In Person,2019
2731,MEAS4100,"Oil, Religion, Politics and Conflict in the Middle East",,Undergraduate,6.0,In Person,2019
2732,SOCR4006,Online Research Methods,Winter Session,Undergraduate,6.0,In Person,2019
2733,SOCR8006,Online Research Methods,Winter Session,Postgraduate,6.0,Online or In Person,2019
2734,SOCY6169,Online Research Methods,,Postgraduate,6.0,In Person,2019
2735,SOCY2169,Online Research Methods,Second Semester,Undergraduate,6.0,In Person,2019
2736,IDEC8008,"Open Economy Macroeconomics, Finance, and Development",Second Semester,Postgraduate,6.0,In Person,2019
2737,COMP3300,Operating Systems Implementation,,Undergraduate,6.0,In Person,2019
2738,COMP6330,Operating Systems Implementation,,Postgraduate,6.0,In Person,2019
2739,STST8106,Operations I,Summer Session,Postgraduate,12.0,In Person,2019
2740,STST8104,Operations II,Autumn Session,Postgraduate,12.0,In Person,2019
2741,STST8105,Operations III,Autumn Session,Postgraduate,12.0,In Person,2019
2742,PHYS8511,Optical Fibre Communications,,Postgraduate,6.0,In Person,2019
2743,ASTR8016,Optical Instrumentation,Second Semester,Postgraduate,6.0,In Person,2019
2744,PHYS6500,Optical Physics,First Semester,Postgraduate,6.0,In Person,2019
2745,ENGN3512,Optical Physics,First Semester,Undergraduate,6.0,In Person,2019
2746,ENGN6512,Optical Physics,First Semester,Postgraduate,6.0,In Person,2019
2747,PHYS3057,Optical Physics,First Semester,Undergraduate,6.0,In Person,2019
2748,COMP4691,Optimisation,Second Semester,Undergraduate,6.0,In Person,2019
2749,COMP8691,Optimisation,Second Semester,Postgraduate,6.0,In Person,2019
2750,ECON2015,Optimisation Techniques for Economists,,Undergraduate,6.0,In Person,2019
2751,ECON6015,Optimisation Techniques for Economists,,Postgraduate,6.0,In Person,2019
2752,ECON2125,Optimisation for Economics and Financial Economics,First Semester/Second Semester,Undergraduate,6.0,In Person,2019
2753,ECON8013,Optimisation for Economics and Financial Economics,First Semester/Second Semester,Postgraduate,6.0,In Person,2019
2754,PHYS8017,Optoelectronics and Integrated Optics,Second Semester,Postgraduate,6.0,In Person,2019
2755,HUMN8038,Oral History and Heritage Practice and Theory,First Semester,Postgraduate,6.0,In Person,2019
2756,CRIM6008,Order in the Courts: An Introduction to the Australian Judicial System,First Semester,Postgraduate,6.0,In Person,2019
2757,CRIM2007,Order in the Courts: An Introduction to the Australian Judicial System,First Semester,Undergraduate,6.0,In Person,2019
2758,MATH6405,Ordinary Differential Equations and Advanced Vector Calculus,First Semester,Postgraduate,6.0,In Person,2019
2759,MGMT2007,Organisational Behaviour,Second Semester,Undergraduate,6.0,In Person,2019
2760,MGMT8003,Organisational Behaviour,First Semester/Winter Session/Second Semester,Postgraduate,6.0,In Person,2019
2761,POGO8080,Organisational Finance and Budgeting,Summer Session,Postgraduate,6.0,In Person,2019
2762,CRIM6002,Organised Crime: Understanding a Global Phenomenon,Second Semester,Postgraduate,6.0,In Person,2019
2763,CRIM2002,Organised Crime: Understanding the Underworld,Second Semester,Undergraduate,6.0,In Person,2019
2764,CHEM3203,Organometallic Chemistry,First Semester,Undergraduate,6.0,In Person,2019
2765,PHIL2100,Origins of Analytical Philosophy,First Semester,Undergraduate,6.0,In Person,2019
2766,POPH8316,Outbreak Investigation,Second Semester,Postgraduate,6.0,In Person,2019
2767,COMP4630,Overview of Logic and Computation,Second Semester,Undergraduate,6.0,In Person,2019
2768,PPEI4000,PPE Honours Research Methods,First Semester,Undergraduate,12.0,In Person,2019
2769,POLS1008,PPE Integration 1,Second Semester,Undergraduate,6.0,In Person,2019
2770,PHIL2116,PPE Integration 2,Second Semester,Undergraduate,6.0,In Person,2019
2771,ECON3056,PPE Integration 3: Classic Literature in PPE,Second Semester,Undergraduate,6.0,In Person,2019
2772,DIPL8013,Pacific Diplomacy,First Semester,Postgraduate,6.0,In Person,2019
2773,PASI1011,Pacific Encounters: An introduction to Pacific Studies,First Semester,Undergraduate,6.0,In Person,2019
2774,BAPA1003,Pacific Encounters: An introduction to Pacific Studies,,Undergraduate,6.0,In Person,2019
2775,PASI3010,Pacific Engagement Project,Second Semester,Undergraduate,6.0,In Person,2019
2776,PASI8002,Pacific Foundations: From Maritime Societies to Global Cultures,First Semester,Postgraduate,6.0,In Person,2019
2777,PASI8004,"Pacific Health Challenges and Strategies: Politics, Culture and Development",Second Semester,Postgraduate,6.0,Online or In Person,2019
2778,PASI3005,Pacific Islands Field School,Winter Session,Undergraduate,6.0,In Person,2019
2779,PASI6005,Pacific Islands Field School,Winter Session,Postgraduate,6.0,In Person,2019
2780,POLS2055,Pacific Politics,Second Semester,Undergraduate,6.0,In Person,2019
2781,PASI6001,Pacific Studies in a Globalizing World,First Semester,Postgraduate,6.0,In Person,2019
2782,PASI2001,Pacific Studies in a Globalizing World,First Semester,Undergraduate,6.0,In Person,2019
2783,PASI1012,Pacific Worlds: critical inquiry in Oceania,Second Semester,Undergraduate,6.0,In Person,2019
2784,ARTV2506,Painting: Approaches to Abstraction,First Semester,Undergraduate,6.0,In Person,2019
2785,ARTV2509,Painting: Approaches to Composition and Colour,,Undergraduate,6.0,In Person,2019
2786,ARTV1502,Painting: Composition & Space,Second Semester,Undergraduate,6.0,In Person,2019
2787,ARTV6510,Painting: Critical Analysis and Reflection in the Studio,,Postgraduate,6.0,In Person,2019
2788,ARTV3510,Painting: Critical Analysis and Reflection in the Studio,,Undergraduate,6.0,In Person,2019
2789,ARTV1501,Painting: Introducing Painting,First Semester,Undergraduate,6.0,In Person,2019
2790,ARTV6508,Painting: Materiality and Meaning,Second Semester,Postgraduate,6.0,In Person,2019
2791,ARTV3508,Painting: Materiality and Meaning,Second Semester,Undergraduate,6.0,In Person,2019
2792,ARTV3507,Painting: Open to Influence Studio Research,First Semester,Undergraduate,6.0,In Person,2019
2793,ARTV6507,Painting: Open to Influence Studio Research,First Semester,Postgraduate,6.0,In Person,2019
2794,ARTV2507,Painting: Painting in the Photo Digital Age,Second Semester,Undergraduate,6.0,In Person,2019
2795,ARTV2508,Painting: Taking Your Own Direction,Second Semester,Undergraduate,6.0,In Person,2019
2796,ENVS6529,Palaeo-Environmental Reconstruction,Second Semester,Postgraduate,6.0,In Person,2019
2797,ENVS3029,Palaeo-Environmental Reconstruction,Second Semester,Undergraduate,6.0,In Person,2019
2798,EMSC6027,Palaeoclimatology and Climate Change,Second Semester,Postgraduate,6.0,In Person,2019
2799,EMSC3027,Palaeoclimatology and Climate Change,Second Semester,Undergraduate,6.0,In Person,2019
2800,LING3031,Papuan Languages,,Undergraduate,6.0,In Person,2019
2801,LING6031,Papuan languages,,Postgraduate,6.0,In Person,2019
2802,COMP8300,Parallel Systems,,Postgraduate,6.0,In Person,2019
2803,COMP4300,Parallel Systems,,Undergraduate,6.0,In Person,2019
2804,BIOL6143,Parasitology,,Postgraduate,6.0,In Person,2019
2805,BIOL3142,Parasitology,,Undergraduate,6.0,In Person,2019
2806,MATH6406,"Partial Differential Equations,  Fourier Analysis and Complex Analysis",Second Semester,Postgraduate,6.0,In Person,2019
2807,POGO8136,Participating in Public Policy: Citizen Engagement and Public Talk,Autumn Session,Postgraduate,6.0,In Person,2019
2808,ENVS6021,Participatory Resource Management: Working with Communities and Stakeholders,Winter Session,Postgraduate,6.0,In Person,2019
2809,ENVS3007,Participatory Resource Management: Working with Communities and Stakeholders,Winter Session,Undergraduate,6.0,In Person,2019
2810,MEDN2002,Pathogenesis of Human Disease,Second Semester,Undergraduate,6.0,In Person,2019
2811,MEDN6002,Pathogenesis of Human Disease,Second Semester,Postgraduate,6.0,In Person,2019
2812,EMDV8011,Payments for Environmental Services,First Semester,Postgraduate,6.0,Online or In Person,2019
2813,ASIA2087,Peace Building in the Pacific and Asia,,Undergraduate,6.0,In Person,2019
2814,POLS2123,Peace and Conflict Studies,Second Semester,Undergraduate,6.0,In Person,2019
2815,INTR1022,Peacebuilding and Conflict Resolution,Second Semester,Undergraduate,6.0,In Person,2019
2816,POGO8056,People and Performance in Public Organisations,,Postgraduate,6.0,In Person,2019
2817,PSYC3011,Perception,,Undergraduate,6.0,In Person,2019
2818,MGMT7063,Performance Management,,Postgraduate,6.0,In Person,2019
2819,INDN1201,Performing Indonesian Language Secondary Extension,First Semester/Second Semester,Undergraduate,6.0,In Person,2019
2820,EXTN1010A,Performing Indonesian Language Secondary Extension A,Autumn Session,Undergraduate,0.0,In Person,2019
2821,EXTN1010B,Performing Indonesian Language Secondary Extension B,Autumn Session,Undergraduate,6.0,In Person,2019
2822,LAWS8574,Personal & Company Insolvency Law and Practice,Summer Session,Postgraduate,6.0,Online,2019
2823,LAWS8074,Personal Injuries Compensation,First Semester,Postgraduate,6.0,Online,2019
2824,MGMT2006,Personal Leadership,First Semester,Undergraduate,6.0,In Person,2019
2825,PSYC3026,Personality Psychology,Second Semester,Undergraduate,6.0,In Person,2019
2826,CHMD8014,"Perspectives on Culture, Health and Medicine",Second Semester,Postgraduate,6.0,Online or In Person,2019
2827,PHIL2121,Philosophical Logic,,Undergraduate,6.0,In Person,2019
2828,PHIL2122,Philosophy and Public Policy,,Undergraduate,6.0,In Person,2019
2829,PHIL2123,Philosophy and Science Fiction,,Undergraduate,6.0,In Person,2019
2830,PHIL2124,Philosophy of Cognitive Science,,Undergraduate,6.0,In Person,2019
2831,PHIL2016,Philosophy of Language,,Undergraduate,6.0,In Person,2019
2832,PHIL2061,Philosophy of Mind,Second Semester,Undergraduate,6.0,In Person,2019
2833,PHIL2128,Philosophy of Physics,,Undergraduate,6.0,In Person,2019
2834,PHIL2057,Philosophy of Science,,Undergraduate,6.0,In Person,2019
2835,MATH1042,Philosophy of the Cosmos,First Semester,Undergraduate,6.0,In Person,2019
2836,PHIL2042,Philosophy of the Cosmos,First Semester,Undergraduate,6.0,In Person,2019
2837,PHIL3076,Philosophy of the Life Sciences,Second Semester,Undergraduate,6.0,In Person,2019
2838,ARTH2050,Photography and Art,Second Semester,Undergraduate,6.0,In Person,2019
2839,ARTH6050,Photography and Art,Second Semester,Postgraduate,6.0,Online or In Person,2019
2840,ARTV2605,Photomedia: Advanced Principles in Exposure and Printing,First Semester,Undergraduate,6.0,In Person,2019
2841,ARTV6605,Photomedia: Advanced Principles in Exposure and Printing,First Semester,Postgraduate,6.0,In Person,2019
2842,ARTV6602,Photomedia: Colour Photography and Digital Skills,First Semester,Postgraduate,6.0,In Person,2019
2843,ARTV1602,Photomedia: Colour Photography and Digital Skills,First Semester,Undergraduate,6.0,In Person,2019
2844,ARTV2606,Photomedia: Digital Photography and Studio Lighting,Second Semester,Undergraduate,6.0,In Person,2019
2845,ARTV6606,Photomedia: Digital Photography and Studio Lighting,Second Semester,Postgraduate,6.0,In Person,2019
2846,ARTV2608,Photomedia: Experimental Processes,,Undergraduate,6.0,In Person,2019
2847,ARTV6608,Photomedia: Experimental Processes,,Postgraduate,6.0,In Person,2019
2848,ARTV6601,"Photomedia: Foundations of photography, printing and camera skills",Second Semester,Postgraduate,6.0,In Person,2019
2849,ARTV1601,"Photomedia: Foundations of photography, printing and camera skills",Second Semester,Undergraduate,6.0,In Person,2019
2850,ARTV6607,Photomedia: Large Format Photography,,Postgraduate,6.0,In Person,2019
2851,ARTV2607,Photomedia: Large Format Photography,,Undergraduate,6.0,In Person,2019
2852,ENGN4613,Photonic Sensing Systems,Second Semester,Undergraduate,6.0,In Person,2019
2853,ENGN6613,Photonic Sensing Systems,Second Semester,Postgraduate,6.0,In Person,2019
2854,PHYS6502,Photonic Sensing Systems,Second Semester,Postgraduate,6.0,In Person,2019
2855,PHYS3051,Photonic Sensing Systems,Second Semester,Undergraduate,6.0,In Person,2019
2856,PHYS3059,Photonics,,Undergraduate,6.0,In Person,2019
2857,PHYS3005,Photonics Laboratory,First Semester,Undergraduate,6.0,In Person,2019
2858,PHYS8015,Photonics Laboratory,First Semester,Postgraduate,6.0,In Person,2019
2859,PHYS8014,Photonics in Biotechnology and Nanotechnology,,Postgraduate,6.0,In Person,2019
2860,ENGN8830,Photovoltaic Power Plants,Second Semester,Postgraduate,6.0,In Person,2019
2861,ENGN6524,Photovoltaic Technologies,First Semester,Postgraduate,6.0,In Person,2019
2862,ENGN4524,Photovoltaic Technologies,First Semester,Undergraduate,6.0,In Person,2019
2863,HUMN8022,Physical Conservation of Historic Heritage Places,Autumn Session,Postgraduate,6.0,In Person,2019
2864,PREP1113,Physics,,Undergraduate,6.0,In Person,2019
2865,ANUC1131,Physics 1,First Semester,Undergraduate,6.0,In Person,2019
2866,PHYS1201,Physics 2,Second Semester,Undergraduate,6.0,In Person,2019
2867,ANUC1132,Physics 2,Second Semester,Undergraduate,6.0,In Person,2019
2868,PHYS3104,Physics Advanced Laboratory,First Semester/Second Semester,Undergraduate,6.0,In Person,2019
2869,PHYS1101,Physics I,First Semester/Second Semester,Undergraduate,6.0,In Person,2019
2870,PHYS4003P,Physics IV Honours (S),,Undergraduate,12.0,In Person,2019
2871,PHYS4003F,Physics IV Honours (S),,Undergraduate,12.0,In Person,2019
2872,PHYS6205,Physics for Future Leaders,Second Semester,Postgraduate,6.0,In Person,2019
2873,PHYS2205,Physics for Future Leaders,Second Semester,Undergraduate,6.0,In Person,2019
2874,PHYS1013,Physics of Materials,First Semester,Undergraduate,6.0,In Person,2019
2875,PHYS3105,Physics of Matter,First Semester,Undergraduate,6.0,In Person,2019
2876,PHYS3070,Physics of the Earth,Second Semester,Undergraduate,6.0,In Person,2019
2877,PHYS4070,Physics of the Earth,Second Semester,Undergraduate,6.0,In Person,2019
2878,PHYS6070,Physics of the Earth,Second Semester,Postgraduate,6.0,In Person,2019
2879,EMSC4008,Physics of the Earth Honours Reseach Project,First Semester/Second Semester,Undergraduate,3.0,In Person,2019
2880,PREP1127,Physics: Revolutions in Modern Physics,Spring Session,Undergraduate,6.0,In Person,2019
2881,PREP1126,Physics: Waves and Optics,Autumn Session,Undergraduate,6.0,In Person,2019
2882,ANTH6136,Piracy: Property Wars from the High Seas to Anonymous,,Postgraduate,6.0,In Person,2019
2883,ANTH2136,Piracy: Property Wars from the High Seas to Anonymous,,Undergraduate,6.0,In Person,2019
2884,EMSC3022,Planetary Science,Second Semester,Undergraduate,6.0,In Person,2019
2885,EMSC6022,Planetary Science,Second Semester,Postgraduate,6.0,In Person,2019
2886,LAWS8146,Planning and Environmental Impact Assessment,,Postgraduate,6.0,Online or In Person,2019
2887,LEGW8137,Planning and Environmental Practice,Summer Session/Autumn Session,Postgraduate,3.0,Online,2019
2888,BIOL3125,Plants and Global Climate Change,Second Semester,Undergraduate,6.0,In Person,2019
2889,BIOL6125,Plants and Global Climate Change,Second Semester,Postgraduate,6.0,In Person,2019
2890,BIOL3002,Plants: Genes and the Environment,First Semester,Undergraduate,6.0,In Person,2019
2891,BIOL6002,Plants: Genes to Environment,First Semester,Postgraduate,6.0,In Person,2019
2892,ENGL2084,Poetry in English from Shakespeare to Postmodernism,,Undergraduate,6.0,In Person,2019
2893,ENGL6032,Poetry in English from Shakespeare to Postmodernism,,Postgraduate,6.0,In-Person and Online,2019
2894,MATH8001,Poetry of the Cosmos,,Postgraduate,6.0,In Person,2019
2895,ARTH8022,Points of View: Independent Creative Art and Media Practice,Autumn Session,Postgraduate,6.0,In Person,2019
2896,CRIM2013,Policing,First Semester,Undergraduate,6.0,In Person,2019
2897,CRIM6013,Policing,First Semester,Postgraduate,6.0,In Person,2019
2898,POGO8083,Policy Advocacy,Spring Session,Postgraduate,6.0,In Person,2019
2899,POGO8101,Policy Process and Analysis,,Postgraduate,6.0,In Person,2019
2900,POGO8096,Policy Research,Second Semester,Postgraduate,6.0,In Person,2019
2901,POLS2102,Political Belief and Deceit,First Semester,Undergraduate,6.0,In Person,2019
2902,ECON8070,Political Economy of Macroeconomic Policy,,Postgraduate,6.0,In Person,2019
2903,ECON3053,Political Economy of Macroeconomic Policy,,Undergraduate,6.0,In Person,2019
2904,POGO8082,Political Institutions and Policy Processes,,Postgraduate,6.0,In Person,2019
2905,POLS3039,Political Leadership and Executive Government,,Undergraduate,6.0,In Person,2019
2906,PREP1114,Politics,,Undergraduate,6.0,In Person,2019
2907,PASI3001,Politics and Development in the Contemporary Pacific,Second Semester,Undergraduate,6.0,In Person,2019
2908,ASIA2049,Politics and Society in Contemporary Korea,,Undergraduate,6.0,In Person,2019
2909,POLS2025,Politics in Britain,,Undergraduate,6.0,In Person,2019
2910,POLS2070,Politics in Central Asia,First Semester,Undergraduate,6.0,In Person,2019
2911,POLS2095,Politics in Latin America,First Semester,Undergraduate,6.0,In Person,2019
2912,POLS2069,Politics in Russia,First Semester,Undergraduate,6.0,In Person,2019
2913,POLS2031,Politics in the Middle East,Second Semester,Undergraduate,6.0,In Person,2019
2914,ARTV2810,"Politics of Bodies: Sculpture, Figure Modelling, Performance and Choreography",,Undergraduate,6.0,In Person,2019
2915,ARTV6810,"Politics of Bodies: Sculpture, Figure Modelling, Performance and Choreography",,Postgraduate,6.0,In Person,2019
2916,ARTV2802,"Politics of Memory: Video Installation, Sculpture, Documentary and Monuments",First Semester,Undergraduate,6.0,In Person,2019
2917,ARTV6822,"Politics of Memory: Video Installation, Sculpture, Documentary and Monuments",First Semester,Postgraduate,6.0,In Person,2019
2918,STST2124,Politics of Nuclear Weapons,,Undergraduate,6.0,In Person,2019
2919,ARTV2820,"Politics of Spaces: Installation, Sculpture and Spatial Practice",First Semester,Undergraduate,6.0,In Person,2019
2920,ARTV6820,"Politics of Spaces: Installation, Sculpture and Spatial Practice",First Semester,Postgraduate,6.0,In Person,2019
2921,PASI8005,Politics of the Pacific Islands Region,,Postgraduate,6.0,In Person,2019
2922,ASIA6074,Popular Culture in East Asia,First Semester,Postgraduate,6.0,In Person,2019
2923,ASIA2074,Popular Culture in East Asia,First Semester,Undergraduate,6.0,In Person,2019
2924,MUSI6006,Popular Music: In Culture and in Context,First Semester,Postgraduate,6.0,Online or In Person,2019
2925,MUSI3317,Popular Music: In Culture and in Context,First Semester,Undergraduate,6.0,In Person,2019
2926,DEMO2002,Population Analysis,First Semester,Undergraduate,6.0,In Person,2019
2927,BIOL6016,Population Genetics,,Postgraduate,6.0,In Person,2019
2928,BIOL3151,Population Genetics,,Undergraduate,6.0,In Person,2019
2929,POPH4005,Population Health Honours project,First Semester/Second Semester,Undergraduate,6.0,Online or In Person,2019
2930,DEMO8090,Population Issues in Asia and their Implications for World Development,Second Semester,Postgraduate,6.0,In Person,2019
2931,DEMO8091,Population Projections and Dynamics,Second Semester,Postgraduate,6.0,In Person,2019
2932,DEMO2001,Population Studies,Second Semester,Undergraduate,6.0,In Person,2019
2933,DEMO6001,Population Studies,Second Semester,Postgraduate,6.0,Online or In Person,2019
2934,DEMO8024,Population and Society: Theory and Empirical Perspectives,First Semester,Postgraduate,6.0,In Person,2019
2935,DEMO8088,"Population, Climate Change and Sustainable Development",,Postgraduate,6.0,In Person,2019
2936,SOCY2167,"Populism in Media, Culture and Society",Second Semester,Undergraduate,6.0,In Person,2019
2937,FINM3008,Portfolio Construction,First Semester/Second Semester,Undergraduate,6.0,In Person,2019
2938,LAWS8314,Post Conflict Situations and International Law,Spring Session,Postgraduate,6.0,In Person,2019
2939,ARTH6093,Post-Colonial Discourses in Australian Art,,Postgraduate,6.0,Online or In Person,2019
2940,ARTH2093,Post-Colonial Discourses in Australian Art,,Undergraduate,6.0,In Person,2019
2941,ARCH2037,Post-Roman Archaeology of Britain: From Arthur to the Black Death,First Semester,Undergraduate,6.0,In Person,2019
2942,ARCH6037,Post-Roman Archaeology of Britain: From Arthur to the Black Death,First Semester,Postgraduate,6.0,In Person,2019
2943,PHIL8011,Postgraduate Training in Philosophy: Foundations Seminar,Summer Session/First Semester/Autumn Session/Winter Session/Second Semester/Spring Session,Postgraduate,12.0,In Person,2019
2944,GEND3001,Posthuman Bodies,First Semester,Undergraduate,6.0,In Person,2019
2945,SOCY3010,Posthuman Bodies,First Semester,Undergraduate,6.0,In Person,2019
2946,ARTV2821,"Posthuman Sculpture Practice with Active Materials: Bronze Casting, 3D Modelling and Bio Art",Second Semester,Undergraduate,6.0,In Person,2019
2947,ARTV6821,"Posthuman Sculpture Practice with Active Materials: Bronze Casting, 3D Modelling and Bio Art",Second Semester,Postgraduate,6.0,In Person,2019
2948,GEND6501,Posthuman bodies,First Semester,Postgraduate,6.0,In Person,2019
2949,ARTH2061,Postmodern Sublime,First Semester,Undergraduate,6.0,In Person,2019
2950,ARTH6061,Postmodern Sublime,First Semester,Postgraduate,6.0,Online or In Person,2019
2951,POGO8004,Poverty Reduction,First Semester,Postgraduate,6.0,In Person,2019
2952,ENGN4625,Power Systems and Power Electronics,Second Semester,Undergraduate,6.0,In Person,2019
2953,ENGN6625,Power Systems and Power Electronics,Second Semester,Postgraduate,6.0,In Person,2019
2954,POLS2136,Power and influence in world politics,Winter Session,Undergraduate,6.0,In Person,2019
2955,ENGN3100,Practical Experience,Summer Session/First Semester/Second Semester,Undergraduate,0.0,In Person,2019
2956,ARTV8040,Practice-led Research Extended Project,First Semester/Second Semester,Postgraduate,18.0,In Person,2019
2957,ARTV8039,Practice-led Research Major Project,First Semester/Second Semester,Postgraduate,12.0,In Person,2019
2958,ARTV8038,Practice-led Research Project,First Semester/Second Semester,Postgraduate,6.0,In Person,2019
2959,ANUC1122,Precise Drawing and Model Making,First Semester,Undergraduate,6.0,In Person,2019
2960,DESA1021,Precise Drawing and Model Making,First Semester,Undergraduate,6.0,In Person,2019
2961,PSYC8513,Preparation for Professional Psychology Placement,,Postgraduate,6.0,In Person,2019
2962,POLS2043,Pressure Groups and Political Lobbying,,Undergraduate,6.0,In Person,2019
2963,BIAN6018,Primate Behavioural Ecology Field School in Cambodia,,Postgraduate,12.0,In Person,2019
2964,BIAN3018,Primate Behavioural Ecology Field School in Cambodia,,Undergraduate,12.0,In Person,2019
2965,BIAN6520,Primate Conservation Biology,,Postgraduate,6.0,In Person,2019
2966,BIAN3021,Primate Conservation Biology,,Undergraduate,6.0,In Person,2019
2967,BIAN6514,Primate Ecology and Behaviour,Second Semester,Postgraduate,6.0,In Person,2019
2968,BIAN3127,Primate Ecology and Behaviour,Second Semester,Undergraduate,6.0,In Person,2019
2969,BIAN2126,Primate Evolutionary Biology,First Semester,Undergraduate,6.0,In Person,2019
2970,BIAN6513,Primate Evolutionary Biology,First Semester,Postgraduate,6.0,In Person,2019
2971,PHYS8013,Principles of Energy Generation and Transformation,First Semester,Postgraduate,6.0,In Person,2019
2972,LAWS8150,Principles of Evidence Under the Uniform Act,First Semester,Postgraduate,6.0,Online,2019
2973,LAWS6504,Principles of Intellectual Property,,Postgraduate,6.0,In Person,2019
2974,LAWS3104,Principles of Intellectual Property,,Undergraduate,6.0,In Person,2019
2975,LAWS8182,Principles of International Law,Summer Session/Winter Session,Postgraduate,6.0,Online or In Person,2019
2976,MGMT8999,Principles of Management,,Postgraduate,0.0,In Person,2019
2977,STAT6039,Principles of Mathematical Statistics,Summer Session/First Semester/Second Semester,Postgraduate,6.0,In Person,2019
2978,STAT6013,Principles of Mathematical Statistics for Actuarial Studies,First Semester/Second Semester,Postgraduate,6.0,In Person,2019
2979,DEMO8008,Principles of Population Analysis,First Semester,Postgraduate,6.0,In Person,2019
2980,COMP3610,Principles of Programming Languages,,Undergraduate,6.0,In Person,2019
2981,COMP6361,Principles of Programming Languages,,Postgraduate,6.0,In Person,2019
2982,POGO8084,Principles of Social Policy,,Postgraduate,6.0,In Person,2019
2983,BUSN3014,Principles of Tax Law,First Semester/Second Semester,Undergraduate,6.0,In Person,2019
2984,ARTV2708,Printmedia and Drawing: Construct Meaning with Drawing,Second Semester,Undergraduate,6.0,In Person,2019
2985,ARTV2706,Printmedia and Drawing: Drawing Beyond the Line,First Semester,Undergraduate,6.0,In Person,2019
2986,ARTV2707,Printmedia and Drawing: Extended Etching and Relief Printing,Second Semester,Undergraduate,6.0,In Person,2019
2987,ARTV2723,Printmedia and Drawing: Extended Screen Printing,First Semester,Undergraduate,6.0,In Person,2019
2988,ARTV2727,Printmedia and Drawing: Lithography,First Semester,Undergraduate,6.0,In Person,2019
2989,ARTV2717,Printmedia and Drawing: The Book as Art,First Semester,Undergraduate,6.0,In Person,2019
2990,ARTV6717,Printmedia and Drawing: The Book as Art,First Semester,Postgraduate,6.0,In Person,2019
2991,ARTV2715,Printmedia and Drawing: Typography,Second Semester,Undergraduate,6.0,In Person,2019
2992,LAWS4304,Prison Legal Literacy Clinic,First Semester/Second Semester,Undergraduate,6.0,In Person,2019
2993,LAWS6304,Prison Legal Literacy Clinic,First Semester/Second Semester,Postgraduate,6.0,In Person,2019
2994,LAWS8033,"Prisons, Prisoners and the Law",,Postgraduate,6.0,In Person,2019
2995,LAWS8588,Privatisation and Regulation of Aviation,,Postgraduate,6.0,In Person,2019
2996,MATH3029,Probability Modelling with Applications,First Semester,Undergraduate,6.0,In Person,2019
2997,MATH6109,Probability Modelling with Applications,First Semester,Postgraduate,6.0,In Person,2019
2998,ENGN8538,Probability and Stochastic Processes in Engineering,First Semester,Postgraduate,6.0,In Person,2019
2999,LAWS8593,Procurement and Probity Law and Practice,,Postgraduate,6.0,Online,2019
3000,ANUC1101,Professional Communication,First Semester/Second Semester,Undergraduate,6.0,In Person,2019
3001,ENGN6250,Professional Practice 1,First Semester/Second Semester,Postgraduate,6.0,In Person,2019
3002,MEDI8015B,Professional Practice 1,Second Semester,Postgraduate,0.0,In Person,2019
3003,COMP6250,Professional Practice 1,First Semester/Second Semester,Postgraduate,6.0,In Person,2019
3004,MEDI8015A,Professional Practice 1,First Semester,Postgraduate,0.0,In Person,2019
3005,MEDI8025B,Professional Practice 2,Second Semester,Postgraduate,0.0,In Person,2019
3006,ENGN8260,Professional Practice 2,First Semester/Second Semester,Postgraduate,6.0,In Person,2019
3007,COMP8260,Professional Practice 2,First Semester/Second Semester,Postgraduate,6.0,In Person,2019
3008,MEDI8025A,Professional Practice 2,First Semester,Postgraduate,0.0,In Person,2019
3009,MEDI8035B,Professional Practice 3,Second Semester,Postgraduate,0.0,In Person,2019
3010,MEDI8035A,Professional Practice 3,First Semester,Postgraduate,0.0,In Person,2019
3011,MEDI8045B,Professional Practice 4,Second Semester,Postgraduate,0.0,In Person,2019
3012,MEDI8045A,Professional Practice 4,First Semester,Postgraduate,0.0,In Person,2019
3013,LEGW8142,Professional Practice Core,Summer Session/Autumn Session/Spring Session,Postgraduate,18.0,Online,2019
3014,HLTH3002,Professional Practice in Health Science,,Undergraduate,6.0,In Person,2019
3015,ARTV2027,Professional Practices,First Semester,Undergraduate,6.0,In Person,2019
3016,ARTV6027,Professional Practices,First Semester,Postgraduate,6.0,In Person,2019
3017,ARTV6028,Professional Practices Internship,Second Semester,Postgraduate,6.0,In Person,2019
3018,ARTV2028,Professional Practices Internship,Second Semester,Undergraduate,6.0,In Person,2019
3019,PSYC8522,Professional Psychology Placement,,Postgraduate,12.0,In Person,2019
3020,PSYC8412,Professional Psychology Research Project,,Postgraduate,6.0,In Person,2019
3021,CRIM6001,Professional perspectives on crime and prevention,Second Semester,Postgraduate,6.0,In Person,2019
3022,CRIM3001,Professional perspectives on crime and prevention,Second Semester,Undergraduate,6.0,In Person,2019
3023,POGO8117,Program Management,,Postgraduate,6.0,In Person,2019
3024,COMP1100,Programming as Problem Solving,First Semester/Second Semester,Undergraduate,6.0,In Person,2019
3025,COMP1130,Programming as Problem Solving (Advanced),First Semester,Undergraduate,6.0,In Person,2019
3026,COMP1730,Programming for Scientists,First Semester/Second Semester,Undergraduate,6.0,In Person,2019
3027,COMP6730,Programming for Scientists,First Semester/Second Semester,Postgraduate,6.0,In Person,2019
3028,BUSN8005,Project Accounting and Financial Management,,Postgraduate,6.0,In Person,2019
3029,MGMT8170,Project Management Masters Thesis,First Semester/Second Semester,Postgraduate,6.0,In Person,2019
3030,INFS3059,Project Management and Information Systems,Second Semester,Undergraduate,6.0,In Person,2019
3031,MGMT7024,Project Monitoring and Control,First Semester,Postgraduate,6.0,In Person,2019
3032,MGMT8005,Project Risk and Issues Management,Second Semester,Postgraduate,6.0,In Person,2019
3033,COMP3740,Project Work in Computing,First Semester/Second Semester,Undergraduate,6.0,In Person,2019
3034,BUSN3059,Project/Case Studies in Commerce,First Semester,Undergraduate,6.0,In Person,2019
3035,NSPO8027,"Propaganda, Information War and National Security",Spring Session,Postgraduate,6.0,In Person,2019
3036,LAWS2204,Property,First Semester,Undergraduate,6.0,In Person,2019
3037,LAWS6204,Property,First Semester,Postgraduate,6.0,Online or In Person,2019
3038,LAWS8705,Property Law & Contracts A,,Postgraduate,8.0,Online,2019
3039,LAWS8706,Property Law & Contracts B,Autumn Session,Postgraduate,8.0,Online,2019
3040,PSYC8413,Psychological Assessment,,Postgraduate,6.0,In Person,2019
3041,PREP1115,Psychology,,Undergraduate,6.0,In Person,2019
3042,ANUC1133,"Psychology 1: Understanding Mind, Brain and Behaviour",First Semester,Undergraduate,6.0,In Person,2019
3043,PSYC1003,"Psychology 1: Understanding Mind, Brain and Behaviour",First Semester,Undergraduate,6.0,In Person,2019
3044,ANUC1134,Psychology 2: Understanding People in Context,Second Semester,Undergraduate,6.0,In Person,2019
3045,PSYC1004,Psychology 2: Understanding People in Context,Second Semester,Undergraduate,6.0,In Person,2019
3046,PSYC4011,Psychology Honours,First Semester/Second Semester,Undergraduate,12.0,In Person,2019
3047,PSYC4005P,Psychology IV Honours (S),,Undergraduate,12.0,In Person,2019
3048,PSYC4005F,Psychology IV Honours (S),,Undergraduate,12.0,In Person,2019
3049,PSYC3030,Psychology Undergraduate Research Experience,Summer Session/First Semester/Second Semester,Undergraduate,6.0,In Person,2019
3050,PREP1139,Psychology of learning,Autumn Session,Undergraduate,6.0,In Person,2019
3051,PSYC2201,Psychology: From Problems to Solutions,,Undergraduate,6.0,Online or In Person,2019
3052,PSYC3025,Psychopathology Across the Lifespan,First Semester,Undergraduate,6.0,In Person,2019
3053,PSYC6025,Psychopathology Across the Lifespan,,Postgraduate,6.0,In Person,2019
3054,POGO8137,Public Administration: Legal and Organisational Foundations,Winter Session,Postgraduate,6.0,In Person,2019
3055,POLS2130,Public Choice and Politics,First Semester,Undergraduate,6.0,In Person,2019
3056,POGO8048,Public Finance,Autumn Session,Postgraduate,6.0,In Person,2019
3057,POGO8301,Public Financial Management,,Postgraduate,6.0,In Person,2019
3058,POPH8106,Public Health Research Project,First Semester/Second Semester,Postgraduate,6.0,Online or In Person,2019
3059,POPH8317,Public Health Surveillance,Second Semester,Postgraduate,6.0,In Person,2019
3060,MEDI8116,"Public Health disasters, catastrophes and recovery",,Postgraduate,6.0,In Person,2019
3061,LAWS4284,Public Interest Law Clinic,First Semester/Second Semester,Undergraduate,6.0,In Person,2019
3062,LAWS6284,Public Interest Law Clinic,First Semester/Second Semester,Postgraduate,6.0,In Person,2019
3063,CRWF8019,Public Policy and Professional Internship,Summer Session/First Semester/Autumn Session/Winter Session/Second Semester/Spring Session,Postgraduate,6.0,In Person,2019
3064,BUSN3006,Public Sector Accounting,Second Semester,Undergraduate,6.0,In Person,2019
3065,BUSN7006,Public Sector Accounting and Reporting,Second Semester,Postgraduate,6.0,In Person,2019
3066,ECON4434,Public Sector Economics,First Semester,Undergraduate,6.0,In Person,2019
3067,ECON8034,Public Sector Economics,First Semester,Postgraduate,6.0,In Person,2019
3068,ECON2132,Public Sector Economics (H),First Semester,Undergraduate,6.0,In Person,2019
3069,ECON2131,Public Sector Economics (P),First Semester,Undergraduate,6.0,In Person,2019
3070,LAWS8522,Public Sector Employment Law,,Postgraduate,6.0,In Person,2019
3071,POGO8021,Public Sector Ethics,First Semester,Postgraduate,6.0,Online or In Person,2019
3072,POGO8062,Public Sector Management,First Semester,Postgraduate,6.0,In Person,2019
3073,INDG3001,Public policy development and implementation and Indigenous Australians,Second Semester,Undergraduate,6.0,In Person,2019
3074,CRIM2008,Punishment and Society: An Introduction to Penology,,Undergraduate,6.0,In Person,2019
3075,CHMD8004,Qualitative Methodologies for Health Research,Second Semester,Postgraduate,6.0,Online or In Person,2019
3076,SOCR8003,Qualitative Research Analysis,Second Semester,Postgraduate,6.0,In Person,2019
3077,SOCR4003,Qualitative Research Analysis,Second Semester,Undergraduate,6.0,In Person,2019
3078,MGMT4018,Qualitative Research Methods,First Semester,Undergraduate,6.0,In Person,2019
3079,MGMT8018,Qualitative Research Methods,First Semester,Postgraduate,6.0,In Person,2019
3080,ENVS2014,Qualitative Research Methods for Sustainability,Winter Session,Undergraduate,6.0,In Person,2019
3081,ENVS6014,Qualitative Research Methods for Sustainability,Winter Session,Postgraduate,6.0,In Person,2019
3082,LING8026,Qualitative Research Methods in Language Studies,First Semester,Postgraduate,6.0,In Person,2019
3083,PREP1118,Qualitative Research Skills,Autumn Session,Undergraduate,0.0,In Person,2019
3084,POLS4044,Qualitative Research in Politics,Second Semester,Undergraduate,6.0,In Person,2019
3085,POLS8044,Qualitative Research in Politics,Second Semester,Postgraduate,6.0,In Person,2019
3086,SOCR4008,Qualitative Social Research,First Semester,Undergraduate,6.0,In Person,2019
3087,MEDI8201,Qualitative and Social Research for Public Health,,Postgraduate,6.0,In Person,2019
3088,SOCY8016,Qualitative approaches to the digital,,Postgraduate,6.0,In Person,2019
3089,SOCR8008,Qualitative data collection,First Semester,Postgraduate,6.0,In Person,2019
3090,IDEC8014,Quantitative Financial Economics,Second Semester,Postgraduate,6.0,In Person,2019
3091,IDEC8010,Quantitative International Economics,First Semester,Postgraduate,6.0,In Person,2019
3092,PSYC2009,Quantitative Methods in Psychology,First Semester,Undergraduate,6.0,In Person,2019
3093,IDEC8026,Quantitative Policy Impact Evaluation,Second Semester,Postgraduate,6.0,In Person,2019
3094,STAT1008,Quantitative Research Methods,First Semester/Second Semester,Undergraduate,6.0,In Person,2019
3095,LING8027,Quantitative Research Methods in Linguistics,Second Semester,Postgraduate,6.0,In Person,2019
3096,MGMT4019,Quantitative Research Methods in Management,First Semester,Undergraduate,6.0,In Person,2019
3097,MGMT8019,Quantitative Research Methods in Management,First Semester,Postgraduate,6.0,In Person,2019
3098,PREP1119,Quantitative Research Skills,Spring Session,Undergraduate,0.0,In Person,2019
3099,SOCR4009,Quantitative Social Research,Second Semester,Undergraduate,6.0,In Person,2019
3100,SOCR8009,Quantitative data collection,Second Semester,Postgraduate,6.0,In Person,2019
3101,PHYS3201,Quantum Field Theory,Second Semester,Undergraduate,6.0,In Person,2019
3102,PHYS8752,Quantum Industry,,Postgraduate,6.0,In Person,2019
3103,PHYS6013,Quantum Mechanics,First Semester,Postgraduate,6.0,In Person,2019
3104,PHYS2013,Quantum Mechanics,First Semester,Undergraduate,6.0,In Person,2019
3105,PHYS8751,Quantum Technology,,Postgraduate,6.0,In Person,2019
3106,ENGL6034,Queens and Tyrants: Gender and Power in Drama 1580-1630,,Postgraduate,6.0,In Person,2019
3107,ENGL3034,Queens and Tyrants: Gender and Power in Drama 1580-1630,,Undergraduate,6.0,In Person,2019
3108,FINM8500,RSFAS Masters Thesis,First Semester/Second Semester,Postgraduate,12.0,In Person,2019
3109,STAT8500,RSFAS Masters Thesis,First Semester/Second Semester,Postgraduate,12.0,In Person,2019
3110,ACST8500,RSFAS Masters Thesis,First Semester/Second Semester,Postgraduate,12.0,In Person,2019
3111,POLS2135,"Race, Ethnicity and Representation",First Semester,Undergraduate,6.0,Online,2019
3112,PHYS3701,Rapid Prototyping and Systems Integration,First Semester/Second Semester,Undergraduate,6.0,In Person,2019
3113,PHYS6701,Rapid Prototyping and Systems Integration,First Semester/Second Semester,Postgraduate,6.0,In Person,2019
3114,PHIL2125,Rationality and Social Cooperation,First Semester,Undergraduate,6.0,In Person,2019
3115,PHYS8202,Reactor Science,First Semester,Postgraduate,6.0,In Person,2019
3116,CHST3211,Reading China: Past and Present,First Semester,Undergraduate,6.0,Online or In Person,2019
3117,CHST6211,Reading China: Past and Present,First Semester,Postgraduate,6.0,Online or In Person,2019
3118,CHST6212,Reading Chinese Literature: Theory and Criticism,Second Semester,Postgraduate,6.0,Online or In Person,2019
3119,CHST3212,Reading Chinese Literature: Theory and Criticism,Second Semester,Undergraduate,6.0,Online or In Person,2019
3120,ENGL8019,Reading Context: Topics in Production and Reception of Texts,Second Semester,Postgraduate,12.0,Online or In Person,2019
3121,ENGL4019,Reading Context: Topics in Production and Reception of Texts,Second Semester,Undergraduate,12.0,Online or In Person,2019
3122,GEND1002,Reading Popular Culture: An Introduction to Cultural Studies,Second Semester,Undergraduate,6.0,In Person,2019
3123,GEND6002,Reading Popular Culture: An Introduction to Cultural Studies,,Postgraduate,6.0,In Person,2019
3124,RUSS1003,Reading Russian for Academic Purposes I,First Semester,Undergraduate,6.0,In Person,2019
3125,RUSS6002,Reading Russian for Academic Purposes I,First Semester,Postgraduate,6.0,In Person,2019
3126,RUSS1004,Reading Russian for Academic Purposes II,Second Semester,Undergraduate,6.0,In Person,2019
3127,RUSS6003,Reading Russian for Academic Purposes II,Second Semester,Postgraduate,6.0,In Person,2019
3128,ENGL1013,Reading across Time and Space: Literary Contexts,Second Semester,Undergraduate,6.0,In Person,2019
3129,LING8003,Readings in Applied Linguistics,First Semester/Second Semester,Postgraduate,6.0,Online or In Person,2019
3130,ARTH8016,Readings in Art History and Curatorial Studies,First Semester/Second Semester,Postgraduate,6.0,Online or In Person,2019
3131,ASIA3012,Readings in Asian Societies and Histories,First Semester/Second Semester,Undergraduate,6.0,In Person,2019
3132,ASIA6512,Readings in Asian Societies and Histories,,Postgraduate,6.0,In Person,2019
3133,CLAS8008,Readings in Classics,Second Semester,Postgraduate,6.0,In Person,2019
3134,CLAS4008,Readings in Classics,Second Semester,Undergraduate,6.0,In Person,2019
3135,HIST8021,Readings in History,First Semester/Second Semester,Postgraduate,6.0,Online or In Person,2019
3136,PASI3012,Readings in Indigenous Studies,First Semester/Second Semester,Undergraduate,6.0,In Person,2019
3137,INDG9002,Readings in Indigenous Studies,Second Semester,Postgraduate,6.0,In Person,2019
3138,NEUR8701,Readings in Neuroscience,First Semester/Second Semester,Postgraduate,6.0,In Person,2019
3139,PHIL4009,Readings in Philosophy,First Semester/Second Semester,Undergraduate,6.0,In Person,2019
3140,BIAN8003,Readings in Primatology/Palaeoanthropology,First Semester/Second Semester,Postgraduate,6.0,In Person,2019
3141,LEGW8152,Ready For Practice,Summer Session/Autumn Session/Winter Session/Spring Session,Postgraduate,6.0,Online,2019
3142,COMP4330,Real-Time & Embedded Systems,Second Semester,Undergraduate,6.0,In Person,2019
3143,COMP8330,Real-Time Embedded Systems,Second Semester,Postgraduate,6.0,In Person,2019
3144,ASIA6042,Reconciliation and the Memory of Conflict in Asia,First Semester,Postgraduate,6.0,In Person,2019
3145,ASIA3029,Reconciliation and the memory of conflict in Asia,First Semester,Undergraduate,6.0,In Person,2019
3146,REGN8011,Reforming Law and Justice in Asia and the Pacific,,Postgraduate,6.0,In Person,2019
3147,CHMD8011,Refugee Health: From Displacement to Resettlement,First Semester,Postgraduate,6.0,Online or In Person,2019
3148,LAWS4271,Refugee Law,First Semester,Undergraduate,6.0,In Person,2019
3149,LAWS8471,Refugee Law,,Postgraduate,6.0,In Person,2019
3150,LAWS8656,Refugee Law and Practice in Australia,First Semester,Postgraduate,6.0,Online,2019
3151,POLS2101,Refugee Politics: Displacement and Exclusion in the 20th and 21st Centuries,Second Semester,Undergraduate,6.0,In Person,2019
3152,POLS6101,Refugee Politics: Displacement and Exclusion in the 20th and 21st Centuries,Second Semester,Postgraduate,6.0,In Person,2019
3153,POLS8029,Regional Integration in the Global Economy,,Postgraduate,6.0,In Person,2019
3154,INTR2028,"Regionalism, Rights and Order in Southeast Asia",,Undergraduate,6.0,In Person,2019
3155,STAT2008,Regression Modelling,First Semester/Second Semester,Undergraduate,6.0,In Person,2019
3156,STAT4038,Regression Modelling,First Semester/Second Semester,Undergraduate,6.0,In Person,2019
3157,STAT6038,Regression Modelling,First Semester/Second Semester,Postgraduate,6.0,In Person,2019
3158,STAT6014,Regression Modelling for Actuarial Studies,First Semester/Second Semester,Postgraduate,6.0,In Person,2019
3159,STAT2014,Regression Modelling for Actuarial Studies,Second Semester,Undergraduate,6.0,In Person,2019
3160,REGN8052,Regulation and Governance,Summer Session,Postgraduate,6.0,In Person,2019
3161,REGN9052,Regulation and Governance,Summer Session,Postgraduate,6.0,In Person,2019
3162,LAWS8589,Regulation of Religious Activities,,Postgraduate,6.0,In Person,2019
3163,COMP2400,Relational Databases,Second Semester,Undergraduate,6.0,In Person,2019
3164,COMP6240,Relational Databases,Second Semester,Postgraduate,6.0,In Person,2019
3165,ANUC2400,Relational Databases,First Semester/Second Semester,Undergraduate,6.0,In Person,2019
3166,SOCY2057,"Relationships, Marriage and Family",,Undergraduate,6.0,In Person,2019
3167,GEND2057,"Relationships, Marriage and Family",,Undergraduate,6.0,In Person,2019
3168,MATH3329,"Relativity, Black Holes and Cosmology",,Undergraduate,6.0,In Person,2019
3169,ARTH2168,Renaissance and Baroque Art,Second Semester,Undergraduate,6.0,In Person,2019
3170,ARTH6168,Renaissance and Baroque Art,Second Semester,Postgraduate,6.0,In Person,2019
3171,MUSC8019,"Repatriation: principles, policy, practice",Winter Session,Postgraduate,6.0,In Person,2019
3172,CHMD8005,"Representing Medicine: Performance, Drama and Identity",,Postgraduate,6.0,Online or In Person,2019
3173,COMP8100,Requirements Elicitation and Analysis Techniques,First Semester,Postgraduate,6.0,In Person,2019
3174,ARTV8054,Research,First Semester,Postgraduate,6.0,In Person,2019
3175,POGO9096,Research Design,Autumn Session,Postgraduate,12.0,In Person,2019
3176,BIAN6019,Research Design and Analysis in Archaeological and Evolutionary Science,Second Semester,Postgraduate,6.0,In Person,2019
3177,ARCH3000,Research Design and Analysis in Archaeology,Second Semester,Undergraduate,6.0,In Person,2019
3178,BIAN3014,Research Design and Analysis in Biological Anthropology,Second Semester,Undergraduate,6.0,In Person,2019
3179,ARTS8103,Research Design and Ethics,Summer Session/First Semester/Autumn Session/Winter Session/Second Semester/Spring Session,Postgraduate,6.0,In Person,2019
3180,ANTH8070,Research Design and Field Methods in Anthropology,Second Semester,Postgraduate,6.0,In Person,2019
3181,ANTH8034,Research Design and Field Methods in Anthropology Extended,Second Semester,Postgraduate,12.0,In Person,2019
3182,POPH8315,Research Design and Methods,First Semester/Second Semester,Postgraduate,6.0,Online or In Person,2019
3183,POPH4315,Research Design and Methods,First Semester/Second Semester,Undergraduate,6.0,Online or In Person,2019
3184,ARCH8106,Research Design and Research Proposal,First Semester/Second Semester,Postgraduate,12.0,In Person,2019
3185,ASIA9075,"Research Design and Writing in International, Political and Strategic Studies",Autumn Session,Postgraduate,6.0,In Person,2019
3186,ACST8050,Research Essay in Actuarial Studies,First Semester/Second Semester,Postgraduate,6.0,In Person,2019
3187,STAT8053,Research Essay in Statistics,First Semester/Second Semester,Postgraduate,6.0,In Person,2019
3188,SOCY3001,Research Internship,Second Semester,Undergraduate,6.0,In Person,2019
3189,PREP1101,Research Methods,,Undergraduate,0.0,In Person,2019
3190,PSYC8411,Research Methods and Statistics in Professional Psychology,,Postgraduate,6.0,In Person,2019
3191,EMSC8017,Research Methods for Earth Sciences,First Semester/Second Semester,Postgraduate,6.0,In Person,2019
3192,EMSC4017,Research Methods for Earth Sciences,First Semester/Second Semester,Undergraduate,6.0,In Person,2019
3193,EMDV8102,Research Methods for Environmental Management,First Semester,Postgraduate,6.0,In Person,2019
3194,DIPL8000,Research Methods in Diplomacy,Second Semester,Postgraduate,6.0,In Person,2019
3195,DIPL9000,Research Methods in Diplomacy,Second Semester,Postgraduate,6.0,In Person,2019
3196,NSPO8020,Research Methods in National Security Policy,Second Semester,Postgraduate,6.0,In Person,2019
3197,NSPO9020,Research Methods in National Security Policy,First Semester,Postgraduate,6.0,In Person,2019
3198,ANUC1036,Research Methods in the Health Sciences,,Undergraduate,6.0,In Person,2019
3199,HLTH1002,Research Methods in the Health Sciences,Second Semester,Undergraduate,6.0,In Person,2019
3200,EMSC8034,Research Orientation: Big Questions in the Earth Sciences,First Semester/Second Semester,Postgraduate,6.0,In Person,2019
3201,BIOL8291,Research Presentation Skills,First Semester/Second Semester,Postgraduate,6.0,In Person,2019
3202,ARTV4022,Research Principles and Methods 1,First Semester,Undergraduate,12.0,Online or In Person,2019
3203,DESA4001,Research Principles and Methods 1,First Semester,Undergraduate,12.0,Online or In Person,2019
3204,DESA4002,Research Principles and Methods 2,Second Semester,Undergraduate,12.0,Online or In Person,2019
3205,ARTV4023,Research Principles and Methods 2,Second Semester,Undergraduate,12.0,Online or In Person,2019
3206,BIOL8701,Research Project,First Semester/Second Semester,Postgraduate,6.0,In Person,2019
3207,ENGN8601,Research Project,,Postgraduate,12.0,In Person,2019
3208,MEDI2003,Research Project,,Undergraduate,0.0,In Person,2019
3209,MEDI8013A,Research Project,First Semester,Postgraduate,3.0,In Person,2019
3210,EMDV8066,Research Project,Second Semester,Postgraduate,12.0,In Person,2019
3211,MEDI8013B,Research Project,Second Semester,Postgraduate,3.0,In Person,2019
3212,ENGN8602,Research Project,First Semester/Second Semester,Postgraduate,6.0,In Person,2019
3213,POGO8135,Research Project (12 units),,Postgraduate,12.0,In Person,2019
3214,POGO8035,Research Project (6 units),Second Semester,Postgraduate,6.0,In Person,2019
3215,MEDI8023,Research Project (Advanced),Second Semester,Postgraduate,3.0,In Person,2019
3216,ARAB3004,Research Project (Arabic),First Semester,Undergraduate,6.0,In Person,2019
3217,ARAB6506,Research Project (Arabic),First Semester,Postgraduate,6.0,In Person,2019
3218,CHEM3060,Research Project in Chemistry,Summer Session/First Semester/Winter Session/Second Semester/Spring Session,Undergraduate,6.0,In Person,2019
3219,CHEM8003,Research Project in Chemistry,Second Semester,Postgraduate,6.0,In Person,2019
3220,PHYS8170,Research Project in Photonics,First Semester/Second Semester,Postgraduate,6.0,In Person,2019
3221,EMDV8008,Research Proposal,First Semester,Postgraduate,6.0,Online or In Person,2019
3222,BIOL8700,Research Proposal,First Semester/Second Semester,Postgraduate,12.0,In Person,2019
3223,EMSC8032,Research Proposal & Presentation,First Semester/Second Semester,Postgraduate,6.0,In Person,2019
3224,LAWS8657,Research Skills (Migration),,Postgraduate,6.0,Online,2019
3225,BIOL3202,Research Skills in Biology,,Undergraduate,6.0,In Person,2019
3226,LANG4004,Research Tools in Advanced Language Studies,First Semester/Second Semester,Undergraduate,6.0,In Person,2019
3227,PHYS3042,Research Topics Physics,Summer Session/First Semester/Second Semester,Undergraduate,6.0,In Person,2019
3228,PHYS3045,Research Topics Physics,,Undergraduate,6.0,In Person,2019
3229,JPNS6023,Research Topics in Japanese: History & Society,Second Semester,Postgraduate,6.0,In Person,2019
3230,JPNS3023,Research Topics in Japanese: History & Society,Second Semester,Undergraduate,6.0,In Person,2019
3231,JPNS3024,Research Topics in Japanese: International Relations & Politics,First Semester,Undergraduate,6.0,In Person,2019
3232,JPNS6025,Research Topics in Japanese: International Relations & Politics,First Semester,Postgraduate,6.0,In Person,2019
3233,PHYS8505,Research Topics in Photonics,First Semester/Winter Session/Second Semester,Postgraduate,6.0,In Person,2019
3234,ASIA3083,Research Topics in South and Southeast Asian Languages A,First Semester,Undergraduate,6.0,In Person,2019
3235,ASIA6083,Research Topics in South and Southeast Asian Languages A,First Semester,Postgraduate,6.0,In Person,2019
3236,ASIA6108,Research Topics in South and Southeast Asian Languages B,Second Semester,Postgraduate,6.0,In Person,2019
3237,ASIA3108,Research Topics in South and Southeast Asian Languages B,Second Semester,Undergraduate,6.0,In Person,2019
3238,POLS4011,Research Training: Scope and Methods,First Semester,Undergraduate,12.0,In Person,2019
3239,POLS8042,Research Training: Scope and Methods,First Semester,Postgraduate,12.0,In Person,2019
3240,POLS1009,Research and Writing in Political Science,Second Semester,Undergraduate,6.0,In Person,2019
3241,SOCY2164,Research for Public Policy,,Undergraduate,6.0,In Person,2019
3242,CLAS8018,Research in Classical Studies,First Semester/Second Semester,Postgraduate,12.0,In Person,2019
3243,EMDV8014,Research in Climate Change Policy and Economics,Second Semester,Postgraduate,6.0,Online or In Person,2019
3244,ENVS8013,Research in Climate Change Vulnerability and Adaptation,First Semester,Postgraduate,6.0,In Person,2019
3245,HGEO8004,Research in Natural Hazards and Disasters,,Postgraduate,12.0,In Person,2019
3246,HGEO8003,Research in Natural Hazards and Disasters,,Postgraduate,6.0,In Person,2019
3247,POPM8001,"Research, Treatment, Policy: Current Issues in Mental Health",Second Semester,Postgraduate,6.0,In Person,2019
3248,ENGL4020,Researching and Writing the Thesis: A Workshop,First Semester,Undergraduate,6.0,In Person,2019
3249,ENGL8020,Researching and Writing the Thesis: A Workshop,First Semester,Postgraduate,6.0,In Person,2019
3250,ARTV3029,Resolving a Body of Original Contemporary Craft Work,Second Semester,Undergraduate,6.0,In Person,2019
3251,ECON3128,Resource and Environmental Economics,Second Semester,Undergraduate,6.0,In Person,2019
3252,ECON8040,Resource and Environmental Economics,Second Semester,Postgraduate,6.0,In Person,2019
3253,LAWS4254,Restitution,Second Semester,Undergraduate,6.0,In Person,2019
3254,LAWS8454,Restitution,Second Semester,Postgraduate,6.0,In Person,2019
3255,REGN8005,Restorative Justice in the World,Winter Session,Postgraduate,6.0,In Person,2019
3256,ASIA8011,"Rethinking Northeast Asia: Region, Culture and Society",Second Semester,Postgraduate,6.0,In Person,2019
3257,ASIA3033,"Rethinking Northeast Asia: Region, Culture and Society",Second Semester,Undergraduate,6.0,In Person,2019
3258,ENGL6038,"Revolution and Romanticism in British Literature, 1789-1832",,Postgraduate,6.0,In Person,2019
3259,ENGL2038,"Revolution and Romanticism in British Literature, 1789-1832",,Undergraduate,6.0,In Person,2019
3260,CLAS3000,Rhetoric: The Art of Persuasion in the Ancient and Modern Worlds,Second Semester,Undergraduate,6.0,In Person,2019
3261,CLAS6000,Rhetoric: The Art of Persuasion in the Ancient and Modern Worlds,Second Semester,Postgraduate,6.0,In Person,2019
3262,MGMT7203,Risk Analysis for Business Management,,Postgraduate,6.0,In Person,2019
3263,STAT3057,Risk Modelling 1,,Undergraduate,6.0,In Person,2019
3264,STAT8057,Risk Modelling 1,,Postgraduate,6.0,In Person,2019
3265,STAT8058,Risk Modelling 2,,Postgraduate,6.0,In Person,2019
3266,STAT3058,Risk Modelling 2,,Undergraduate,6.0,In Person,2019
3267,STAT8035,Risk Theory,First Semester,Postgraduate,6.0,In Person,2019
3268,STAT3035,Risk Theory,First Semester,Undergraduate,6.0,In Person,2019
3269,STAT4035,Risk Theory,First Semester,Undergraduate,6.0,In Person,2019
3270,SOCY2008,Risk and Society,,Undergraduate,6.0,In Person,2019
3271,ASIA3053,Rituals of Life and Death in Asia and the Pacific,,Undergraduate,6.0,In Person,2019
3272,ASIA8047,Rituals of Life and Death in Asia and the Pacific,,Postgraduate,6.0,In Person,2019
3273,ENGN4627,Robotics,Second Semester,Undergraduate,6.0,In Person,2019
3274,ENGN6627,Robotics,Second Semester,Postgraduate,6.0,In Person,2019
3275,HIST2239,"Rock, Sex and War: Australia's 1960s - 1970s",First Semester,Undergraduate,6.0,In Person,2019
3276,HIST6238,"Rock, Sex and War: Australia's 1960s - 1970s",First Semester,Postgraduate,6.0,In Person,2019
3277,ANCH6026,Rome: After Empire (Europe 400–800 AD),,Postgraduate,6.0,In Person,2019
3278,ANCH2026,Rome: After Empire (Europe 400–800 AD),,Undergraduate,6.0,In Person,2019
3279,ANCH2027,Rome: Crisis and Consolidation (193-313 AD),,Undergraduate,12.0,In Person,2019
3280,ANCH6027,Rome: Crisis and Consolidation (193-313 AD),,Postgraduate,12.0,In Person,2019
3281,ANCH6104,Rome: Republic to Empire,,Postgraduate,6.0,In Person,2019
3282,ANCH1014,Rome: Republic to Empire,,Undergraduate,6.0,In Person,2019
3283,ASIA3011,Samurai Society and Social Control  in Japan,,Undergraduate,6.0,In Person,2019
3284,ASIA6511,Samurai Society and Social Control in Japan,,Postgraduate,6.0,In Person,2019
3285,SKRT6102,Sanskrit 1,First Semester,Postgraduate,6.0,Online or In Person,2019
3286,SKRT1002,Sanskrit 1,First Semester,Undergraduate,6.0,Online or In Person,2019
3287,SKRT6103,Sanskrit 2,Second Semester,Postgraduate,6.0,Online or In Person,2019
3288,SKRT1003,Sanskrit 2,Second Semester,Undergraduate,6.0,Online or In Person,2019
3289,SKRT6160,Sanskrit 3,First Semester,Postgraduate,6.0,Online or In Person,2019
3290,SKRT2103,Sanskrit 3,First Semester,Undergraduate,6.0,Online or In Person,2019
3291,SKRT2104,Sanskrit 4,Second Semester,Undergraduate,6.0,Online or In Person,2019
3292,SKRT6107,Sanskrit 4,Second Semester,Postgraduate,6.0,Online or In Person,2019
3293,SKRT6105,Sanskrit 5,First Semester,Postgraduate,6.0,Online or In Person,2019
3294,SKRT3004,Sanskrit 5,First Semester,Undergraduate,6.0,Online or In Person,2019
3295,SKRT6106,Sanskrit 6,Second Semester,Postgraduate,6.0,Online or In Person,2019
3296,SKRT3005,Sanskrit 6,Second Semester,Undergraduate,6.0,Online or In Person,2019
3297,SCOM1001,Science Communication 1: Science and Public Awareness,First Semester,Undergraduate,6.0,In Person,2019
3298,SCOM1002,Science Communication 2: Scientific Evidence and Social Change,Second Semester,Undergraduate,6.0,In Person,2019
3299,SCOM6004,Science Communication Internship,Summer Session/First Semester/Autumn Session/Winter Session/Second Semester/Spring Session,Postgraduate,6.0,In Person,2019
3300,SCOM3004,Science Communication Internship,Summer Session/First Semester/Autumn Session/Winter Session/Second Semester/Spring Session,Undergraduate,6.0,In Person,2019
3301,SCOM6007,Science Communication Project Design and Delivery,Winter Session,Postgraduate,6.0,In Person,2019
3302,SCOM3007,Science Communication Project Design and Delivery,Winter Session,Undergraduate,6.0,In Person,2019
3303,SCOM3003,Science Communication Research Project,Summer Session/First Semester/Autumn Session/Winter Session/Second Semester/Spring Session,Undergraduate,6.0,In Person,2019
3304,SCOM6012,Science Communication and the Web,Winter Session,Postgraduate,6.0,Online or In Person,2019
3305,SCOM3012,Science Communication and the Web,Winter Session,Undergraduate,6.0,In Person,2019
3306,SCOM6030,Science Dialogue Theory and Practice,Spring Session,Postgraduate,6.0,In Person,2019
3307,SCOM3030,Science Dialogue Theory and Practice,Spring Session,Undergraduate,6.0,In Person,2019
3308,SCNC4000,Science Honours,First Semester/Second Semester,Undergraduate,6.0,In Person,2019
3309,SCNC3000,Science Internship,Summer Session/First Semester/Autumn Session/Winter Session/Second Semester/Spring Session,Undergraduate,6.0,In Person,2019
3310,SCNC8000,Science Internship,Summer Session/First Semester/Autumn Session/Winter Session/Second Semester/Spring Session,Postgraduate,6.0,In Person,2019
3311,SCNC2000,Science Internship,Summer Session/First Semester/Autumn Session/Winter Session/Second Semester/Spring Session,Undergraduate,6.0,In Person,2019
3312,SCOM3027,Science Politics,Second Semester,Undergraduate,6.0,Online or In Person,2019
3313,SCOM6027,Science Politics,Second Semester,Postgraduate,6.0,Online or In Person,2019
3314,SCNC3021,Science Research Project,Summer Session/First Semester/Autumn Session/Winter Session/Second Semester/Spring Session,Undergraduate,6.0,In Person,2019
3315,SCNC2021,Science Research Project,Summer Session/First Semester/Autumn Session/Winter Session/Second Semester/Spring Session,Undergraduate,6.0,In Person,2019
3316,SCNC8021,Science Research Project,Summer Session/First Semester/Autumn Session/Winter Session/Second Semester/Spring Session,Postgraduate,3.0,In Person,2019
3317,SCOM6003,Science in Popular Fiction,Winter Session,Postgraduate,6.0,In Person,2019
3318,SCOM2003,Science in Popular Fiction,Winter Session,Undergraduate,6.0,In Person,2019
3319,PHIL2126,"Science in Society: Ethics, Public Policy and Scientific Practice",First Semester,Undergraduate,6.0,In Person,2019
3320,SCOM6016,Science in the Media,Autumn Session,Postgraduate,6.0,In Person,2019
3321,SCOM2016,Science in the Media,First Semester,Undergraduate,6.0,In Person,2019
3322,POGO8093,"Science, Innovation and Public Policy",,Postgraduate,6.0,In Person,2019
3323,SCOM2031,"Science, Risk and Ethics",First Semester,Undergraduate,6.0,In Person,2019
3324,SCOM6031,"Science, Risk and Ethics",First Semester,Postgraduate,6.0,Online or In Person,2019
3325,VCPG8138,"Science, Technology and Public Policy",Autumn Session/Spring Session,Postgraduate,6.0,In Person,2019
3326,POGO8138,"Science, Technology and Public Policy",Autumn Session/Spring Session,Postgraduate,6.0,In Person,2019
3327,MATH6111,Scientific Computing,First Semester,Postgraduate,6.0,In Person,2019
3328,MATH3511,Scientific Computing,First Semester,Undergraduate,6.0,In Person,2019
3329,BIAN6510,Scientific Dating in Archaeology and Palaeoenvironmental Studies,Second Semester,Postgraduate,6.0,In Person,2019
3330,BIAN3010,Scientific Dating in Archaeology and Palaeoenvironmental Studies,Second Semester,Undergraduate,6.0,In Person,2019
3331,MATH6103,Scientific and Industrial Modelling,Second Semester,Postgraduate,6.0,In Person,2019
3332,MATH3501,Scientific and Industrial Modelling,Second Semester,Undergraduate,6.0,In Person,2019
3333,SCRN3003,Screen Studies Capstone Project,,Undergraduate,6.0,In Person,2019
3334,SCRN3002,Screening the Real,,Undergraduate,6.0,In Person,2019
3335,ARTV6823,Sculpture: Introduction to Conceptual Practices and Construction Methods (Metal and Fabric),First Semester,Postgraduate,6.0,In Person,2019
3336,ARTV1803,Sculpture: Introduction to Conceptual Practices and Construction Methods (Metal and Fabric),First Semester,Undergraduate,6.0,In Person,2019
3337,ARTV1804,Sculpture: Introduction to Temporal Practices and Construction Methods (Wood),Second Semester,Undergraduate,6.0,In Person,2019
3338,ARTV6824,Sculpture: Introduction to Temporal Practices and Construction Methods (Wood),Second Semester,Postgraduate,6.0,In Person,2019
3339,LING2101,Second Language Acquisition,Second Semester,Undergraduate,6.0,In Person,2019
3340,LING6101,Second Language Acquisition,Second Semester,Postgraduate,6.0,In Person,2019
3341,STST2001,Security Concepts in the Asia-Pacific,First Semester,Undergraduate,6.0,In Person,2019
3342,EMSC6014,Sedimentology and Stratigraphy,,Postgraduate,6.0,In Person,2019
3343,LAWS8584,Select Issues in Bankruptcy and Insolvency,,Postgraduate,6.0,Online,2019
3344,CRWF8012,Selected Themes in Economics and Government,,Postgraduate,6.0,In Person,2019
3345,POGO8102,Selected Themes in Public Policy,First Semester,Postgraduate,6.0,In Person,2019
3346,LING4012,Selected Topics in Analysis of a Subsystem of Language,First Semester/Second Semester,Undergraduate,6.0,In Person,2019
3347,LAWS8457,Selected Topics in Australian-United States Comparative Law (ANU),,Postgraduate,6.0,In Person,2019
3348,LAWS4257,Selected Topics in Australian-United States Comparative Law (ANU),Winter Session,Undergraduate,6.0,In Person,2019
3349,LAWS4248,Selected Topics in Australian-United States Comparative Law (Alabama),Summer Session,Undergraduate,6.0,In Person,2019
3350,LING4010,Selected Topics in Empirical Approaches to Linguistics,First Semester/Second Semester,Undergraduate,6.0,In Person,2019
3351,FREN2021,Selected Topics in French Studies,First Semester/Second Semester,Undergraduate,6.0,In Person,2019
3352,FREN6510,Selected Topics in French Studies,First Semester/Second Semester,Postgraduate,6.0,In Person,2019
3353,LING4009,Selected Topics in Methodologies for Researching Language,First Semester/Second Semester,Undergraduate,12.0,In Person,2019
3354,LING4011,Selected Topics in Theory and Analysis in Linguistics,First Semester/Second Semester,Undergraduate,12.0,In Person,2019
3355,LAWS4233,Selected Topics in Torts,,Undergraduate,6.0,In Person,2019
3356,SOCY1002,Self and Society,First Semester,Undergraduate,6.0,In Person,2019
3357,LING3035,Semantic Typology,,Undergraduate,6.0,In Person,2019
3358,LING6035,Semantic Typology,,Postgraduate,6.0,In Person,2019
3359,LING2008,Semantics,First Semester,Undergraduate,6.0,In Person,2019
3360,LING6008,Semantics,First Semester,Postgraduate,6.0,Online or In Person,2019
3361,BAPA2002,Semester at Ritsumeikan University - Global Libral Arts,,Undergraduate,6.0,In Person,2019
3362,ASIA5920,Semester in Asia,Summer Session/First Semester/Second Semester,Undergraduate,6.0,In Person,2019
3363,PHYS6504,Semiconductors,,Postgraduate,6.0,In Person,2019
3364,ENGN3334,Semiconductors,Second Semester,Undergraduate,6.0,In Person,2019
3365,ENGN6334,Semiconductors,Second Semester,Postgraduate,6.0,In Person,2019
3366,PHYS3053,Semiconductors for Optical Systems,,Undergraduate,3.0,In Person,2019
3367,BUSN4111,Seminal Research in Accounting,Second Semester,Undergraduate,6.0,In Person,2019
3368,BUSN8111,Seminal Research in Accounting,Second Semester,Postgraduate,6.0,In Person,2019
3369,EMSC3030,Seminar A,,Undergraduate,3.0,In Person,2019
3370,EMSC4040,Seminar A,,Undergraduate,3.0,In Person,2019
3371,EMSC6040,Seminar A: Short Research Project,,Postgraduate,3.0,In Person,2019
3372,HIST8027,Seminar in Advanced Historical Research,Second Semester,Postgraduate,12.0,Online or In Person,2019
3373,HIST8024,Seminar in Advanced Historiography,First Semester,Postgraduate,6.0,Online or In Person,2019
3374,HIST4011,Seminar in Advanced Historiography,First Semester,Undergraduate,12.0,In Person,2019
3375,HIST4013,Seminar in Historical Writing and Presentation,Second Semester,Undergraduate,12.0,In Person,2019
3376,BUSN8013,Seminar in Research Method in Commerce,First Semester/Second Semester,Postgraduate,6.0,In Person,2019
3377,BUSN4013,Seminar in Research Method in Commerce,First Semester/Second Semester,Undergraduate,6.0,In Person,2019
3378,MKTG2023,Services Marketing,Second Semester,Undergraduate,6.0,Online or In Person,2019
3379,MKTG7023,Services Marketing,Second Semester,Postgraduate,6.0,In Person,2019
3380,HIST8016,Settler Societies and Indigenous Encounters,Second Semester,Postgraduate,6.0,Online or In Person,2019
3381,ENVS3011,Severe Weather,,Undergraduate,6.0,Online or In Person,2019
3382,ENVS6311,Severe Weather,,Postgraduate,6.0,Online or In Person,2019
3383,PHIL2082,Sex and Death: the Philosophy of Biology,,Undergraduate,6.0,In Person,2019
3384,GEND1001,"Sex, Gender and Identity: An Introduction to Gender Studies",First Semester,Undergraduate,6.0,In Person,2019
3385,HIST2229,Sexuality in Australian History,,Undergraduate,6.0,In Person,2019
3386,HIST6229,Sexuality in Australian History,,Postgraduate,6.0,In Person,2019
3387,ENGL2055,Shakespeare and Film,,Undergraduate,6.0,In Person,2019
3388,POLS3029,Sharing Power: Federalism in Comparative Perspective,,Undergraduate,6.0,In Person,2019
3389,ENGN2228,Signal Processing,Second Semester,Undergraduate,6.0,In Person,2019
3390,HIST8014,Sites of Memory: the uses of Indigenous history,Second Semester,Postgraduate,6.0,Online or In Person,2019
3391,ARTS8102,Situating the Thesis (TPR),Summer Session/First Semester/Autumn Session/Winter Session/Second Semester/Spring Session,Postgraduate,6.0,In Person,2019
3392,LAWS8658,Skilled and Business Migration,Second Semester,Postgraduate,6.0,Online,2019
3393,ANTH8019,Social Analysis & Community Politics,First Semester,Postgraduate,6.0,Online or In Person,2019
3394,ANTH2133,Social Animals: anthropological perspectives on animal-human relationships,Second Semester,Undergraduate,6.0,In Person,2019
3395,ANTH6519,Social Animals: anthropological perspectives on animal-human relationships,Second Semester,Postgraduate,6.0,In Person,2019
3396,ASIA8050,Social Conflict and Environmental Challenges in Asia and the Pacific,Second Semester,Postgraduate,6.0,In Person,2019
3397,POPH8108,Social Determinants of Health,Second Semester,Postgraduate,6.0,Online or In Person,2019
3398,CBEA3002,Social Enterprise Experience,Autumn Session,Undergraduate,6.0,In Person,2019
3399,MGMT2008,Social Enterprises and Social Business,Second Semester,Undergraduate,6.0,In Person,2019
3400,ANTH8028,Social Impact Assessment: Theory and Methods,Second Semester,Postgraduate,6.0,Online or In Person,2019
3401,ANTH8008,Social Impact Assessment: Theory and Methods (Advanced),Second Semester,Postgraduate,12.0,Online or In Person,2019
3402,SOCY2055,Social Inequality in Comparative Perspective,,Undergraduate,6.0,In Person,2019
3403,MKTG3024,Social Marketing,,Undergraduate,6.0,In Person,2019
3404,POGO8025,Social Policy Analysis,,Postgraduate,6.0,In Person,2019
3405,POGO8024,"Social Policy, Society and Change",,Postgraduate,6.0,In Person,2019
3406,SOCY2101,Social Policy: Principles and Practice,First Semester,Undergraduate,6.0,In Person,2019
3407,PSYC2001,Social Psychology,Second Semester,Undergraduate,6.0,In Person,2019
3408,SOCR8082,Social Research Practice,Second Semester,Postgraduate,6.0,In Person,2019
3409,SOCY9001,Social Research Theory and Design,First Semester/Second Semester,Postgraduate,6.0,In Person,2019
3410,SOCY6066,Social Science of the Internet,,Postgraduate,6.0,In Person,2019
3411,SOCY2166,Social Science of the Internet,,Undergraduate,6.0,In Person,2019
3412,PREP1140,Social psychology,Spring Session,Undergraduate,6.0,In Person,2019
3413,ARTV6811,"Socially Engaged Art Practice: Authorship, Dialogue and Community",Second Semester,Postgraduate,6.0,In Person,2019
3414,ARTV2801,"Socially Engaged Art Practice: Authorship, Dialogue and Community",Second Semester,Undergraduate,6.0,In Person,2019
3415,SOCY1006,Society & Technological Change,First Semester,Undergraduate,6.0,In Person,2019
3416,ENVS6013,Society and Environmental Change,Second Semester,Postgraduate,6.0,In Person,2019
3417,ENVS2013,Society and Environmental Change,Second Semester,Undergraduate,6.0,In Person,2019
3418,SOCY4010,Sociology Honours Methods Seminar,First Semester,Undergraduate,12.0,In Person,2019
3419,SOCY4009,Sociology Honours Theory Seminar,First Semester,Undergraduate,12.0,In Person,2019
3420,SOCY8103,Sociology in the Digital Age,,Postgraduate,6.0,In Person,2019
3421,SOCY6170,Sociology of Emergent Media,Second Semester,Postgraduate,6.0,In Person,2019
3422,SOCY2170,Sociology of Emergent Media,Second Semester,Undergraduate,6.0,In Person,2019
3423,SOCY2162,Sociology of Health and Illness,Second Semester,Undergraduate,6.0,In Person,2019
3424,SOCY2059,Sociology of Resistance,,Undergraduate,6.0,In Person,2019
3425,SOCY6045,Sociology of Third World Development,Second Semester,Postgraduate,6.0,Online or In Person,2019
3426,SOCY2030,Sociology of Third World Development,Second Semester,Undergraduate,6.0,In Person,2019
3427,PHYS2204,Soft Condensed Matter: Understanding squishy materials from food to biology,Second Semester,Undergraduate,6.0,In Person,2019
3428,COMP6311,Software Analysis and Design,,Postgraduate,6.0,In Person,2019
3429,COMP2130,Software Analysis and Design,,Undergraduate,6.0,In Person,2019
3430,COMP6442,Software Construction,First Semester/Second Semester,Postgraduate,6.0,In Person,2019
3431,COMP2100,Software Design Methodologies,First Semester/Second Semester,Undergraduate,6.0,In Person,2019
3432,COMP6120,Software Engineering,Second Semester,Postgraduate,6.0,In Person,2019
3433,COMP2120,Software Engineering,Second Semester,Undergraduate,6.0,In Person,2019
3434,COMP3100,Software Engineering Group Project,,Undergraduate,6.0,In Person,2019
3435,COMP4500,Software Engineering Practice,First Semester/Second Semester,Undergraduate,6.0,In Person,2019
3436,COMP8173,Software Engineering Processes,Winter Session,Postgraduate,6.0,In Person,2019
3437,COMP3500,Software Engineering Project,First Semester/Second Semester,Undergraduate,6.0,In Person,2019
3438,COMP4540,Software Engineering Research Project,First Semester/Second Semester,Undergraduate,6.0,In Person,2019
3439,COMP7500,Software Security,,Postgraduate,6.0,Online or In Person,2019
3440,SOCY8015,Software Studies and Platform Sociology,,Postgraduate,6.0,In Person,2019
3441,ENGN6525,Solar Thermal Technologies,Second Semester,Postgraduate,6.0,In Person,2019
3442,ENGN4525,Solar Thermal Technologies,Second Semester,Undergraduate,6.0,In Person,2019
3443,EMDV8126,Solutions Focused Workshop,First Semester,Postgraduate,6.0,Online or In Person,2019
3444,MUSI3321,Songwriting: concepts and craft,First Semester,Undergraduate,6.0,In Person,2019
3445,MUSI3318,Sound Archiving,,Undergraduate,6.0,In Person,2019
3446,MUSI6008,Sound Archiving,,Postgraduate,6.0,In Person,2019
3447,LING2010,Sounds of the World's Languages: Phonetics and Phonology,Second Semester,Undergraduate,6.0,In Person,2019
3448,LING6010,Sounds of the World's Languages: Phonetics and Phonology,Second Semester,Postgraduate,6.0,In Person,2019
3449,ECON4449,South East Asian Economic Policy & Development,,Undergraduate,6.0,In Person,2019
3450,ECON8049,Southeast Asian Economic Policy and Development,,Postgraduate,6.0,In Person,2019
3451,ECON3019,Southeast Asian Economic Policy and Development(H),,Undergraduate,6.0,In Person,2019
3452,ECON3009,Southeast Asian Economic Policy and Development(P),,Undergraduate,6.0,In Person,2019
3453,ASIA2060,Southeast Asian Security,Second Semester,Undergraduate,6.0,In Person,2019
3454,ASIA6060,Southeast Asian Security,Second Semester,Postgraduate,6.0,In Person,2019
3455,DEMO8063,Spatial Population Data Analysis,First Semester,Postgraduate,6.0,In Person,2019
3456,SCOM2015,Speaking of Science,Second Semester,Undergraduate,6.0,In Person,2019
3457,SCOM4015,Speaking of Science,First Semester,Undergraduate,6.0,In Person,2019
3458,SCOM6015,Speaking of Science,Second Semester,Postgraduate,6.0,In Person,2019
3459,LAWS4234,Special Law Elective 1: Animals and the Law,,Undergraduate,6.0,In Person,2019
3460,MGMT8172,Special Management Topic,Spring Session,Postgraduate,6.0,In Person,2019
3461,MMIB8003,Special Research Topic 1,First Semester/Second Semester,Postgraduate,6.0,In Person,2019
3462,MMIB8004,Special Research Topic 2,First Semester/Second Semester,Postgraduate,12.0,In Person,2019
3463,ENVS3016,Special Topic,Summer Session/First Semester/Autumn Session/Winter Session/Second Semester/Spring Session,Undergraduate,6.0,In Person,2019
3464,STST2004,Special Topic in International Security,Summer Session,Undergraduate,6.0,In Person,2019
3465,MATH6209,Special Topic in Mathematical Sciences,Summer Session/First Semester/Second Semester,Postgraduate,6.0,In Person,2019
3466,MEAS8105,Special Topic in Middle Eastern and Central Asian Studies,First Semester,Postgraduate,6.0,In Person,2019
3467,MEAS8123,Special Topic in Modern Islam,,Postgraduate,6.0,In Person,2019
3468,NSPO8022,Special Topic in National Security Policy,Summer Session/First Semester/Autumn Session/Winter Session/Second Semester/Spring Session,Postgraduate,6.0,In Person,2019
3469,SOCR8004,Special Topic in Social Research,Second Semester,Postgraduate,6.0,In Person,2019
3470,EMSC3050,Special Topics,Summer Session/First Semester/Autumn Session/Winter Session/Second Semester/Spring Session,Undergraduate,6.0,In Person,2019
3471,ECON3112,Special Topics  in Macroeconomics,,Undergraduate,6.0,In Person,2019
3472,ECON8112,Special Topics  in Macroeconomics,,Postgraduate,6.0,In Person,2019
3473,FINM8002,Special Topics - Finance (Corporate and Behavioural Finance),,Postgraduate,6.0,In Person,2019
3474,ENGN6521,Special Topics In  Engineering II,First Semester/Winter Session/Second Semester,Postgraduate,6.0,In Person,2019
3475,BUSN3060,Special Topics In Commerce,First Semester,Undergraduate,6.0,In Person,2019
3476,POLS8041,Special Topics In Comparative Politics,Summer Session,Postgraduate,6.0,In Person,2019
3477,ACST3001,Special Topics in Actuarial Studies,First Semester,Undergraduate,6.0,In Person,2019
3478,ACST8051,Special Topics in Actuarial Studies 1,First Semester,Postgraduate,6.0,In Person,2019
3479,ACST8052,Special Topics in Actuarial Studies 2,First Semester,Postgraduate,6.0,In Person,2019
3480,STAT8024,Special Topics in Applied Statistics 1,First Semester,Postgraduate,6.0,In Person,2019
3481,STAT8025,Special Topics in Applied Statistics 2,First Semester,Postgraduate,6.0,In Person,2019
3482,ARAB6508,Special Topics in Arabic,Second Semester,Postgraduate,6.0,In Person,2019
3483,ARAB3006,Special Topics in Arabic,Second Semester,Undergraduate,6.0,In Person,2019
3484,ASIA2112,Special Topics in Asian and Pacific Studies,,Undergraduate,6.0,In Person,2019
3485,ASIA6022,Special Topics in Asian and Pacific Studies,,Postgraduate,6.0,In Person,2019
3486,BUSN8101,Special Topics in Commerce,First Semester/Second Semester,Postgraduate,6.0,In Person,2019
3487,BUSN8102,Special Topics in Commerce,First Semester,Postgraduate,6.0,In Person,2019
3488,BUSN4010,Special Topics in Commerce,First Semester,Undergraduate,6.0,In Person,2019
3489,BUSN4101,Special Topics in Commerce,First Semester,Undergraduate,6.0,In Person,2019
3490,BUSN8010,Special Topics in Commerce,First Semester,Postgraduate,6.0,In Person,2019
3491,BUSN8103,Special Topics in Commerce,First Semester,Postgraduate,6.0,In Person,2019
3492,POLS4041,Special Topics in Comparative Politics,Summer Session,Undergraduate,6.0,In Person,2019
3493,COMP2710,Special Topics in Computer Science,Summer Session/First Semester/Second Semester,Undergraduate,6.0,In Person,2019
3494,COMP6470,Special Topics in Computing,First Semester/Second Semester/Spring Session,Postgraduate,6.0,In Person,2019
3495,CRIM2011,Special Topics in Criminology,,Undergraduate,6.0,In Person,2019
3496,DIPL8012,Special Topics in Diplomacy,Summer Session/First Semester/Winter Session/Second Semester/Spring Session,Postgraduate,6.0,Online or In Person,2019
3497,EMSC8014,Special Topics in Earth Science,Summer Session/First Semester/Autumn Session/Winter Session/Second Semester/Spring Session,Postgraduate,6.0,In Person,2019
3498,EMET3020,Special Topics in Econometrics,,Undergraduate,6.0,In Person,2019
3499,ECON3099,Special Topics in Economic Dynamics,,Undergraduate,6.0,In Person,2019
3500,ECON8099,Special Topics in Economic Dynamics,,Postgraduate,6.0,In Person,2019
3501,ECON3020,Special Topics in Economics: Computing and Data Skills,,Undergraduate,6.0,In Person,2019
3502,ENGN4521,Special Topics in Engineering 2,First Semester/Second Semester/Spring Session,Undergraduate,6.0,In Person,2019
3503,ENGN4522,Special Topics in Engineering 3,First Semester/Second Semester,Undergraduate,6.0,In Person,2019
3504,ENGN4523,Special Topics in Engineering 4,First Semester/Second Semester,Undergraduate,6.0,In Person,2019
3505,ENGN6520,Special Topics in Engineering I,First Semester/Winter Session/Second Semester,Postgraduate,6.0,In Person,2019
3506,ENGN4520,Special Topics in Engineering I,Summer Session/First Semester/Winter Session/Second Semester/Spring Session,Undergraduate,6.0,In Person,2019
3507,LAWS8291,Special Topics in Environmental Law,,Postgraduate,6.0,In Person,2019
3508,EMDV8041,Special Topics in Environmental Management and Development,First Semester/Second Semester,Postgraduate,6.0,In Person,2019
3509,FINM3004,Special Topics in Finance,First Semester,Undergraduate,6.0,In Person,2019
3510,LAWS8590,Special Topics in Government and Regulation,,Postgraduate,6.0,In Person,2019
3511,INDG3005,Special Topics in Indigenous Studies,,Undergraduate,6.0,In Person,2019
3512,LAWS8122,Special Topics in International Law,Winter Session,Postgraduate,6.0,In Person,2019
3513,INTR8018,Special Topics in International Relations,First Semester,Postgraduate,6.0,In Person,2019
3514,LAWS8019,Special Topics in International Security Law,,Postgraduate,6.0,In Person,2019
3515,LAWS8148,Special Topics in Law,,Postgraduate,6.0,In Person,2019
3516,LAWS8028,"Special Topics in Law, Governance and Development",,Postgraduate,6.0,In Person,2019
3517,LAWS8157,Special Topics in Legal Practice,,Postgraduate,6.0,Online,2019
3518,LING3025,Special Topics in Linguistics,First Semester/Second Semester,Undergraduate,6.0,In Person,2019
3519,LING6525,Special Topics in Linguistics,First Semester,Postgraduate,6.0,In Person,2019
3520,MATH4349,Special Topics in Mathematics,Summer Session/First Semester/Autumn Session/Second Semester,Undergraduate,6.0,In Person,2019
3521,MATH3349,Special Topics in Mathematics,Summer Session/First Semester/Autumn Session/Winter Session/Second Semester/Spring Session,Undergraduate,6.0,In Person,2019
3522,ECON8110,Special Topics in Microeconomics,,Postgraduate,6.0,In Person,2019
3523,ECON3110,Special Topics in Microeconomics,,Undergraduate,6.0,In Person,2019
3524,MEAS4001,Special Topics in Middle Eastern and Central Asian Studies,First Semester/Second Semester,Undergraduate,6.0,In Person,2019
3525,POLS4009,Special Topics in Politics and International Relations 1,,Undergraduate,6.0,In Person,2019
3526,POLS4010,Special Topics in Politics and International Relations 2,,Undergraduate,6.0,In Person,2019
3527,PSYC3023,Special Topics in Psychology,Summer Session/First Semester/Autumn Session/Winter Session/Second Semester/Spring Session,Undergraduate,6.0,In Person,2019
3528,PHYS8750,Special Topics in Quantum Technology,First Semester/Second Semester,Postgraduate,6.0,In Person,2019
3529,SCOM3005,Special Topics in Science Communication,Summer Session/First Semester/Autumn Session/Winter Session/Second Semester/Spring Session,Undergraduate,6.0,Online or In Person,2019
3530,SCOM6005,Special Topics in Science Communication,Summer Session/First Semester/Autumn Session/Winter Session/Second Semester/Spring Session,Postgraduate,6.0,Online or In Person,2019
3531,SOCY2168,Special Topics in Sociology,,Undergraduate,6.0,In Person,2019
3532,STAT3039,Special Topics in Statistics,Second Semester,Undergraduate,6.0,In Person,2019
3533,STAT8016,Special Topics in Statistics 1,Second Semester,Postgraduate,6.0,In Person,2019
3534,STST8017,Special Topics in Strategic Studies,,Postgraduate,6.0,In Person,2019
3535,ANTH2004,Spirit Rising: Religious Resurgence in its Local Context,Second Semester,Undergraduate,6.0,In Person,2019
3536,ANTH6004,Spirit Rising: Religious Resurgence in its Local Context,Second Semester,Postgraduate,6.0,Online or In Person,2019
3537,GERM2048,Spoken Interaction in German: Theory and Practice,,Undergraduate,6.0,In Person,2019
3538,GERM3048,Spoken Interaction in German: Theory and Practice,,Undergraduate,6.0,In Person,2019
3539,LAWS8070,Sports Law,,Postgraduate,6.0,In Person,2019
3540,BIAN8009,Stable Isotopes in Archaeology and Biological Anthropology,,Postgraduate,6.0,In Person,2019
3541,BIOL3110,"Stable isotopes in biogeochemistry, environment, medicine and authentication",Autumn Session,Undergraduate,6.0,In Person,2019
3542,BIOL6110,"Stable isotopes in biogeochemistry, environment, medicine and authentication",Autumn Session,Postgraduate,6.0,In Person,2019
3543,ASTR4008,Star Formation,,Undergraduate,6.0,In Person,2019
3544,ASTR8008,Star Formation,,Postgraduate,6.0,In Person,2019
3545,ASTR3007,Stars,First Semester,Undergraduate,6.0,In Person,2019
3546,ASTR6007,Stars,First Semester,Postgraduate,6.0,In Person,2019
3547,EMDV8101,"State, Society and Natural Resources",Second Semester,Postgraduate,6.0,In Person,2019
3548,ANCH2102,"State, sanctuary and community: archaeology of settlement and memory in ancient Greece",,Undergraduate,12.0,In Person,2019
3549,ANCH6102,"State, sanctuary and community: archaeology of settlement and memory in ancient Greece",,Postgraduate,12.0,In Person,2019
3550,NSPO8021,Statecraft and National Security in Cyberspace,Winter Session,Postgraduate,6.0,In Person,2019
3551,ANTH6134,States and Citizens: Anthropological Perspectives,First Semester,Postgraduate,6.0,In Person,2019
3552,ANTH2134,States and Citizens: Anthropological Perspectives,First Semester,Undergraduate,6.0,In Person,2019
3553,INTR8050,"States, Globalisation and the Movement of Peoples",First Semester,Postgraduate,6.0,In Person,2019
3554,STAT8027,Statistical Inference,First Semester,Postgraduate,6.0,In Person,2019
3555,STAT3013,Statistical Inference,First Semester,Undergraduate,6.0,In Person,2019
3556,STAT4027,Statistical Inference,First Semester,Undergraduate,6.0,In Person,2019
3557,STAT3040,Statistical Learning,First Semester,Undergraduate,6.0,In Person,2019
3558,STAT4040,Statistical Learning,First Semester,Undergraduate,6.0,In Person,2019
3559,STAT7040,Statistical Learning,First Semester,Postgraduate,6.0,In Person,2019
3560,COMP4670,Statistical Machine Learning,First Semester,Undergraduate,6.0,In Person,2019
3561,COMP8600,Statistical Machine Learning,First Semester,Postgraduate,6.0,In Person,2019
3562,STAT1003,Statistical Techniques,First Semester,Undergraduate,6.0,In Person,2019
3563,PREP1116,Statistics,,Undergraduate,6.0,In Person,2019
3564,STAT4500,Statistics Honours Thesis,First Semester/Second Semester,Undergraduate,6.0,In Person,2019
3565,SOCR8001,Statistics for Social Scientists,First Semester,Postgraduate,6.0,In Person,2019
3566,SOCR4001,Statistics for Social Scientists,First Semester,Undergraduate,6.0,In Person,2019
3567,LAWS8072,Statutory Interpretation,Autumn Session,Postgraduate,6.0,In Person,2019
3568,ASTR4015,Stellar Atmospheres and Spectroscopy,Second Semester,Undergraduate,6.0,In Person,2019
3569,ASTR8005,Stellar Atmospheres and Spectroscopy,Second Semester,Postgraduate,6.0,In Person,2019
3570,STAT4018,Stochastic Modelling,First Semester,Undergraduate,6.0,In Person,2019
3571,STAT3004,Stochastic Modelling,First Semester,Undergraduate,6.0,In Person,2019
3572,STAT7018,Stochastic Modelling,First Semester,Postgraduate,6.0,In Person,2019
3573,ENGL2085,Strange Home: Rethinking Australian Literature,,Undergraduate,6.0,In Person,2019
3574,LAWS8331,Strata Law and Practice in the 21st Century City,,Postgraduate,6.0,Online,2019
3575,MGMT7171,Strategic Human Resource Management,Summer Session,Postgraduate,6.0,In Person,2019
3576,MGMT8022,Strategic Management,First Semester/Autumn Session/Second Semester/Spring Session,Postgraduate,6.0,In Person,2019
3577,MKTG3023,Strategic Marketing,First Semester,Undergraduate,6.0,In Person,2019
3578,LAWS8323,Strategic Negotiation Skills,First Semester,Postgraduate,6.0,Online or In Person,2019
3579,POGO8506,Strategic Policymaking,Winter Session,Postgraduate,6.0,In-Person and Online,2019
3580,STST8001,Strategic Studies,First Semester,Postgraduate,12.0,In Person,2019
3581,STST8010,Strategic Studies Concepts and Methods,First Semester,Postgraduate,6.0,In Person,2019
3582,STST9010,Strategic Studies Concepts and Methods,First Semester,Postgraduate,6.0,In Person,2019
3583,STST8064,Strategic Studies Experience,First Semester,Postgraduate,0.0,In Person,2019
3584,STST8059,Strategic Studies Internship,First Semester/Second Semester,Postgraduate,6.0,In Person,2019
3585,ECON2141,Strategic Thinking: An introduction to Game Theory,First Semester/Second Semester,Undergraduate,6.0,In Person,2019
3586,SCOM6501,Strategies in Science Communication,Winter Session,Postgraduate,6.0,In Person,2019
3587,SCOM3501,Strategies in Science Communication,Winter Session,Undergraduate,6.0,In Person,2019
3588,SCOM4501,Strategies in Science Communication,Winter Session,Undergraduate,6.0,In Person,2019
3589,STST8102,Strategy,Summer Session,Postgraduate,12.0,In Person,2019
3590,STST8056,Strategy and Southeast Asia: Defence and Security Dynamics,Second Semester,Postgraduate,6.0,In Person,2019
3591,CHEM2210,Structural Elucidation in Chemistry,Summer Session/First Semester,Undergraduate,6.0,In Person,2019
3592,EMSC6030,Structural Geology and Tectonics,Second Semester,Postgraduate,6.0,In Person,2019
3593,EMSC3002,Structural Geology and Tectonics,Second Semester,Undergraduate,6.0,In Person,2019
3594,CHEM3204,Structural Methods in Chemical Biology,Winter Session,Undergraduate,6.0,In Person,2019
3595,LING2020,Structure of English,First Semester,Undergraduate,6.0,In Person,2019
3596,COMP6710,Structured Programming,First Semester/Second Semester,Postgraduate,6.0,In Person,2019
3597,COMP1110,Structured Programming,First Semester/Second Semester,Undergraduate,6.0,In Person,2019
3598,COMP1140,Structured Programming (Advanced),Second Semester,Undergraduate,6.0,In Person,2019
3599,FINM3009,Student Managed Fund,First Semester/Second Semester,Undergraduate,6.0,In Person,2019
3600,FINM3010,Student Managed Fund Extension,First Semester/Second Semester,Undergraduate,6.0,In Person,2019
3601,COMP2560,Studies in Advanced Computing R&D,Second Semester,Undergraduate,6.0,In Person,2019
3602,DESN4013,Studio Inquiry: Application of Research,,Undergraduate,12.0,In Person,2019
3603,ASIA3051,Study Tour: Archaeology in Asia,,Undergraduate,6.0,In Person,2019
3604,ASIA6151,Study Tour: Archaeology in Asia,,Postgraduate,6.0,In Person,2019
3605,ARCH2022,Study Tour: Cultural Landscapes and Environmental Change,Summer Session,Undergraduate,6.0,In Person,2019
3606,ARCH6022,Study Tour: Cultural Landscapes and Environmental Change,Summer Session,Postgraduate,6.0,In Person,2019
3607,ASIA2084,"Study Tour: Modern Mongolia - Challenges to the Environment, Economy and Empire",Winter Session,Undergraduate,6.0,In Person,2019
3608,PASI2030,Study Tour: Regional Policymaking for Pacific Development,Winter Session,Undergraduate,6.0,In Person,2019
3609,PASI6030,Study Tour: Regional Policymaking for Pacific Development,Winter Session,Postgraduate,6.0,In Person,2019
3610,ASIA6114,Study Tour: Southeast Asian Frontiers – Thailand and Burma/Myanmar,,Postgraduate,12.0,In Person,2019
3611,ASIA3014,Study Tour: Southeast Asian Frontiers – Thailand and Burma/Myanmar,,Undergraduate,12.0,In Person,2019
3612,ASIA2090,Study Tour: The Political Economy of Myanmar,Winter Session,Undergraduate,6.0,Online or In Person,2019
3613,LING3008,Study of A Language Family,,Undergraduate,6.0,In Person,2019
3614,LING6508,Study of a Language Family,,Postgraduate,6.0,Online or In Person,2019
3615,STST2020,Study tour: Southeast Asia's Security Choices,Winter Session,Undergraduate,6.0,In Person,2019
3616,ENVS7001,Sub-Thesis,,Postgraduate,6.0,In Person,2019
3617,LAWS8436,Succession,Second Semester,Postgraduate,6.0,In Person,2019
3618,LAWS4236,Succession,Second Semester,Undergraduate,6.0,In Person,2019
3619,ASIA2105,Summer in Singapore,,Undergraduate,6.0,Online or In Person,2019
3620,ARCH8029,Supervised Field School Project in Archaeological Science,Summer Session/Winter Session/Spring Session,Postgraduate,6.0,In Person,2019
3621,ASIA8512,Supervised Project in Asia-Pacific Studies,First Semester/Autumn Session/Second Semester,Postgraduate,6.0,Online or In Person,2019
3622,LAWS4300,Supervised Research Paper,First Semester/Second Semester,Undergraduate,12.0,In Person,2019
3623,ANTH3010,Supervised Research in Anthropology,First Semester/Second Semester,Undergraduate,6.0,In Person,2019
3624,BIAN3129,Supervised Research in Biological Anthropology,First Semester/Second Semester,Undergraduate,6.0,In Person,2019
3625,ANTH8037,Supervised Special Project,First Semester/Second Semester,Postgraduate,12.0,Online or In Person,2019
3626,ASGS1101,Support For Business Reporting and Analysis,,Undergraduate,6.0,In Person,2019
3627,ASGS1105,Support For Physics and its Foundations,,Undergraduate,6.0,In Person,2019
3628,ASGS1104,Support For Self and Society,,Undergraduate,6.0,In Person,2019
3629,ASGS1103,"Support for Asia and the Pacific: Power, diversity and change",,Undergraduate,6.0,In Person,2019
3630,ASGS1110,Support for Australia's Environment,,Undergraduate,6.0,In Person,2019
3631,ASGS1111,Support for Business Information Systems,,Undergraduate,6.0,In Person,2019
3632,ASGS1109,"Support for Global Citizen: Culture, Development and Inequality",,Undergraduate,6.0,In Person,2019
3633,ASGS1114,Support for Introduction to International Relations: Foundations and Concepts,First Semester,Undergraduate,6.0,In Person,2019
3634,ASGS1113,Support for Introduction to International Security Studies,First Semester,Undergraduate,6.0,In Person,2019
3635,ASGS1102,"Support for Management, People and Organisations",,Undergraduate,6.0,In Person,2019
3636,ASGS1108,Support for Peace Building and Conflict Resolution,,Undergraduate,6.0,In Person,2019
3637,ASGS1112,Support for Quantitative Research Methods,,Undergraduate,6.0,In Person,2019
3638,ASGS1115,Support for Science Courses,First Semester,Undergraduate,6.0,In Person,2019
3639,SOCY6064,Surveillance and Society,,Postgraduate,6.0,In Person,2019
3640,SOCY2157,Surveillance and Society,,Undergraduate,6.0,In Person,2019
3641,SOCR4002,Survey Data Analysis,Second Semester,Undergraduate,6.0,In Person,2019
3642,SOCR8002,Survey Data Analysis,Second Semester,Postgraduate,6.0,In Person,2019
3643,LAWS4247,Survey of United States Law,Summer Session,Undergraduate,6.0,In Person,2019
3644,STAT4072,Survival Models,First Semester,Undergraduate,6.0,In Person,2019
3645,STAT3032,Survival Models,First Semester,Undergraduate,6.0,In Person,2019
3646,STAT7042,Survival Models,First Semester,Postgraduate,6.0,In Person,2019
3647,BUSN7017,"Sustainability and Corporate Social Responsibility, Accountability and Reporting",Second Semester,Postgraduate,6.0,In Person,2019
3648,IDEC8004,Sustainability and Ecological Economics,,Postgraduate,6.0,In Person,2019
3649,ENVS2023,Sustainable Agricultural Systems,Second Semester,Undergraduate,6.0,Online or In Person,2019
3650,ENVS6223,Sustainable Agricultural Systems,Second Semester,Postgraduate,6.0,Online or In Person,2019
3651,ENVS6108,Sustainable Development,Second Semester,Postgraduate,6.0,In Person,2019
3652,ENVS1008,Sustainable Development,Second Semester,Undergraduate,6.0,In Person,2019
3653,LAWS8037,Sustainable Energy Law,,Postgraduate,6.0,In Person,2019
3654,MKTG2002,Sustainable Marketing,First Semester,Undergraduate,6.0,In Person,2019
3655,ENGN4027,Sustainable Nanomaterials,First Semester,Undergraduate,6.0,In Person,2019
3656,ENGN4420,Sustainable Product Development,,Undergraduate,6.0,In Person,2019
3657,ENGN6420,Sustainable Product Development,,Postgraduate,6.0,In Person,2019
3658,ENVS2012,Sustainable Urban Systems,,Undergraduate,6.0,In Person,2019
3659,ENVS6005,Sustainable Urban Systems,,Postgraduate,6.0,In Person,2019
3660,CHEM3201,Synthetic Aspects of Medicinal Chemistry,First Semester,Undergraduate,6.0,In Person,2019
3661,COMP3650,System Architectural Understanding and the Human Brain,,Undergraduate,6.0,In Person,2019
3662,COMP6365,System Architectural Understanding and the Human Brain,,Postgraduate,6.0,In Person,2019
3663,ENGN3331,System Dynamics,First Semester,Undergraduate,6.0,In Person,2019
3664,ENGN6331,Systems Dynamics,First Semester,Postgraduate,6.0,In Person,2019
3665,ENGN2226,Systems Engineering Analysis,Second Semester,Undergraduate,6.0,In Person,2019
3666,ENGN2225,Systems Engineering Design,First Semester,Undergraduate,6.0,In Person,2019
3667,ENGN4221,Systems Engineering Project,First Semester/Second Semester,Undergraduate,6.0,In Person,2019
3668,COMP3530,Systems Engineering for Software Engineers,Second Semester,Undergraduate,6.0,In Person,2019
3669,COMP6353,Systems Engineering for Software Engineers,Second Semester,Postgraduate,6.0,In Person,2019
3670,ENGN8120,Systems Modelling,Second Semester,Postgraduate,6.0,In Person,2019
3671,NEUR6102,Systems Neuroscience,Second Semester,Postgraduate,6.0,In Person,2019
3672,NEUR3112,Systems Neuroscience,Second Semester,Undergraduate,6.0,In Person,2019
3673,COMP8180,Systems and Software Safety,,Postgraduate,6.0,In Person,2019
3674,COMP2310,"Systems, Networks and Concurrency",Second Semester,Undergraduate,6.0,In Person,2019
3675,COMP6310,"Systems, Networks and Concurrency",Second Semester,Postgraduate,6.0,In Person,2019
3676,ASIA6072,Taiwan: History and Culture,Second Semester,Postgraduate,6.0,In Person,2019
3677,ASIA2072,Taiwan: History and Culture,Second Semester,Undergraduate,6.0,In Person,2019
3678,CHIN6016,Taiwanese (Southern Min),Winter Session,Postgraduate,6.0,In Person,2019
3679,CHIN2013,Taiwanese (Southern Min),Winter Session,Undergraduate,6.0,In Person,2019
3680,ASIA2222,Taiwanese Society and Politics,Summer Session,Undergraduate,6.0,In Person,2019
3681,CRIM2015,Targeted Violence: Criminological Approaches to Understanding and Prevention,Second Semester,Undergraduate,6.0,In Person,2019
3682,CRIM6015,Targeted Violence: Criminological Approaches to Understanding and Prevention,Second Semester,Postgraduate,6.0,In Person,2019
3683,BUSN4016,Taxation Concepts and Issues,First Semester,Undergraduate,6.0,In Person,2019
3684,BUSN8016,Taxation Concepts and Issues,First Semester,Postgraduate,6.0,In Person,2019
3685,BUSN7021,Taxation Law,First Semester/Second Semester,Postgraduate,6.0,In Person,2019
3686,JPNS6514,Teaching Japanese Method,Second Semester,Postgraduate,6.0,In Person,2019
3687,JPNS3012,Teaching Japanese: Content,,Undergraduate,6.0,In Person,2019
3688,JPNS6512,Teaching Japanese: Content,,Postgraduate,6.0,In Person,2019
3689,JPNS3014,Teaching Japanese: Method,Second Semester,Undergraduate,6.0,In Person,2019
3690,LING2013,Teaching Languages,,Undergraduate,6.0,In Person,2019
3691,LING6013,Teaching Languages,,Postgraduate,6.0,In Person,2019
3692,MGMT3002,Techniques for Business Project Management,Second Semester,Undergraduate,6.0,In Person,2019
3693,LAWS8317,Technology Transfer and Commercialisation,Winter Session,Postgraduate,6.0,Online,2019
3694,MGMT7106,Technology and Innovation Management and Strategy,,Postgraduate,6.0,In Person,2019
3695,MGMT7020,Technology and Project Management,First Semester/Second Semester,Postgraduate,6.0,Online or In Person,2019
3696,ENGL2116,Televisual: Investigating Narrative Television,,Undergraduate,6.0,In Person,2019
3697,ENGL6116,Televisual: Investigating Narrative Television,,Postgraduate,6.0,In Person,2019
3698,ANUC1108,Terror to Terrorism: A History,Second Semester,Undergraduate,6.0,In Person,2019
3699,HIST1209,Terror to Terrorism: A History,Second Semester,Undergraduate,6.0,In Person,2019
3700,POLS4027,Terrorism & Counter Terrorism,First Semester,Undergraduate,6.0,In Person,2019
3701,POLS8027,Terrorism and Counter Terrorism,First Semester,Postgraduate,6.0,In Person,2019
3702,NSPO8025,Terrorism and National Security,Second Semester,Postgraduate,6.0,In Person,2019
3703,TETM1002,Tetum 1,First Semester,Undergraduate,6.0,Online,2019
3704,TETM6002,Tetum 1,First Semester,Postgraduate,6.0,Online,2019
3705,TETM1003,Tetum 2,Second Semester,Undergraduate,6.0,Online,2019
3706,TETM6003,Tetum 2,Second Semester,Postgraduate,6.0,Online,2019
3707,TETM2004,Tetum 3,First Semester,Undergraduate,6.0,Online,2019
3708,TETM6104,Tetum 3,First Semester,Postgraduate,6.0,Online,2019
3709,TETM6105,Tetum 4,Second Semester,Postgraduate,6.0,Online,2019
3710,TETM2005,Tetum 4,Second Semester,Undergraduate,6.0,Online,2019
3711,DESA2906,Textiles Design: Drawing for Design,,Undergraduate,6.0,In Person,2019
3712,DESA2908,Textiles Design: Fabricated Textiles,Second Semester,Undergraduate,6.0,In Person,2019
3713,DESA2909,Textiles Design: Marketing Design,,Undergraduate,6.0,In Person,2019
3714,DESA2907,Textiles Design: Stitch for Design,First Semester,Undergraduate,6.0,In Person,2019
3715,ARTV2906,Textiles: Approaches to Drawing for Craft and Design,,Undergraduate,6.0,In Person,2019
3716,ARTV2908,Textiles: Constructed Textiles,Second Semester,Undergraduate,6.0,In Person,2019
3717,ARTV1901,Textiles: Dye and Surface Manipulation,First Semester,Undergraduate,6.0,In Person,2019
3718,ARTV2907,Textiles: Embroidery and Hand Stitch,First Semester,Undergraduate,6.0,In Person,2019
3719,ARTV2911,Textiles: Experimental Practices,,Undergraduate,6.0,In Person,2019
3720,ARTV2909,Textiles: Maker to Market,,Undergraduate,6.0,In Person,2019
3721,ARTV1902,Textiles: Print and Surface Design,Second Semester,Undergraduate,6.0,In Person,2019
3722,THAI6102,Thai 1,First Semester,Postgraduate,6.0,Online,2019
3723,THAI1002,Thai 1,First Semester,Undergraduate,6.0,Online,2019
3724,THAI1003,Thai 2,Second Semester,Undergraduate,6.0,Online,2019
3725,THAI6103,Thai 2,Second Semester,Postgraduate,6.0,Online,2019
3726,THAI2002,Thai 3,First Semester,Undergraduate,6.0,Online,2019
3727,THAI6002,Thai 3,First Semester,Postgraduate,6.0,Online,2019
3728,THAI6003,Thai 4,Second Semester,Postgraduate,6.0,Online,2019
3729,THAI2003,Thai 4,Second Semester,Undergraduate,6.0,Online,2019
3730,THAI6502,Thai 5,First Semester,Postgraduate,6.0,Online or In Person,2019
3731,THAI3002,Thai 5,First Semester,Undergraduate,6.0,Online or In Person,2019
3732,THAI3008,Thai 6,Second Semester,Undergraduate,6.0,Online or In Person,2019
3733,THAI6008,Thai 6,Second Semester,Postgraduate,6.0,Online or In Person,2019
3734,HIST2206,"The Anzac Battlefields and Beyond: A Study Tour of Gallipoli, London, Paris and the Western Front",Autumn Session,Undergraduate,12.0,In Person,2019
3735,ARCH6050,The Archaeology of South East Asia,,Postgraduate,6.0,In Person,2019
3736,ARTH6057,The Art and Politics of Collecting,Second Semester,Postgraduate,12.0,Online or In Person,2019
3737,VCUG1001,The Art of Computing,,Undergraduate,6.0,In Person,2019
3738,VCUG2003,The Art of Making : A practical course aimed at turning ideas into reality,First Semester/Second Semester,Undergraduate,6.0,In Person,2019
3739,ECHI1006,The Australian Economy: Past and Present,First Semester,Undergraduate,6.0,In Person,2019
3740,ASGS1008,The Big Ideas in Science,,Undergraduate,6.0,In Person,2019
3741,HIST2221,The Birth of Modernity: Britain 1688-1848,,Undergraduate,6.0,In Person,2019
3742,HIST6221,The Birth of Modernity: Britain 1688-1848,,Postgraduate,6.0,In Person,2019
3743,EMSC1006,The Blue Planet: An Introduction to Earth System Science,First Semester,Undergraduate,6.0,In Person,2019
3744,EMSC6107,The Blue Planet: an introduction to Earth system science,First Semester,Postgraduate,6.0,In Person,2019
3745,IDEC8021,The Chinese Economy,First Semester,Postgraduate,6.0,In Person,2019
3746,HIST2141,The Cold War: 1945-1989,,Undergraduate,6.0,In Person,2019
3747,ASIA3034,The Contemporary Chinese World,Second Semester,Undergraduate,6.0,In Person,2019
3748,BAPA3003,"The Contemporary Pacific: Society, Politics and Development",,Undergraduate,6.0,In Person,2019
3749,COMP1040,The Craft of Computing,,Undergraduate,6.0,In Person,2019
3750,HIST8101,"The Craft of History: Approaches, Themes and Methods",First Semester,Postgraduate,6.0,In Person,2019
3751,EMDV8015,The Eco-Cultural Tourism Workshop,Autumn Session,Postgraduate,6.0,In Person,2019
3752,POGO8016,The Economic Way of Thinking,First Semester,Postgraduate,6.0,In Person,2019
3753,IDEC8081,The Economics of Incentives and Institutions,Second Semester,Postgraduate,6.0,In Person,2019
3754,ECON8010,The Economics of Taxation and Redistribution,,Postgraduate,6.0,In Person,2019
3755,ECON8091,"The Economy, Politics and the State",Second Semester,Postgraduate,6.0,In Person,2019
3756,ECON2091,"The Economy, Politics and the State",Second Semester,Undergraduate,6.0,In Person,2019
3757,ECON4491,"The Economy, Politics and the State",Second Semester,Undergraduate,6.0,In Person,2019
3758,DESN6012,The Ethics of Making: Design for Reuse and Repair,Second Semester,Postgraduate,6.0,In Person,2019
3759,DESN2012,The Ethics of Making: Design for Reuse and Repair,Second Semester,Undergraduate,6.0,In Person,2019
3760,BUSI7020,The European Business System,First Semester,Postgraduate,6.0,In Person,2019
3761,LAWS8239,The European Union,,Postgraduate,6.0,In Person,2019
3762,EURO8003,The European Union: Regional Integration in Comparative Perspective.,,Postgraduate,6.0,In Person,2019
3763,NSPO8018,The Evolution of National Security Policy since 1945,First Semester,Postgraduate,6.0,In Person,2019
3764,INTR8046,The Evolution of the International System,Second Semester,Postgraduate,6.0,In Person,2019
3765,LAWS8659,The Family in Australian Migration Law,Second Semester,Postgraduate,6.0,Online,2019
3766,HIST2223,The French Revolution and Napoleon,,Undergraduate,6.0,In Person,2019
3767,HIST6223,The French Revolution and Napoleon,,Postgraduate,6.0,In Person,2019
3768,CHMD8020,The Future of Food and Human Health,Second Semester,Postgraduate,6.0,Online or In Person,2019
3769,LAWS8318,The Future of Legal Practice,Second Semester,Postgraduate,6.0,Online,2019
3770,BUSI7019,The Global Business Environment,,Postgraduate,6.0,In Person,2019
3771,POGO8213,The Global Trading System,Second Semester,Postgraduate,6.0,In Person,2019
3772,HIST2214,"The Great War, 1914-1918",First Semester,Undergraduate,6.0,In Person,2019
3773,HIST6214,"The Great War, 1914-1919",First Semester,Postgraduate,6.0,In Person,2019
3774,MEAS4113,The Gulf Strategic Environment,First Semester,Undergraduate,6.0,In Person,2019
3775,MEAS8113,The Gulf Strategic Environment,First Semester,Postgraduate,6.0,In Person,2019
3776,LAWS8246,The High Court of Australia,,Postgraduate,6.0,In Person,2019
3777,ARCH6006,The History of Archaeology: Discovering the Past,,Postgraduate,6.0,In Person,2019
3778,INTR8076,The History of International Thought,,Postgraduate,6.0,In Person,2019
3779,LING6529,The History of the English Language,First Semester,Postgraduate,6.0,In Person,2019
3780,LING2104,The History of the English Language,First Semester,Undergraduate,6.0,In Person,2019
3781,BIAN1001,The Human Voyage: Introduction to Biological Anthropology,Second Semester,Undergraduate,6.0,In Person,2019
3782,CRIM2000,The Illicit Economy,First Semester,Undergraduate,6.0,Online or In Person,2019
3783,CRIM6000,The Illicit Economy,First Semester,Postgraduate,6.0,In Person,2019
3784,INDG3003,The Indigenous Economy,Second Semester,Undergraduate,6.0,In Person,2019
3785,POLS2117,The International Relations of Latin America,,Undergraduate,6.0,In Person,2019
3786,WARS6088,The Korean War,Second Semester,Postgraduate,6.0,In Person,2019
3787,WARS2003,The Korean War,Second Semester,Undergraduate,6.0,In Person,2019
3788,LAWS8125,The Law of Corporate Governance,,Postgraduate,6.0,Online,2019
3789,LAWS8184,The Law of International Institutions,,Postgraduate,6.0,In Person,2019
3790,ASIA6010,The Making of Modern Japan: From Samurai to Economic Superpower and Beyond,First Semester,Postgraduate,6.0,In Person,2019
3791,ASIA2009,The Making of Modern Japan: From Samurai to Economic Superpower and Beyond,First Semester,Undergraduate,6.0,In Person,2019
3792,ASIA6006,The Making of Modern Korea,Second Semester,Postgraduate,6.0,In Person,2019
3793,ASIA2271,The Making of South Asia,First Semester,Undergraduate,6.0,In Person,2019
3794,ASIA6271,The Making of South Asia,First Semester,Postgraduate,6.0,In Person,2019
3795,IDEC8028,The Microeconomics of Development,First Semester,Postgraduate,6.0,In Person,2019
3796,ASIA2016,The Mongol Empire in World History,First Semester,Undergraduate,6.0,In Person,2019
3797,ASIA6116,The Mongol Empire in World History,First Semester,Postgraduate,6.0,In Person,2019
3798,CLAS1003,"The Myths of Greece and Rome: Mortals, Immortals, and Monsters",,Undergraduate,6.0,In Person,2019
3799,CLAS6002,"The Myths of Greece and Rome: Mortals, Immortals, and Monsters",,Postgraduate,6.0,In Person,2019
3800,STST8002,The New Power Politics of Asia,First Semester,Postgraduate,6.0,In Person,2019
3801,ASIA1999,The Origins of Political Order in Asia,First Semester,Undergraduate,6.0,In Person,2019
3802,BAPA1001,The Origins of Political Order in Asia,,Undergraduate,6.0,In Person,2019
3803,PHIL3075,"The Philosophy of Gender: Knowledge, Power, Bodies",First Semester,Undergraduate,6.0,In Person,2019
3804,PHIL2127,The Philosophy of Time,Second Semester,Undergraduate,6.0,In Person,2019
3805,ASIA2275,The Pleasures and Powers of Stories in South and Southeast Asia,,Undergraduate,6.0,In Person,2019
3806,REGN8050,The Policy and Practice of Regulation,Winter Session,Postgraduate,6.0,In Person,2019
3807,MEAS2105,The Political Economy of the Middle East,Second Semester,Undergraduate,6.0,In Person,2019
3808,POGO8402,The Political and Institutional Architecture of Public Policy,Second Semester,Postgraduate,6.0,In Person,2019
3809,ASIA6026,The Politics of China,First Semester,Postgraduate,6.0,In Person,2019
3810,ASIA2026,The Politics of China,First Semester,Undergraduate,6.0,In Person,2019
3811,ENGL6117,The Politics of Comedy from the Globe to The Office,Second Semester,Postgraduate,6.0,In Person,2019
3812,ENGL2117,The Politics of Comedy from the Globe to The Office,Second Semester,Undergraduate,6.0,In Person,2019
3813,POLS3032,The Politics of Empire,,Undergraduate,6.0,In Person,2019
3814,POLS6100,The Politics of Empire,,Postgraduate,6.0,In Person,2019
3815,POLS3035,The Politics of International Law,Second Semester,Undergraduate,6.0,In Person,2019
3816,INTR8043,The Post-Colonial Pacific and Global Change,First Semester,Postgraduate,6.0,In Person,2019
3817,PHIL2094,The Problem of Free Will,,Undergraduate,6.0,In Person,2019
3818,HIST8102,The Professional Historian: Advanced Training,Second Semester,Postgraduate,6.0,In Person,2019
3819,HIST6234,The Reach of History: Presenting the past in the public domain,,Postgraduate,6.0,In Person,2019
3820,HIST2234,The Reach of History: Presenting the past in the public domain,,Undergraduate,6.0,In Person,2019
3821,STST8052,The Resort to Force: Understanding Military Power,Second Semester,Postgraduate,6.0,In Person,2019
3822,INTR8020,The Responsibility to Protect,First Semester,Postgraduate,6.0,In Person,2019
3823,ANCH2022,The Rise of the Roman Empire,First Semester,Undergraduate,6.0,In Person,2019
3824,DIPL2001,The Role of Non-State Actors in Asia-Pacific Diplomacy,Second Semester,Undergraduate,6.0,In Person,2019
3825,DIPL8016,The Role of Non-State Actors in East Asian Diplomacy,First Semester,Postgraduate,6.0,In Person,2019
3826,MUSI7003,The Scholar Musician 1,First Semester,Postgraduate,6.0,In Person,2019
3827,MUSI4401,The Scholar Musician 1,First Semester,Undergraduate,6.0,In Person,2019
3828,MUSI4402,The Scholar Musician 2,Second Semester,Undergraduate,6.0,In Person,2019
3829,MUSI8001,The Scholar Musician 2,Second Semester,Postgraduate,6.0,In Person,2019
3830,PSYC3002,The Social Psychology of Group Processes and Social Change,First Semester,Undergraduate,6.0,In Person,2019
3831,SPAN2601,The Sounds of Spanish,,Undergraduate,6.0,In Person,2019
3832,SPAN6518,The Sounds of Spanish,,Postgraduate,6.0,In Person,2019
3833,HIST2242,The Soviet Union: From the Russian Revolution to the Collapse of Communism,Second Semester,Undergraduate,6.0,In Person,2019
3834,HIST6242,The Soviet Union: From the Russian Revolution to the Collapse of Communism,Second Semester,Postgraduate,6.0,Online or In Person,2019
3835,LING6020,The Structure of English,First Semester,Postgraduate,6.0,Online or In Person,2019
3836,SPAN6514,The Structure of Spanish,,Postgraduate,6.0,In Person,2019
3837,SPAN2602,The Structure of Spanish,,Undergraduate,6.0,In Person,2019
3838,ENGL2020,"The Text on Stage: Interpreting, Making and Presenting the Play",,Undergraduate,6.0,In Person,2019
3839,HIST1215,The Twentieth Century World,First Semester,Undergraduate,6.0,In Person,2019
3840,DIPL8008,The United Nations and Peace,,Postgraduate,6.0,In Person,2019
3841,WARS2002,The Vietnam Wars: 1941-1989,,Undergraduate,6.0,Online or In Person,2019
3842,PSYC1005,The Wellbeing Formula: The Science and Practice of Making a Good Life,Second Semester,Undergraduate,6.0,Online or In Person,2019
3843,ANTH8107,The World Bank and the Organisation of Development,First Semester,Postgraduate,6.0,Online or In Person,2019
3844,ECHI3019,The World Economy Since 1800 (H),Second Semester,Undergraduate,6.0,In Person,2019
3845,ECHI2006,The World Economy Since 1800 (P),,Undergraduate,6.0,In Person,2019
3846,PSYC6002,The social psychology of group processes and social change,,Postgraduate,6.0,In Person,2019
3847,FREN3515,The sounds of French: phonetics and pronunciation,First Semester,Undergraduate,6.0,In Person,2019
3848,FREN6515,The sounds of French: phonetics and pronunciation,First Semester,Postgraduate,6.0,In Person,2019
3849,ANTH2050,Themes in Anthropology,,Undergraduate,6.0,In Person,2019
3850,PHYS4004F,Theoretical Physics IV Honours (S),,Undergraduate,12.0,In Person,2019
3851,PHYS4004P,Theoretical Physics IV Honours (S),,Undergraduate,12.0,In Person,2019
3852,CRIM8001,Theories of Crime and Justice,First Semester,Postgraduate,6.0,Online or In Person,2019
3853,CRIM4001,Theories of Crime and Justice,First Semester,Undergraduate,6.0,In Person,2019
3854,PHIL2020,Theories of Social Justice,,Undergraduate,6.0,In Person,2019
3855,WARS2001,Theories of War: An historical and global perspective,First Semester,Undergraduate,6.0,In Person,2019
3856,ARTH2165,Theories of the Image,,Undergraduate,6.0,In Person,2019
3857,ARTH6165,Theories of the Image,,Postgraduate,6.0,In Person,2019
3858,ARTH6164,Theories of the Object,First Semester,Postgraduate,6.0,In Person,2019
3859,ARTH2164,Theories of the Object,First Semester,Undergraduate,6.0,In Person,2019
3860,BIAN4010,Theory Seminar in Biological Anthropology,First Semester,Undergraduate,12.0,In Person,2019
3861,BIAN8005,Theory Seminar in Biological Anthropology,,Postgraduate,6.0,In Person,2019
3862,ANTH4012,Theory and Ethnography in the Analysis of Cultures,Summer Session,Undergraduate,12.0,In Person,2019
3863,COMP3630,Theory of Computation,,Undergraduate,6.0,In Person,2019
3864,COMP6363,Theory of Computation,,Postgraduate,6.0,In Person,2019
3865,MATH6202,Theory of Partial Differential Equations,Second Semester,Postgraduate,6.0,In Person,2019
3866,MATH4202,Theory of Partial Differential Equations Honours,Second Semester,Undergraduate,6.0,In Person,2019
3867,PHYS2020,Thermal and Statistical Physics,First Semester,Undergraduate,6.0,In Person,2019
3868,THES4102,Thesis,First Semester/Second Semester,Undergraduate,6.0,In Person,2019
3869,THES4105,Thesis,First Semester/Second Semester,Undergraduate,6.0,In Person,2019
3870,THES4502,Thesis,First Semester/Second Semester,Undergraduate,6.0,In Person,2019
3871,THES8102,Thesis,First Semester/Second Semester,Postgraduate,6.0,In Person,2019
3872,THES8103,Thesis,First Semester/Second Semester,Postgraduate,6.0,In Person,2019
3873,INTR8038,Thesis,First Semester/Second Semester,Postgraduate,24.0,In Person,2019
3874,DIPL8011,Thesis,First Semester/Second Semester,Postgraduate,24.0,In Person,2019
3875,NSPO8031F,Thesis,First Semester/Second Semester,Postgraduate,12.0,In Person,2019
3876,THES4103,Thesis,First Semester/Second Semester,Undergraduate,6.0,In Person,2019
3877,THES4501,Thesis,First Semester/Second Semester,Undergraduate,6.0,In Person,2019
3878,THES8100,Thesis,First Semester/Second Semester,Postgraduate,6.0,In Person,2019
3879,THES8105,Thesis,First Semester/Second Semester,Postgraduate,6.0,In Person,2019
3880,THES4100,Thesis,First Semester/Second Semester,Undergraduate,6.0,In Person,2019
3881,THES8113,Thesis (Online),First Semester/Second Semester,Postgraduate,6.0,Online,2019
3882,INTR8039,Thesis (Part Time),First Semester/Second Semester,Postgraduate,12.0,In Person,2019
3883,DIPL8017,Thesis (Part-time),First Semester/Second Semester,Postgraduate,12.0,In Person,2019
3884,STST8162,Thesis - Full-time,First Semester/Second Semester,Postgraduate,24.0,In Person,2019
3885,STST8071,Thesis - Full-time,First Semester/Second Semester,Postgraduate,24.0,In Person,2019
3886,STST8072,Thesis - Part-time,First Semester/Second Semester,Postgraduate,12.0,In Person,2019
3887,HIST8103,Thesis Development,Second Semester,Postgraduate,6.0,In Person,2019
3888,STST8163,Thesis Part-time,First Semester/Second Semester,Postgraduate,12.0,In Person,2019
3889,HUMN8104,Thesis Writing Workshop: The Five Essential Elements of a Thesis,Second Semester,Postgraduate,6.0,In Person,2019
3890,MATH4005,Thesis and Presentations in Mathematics,First Semester/Second Semester,Undergraduate,6.0,In Person,2019
3891,SCOM4005,Thesis and Seminar in Science Communication,First Semester/Second Semester,Undergraduate,6.0,In Person,2019
3892,ASIA2040,The Making of Modern Korea,Second Semester,Undergraduate,6.0,In Person,2019
3893,ARCH3023,Thinking through the past: archaeological theory from 1950,First Semester,Undergraduate,6.0,In Person,2019
3894,MGMT7060,Thought Leadership in Organisations,Second Semester,Postgraduate,6.0,In Person,2019
3895,TIBN1002,Tibetan 1,First Semester,Undergraduate,6.0,Online,2019
3896,TIBN6002,Tibetan 1,First Semester,Postgraduate,6.0,Online,2019
3897,TIBN6003,Tibetan 2,Second Semester,Postgraduate,6.0,Online,2019
3898,TIBN1003,Tibetan 2,Second Semester,Undergraduate,6.0,Online,2019
3899,TOKP6002,Tok Pisin 1,First Semester,Postgraduate,6.0,Online,2019
3900,TOKP1002,Tok Pisin 1,First Semester,Undergraduate,6.0,Online,2019
3901,TOKP1003,Tok Pisin 2,Second Semester,Undergraduate,6.0,Online,2019
3902,TOKP6003,Tok Pisin 2,Second Semester,Postgraduate,6.0,Online,2019
3903,TOKP6101,Tok Pisin 3,,Postgraduate,6.0,Online,2019
3904,TOKP2001,Tok Pisin 3 - Duplicate do not use,,Undergraduate,6.0,Online,2019
3905,TOKP2001X,Tok Pisin 3 - Duplicate do not use,,Undergraduate,6.0,Online,2019
3906,TOKP6102,Tok Pisin 4,,Postgraduate,6.0,Online,2019
3907,TOKP2002X,Tok Pisin 4 - duplicate do not use,,Undergraduate,6.0,Online,2019
3908,TOKP2002,Tok Pisin 4 - duplicate do not use,,Undergraduate,6.0,Online,2019
3909,MGMT7170,Tools and Techniques for Business Project Management,Summer Session/First Semester/Winter Session/Spring Session,Postgraduate,6.0,Online or In Person,2019
3910,LANG4002,Topics in Advanced Language Studies 1,First Semester/Second Semester,Undergraduate,6.0,In Person,2019
3911,LANG4003,Topics in Advanced Language Studies 2,First Semester/Second Semester,Undergraduate,6.0,In Person,2019
3912,LING6026,Topics in Advanced Syntax and Morphology,First Semester,Postgraduate,6.0,In Person,2019
3913,LING3126,Topics in Advanced Syntax and Morphology,First Semester,Undergraduate,6.0,In Person,2019
3914,MATH6200,Topics in Algebra and Topology,,Postgraduate,6.0,In Person,2019
3915,ASIA9051,Topics in Asia and Pacific Research,First Semester,Postgraduate,6.0,In Person,2019
3916,MATH6201,Topics in Computational Mathematics,,Postgraduate,6.0,In Person,2019
3917,MATH4201,Topics in Computational Maths Honours,,Undergraduate,6.0,In Person,2019
3918,COMP3710,Topics in Computer Science,Summer Session/First Semester/Second Semester/Spring Session,Undergraduate,6.0,In Person,2019
3919,ENVS8048,Topics in Environment & Society,Summer Session/First Semester/Autumn Session/Winter Session/Second Semester/Spring Session,Postgraduate,6.0,In Person,2019
3920,ECON4476,Topics in Game Theory,,Undergraduate,6.0,In Person,2019
3921,ECON8076,Topics in Game Theory,,Postgraduate,6.0,In Person,2019
3922,BIAN8002,Topics in Human Population Biology/Health,Summer Session/First Semester/Second Semester,Postgraduate,6.0,In Person,2019
3923,FINM8007,Topics in International Finance,First Semester/Second Semester,Postgraduate,6.0,In Person,2019
3924,IDEC8123,Topics in International and Development Economics,Second Semester,Postgraduate,6.0,In Person,2019
3925,LING9001,Topics in Linguistics,First Semester/Second Semester,Postgraduate,6.0,In Person,2019
3926,ECON8001,Topics in Macroeconomics,Winter Session,Postgraduate,6.0,In Person,2019
3927,ECON4401,Topics in Macroeconomics,Winter Session,Undergraduate,6.0,In Person,2019
3928,MATH6211,Topics in Mathematical Physics,First Semester/Second Semester,Postgraduate,6.0,In Person,2019
3929,ECON4421,Topics in Microeconomic Theory,Second Semester,Undergraduate,6.0,In Person,2019
3930,ECON8021,Topics in Microeconomic Theory,Second Semester,Postgraduate,6.0,In Person,2019
3931,NEUR8001,Topics in Neuroscience,,Postgraduate,6.0,In Person,2019
3932,PHIL4012,Topics in Philosophy,First Semester/Second Semester,Undergraduate,6.0,In Person,2019
3933,MATH6207,Topics in Statistical Science,First Semester/Second Semester,Postgraduate,6.0,In Person,2019
3934,MATH6206,Topics in Stochastic Analysis,First Semester/Second Semester,Postgraduate,6.0,In Person,2019
3935,BIAN8011,Topics in hominid palaeobiology,,Postgraduate,6.0,In Person,2019
3936,LAWS8142,Tort Liability and Public Authorities,,Postgraduate,6.0,In Person,2019
3937,LAWS4240,Tort liability of government and public authorities,,Undergraduate,6.0,In Person,2019
3938,LAWS6103,Torts,First Semester,Postgraduate,6.0,Online or In Person,2019
3939,LAWS1203,Torts,First Semester,Undergraduate,6.0,In Person,2019
3940,LAWS8701,Torts & Civil Litigation & Dispute Management A,,Postgraduate,8.0,Online,2019
3941,LAWS8702,Torts & Civil Litigation & Dispute Management B,Autumn Session,Postgraduate,8.0,Online,2019
3942,HUMN8033,"Tourism, Heritage and Globalization",Winter Session,Postgraduate,6.0,In Person,2019
3943,LAWS8073,Trade Remedies Law: WTO Law & Domestic Implementation,,Postgraduate,6.0,In Person,2019
3944,IDEC8009,"Trade, Development and the Asia Pacific Economy",Winter Session,Postgraduate,6.0,In Person,2019
3945,FINM4017,Trading and Markets,First Semester,Undergraduate,6.0,In Person,2019
3946,FINM8017,Trading and Markets,First Semester,Postgraduate,6.0,In Person,2019
3947,ANTH6005,"Traditional Australian Indigenous Cultures, Societies and Environment",,Postgraduate,6.0,In Person,2019
3948,ANTH2005,"Traditional Australian Indigenous Cultures, Societies and Environment",,Undergraduate,6.0,In Person,2019
3949,CLAS1001,Traditional Grammar,First Semester,Undergraduate,6.0,In Person,2019
3950,CLAS6001,Traditional Grammar,First Semester,Postgraduate,6.0,In Person,2019
3951,CLAS2011,Traditional Grammar (L),First Semester,Undergraduate,6.0,In Person,2019
3952,SOCY3124,Transforming Society: Towards a Public Sociology,Second Semester,Undergraduate,6.0,In Person,2019
3953,LANG6016,Translation Project,,Postgraduate,6.0,In Person,2019
3954,LANG8016,Translation Project,First Semester/Second Semester,Postgraduate,6.0,In Person,2019
3955,LANG6002,Translation across Languages: Specialised Materials,First Semester,Postgraduate,6.0,In Person,2019
3956,LANG6001,Translation across Languages: The Translation of Literary Texts,Second Semester,Postgraduate,6.0,In Person,2019
3957,LANG3002,Translation across Languages: specialised material,First Semester,Undergraduate,6.0,In Person,2019
3958,LANG3001,Translation across Languages: the translation of literary texts,Second Semester,Undergraduate,6.0,In Person,2019
3959,MEDN8005,Translational Medicine Essay,,Postgraduate,6.0,In Person,2019
3960,MEDN8004,Translational Medicine Project,,Postgraduate,6.0,In Person,2019
3961,MEDN8006,Translational Medicine Research Proposal,,Postgraduate,6.0,In Person,2019
3962,LAWS8009,Transnational Anti-Corruption Laws,,Postgraduate,6.0,In Person,2019
3963,LAWS8003,Transnational Business and Human Rights,,Postgraduate,6.0,In Person,2019
3964,DIPL8001,Transnational Diplomacy,First Semester,Postgraduate,6.0,In Person,2019
3965,SCRN3001,Transnational Screens: Crossing Borders and Identities,,Undergraduate,6.0,In Person,2019
3966,CRIM8003,Transnational and Organised Crime,,Postgraduate,6.0,Online or In Person,2019
3967,GEND6021,"Trauma, Memory and Culture",,Postgraduate,6.0,In Person,2019
3968,GEND2021,"Trauma, Memory and Culture",,Undergraduate,6.0,In Person,2019
3969,ANCH2015,Travellers and Geographers in Antiquity,,Undergraduate,6.0,In Person,2019
3970,ANCH6501,Travellers and Geographers in Antiquity,,Postgraduate,6.0,In Person,2019
3971,LAWS8236,Tribunals and Government,,Postgraduate,6.0,In Person,2019
3972,ASIA6272,Truth and Falsity in Indian History and Politics,First Semester,Postgraduate,6.0,In Person,2019
3973,ASIA3272,Truth and Falsity in Indian History and Politics,First Semester,Undergraduate,6.0,In Person,2019
3974,MMIB8007,Tsinghua Research Project,,Postgraduate,6.0,Online or In Person,2019
3975,HIST6509,"Tudor-Stuart England c.1485-1714: Politics, Society, Culture",,Postgraduate,6.0,In Person,2019
3976,HIST2219,"Tudor-Stuart England, c.1485-1714: Politics, Society and Culture",,Undergraduate,6.0,In Person,2019
3977,MEAS2002,Turkish History: Ottoman State to Modern Turkey,,Undergraduate,6.0,In Person,2019
3978,MEAS8010,Turkish History: Ottoman State to Modern Turkey,,Postgraduate,6.0,In Person,2019
3979,MEAS2004,Turkish Politics and Foreign Policy,,Undergraduate,6.0,In Person,2019
3980,MEAS6504,Turkish Politics and Foreign Policy,,Postgraduate,6.0,In Person,2019
3981,DESN2009,Typography in Context: digital typographic design,,Undergraduate,6.0,In Person,2019
3982,ARTV6100,Typography: Textual use in Visual Arts,Second Semester,Postgraduate,6.0,In Person,2019
3983,SCRN2003,U.S. Cinema: Hollywood and Beyond,,Undergraduate,6.0,In Person,2019
3984,POLS2127,U.S. Politics,First Semester,Undergraduate,6.0,In Person,2019
3985,INTR8067,U.S. Security Policy in the Asia-Pacific,Second Semester,Postgraduate,6.0,In Person,2019
3986,INTR2016,US Foreign and Security Policy in Asia,First Semester,Undergraduate,6.0,In Person,2019
3987,INDG8003,Understanding Indigenous Wellbeing: Demographic and Socioeconomic Change,Winter Session,Postgraduate,6.0,Online or In Person,2019
3988,MUSC8012,Understanding Learning in Museums and Heritage,First Semester,Postgraduate,6.0,Online or In Person,2019
3989,BAPA1002,Understanding Peace and Conflict,,Undergraduate,6.0,In Person,2019
3990,INTR1021,Understanding Peace and Conflict,First Semester,Undergraduate,6.0,In Person,2019
3991,EURO2012,"Uniting Europe: history, politics, theory",First Semester,Undergraduate,6.0,In Person,2019
3992,LAWS4001,Unravelling Complexity,First Semester,Undergraduate,6.0,In Person,2019
3993,VCUG3001,Unravelling Complexity,First Semester,Undergraduate,6.0,In Person,2019
3994,VCPG6001,Unravelling Complexity,First Semester,Postgraduate,6.0,In Person,2019
3995,ENGN8832,Urban Energy and Energy Efficiency,Second Semester,Postgraduate,6.0,In Person,2019
3996,SOCR8202,Using Data to Answer Policy Questions and Evaluate Policy,First Semester/Spring Session,Postgraduate,6.0,Online or In Person,2019
3997,SOCR8012,Using Quantitative Text Analysis in Social Research,,Postgraduate,6.0,In Person,2019
3998,BIOL3114,Vertebrate Biology,Second Semester,Undergraduate,6.0,In Person,2019
3999,BIOL6111,Vertebrate Biology,Second Semester,Postgraduate,6.0,In Person,2019
4000,ENGL3036,Victorian Literature,,Undergraduate,6.0,In Person,2019
4001,ENGL6036,Victorian Literature,,Postgraduate,6.0,In Person,2019
4002,ARTH6097,Victorian and Edwardian Art: Australia and Europe 1837-1914,,Postgraduate,6.0,Online or In Person,2019
4003,ARTH2097,Victorian and Edwardian Art: Australia and Europe 1837-1914,,Undergraduate,6.0,In Person,2019
4004,ARTV6003,Video Art,,Postgraduate,6.0,In Person,2019
4005,ARTV2617,Video: Creative Possibilities,,Undergraduate,6.0,In Person,2019
4006,ANTH2135,Vietnam Field School,,Undergraduate,6.0,In Person,2019
4007,ANTH6135,Vietnam Field School,,Postgraduate,12.0,In Person,2019
4008,ANTH6137,Vietnam Field School,,Postgraduate,6.0,In Person,2019
4009,ENVS6017,Vietnam Field School,Summer Session,Postgraduate,6.0,In Person,2019
4010,ENVS2017,Vietnam Field School,Summer Session,Undergraduate,6.0,In Person,2019
4011,VIET1002,Vietnamese 1,First Semester,Undergraduate,6.0,Online,2019
4012,VIET6102,Vietnamese 1,First Semester,Postgraduate,6.0,Online,2019
4013,VIET6103,Vietnamese 2,Second Semester,Postgraduate,6.0,Online,2019
4014,VIET1003,Vietnamese 2,Second Semester,Undergraduate,6.0,Online,2019
4015,VIET6002,Vietnamese 3,First Semester,Postgraduate,6.0,Online,2019
4016,VIET2002,Vietnamese 3,First Semester,Undergraduate,6.0,Online,2019
4017,VIET2003,Vietnamese 4,Second Semester,Undergraduate,6.0,Online,2019
4018,VIET6003,Vietnamese 4,Second Semester,Postgraduate,6.0,Online,2019
4019,VIET3002,Vietnamese 5,First Semester,Undergraduate,6.0,In Person,2019
4020,VIET6502,Vietnamese 5,First Semester,Postgraduate,6.0,In Person,2019
4021,VIET3003,Vietnamese 6,Second Semester,Undergraduate,6.0,In Person,2019
4022,VIET6503,Vietnamese 6,Second Semester,Postgraduate,6.0,In Person,2019
4023,VIET6015,Vietnamese-English Translation,,Postgraduate,6.0,In Person,2019
4024,VIET3015,Vietnamese-English Translation,,Undergraduate,6.0,In Person,2019
4025,HIST2243,"Vikings, Crusades, Mongols: Shaping Medieval Europe, c. 850—1300",Second Semester,Undergraduate,6.0,In Person,2019
4026,HIST6243,"Vikings, Crusades, Mongols: Shaping Medieval Europe, c. 850—1300",Second Semester,Postgraduate,6.0,In Person,2019
4027,REGN8020,"Violence against Women in Australia and Asia and the Pacific: Law, Crime, and Culture",,Postgraduate,6.0,In Person,2019
4028,POLS4043,Violence and Political Order,First Semester,Undergraduate,6.0,In Person,2019
4029,POLS8043,Violence and Political Order,First Semester,Postgraduate,6.0,In Person,2019
4030,ANTH2130,Violence and Terror,Second Semester,Undergraduate,6.0,In Person,2019
4031,ANTH6516,Violence and Terror,Second Semester,Postgraduate,6.0,In Person,2019
4032,REGN8007,Violence in the Contemporary World,Second Semester,Postgraduate,6.0,In Person,2019
4033,ASIA2109,"Violence, Poverty, and Politics in India",,Undergraduate,6.0,In Person,2019
4034,ARTV8300,Visual Arts Studio Masterclass,,Postgraduate,6.0,In Person,2019
4035,ANUC1121,Visual Communication: Design and Production,First Semester/Second Semester,Undergraduate,6.0,In Person,2019
4036,DESN1002,Visual Communication: Design and Production,Second Semester,Undergraduate,6.0,In Person,2019
4037,PSYC3015,Visual and Cognitive Neuroscience,Second Semester,Undergraduate,6.0,In Person,2019
4038,WARS3001,Walking the Ground: War Studies in the Field,,Undergraduate,6.0,In Person,2019
4039,WARS1003,War and Society in Modern History,Second Semester,Undergraduate,6.0,In Person,2019
4040,WARS2004,War in the Islands: The Second World War in the Pacific,Second Semester,Undergraduate,6.0,In Person,2019
4041,WARS6006,War in the Islands: The Second World War in the Pacific,Second Semester,Postgraduate,6.0,In Person,2019
4042,WARS1001,"War in the Modern World, 1789 to today",First Semester,Undergraduate,6.0,Online or In Person,2019
4043,POLS3022,Washington DC Internship,Summer Session,Undergraduate,12.0,In Person,2019
4044,ENVS3005,Water Management,First Semester,Undergraduate,6.0,In Person,2019
4045,ENVS6555,Water Management,First Semester,Postgraduate,6.0,In Person,2019
4046,EMDV8079,Water Politics on a Modified Planet,First Semester,Postgraduate,6.0,Online or In Person,2019
4047,LAWS8123,Water Resources Law,,Postgraduate,6.0,In Person,2019
4048,ENVS2020,Water Science,Summer Session,Undergraduate,6.0,In Person,2019
4049,ENVS6022,Water Science,Summer Session,Postgraduate,6.0,In Person,2019
4050,PHYS2017,Waves and Optics,,Undergraduate,6.0,In Person,2019
4051,ENVS6204,"Weather, Climate and Fire",,Postgraduate,6.0,In Person,2019
4052,ENVS2004,"Weather, Climate and Fire",,Undergraduate,6.0,In Person,2019
4053,COMP6780,Web Development and Design,First Semester,Postgraduate,6.0,In Person,2019
4054,COMP1710,Web Development and Design,First Semester,Undergraduate,6.0,In Person,2019
4055,ANUC1710,Web Development and Design,First Semester/Second Semester,Undergraduate,6.0,In Person,2019
4056,HIST2220,"Western Europe in the Later Middle Ages, c. 1348-1500",,Undergraduate,6.0,In Person,2019
4057,PHIL1007,What is Humanity?,Second Semester,Undergraduate,6.0,In Person,2019
4058,ASIA2304,What is Literature? Asian Perspectives,,Undergraduate,6.0,In Person,2019
4059,MUSC8022,When Justice Goes to the Museum,,Postgraduate,6.0,In Person,2019
4060,CRIM8004,"White Collar Crime: Fraud, Money Laundering and Corruption",,Postgraduate,6.0,Online or In Person,2019
4061,HUMN8036,Who do we think we are? Using Archives and Special Collections,Winter Session,Postgraduate,6.0,In Person,2019
4062,LEGW8114,Wills and Estates Practice,Summer Session/Winter Session/Spring Session,Postgraduate,3.0,Online,2019
4063,ENGN4548,Wind Energy,,Undergraduate,6.0,In Person,2019
4064,PHYS3301,Wind Energy,Winter Session,Undergraduate,6.0,In Person,2019
4065,PHYS6301,Wind Energy,Winter Session,Postgraduate,6.0,In Person,2019
4066,ENGN4536,Wireless Communications,Second Semester,Undergraduate,6.0,In Person,2019
4067,ENGN6536,Wireless Communications,Second Semester,Postgraduate,6.0,In Person,2019
4068,POGO8068,Work Based Research Project,Autumn Session,Postgraduate,12.0,In Person,2019
4069,PHYS6503,Work Experience in Photonics,First Semester/Second Semester,Postgraduate,6.0,In Person,2019
4070,PHYS3058,Work Experience in Photonics,First Semester/Second Semester,Undergraduate,6.0,In Person,2019
4071,PHYS8506,Work experience in Photonics,First Semester/Second Semester,Postgraduate,6.0,In Person,2019
4072,POGO8113,Work-related Project,,Postgraduate,6.0,In Person,2019
4073,ARTV2038,Workshop Atelier,,Undergraduate,6.0,In Person,2019
4074,HIST6136,"World At War, 1939-1945",Second Semester,Postgraduate,6.0,Online or In Person,2019
4075,ECHI3009,World Economy Since 1800,Second Semester,Undergraduate,6.0,In Person,2019
4076,HUMN8019,World Heritage: conserving cultural heritage values,,Postgraduate,6.0,Online,2019
4077,INTR8036,World Politics,First Semester/Second Semester,Postgraduate,6.0,In Person,2019
4078,INTR8071,World Politics 12 Units,First Semester/Second Semester,Postgraduate,12.0,In Person,2019
4079,HIST2136,"World at War, 1939-1945",Second Semester,Undergraduate,6.0,Online or In Person,2019
4080,ARTH8021,Writing About Art and Creative Practice,Summer Session,Postgraduate,6.0,In Person,2019
4081,ASIA8038,Writing Ethnography in Asia and the Pacific,,Postgraduate,6.0,In Person,2019
4082,INTR8065,Writing International Relations,First Semester/Second Semester,Postgraduate,6.0,In Person,2019
4083,INTR8069,Writing International Relations 12 Units,First Semester/Second Semester,Postgraduate,12.0,In Person,2019
4084,GEND3016,Writing Lives: Autobiography in Fiction and Memoir,,Undergraduate,6.0,In Person,2019
4085,POGO8037,Writing Public Policy,,Postgraduate,6.0,In Person,2019
4086,BIAN4009,Writing Seminar in Biological Anthropology,Second Semester,Undergraduate,6.0,In Person,2019
4087,MUSI2211,Writing about Music 1: Styles and Theories,First Semester,Undergraduate,6.0,In Person,2019
4088,MUSI6211,Writing about Music 1: Styles and Theories,First Semester,Postgraduate,6.0,In Person,2019
4089,MUSI6313,Writing about Music 2: Sources and Methods,Second Semester,Postgraduate,6.0,In Person,2019
4090,MUSI3313,Writing about Music 2: Sources and Methods,Second Semester,Undergraduate,6.0,In Person,2019
4091,HUMN8032,Writing for the Research Process,,Postgraduate,6.0,In Person,2019
4092,HUMN4001,Writing for the Research Process,,Undergraduate,6.0,In Person,2019
4093,HUMN8026,Writing in the Public Sphere,,Postgraduate,6.0,Online or In Person,2019
4094,HUMN8012,"Writing, World Histories and Lives: Research Project",Second Semester,Postgraduate,6.0,In Person,2019
4095,ASIA3551,Year in Asia,First Semester/Second Semester,Undergraduate,24.0,In Person,2019
4096,CRIM2006,Young People and Crime: Developmental Criminology and its Discontents,Autumn Session,Undergraduate,6.0,In Person,2019
4097,CRIM6006,Young People and Crime: Developmental Criminology and its Discontents,Autumn Session,Postgraduate,6.0,In Person,2019
4098,GEND2037,Young People and Sex,Second Semester,Undergraduate,6.0,In Person,2019
4099,LAWS4267,Youth Law Clinic,First Semester/Second Semester,Undergraduate,6.0,In Person,2019
4100,LAWS6267,Youth Law Clinic,First Semester/Second Semester,Postgraduate,6.0,In Person,2019
