,CourseCode,Name,Session,Career,Units,ModeOfDelivery,Year
0,LAWS8403,#MeToo and the Law,Winter Session,Postgraduate,6.0,In Person,2020
1,INTR2020,(In)Stability on the Korean Peninsula,Second Semester,Undergraduate,6.0,In Person,2020
2,ENGL6020,"16th, 17th and 18th  Century Literature",,Postgraduate,6.0,In Person,2020
3,ENGL3005,"16th, 17th and 18th Century Literature(H)",,Undergraduate,6.0,In Person,2020
4,ENGL6022,19th & 20th Century Literature,First Semester,Postgraduate,6.0,In Person,2020
5,ENGL3022,19th and 20th Century Literature,First Semester,Undergraduate,6.0,In Person,2020
6,ENGL2115,20th Century American Drama,,Undergraduate,6.0,In Person,2020
7,ENGL6035,20th Century American Drama,,Postgraduate,6.0,In Person,2020
8,ASGS1001,20th Century History,,Undergraduate,6.0,In Person,2020
9,PREP1102,20th Century History,,Undergraduate,6.0,In Person,2020
10,MGMT7169,A Management Framework For Business Projects,Second Semester,Postgraduate,6.0,In Person,2020
11,LAWS4251,AI and Law,Autumn Session,Undergraduate,6.0,In Person,2020
12,CBEA6070,ANU College of Business and Economics Internship Program (PG),First Semester/Second Semester,Postgraduate,6.0,In Person,2020
13,CBEA3070,ANU College of Business and Economics Internship Program (UG),First Semester/Second Semester,Undergraduate,6.0,In Person,2020
14,EXTN1001A,ANU Extension Astrophysics A,Autumn Session,Undergraduate,0.0,In Person,2020
15,EXTN1001B,ANU Extension Astrophysics B,Autumn Session,Undergraduate,6.0,In Person,2020
16,EXTN1002A,ANU Extension Chemistry A,Autumn Session,Undergraduate,0.0,In Person,2020
17,EXTN1002B,ANU Extension Chemistry B,Autumn Session,Undergraduate,6.0,In Person,2020
18,EXTN1004A,ANU Extension Conservation Biology A,Autumn Session,Undergraduate,0.0,In Person,2020
19,EXTN1004B,ANU Extension Conservation Biology B,Autumn Session,Undergraduate,6.0,In Person,2020
20,EXTN1019A,ANU Extension Creative Computing A,,Undergraduate,0.0,In Person,2020
21,EXTN1019B,ANU Extension Creative Computing B,,Undergraduate,6.0,In Person,2020
22,EXTN1012A,ANU Extension Maths A,Autumn Session,Undergraduate,0.0,In Person,2020
23,EXTN1012B,ANU Extension Maths B,Autumn Session,Undergraduate,6.0,In Person,2020
24,EXTN1011A,ANU Extension Physics A,Autumn Session,Undergraduate,0.0,In Person,2020
25,EXTN1011B,ANU Extension Physics B,Autumn Session,Undergraduate,6.0,In Person,2020
26,SCNC5922,ANU/NUS JD (Band 2 NP),First Semester/Second Semester,Undergraduate,6.0,In Person,2020
27,PHYS8011,ANU/NUS Study Program I,First Semester/Second Semester,Postgraduate,6.0,In Person,2020
28,PHYS8012,ANU/NUS Study Program II,First Semester/Second Semester,Postgraduate,6.0,In Person,2020
29,ASGS1106,ASGS1106 Support For Microeconomics 1,,Undergraduate,6.0,In Person,2020
30,ASGS1107,ASGS1107 Support for Communication For Business,,Undergraduate,6.0,In Person,2020
31,HLTH3001,Aboriginal and Torres Strait Islander Health,First Semester,Undergraduate,6.0,In Person,2020
32,HIST6022,Aboriginal and Torres Strait Islander History,First Semester,Postgraduate,6.0,In Person,2020
33,HIST2022,Aboriginal and Torres Strait Islander History,First Semester,Undergraduate,6.0,In Person,2020
34,PHYS8203,Accelerators and their application,First Semester,Postgraduate,6.0,In Person,2020
35,LAWS8334,Access to Justice in Global and Local Contexts,,Postgraduate,6.0,In Person,2020
36,PREP1103,Accounting,,Undergraduate,6.0,In Person,2020
37,BUSN3051,Accounting Analytics,First Semester/Second Semester,Undergraduate,6.0,In Person,2020
38,BUSN7051,Accounting Analytics,First Semester/Second Semester,Postgraduate,6.0,In Person,2020
39,BUSN4500,Accounting Honours Thesis,First Semester/Second Semester,Undergraduate,6.0,In Person,2020
40,INFS7004,Accounting Information Systems,First Semester/Second Semester,Postgraduate,6.0,In Person,2020
41,INFS2005,Accounting Information Systems,First Semester/Second Semester,Undergraduate,6.0,In Person,2020
42,BUSN1002,Accounting Processes and Systems,First Semester/Second Semester,Undergraduate,6.0,In Person,2020
43,BUSN3001,Accounting Theory,First Semester/Second Semester,Undergraduate,6.0,In Person,2020
44,LEGW8100,Accounts,,Postgraduate,3.0,In Person,2020
45,PREP1010,Achieve Literacy,First Semester/Second Semester,Undergraduate,9.0,In Person,2020
46,PREP1011,Achieve Numeracy,First Semester/Second Semester,Undergraduate,9.0,In Person,2020
47,ARTH2175,Across the Pacific: Australian Interactions with American Art and Art-Worlds,,Undergraduate,6.0,In Person,2020
48,ARTH6175,Across the Pacific: Australian Interactions with American Art and Art-Worlds,,Postgraduate,6.0,In Person,2020
49,PREP1016,Activate Literacy,First Semester/Second Semester,Undergraduate,9.0,In Person,2020
50,PREP1018,Activate Mathematics,First Semester/Second Semester,Undergraduate,9.0,In Person,2020
51,PREP1017,Activate Numeracy,First Semester/Second Semester,Undergraduate,9.0,In Person,2020
52,ASIA8021,Activism and Social Change in Asia and the Pacific,Second Semester,Postgraduate,6.0,In Person,2020
53,ACST4031,Actuarial Control Cycle 1,First Semester,Undergraduate,6.0,In Person,2020
54,ACST8040,Actuarial Control Cycle 1,First Semester,Postgraduate,6.0,In Person,2020
55,ACST4032,Actuarial Control Cycle 2,Second Semester,Undergraduate,6.0,In Person,2020
56,ACST8041,Actuarial Control Cycle 2,Second Semester,Postgraduate,6.0,In Person,2020
57,ACST4062,Actuarial Data Analysis,Second Semester,Undergraduate,6.0,In Person,2020
58,ACST8032,Actuarial Data Analysis,Second Semester,Postgraduate,6.0,In Person,2020
59,ACST4500,Actuarial Honours Thesis,First Semester/Second Semester,Undergraduate,6.0,In Person,2020
60,ACST4600,Actuarial Research Essay,First Semester/Second Semester,Undergraduate,6.0,In Person,2020
61,STAT6045,Actuarial Techniques,Second Semester,Postgraduate,6.0,In Person,2020
62,STAT3038,Actuarial Techniques,Second Semester,Undergraduate,6.0,In Person,2020
63,ENGL2067,Adaptation: From Text to Screen,,Undergraduate,6.0,In Person,2020
64,ENGL6067,Adaptation: From Text to Screen,,Postgraduate,6.0,In Person,2020
65,LAWS8652,Administrative Decision Making in Australian Migration Law,,Postgraduate,6.0,Online,2020
66,LAWS2201,Administrative Law,First Semester,Undergraduate,6.0,In Person,2020
67,LAWS6201,Administrative Law,First Semester,Postgraduate,6.0,Online or In Person,2020
68,LEGW8118,Administrative Law Practice,Autumn Session/Winter Session,Postgraduate,3.0,Online,2020
69,LAWS4308,Administrative Law Theory and Practice: The Case of Citizenship,,Undergraduate,6.0,In Person,2020
70,PREP1013,Advance Literacy,First Semester/Second Semester,Undergraduate,9.0,In Person,2020
71,PREP1014,Advance Numeracy,First Semester/Second Semester,Undergraduate,9.0,In Person,2020
72,LING2107,Advanced Academic English,,Undergraduate,6.0,In Person,2020
73,LING6030,Advanced Academic English,,Postgraduate,6.0,In Person,2020
74,LAWS4262,Advanced Administrative Law,,Undergraduate,6.0,In Person,2020
75,LAWS8462,Advanced Administrative Law,,Postgraduate,6.0,In Person,2020
76,MATH2322,"Advanced Algebra 1: Groups, Rings and Linear Algebra",Second Semester,Undergraduate,6.0,In Person,2020
77,MATH3104,"Advanced Algebra 1: Groups, Rings and Linear Algebra",Second Semester,Undergraduate,6.0,In Person,2020
78,MATH3345,Advanced Algebra 2: Field extensions and Galois Theory,First Semester,Undergraduate,6.0,In Person,2020
79,COMP8460,Advanced Algorithms,Second Semester,Postgraduate,6.0,In Person,2020
80,COMP4600,Advanced Algorithms,Second Semester,Undergraduate,6.0,In Person,2020
81,MATH2320,Advanced Analysis 1: Metric Spaces and Applications,First Semester,Undergraduate,6.0,In Person,2020
82,MATH3116,Advanced Analysis 1: Metric Spaces and Applications,First Semester,Undergraduate,6.0,In Person,2020
83,MATH3320,Advanced Analysis 2: Lebesgue Integration and Hilbert Spaces,First Semester,Undergraduate,6.0,In Person,2020
84,PHIL3072,Advanced Analytic Philosophy,Second Semester,Undergraduate,6.0,In Person,2020
85,GREK6125,Advanced Ancient Greek,First Semester/Second Semester,Postgraduate,6.0,In Person,2020
86,GREK3125,Advanced Ancient Greek,First Semester/Second Semester,Undergraduate,6.0,In Person,2020
87,ARAB3001,Advanced Arabic 1,First Semester,Undergraduate,6.0,Online or In Person,2020
88,ARAB6503,Advanced Arabic 1,First Semester,Postgraduate,6.0,Online or In Person,2020
89,ARAB3002,Advanced Arabic 2,Second Semester,Undergraduate,6.0,Online or In Person,2020
90,ARAB6504,Advanced Arabic 2,Second Semester,Postgraduate,6.0,Online or In Person,2020
91,PSYC8510,Advanced Assessment in Professional Psychology,,Postgraduate,6.0,In Person,2020
92,BUSN4056,Advanced Auditing and Assurance Services,,Undergraduate,6.0,In Person,2020
93,BUSN8056,Advanced Auditing and Assurance Services,,Postgraduate,6.0,In Person,2020
94,ECON8080,Advanced Behavioral Economics,Second Semester,Postgraduate,6.0,In Person,2020
95,ECON4480,Advanced Behavioral Economics,Second Semester,Undergraduate,6.0,In Person,2020
96,ECON3180,Advanced Behavioral Economics,Second Semester,Undergraduate,6.0,In Person,2020
97,EMET8020,Advanced Case Studies in Applied Econometrics and Applied Economics,,Postgraduate,6.0,In Person,2020
98,LAWS8655,Advanced Comparative Migration Law,,Postgraduate,6.0,Online,2020
99,MATH3228,Advanced Complex Analysis,Second Semester,Undergraduate,6.0,In Person,2020
100,COMP4560,Advanced Computing Project,First Semester/Second Semester,Undergraduate,6.0,In Person,2020
101,COMP3560,Advanced Computing R&D Industry Experience,First Semester/Second Semester,Undergraduate,0.0,In Person,2020
102,COMP2550,Advanced Computing R&D Methods,First Semester,Undergraduate,6.0,In Person,2020
103,COMP3550,Advanced Computing R&D Project,First Semester/Second Semester,Undergraduate,6.0,In Person,2020
104,COMP6445,Advanced Computing Research Methods,First Semester,Postgraduate,6.0,In Person,2020
105,COMP4450,Advanced Computing Research Methods,First Semester,Undergraduate,6.0,In Person,2020
106,COMP4550,Advanced Computing Research Project,First Semester/Second Semester,Undergraduate,12.0,In Person,2020
107,PHIL3071,Advanced Continental Philosophy,,Undergraduate,6.0,In Person,2020
108,LAWS8218,Advanced Contracts,Winter Session,Postgraduate,6.0,In Person,2020
109,ENGN8224,Advanced Control Systems,Second Semester,Postgraduate,6.0,In Person,2020
110,FINM4015,Advanced Corporate Finance,First Semester/Second Semester,Undergraduate,6.0,In Person,2020
111,FINM8004,Advanced Corporate Finance,First Semester/Second Semester,Postgraduate,6.0,In Person,2020
112,LAWS8411,"Advanced Criminal Law: Crime, Law and Social Justice",,Postgraduate,6.0,In Person,2020
113,MATH3346,Advanced Data Mining,,Undergraduate,6.0,In Person,2020
114,FINM3007,Advanced Derivatives Pricing and Applications,Second Semester,Undergraduate,6.0,In Person,2020
115,EMSC8722,Advanced Detector Systems,First Semester,Postgraduate,6.0,In Person,2020
116,MATH3342,Advanced Differential Geometry,First Semester,Undergraduate,6.0,In Person,2020
117,EMSC4109,Advanced Earth Physics,Second Semester,Undergraduate,6.0,In Person,2020
118,EMSC8019,Advanced Earth Physics,Second Semester,Postgraduate,6.0,In Person,2020
119,EMET8014,Advanced Econometrics I,First Semester,Postgraduate,6.0,In Person,2020
120,EMET4314,Advanced Econometrics I,First Semester,Undergraduate,6.0,In Person,2020
121,EMET4308,Advanced Econometrics II,Second Semester,Undergraduate,6.0,In Person,2020
122,EMET8008,Advanced Econometrics II,Second Semester,Postgraduate,6.0,In Person,2020
123,PHYS3102,Advanced Electromagnetism,First Semester,Undergraduate,6.0,In Person,2020
124,PHYS6102,Advanced Electromagnetism,First Semester,Postgraduate,6.0,In Person,2020
125,PHIL3073,"Advanced Ethics, Social and Political Philosophy",Second Semester,Undergraduate,6.0,In Person,2020
126,BIOL3303,Advanced Field Studies in Functional Ecology,,Undergraduate,6.0,In Person,2020
127,BIOL6303,Advanced Field Studies in Functional Ecology,,Postgraduate,6.0,In Person,2020
128,ARCH8002,Advanced Field Training in Archaeological Science,,Postgraduate,6.0,In Person,2020
129,MATH3343,Advanced Foundations of Mathematics,First Semester,Undergraduate,6.0,In Person,2020
130,FREN3010,Advanced French I,First Semester,Undergraduate,6.0,In Person,2020
131,FREN6010,Advanced French I,First Semester,Postgraduate,6.0,In Person,2020
132,FREN6011,Advanced French II,Second Semester,Postgraduate,6.0,In Person,2020
133,FREN3011,Advanced French II,Second Semester,Undergraduate,6.0,In Person,2020
134,MATH3325,"Advanced Functional Analysis, Spectral theory and Applications",Second Semester,Undergraduate,6.0,In Person,2020
135,MATH6214,"Advanced Functional Analysis, Spectral theory and Applications",Second Semester,Postgraduate,6.0,In Person,2020
136,ACST8048,Advanced General Insurance,,Postgraduate,6.0,In Person,2020
137,EMSC8021,Advanced Geochemistry and Petrology,Second Semester,Postgraduate,6.0,In Person,2020
138,EMSC4121,Advanced Geochemistry and Petrology,Second Semester,Undergraduate,6.0,In Person,2020
139,ACST8049,Advanced Global Retirement Income Systems,,Postgraduate,6.0,In Person,2020
140,ACST4049,Advanced Global Retirement Income Systems,,Undergraduate,6.0,In Person,2020
141,PSYC8521,Advanced Health Psychology and Lifestyle Medicine,,Postgraduate,6.0,In Person,2020
142,PHYS8721,Advanced Imaging Methods and Systems,First Semester,Postgraduate,6.0,In Person,2020
143,INDN3104,Advanced Indonesian: History and Development of the Language,First Semester,Undergraduate,6.0,In Person,2020
144,INDN6104,Advanced Indonesian: History and Development of the Language,First Semester,Postgraduate,6.0,In Person,2020
145,INDN6015,Advanced Indonesian: Translation into English,,Postgraduate,6.0,In Person,2020
146,INDN3015,Advanced Indonesian: Translation into English,,Undergraduate,6.0,In Person,2020
147,ACST4045,Advanced Insurance,,Undergraduate,6.0,In Person,2020
148,ACST8045,Advanced Insurance,,Postgraduate,6.0,In Person,2020
149,LAWS4264,Advanced International Law,First Semester,Undergraduate,6.0,In Person,2020
150,LAWS8464,Advanced International Law,,Postgraduate,6.0,In Person,2020
151,FINM4106,Advanced Investments,First Semester/Second Semester,Undergraduate,6.0,In Person,2020
152,FINM8006,Advanced Investments,First Semester/Second Semester,Postgraduate,6.0,In Person,2020
153,ITAL3016,Advanced Italian Topics in Language and Literary Studies,Second Semester,Undergraduate,6.0,In Person,2020
154,ITAL6510,Advanced Italian Topics in Language and Literary Studies,Second Semester,Postgraduate,6.0,In Person,2020
155,ITAL3015,"Advanced Italian Topics in Language, Culture and Society",First Semester,Undergraduate,6.0,In Person,2020
156,ITAL6509,"Advanced Italian Topics in Language, Culture and Society",First Semester,Postgraduate,6.0,In Person,2020
157,JPNS6505,Advanced Japanese: Issues in Contemporary Japan,,Postgraduate,6.0,In Person,2020
158,JPNS3005,Advanced Japanese: Issues in Contemporary Japan,,Undergraduate,6.0,In Person,2020
159,JPNS6506,Advanced Japanese: Language in Context,Second Semester,Postgraduate,6.0,In Person,2020
160,JPNS3006,Advanced Japanese: Language in Context,Second Semester,Undergraduate,6.0,In Person,2020
161,JPNS6507,Advanced Japanese: Readings in Culture and Society,,Postgraduate,6.0,In Person,2020
162,JPNS3007,Advanced Japanese: Readings in Culture and Society,,Undergraduate,6.0,In Person,2020
163,JPNS3008,Advanced Japanese: Readings in Literature,First Semester,Undergraduate,6.0,In Person,2020
164,JPNS6508,Advanced Japanese: Readings in Literature,First Semester,Postgraduate,6.0,In Person,2020
165,MUSI2507,Advanced Jazz Studies 1,First Semester,Undergraduate,6.0,In Person,2020
166,MUSI3322,Advanced Jazz Studies 1,,Undergraduate,6.0,In Person,2020
167,MUSI2508,Advanced Jazz Studies 2,Second Semester,Undergraduate,6.0,In Person,2020
168,MUSI3323,Advanced Jazz Studies 2,,Undergraduate,6.0,In Person,2020
169,KORE3015,Advanced Korean: Film and Society,First Semester,Undergraduate,6.0,In Person,2020
170,KORE6017,Advanced Korean: Film and Society,First Semester,Postgraduate,6.0,In Person,2020
171,KORE3018,Advanced Korean: Literature and Media,Second Semester,Undergraduate,6.0,In Person,2020
172,KORE6018,Advanced Korean: Literature and Media,Second Semester,Postgraduate,6.0,In Person,2020
173,LATN3125,Advanced Latin,First Semester,Undergraduate,6.0,In Person,2020
174,LATN6125,Advanced Latin,First Semester,Postgraduate,6.0,In Person,2020
175,ACST8047,Advanced Life Insurance,,Postgraduate,6.0,In Person,2020
176,CHIN6015,Advanced Literary Chinese,First Semester/Second Semester,Postgraduate,6.0,Online or In Person,2020
177,CHIN3015,Advanced Literary Chinese,First Semester/Second Semester,Undergraduate,6.0,Online or In Person,2020
178,ECON8026,Advanced Macroeconomic Analysis,First Semester/Second Semester,Postgraduate,6.0,In Person,2020
179,BUSN3003,Advanced Management Accounting,First Semester,Undergraduate,6.0,In Person,2020
180,BUSN8003,Advanced Managerial Decision Making,First Semester,Postgraduate,6.0,In Person,2020
181,STAT7007,Advanced Marketing Research Methods,,Postgraduate,6.0,In Person,2020
182,STAT3005,Advanced Marketing Research Methods,,Undergraduate,6.0,In Person,2020
183,MATH6208,Advanced Mathematical Bioinformatics,First Semester,Postgraduate,6.0,In Person,2020
184,MATH3353,Advanced Mathematical Bioinformatics,First Semester,Undergraduate,6.0,In Person,2020
185,STAT8056,Advanced Mathematical Statistics,Second Semester,Postgraduate,6.0,In Person,2020
186,STAT3056,Advanced Mathematical Statistics,Second Semester,Undergraduate,6.0,In Person,2020
187,MATH1115,Advanced Mathematics and Applications 1,First Semester,Undergraduate,6.0,In Person,2020
188,MATH1116,Advanced Mathematics and Applications 2,Second Semester,Undergraduate,6.0,In Person,2020
189,ECON8025,Advanced Microeconomic Analysis,First Semester/Second Semester,Postgraduate,6.0,In Person,2020
190,BIOL6203,Advanced Microscopy in Biosciences,Summer Session,Postgraduate,6.0,In Person,2020
191,BIOL3203,Advanced Microscopy in Biosciences,Summer Session,Undergraduate,6.0,In Person,2020
192,LAWS8165,Advanced Military Administrative Law,Spring Session,Postgraduate,9.0,In Person,2020
193,LAWS8164,Advanced Military Discipline Law,,Postgraduate,9.0,In Person,2020
194,LAWS8166,Advanced Military Operations Law,,Postgraduate,6.0,In Person,2020
195,CHIN3024,Advanced Modern Chinese A,First Semester,Undergraduate,6.0,In Person,2020
196,CHIN6524,Advanced Modern Chinese A,First Semester,Postgraduate,6.0,In Person,2020
197,CHIN3025,Advanced Modern Chinese B,Second Semester,Undergraduate,6.0,In Person,2020
198,CHIN6525,Advanced Modern Chinese B,Second Semester,Postgraduate,6.0,In Person,2020
199,EXTN1014,Advanced Music (Classical) ANU,,Undergraduate,6.0,In Person,2020
200,EXTN1015,Advanced Music (Classical) ANU 1,,Undergraduate,6.0,In Person,2020
201,EXTN1016,Advanced Music (Classical) ANU 2,,Undergraduate,6.0,In Person,2020
202,EXTN1013,Advanced Music (Jazz) ANU,,Undergraduate,6.0,In Person,2020
203,EXTN1017,Advanced Music (Jazz) ANU 1,,Undergraduate,6.0,In Person,2020
204,EXTN1018,Advanced Music (Jazz) ANU 2,,Undergraduate,6.0,In Person,2020
205,PERS3005,Advanced Persian A,First Semester,Undergraduate,6.0,Online or In Person,2020
206,PERS6005,Advanced Persian A,First Semester,Postgraduate,6.0,Online or In Person,2020
207,PERS3006,Advanced Persian B,Second Semester,Undergraduate,6.0,Online or In Person,2020
208,PERS6006,Advanced Persian B,Second Semester,Postgraduate,6.0,Online or In Person,2020
209,PHIL3074,Advanced Philosophical Topics,First Semester,Undergraduate,6.0,In Person,2020
210,CHEM3202,Advanced Physical & Materials Chemistry,First Semester,Undergraduate,6.0,In Person,2020
211,LAWS8248,Advanced Principles of Competition Law,,Postgraduate,6.0,In Person,2020
212,LAWS8183,Advanced Principles of International Law,Autumn Session,Postgraduate,6.0,In Person,2020
213,PSYC8511,Advanced Psychological Interventions,,Postgraduate,6.0,In Person,2020
214,PHYS6101,Advanced Quantum Mechanics,First Semester,Postgraduate,6.0,In Person,2020
215,PHYS3101,Advanced Quantum Mechanics,First Semester,Undergraduate,6.0,In Person,2020
216,LING4106,Advanced Readings in Linguistics,First Semester/Second Semester,Undergraduate,6.0,In Person,2020
217,PHIL4011,Advanced Readings in Philosophy,First Semester/Second Semester,Undergraduate,6.0,In Person,2020
218,ENVS6319,Advanced Remote Sensing and GIS,,Postgraduate,6.0,In Person,2020
219,ENVS3019,Advanced Remote Sensing and GIS,,Undergraduate,6.0,In Person,2020
220,ECON8887,Advanced Research Essay,First Semester/Second Semester,Postgraduate,6.0,In Person,2020
221,ECON8888,Advanced Research Essay B,First Semester/Second Semester,Postgraduate,6.0,In Person,2020
222,PSYC3018,Advanced Research Methods,First Semester,Undergraduate,6.0,In Person,2020
223,BIOL8702,Advanced Research Techniques,First Semester,Postgraduate,12.0,In Person,2020
224,SKRT3002,Advanced Sanskrit Literature A,First Semester,Undergraduate,6.0,Online or In Person,2020
225,SKRT6002,Advanced Sanskrit Literature A,First Semester,Postgraduate,6.0,Online or In Person,2020
226,SKRT6003,Advanced Sanskrit Literature B,Second Semester,Postgraduate,6.0,Online or In Person,2020
227,SKRT3003,Advanced Sanskrit Literature B,Second Semester,Undergraduate,6.0,Online or In Person,2020
228,SOCY9002,Advanced Social Research Methods,First Semester/Second Semester,Postgraduate,6.0,In Person,2020
229,SOCR8204,Advanced Social Science Approaches to Inform Policy Development and Service Delivery,Winter Session,Postgraduate,6.0,Online or In Person,2020
230,LING6036,Advanced Sociolinguistics,,Postgraduate,6.0,In Person,2020
231,LING3036,Advanced Sociolinguistics,,Undergraduate,6.0,In Person,2020
232,LING3033,Advanced Sociophonetics,,Undergraduate,6.0,In Person,2020
233,LING6033,Advanced Sociophonetics,,Postgraduate,6.0,In Person,2020
234,SPAN6510,Advanced Spanish Topics in Language and Culture,,Postgraduate,6.0,In Person,2020
235,SPAN3031,Advanced Spanish Topics in Language and Linguistics,First Semester,Undergraduate,6.0,In Person,2020
236,SPAN6509,Advanced Spanish Topics in Language and Linguistics,First Semester,Postgraduate,6.0,In Person,2020
237,SPAN3030,Advanced Spanish topics in Language and Culture,,Undergraduate,6.0,In Person,2020
238,STAT7050,Advanced Statistical Learning,Second Semester,Postgraduate,6.0,In Person,2020
239,STAT3050,Advanced Statistical Learning,Second Semester,Undergraduate,6.0,In Person,2020
240,STAT4050,Advanced Statistical Learning,Second Semester,Undergraduate,6.0,In Person,2020
241,PHYS3103,Advanced Statistical Mechanics,First Semester/Second Semester,Undergraduate,6.0,In Person,2020
242,PHYS6103,Advanced Statistical Mechanics,First Semester/Second Semester,Postgraduate,6.0,In Person,2020
243,STAT7006,Advanced Stochastic Processes,Second Semester,Postgraduate,6.0,In Person,2020
244,STAT3006,Advanced Stochastic Processes,Second Semester,Undergraduate,6.0,In Person,2020
245,ARTS1101,Advanced Studies 1: Thinking Research,,Undergraduate,6.0,In Person,2020
246,ARTS1102,Advanced Studies 2: Doing Research,,Undergraduate,6.0,In Person,2020
247,ARTS2101,Advanced Studies 3,Summer Session/First Semester/Autumn Session/Winter Session/Second Semester/Spring Session,Undergraduate,6.0,In Person,2020
248,ARTS2102,Advanced Studies 4,Summer Session/First Semester/Autumn Session/Winter Session/Second Semester/Spring Session,Undergraduate,6.0,In Person,2020
249,ARTS3101,Advanced Studies 5,Summer Session/First Semester/Autumn Session/Winter Session/Second Semester/Spring Session,Undergraduate,6.0,In Person,2020
250,ARTS3102,Advanced Studies 6,Summer Session/First Semester/Autumn Session/Winter Session/Second Semester/Spring Session,Undergraduate,6.0,In Person,2020
251,SCNC3101,Advanced Studies Course,Summer Session/First Semester/Autumn Session/Winter Session/Second Semester/Spring Session,Undergraduate,6.0,In Person,2020
252,SCNC2101,Advanced Studies Course,Summer Session/First Semester/Autumn Session/Winter Session/Second Semester/Spring Session,Undergraduate,6.0,In Person,2020
253,ASIA1114,Advanced Studies in Asia and the Pacific 1,Summer Session/First Semester/Autumn Session/Winter Session/Second Semester/Spring Session,Undergraduate,6.0,In Person,2020
254,ASIA2114,Advanced Studies in Asia and the Pacific 2,Summer Session/First Semester/Autumn Session/Winter Session/Second Semester/Spring Session,Undergraduate,6.0,In Person,2020
255,ASIA3114,Advanced Studies in Asia and the Pacific 3,Summer Session/First Semester/Autumn Session/Winter Session/Second Semester/Spring Session,Undergraduate,6.0,In Person,2020
256,LAWS8030,Advanced Succession Practice,,Postgraduate,6.0,Online,2020
257,SOCR8010,Advanced Survey Data Analysis,,Postgraduate,6.0,In Person,2020
258,SOCR8203,Advanced Techniques in the Creation of Social Science Data,,Postgraduate,6.0,Online or In Person,2020
259,MATH3354,Advanced Topics in Algebra,Second Semester,Undergraduate,6.0,In Person,2020
260,MATH6216,Advanced Topics in Algebra,Second Semester,Postgraduate,6.0,In Person,2020
261,COMP4620,Advanced Topics in Artificial Intelligence,Second Semester,Undergraduate,6.0,In Person,2020
262,COMP8620,Advanced Topics in Artificial intelligence,Second Semester,Postgraduate,6.0,In Person,2020
263,ENGN8637,Advanced Topics in Communications and Signal Processing,First Semester,Postgraduate,6.0,In Person,2020
264,ENGN8501,Advanced Topics in Computer Vision,Second Semester,Postgraduate,6.0,In Person,2020
265,ENGN8539,Advanced Topics in Computer Vision,,Postgraduate,6.0,In Person,2020
266,INFS4201,Advanced Topics in Information Systems Research,,Undergraduate,6.0,In Person,2020
267,INFS8201,Advanced Topics in Information Systems Research,,Postgraduate,6.0,Online,2020
268,COMP8670,Advanced Topics in Logic and Computation,,Postgraduate,6.0,In Person,2020
269,COMP8650,Advanced Topics in Machine Learning,Second Semester,Postgraduate,6.0,In Person,2020
270,COMP4680,Advanced Topics in Machine Learning,Second Semester,Undergraduate,6.0,In Person,2020
271,MATH3351,Advanced Topics in Mathematical Physics,First Semester,Undergraduate,6.0,In Person,2020
272,ENGN8536,Advanced Topics in Mechatronics Systems,Second Semester,Postgraduate,6.0,In Person,2020
273,PHIL4010,Advanced Topics in Philosophy,First Semester/Second Semester,Undergraduate,6.0,In Person,2020
274,ECON8901,"Advanced Topics in Poverty, Public Policy and Development",,Postgraduate,6.0,In Person,2020
275,BIOL8002,Advanced Topics in Quantitative Biology and Bioinformatics,Second Semester,Postgraduate,6.0,In Person,2020
276,ENGN8527,Advanced Topics in Solar Energy Technologies,,Postgraduate,6.0,In Person,2020
277,LEGM8321,Advanced Will Drafting,,Postgraduate,6.0,Online,2020
278,BIOL3213,Advanced Zoology,First Semester,Undergraduate,6.0,In Person,2020
279,BIOL6213,Advanced Zoology,First Semester,Postgraduate,6.0,In Person,2020
280,BIOL3144,Advanced and Applied Immunology,Second Semester,Undergraduate,6.0,In Person,2020
281,BIOL6144,Advanced and Applied Immunology,Second Semester,Postgraduate,6.0,In Person,2020
282,BIOL3107,Advances in Medical and Plant Biochemistry,First Semester,Undergraduate,6.0,In Person,2020
283,BIOL6107,Advances in Medical and Plant Biochemistry,First Semester,Postgraduate,6.0,In Person,2020
284,BIOL3177,Advances in Molecular Plant Science,First Semester,Undergraduate,6.0,In Person,2020
285,BIOL6177,Advances in Molecular Plant Science,First Semester,Postgraduate,6.0,In Person,2020
286,MKTG2033,Advertising,First Semester,Undergraduate,6.0,In Person,2020
287,LEGM8327,Advocacy,Spring Session,Postgraduate,6.0,Online or In Person,2020
288,LEGM8132,Advocacy - Family Law,,Postgraduate,6.0,In Person,2020
289,IDEC8018,Agricultural Economics and Resource Policy,,Postgraduate,6.0,In Person,2020
290,ENVS6342,Agricultural Innovation,,Postgraduate,6.0,In Person,2020
291,ENVS6224,Agricultural Science,,Postgraduate,6.0,In Person,2020
292,IDEC8007,Aid and Development Policy,First Semester,Postgraduate,6.0,In Person,2020
293,ASIA2747,"Airlines in Asia and the Pacific: Histories, Technologies, Cultures, and Geographies",,Undergraduate,6.0,In Person,2020
294,CRIM2005,"Alcohol, Drugs and Crime: Promoting Health and Preventing Consequences",,Undergraduate,6.0,In Person,2020
295,CRIM6005,"Alcohol, Drugs and Crime: Promoting Health and Preventing Consequences",,Postgraduate,6.0,In Person,2020
296,ASGS1005,Algebra,,Undergraduate,6.0,In Person,2020
297,MATH6118,"Algebra 1:  Groups, Rings and Advanced Linear Algebra",Second Semester,Postgraduate,6.0,In Person,2020
298,MATH6215,Algebra 2: Field extensions and Galois Theory,First Semester,Postgraduate,6.0,In Person,2020
299,ANUC1003,Algebra and Calculus Methods,First Semester/Second Semester,Undergraduate,6.0,In Person,2020
300,MATH1003,Algebra and Calculus Methods,First Semester,Undergraduate,6.0,In Person,2020
301,MATH6204,Algebraic Topology,Second Semester,Postgraduate,6.0,In Person,2020
302,MATH4204,Algebraic Topology Honours,Second Semester,Undergraduate,6.0,In Person,2020
303,COMP3600,Algorithms,Second Semester,Undergraduate,6.0,In Person,2020
304,COMP6466,Algorithms,Second Semester,Postgraduate,6.0,In Person,2020
305,STST8053,"Alliances in Asia: theory, history and practice",Second Semester,Postgraduate,6.0,In Person,2020
306,NSPO8024,American National Security Policy,Second Semester,Postgraduate,6.0,In Person,2020
307,HIST6126,American Sixties,,Postgraduate,6.0,In Person,2020
308,HIST2126,American Sixties,,Undergraduate,6.0,In Person,2020
309,ARCH4001,An Introduction to Cultural and Environmental Heritage,First Semester,Undergraduate,6.0,In Person,2020
310,ANUC1104,Analysing the Social World: An Introduction to Social Psychology,Second Semester,Undergraduate,6.0,In Person,2020
311,SOCY1004,Analysing the Social World: An Introduction to Social Psychology,Second Semester,Undergraduate,6.0,In Person,2020
312,MATH6110,Analysis 1: Metric spaces and Applications,First Semester,Postgraduate,6.0,In Person,2020
313,MATH6212,Analysis 2: Lebesgue Integration and Hilbert Spaces,First Semester,Postgraduate,6.0,In Person,2020
314,BUSN4007,Analysis of Financial Reporting,First Semester/Second Semester,Undergraduate,6.0,In Person,2020
315,BUSN8007,Analysis of Financial Reporting,First Semester/Second Semester,Postgraduate,6.0,In Person,2020
316,POPH8313,Analysis of Public Health Data,Second Semester,Postgraduate,6.0,Online or In Person,2020
317,BIAN6518,Analysis of Vertebrate Remains,First Semester,Postgraduate,6.0,In Person,2020
318,BIAN3016,Analysis of Vertebrate Remains,First Semester,Undergraduate,6.0,In Person,2020
319,EMSC4122,Analytical Techniques,First Semester,Undergraduate,6.0,In Person,2020
320,EMSC8022,Analytical Techniques,First Semester,Postgraduate,6.0,In Person,2020
321,ANCH6103,Ancient Athens: democracy and empire,,Postgraduate,6.0,In Person,2020
322,ANCH1013,Ancient Athens: democracy and empire,,Undergraduate,6.0,In Person,2020
323,BIAN8010,Ancient Behaviour: Advanced Topics in Bioarchaeology,Spring Session,Postgraduate,6.0,In Person,2020
324,BIAN3125,Ancient Health & Disease,Second Semester,Undergraduate,6.0,In Person,2020
325,BIAN6512,Ancient Health & Disease,Second Semester,Postgraduate,6.0,In Person,2020
326,BIAN6519,Ancient Medicine,First Semester,Postgraduate,6.0,In Person,2020
327,BIAN2130,Ancient Medicine,First Semester,Undergraduate,6.0,In Person,2020
328,ANCH2021,Ancient World in Film,,Undergraduate,6.0,In Person,2020
329,ANCH6013,Ancient World in Film,,Postgraduate,6.0,In Person,2020
330,ARCH6108,"Animals, Plants & People",,Postgraduate,6.0,In Person,2020
331,ARCH3108,"Animals, Plants and People",,Undergraduate,6.0,In Person,2020
332,ARTV6000,Animation,First Semester,Postgraduate,6.0,In Person,2020
333,ARTV2610,Animation and Video: Character development,,Undergraduate,6.0,In Person,2020
334,ARTV1104,Animation and Video: Digital Equipment and Studios,Second Semester,Undergraduate,6.0,In Person,2020
335,ARTV2613,Animation and Video: Landscape and Environment,First Semester,Undergraduate,6.0,In Person,2020
336,ARTV2614,Animation and Video: Non-linear Forms,Second Semester,Undergraduate,6.0,In Person,2020
337,ARTV1103,Animation and Video: The Digital Workspace,First Semester,Undergraduate,6.0,In Person,2020
338,ARTV2609,Animation and Video: Visual Storytelling,,Undergraduate,6.0,In Person,2020
339,ARTV2615,Animation: Creative Possibilities,First Semester,Undergraduate,6.0,In Person,2020
340,CHMD8009,Anthropological Approaches to Health Interventions,Second Semester,Postgraduate,6.0,Online or In Person,2020
341,CHMD8010,Anthropological Concepts for Health Research: From Risk to Suffering,,Postgraduate,6.0,Online or In Person,2020
342,ANTH9112,Anthropological Field Methods,Autumn Session,Postgraduate,12.0,In Person,2020
343,ANTH9949,Anthropological Methods for PhD students,Autumn Session,Postgraduate,12.0,In Person,2020
344,ANTH9901,Anthropology PhD Thesis Writing Workshop,First Semester/Second Semester,Postgraduate,12.0,In Person,2020
345,ASIA2280,Anthropology and Technology in India,First Semester,Undergraduate,6.0,In Person,2020
346,CHMD8022,Anthropology of Biomedical Technologies in Practice,First Semester,Postgraduate,6.0,Online or In Person,2020
347,ANTH6064,Anthropology of Environmental Disasters,First Semester,Postgraduate,6.0,In Person,2020
348,BIAN2064,Anthropology of Environmental Disasters,First Semester,Undergraduate,6.0,In Person,2020
349,ARAB6511,Applied Arabic,,Postgraduate,12.0,In Person,2020
350,ARAB3010,Applied Arabic,,Undergraduate,12.0,In Person,2020
351,LAWS8650,Applied Australian Migration Law and Practice,,Postgraduate,6.0,Online or In Person,2020
352,FINM7007,Applied Corporate Finance,First Semester/Second Semester,Postgraduate,6.0,In Person,2020
353,CECS8005,Applied Cybernetics Professional Experience,,Postgraduate,0.0,In Person,2020
354,FINM7041,Applied Derivatives,First Semester/Second Semester,Postgraduate,6.0,In Person,2020
355,IDEC8020,Applied Economic Dynamics,First Semester,Postgraduate,6.0,In Person,2020
356,ECON4485,Applied Economic Honours Research Essay,,Undergraduate,6.0,In Person,2020
357,PREP1123,Applied English: Argument and Debate,,Undergraduate,6.0,In Person,2020
358,PREP1122,Applied English: Essay Writing,,Undergraduate,6.0,In Person,2020
359,MGMT8020,Applied Entrepreneurship and Innovation,Second Semester,Postgraduate,6.0,In Person,2020
360,EMDV8108,Applied Environmental and Resource Management,,Postgraduate,6.0,In Person,2020
361,POPH8310,Applied Epidemiological Methods,,Postgraduate,6.0,In Person,2020
362,FINM8014,Applied Financial Intermediation and Debt Markets,First Semester,Postgraduate,6.0,In Person,2020
363,FINM7006,Applied Foundations of Finance,First Semester/Second Semester,Postgraduate,6.0,In Person,2020
364,EMSC3033,Applied Geophysics,First Semester,Undergraduate,6.0,In Person,2020
365,ECON8073,Applied Health Econometrics,,Postgraduate,6.0,In Person,2020
366,FINM7008,Applied Investments,First Semester/Second Semester,Postgraduate,6.0,In Person,2020
367,EMET4310,Applied Macro & Financial Econometrics,Second Semester,Undergraduate,6.0,In Person,2020
368,EMET3008,Applied Macro and Financial Econometrics,Second Semester,Undergraduate,6.0,In Person,2020
369,EMET8010,Applied Macro and Financial Econometrics,Second Semester,Postgraduate,6.0,In Person,2020
370,MKTG7060,Applied Market Research,Second Semester,Postgraduate,6.0,In Person,2020
371,PHYS8301,Applied Mathematical Methods in Physics,First Semester,Postgraduate,6.0,In Person,2020
372,PHYS4301,Applied Mathematical Methods in Physics,First Semester,Undergraduate,6.0,In Person,2020
373,MATH2305,Applied Mathematics I,First Semester,Undergraduate,6.0,In Person,2020
374,MATH2306,Applied Mathematics II,Second Semester,Undergraduate,6.0,In Person,2020
375,EMET3006,Applied Micro-econometrics,First Semester,Undergraduate,6.0,In Person,2020
376,EMET4301,Applied Micro-econometrics,First Semester,Undergraduate,6.0,In Person,2020
377,PERS3007,Applied Persian,,Undergraduate,12.0,In Person,2020
378,PERS6007,Applied Persian,,Postgraduate,12.0,In Person,2020
379,POLS3041,Applied Policy Project,Second Semester,Undergraduate,6.0,In Person,2020
380,CRWF7000,Applied Policy Project,,Postgraduate,6.0,In Person,2020
381,FINM8016,Applied Portfolio Construction,First Semester/Second Semester,Postgraduate,6.0,In Person,2020
382,FINM8100,Applied Project in Finance,First Semester/Second Semester,Postgraduate,6.0,In Person,2020
383,STAT7001,Applied Statistics,,Postgraduate,6.0,In Person,2020
384,STAT3008,Applied Statistics,,Undergraduate,6.0,In Person,2020
385,STAT4102,Applied Time Series Analysis,First Semester,Undergraduate,6.0,In Person,2020
386,STAT8002,Applied Time Series Analysis,First Semester,Postgraduate,6.0,In Person,2020
387,MMIB8001,Applied Topics in Business Studies 1,First Semester/Second Semester,Postgraduate,6.0,In Person,2020
388,MMIB8002,Applied Topics in Business Studies 2,First Semester/Second Semester,Postgraduate,12.0,In Person,2020
389,FINM7044,Applied Valuation,First Semester/Second Semester,Postgraduate,6.0,In Person,2020
390,ECON8002,Applied Welfare Economics,,Postgraduate,6.0,In Person,2020
391,ECON4402,Applied Welfare Economics,,Undergraduate,6.0,In Person,2020
392,EMET8001,Applied micro-econometrics,First Semester,Postgraduate,6.0,In Person,2020
393,BIOL3210,Appreciating Parasites: From Molecules to Ecosystems,,Undergraduate,6.0,In Person,2020
394,BIOL6210,Appreciating Parasites: From Molecules to Ecosystems,,Postgraduate,6.0,In Person,2020
395,INTR8072,Approaches and Methods in International Relations,Second Semester,Postgraduate,6.0,In Person,2020
396,INTR9072,Approaches and Methods in International Relations,Second Semester,Postgraduate,6.0,In Person,2020
397,HIST6110,Approaches to History,First Semester,Postgraduate,6.0,Online or In Person,2020
398,HIST2110,Approaches to History,First Semester,Undergraduate,6.0,In Person,2020
399,MEAS4121,Approaches to the Study of Modern Muslim Societies,,Undergraduate,6.0,In Person,2020
400,MEAS8121,Approaches to the Study of Modern Muslim Societies,,Postgraduate,6.0,In Person,2020
401,ARAB3008,Arab Current Affairs and Media Arabic,Second Semester,Undergraduate,6.0,Online or In Person,2020
402,ARAB6510,Arab Current Affairs and Media Arabic,,Postgraduate,6.0,Online or In Person,2020
403,ARCH2061,Archaeological Field Methods,,Undergraduate,6.0,In Person,2020
404,ARCH2055,Archaeological Fieldschools & Fieldwork Practice,Winter Session,Undergraduate,6.0,In Person,2020
405,ARCH2007,Archaeological Laboratory Methods,First Semester,Undergraduate,6.0,In Person,2020
406,ARCH8043,Archaeological Science Extended Internship,Summer Session/First Semester,Postgraduate,12.0,In Person,2020
407,ARCH8042,Archaeological Science Internship,Summer Session/First Semester,Postgraduate,6.0,In Person,2020
408,ARCH8030,Archaeological Science Research Project 1,Summer Session/First Semester/Autumn Session/Winter Session/Second Semester/Spring Session,Postgraduate,6.0,Online or In Person,2020
409,ARCH8031,Archaeological Science Research Project 2,Summer Session/First Semester/Autumn Session/Winter Session/Second Semester/Spring Session,Postgraduate,6.0,Online or In Person,2020
410,ARCH4002,Archaeology Honours Research Seminar,First Semester,Undergraduate,6.0,In Person,2020
411,ARCH4003,Archaeology Honours Writing Seminar,Second Semester,Undergraduate,6.0,In Person,2020
412,ARCH1111,Archaeology Uncovered,First Semester,Undergraduate,6.0,In Person,2020
413,ARCH2052,Archaeology in Film and Fiction,Second Semester,Undergraduate,6.0,In Person,2020
414,ASIA2203,Archaeology of China,,Undergraduate,6.0,In Person,2020
415,ASIA6202,Archaeology of China,,Postgraduate,6.0,In Person,2020
416,ARCH3028,Archaeology of Death and Mortuary Practices,,Undergraduate,6.0,In Person,2020
417,ARCH6521,Archaeology of Death and Mortuary Practices,,Postgraduate,6.0,In Person,2020
418,ARCH3030,Archaeology of Ritual and Religion,First Semester,Undergraduate,6.0,In Person,2020
419,ARCH6030,Archaeology of Ritual and Religion,First Semester,Postgraduate,6.0,In Person,2020
420,ARCH2050,Archaeology of Southeast Asia,Second Semester,Undergraduate,6.0,In Person,2020
421,ARCH6005,Archaeology of the Pacific Islanders,,Postgraduate,6.0,In Person,2020
422,ARCH2005,Archaeology of the Pacific Islanders,,Undergraduate,6.0,In Person,2020
423,ARCH8033,"Archaeology, Climate Change and Society",,Postgraduate,6.0,Online or In Person,2020
424,ARTH8020,Arguing Objects,Spring Session,Postgraduate,6.0,In Person,2020
425,ARTH9020,Arguing Objects,Spring Session,Postgraduate,6.0,In Person,2020
426,ARTH4016,Art Museum Internship: Audience Development,Second Semester,Undergraduate,6.0,In Person,2020
427,ARTH8015,Art Museum Internship: Audience Development,Second Semester,Postgraduate,6.0,In Person,2020
428,ARTH8014,Art Museum Internship: Collection Management,First Semester,Postgraduate,6.0,In Person,2020
429,ARTH4015,Art Museum Internship: Collection Management,First Semester,Undergraduate,6.0,In Person,2020
430,ARTH2056,Art and Architecture of Southeast Asia: Tradition and Transformation,Second Semester,Undergraduate,6.0,In Person,2020
431,ARTH6056,Art and Architecture of Southeast Asia: Tradition and Transformation,Second Semester,Postgraduate,6.0,Online or In Person,2020
432,ARTH1006,Art and Design Histories: Form and Space,First Semester,Undergraduate,6.0,In Person,2020
433,ANUC1120,Art and Design Histories: Making and Meaning,Second Semester,Undergraduate,6.0,In Person,2020
434,ARTH1007,Art and Design Histories: Making and Meaning,Second Semester,Undergraduate,6.0,In Person,2020
435,COMP6720,Art and Interaction in New Media,Second Semester,Postgraduate,6.0,In Person,2020
436,COMP1720,Art and Interaction in New Media,Second Semester,Undergraduate,6.0,In Person,2020
437,ARTH6044,Art and Its Context: Materials Techniques Display,First Semester,Postgraduate,6.0,Online or In Person,2020
438,ARTH2044,"Art and Its Context: Materials, Techniques, Display",First Semester,Undergraduate,6.0,In Person,2020
439,ARTH3057,Art and Politics of Collecting,,Undergraduate,6.0,In Person,2020
440,ARTH6080,"Art and Visual Culture of the Long Eighteenth Century, 1660-1815",,Postgraduate,6.0,In Person,2020
441,ARTH2080,"Art and Visual Culture of the Long Eighteenth Century, 1660-1815",,Undergraduate,6.0,In Person,2020
442,ARTH2173,Art and the Moving Image,,Undergraduate,6.0,In Person,2020
443,ARTH6173,Art and the Moving Image,,Postgraduate,6.0,In Person,2020
444,ARTH2162,Art in the Digital Age,Second Semester,Undergraduate,6.0,In Person,2020
445,ARTH6162,Art in the Digital Age,Second Semester,Postgraduate,6.0,In Person,2020
446,ARTH2059,Art of Asia: Histories and Traditions,,Undergraduate,6.0,In Person,2020
447,ARTH6059,Art of Asia: Histories and Traditions,,Postgraduate,6.0,In Person,2020
448,COMP1030,Art of Computing,,Undergraduate,6.0,In Person,2020
449,STST8121,Art of War I,,Postgraduate,12.0,In Person,2020
450,STST8122,Art of War II,,Postgraduate,12.0,In Person,2020
451,STST8123,Art of War III,,Postgraduate,12.0,In Person,2020
452,STST8124,Art of War IV,,Postgraduate,6.0,In Person,2020
453,ARTH6081,"Art of the European Courts, 1500-1815",,Postgraduate,12.0,In Person,2020
454,ARTH2081,"Art of the European Courts, 1500-1815",,Undergraduate,12.0,In Person,2020
455,ARTH6052,Art of the Modern Print,First Semester,Postgraduate,6.0,Online or In Person,2020
456,ARTH2052,Art of the Modern Print,First Semester,Undergraduate,6.0,In Person,2020
457,ARTH6174,"Art, Medicine, Gender from the Renaissance until Today",,Postgraduate,6.0,In Person,2020
458,ARTH2174,"Art, Medicine, Gender from the Renaissance until Today",,Undergraduate,6.0,In Person,2020
459,ARTH2082,"Art, War and Conflict",,Undergraduate,6.0,In Person,2020
460,ARTH6082,"Art, War and Conflict",,Postgraduate,6.0,In Person,2020
461,COMP6320,Artificial Intelligence,First Semester,Postgraduate,6.0,In Person,2020
462,COMP3620,Artificial Intelligence,First Semester,Undergraduate,6.0,In Person,2020
463,LAWS8405,"Artificial Intelligence, Law & Society",Winter Session,Postgraduate,6.0,In Person,2020
464,EMDV8009,Asia Pacific Environmental Conflicts: Causes and Solutions,,Postgraduate,6.0,In Person,2020
465,ASIA3023,Asia Pacific Week Internship,First Semester/Second Semester,Undergraduate,6.0,In Person,2020
466,ASIA1030,Asia and the Pacific in Motion,Second Semester,Undergraduate,6.0,In Person,2020
467,ANUC1020,Asia and the Pacific in Motion,,Undergraduate,6.0,In Person,2020
468,ANUC1022,"Asia and the Pacific: Power, diversity and change",,Undergraduate,6.0,In Person,2020
469,ASIA1025,"Asia and the Pacific: Power, diversity and change",First Semester,Undergraduate,6.0,In Person,2020
470,ASIA2220,Asia-Pacific In-Country Learning,,Undergraduate,6.0,In Person,2020
471,ARTH2104,Asian Art In-Country,,Undergraduate,12.0,In Person,2020
472,ARTH6104,Asian Art In-Country,,Postgraduate,12.0,In Person,2020
473,BUSI7055,Asian Business Systems,Second Semester,Postgraduate,6.0,In Person,2020
474,FINM3045,Asian Capital Markets,First Semester/Second Semester,Undergraduate,6.0,In Person,2020
475,FINM7045,Asian Capital Markets,First Semester/Second Semester,Postgraduate,6.0,In Person,2020
476,ECHI2119,"Asian Giants: India, China and Japan; Alternate Paths to Prosperity(H)",,Undergraduate,6.0,In Person,2020
477,ECHI2109,"Asian Giants: India, China and Japan; Alternate Paths to Prosperity(P)",,Undergraduate,6.0,In Person,2020
478,ASIA2065,Asian Politics: From Concepts to Causes,Second Semester,Undergraduate,6.0,In Person,2020
479,NSPO8015,Asian Regionalism and Security: Implications for Australia,,Postgraduate,6.0,In Person,2020
480,ASIA2098,Asian and Pacific Studies Internship,First Semester/Second Semester,Undergraduate,6.0,In Person,2020
481,LING2029,Assessing Language,First Semester,Undergraduate,6.0,In Person,2020
482,LING6029,Assessing Language,First Semester,Postgraduate,6.0,In Person,2020
483,ASTR4004,Astronomical Computing,,Undergraduate,6.0,In Person,2020
484,ASTR8004,Astronomical Computing,,Postgraduate,6.0,In Person,2020
485,ASTR4005,Astronomy and Astrophysics IV Honours Research Project,First Semester/Second Semester,Undergraduate,6.0,In Person,2020
486,ASTR8001,Astronomy and Astrophysics Research Project,First Semester/Second Semester,Postgraduate,3.0,In Person,2020
487,ASTR4012,Astrophysical Gas Dynamics,Second Semester,Undergraduate,6.0,In Person,2020
488,ASTR8002,Astrophysical Gas Dynamics,Second Semester,Postgraduate,6.0,In Person,2020
489,ASTR3013,Astrophysical Processes,First Semester,Undergraduate,6.0,In Person,2020
490,ASTR1001,Astrophysics,Summer Session/First Semester/Second Semester,Undergraduate,6.0,Online or In Person,2020
491,ASTR8010,Astrophysics Research Project,First Semester/Second Semester,Postgraduate,6.0,In Person,2020
492,ASTR3005,Astrophysics Research Topic,First Semester/Second Semester,Undergraduate,6.0,In Person,2020
493,BUSN3002,Auditing,First Semester/Second Semester,Undergraduate,6.0,In Person,2020
494,BUSN7054,Auditing and Assurance Services,First Semester/Second Semester,Postgraduate,6.0,In Person,2020
495,MUSI1501,Aural Skills and Music Theory 1,First Semester,Undergraduate,6.0,In Person,2020
496,ANUC1138,Aural Skills and Music Theory 1,First Semester,Undergraduate,6.0,In Person,2020
497,ANUC1139,Aural Skills and Music Theory 2,First Semester/Second Semester,Undergraduate,6.0,In Person,2020
498,MUSI1502,Aural Skills and Music Theory 2,Second Semester,Undergraduate,6.0,In Person,2020
499,MUSI2503,Aural Skills and Music Theory 3,First Semester,Undergraduate,6.0,In Person,2020
500,MUSI2504,Aural Skills and Music Theory 4,Second Semester,Undergraduate,6.0,In Person,2020
501,STST2003,Australia and Security in the Pacific Islands,First Semester,Undergraduate,6.0,In Person,2020
502,HIST6144,Australia and the World: An International History,,Postgraduate,6.0,Online or In Person,2020
503,PASI2002,Australia in Oceania in the 19th and 20th centuries,Second Semester,Undergraduate,6.0,In Person,2020
504,PASI6002,Australia in Oceania in the 19th and 20th centuries,Second Semester,Postgraduate,6.0,In Person,2020
505,HIST2144,Australia in the World: An International History,,Undergraduate,6.0,Online or In Person,2020
506,ENVS6104,Australia's Environment,Second Semester,Postgraduate,6.0,In Person,2020
507,ENVS1004,Australia's Environment,Second Semester,Undergraduate,6.0,In Person,2020
508,BAPA3004,Australia's Security in the Asian Century,,Undergraduate,6.0,In Person,2020
509,STST3002,Australia's Security in the Asian Century,First Semester,Undergraduate,6.0,In Person,2020
510,STST8201,Australia's Strategic Environment,Summer Session,Postgraduate,12.0,In Person,2020
511,STST8100,Australia's Strategic and Defence Policy,Winter Session,Postgraduate,6.0,In Person,2020
512,ARCH2004,Australian Archaeology,,Undergraduate,6.0,In Person,2020
513,ARCH6004,Australian Archaeology,,Postgraduate,6.0,In Person,2020
514,ARTH2171,Australian Art: The Modern Period,Second Semester,Undergraduate,6.0,In Person,2020
515,SCRN2002,Australian Cinema: The Kelly Gang to Baz Luhrmann's Australia,,Undergraduate,6.0,In Person,2020
516,ENGL6024,"Australian Crimes: Crime Narratives on Page, Stage and Screen",,Postgraduate,6.0,In-Person and Online,2020
517,ENGL2081,"Australian Crimes: Crime narratives on page, stage and screen",,Undergraduate,6.0,In Person,2020
518,LAWS8012,Australian Disaster Law,,Postgraduate,6.0,In Person,2020
519,ECHI2112,Australian Economic History(H),,Undergraduate,6.0,In Person,2020
520,ECHI2102,Australian Economic History(P),,Undergraduate,6.0,In Person,2020
521,ARTH2098,Australian First Nations Art and Culture,First Semester,Undergraduate,6.0,In Person,2020
522,ARTH6598,Australian First Nations Art and Culture,First Semester,Postgraduate,6.0,In Person,2020
523,LAWS8240,Australian Human Rights and Discrimination,,Postgraduate,6.0,In Person,2020
524,INDG8004,Australian Indigenous Policy,First Semester,Postgraduate,6.0,Online or In Person,2020
525,INDG8005,Australian Indigenous Policy (Advanced),First Semester,Postgraduate,12.0,Online or In Person,2020
526,LAWS4273,Australian Legal History,,Undergraduate,6.0,In Person,2020
527,LAWS8328,Australian Legal Responses to National Security and Counter Terrorism,Winter Session,Postgraduate,6.0,In Person,2020
528,MUSI2225,Australian Music Culture Studies,,Undergraduate,6.0,In Person,2020
529,ANIP3005,Australian National Internship B,Summer Session/First Semester/Second Semester,Undergraduate,12.0,In Person,2020
530,ANIP6505,Australian National Internships Program B,Summer Session/First Semester/Second Semester,Postgraduate,12.0,In Person,2020
531,ANIP6507,Australian National Internships Program D,First Semester/Second Semester,Postgraduate,24.0,In Person,2020
532,ANIP3007,Australian National Internships Program D,First Semester/Second Semester,Undergraduate,24.0,In Person,2020
533,ANIP4001,Australian National Internships Program Honours Internship A,,Undergraduate,6.0,In Person,2020
534,ANIP3003,Australian National Internships Program Internship A,First Semester/Second Semester,Undergraduate,6.0,In Person,2020
535,ANIP6503,Australian National Internships Program Internship A (Graduate),First Semester/Second Semester,Postgraduate,6.0,In Person,2020
536,LAWS6310,Australian National Law Internships Program B,First Semester/Second Semester,Postgraduate,12.0,In Person,2020
537,LAWS4310,Australian National Law Internships Program B,First Semester/Second Semester,Undergraduate,12.0,In Person,2020
538,LAWS4311,Australian National Law Internships Program Internship A,First Semester/Second Semester,Undergraduate,6.0,In Person,2020
539,LAWS6311,Australian National Law Internships Program Internship A,First Semester/Second Semester,Postgraduate,6.0,In Person,2020
540,LAWS4285,Australian National Security Law,Second Semester,Undergraduate,6.0,In Person,2020
541,LAWS8485,Australian National Security Law,,Postgraduate,6.0,In Person,2020
542,HIST2227,Australian Political History,,Undergraduate,6.0,In Person,2020
543,POLS2114,Australian Political Institutions,Second Semester,Undergraduate,6.0,In Person,2020
544,LAWS1205,Australian Public Law,First Semester,Undergraduate,6.0,In Person,2020
545,LAWS6105,Australian Public Law,First Semester/Second Semester,Postgraduate,6.0,Online or In Person,2020
546,STST8004,Australian Strategic and Defence Policy,Second Semester,Postgraduate,6.0,In Person,2020
547,PREP1104,Australian Studies,,Undergraduate,6.0,In Person,2020
548,LING2040,Austronesian languages,,Undergraduate,6.0,In Person,2020
549,LING6040,Austronesian languages,,Postgraduate,6.0,In Person,2020
550,MEAS8116,"Authoritarianism, Democratisation and Protest in the Muslim Middle East",,Postgraduate,6.0,In Person,2020
551,MEAS4116,"Authoritarianism, Democratisation and Protest in the Muslim Middle East",,Undergraduate,6.0,In Person,2020
552,ARTV6830,Automation and Autonomy,First Semester,Postgraduate,6.0,In Person,2020
553,ARTV2830,"Automation and Autonomy: Process, Accident, Sculpture",First Semester,Undergraduate,6.0,In Person,2020
554,BIOL3193,Bacteria and Health:  An Ecological and Evolutionary Perspective,Second Semester,Undergraduate,6.0,In Person,2020
555,ANCH3503,Bad Neighbours: Law and life in ancient Athens,,Undergraduate,6.0,In Person,2020
556,ANCH6502,Bad neighbours: evidence of Athenian life from 4th century law-court speeches,,Postgraduate,6.0,In Person,2020
557,LEGW8010,Banking & Finance Law,Autumn Session,Postgraduate,3.0,Online,2020
558,LAWS4282,Bankruptcy and Insolvency,,Undergraduate,6.0,In Person,2020
559,COMP1007,Basics of Computer Science,,Undergraduate,6.0,In Person,2020
560,LEGW8141,Becoming a Practitioner,Summer Session/Winter Session,Postgraduate,6.0,In Person,2020
561,ECON2013,Behavioral Economics,Second Semester,Undergraduate,6.0,In Person,2020
562,GERM3049,"Berlin Stories: Places, Words, Images",,Undergraduate,6.0,In Person,2020
563,GERM6510,"Berlin Stories: Places, Words, Images",,Postgraduate,6.0,In Person,2020
564,HUMN8006,Best Practice in Managing Heritage Places,Autumn Session,Postgraduate,6.0,In Person,2020
565,STAT3017,Big Data Statistics,Second Semester,Undergraduate,6.0,In Person,2020
566,STAT7017,Big Data Statistics,Second Semester,Postgraduate,6.0,In Person,2020
567,HIST1250,Big History,,Undergraduate,6.0,In Person,2020
568,BIOL3201,Big Questions in Biology,First Semester,Undergraduate,6.0,In Person,2020
569,BIOL6201,Big Questions in Biology,First Semester,Postgraduate,6.0,In Person,2020
570,ENGN4820,Bio Micro and Nano Electro-Mechanical Systems (BioMEMS and BioNEMS),Second Semester,Undergraduate,6.0,In Person,2020
571,BIOL2171,Biochemistry and Nutrition,First Semester,Undergraduate,6.0,In Person,2020
572,BIOL6171,Biochemistry and Nutrition,First Semester,Postgraduate,6.0,In Person,2020
573,ENVS3039,Biodiversity Conservation,Second Semester,Undergraduate,6.0,In Person,2020
574,ENVS6024,Biodiversity Conservation,Second Semester,Postgraduate,6.0,In Person,2020
575,ENVS6201,"Biodiversity Science: Wildlife, Vegetation and Landscape Ecology",Second Semester,Postgraduate,6.0,Online or In Person,2020
576,ENVS2001,"Biodiversity Science: Wildlife, Vegetation and Landscape Ecology",Second Semester,Undergraduate,6.0,Online or In Person,2020
577,HLTH3003,Bioethics and Beyond,First Semester,Undergraduate,6.0,In Person,2020
578,HIST8011,Biography and History,Second Semester,Postgraduate,6.0,Online or In Person,2020
579,MATH6100,Bioinformatics and Biological Modelling,Second Semester,Postgraduate,6.0,In Person,2020
580,MATH2307,Bioinformatics and Biological Modelling,Second Semester,Undergraduate,6.0,In Person,2020
581,BIOL3157,Bioinformatics and its Applications,Second Semester,Undergraduate,6.0,In Person,2020
582,BIOL6243,Bioinformatics and its Applications,Second Semester,Postgraduate,6.0,In Person,2020
583,PSYC6010,Biological Basis of Behaviour,Second Semester,Postgraduate,6.0,In Person,2020
584,PSYC2007,Biological Basis of Behaviour,Second Semester,Undergraduate,6.0,In Person,2020
585,PREP1105,Biology,,Undergraduate,6.0,In Person,2020
586,BIOL1003,"Biology 1: Evolution, Ecology and Genetics",First Semester,Undergraduate,6.0,In Person,2020
587,BIOL6035,"Biology 1: Evolution, Ecology and Genetics",First Semester,Postgraduate,6.0,In Person,2020
588,ANUC1125,"Biology 1: Evolution, Ecology and Genetics",First Semester,Undergraduate,6.0,In Person,2020
589,BIOL6036,Biology 2: Molecular & Cell Biology,Second Semester,Postgraduate,6.0,In Person,2020
590,BIOL1004,Biology 2: Molecular and Cell Biology,Second Semester,Undergraduate,6.0,In Person,2020
591,ANUC1126,Biology 2: Molecular and Cell Biology,Second Semester,Undergraduate,6.0,In Person,2020
592,BIOL4001,Biology IV Honours,First Semester/Winter Session/Second Semester,Undergraduate,12.0,In Person,2020
593,BIOL8704,Biology Literature Research Project,First Semester/Second Semester,Postgraduate,6.0,Online,2020
594,BIOL3208,Biology Research Project,Summer Session/First Semester/Autumn Session/Winter Session/Second Semester/Spring Session,Undergraduate,6.0,In Person,2020
595,BIOL3209,Biology Research Project,Summer Session/First Semester/Autumn Session/Winter Session/Second Semester/Spring Session,Undergraduate,12.0,In Person,2020
596,BIOL8706,Biology Research Project,First Semester/Second Semester,Postgraduate,6.0,In Person,2020
597,BIOL3191,"Biology, Society and Ethics",Second Semester,Undergraduate,6.0,In Person,2020
598,BIOL6191,"Biology, Society and Ethics",Second Semester,Postgraduate,6.0,In Person,2020
599,ENGN4811,Biomechanics and Biomaterials,First Semester,Undergraduate,6.0,In Person,2020
600,ENGN3820,Biomedical Imaging,First Semester,Undergraduate,6.0,In Person,2020
601,ENGN4821,Biomedical Signal Processing,,Undergraduate,6.0,In Person,2020
602,BIOL6106,Biosecurity,Second Semester,Postgraduate,6.0,In Person,2020
603,BIOL3106,Biosecurity,Second Semester,Undergraduate,6.0,In Person,2020
604,STAT8003,Biostatistics,First Semester,Postgraduate,6.0,In Person,2020
605,POPH8101,Biostatistics in Population Health,First Semester/Second Semester,Postgraduate,6.0,Online or In Person,2020
606,POPH4101,Biostatistics in Population Health,First Semester/Second Semester,Undergraduate,6.0,Online or In Person,2020
607,LEGM8001,Blockchain & Legal Innovation I,First Semester,Postgraduate,6.0,Online,2020
608,LEGM8002,Blockchain & Legal Innovation II,Second Semester,Postgraduate,6.0,Online,2020
609,ASIA2167,Borders and their Transgressions in Mainland Southeast Asia,Second Semester,Undergraduate,6.0,In Person,2020
610,POPH8399,Bound Volume,,Postgraduate,12.0,In Person,2020
611,MKTG7027,Brand Strategy,First Semester,Postgraduate,6.0,In Person,2020
612,ARCH2056,Britons and Romans: Archaeology of the Western Roman Empire,First Semester,Undergraduate,6.0,In Person,2020
613,ARCH6056,Britons and Romans: The Archaeology of the Western Roman Empire,First Semester,Postgraduate,6.0,In Person,2020
614,PHIL2012,Buddhist Philosophy,Second Semester,Undergraduate,6.0,In Person,2020
615,MGMT7153,Building Individual Leadership Capacity,First Semester,Postgraduate,6.0,In Person,2020
616,STST8054,Building a defence force: Defence force structure planning and acquisition,,Postgraduate,6.0,In Person,2020
617,POLS2009,Bureaucracy and Public Policy,First Semester,Undergraduate,6.0,In Person,2020
618,ASIA2039,Burma/Myanmar - a Country in Crisis,,Undergraduate,6.0,In Person,2020
619,ASIA6039,Burma/Myanmar: a Country in Crisis,,Postgraduate,6.0,In Person,2020
620,BURM6002,Burmese 1,First Semester,Postgraduate,6.0,Online,2020
621,BURM1002,Burmese 1,First Semester,Undergraduate,6.0,Online,2020
622,BURM1003,Burmese 2,Second Semester,Undergraduate,6.0,Online,2020
623,BURM6003,Burmese 2,Second Semester,Postgraduate,6.0,Online,2020
624,BURM2001,Burmese 3,First Semester,Undergraduate,6.0,Online or In Person,2020
625,BURM6101,Burmese 3,First Semester,Postgraduate,6.0,Online or In Person,2020
626,BURM6102,Burmese 4,Second Semester,Postgraduate,6.0,Online or In Person,2020
627,BURM2002,Burmese 4,Second Semester,Undergraduate,6.0,Online or In Person,2020
628,EMET4312,Business & Economic Forecasting,Second Semester,Undergraduate,6.0,In Person,2020
629,INFS8210,Business Analytics for Managers,First Semester,Postgraduate,6.0,In Person,2020
630,BUSN7057,Business Association Law,First Semester/Second Semester,Postgraduate,6.0,In Person,2020
631,MGMT7001,Business Communication,,Postgraduate,6.0,In Person,2020
632,MGMT2003,Business Decision Making,Second Semester,Undergraduate,6.0,In Person,2020
633,ECON8069,Business Economics,First Semester/Second Semester,Postgraduate,6.0,In Person,2020
634,MGMT3016,Business Ethics,,Undergraduate,6.0,In Person,2020
635,PAAE8006,Business Ethics,,Postgraduate,6.0,In Person,2020
636,MGMT8242,Business Growth Strategies,First Semester,Postgraduate,6.0,In Person,2020
637,INFS1001,Business Information Systems,First Semester/Second Semester,Undergraduate,6.0,In Person,2020
638,ASGS1015,Business Information Systems,,Undergraduate,12.0,In Person,2020
639,ANUC1001,Business Information Systems,Second Semester,Undergraduate,6.0,In Person,2020
640,INFS4500,Business Information Systems Honours Thesis,,Undergraduate,6.0,In Person,2020
641,BUSI7152,Business Negotiations and Conflict Resolution,Second Semester,Postgraduate,6.0,In Person,2020
642,BUSN1001,Business Reporting and Analysis,First Semester/Second Semester,Undergraduate,6.0,In Person,2020
643,PREP1125,Business Studies: Accounting Procedures,,Undergraduate,6.0,In Person,2020
644,PREP1124,Business Studies: e-Business and Marketing,,Undergraduate,6.0,In Person,2020
645,EMET8012,Business and Economic Forecasting,Second Semester,Postgraduate,6.0,In Person,2020
646,EMET3007,Business and Economic Forecasting,Second Semester,Undergraduate,6.0,In Person,2020
647,MGMT3102,Business and its Social Stakeholders,First Semester,Undergraduate,6.0,In Person,2020
648,MGMT3101,Business and the Natural Environment,,Undergraduate,6.0,In Person,2020
649,BUSI3028,Business in China,,Undergraduate,6.0,In Person,2020
650,LAWS8254,"Business, Human Rights and Corporate Responsibility",Winter Session,Postgraduate,6.0,Online,2020
651,SOCR9005,CSRM Thesis Design,Second Semester,Postgraduate,12.0,In Person,2020
652,SPAN6515,"CULTURA, cultura, kultura, Spanish Language and Culture Workshop",,Postgraduate,6.0,In Person,2020
653,SPAN2102,"CULTURA, cultura, kultura: Spanish Language and Culture Workshop",,Undergraduate,6.0,In Person,2020
654,PREP1106,Calculus,,Undergraduate,6.0,In Person,2020
655,POGO8089,Campaigns in Politics and Policy,,Postgraduate,6.0,In Person,2020
656,CHIN2024,Cantonese 1,First Semester,Undergraduate,6.0,In Person,2020
657,CHIN6201,Cantonese 1,First Semester,Postgraduate,6.0,In Person,2020
658,CHIN2025,Cantonese 2,Second Semester,Undergraduate,6.0,In Person,2020
659,CHIN6202,Cantonese 2,Second Semester,Postgraduate,6.0,In Person,2020
660,CHIN3203,Cantonese 3,,Undergraduate,6.0,In Person,2020
661,CHIN6203,Cantonese 3,,Postgraduate,6.0,In Person,2020
662,ENGN4300,Capstone Design Project,,Undergraduate,6.0,In Person,2020
663,MGMT2005,Career Planning and Management,First Semester,Undergraduate,6.0,In Person,2020
664,IDEC8023,Case Studies in Applied Econometrics,First Semester,Postgraduate,6.0,In Person,2020
665,EMET8002,Case Studies in Applied Economic Analysis and Econometrics,First Semester/Second Semester,Postgraduate,6.0,In Person,2020
666,POGO8055,Case Studies in Decision Making,,Postgraduate,6.0,In Person,2020
667,DIPL8003,Case Studies in Diplomacy,First Semester,Postgraduate,6.0,In Person,2020
668,POGO8210,Case Studies in Economic Policy,Summer Session,Postgraduate,6.0,In Person,2020
669,POGO8403,Cases in Contemporary Public Policy,Winter Session,Postgraduate,6.0,In Person,2020
670,CHEM3206,Catalysis in Chemistry,Second Semester,Undergraduate,6.0,In Person,2020
671,HIST2143,Celebrity: An Unauthorised History,,Undergraduate,6.0,In Person,2020
672,HIST6143,Celebrity: An Unauthorised History,,Postgraduate,6.0,Online or In Person,2020
673,BIOL2117,Cell Biology,Second Semester,Undergraduate,6.0,In Person,2020
674,BIOL6117,Cell Biology,Second Semester,Postgraduate,6.0,In Person,2020
675,BIOL6174,Cell Physiology in Health and Disease,Second Semester,Postgraduate,6.0,In Person,2020
676,BIOL2174,Cell Physiology in Health and Disease,Second Semester,Undergraduate,6.0,In Person,2020
677,NEUR6101,Cellular Neuroscience,First Semester,Postgraduate,6.0,In Person,2020
678,NEUR3101,Cellular Neuroscience,First Semester,Undergraduate,6.0,In Person,2020
679,ARTV2120,Ceramics: Designing for the Table and Home,Second Semester,Undergraduate,6.0,In Person,2020
680,ARTV2119,Ceramics: Experimental Methods and Meanings,First Semester,Undergraduate,6.0,In Person,2020
681,ARTV2117,Ceramics: Glaze & Colour Development,,Undergraduate,6.0,In Person,2020
682,ARTV1101,Ceramics: Introduction to Clay Forming and Technology,First Semester/Second Semester,Undergraduate,6.0,In Person,2020
683,ARTV2125,"Ceramics: Moulding, Casting & Digital Technologies",,Undergraduate,6.0,In Person,2020
684,ARTV2124,"Ceramics: Surface, Form and Connectivity",,Undergraduate,6.0,In Person,2020
685,ARTV1102,Ceramics: Throwing & Surface Decoration,,Undergraduate,6.0,In Person,2020
686,POGO8115,Challenging the Global Food Trading Regime,,Postgraduate,6.0,In Person,2020
687,CHEM2211,Chemical Biology 1,First Semester,Undergraduate,6.0,In Person,2020
688,CHEM2208,Chemical Biology 2,Second Semester,Undergraduate,6.0,In Person,2020
689,CHEM2202,Chemical Structure and Reactivity 1,First Semester,Undergraduate,6.0,In Person,2020
690,CHEM2203,Chemical Structure and Reactivity 2,Second Semester,Undergraduate,6.0,In Person,2020
691,PREP1107,Chemistry,,Undergraduate,6.0,In Person,2020
692,CHEM1101,Chemistry 1,First Semester,Undergraduate,6.0,In Person,2020
693,ANUC1127,Chemistry 1,First Semester,Undergraduate,6.0,In Person,2020
694,ANUC1128,Chemistry 2,Second Semester,Undergraduate,6.0,In Person,2020
695,CHEM1201,Chemistry 2,Second Semester,Undergraduate,6.0,In Person,2020
696,CHEM4005,Chemistry IV Honours (S),First Semester/Second Semester/Spring Session,Undergraduate,12.0,In Person,2020
697,PREP1133,Chemistry: Biochemistry,,Undergraduate,6.0,In Person,2020
698,PREP1132,Chemistry: Chemical Reactions,,Undergraduate,6.0,In Person,2020
699,LING2521,Child Language Acquisition,,Undergraduate,6.0,In Person,2020
700,LING6521,Child Language Acquisition,,Postgraduate,6.0,In Person,2020
701,STST8013,China's Defence and Strategic Challenges,,Postgraduate,6.0,In Person,2020
702,INTR8060,China's Global Engagement,Second Semester,Postgraduate,6.0,In Person,2020
703,ASIA6014,"China: Language, Discourse, and Political Culture",,Postgraduate,6.0,In Person,2020
704,ASIA2014,"China: Language, Discourse, and Political Culture",,Undergraduate,6.0,In Person,2020
705,ASIA2073,Chinese Calligraphy: History and Practice,,Undergraduate,6.0,In Person,2020
706,INTR2012,Chinese Foreign and Security Policy,Second Semester,Undergraduate,6.0,In Person,2020
707,ASIA2044,Chinese History: The Imperial Period (221 BC - 1800),Second Semester,Undergraduate,6.0,In Person,2020
708,ASIA6044,Chinese History: The Imperial Period (221 BC - 1800),Second Semester,Postgraduate,6.0,In Person,2020
709,LAWS4276,Chinese Law and Society,,Undergraduate,6.0,In Person,2020
710,LING2017,Chinese Linguistics,,Undergraduate,6.0,In Person,2020
711,LING6017,Chinese Linguistics,,Postgraduate,6.0,In Person,2020
712,ASIA2003,Chinese Literature,,Undergraduate,6.0,In Person,2020
713,ASIA2054,Chinese Philosophy: Creation and Development,,Undergraduate,6.0,In Person,2020
714,CHIN1202,Chinese Secondary Extension - Continuing,First Semester/Second Semester,Undergraduate,6.0,In Person,2020
715,EXTN1003A,Chinese Secondary Extension - Continuing A,Autumn Session,Undergraduate,0.0,In Person,2020
716,EXTN1003B,Chinese Secondary Extension - Continuing B,Autumn Session,Undergraduate,6.0,In Person,2020
717,INTR8074,Chinese Thinking on International Relations,,Postgraduate,6.0,In Person,2020
718,CHIN3216,Chinese-English Interpreting,First Semester,Undergraduate,6.0,In Person,2020
719,CHIN6216,Chinese-English Interpreting: Methodology and Practice,First Semester,Postgraduate,6.0,In Person,2020
720,CHIN3041,Chinese-English Translation,Second Semester,Undergraduate,6.0,In Person,2020
721,CHIN6041,Chinese-English Translation,Second Semester,Postgraduate,6.0,In Person,2020
722,SCRN2107,Cinema from the Spanish-Speaking World,,Undergraduate,6.0,In Person,2020
723,SCRN6107,Cinema from the Spanish-Speaking World,,Postgraduate,6.0,In Person,2020
724,SPAN6517,Cinema from the Spanish-speaking World,,Postgraduate,6.0,In Person,2020
725,SPAN2107,Cinema from the Spanish-speaking World,,Undergraduate,6.0,In Person,2020
726,SOCY2035,Cities and urban transformation,,Undergraduate,6.0,In Person,2020
727,LAWS8175,Citizenship Law in Context,,Postgraduate,6.0,In Person,2020
728,ARTH3004,"City Sites: studies in art, design and urbanity",Second Semester,Undergraduate,6.0,In Person,2020
729,ARTH6004,City Sites: studies in art. design and urbanity,Second Semester,Postgraduate,6.0,In Person,2020
730,NSPO8010,Civil-Military Relations,,Postgraduate,6.0,In Person,2020
731,POLS4021,Civilian Protection in Conflict and Post-Conflict Zones,,Undergraduate,6.0,In Person,2020
732,POLS8021,Civilian Protection in Conflict and Post-Conflict Zones,,Postgraduate,6.0,In Person,2020
733,ECHI4211,Classic Works of Economic Theory,,Undergraduate,6.0,In Person,2020
734,ECHI8011,Classic Works of Economic Theory,,Postgraduate,6.0,In Person,2020
735,PHYS2201,Classical Mechanics,Second Semester,Undergraduate,6.0,In Person,2020
736,SOCY2040,Classical Social Theory,First Semester,Undergraduate,6.0,In Person,2020
737,CLAS8019,Classics Methods and Evidence,First Semester,Postgraduate,12.0,In Person,2020
738,CLAS4006,Classics Methods and Evidence,First Semester,Undergraduate,12.0,In Person,2020
739,ASGS1002,Clear Thinking and Reasoning,,Undergraduate,6.0,In Person,2020
740,ENVS3020,Climate Change Science & Policy,,Undergraduate,6.0,In Person,2020
741,ENVS6307,Climate Change Science & Policy,,Postgraduate,6.0,Online or In Person,2020
742,ENVS8005,Climate Change Science: Carbon Accounting,,Postgraduate,6.0,Online,2020
743,ENVS8003,Climate Change Vulnerability and Adaptation,Spring Session,Postgraduate,6.0,In Person,2020
744,LAWS8008,Climate Change and Displacement,,Postgraduate,6.0,In Person,2020
745,ENVS6303,"Climate Change: past, present and future",Second Semester,Postgraduate,6.0,In Person,2020
746,ENVS3013,"Climate Change: past, present and future",Second Semester,Undergraduate,6.0,In Person,2020
747,LAWS4274,Climate Law,First Semester,Undergraduate,6.0,In Person,2020
748,LAWS8474,Climate Law,,Postgraduate,6.0,In Person,2020
749,LAWS8181,Climate and Sustainable Energy Law,,Postgraduate,6.0,Online or In Person,2020
750,PSYC8101,Clinical Coursework I,First Semester,Postgraduate,12.0,In Person,2020
751,PSYC8102,Clinical Coursework II,Second Semester,Postgraduate,12.0,In Person,2020
752,PSYC8103,Clinical Coursework III,First Semester/Winter Session,Postgraduate,12.0,In Person,2020
753,PSYC8104,Clinical Coursework IV,Autumn Session/Second Semester,Postgraduate,12.0,In Person,2020
754,MEDI4003,Clinical Experience Final Year Medical Students,Summer Session/First Semester/Autumn Session/Winter Session/Second Semester/Spring Session,Undergraduate,0.0,In Person,2020
755,PSYC8201,Clinical Field Placement I,First Semester/Winter Session,Postgraduate,6.0,In Person,2020
756,PSYC8202,Clinical Field Placement II,First Semester/Winter Session/Second Semester,Postgraduate,6.0,In Person,2020
757,PSYC8203,Clinical Field Placement III,First Semester/Second Semester,Postgraduate,6.0,In Person,2020
758,PSYC8204,Clinical Field Placement IV,First Semester/Second Semester,Postgraduate,6.0,In Person,2020
759,PSYC8301,Clinical Research I,First Semester/Second Semester,Postgraduate,6.0,In Person,2020
760,PSYC8302,Clinical Research II,First Semester/Second Semester,Postgraduate,6.0,In Person,2020
761,PSYC8303,Clinical Research III,First Semester/Second Semester,Postgraduate,6.0,In Person,2020
762,PSYC8304,Clinical Research IV,First Semester/Second Semester,Postgraduate,6.0,In Person,2020
763,ANUC1109,Close Encounters: How to Read Literature,First Semester,Undergraduate,6.0,In Person,2020
764,ENGL1014,Close Encounters: How to Read Literature,First Semester,Undergraduate,6.0,In Person,2020
765,NSPO8030,Coercion and National Security,Second Semester,Postgraduate,6.0,In Person,2020
766,PSYC2008,Cognition,Second Semester,Undergraduate,6.0,In Person,2020
767,PSYC6030,Cognitive and Clinical Neuropsychology,,Postgraduate,6.0,In Person,2020
768,PSYC3029,Cognitive and Clinical Neuropsychology,,Undergraduate,6.0,In Person,2020
769,HUMN8034,Collaborative Storytelling and Cultural Production,Summer Session,Postgraduate,6.0,In Person,2020
770,MUSC8021,Collections Management Workshop,,Postgraduate,6.0,In Person,2020
771,CBEA3001,College of Business and Economics Special Industry Project,First Semester/Second Semester,Undergraduate,6.0,In Person,2020
772,HIST8015,Colonial Australia in an Imperial World,First Semester,Postgraduate,6.0,Online or In Person,2020
773,ASIA2120,Colonialism and the rule of law,First Semester,Undergraduate,6.0,In Person,2020
774,LAWS4309,Colonialism and the rule of law,First Semester,Undergraduate,6.0,In Person,2020
775,BUSN8801,Commerce Research Report,First Semester/Second Semester,Postgraduate,6.0,In Person,2020
776,LEGM8131,Commercial Drafting,First Semester/Second Semester,Postgraduate,6.0,Online,2020
777,LAWS8131,Commercial Drafting,,Postgraduate,6.0,Online,2020
778,LAWS8298,Commercial Equity,,Postgraduate,6.0,In Person,2020
779,LAWS4210,Commercial Law,Winter Session,Undergraduate,6.0,In Person,2020
780,LAWS8140,Commercial Law,Spring Session,Postgraduate,6.0,In Person,2020
781,BUSN7052,Commercial Law,First Semester/Second Semester,Postgraduate,6.0,In Person,2020
782,LEGM8156,Commonwealth Compensation Law,,Postgraduate,6.0,Online,2020
783,LAWS2202,Commonwealth Constitutional Law,Second Semester,Undergraduate,6.0,In Person,2020
784,LAWS6202,Commonwealth Constitutional Law,Second Semester,Postgraduate,6.0,Online or In Person,2020
785,LAWS8117,Commonwealth Environmental Law,,Postgraduate,6.0,Online,2020
786,SCOM4014,Communicating Science with the Public,First Semester,Undergraduate,6.0,In Person,2020
787,SCOM8014,Communicating Science with the Public,First Semester,Postgraduate,6.0,Online or In Person,2020
788,MGMT2100,Communication for Business,First Semester/Second Semester,Undergraduate,6.0,In Person,2020
789,COMP8701,Communication for Computing Professionals I,,Postgraduate,6.0,In Person,2020
790,COMP8705,Communication for Computing Professionals II,,Postgraduate,6.0,In Person,2020
791,LING2034,Communication in Health Care,,Undergraduate,6.0,In Person,2020
792,LING6034,Communication in Health Care,,Postgraduate,6.0,In Person,2020
793,ASGS1003,Communications,,Undergraduate,6.0,In Person,2020
794,LAWS4268,Community Law Clinic,First Semester/Second Semester,Undergraduate,6.0,In Person,2020
795,LAWS6268,Community Law Clinic,First Semester/Second Semester,Postgraduate,6.0,In Person,2020
796,POGO8099,Community and Social Policy,,Postgraduate,6.0,In Person,2020
797,BUSN2015,Company Accounting,First Semester/Second Semester,Undergraduate,6.0,In Person,2020
798,LAWS8247,Comparative Civil and Political Rights,,Postgraduate,6.0,In Person,2020
799,LAWS8016,Comparative Constitutional Law,Autumn Session,Postgraduate,6.0,In Person,2020
800,EURO3002,Comparative European Politics,Second Semester,Undergraduate,6.0,In Person,2020
801,POLS8040,Comparative Federalism,,Postgraduate,6.0,In Person,2020
802,POLS4040,Comparative Federalism,,Undergraduate,6.0,In Person,2020
803,POLS3031,Comparative Judicial Politics,,Undergraduate,6.0,In Person,2020
804,LAWS8654,Comparative Migration Law,,Postgraduate,6.0,Online,2020
805,LAWS8018,Comparative National Security Law,,Postgraduate,6.0,In Person,2020
806,LAWS4241,Comparative National and International Security Law: Australian and US Perspectives,,Undergraduate,6.0,In Person,2020
807,BIOL2115,Comparative Physiology,Second Semester,Undergraduate,6.0,In Person,2020
808,BIOL6115,Comparative Physiology,Second Semester,Postgraduate,6.0,In Person,2020
809,POLS8045,Comparative Political Analysis,,Postgraduate,6.0,In Person,2020
810,POLS4039,Comparative Political Behavior,First Semester,Undergraduate,6.0,In Person,2020
811,POLS8039,Comparative Political Behaviour,First Semester,Postgraduate,6.0,In Person,2020
812,POLS8038,Comparative Political Institutions,Second Semester,Postgraduate,6.0,In Person,2020
813,POLS4038,Comparative Political Institutions,Second Semester,Undergraduate,6.0,In Person,2020
814,POGO8032,Comparative Public Sector Management,,Postgraduate,6.0,In Person,2020
815,LAWS4287,Comparative land law in Asia,,Undergraduate,6.0,In Person,2020
816,LAWS4255,Competition Law,Spring Session,Undergraduate,6.0,In Person,2020
817,LAWS8154,Competition Law,,Postgraduate,6.0,In Person,2020
818,ECON8055,Competition Policy and the Economics of Regulation,,Postgraduate,6.0,In Person,2020
819,ECON3155,Competition Policy and the Economics of Regulation (H),,Undergraduate,6.0,In Person,2020
820,ECON3055,Competition Policy and the Economics of Regulation (P),,Undergraduate,6.0,In Person,2020
821,MATH6213,Complex Analysis,Second Semester,Postgraduate,6.0,In Person,2020
822,ENVS3040,Complex Environmental Problems in Action,Second Semester,Undergraduate,6.0,In Person,2020
823,ENVS6025,Complex Environmental Problems in Action,Second Semester,Postgraduate,6.0,In Person,2020
824,LEGM8006,"Compliance, visa cancellation and review in Australian Migration Law",Second Semester,Postgraduate,6.0,Online,2020
825,ENGN4511,Composite Materials,Second Semester,Undergraduate,6.0,In Person,2020
826,ENGN6511,Composite Materials,Second Semester,Postgraduate,6.0,In Person,2020
827,MUSI2226,Composition for Film and Video Games,Second Semester,Undergraduate,6.0,In Person,2020
828,MUSI1111,"Composition, Arranging, and Sound Design 1",First Semester,Undergraduate,6.0,In Person,2020
829,MUSI1112,"Composition, Arranging, and Sound Design 2",Second Semester,Undergraduate,6.0,In Person,2020
830,MUSI2223,"Composition, Arranging, and Sound Design 3",First Semester,Undergraduate,6.0,In Person,2020
831,MUSI2224,"Composition, Arranging, and Sound Design 4",Second Semester,Undergraduate,6.0,In Person,2020
832,MUSI3314,"Composition, Arranging, and Sound Design 5",First Semester,Undergraduate,6.0,In Person,2020
833,MUSI3315,"Composition, Arranging, and Sound Design 6",Second Semester,Undergraduate,6.0,In Person,2020
834,EMSC8033,"Computational Geosciences: Problem-solving, Logical Thinking and Programming.",First Semester,Postgraduate,6.0,In Person,2020
835,EMSC4033,"Computational Geosciences: Problem-solving, Logical Thinking and Programming.",First Semester,Undergraduate,6.0,In Person,2020
836,COMP8880,Computational Methods for Network Science,,Postgraduate,6.0,In Person,2020
837,COMP4880,Computational Methods for Network Science,,Undergraduate,6.0,In Person,2020
838,ECON3127,Computational Methods in Economics,Second Semester,Undergraduate,6.0,In Person,2020
839,ECON4414,Computational Methods in Economics,Second Semester,Undergraduate,6.0,In Person,2020
840,ECON8014,Computational Methods in Economics,Second Semester,Postgraduate,6.0,In Person,2020
841,MATH8020,Computational Science,,Postgraduate,6.0,In Person,2020
842,ENGN2219,Computer Architecture and Simulation,First Semester,Undergraduate,6.0,In Person,2020
843,COMP6719,Computer Architecture and Simulation,First Semester,Postgraduate,6.0,In Person,2020
844,COMP6461,Computer Graphics,Second Semester,Postgraduate,6.0,In Person,2020
845,COMP4610,Computer Graphics,Second Semester,Undergraduate,6.0,In Person,2020
846,ENGN6539,Computer Networks,,Postgraduate,6.0,In Person,2020
847,COMP3310,Computer Networks,First Semester,Undergraduate,6.0,In Person,2020
848,ENGN3539,Computer Networks,,Undergraduate,6.0,In Person,2020
849,COMP6331,Computer Networks,First Semester,Postgraduate,6.0,In Person,2020
850,COMP6300,Computer Organisation and Program Execution,First Semester,Postgraduate,6.0,In Person,2020
851,COMP2300,Computer Organisation and Program Execution,First Semester,Undergraduate,6.0,In Person,2020
852,COMP4006,Computer Science Honours,First Semester/Second Semester,Undergraduate,24.0,In Person,2020
853,COMP4005F,Computer Science IV Honours,First Semester/Second Semester,Undergraduate,12.0,In Person,2020
854,COMP4005P,Computer Science IV Honours,First Semester/Second Semester,Undergraduate,12.0,In Person,2020
855,ENGN4528,Computer Vision,First Semester,Undergraduate,6.0,In Person,2020
856,ENGN6528,Computer Vision,First Semester/Second Semester,Postgraduate,6.0,In Person,2020
857,COMP6301,Computing Foundations for Cyber Security,,Postgraduate,6.0,Online or In Person,2020
858,ASGS1004,Computing Fundamentals,,Undergraduate,6.0,In Person,2020
859,COMP8830,Computing Internship,First Semester/Second Semester,Postgraduate,12.0,In Person,2020
860,COMP3820,Computing Internship,First Semester/Second Semester,Undergraduate,12.0,In Person,2020
861,COMP8715,Computing Project,First Semester/Second Semester,Postgraduate,6.0,In Person,2020
862,COMP8800,Computing Research Project,First Semester/Second Semester,Postgraduate,12.0,In Person,2020
863,POGO8003,Conflict and Development,,Postgraduate,6.0,In Person,2020
864,ANTH8043,Conflict and Development in the Pacific,,Postgraduate,6.0,Online or In Person,2020
865,POLS3040,Conflict and change in sub-Saharan Africa,,Undergraduate,6.0,In Person,2020
866,LAWS8144,Conflict of Laws,Summer Session,Postgraduate,6.0,In Person,2020
867,LAWS4212,Conflict of Laws,,Undergraduate,6.0,In Person,2020
868,LAWS8578,Constitutionalism in the Global South,,Postgraduate,6.0,In Person,2020
869,BIOL8001,Consulting in Quantitative Biology,First Semester/Second Semester,Postgraduate,6.0,In Person,2020
870,MKTG2031,Consumer Behaviour,First Semester,Undergraduate,6.0,In Person,2020
871,MKTG7050,Consumer Behaviour & Analysis,First Semester,Postgraduate,6.0,In Person,2020
872,LEGW8135,Consumer Law Practice,Summer Session/Spring Session,Postgraduate,3.0,Online,2020
873,LAWS4259,Consumer Protection and Product Liability Law,First Semester,Undergraduate,6.0,In Person,2020
874,LAWS8459,Consumer Protection and Product Liability Law,First Semester,Postgraduate,6.0,In Person,2020
875,ANTH8101,Contemporary Anthropological Theory,Autumn Session,Postgraduate,12.0,In Person,2020
876,ANTH9101,Contemporary Anthropological Theory,Autumn Session,Postgraduate,12.0,In Person,2020
877,ANTH8108,Contemporary Anthropological Theory,,Postgraduate,12.0,In Person,2020
878,ARTH2170,Contemporary Asian Art,,Undergraduate,6.0,In Person,2020
879,ARTH6170,Contemporary Asian Art,,Postgraduate,6.0,In Person,2020
880,ARTH2161,Contemporary Australian Art,,Undergraduate,6.0,In Person,2020
881,ARTH6161,Contemporary Australian Art,,Postgraduate,6.0,In Person,2020
882,INDG2002,Contemporary Australian Indigenous Music Studies,,Undergraduate,6.0,In Person,2020
883,ENGL2011,Contemporary Australian Writing,,Undergraduate,6.0,In Person,2020
884,ENGL6025,Contemporary Australian Writing,,Postgraduate,6.0,In Person,2020
885,DIPL8002,Contemporary Challenges in Diplomacy,,Postgraduate,6.0,In Person,2020
886,DESN1003,Contemporary Design In Context,First Semester,Undergraduate,6.0,In Person,2020
887,ANTH9103,Contemporary Development Theory,Summer Session/First Semester/Autumn Session/Winter Session/Second Semester/Spring Session,Postgraduate,12.0,In Person,2020
888,GERM2020,Contemporary German Society,,Undergraduate,6.0,In Person,2020
889,GERM3020,Contemporary German Society,,Undergraduate,6.0,In Person,2020
890,BUSN7005,Contemporary Issues in Accounting,First Semester/Second Semester,Postgraduate,6.0,In Person,2020
891,LAWS8271,Contemporary Issues in Administrative Law,Winter Session,Postgraduate,6.0,In Person,2020
892,LAWS4213,Contemporary Issues in Constitutional Law,First Semester,Undergraduate,6.0,In Person,2020
893,LAWS8128,Contemporary Issues in Constitutional Law,,Postgraduate,6.0,In Person,2020
894,MEAS8126,Contemporary Issues in Islamic Banking,,Postgraduate,6.0,In Person,2020
895,LAWS8653,Contemporary Issues in Migration Law,,Postgraduate,6.0,Online,2020
896,POPH8104,Contemporary Issues in Public Health,,Postgraduate,6.0,In Person,2020
897,ENVS8016,Contemporary Perspectives in Environment-Society Interaction,Second Semester,Postgraduate,6.0,In Person,2020
898,ENVS8015,Contemporary Perspectives in Environmental Science,First Semester,Postgraduate,6.0,In Person,2020
899,POLS2044,Contemporary Political Analysis,Second Semester,Undergraduate,6.0,In Person,2020
900,POLS2063,Contemporary Political Theory,Second Semester,Undergraduate,6.0,In Person,2020
901,SOCY2161,Contemporary Social Theory,,Undergraduate,6.0,In Person,2020
902,ARTV6060,Contexts of Making: Globalisation and Change,Second Semester,Postgraduate,6.0,In Person,2020
903,ARTV2060,Contexts of Making: Globalisation and Change,Second Semester,Undergraduate,6.0,In Person,2020
904,ARTV2061,Contexts of Making: Materiality and Value,First Semester,Undergraduate,6.0,In Person,2020
905,ARTV6061,Contexts of Making: Materiality and Value,First Semester,Postgraduate,6.0,In Person,2020
906,PSYC8422,Contextualizing Professional Psychology,Second Semester,Postgraduate,6.0,In Person,2020
907,GREK1102,Continuing Ancient Greek,Second Semester,Undergraduate,6.0,In Person,2020
908,GREK6112,Continuing Ancient Greek,Second Semester,Postgraduate,6.0,In Person,2020
909,GREK2119,Continuing Ancient Greek (L),Second Semester,Undergraduate,6.0,In Person,2020
910,INDG2006,Continuing Australian Indigenous Language,,Undergraduate,6.0,Online or In Person,2020
911,INDG6006,Continuing Australian Indigenous Language,,Postgraduate,6.0,Online or In Person,2020
912,FREN2024,Continuing French I,First Semester,Undergraduate,6.0,In Person,2020
913,FREN6503,Continuing French I,First Semester,Postgraduate,6.0,In Person,2020
914,FREN2025,Continuing French II,Second Semester,Undergraduate,6.0,In Person,2020
915,FREN6504,Continuing French II,Second Semester,Postgraduate,6.0,In Person,2020
916,INDG2004,Continuing Gamilaraay,Winter Session,Undergraduate,6.0,Online or In Person,2020
917,INDG6004,Continuing Gamilaraay,Winter Session,Postgraduate,6.0,Online or In Person,2020
918,LATN6002,Continuing Latin,Second Semester,Postgraduate,6.0,In Person,2020
919,LATN1102,Continuing Latin,Second Semester,Undergraduate,6.0,In Person,2020
920,LATN2119,Continuing Latin (L),Second Semester,Undergraduate,6.0,In Person,2020
921,PORT2001,Continuing Portuguese I,First Semester,Undergraduate,6.0,In Person,2020
922,PORT6503,Continuing Portuguese I,First Semester,Postgraduate,6.0,In Person,2020
923,PORT6504,Continuing Portuguese II,Second Semester,Postgraduate,6.0,In Person,2020
924,PORT2002,Continuing Portuguese II,Second Semester,Undergraduate,6.0,In Person,2020
925,SPAN6503,Continuing Spanish I,First Semester,Postgraduate,6.0,In Person,2020
926,SPAN2001,Continuing Spanish I,First Semester,Undergraduate,6.0,In Person,2020
927,SPAN2002,Continuing Spanish II,Second Semester,Undergraduate,6.0,In Person,2020
928,SPAN6504,Continuing Spanish II,Second Semester,Postgraduate,6.0,In Person,2020
929,FINM7003,Continuous Time Finance,First Semester,Postgraduate,6.0,In Person,2020
930,FINM3003,Continuous Time Finance,First Semester,Undergraduate,6.0,In Person,2020
931,LAWS6104,Contracts,First Semester/Second Semester,Postgraduate,6.0,Online or In Person,2020
932,LAWS1204,Contracts,Second Semester,Undergraduate,6.0,In Person,2020
933,ENGN3223,Control Systems,Second Semester,Undergraduate,6.0,In Person,2020
934,ENGN6223,Control Systems,Second Semester,Postgraduate,6.0,In Person,2020
935,CRIM2003,Controversies in Crime Control,First Semester,Undergraduate,6.0,In Person,2020
936,CRIM6003,Controversies in Crime Control,First Semester,Postgraduate,6.0,In Person,2020
937,HIST6128,"Convicts and Emigrants: Australia, 1770s to 1870s",,Postgraduate,6.0,In Person,2020
938,HIST2128,Convicts and Settlers: Australia 1770s to 1870s,,Undergraduate,6.0,In Person,2020
939,STST1003,Coping with Crisis: The Practice of International Security,Second Semester,Undergraduate,6.0,In Person,2020
940,EMSC3019,Coral Reef Field Studies,,Undergraduate,6.0,In Person,2020
941,EMSC6119,Coral Reef Field Studies,,Postgraduate,6.0,In Person,2020
942,BUSN7050,Corporate Accounting,First Semester/Second Semester,Postgraduate,6.0,In Person,2020
943,LAWS8110,Corporate Environmental Responsibility,,Postgraduate,6.0,In Person,2020
944,FINM2001,Corporate Finance,First Semester/Second Semester,Undergraduate,6.0,In Person,2020
945,BUSN7049,Corporate Financial Reporting,First Semester,Postgraduate,6.0,In Person,2020
946,BUSN7045,Corporate Governance,First Semester/Second Semester,Postgraduate,6.0,In Person,2020
947,BUSN4045,Corporate Governance (Honours),First Semester/Second Semester,Undergraduate,6.0,In Person,2020
948,BUSN8145,Corporate Governance: Research Preparation,First Semester/Second Semester,Postgraduate,6.0,In Person,2020
949,BUSN3017,"Corporate Social Responsibility, Accountability and Reporting",Second Semester,Undergraduate,6.0,In Person,2020
950,MGMT3015,Corporate Strategy,First Semester,Undergraduate,6.0,In Person,2020
951,MGMT2001,Corporate Sustainability,First Semester,Undergraduate,6.0,In Person,2020
952,FINM3005,Corporate Valuation,First Semester/Second Semester,Undergraduate,6.0,In Person,2020
953,LAWS2203,Corporations Law,First Semester,Undergraduate,6.0,In Person,2020
954,LAWS6203,Corporations Law,First Semester,Postgraduate,6.0,Online or In Person,2020
955,POGO8076,Corruption and Anti-corruption,Winter Session,Postgraduate,6.0,In Person,2020
956,CRIM3002,Corruption in Sport,,Undergraduate,6.0,Online or In Person,2020
957,CRIM6009,Corruption in our world,Summer Session,Postgraduate,6.0,In Person,2020
958,CRIM2009,Corruption in our world,Summer Session,Undergraduate,6.0,In Person,2020
959,ECON4418,Cost Benefit Analysis,,Undergraduate,6.0,In Person,2020
960,ECON8018,Cost-Benefit Analysis,,Postgraduate,6.0,In Person,2020
961,IDEC8088,Cost-Benefit Analysis: Principles and Practice,First Semester,Postgraduate,6.0,In Person,2020
962,ECON2133,Cost-benefit Analysis,,Undergraduate,6.0,In Person,2020
963,LAWS8067,"Courts, Justice & Development",,Postgraduate,6.0,In Person,2020
964,DESA3004,Craft and Design Major 7: Designing Through Making,First Semester,Undergraduate,6.0,In Person,2020
965,DESA3005,Craft and Design Major 8: Developing a Design Practice,Second Semester,Undergraduate,6.0,In Person,2020
966,VCPG6004,Creating Impact,,Postgraduate,6.0,In Person,2020
967,VCUG2004,Creating Impact,,Undergraduate,6.0,In Person,2020
968,VCUG2001,Creating Knowledge,,Undergraduate,6.0,In Person,2020
969,DESN2003,Creative Data Visualisation: Representing Data in Visual and Material Form,Second Semester,Undergraduate,6.0,In Person,2020
970,DESN6003,Creative Data Visualisation: Representing Data in Visual and Material Form,Second Semester,Postgraduate,6.0,In Person,2020
971,ASIA3031,Creative Industries in Korea,First Semester,Undergraduate,6.0,In Person,2020
972,MUSI8011,Creative Practice as Research,First Semester,Postgraduate,6.0,In Person,2020
973,MUSI4404,Creative Practice as Research,First Semester,Undergraduate,6.0,In Person,2020
974,ENGL4021,"Creative Reading: Topics in Theory, Methodology and Interpretation",First Semester,Undergraduate,6.0,Online or In Person,2020
975,ENGL8021,"Creative Reading: Topics in Theory, Methodology and Interpretation",First Semester,Postgraduate,6.0,Online or In Person,2020
976,ARTV3033,Creative Research Practice: Developing an Independent Work Proposal,First Semester,Undergraduate,6.0,In Person,2020
977,ARTV3034,Creative Research Practice: Extending and Consolidating an Independent Work Proposal,Second Semester,Undergraduate,6.0,In Person,2020
978,ENGL2015,Creative Writing,Second Semester,Undergraduate,6.0,In Person,2020
979,ENGL6015,Creative Writing,Second Semester,Postgraduate,6.0,In Person,2020
980,ENGL2077,Creative Writing 2: Story to Script,First Semester,Undergraduate,6.0,In Person,2020
981,ENGL6026,Creative Writing 3 Advanced Fiction,,Postgraduate,6.0,In Person,2020
982,ENGL2078,Creative Writing 3: Advanced Fiction,,Undergraduate,6.0,In Person,2020
983,STAT8036,Credibility Theory,Second Semester,Postgraduate,6.0,In Person,2020
984,STAT3036,Credibility Theory,Second Semester,Undergraduate,6.0,In Person,2020
985,STAT4036,Credibility Theory,Second Semester,Undergraduate,6.0,In Person,2020
986,CRIM3006,Crime Prevention: Theory and Practice,First Semester,Undergraduate,6.0,In Person,2020
987,HIST6232,Crime and Justice: Historical Dilemmas,,Postgraduate,6.0,In Person,2020
988,HIST2232,Crime and Justice: Historical Dilemmas,First Semester,Undergraduate,6.0,In Person,2020
989,LAWS4214,Criminal Justice,,Undergraduate,6.0,In Person,2020
990,LAWS1206,Criminal Law and Procedure,First Semester,Undergraduate,6.0,In Person,2020
991,LAWS6106,Criminal Law and Procedure,First Semester,Postgraduate,6.0,Online or In Person,2020
992,LEGW8106,Criminal Practice,Summer Session/Winter Session,Postgraduate,3.0,In Person,2020
993,PSYC6505,Criminal Psychology: Cognitive and Social Psychological Perspectives,,Postgraduate,6.0,In Person,2020
994,CRIM1001,Criminological Imaginations: Understanding Criminality,First Semester,Undergraduate,6.0,In Person,2020
995,CRIM1002,Criminological Perspectives: Understanding Crime,Second Semester,Undergraduate,6.0,In Person,2020
996,REGN8013,Criminology,First Semester,Postgraduate,6.0,In Person,2020
997,CRIM3003,Criminology at the scene,,Undergraduate,6.0,Online or In Person,2020
998,REGN8009,"Criminology, Justice and Regulation Research Topic",First Semester/Second Semester,Postgraduate,6.0,In Person,2020
999,LAWS8320,Critical Approaches to International Law,,Postgraduate,6.0,In Person,2020
1000,ANTH8039,Critical Issues in Gender and Development (Advanced),Second Semester,Postgraduate,12.0,Online or In Person,2020
1001,HUMN8027,Critical Issues in Heritage and Museum Studies,Second Semester,Postgraduate,6.0,Online or In Person,2020
1002,HUMN8035,Critical Issues in Intangible Heritage,First Semester,Postgraduate,6.0,In Person,2020
1003,LAWS8488,Critical Legal Theory,,Postgraduate,6.0,In Person,2020
1004,LAWS4288,Critical Legal Theory,,Undergraduate,6.0,In Person,2020
1005,MEAS6003,Critical Perspectives on Arabic Culture,First Semester,Postgraduate,6.0,In Person,2020
1006,MEAS3003,Critical Perspectives on Arabic Culture,First Semester,Undergraduate,6.0,In Person,2020
1007,PREP1108,Critical Thinking and Reasoning,,Undergraduate,6.0,In Person,2020
1008,PREP1135,Critical Thinking: Critical Thinking in Society,,Undergraduate,6.0,In Person,2020
1009,PREP1134,Critical Thinking: The Art of the Argument,,Undergraduate,6.0,In Person,2020
1010,ANTH8030,Critically Assessing Contemporary Development Practice,First Semester,Postgraduate,6.0,Online or In Person,2020
1011,LING2021,Cross Cultural Communication,First Semester,Undergraduate,6.0,Online or In Person,2020
1012,LING6021,Cross Cultural Communication,First Semester,Postgraduate,6.0,Online or In Person,2020
1013,SCOM6029,Cross Cultural Perspectives in Science Communication,Winter Session,Postgraduate,6.0,In Person,2020
1014,SCOM3029,Cross Cultural Perspectives in Science Communication,Winter Session,Undergraduate,6.0,In Person,2020
1015,BUSI3029,Cross-Cultural Management,Second Semester,Undergraduate,6.0,In Person,2020
1016,ANTH2129,"Crossing Borders: Migration, Identity and Livelihood",First Semester,Undergraduate,6.0,In Person,2020
1017,ANTH6515,"Crossing Borders: Migration, Identity and Livelihood",First Semester,Postgraduate,6.0,In Person,2020
1018,HUMN8007,Cultural and Environmental Heritage Research Project,Summer Session/First Semester/Autumn Session/Winter Session/Second Semester/Spring Session,Postgraduate,6.0,Online or In Person,2020
1019,HUMN8018,Cultural and Environmental Heritage: Extended Research Project,Summer Session/First Semester/Autumn Session/Winter Session/Second Semester/Spring Session,Postgraduate,12.0,In Person,2020
1020,ASGS1010,Culture & Human Diversity: Introducing Anthropology,,Undergraduate,12.0,In Person,2020
1021,ANTH2009,Culture and Development,First Semester,Undergraduate,6.0,In Person,2020
1022,ANTH6009,Culture and Development,First Semester,Postgraduate,6.0,Online or In Person,2020
1023,HUMN8037,Culture and Heritage in China Field School,,Postgraduate,6.0,In Person,2020
1024,ANUC1102,Culture and Human Diversity: Introducing Anthropology,First Semester,Undergraduate,6.0,In Person,2020
1025,ANTH6002,Culture and Human Diversity: Introducing Anthropology,First Semester,Postgraduate,6.0,In Person,2020
1026,ANTH1002,Culture and Human Diversity: Introducing Anthropology,First Semester,Undergraduate,6.0,In Person,2020
1027,ASIA2302,Culture and Modernity in Asia: Anthropological Perspectives,Second Semester,Undergraduate,6.0,In Person,2020
1028,ANTH2057,Culture and Person,,Undergraduate,6.0,In Person,2020
1029,ANTH6057,Culture and Person,,Postgraduate,6.0,In Person,2020
1030,BIAN6120,"Culture, Biology & Population Dynamics",First Semester,Postgraduate,6.0,In Person,2020
1031,BIAN2120,"Culture, Biology and Population Dynamics",First Semester,Undergraduate,6.0,In Person,2020
1032,CHMD8019,"Culture, Health, Medicine Internship",Summer Session/First Semester,Postgraduate,6.0,In Person,2020
1033,ANTH6017,"Culture, Social Justice and Aboriginal Society Today",First Semester,Postgraduate,6.0,In Person,2020
1034,ANTH2017,"Culture, Social Justice and Aboriginal Society Today",First Semester,Undergraduate,6.0,In Person,2020
1035,ANCH2101,"Cultures in conflict: Greeks, Romans and others in southern Italy and Sicily",,Undergraduate,12.0,In Person,2020
1036,ANCH6101,"Cultures in conflict: Greeks, Romans and others in southern Italy and Sicily",,Postgraduate,12.0,In Person,2020
1037,ARTH3001,Curatorial Practice,Second Semester,Undergraduate,12.0,In Person,2020
1038,ARTH2045,Curatorship History and Evolution,Second Semester,Undergraduate,6.0,In Person,2020
1039,ARTH6045,Curatorship History and Evolution,Second Semester,Postgraduate,12.0,In Person,2020
1040,SPAN6513,Current Affairs in the Spanish-Speaking World,,Postgraduate,6.0,In Person,2020
1041,SPAN3100,Current Affairs in the Spanish-speaking World,,Undergraduate,6.0,In Person,2020
1042,POLS2132,Current Issues in International Security,Second Semester,Undergraduate,6.0,In Person,2020
1043,CHEM3207,Current Topics in Chemical Biology,Second Semester,Undergraduate,6.0,In Person,2020
1044,COMP8501,Cyber Defensive Operations,,Postgraduate,6.0,Online or In Person,2020
1045,LAWS8077,Cyber Law,,Postgraduate,6.0,Online or In Person,2020
1046,COMP8502,Cyber Offensive Operations,,Postgraduate,6.0,Online or In Person,2020
1047,COMP2700,Cyber Security Foundations,Second Semester,Undergraduate,6.0,In Person,2020
1048,LAWS8035,Cyber Warfare Law,Spring Session,Postgraduate,6.0,In Person,2020
1049,NSPO8009,Cyber-intelligence and Security,,Postgraduate,6.0,Online or In Person,2020
1050,CRIM8002,Cyber-security and Cybercrime,,Postgraduate,6.0,Online or In Person,2020
1051,CRIM6010,Cybercrime: an introduction,Second Semester,Postgraduate,6.0,In Person,2020
1052,CRIM2010,Cybercrime: an introduction,Second Semester,Undergraduate,6.0,In Person,2020
1053,CECS6002,Cybernetics Practice for Cyber-Physical Systems,Second Semester,Postgraduate,6.0,In Person,2020
1054,CECS8003,Cybernetics and Cyber-Physcial Systems,,Postgraduate,6.0,In Person,2020
1055,ANCH3506,"Dark Age to Democracy: early Greek history, 1000-480 BC",,Undergraduate,6.0,In Person,2020
1056,ANCH6506,"Dark Age to democracy: early Greek history, 1000-480 BC",,Postgraduate,6.0,In Person,2020
1057,BIAN4011,Data Analysis and Methods in Biological Anthropology,First Semester,Undergraduate,6.0,Online or In Person,2020
1058,MATH6210,Data Mining,,Postgraduate,6.0,In Person,2020
1059,COMP3425,Data Mining,First Semester,Undergraduate,6.0,In Person,2020
1060,COMP8410,Data Mining,First Semester/Winter Session/Spring Session,Postgraduate,6.0,Online or In Person,2020
1061,EMSC4123,Data Science,Second Semester,Undergraduate,6.0,In Person,2020
1062,EMSC8023,Data Science,Second Semester,Postgraduate,6.0,In Person,2020
1063,COMP8430,Data Wrangling,Summer Session/Second Semester/Spring Session,Postgraduate,6.0,In Person,2020
1064,COMP3430,Data Wrangling,Second Semester,Undergraduate,6.0,In Person,2020
1065,SOCR3001,Data for Decision Making,Second Semester,Undergraduate,6.0,In Person,2020
1066,VCPG8001,Dealing with Wicked Problems,,Postgraduate,6.0,In Person,2020
1067,HUMN8029,Debates and Issues in the Humanities,First Semester,Postgraduate,6.0,In Person,2020
1068,HIST2236,Debating Anzac,,Undergraduate,6.0,In Person,2020
1069,HIST6236,Debating Anzac,,Postgraduate,6.0,In Person,2020
1070,JPNS6102,Debating Japan: Contemporary Intellectual Debate,First Semester,Postgraduate,6.0,Online or In Person,2020
1071,JPNS3102,Debating Japan: Contemporary Intellectual Debates,First Semester,Undergraduate,6.0,Online or In Person,2020
1072,POGO8065,Decision Making Under Uncertainty,Winter Session,Postgraduate,6.0,In Person,2020
1073,STST8057,Defence Leadership in ASEAN A,,Postgraduate,6.0,In Person,2020
1074,STST8058,Defence Leadership in ASEAN B,Second Semester,Postgraduate,6.0,In Person,2020
1075,COMP3701,Defensive Cyber Security Operations,,Undergraduate,6.0,In Person,2020
1076,POGO8123,Delivering Public Value,Summer Session,Postgraduate,6.0,In Person,2020
1077,MGMT7061,Delivering Team Results,First Semester,Postgraduate,6.0,In Person,2020
1078,POLS2126,Democracy and Dictatorship,First Semester,Undergraduate,6.0,In Person,2020
1079,HIST6240,Democracy and Dissent: Europe Since 1945,Second Semester,Postgraduate,6.0,In Person,2020
1080,HIST2240,Democracy and Dissent: Europe Since 1945,Second Semester,Undergraduate,6.0,In Person,2020
1081,POLS4019,Democracy and its Discontents,First Semester,Undergraduate,6.0,In Person,2020
1082,POLS8019,Democracy and its Discontents,First Semester,Postgraduate,6.0,In Person,2020
1083,ASIA2070,Democracy in Southeast Asia,Second Semester,Undergraduate,6.0,In Person,2020
1084,ASIA6070,Democracy in Southeast Asia,Second Semester,Postgraduate,6.0,In Person,2020
1085,INTR8059,Democracy in World Politics,,Postgraduate,6.0,In Person,2020
1086,PHIL2101,"Democracy, Difference and Desire",,Undergraduate,6.0,In Person,2020
1087,GEND2101,"Democracy, Difference and Desire",,Undergraduate,6.0,In Person,2020
1088,ARTV3032,Demonstrating research methods for a studio practice in the visual arts,,Undergraduate,6.0,In Person,2020
1089,FINM2002,Derivatives,First Semester/Second Semester,Undergraduate,6.0,In Person,2020
1090,DESN2007,Design Fiction: Speculative and Critical Design,First Semester,Undergraduate,6.0,In Person,2020
1091,DESN8001,Design Inquiry: Application of Research,First Semester/Second Semester,Postgraduate,6.0,In Person,2020
1092,DESN3010,"Design Practice: Engagement, Internship and Entrepreneurship",First Semester/Second Semester,Undergraduate,6.0,In Person,2020
1093,DESN6010,"Design Practice: Engagement, Internship and Entrepreneurship",First Semester/Second Semester,Postgraduate,6.0,In Person,2020
1094,DESN4010,Design Practice: Impact and Engagement,First Semester,Undergraduate,12.0,In Person,2020
1095,MGMT2009,Design Thinking: Entrepreneurial Innovation,First Semester,Undergraduate,6.0,In Person,2020
1096,DESN2008,Design Thinking: Human-Centred Design Methodologies,,Undergraduate,6.0,In Person,2020
1097,DESN4011,Design and Research: Theory and Methods,First Semester,Undergraduate,6.0,In Person,2020
1098,STAT7029,Design of Experiments and Surveys,First Semester,Postgraduate,6.0,In Person,2020
1099,STAT3012,Design of Experiments and Surveys,First Semester,Undergraduate,6.0,In Person,2020
1100,STAT4029,Design of Experiments and Surveys,First Semester,Undergraduate,6.0,In Person,2020
1101,POGO8063,Designing Public Policies and Programs,Spring Session,Postgraduate,6.0,In Person,2020
1102,ARCH8102,Designing Research in Archaeology,Second Semester,Postgraduate,6.0,In Person,2020
1103,REGN8016,"Deterrence, Sentencing and the Death Penalty",,Postgraduate,6.0,In Person,2020
1104,ARTV3028,Developing a Contemporary Craft Practice,First Semester,Undergraduate,6.0,In Person,2020
1105,POGO8070,Developing and Implementing Industry Policy,,Postgraduate,6.0,In Person,2020
1106,POGO8095,Development Policy and Practice,,Postgraduate,6.0,In Person,2020
1107,ECON4409,Development Poverty & Famine,,Undergraduate,6.0,In Person,2020
1108,ECON2900,Development Poverty and Famine,First Semester,Undergraduate,6.0,In Person,2020
1109,POGO8072,Development Theories and Themes,First Semester,Postgraduate,6.0,In Person,2020
1110,POLS2011,Development and Change,First Semester,Undergraduate,6.0,In Person,2020
1111,EMDV8013,Development and Environment in the Anthropocene,First Semester,Postgraduate,6.0,Online or In Person,2020
1112,IDEC8031,Development and Environmental Planning in Developing Economies,First Semester,Postgraduate,6.0,In Person,2020
1113,ANTH8009,Development in Practice,First Semester,Postgraduate,6.0,Online or In Person,2020
1114,PSYC2002,Developmental Psychology,First Semester,Undergraduate,6.0,In Person,2020
1115,LING2023,Dictionaries and Dictionary-Making,,Undergraduate,6.0,In Person,2020
1116,LING6023,Dictionaries and Dictionary-Making,,Postgraduate,6.0,In Person,2020
1117,MATH6205,Differential Geometry,First Semester,Postgraduate,6.0,In Person,2020
1118,ASTR4017,Diffuse Matter in the Universe,,Undergraduate,6.0,In Person,2020
1119,ASTR8007,Diffuse Matter in the Universe,,Postgraduate,6.0,In Person,2020
1120,ASIA3032,Digital Asia: Technology and Society,First Semester,Undergraduate,6.0,In Person,2020
1121,ENGN3226,Digital Communications,First Semester,Undergraduate,6.0,In Person,2020
1122,ENGN6626,Digital Communications,First Semester,Postgraduate,6.0,In Person,2020
1123,ANUC1113,Digital Culture: Being Human in the Information Age,First Semester,Undergraduate,6.0,In Person,2020
1124,HUMN1001,Digital Culture: Being Human in the Information Age,First Semester,Undergraduate,6.0,Online or In Person,2020
1125,LAWS8407,Digital Economies and the Law,,Postgraduate,6.0,Online or In Person,2020
1126,DESN6001,Digital Form and Fabrication,Second Semester,Postgraduate,6.0,In Person,2020
1127,DESN2001,Digital Form and Fabrication,Second Semester,Undergraduate,6.0,In Person,2020
1128,HUMN8030,Digital Humanities and Public Culture Research Project,First Semester/Second Semester,Postgraduate,6.0,Online or In Person,2020
1129,HUMN8031,Digital Humanities and Public Culture Research Project (Advanced),First Semester/Second Semester,Postgraduate,12.0,Online or In Person,2020
1130,HUMN6003,Digital Humanities: Methods and Practices,First Semester,Postgraduate,6.0,In Person,2020
1131,HUMN3001,Digital Humanities: Methods and Practices,First Semester,Undergraduate,6.0,In Person,2020
1132,HUMN2001,Digital Humanities: Theories and Projects,Second Semester,Undergraduate,6.0,In Person,2020
1133,HUMN6001,Digital Humanities: Theories and Projects,Second Semester,Postgraduate,6.0,In Person,2020
1134,MKTG7028,Digital Marketing Communications,Second Semester,Postgraduate,6.0,In Person,2020
1135,LEGM8076,Digital Media and Communication Law and Practice,,Postgraduate,6.0,Online,2020
1136,LEGM8076,Digital Media and Communication Law and Practice,,Postgraduate,6.0,Online,2020
1137,ENGN4537,Digital Signal Processing,First Semester,Undergraduate,6.0,In Person,2020
1138,ENGN6537,Digital Signal Processing,First Semester,Postgraduate,6.0,In Person,2020
1139,INFS8205,"Digital Strategy, Executive and Operations",First Semester,Postgraduate,6.0,In Person,2020
1140,ENGN6213,Digital Systems and Microprocessors,First Semester,Postgraduate,6.0,In Person,2020
1141,ENGN3213,Digital Systems and Microprocessors,First Semester,Undergraduate,6.0,In Person,2020
1142,INFS7040,Digital Transformation,First Semester/Second Semester,Postgraduate,6.0,In Person,2020
1143,DIPL8015,Diplomacy Internship,Summer Session/First Semester/Autumn Session/Winter Session/Second Semester/Spring Session,Postgraduate,6.0,In Person,2020
1144,DIPL8018,Diplomacy Research Project,First Semester/Second Semester,Postgraduate,12.0,In Person,2020
1145,DIPL8006,"Diplomacy, Politics and the United Nations",,Postgraduate,6.0,In Person,2020
1146,DIPL8009,Diplomacy: from cuneiform clay to digital tablets,,Postgraduate,6.0,Online,2020
1147,CHMD8001,"Directed Readings in Culture, Health and Medicine",First Semester/Second Semester,Postgraduate,6.0,Online or In Person,2020
1148,ARAB6509,Directed Study Project (Arabic),,Postgraduate,6.0,In Person,2020
1149,ARAB3007,Directed Study Project (Arabic),,Undergraduate,6.0,In Person,2020
1150,EMDV8124,Disaster Risk Reduction and Management,Second Semester,Postgraduate,6.0,Online or In Person,2020
1151,ASIA8048,Disasters and Epidemics in Asia and the Pacific,Second Semester,Postgraduate,6.0,Online or In Person,2020
1152,ENGN1211,Discovering Engineering,First Semester,Undergraduate,6.0,In Person,2020
1153,EXTN1005A,Discovering Engineering A,Autumn Session,Undergraduate,0.0,In Person,2020
1154,EXTN1005B,Discovering Engineering B,Autumn Session,Undergraduate,6.0,In Person,2020
1155,MATH1005,Discrete Mathematical Models,First Semester,Undergraduate,6.0,In Person,2020
1156,ANUC1005,Discrete Mathematical Models,First Semester/Second Semester,Undergraduate,6.0,In Person,2020
1157,MATH6005,Discrete Mathematical Models,First Semester,Postgraduate,6.0,In Person,2020
1158,NSPO8013,"Disease, Security and Biological Weapons",Second Semester,Postgraduate,6.0,In Person,2020
1159,LAWS8116,Dispute Management,,Postgraduate,6.0,In Person,2020
1160,CRIM3005,Diversity and Crime: Equality in the Criminal Justice System,First Semester,Undergraduate,6.0,In Person,2020
1161,BIOL1009,Diversity of Life,Second Semester,Undergraduate,6.0,In Person,2020
1162,FINM8018,Doctoral Studies in Asset Pricing,Second Semester,Postgraduate,6.0,In Person,2020
1163,FINM8020,Doctoral Studies in Asset Pricing 2,First Semester,Postgraduate,6.0,In Person,2020
1164,FINM8019,Doctoral Studies in Corporate Finance,Second Semester,Postgraduate,6.0,In Person,2020
1165,FINM8021,Doctoral Studies in Corporate Finance Empirical,First Semester,Postgraduate,6.0,In Person,2020
1166,COMP4650,Document Analysis,Second Semester,Undergraduate,6.0,In Person,2020
1167,COMP6490,Document Analysis,Autumn Session/Second Semester,Postgraduate,6.0,In Person,2020
1168,CRIM6007,Doing Criminology: Research and Practice in Crime and Criminal Justice,Second Semester,Postgraduate,6.0,In Person,2020
1169,CRIM2001,Doing Criminology: Research and Practice in Crime and Criminal Justice,Second Semester,Undergraduate,6.0,In Person,2020
1170,ANTH2067,Doing Ethnography: Practicum on Applied Anthropology,Second Semester,Undergraduate,6.0,In Person,2020
1171,ANTH8059,Doing Ethnography: Research practicum on applied anthropology,Second Semester,Postgraduate,6.0,In Person,2020
1172,ANTH2138,Doing Medical Anthropology,,Undergraduate,6.0,In Person,2020
1173,ANTH6138,Doing Medical Anthropology,,Postgraduate,6.0,In Person,2020
1174,EMDV8081,Domestic Climate Change Policy and Economics,Summer Session,Postgraduate,6.0,Online,2020
1175,ARTV1703,Drawing into Print : Etching and Relief,First Semester,Undergraduate,6.0,In Person,2020
1176,ARTV6703,Drawing into Print: Etching and Relief,First Semester,Postgraduate,6.0,In Person,2020
1177,ARTV6704,Drawing into Print: Screen Printing and Stencils,First Semester/Second Semester,Postgraduate,6.0,In Person,2020
1178,ARTV1704,Drawing into Print: Screen Printing and Stencils,First Semester/Second Semester,Undergraduate,6.0,In Person,2020
1179,DESN2004,Dynamic Design and Generative Systems,,Undergraduate,6.0,In Person,2020
1180,DESN6004,Dynamic Design and Generative Systems,,Postgraduate,6.0,In Person,2020
1181,EMSC3034,"Dynamic Earth: Plates, Plumes and Mantle Convection",Second Semester,Undergraduate,6.0,In Person,2020
1182,EMSC6034,"Dynamic Earth: Plates, Plumes and Mantle Convection",Second Semester,Postgraduate,6.0,In Person,2020
1183,ENGN2229,Dynamics and Simulation,,Undergraduate,6.0,In Person,2020
1184,BUSI2023,Dynamics of Asian Business,Second Semester,Undergraduate,6.0,In Person,2020
1185,BUSI2022,Dynamics of Business in the Americas,,Undergraduate,6.0,In Person,2020
1186,BUSI2024,Dynamics of Business in the Middle East,First Semester,Undergraduate,6.0,In Person,2020
1187,BUSI2034,Dynamics of European Business,First Semester,Undergraduate,6.0,In Person,2020
1188,MEAS8112,Dynamics of Israeli-Palestinian Conflict,First Semester,Postgraduate,6.0,In Person,2020
1189,MEAS4112,Dynamics of Israeli-Palestinian Conflict,First Semester,Undergraduate,6.0,In Person,2020
1190,MKTG2032,E-Marketing,Second Semester,Undergraduate,6.0,In Person,2020
1191,EMSC1008,EARTH: The Chemistry and Physics of our Planet,Second Semester,Undergraduate,6.0,In Person,2020
1192,EMSC6008,EARTH: The Chemistry and Physics of our Planet,Second Semester,Postgraduate,6.0,In Person,2020
1193,EMSC8030,Earth Science Research Project,Summer Session/First Semester/Autumn Session/Winter Session/Second Semester,Postgraduate,6.0,In Person,2020
1194,EMSC8032,Earth Science Research Proposal & Presentation,First Semester/Second Semester,Postgraduate,6.0,In Person,2020
1195,EMSC4005,Earth and Marine Sciences Honours Thesis,First Semester/Second Semester,Undergraduate,3.0,In Person,2020
1196,ENVS3014,Ecological Assessment and Management,Second Semester,Undergraduate,6.0,In Person,2020
1197,ENVS6514,Ecological Assessment and Management,Second Semester,Postgraduate,6.0,In Person,2020
1198,EMDV8012,Ecological Economics and Policy,First Semester,Postgraduate,6.0,In Person,2020
1199,BIOL6109,Ecological and Evolutionary Developmental Biology,First Semester,Postgraduate,6.0,In Person,2020
1200,BIOL3109,Ecological and Evolutionary Developmental Biology,First Semester,Undergraduate,6.0,In Person,2020
1201,BIOL6004,Ecology,First Semester,Postgraduate,6.0,In Person,2020
1202,BIOL2131,Ecology,First Semester,Undergraduate,6.0,In Person,2020
1203,BIOL2191,Ecology of Health and Disease,,Undergraduate,6.0,In Person,2020
1204,EMET8005,Econometric Methods and Modelling,First Semester/Second Semester,Postgraduate,6.0,In Person,2020
1205,IDEC8017,Econometric Techniques,Second Semester,Postgraduate,6.0,In Person,2020
1206,EMET4007,Econometrics I: Econometric Methods,First Semester,Undergraduate,6.0,In Person,2020
1207,EMET6007,Econometrics I: Econometric Methods,First Semester,Postgraduate,6.0,In Person,2020
1208,EMET2007,Econometrics I: Econometric Methods,First Semester,Undergraduate,6.0,In Person,2020
1209,EMET3004,Econometrics II: Econometric Modelling,Second Semester,Undergraduate,6.0,In Person,2020
1210,EMET6008,Econometrics II: Econometric Modelling,Second Semester,Postgraduate,6.0,In Person,2020
1211,ECON2080,Economic Analysis of the Digital Economy,First Semester,Undergraduate,6.0,In Person,2020
1212,ECON8180,Economic Analysis of the Digital Economy,First Semester,Postgraduate,6.0,In Person,2020
1213,IDEC8022,Economic Development,Second Semester,Postgraduate,6.0,In Person,2020
1214,ECON8075,Economic Evaluation of Health Programs,,Postgraduate,6.0,In Person,2020
1215,EMSC6007,Economic Geology,Second Semester,Postgraduate,6.0,In Person,2020
1216,EMSC3007,Economic Geology,Second Semester,Undergraduate,6.0,In Person,2020
1217,ECON8050,Economic Growth,First Semester,Postgraduate,6.0,In Person,2020
1218,ECHI8004,Economic History Research Project,,Postgraduate,6.0,In Person,2020
1219,ECHI8009,Economic History Research Project A,,Postgraduate,12.0,In Person,2020
1220,ECON3023,Economic Policy Issues,Second Semester,Undergraduate,6.0,In Person,2020
1221,ECON4403,Economic Policy Issues,Second Semester,Undergraduate,6.0,In Person,2020
1222,ECON8003,Economic Policy Issues,Second Semester,Postgraduate,6.0,In Person,2020
1223,ECON8036,Economic Seminars for Graduate Program in Economics,,Postgraduate,6.0,In Person,2020
1224,PREP1109,Economics,,Undergraduate,6.0,In Person,2020
1225,ECON3100,Economics 3 (H),Second Semester,Undergraduate,6.0,In Person,2020
1226,ECON4488,Economics Honours Research Essay,First Semester/Second Semester,Undergraduate,6.0,In Person,2020
1227,ECON1100,Economics I (H),Second Semester,Undergraduate,6.0,In Person,2020
1228,ECON2016,Economics II (H),Second Semester,Undergraduate,6.0,In Person,2020
1229,IDEC9024,Economics Seminars,First Semester,Postgraduate,6.0,In Person,2020
1230,POGO8081,Economics for Government,Second Semester,Postgraduate,6.0,In Person,2020
1231,ECON8077,Economics for Leaders,First Semester,Postgraduate,6.0,In Person,2020
1232,ENVS2007,Economics for the Environment,First Semester,Undergraduate,6.0,In Person,2020
1233,ECON8074,Economics of Health Insurance and Financing,,Postgraduate,6.0,In Person,2020
1234,ECON4410,Economics of Taxation,,Undergraduate,6.0,In Person,2020
1235,ASIA2067,Economies of Emerging Asia,Second Semester,Undergraduate,6.0,In Person,2020
1236,ASIA3024,"Editor’s practicum: online public engagement, academic blogging and digital disruption",,Undergraduate,6.0,In Person,2020
1237,CRWF7001,"Editor’s practicum: online public engagement, academic blogging and digital disruption",,Postgraduate,6.0,In Person,2020
1238,SOCY2021,Education and Society,,Undergraduate,6.0,In Person,2020
1239,POLS2111,"Elections, Political Behaviour and Public Opinion in Australia",,Undergraduate,6.0,In Person,2020
1240,HIST6121,"Electric Citizens: The Rise of the Modern Media in the United States, 1865-2000",,Postgraduate,6.0,In Person,2020
1241,HIST2121,"Electric Citizens: The Rise of the Modern Media in the United States, 1865-2000",,Undergraduate,6.0,In Person,2020
1242,PHYS2016,Electromagnetism,Second Semester,Undergraduate,6.0,In Person,2020
1243,ENGN2218,Electronic Systems and Design,First Semester,Undergraduate,6.0,In Person,2020
1244,EMSC8712,Electronics and Data Analysis,Second Semester,Postgraduate,6.0,In Person,2020
1245,EMSC4712,Electronics and Data Analysis,Second Semester,Undergraduate,6.0,In Person,2020
1246,TURK1001,Elementary Turkish A,First Semester,Undergraduate,6.0,In Person,2020
1247,TURK6001,Elementary Turkish A,First Semester,Postgraduate,6.0,In Person,2020
1248,TURK1002,Elementary Turkish B,,Undergraduate,6.0,Online,2020
1249,TURK6002,Elementary Turkish B,,Postgraduate,6.0,In Person,2020
1250,ENGN8537,Embedded Systems and Real Time Digital Signal Processing,Second Semester,Postgraduate,6.0,In Person,2020
1251,POLS3004,Emotions in International Politics,Second Semester,Undergraduate,6.0,In Person,2020
1252,ANCH2017,Emperors and Madmen: The Early Roman Empire,First Semester,Undergraduate,6.0,In Person,2020
1253,ENGL6027,Empire and its Fictions,,Postgraduate,6.0,In Person,2020
1254,ENGL2068,Empire and its Fictions,,Undergraduate,6.0,In Person,2020
1255,HIST1214,Empires in Global History: 1200 to the Present,First Semester,Undergraduate,6.0,In Person,2020
1256,POGO8050,Empirical Political Analysis 2: Political Economy,,Postgraduate,6.0,In Person,2020
1257,IDEC8025,Empirical Public Finance,,Postgraduate,6.0,In Person,2020
1258,BUSN8100,Empirical Research in Financial Accounting,Second Semester,Postgraduate,6.0,In Person,2020
1259,LEGW8136,Employment and Industrial Practice,Autumn Session/Winter Session,Postgraduate,3.0,Online,2020
1260,IDEC8089,Energy Economics,Second Semester,Postgraduate,6.0,In Person,2020
1261,POGO8212,Energy Politics and Governance,,Postgraduate,6.0,In Person,2020
1262,ENGN3516,Energy Resources and Renewable Technologies,Second Semester,Undergraduate,6.0,In Person,2020
1263,ENGN6516,Energy Resources and Renewable Technologies,Second Semester,Postgraduate,6.0,In Person,2020
1264,NSPO8026,Energy and National Security,Spring Session,Postgraduate,6.0,In Person,2020
1265,MEAS4109,Energy and Security in Central Asia and the Caucasus,,Undergraduate,6.0,In Person,2020
1266,MEAS8109,Energy and Security in Central Asia and the Caucasus,,Postgraduate,6.0,In Person,2020
1267,SCOM8088,Engagement for Policy Impact,Summer Session,Postgraduate,6.0,In Person,2020
1268,ASIA3021,Engaging Asia: Australia and the Asian Century,First Semester,Undergraduate,6.0,Online or In Person,2020
1269,ASIA8040,Engaging Asia: Australia and the Asian Century,First Semester,Postgraduate,6.0,Online or In Person,2020
1270,ENGN8535,Engineering Data Analytics,First Semester,Postgraduate,6.0,In Person,2020
1271,ENGN2300,Engineering Design 2: Systems Approaches for Design,First Semester,Undergraduate,6.0,In Person,2020
1272,ENGN2301,Engineering Design 3: Systems Approaches for Analysis,Second Semester,Undergraduate,6.0,In Person,2020
1273,ENGN3300,Engineering Design 4A: Systems Approaches for Management,,Undergraduate,6.0,In Person,2020
1274,ENGN3301,Engineering Design 4B: Systems Approaches for Operations,,Undergraduate,6.0,In Person,2020
1275,ENGN3230,Engineering Innovation,Second Semester,Undergraduate,6.0,In Person,2020
1276,ENGN3200,Engineering Internship,Summer Session/First Semester/Autumn Session/Winter Session/Second Semester/Spring Session,Undergraduate,6.0,In Person,2020
1277,ENGN6200,Engineering Internship,Summer Session/First Semester/Autumn Session/Winter Session/Second Semester/Spring Session,Postgraduate,6.0,In Person,2020
1278,ENGN3221,Engineering Management,First Semester,Undergraduate,6.0,In Person,2020
1279,ENGN3601,Engineering Materials,First Semester,Undergraduate,6.0,In Person,2020
1280,ENGN6601,Engineering Materials,First Semester,Postgraduate,6.0,In Person,2020
1281,ENGN3706,Engineering Research & Development Project,First Semester/Second Semester,Undergraduate,6.0,In Person,2020
1282,ENGN8104,Engineering Research Project,,Postgraduate,12.0,In Person,2020
1283,ENGN4706,Engineering Research and Development Project,First Semester/Second Semester,Undergraduate,6.0,In Person,2020
1284,ENGN2707,Engineering Research and Development Project,First Semester/Second Semester,Undergraduate,6.0,In Person,2020
1285,ENGN3712,Engineering Research and Development Project,First Semester/Second Semester,Undergraduate,6.0,In Person,2020
1286,ENGN4712,Engineering Research and Development Project,First Semester/Second Semester,Undergraduate,6.0,In Person,2020
1287,ENGN4718,Engineering Research and Development Project,First Semester/Second Semester,Undergraduate,6.0,In Person,2020
1288,ENGN2706,Engineering Research and Development Project (Methods),First Semester,Undergraduate,6.0,In Person,2020
1289,ENGN1215,Engineering Sciences,,Undergraduate,6.0,In Person,2020
1290,ENGN3410,Engineering Sustainable Systems,Second Semester,Undergraduate,6.0,In Person,2020
1291,ENGN6410,Engineering Sustainable Systems,Second Semester,Postgraduate,6.0,In Person,2020
1292,ENGN2222,Engineering Thermodynamics,Second Semester,Undergraduate,6.0,In Person,2020
1293,ENGN3013,Engineering for a Humanitarian Context,Summer Session/Winter Session/Spring Session,Undergraduate,6.0,In Person,2020
1294,HIST6228,Enlightenment Worlds,,Postgraduate,6.0,In Person,2020
1295,HIST2228,Enlightenment Worlds,,Undergraduate,6.0,In Person,2020
1296,ACST4060,Enterprise Risk Management 1,First Semester,Undergraduate,6.0,In Person,2020
1297,ACST8060,Enterprise Risk Management 1,First Semester,Postgraduate,6.0,In Person,2020
1298,ACST4061,Enterprise Risk Management 2,Second Semester,Undergraduate,6.0,In Person,2020
1299,ACST8061,Enterprise Risk Management 2,Second Semester,Postgraduate,6.0,In Person,2020
1300,INFS4004,Enterprise Systems and Business Process Management,,Undergraduate,6.0,In Person,2020
1301,INFS8004,Enterprise Systems and Strategy,First Semester,Postgraduate,6.0,In Person,2020
1302,INFS3002,Enterprise Systems in Business,Second Semester,Undergraduate,6.0,In Person,2020
1303,MGMT3027,Entrepreneurship and Innovation,Second Semester,Undergraduate,6.0,In Person,2020
1304,MGMT8015,Entrepreneurship and Innovation,First Semester/Second Semester,Postgraduate,6.0,Online or In Person,2020
1305,ARTV2921,Environment Studio: field based research and studio practice in visual arts,First Semester/Second Semester,Undergraduate,6.0,In Person,2020
1306,ARTV6921,Environment Studio: field based research and studio practice in visual arts,First Semester/Second Semester,Postgraduate,6.0,In Person,2020
1307,PASI3013,Environment and Development in the Pacific,Second Semester,Undergraduate,6.0,In Person,2020
1308,ENVS1001,Environment and Society: Geography of Sustainability,First Semester,Undergraduate,6.0,In Person,2020
1309,ENVS6101,Environment and Society: Geography of Sustainability,First Semester,Postgraduate,6.0,In Person,2020
1310,POLS3033,"Environment, Human Security, and Conflict",Second Semester,Undergraduate,6.0,In Person,2020
1311,EMDV8103,Environmental Assessment,First Semester,Postgraduate,6.0,Online or In Person,2020
1312,LAWS8278,Environmental Dispute Resolution,,Postgraduate,6.0,Online or In Person,2020
1313,IDEC8053,Environmental Economics,First Semester,Postgraduate,6.0,In Person,2020
1314,EMDV8104,Environmental Governance,First Semester,Postgraduate,6.0,In Person,2020
1315,LAWS4215,Environmental Law,Winter Session,Undergraduate,6.0,In Person,2020
1316,LAWS8415,Environmental Law,,Postgraduate,6.0,In Person,2020
1317,LAWS6281,Environmental Law Clinic,First Semester/Second Semester,Postgraduate,6.0,In Person,2020
1318,LAWS4281,Environmental Law Clinic,First Semester/Second Semester,Undergraduate,6.0,In Person,2020
1319,LAWS8187,Environmental Litigation,,Postgraduate,6.0,In Person,2020
1320,MATH3133,Environmental Mathematics,,Undergraduate,6.0,In Person,2020
1321,ENVS6202,"Environmental Measurement, Modelling and Monitoring",,Postgraduate,6.0,In Person,2020
1322,ENVS2002,"Environmental Measurement, Modelling and Monitoring",,Undergraduate,6.0,In Person,2020
1323,MATH6102,Environmental Modelling and Integrated Assessment,,Postgraduate,6.0,In Person,2020
1324,ENVS6528,Environmental Policy,First Semester,Postgraduate,6.0,In Person,2020
1325,ENVS3028,Environmental Policy,First Semester,Undergraduate,6.0,In Person,2020
1326,EMDV8007,Environmental Policy and Communications,Second Semester,Postgraduate,6.0,In Person,2020
1327,LAWS8010,Environmental Protection and Human Rights,,Postgraduate,6.0,In Person,2020
1328,LAWS8111,Environmental Regulation,,Postgraduate,6.0,In Person,2020
1329,ENVS2018,Environmental Science Field School,Winter Session,Undergraduate,6.0,In Person,2020
1330,ENVS6218,Environmental Science Field School,Winter Session,Postgraduate,6.0,In Person,2020
1331,SOCY2022,Environmental Sociology,Second Semester,Undergraduate,6.0,In Person,2020
1332,SOCY6062,Environmental Sociology,Second Semester,Postgraduate,6.0,In Person,2020
1333,LAWS8145,Environmental and Risk Assessment Law,,Postgraduate,6.0,In Person,2020
1334,LAWS2205,Equity and Trusts,Second Semester,Undergraduate,6.0,In Person,2020
1335,LAWS6205,Equity and Trusts,Second Semester,Postgraduate,6.0,Online or In Person,2020
1336,ESEN1101,Essential University English,First Semester/Second Semester,Undergraduate,6.0,In Person,2020
1337,ENVS3015,Essentials of Environmental Law,Winter Session,Undergraduate,6.0,Online or In Person,2020
1338,ENVS6315,Essentials of Environmental Law,Winter Session,Postgraduate,6.0,Online or In Person,2020
1339,LEGM8322,Estate Planning: Issues and Strategies,,Postgraduate,6.0,Online,2020
1340,NSPO8008,Ethical Challenges for National Security,Second Semester,Postgraduate,6.0,In Person,2020
1341,PSYC8512,Ethics and Professional Practice,,Postgraduate,6.0,In Person,2020
1342,NSPO8014,Ethics and Technologies of War,,Postgraduate,6.0,In Person,2020
1343,INTR8053,Ethics of Peace and War,Second Semester,Postgraduate,6.0,In Person,2020
1344,POLS4020,Ethnicity and Conflict in Asia and the Pacific,,Undergraduate,6.0,In Person,2020
1345,INTR8040,Ethnicity and Conflict in Asia and the Pacific,,Postgraduate,6.0,In Person,2020
1346,LAWS8579,Ethno-Political Conflicts and International Law,,Postgraduate,6.0,In Person,2020
1347,HIST2205,"Europe and the Atlantic World, c.1492–1776.",,Undergraduate,6.0,In Person,2020
1348,HIST6205,"Europe and the Atlantic World, c.1492—1776.",,Postgraduate,6.0,In Person,2020
1349,EURO1004,Europe in the Modern Era,First Semester,Undergraduate,6.0,In Person,2020
1350,ARCH6058,European Prehistory from Cultivation to the Celts,,Postgraduate,6.0,In Person,2020
1351,ARCH2058,European prehistory from cultivation to the Celts,,Undergraduate,6.0,In Person,2020
1352,LAWS2207,Evidence,Second Semester,Undergraduate,6.0,In Person,2020
1353,LAWS6207,Evidence,Second Semester,Postgraduate,6.0,Online or In Person,2020
1354,MEDI8114,Evidence Based Practice: Translational Medicine in Clinical Settings,,Postgraduate,6.0,In Person,2020
1355,POGO8500,Evidence and Analysis in Public Policy,First Semester,Postgraduate,6.0,In Person,2020
1356,PSYC8520,Evidence in Professional Psychology,,Postgraduate,6.0,In Person,2020
1357,MGMT7250,Evidence-Based Management,First Semester/Second Semester/Spring Session,Postgraduate,6.0,Online or In Person,2020
1358,MGMT8007,Evidence-Based Management in Practice Capstone,First Semester,Postgraduate,6.0,In Person,2020
1359,BIOL2114,Evolution,Second Semester,Undergraduate,6.0,In Person,2020
1360,BIOL6114,Evolution,Second Semester,Postgraduate,6.0,In Person,2020
1361,BIAN3124,Evolution and Human Behaviour,,Undergraduate,6.0,In Person,2020
1362,BIAN6124,Evolution and Human Behaviour,,Postgraduate,6.0,In Person,2020
1363,BIOL6631,Evolutionary and Behavioural Ecology,First Semester,Postgraduate,6.0,In Person,2020
1364,BIOL3131,Evolutionary and Behavioural Ecology,First Semester,Undergraduate,6.0,In Person,2020
1365,SOCY2026,Excessive Appetites: Sociocultural Perspectives on Addiction and Drug Use,First Semester,Undergraduate,6.0,In Person,2020
1366,SOCY6065,Excessive Appetites: Sociocultural Perspectives on Addiction and Drug Use,First Semester,Postgraduate,6.0,In Person,2020
1367,GEND2036,Excessive Appetites: Sociocultural Perspectives on Addiction and Drug Use,First Semester,Undergraduate,6.0,In Person,2020
1368,CBEA5922,ExchExchange Program ANU College of Business and Economics - Band 3,First Semester/Second Semester,Postgraduate,6.0,In Person,2020
1369,CBEA5920,Exchange Program ANU College of Business and Economics - Band 2,Summer Session/First Semester/Autumn Session/Winter Session/Second Semester/Spring Session,Postgraduate,6.0,In Person,2020
1370,CBEA8820,Exchange Program for  ANU College of Business and Economics (PG),First Semester/Second Semester,Postgraduate,6.0,In Person,2020
1371,ARTS5920,Exchange Program for Arts Students,Summer Session/First Semester/Second Semester,Undergraduate,6.0,In Person,2020
1372,ARTS8820,Exchange Program for Graduate Arts Students,First Semester/Second Semester,Postgraduate,6.0,In Person,2020
1373,LAWS8820,Exchange Program for Graduate Law Students,First Semester,Postgraduate,6.0,In Person,2020
1374,SCNC8820,Exchange Program for Graduate Science Students,Summer Session/First Semester/Autumn Session/Winter Session/Second Semester/Spring Session,Postgraduate,6.0,In Person,2020
1375,COMP8820,Exchange Program for Graduate Students in Computer Science,First Semester/Second Semester,Postgraduate,6.0,In Person,2020
1376,ENGN8820,Exchange Program for Graduate Students in Engineering,,Postgraduate,6.0,In Person,2020
1377,LAWS5920,Exchange Program for Law Students,First Semester/Second Semester,Undergraduate,6.0,In Person,2020
1378,SCNC5921,Exchange Program for Science Students (Band 1),First Semester/Second Semester,Undergraduate,6.0,In Person,2020
1379,SCNC5920,Exchange Program for Science Students (Band 2),First Semester/Winter Session/Second Semester,Undergraduate,6.0,In Person,2020
1380,COMP5920,Exchange Program in Computer Science,First Semester/Winter Session/Second Semester/Spring Session,Undergraduate,6.0,In Person,2020
1381,ENGN5920,Exchange Program in Engineering,First Semester/Winter Session/Second Semester/Spring Session,Undergraduate,6.0,In Person,2020
1382,CBEA5921,Exchange – ANU College of Business and Economics _ Bachelor of Social Sciences (Honours),First Semester/Second Semester,Postgraduate,6.0,In Person,2020
1383,LAWS8241,Executive Power,Spring Session,Postgraduate,6.0,In Person,2020
1384,DESN4012,Exegesis,Second Semester,Undergraduate,6.0,In Person,2020
1385,MUSC8018,Exhibition Design and Delivery,Second Semester,Postgraduate,6.0,Online or In Person,2020
1386,BIOL6202,Experimental Design and Analysis in Biology,Second Semester,Postgraduate,6.0,In Person,2020
1387,BIOL2202,Experimental Design and Analysis in Biology,Second Semester,Undergraduate,6.0,In Person,2020
1388,HIST2231,Exploration: Columbus to the Moon,,Undergraduate,6.0,In Person,2020
1389,HIST6235,Exploration: Columbus to the Moon,,Postgraduate,6.0,In Person,2020
1390,BIOL2222,Exquisite Corpse - Insight Into The Human Body,Spring Session,Undergraduate,6.0,In Person,2020
1391,DESN8003,Extended Design Inquiry: Application of Research,First Semester/Second Semester,Postgraduate,18.0,In Person,2020
1392,ESEN6101,Extended University English,First Semester/Second Semester,Postgraduate,6.0,In Person,2020
1393,PREP1138,Extension Mathematics: Complex Numbers and General Sequences and Series,,Undergraduate,6.0,In Person,2020
1394,PREP1137,Extension Mathematics: Linear Algebra and Further Calculus,,Undergraduate,6.0,In Person,2020
1395,LAWS8417,Family Law,,Postgraduate,6.0,In Person,2020
1396,LAWS4217,Family Law,Summer Session,Undergraduate,6.0,In Person,2020
1397,LEGM8591,Family Law (Children),,Postgraduate,6.0,Online,2020
1398,LEGM8580,Family Law (Property),,Postgraduate,6.0,Online,2020
1399,LEGW8107,Family Law Practice,Autumn Session/Spring Session,Postgraduate,3.0,Online,2020
1400,LEGM8005,"Family, Humanitarian and Other non-skilled visas",First Semester,Postgraduate,6.0,Online,2020
1401,LAWS4261,Federal Criminal Law,,Undergraduate,6.0,In Person,2020
1402,LAWS8310,Federal Criminal Law,,Postgraduate,6.0,In Person,2020
1403,LAWS8313,Federal Criminal Procedure and Evidence,,Postgraduate,6.0,In Person,2020
1404,LAWS4275,Federal Judicial System,Summer Session,Undergraduate,6.0,In Person,2020
1405,LEGM8143,Federal Litigation,First Semester,Postgraduate,6.0,Online,2020
1406,LAWS4218,Feminist and Critical Legal Theory,Autumn Session,Undergraduate,6.0,In Person,2020
1407,PHYS3060,Fibre Optic Communication Systems,First Semester,Undergraduate,6.0,In Person,2020
1408,PHYS6501,Fibre Optic Communication Systems,First Semester,Postgraduate,6.0,In Person,2020
1409,ENGN6513,Fibre Optics Communication Systems,First Semester,Postgraduate,6.0,In Person,2020
1410,ENGN4513,Fibre Optics Communications Systems,First Semester,Undergraduate,6.0,In Person,2020
1411,EMSC3001,Field Geology,,Undergraduate,6.0,In Person,2020
1412,EMSC6001,Field Geology,,Postgraduate,6.0,In Person,2020
1413,LING3012,Field Methods in Linguistics,Winter Session,Undergraduate,6.0,In Person,2020
1414,LING6009,Field Methods in Linguistics,Winter Session,Postgraduate,6.0,Online or In Person,2020
1415,POPH8311,Field Placement,,Postgraduate,6.0,In Person,2020
1416,BIOL6010,Field Studies in Behavioural Ecology,,Postgraduate,6.0,In Person,2020
1417,BIOL3132,Field Studies in Behavioural Ecology,,Undergraduate,6.0,In Person,2020
1418,BIOL2203,Field Studies in Functional Ecology,,Undergraduate,6.0,In Person,2020
1419,SCOM8004A,Fieldwork Placement (Part A),First Semester,Postgraduate,12.0,In Person,2020
1420,SCOM8004B,Fieldwork Placement (Part B),Second Semester,Postgraduate,12.0,In Person,2020
1421,ANTH9902,Fieldwork in the Pacific,Winter Session,Postgraduate,6.0,In Person,2020
1422,ANUC1123,Figure & Life,Second Semester,Undergraduate,6.0,In Person,2020
1423,ARTV1020,Figure & Life,First Semester/Second Semester,Undergraduate,6.0,In Person,2020
1424,ARTV6020,Figure & Life,First Semester/Second Semester,Postgraduate,6.0,In Person,2020
1425,HONS4100,Final Honours Grade,First Semester/Second Semester,Undergraduate,0.0,In Person,2020
1426,HONS4601,Final Honours Grade,First Semester/Second Semester,Undergraduate,0.0,In Person,2020
1427,HONS4602,Final Honours Grade,First Semester/Second Semester/Spring Session,Undergraduate,0.0,In Person,2020
1428,FINM4500,Finance Honours Thesis,First Semester/Second Semester,Undergraduate,6.0,In Person,2020
1429,FINM7046,Finance for Business,First Semester,Postgraduate,6.0,In Person,2020
1430,ECON4437,Financial Economics,Second Semester,Undergraduate,6.0,In Person,2020
1431,ECON8037,Financial Economics,Second Semester,Postgraduate,6.0,In Person,2020
1432,ECON3006,Financial Economics(P),Second Semester,Undergraduate,6.0,In Person,2020
1433,FINM3006,Financial Intermediation and Debt Markets,First Semester,Undergraduate,6.0,In Person,2020
1434,IDEC8083,Financial Markets and Instruments,,Postgraduate,6.0,In Person,2020
1435,LAWS4237,Financial Markets and Takeovers,Second Semester,Undergraduate,6.0,In Person,2020
1436,LAWS8437,Financial Markets and Takeovers,Second Semester,Postgraduate,6.0,In Person,2020
1437,STAT6046,Financial Mathematics,First Semester/Second Semester,Postgraduate,6.0,In Person,2020
1438,STAT2032,Financial Mathematics,First Semester/Second Semester,Undergraduate,6.0,In Person,2020
1439,BUSN3008,Financial Reporting By Corporations,First Semester,Undergraduate,6.0,In Person,2020
1440,BUSN8181,Financial Reporting and Analysis,First Semester,Postgraduate,6.0,In Person,2020
1441,BUSN2036,Financial Statement Analysis,First Semester,Undergraduate,6.0,In Person,2020
1442,BUSN7036,Financial Statement Analysis,First Semester,Postgraduate,6.0,In Person,2020
1443,BUSN7008,Financial Statements and Reporting,First Semester/Second Semester,Postgraduate,6.0,In Person,2020
1444,ENGN4615,Finite Element Analysis,Second Semester,Undergraduate,6.0,In Person,2020
1445,ENGN6615,Finite Element Analysis,Second Semester,Postgraduate,6.0,In Person,2020
1446,ENVS6308,Fire in the Environment,Summer Session,Postgraduate,6.0,In Person,2020
1447,ENVS3008,Fire in the Environment,Summer Session,Undergraduate,6.0,In Person,2020
1448,ENVS6204,"Fire, Flood and Drought",First Semester,Postgraduate,6.0,In Person,2020
1449,ENVS2004,"Fire, Flood and Drought",First Semester,Undergraduate,6.0,In Person,2020
1450,INDG3001,"First Nations peoples, the state and public policy in Australia",Second Semester,Undergraduate,6.0,In Person,2020
1451,ENGN3224,Fluid Mechanics and Heat Transfer,First Semester,Undergraduate,6.0,In Person,2020
1452,ENGN6224,Fluid Mechanics and Heat Transfer,First Semester,Postgraduate,6.0,In Person,2020
1453,PHYS3202,Fluids and Plasma,Second Semester,Undergraduate,6.0,In Person,2020
1454,EMDV8082,Food Wars: Food Security and Agricultural Policy,Second Semester,Postgraduate,6.0,Online or In Person,2020
1455,ANTH2132,Food for Thought: Anthropological theories of food and eating,Second Semester,Undergraduate,6.0,In Person,2020
1456,ANTH6518,Food for Thought: Anthropological theories of food and eating,Second Semester,Postgraduate,6.0,In Person,2020
1457,POGO8015,Foreign Direct Investment Policy,Second Semester,Postgraduate,6.0,In Person,2020
1458,POLS3001,Foreign Policy Analysis,First Semester,Undergraduate,6.0,In Person,2020
1459,INTR8068,Foreign Policy Analysis,Second Semester,Postgraduate,6.0,In Person,2020
1460,BIAN2128,Forensic Anthropology and Archaeology,,Undergraduate,6.0,In Person,2020
1461,BIAN6515,Forensic Anthropology and Archaeology,,Postgraduate,6.0,In Person,2020
1462,LING6032,Forensic Linguistics: Forensic Voice and Text Comparison,,Postgraduate,6.0,In Person,2020
1463,LING3032,Forensic Linguistics: Forensic Voice and Text Comparison,,Undergraduate,6.0,Online or In Person,2020
1464,LING6105,Forensic Linguistics: Language and the Law,First Semester,Postgraduate,6.0,In Person,2020
1465,LING2105,Forensic Linguistics: Language and the Law,First Semester,Undergraduate,6.0,In Person,2020
1466,ENVS8105,Forestry Research Essay,First Semester/Second Semester,Postgraduate,6.0,In Person,2020
1467,POGO8401,Foundations in Public Policy,First Semester,Postgraduate,6.0,In Person,2020
1468,ASTR2013,Foundations of Astrophysics,Second Semester,Undergraduate,6.0,In Person,2020
1469,LAWS1201,Foundations of Australian Law,First Semester/Second Semester,Undergraduate,6.0,In Person,2020
1470,LAWS6101,Foundations of Australian Law,First Semester/Second Semester,Postgraduate,6.0,In Person,2020
1471,ASIA2366,Foundations of Chinese Culture,Second Semester,Undergraduate,6.0,In Person,2020
1472,ASIA2099,"Foundations of Chinese Society: Friends, Family, Connections",First Semester,Undergraduate,6.0,In Person,2020
1473,ASIA8012,"Foundations of Chinese Society: Friends, Family, Connections",First Semester,Postgraduate,6.0,In Person,2020
1474,COMP1600,Foundations of Computing,Second Semester,Undergraduate,6.0,In Person,2020
1475,COMP6260,Foundations of Computing,Second Semester,Postgraduate,6.0,In Person,2020
1476,DESN2002,Foundations of Creative Code,First Semester,Undergraduate,6.0,In Person,2020
1477,DESN6002,Foundations of Creative Code,First Semester,Postgraduate,6.0,In Person,2020
1478,ENGL2083,Foundations of Drama,,Undergraduate,6.0,In Person,2020
1479,EMET1001,Foundations of Economic and Financial Models,First Semester/Second Semester,Undergraduate,6.0,In Person,2020
1480,LEGM8581,Foundations of Family Law and Practice,Second Semester,Postgraduate,6.0,Online,2020
1481,FINM1001,Foundations of Finance,First Semester/Second Semester,Undergraduate,6.0,In Person,2020
1482,MGMT7030,Foundations of Management,,Postgraduate,6.0,Online or In Person,2020
1483,MATH6203,Foundations of Mathematics,First Semester,Postgraduate,6.0,In Person,2020
1484,CHEM2212,Foundations of Physical Chemistry,First Semester,Undergraduate,6.0,In Person,2020
1485,PHYS1001,Foundations of Physics,First Semester,Undergraduate,6.0,In Person,2020
1486,POLS2120,Foundations of Political Theory,,Undergraduate,6.0,In Person,2020
1487,PSYC8410,Foundations of Professional Psychology,First Semester,Postgraduate,6.0,In Person,2020
1488,SOCR1001,Foundations of Social Research,Second Semester,Undergraduate,6.0,In Person,2020
1489,MATH3062,Fractal Geometry and Chaotic Dynamics,First Semester,Undergraduate,6.0,In Person,2020
1490,MATH6116,Fractal Geometry and Chaotic Dynamics,First Semester,Postgraduate,6.0,In Person,2020
1491,ARCH4004,Frameworks for Archaeological Science,First Semester,Undergraduate,6.0,Online or In Person,2020
1492,ARCH8103,Frameworks for Archaeological Science,First Semester,Postgraduate,6.0,Online or In Person,2020
1493,COMP8440,Free and Open Source Software Development,,Postgraduate,6.0,In Person,2020
1494,LAWS8243,Freedom of Information and Privacy,Spring Session,Postgraduate,6.0,In Person,2020
1495,ASIA2113,From Australia to the world: Landscapes of politics and power,,Undergraduate,6.0,In Person,2020
1496,ARCH1112,From Origins to Civilizations,Second Semester,Undergraduate,6.0,In Person,2020
1497,DESN6006,Front-End Web: Crafting Online Experience,Second Semester,Postgraduate,6.0,In Person,2020
1498,DESN2006,Front-End Web: Crafting Online Experience,Second Semester,Undergraduate,6.0,In Person,2020
1499,PHIL1004,Fundamental Ideas in Philosophy: An Introduction,First Semester,Undergraduate,6.0,In Person,2020
1500,LAWS8651,Fundamentals of Australian Migration Law,,Postgraduate,6.0,Online,2020
1501,EMSC2021,Fundamentals of Climate System Science,Second Semester,Undergraduate,6.0,In Person,2020
1502,EMSC6021,Fundamentals of Climate System Science,Second Semester,Postgraduate,6.0,In Person,2020
1503,LAWS8189,Fundamentals of Environmental and Sustainability Law,,Postgraduate,6.0,Online or In Person,2020
1504,POPH4100,Fundamentals of Epidemiology,First Semester/Second Semester,Undergraduate,6.0,Online or In Person,2020
1505,POPH8100,Fundamentals of Epidemiology,First Semester/Second Semester,Postgraduate,6.0,Online or In Person,2020
1506,EMSC2023,Fundamentals of Geology,First Semester,Undergraduate,6.0,In Person,2020
1507,EMSC6123,Fundamentals of Geology,First Semester,Postgraduate,6.0,In Person,2020
1508,PHYS6711,Fundamentals of Noise and Measurement,First Semester,Postgraduate,6.0,In Person,2020
1509,PHYS3711,Fundamentals of Noise and Measurement,First Semester,Undergraduate,6.0,In Person,2020
1510,PHYS8204,Fundamentals of Nuclear Radiation,First Semester,Postgraduate,6.0,In Person,2020
1511,PHYS8201,Fundamentals of Nuclear Science,First Semester,Postgraduate,6.0,In Person,2020
1512,ASIA4001,"Fundamentals of Research Design in Asia-Pacific Culture, History and Languages",First Semester,Undergraduate,12.0,In Person,2020
1513,STST4001,Fundamentals of Research Design in Security Studies,First Semester,Undergraduate,12.0,In Person,2020
1514,CECS6001,Fundamentals of a New Applied Science I,First Semester,Postgraduate,12.0,In Person,2020
1515,ARTV2206,Furniture: Bend/Curve,,Undergraduate,6.0,In Person,2020
1516,ARTV2209,Furniture: Collect/Treasure,,Undergraduate,6.0,In Person,2020
1517,ARTV2208,Furniture: Contain/Display,,Undergraduate,6.0,In Person,2020
1518,ARTV1202,Furniture: Elevate/Surface,Spring Session,Undergraduate,6.0,In Person,2020
1519,ARTV1201,Furniture: Shape/Structure,,Undergraduate,6.0,In Person,2020
1520,ARTV2207,Furniture: Support/Body,Second Semester,Undergraduate,6.0,In Person,2020
1521,ENGN8625,"Future Energy Grids: Integrating Battery Storage, Electric Vehicles & Solar Energy",First Semester,Postgraduate,6.0,In Person,2020
1522,ENVS6015,GIS and Spatial Analysis,Second Semester,Postgraduate,6.0,In Person,2020
1523,ENVS2015,GIS and Spatial Analysis,Second Semester,Undergraduate,6.0,In Person,2020
1524,ASTR8006,Galaxies,First Semester,Postgraduate,6.0,In Person,2020
1525,ASTR4006,Galaxies,First Semester,Undergraduate,6.0,In Person,2020
1526,ASTR3002,Galaxies and Cosmology,Second Semester,Undergraduate,6.0,In Person,2020
1527,ASTR6002,Galaxies and Cosmology,Second Semester,Postgraduate,6.0,In Person,2020
1528,MEAS3001,Gallipoli: History and National Imagination,First Semester,Undergraduate,6.0,In Person,2020
1529,ECON3152,Game Theory,Second Semester,Undergraduate,6.0,In Person,2020
1530,ECON4453,Game Theory,Second Semester,Undergraduate,6.0,In Person,2020
1531,ECON8053,Game Theory,Second Semester,Postgraduate,6.0,In Person,2020
1532,POLS2125,Game Theory and Social Sciences,Second Semester,Undergraduate,6.0,In Person,2020
1533,MATH2301,"Games, Graphs and Machines",Second Semester,Undergraduate,6.0,In Person,2020
1534,INDG2003,Gamilaraay - introduction to an Australian Indigenous Language,First Semester,Undergraduate,6.0,Online or In Person,2020
1535,INDG6003,Gamilaraay - introduction to an Australian Indigenous Language,First Semester,Postgraduate,6.0,Online or In Person,2020
1536,ANTH8038,Gender & Development: Critical Issues in Policy & Practice,Second Semester,Postgraduate,6.0,Online or In Person,2020
1537,ASIA2311,Gender and Cultural Studies in Asia and the Pacific,Second Semester,Undergraduate,6.0,In Person,2020
1538,GEND2001,Gender and Cultural Studies in Asia and the Pacific,Second Semester,Undergraduate,6.0,In Person,2020
1539,MEAS3002,Gender and Culture in Iran and the Middle East,Second Semester,Undergraduate,6.0,In Person,2020
1540,GEND3022,Gender and Culture in Iran and the Middle East,Second Semester,Undergraduate,6.0,In Person,2020
1541,POLS2134,Gender and Politics,Second Semester,Undergraduate,6.0,In Person,2020
1542,DEMO8048,Gender and Population,First Semester,Postgraduate,6.0,In Person,2020
1543,PASI8008,Gender and Sexuality in the Pacific,Winter Session,Postgraduate,6.0,In Person,2020
1544,GEND3002,Gender and Sexuality in the Pacific,Winter Session,Undergraduate,6.0,In Person,2020
1545,PASI3002,Gender and Sexuality in the Pacific,Winter Session,Undergraduate,6.0,In Person,2020
1546,ANTH2025,Gender in Cross-Cultural Perspective,Second Semester,Undergraduate,6.0,In Person,2020
1547,GEND2035,Gender in Cross-Cultural Perspective,Second Semester,Undergraduate,6.0,In Person,2020
1548,ANTH6025,Gender in Cross-Cultural Perspective,Second Semester,Postgraduate,6.0,In Person,2020
1549,GERM6511,Gender in German Culture: From Goethe to Trans*,,Postgraduate,6.0,In Person,2020
1550,GERM3050,Gender in German Culture: From Goethe to Trans*,,Undergraduate,6.0,In Person,2020
1551,ASIA6106,Gender in Korean History,,Postgraduate,6.0,In Person,2020
1552,ASIA2006,Gender in Korean History,,Undergraduate,6.0,In Person,2020
1553,GEND2002,Gender in Korean History,,Undergraduate,6.0,In Person,2020
1554,ANTH8060,Gender in Resource and Environmental Management,Winter Session,Postgraduate,6.0,Online or In Person,2020
1555,LAWS8329,"Gender, Law and Development",Spring Session,Postgraduate,6.0,In Person,2020
1556,GEND2023,"Gender, Sex and Sexuality: An Introduction to Feminist Theory",,Undergraduate,6.0,In Person,2020
1557,ANTH8106,"Gender, Violence and Development",,Postgraduate,6.0,Online or In Person,2020
1558,INTR8064,"Gender, War, and Justice in South and Southeast Asia",First Semester,Postgraduate,6.0,In Person,2020
1559,BIOL2142,General Microbiology,Second Semester,Undergraduate,6.0,In Person,2020
1560,BIOL6142,General Microbiology,Second Semester,Postgraduate,6.0,In Person,2020
1561,PHYS3203,General Relativity,Second Semester,Undergraduate,6.0,In Person,2020
1562,PHYS6203,General Relativity,Second Semester,Postgraduate,6.0,In Person,2020
1563,STAT7030,Generalised Linear Models,Second Semester,Postgraduate,6.0,In Person,2020
1564,STAT3015,Generalised Linear Models,Second Semester,Undergraduate,6.0,In Person,2020
1565,STAT4030,Generalised Linear Models,Second Semester,Undergraduate,6.0,In Person,2020
1566,BIOL2161,Genes: Replication and Expression,First Semester,Undergraduate,6.0,In Person,2020
1567,BIOL6161,Genes: Replication and Expression,First Semester,Postgraduate,6.0,In Person,2020
1568,BIOL2151,Genetics,First Semester,Undergraduate,6.0,In Person,2020
1569,BIOL6006,Genetics,First Semester,Postgraduate,6.0,In Person,2020
1570,BIOL3204,Genetics of Human Disease 1,First Semester,Undergraduate,6.0,In Person,2020
1571,BIOL6204,Genetics of Human Disease 1,First Semester,Postgraduate,6.0,In Person,2020
1572,BIOL3205,Genetics of Human Disease 2,Second Semester,Undergraduate,6.0,In Person,2020
1573,BIOL6205,Genetics of Human Disease 2,Second Semester,Postgraduate,6.0,In Person,2020
1574,POLS2100,Genocide in the Modern World,First Semester,Undergraduate,6.0,In Person,2020
1575,BIOL8020,Genomics & Biotechnology,,Postgraduate,6.0,In Person,2020
1576,BIOL6163,Genomics and its Applications,First Semester,Postgraduate,6.0,In Person,2020
1577,BIOL3161,Genomics and its Applications,First Semester,Undergraduate,6.0,In Person,2020
1578,EMSC3020,Geobiology and Evolution of Life on Earth,First Semester,Undergraduate,6.0,In Person,2020
1579,EMSC6019,Geobiology and Evolution of Life on Earth,First Semester,Postgraduate,6.0,In Person,2020
1580,EMSC2024,Geochemistry,Second Semester,Undergraduate,6.0,In Person,2020
1581,EMSC6124,Geochemistry,Second Semester,Postgraduate,6.0,In Person,2020
1582,MEAS4114,Geopolitics of Central Asia,Second Semester,Undergraduate,6.0,In Person,2020
1583,MEAS8114,Geopolitics of Central Asia,Second Semester,Postgraduate,6.0,In Person,2020
1584,GERM2114,German Cultural Studies,Second Semester,Undergraduate,6.0,In Person,2020
1585,GERM3114,German Cultural Studies Advanced,Second Semester,Undergraduate,6.0,In Person,2020
1586,SCRN2113,"German Film Since the Wall: Identity, History and Belonging",,Undergraduate,6.0,In Person,2020
1587,GERM6513,"German Film Since the Wall: Identity, History and Belonging",,Postgraduate,6.0,In Person,2020
1588,SCRN6113,"German Film Since the Wall: Identity, History and Belonging",,Postgraduate,6.0,In Person,2020
1589,GERM2113,"German Film Since the Wall: Identity, History and Belonging",,Undergraduate,6.0,In Person,2020
1590,GERM6051,German Literature and Culture,First Semester,Postgraduate,6.0,In Person,2020
1591,GERM3051,German Literature and Culture,First Semester,Undergraduate,6.0,In Person,2020
1592,GERM6507,German Studies - Advanced 1,First Semester,Postgraduate,6.0,In Person,2020
1593,GERM6503,German Studies Continuing I,First Semester,Postgraduate,6.0,In Person,2020
1594,GERM6504,German Studies Continuing II,Second Semester,Postgraduate,6.0,In Person,2020
1595,GERM6505,German Studies Intermediate I,First Semester,Postgraduate,6.0,In Person,2020
1596,GERM6506,German Studies Intermediate II,Second Semester,Postgraduate,6.0,In Person,2020
1597,GERM6501,German Studies Introduction I,First Semester,Postgraduate,6.0,In Person,2020
1598,GERM6502,German Studies Introduction II,Second Semester,Postgraduate,6.0,In Person,2020
1599,GERM3007,German Studies: Advanced German 1,First Semester,Undergraduate,6.0,In Person,2020
1600,GERM6508,German Studies: Advanced German 2,,Postgraduate,6.0,In Person,2020
1601,GERM3008,German Studies: Advanced German 2,,Undergraduate,6.0,In Person,2020
1602,GERM2103,German Studies: Continuing German 1,First Semester,Undergraduate,6.0,In Person,2020
1603,GERM2104,German Studies: Continuing German 2,Second Semester,Undergraduate,6.0,In Person,2020
1604,GERM2105,German Studies: Intermediate German 1,First Semester,Undergraduate,6.0,In Person,2020
1605,GERM3106,German Studies: Intermediate German 2,Second Semester,Undergraduate,6.0,In Person,2020
1606,GERM1021,German Studies: Introduction to German 1,First Semester,Undergraduate,6.0,In Person,2020
1607,GERM1022,German Studies: Introduction to German 2,Second Semester,Undergraduate,6.0,In Person,2020
1608,ARTV2314,Glass Blowing for Contemporary Practice: Materiality and Form,,Undergraduate,6.0,In Person,2020
1609,ARTV2316,Glass Blowing for Contemporary Practice: Utility and Narrative,,Undergraduate,6.0,In Person,2020
1610,ARTV1301,Glass Hot Forming Introduction: Fundamentals for Contemporary Practice,Second Semester,Undergraduate,6.0,In Person,2020
1611,ARTV2313,Glass Kiln Casting for Contemporary Practice,,Undergraduate,6.0,In Person,2020
1612,ARTV1302,Glass Kiln Forming Introduction: Fundamentals for Contemporary Practice,Spring Session,Undergraduate,6.0,In Person,2020
1613,ARTV2315,Glass Kiln Forming for Contemporary Practice,Second Semester,Undergraduate,6.0,In Person,2020
1614,HIST2241,Global Aboriginal and Native Histories,,Undergraduate,6.0,In Person,2020
1615,CBEA3066,Global Business Immersion,Autumn Session/Winter Session/Spring Session,Undergraduate,6.0,In Person,2020
1616,ANTH1003,"Global Citizen: Culture, Development and Inequality",Second Semester,Undergraduate,6.0,In Person,2020
1617,ANUC1103,"Global Citizen: Culture, Development and Inequality",Second Semester,Undergraduate,6.0,In Person,2020
1618,ANTH6003,"Global Citizen: Culture, Development and Inequality",Second Semester,Postgraduate,6.0,In Person,2020
1619,INTR8044,Global Civil Society and NGOs,,Postgraduate,6.0,In Person,2020
1620,INTR8028,Global Environmental Politics,,Postgraduate,6.0,In Person,2020
1621,SCNC1002,Global Experiences in Science,Summer Session,Undergraduate,6.0,In Person,2020
1622,INTR8045,Global Governance,,Postgraduate,6.0,In Person,2020
1623,BAPA3002,Global Governance in the Asia-Pacific,,Undergraduate,6.0,In Person,2020
1624,INTR3002,Global Governance in the Asia-Pacific,Second Semester,Undergraduate,6.0,In Person,2020
1625,LAWS8582,Global Health Law,Winter Session,Postgraduate,6.0,In Person,2020
1626,CHMD8006,Global Health and Development,First Semester,Postgraduate,6.0,Online or In Person,2020
1627,PHIL2113,Global Justice,,Undergraduate,6.0,In Person,2020
1628,ASIA2097,Global Learning,,Undergraduate,6.0,In Person,2020
1629,ASIA8097,Global Learning,,Postgraduate,6.0,In Person,2020
1630,LAWS4303,Global Learning,,Undergraduate,6.0,In Person,2020
1631,MGMT7066,Global Management Experience,,Postgraduate,6.0,In Person,2020
1632,MKTG7035,Global Marketing,,Postgraduate,6.0,In Person,2020
1633,FREN3012,"Global Paris: Culture, History and Identity in the French Capital",,Undergraduate,6.0,In Person,2020
1634,FREN6012,"Global Paris: Culture, History and Identity in the French Capital",,Postgraduate,6.0,In Person,2020
1635,POPH8102,Global Population Health,First Semester,Postgraduate,6.0,Online or In Person,2020
1636,ITAL3021,Global Rome: Culture and Identity in the Italian Capital,,Undergraduate,6.0,In Person,2020
1637,HUMN2021,Global Rome: Culture and Identity in the Italian Capital,,Undergraduate,6.0,In Person,2020
1638,INTR8032,Global Security,Second Semester,Postgraduate,6.0,In Person,2020
1639,ASIA5925,Global Semester,Summer Session/First Semester/Second Semester,Undergraduate,6.0,In Person,2020
1640,POGO8044,Global Social Policy,Summer Session,Postgraduate,6.0,In Person,2020
1641,EMSC6014,Global Stratigraphy,First Semester,Postgraduate,6.0,In Person,2020
1642,EMSC3014,Global Stratigraphy,First Semester,Undergraduate,6.0,In Person,2020
1643,HUMN2004,"Global Vietnam: Gender, Labour and Migration",,Undergraduate,6.0,In Person,2020
1644,HUMN6004,"Global Vietnam: Gender, Labour and Migration",,Postgraduate,6.0,In Person,2020
1645,ANTH8107,Global governance and the role of Multilateral Development Banks,First Semester,Postgraduate,6.0,Online or In Person,2020
1646,DEMO1001,Global population challenges,Second Semester,Undergraduate,6.0,In Person,2020
1647,POLS3037,"Globalisation: Communications, Culture and Democracy",,Undergraduate,6.0,In Person,2020
1648,POLS4032,Globalisation: the Interaction of Economics and Politics,,Undergraduate,6.0,In Person,2020
1649,POLS8032,Globalisation: the Interaction of Economics and Politics,,Postgraduate,6.0,In Person,2020
1650,PHIL2060,God and the Self,,Undergraduate,6.0,In Person,2020
1651,GEND2034,"Going Public: Sex, Sexuality and Feminism",Second Semester,Undergraduate,6.0,In Person,2020
1652,GEND6034,"Going Public: Sex, Sexuality and Feminism",Second Semester,Postgraduate,6.0,In Person,2020
1653,SOCY2010,"Going Public: Sex, Sexuality and Feminism",Second Semester,Undergraduate,6.0,In Person,2020
1654,POGO8012,Governance and Institutions,,Postgraduate,6.0,In Person,2020
1655,REGN9053,Governance and Social Theory,Autumn Session,Postgraduate,6.0,In Person,2020
1656,REGN8002,Governance and Social Theory,Autumn Session,Postgraduate,6.0,In Person,2020
1657,REGN8003,Governance for Health and Health Equity,,Postgraduate,6.0,In Person,2020
1658,POGO8504,Governing Contemporary Public Policy,Winter Session,Postgraduate,6.0,In Person,2020
1659,MEDI8205,Governing Public Health,,Postgraduate,6.0,In Person,2020
1660,REGN8006,Governing Trade and Intellectual Property,,Postgraduate,6.0,In Person,2020
1661,POGO8219,Governing Urbanisation,,Postgraduate,6.0,Online or In Person,2020
1662,POGO8066,Governing by the Rules,Summer Session,Postgraduate,6.0,In Person,2020
1663,LAWS8220,Government Contracts,Autumn Session,Postgraduate,6.0,Online or In Person,2020
1664,LEGW8124,Government Law Practice,Winter Session,Postgraduate,3.0,Online,2020
1665,POGO8064,Government in a Market Economy,Winter Session,Postgraduate,6.0,In Person,2020
1666,CRWF8000,"Government, Markets and Global Change",First Semester,Postgraduate,6.0,In Person,2020
1667,CRWF7900,Graduate Academic and Research Skills for Public Policy,Summer Session/Winter Session,Postgraduate,0.0,In Person,2020
1668,MUSI7002,"Graduate Composition, Arranging, and Sound Design 1",,Postgraduate,12.0,In Person,2020
1669,MUSI8005,"Graduate Composition, Arranging, and Sound Design 2",First Semester,Postgraduate,12.0,In Person,2020
1670,MUSI8006,"Graduate Composition, Arranging, and Sound Design 3",First Semester/Second Semester,Postgraduate,12.0,In Person,2020
1671,EMET8016,Graduate Computational Economics,,Postgraduate,6.0,In Person,2020
1672,EMET4316,Graduate Computational Economics,,Undergraduate,6.0,In Person,2020
1673,MUSI7001,Graduate Music Performance 1,,Postgraduate,12.0,In Person,2020
1674,MUSI8003,Graduate Music Performance 2,,Postgraduate,12.0,In Person,2020
1675,MUSI8004,Graduate Music Performance 3,,Postgraduate,12.0,In Person,2020
1676,IDEC7904,Graduate Preparatory Econometrics,Winter Session,Postgraduate,0.0,In Person,2020
1677,POGO7901,"Graduate Preparatory Economic, Social and Political Analysis",Summer Session/Winter Session,Postgraduate,0.0,In Person,2020
1678,EMDV7902,Graduate Preparatory Environmental Economics,Summer Session/Winter Session,Postgraduate,0.0,In Person,2020
1679,EMDV7901,Graduate Preparatory Environmental Science,Summer Session/Winter Session,Postgraduate,0.0,In Person,2020
1680,IDEC7903,Graduate Preparatory Macroeconomics,Winter Session,Postgraduate,0.0,In Person,2020
1681,IDEC7902,Graduate Preparatory Mathematical Methods,Summer Session,Postgraduate,0.0,In Person,2020
1682,IDEC7901,Graduate Preparatory Microeconomics,Summer Session,Postgraduate,0.0,In Person,2020
1683,ANTH8001,Graduate Reading Course (Anthropology),First Semester/Second Semester,Postgraduate,6.0,Online or In Person,2020
1684,LING8001,Graduate Reading Course (Linguistics),First Semester/Second Semester,Postgraduate,6.0,Online or In Person,2020
1685,CLAS8002,Graduate Reading Course A,First Semester/Second Semester,Postgraduate,6.0,In Person,2020
1686,CLAS8003,Graduate Reading Course B,First Semester/Second Semester,Postgraduate,6.0,In Person,2020
1687,ARCH8038,Graduate Reading Course in Archaeological Science,Summer Session/First Semester/Autumn Session/Winter Session/Second Semester/Spring Session,Postgraduate,6.0,Online or In Person,2020
1688,LAWS8301,Graduate Research Unit,First Semester/Second Semester,Postgraduate,12.0,Online or In Person,2020
1689,LAWS8305,Graduate Research Unit,,Postgraduate,12.0,In Person,2020
1690,LEGM8308,Graduate Research Unit (Legal Practice),First Semester/Second Semester,Postgraduate,12.0,In Person,2020
1691,LING2003,Grammar of the World's Languages,Second Semester,Undergraduate,6.0,In Person,2020
1692,LING6003,Grammar of the World's Languages,Second Semester,Postgraduate,6.0,In Person,2020
1693,STAT7026,Graphical Data Analysis,Autumn Session/Second Semester,Postgraduate,6.0,In Person,2020
1694,STAT3011,Graphical Data Analysis,Second Semester,Undergraduate,6.0,In Person,2020
1695,STAT4026,Graphical Data Analysis,Second Semester,Undergraduate,6.0,In Person,2020
1696,ENGN4547,Grid Integration of Renewable and Storage Technologies,,Undergraduate,6.0,In Person,2020
1697,EMSC3025,Groundwater,Second Semester,Undergraduate,6.0,In Person,2020
1698,EMSC6025,Groundwater,Second Semester,Postgraduate,6.0,In Person,2020
1699,ENGN8170,Group Project,First Semester/Second Semester,Postgraduate,12.0,In Person,2020
1700,VCPG6100,Group Research and Innovation Project (GRIP),Winter Session,Postgraduate,6.0,In Person,2020
1701,VCUG3100,Group Research and Innovation Project (GRIP),Winter Session,Undergraduate,6.0,In Person,2020
1702,POGO8127,Growth and Structural Change,,Postgraduate,6.0,In Person,2020
1703,HUMN2002,Gutenberg to Google: Histories of Information,,Undergraduate,6.0,In Person,2020
1704,HUMN6002,Gutenberg to Google: Histories of Information,,Postgraduate,6.0,In Person,2020
1705,COMP6390,HCI and Usability Engineering,Second Semester,Postgraduate,6.0,In Person,2020
1706,BIOL3108,Hallmarks of Cancer,Second Semester,Undergraduate,6.0,In Person,2020
1707,BIOL6108,Hallmarks of Cancer,Second Semester,Postgraduate,6.0,In Person,2020
1708,ARTV2057,Hands On: Material Language,,Undergraduate,6.0,In Person,2020
1709,ARTV6057,Hands On: Material Language,,Postgraduate,6.0,In Person,2020
1710,DIPL8010,Harnessing Diplomacy for International Development,Second Semester,Postgraduate,6.0,In Person,2020
1711,ECON8039,Health Economics,Second Semester,Postgraduate,6.0,In Person,2020
1712,ECON3004,Health Economics,Second Semester,Undergraduate,6.0,In Person,2020
1713,LAWS8237,Health Law and Bioethics,Winter Session,Postgraduate,6.0,In Person,2020
1714,LAWS4219,"Health Law, Bioethics and Human Rights",,Undergraduate,6.0,In Person,2020
1715,MEDI8110,Health Policy Seminar,,Postgraduate,6.0,In Person,2020
1716,POGO8029,Health Policy in a Globalising World,,Postgraduate,6.0,In Person,2020
1717,SCOM3033,Health Promotion Principles and Practice,Second Semester,Undergraduate,6.0,In Person,2020
1718,POPH8115,Health Promotion and Protection,Second Semester,Postgraduate,6.0,Online or In Person,2020
1719,PSYC3020,Health Psychology,Second Semester,Undergraduate,6.0,In Person,2020
1720,HLTH2001,Health Systems and Policy: An Introduction,First Semester,Undergraduate,6.0,In Person,2020
1721,BIOL8021,Health and Disease in a Changing World,First Semester,Postgraduate,6.0,Online,2020
1722,ANUC1035,Health in the 21st Century,,Undergraduate,6.0,In Person,2020
1723,HLTH1001,Health in the 21st Century,First Semester,Undergraduate,6.0,In Person,2020
1724,LAWS4290,High Court of Australia,,Undergraduate,6.0,In Person,2020
1725,ASTR4003,High Energy Astrophysics,,Undergraduate,6.0,In Person,2020
1726,ASTR8003,High Energy Astrophysics,,Postgraduate,6.0,In Person,2020
1727,COMP3320,High Performance Scientific Computation,Second Semester,Undergraduate,6.0,In Person,2020
1728,COMP6464,High Performance Scientific Computing,Second Semester,Postgraduate,6.0,In Person,2020
1729,HIND1100,Hindi 1,First Semester,Undergraduate,6.0,Online or In Person,2020
1730,HIND6100,Hindi 1,First Semester,Postgraduate,6.0,Online or In Person,2020
1731,HIND6200,Hindi 2,Second Semester,Postgraduate,6.0,Online or In Person,2020
1732,HIND1200,Hindi 2,Second Semester,Undergraduate,6.0,Online or In Person,2020
1733,HIND6300,Hindi 3,First Semester,Postgraduate,6.0,Online or In Person,2020
1734,HIND2300,Hindi 3,First Semester,Undergraduate,6.0,Online or In Person,2020
1735,HIND6400,Hindi 4,Second Semester,Postgraduate,6.0,Online or In Person,2020
1736,HIND2400,Hindi 4,Second Semester,Undergraduate,6.0,Online or In Person,2020
1737,HIND6500,Hindi 5,First Semester,Postgraduate,6.0,In Person,2020
1738,HIND3500,Hindi 5,First Semester,Undergraduate,6.0,Online or In Person,2020
1739,HIND6600,Hindi 6,Second Semester,Postgraduate,6.0,In Person,2020
1740,HIND3600,Hindi 6,Second Semester,Undergraduate,6.0,In Person,2020
1741,HIST8023,"History Incorporated: Early Modern Bodies, 1550-1750",First Semester,Postgraduate,6.0,In Person,2020
1742,NSPO8028,History and Policymaking,,Postgraduate,6.0,In Person,2020
1743,ANTH8017,History of Anthropological Theory,,Postgraduate,6.0,In Person,2020
1744,ANTH8035,History of Anthropological Theory Extended,First Semester,Postgraduate,12.0,In Person,2020
1745,ANTH4011,History of Anthropological Theory Extended,First Semester,Undergraduate,12.0,In Person,2020
1746,ARCH3026,History of Archaeology: Discovering the Past,Second Semester,Undergraduate,6.0,In Person,2020
1747,ECHI3008,History of Economic Thought(P),,Undergraduate,6.0,In Person,2020
1748,ASIA2307,History of Empire in Asia,First Semester,Undergraduate,6.0,In Person,2020
1749,ASIA2017,History of International Relations in Northeast Asia,First Semester,Undergraduate,6.0,In Person,2020
1750,ASIA2037,History of Modern China,First Semester,Undergraduate,6.0,In Person,2020
1751,ASIA6037,History of Modern China,First Semester,Postgraduate,6.0,In Person,2020
1752,SPAN6516,History of the Spanish Language: A Linguistic Time Travel,,Postgraduate,6.0,In Person,2020
1753,SPAN2603,History of the Spanish language. A linguistic time travel,,Undergraduate,6.0,In Person,2020
1754,ASIA3030,History of the State System in Southeast Asia,First Semester,Undergraduate,6.0,In Person,2020
1755,ASIA6030,History of the State System in Southeast Asia,First Semester,Postgraduate,6.0,In Person,2020
1756,PREP1128,History: Twentieth Century,,Undergraduate,6.0,In Person,2020
1757,ARTV1033,Hold Everything: Studio Foundation,,Undergraduate,6.0,In Person,2020
1758,STST3003,Honeypots and Overcoats: Australian Intelligence in the World,Second Semester,Undergraduate,6.0,In Person,2020
1759,PHYS4103,Honours Classical Mechanics,First Semester,Undergraduate,6.0,In Person,2020
1760,PHYS4102,Honours Electromagnetism,First Semester,Undergraduate,6.0,In Person,2020
1761,PHYS4100,Honours Quantum Mechanics,First Semester,Undergraduate,6.0,In Person,2020
1762,PHYS4110,Honours Research Project,First Semester/Second Semester,Undergraduate,6.0,In Person,2020
1763,ENVS4001,Honours Research Skills,First Semester/Second Semester,Undergraduate,6.0,In Person,2020
1764,PHYS4104,Honours Statistical Mechanics,First Semester,Undergraduate,6.0,In Person,2020
1765,ENVS4000,Honours Thesis,First Semester/Second Semester,Undergraduate,6.0,In Person,2020
1766,HIST2233,How the Camera Changed History: A century of photography and cinema,,Undergraduate,6.0,In Person,2020
1767,HIST6233,How the Camera Changed History: A century of photography and cinema,,Postgraduate,6.0,Online or In Person,2020
1768,BIOL3186,Human Anatomy,First Semester,Undergraduate,6.0,In Person,2020
1769,BIOL1008,Human Biology,First Semester,Undergraduate,6.0,In Person,2020
1770,COMP3900,Human Computer Interface Design and Evaluation,Second Semester,Undergraduate,6.0,In Person,2020
1771,ENVS2011,Human Ecology,First Semester,Undergraduate,6.0,In Person,2020
1772,ENVS6020,Human Ecology,First Semester,Postgraduate,6.0,In Person,2020
1773,BIAN3113,Human Evolution,First Semester,Undergraduate,6.0,In Person,2020
1774,BIAN6013,Human Evolution,First Semester,Postgraduate,6.0,In Person,2020
1775,ENVS3021,Human Futures,,Undergraduate,6.0,In Person,2020
1776,ENVS6306,Human Futures,,Postgraduate,6.0,In Person,2020
1777,POPH8318,"Human Health, Environment and Climate Change",First Semester,Postgraduate,6.0,Online or In Person,2020
1778,ASIA2301,Human Migration and Expansion in the Rise of the Asia-Pacific,First Semester,Undergraduate,6.0,In Person,2020
1779,SOCR8015,Human Research Ethics & Integrity: Principles & Practice,,Postgraduate,6.0,In Person,2020
1780,MGMT2030,Human Resource Management and Strategy,First Semester,Undergraduate,6.0,In Person,2020
1781,POLS2113,Human Rights,Second Semester,Undergraduate,6.0,In Person,2020
1782,LAWS4220,Human Rights Law in Australia,Summer Session,Undergraduate,6.0,In Person,2020
1783,LAWS8420,Human Rights Law in Australia,,Postgraduate,6.0,In Person,2020
1784,LEGM8155,Human Rights Litigation,Second Semester,Postgraduate,6.0,Online,2020
1785,POLS4036,Human Rights and Human Responsibility,,Undergraduate,6.0,In Person,2020
1786,POLS8036,Human Rights and Human Responsibility,,Postgraduate,6.0,In Person,2020
1787,HUMN8023,Human Rights and Humanitarian Law,Autumn Session,Postgraduate,6.0,In Person,2020
1788,ASIA2081,Human Rights in Asia,,Undergraduate,6.0,In Person,2020
1789,HIST2238,Human Rights in History,First Semester,Undergraduate,6.0,In Person,2020
1790,POLS8023,Human Rights in International Relations: Theory and Practice,,Postgraduate,6.0,In Person,2020
1791,INTR8073,Human Security,First Semester,Postgraduate,6.0,In Person,2020
1792,INTR2047,"Human Security: Conflict, Displacement and Peace Building",First Semester,Undergraduate,6.0,In Person,2020
1793,BIAN2015,Human Skeletal Analysis,First Semester,Undergraduate,6.0,In Person,2020
1794,BIAN6517,Human Skeletal Analysis,First Semester,Postgraduate,6.0,In Person,2020
1795,ANTH8054,Humanitarian Action (Advanced),,Postgraduate,12.0,Online or In Person,2020
1796,INTR8062,Humanitarianism in World Politics,,Postgraduate,6.0,In Person,2020
1797,BAPA3001,"Humanitarianism: Principles, Politics and Practice",,Undergraduate,6.0,In Person,2020
1798,INTR3001,"Humanitarianism: Principles, Politics and Practice",Second Semester,Undergraduate,6.0,In Person,2020
1799,HUMN8028,Humanities in the Public and Digital Sphere,Second Semester,Postgraduate,6.0,In Person,2020
1800,COMP7310,ICT Sustainability,,Postgraduate,6.0,In Person,2020
1801,MEDI3004,IMU Clinical Experience Bridging Course,Summer Session,Undergraduate,3.0,In Person,2020
1802,POLS2121,Ideas in Australian Politics,,Undergraduate,6.0,In Person,2020
1803,POLS2119,Ideas in Politics,First Semester,Undergraduate,6.0,In Person,2020
1804,SOCY2163,"Identity, Difference and Racism",,Undergraduate,6.0,In Person,2020
1805,VCPG8002,Ignorance!,,Postgraduate,6.0,In Person,2020
1806,ANUC1124,Image and Object,Second Semester,Undergraduate,6.0,In Person,2020
1807,ARTV1021,Image and Object,,Undergraduate,6.0,In Person,2020
1808,FREN3108,Imagining the French Empire: French Colonialism on Film,First Semester,Undergraduate,6.0,In Person,2020
1809,FREN6514,Imagining the French Empire: French Colonialism on Film,First Semester,Postgraduate,6.0,In Person,2020
1810,SCRN2108,Imagining the French Empire: French Colonialism on Film,,Undergraduate,6.0,In Person,2020
1811,SCRN6108,Imagining the French Empire: French Colonialism on Film,,Postgraduate,6.0,In Person,2020
1812,SOCY2053,Imagining the Future: A Sociology of Utopias,First Semester,Undergraduate,6.0,In Person,2020
1813,ANCH3504,"Imperialism, Conquest and Colonisation in the Ancient Mediterranean World",Second Semester,Undergraduate,6.0,In Person,2020
1814,POGO8085,Implementing Social Policy,,Postgraduate,6.0,In Person,2020
1815,ARCH3024,In the footprints of Siddhartha: The Archaeology of Buddhism,,Undergraduate,6.0,In Person,2020
1816,LEGM8325,In-House Corporate and Government Legal Practice,,Postgraduate,6.0,Online,2020
1817,LAWS8421,Income Tax,,Postgraduate,6.0,In Person,2020
1818,LAWS4221,Income Tax,Second Semester,Undergraduate,6.0,In Person,2020
1819,PREP1015,Independent Research Project,First Semester/Second Semester,Undergraduate,6.0,In Person,2020
1820,PREP1012,Independent Research Proposal: Research Skills and Project Proposal,First Semester/Second Semester,Undergraduate,6.0,In Person,2020
1821,PREP1117,Independent Research: Advanced,,Undergraduate,0.0,In Person,2020
1822,ASIA2270,India Past and Present: The impact of pre-colonial history on India today,,Undergraduate,6.0,In Person,2020
1823,ASIA6270,India Past and Present: The impact of pre-colonial history on India today,,Postgraduate,6.0,In Person,2020
1824,ASIA6176,India's Culture Wars,,Postgraduate,6.0,In Person,2020
1825,INTR2014,Indian Foreign and Security Policy,First Semester,Undergraduate,6.0,In Person,2020
1826,ASIA2116,India’s Culture Wars,,Undergraduate,6.0,In Person,2020
1827,LAWS4238,Indigenous Australians and the Law,Second Semester,Undergraduate,6.0,In Person,2020
1828,MUSC8006,Indigenous Collections and Exhibitions,Spring Session,Postgraduate,6.0,In Person,2020
1829,LAWS4278,Indigenous Community Legal Clinic,,Undergraduate,6.0,In Person,2020
1830,LAWS6278,Indigenous Community Legal Clinic,,Postgraduate,6.0,In Person,2020
1831,ENVS2025,Indigenous Cultural and Natural Resource Management,,Undergraduate,6.0,In Person,2020
1832,INDG2001,Indigenous Cultural and Natural Resource Management,,Undergraduate,6.0,In Person,2020
1833,CHMD8021,"Indigenous Medicines, Health and Healing",,Postgraduate,6.0,In Person,2020
1834,INDG1002,"Indigenous Peoples and Civil, Political and Legal Rights in Australia",Second Semester,Undergraduate,6.0,In Person,2020
1835,INDG8002,Indigenous Peoples and Development in Australia (Extended),Second Semester,Postgraduate,12.0,Online or In Person,2020
1836,INDG8001,Indigenous Peoples and Development in Australia: principles and practices for Indigenous-led change,Second Semester,Postgraduate,6.0,Online or In Person,2020
1837,LAWS8583,Indigenous Peoples and International Law,,Postgraduate,6.0,In Person,2020
1838,LAWS8438,Indigenous Peoples and the Law,,Postgraduate,6.0,In Person,2020
1839,INDG1001,"Indigenous Peoples, Populations and Communities",First Semester,Undergraduate,6.0,In Person,2020
1840,INDG3006,"Indigenous Research: Practice, collaboration and ethics",Second Semester,Undergraduate,6.0,In Person,2020
1841,INDG3004,Indigenous Studies Supervised Research Project,Summer Session/First Semester/Winter Session/Second Semester,Undergraduate,6.0,In Person,2020
1842,ANTH3017,"Indigenous Worlds: Challenges of Emergence, Recognition, and Change",,Undergraduate,6.0,In Person,2020
1843,HIST2142,"Indigenous memory and history: On page, stage and screen",,Undergraduate,6.0,Online or In Person,2020
1844,COMP8755,Individual Computing Project,First Semester/Second Semester,Postgraduate,6.0,In Person,2020
1845,ENGN4200,Individual Project,First Semester/Second Semester,Undergraduate,6.0,In Person,2020
1846,ENGN4350,Individual Project,,Undergraduate,12.0,In Person,2020
1847,COMP3770,Individual Research Project,First Semester/Second Semester,Undergraduate,6.0,In Person,2020
1848,ARTH2166,Individual Research Unit,First Semester/Second Semester,Undergraduate,6.0,In Person,2020
1849,ANTH6065,Indonesia Field School : Contemporary Change in Indonesia,Winter Session,Postgraduate,6.0,In Person,2020
1850,ANTH3016,Indonesia Field School Extension,,Undergraduate,6.0,Online or In Person,2020
1851,ANTH6066,Indonesia Field School Extension,,Postgraduate,6.0,In Person,2020
1852,ANTH3014,Indonesia Field School: Contemporary Change in Indonesia,Winter Session,Undergraduate,6.0,In Person,2020
1853,ASIA3035,"Indonesia in the Malay World: Culture, Media and Everyday Life",Second Semester,Undergraduate,6.0,In Person,2020
1854,ASIA2516,"Indonesia: Politics, Society and Development",Second Semester,Undergraduate,6.0,In Person,2020
1855,ASIA6516,"Indonesia:Politics, Society and Development",Second Semester,Postgraduate,6.0,In Person,2020
1856,ANUC1011,Indonesian 1,,Undergraduate,6.0,In Person,2020
1857,INDN1002,Indonesian 1,First Semester,Undergraduate,6.0,In Person,2020
1858,INDN6102,Indonesian 1,First Semester,Postgraduate,6.0,In Person,2020
1859,ANUC1012,Indonesian 2,,Undergraduate,6.0,In Person,2020
1860,INDN1003,Indonesian 2,Second Semester,Undergraduate,6.0,In Person,2020
1861,INDN6103,Indonesian 2,Second Semester,Postgraduate,6.0,In Person,2020
1862,INDN6002,Indonesian 3,First Semester,Postgraduate,6.0,In Person,2020
1863,INDN2002,Indonesian 3,First Semester,Undergraduate,6.0,In Person,2020
1864,INDN6003,Indonesian 4,Second Semester,Postgraduate,6.0,In Person,2020
1865,INDN2003,Indonesian 4,Second Semester,Undergraduate,6.0,In Person,2020
1866,INDN6502,Indonesian 5,First Semester,Postgraduate,6.0,In Person,2020
1867,INDN3002,Indonesian 5,First Semester,Undergraduate,6.0,In Person,2020
1868,INDN6503,Indonesian 6,Second Semester,Postgraduate,6.0,In Person,2020
1869,INDN3003,Indonesian 6,Second Semester,Undergraduate,6.0,In Person,2020
1870,ASIA2111,Indonesian Foreign and Security Policy,Second Semester,Undergraduate,6.0,In Person,2020
1871,ENGN8833,Industrial Energy Efficiency and Decarbonisation,First Semester,Postgraduate,6.0,In Person,2020
1872,COMP4800,Industrial Experience,First Semester/Second Semester,Undergraduate,0.0,In Person,2020
1873,ECON8038,Industrial Organisation,First Semester,Postgraduate,6.0,In Person,2020
1874,ECON4438,Industrial Organisation,First Semester,Undergraduate,6.0,In Person,2020
1875,ECON3057,Industrial Organisation(P),First Semester,Undergraduate,6.0,In Person,2020
1876,PSYC3028,Industrial and Organisational Psychology,Second Semester,Undergraduate,6.0,In Person,2020
1877,PSYC6028,Industrial and organisational psychology,,Postgraduate,6.0,In Person,2020
1878,INFS8202,Industry Research Project,First Semester/Second Semester,Postgraduate,6.0,In Person,2020
1879,ANTH8058,Inequality and Development,,Postgraduate,6.0,Online or In Person,2020
1880,BIOL3141,Infection and Immunity,First Semester,Undergraduate,6.0,In Person,2020
1881,BIOL6141,Infection and Immunity,First Semester,Postgraduate,6.0,In Person,2020
1882,LAWS4283,Information Law,Second Semester,Undergraduate,6.0,In Person,2020
1883,INFS2024,Information Systems Analysis,First Semester,Undergraduate,6.0,In Person,2020
1884,INFS3024,Information Systems Management,First Semester,Undergraduate,6.0,In Person,2020
1885,INFS4205,Information Systems Strategy and Management,,Undergraduate,6.0,In Person,2020
1886,INFT4005F,Information Technology IV Honours(S),,Undergraduate,12.0,In Person,2020
1887,INFT4005P,Information Technology IV Honours(S),,Undergraduate,12.0,In Person,2020
1888,LAWS4245,Information Technology Law,First Semester,Undergraduate,6.0,In Person,2020
1889,LAWS8445,Information Technology Law,First Semester,Postgraduate,6.0,In Person,2020
1890,ENGN8534,Information Theory,Second Semester,Postgraduate,6.0,In Person,2020
1891,COMP2610,Information Theory,,Undergraduate,6.0,In Person,2020
1892,COMP6261,Information Theory,,Postgraduate,6.0,In Person,2020
1893,IDEC8027,Infrastructure Regulation Economics and Policy,,Postgraduate,6.0,In Person,2020
1894,MGMT7165,Innovation,First Semester/Autumn Session/Winter Session,Postgraduate,6.0,In Person,2020
1895,VCPG6200,Innovation and Professional Practice Internship,Autumn Session,Postgraduate,6.0,In Person,2020
1896,VCUG3200,Innovation and Professional Practice Internship,Autumn Session,Undergraduate,6.0,In Person,2020
1897,STST8027,Insurgency & Counterinsurgency in Modern Warfare,Second Semester,Postgraduate,6.0,In Person,2020
1898,ENGN8831,Integration of Renewable Energy into Power Systems and Microgrids,First Semester,Postgraduate,6.0,In Person,2020
1899,LAWS4222,Intellectual Property,,Undergraduate,6.0,In Person,2020
1900,LAWS8422,Intellectual Property,,Postgraduate,6.0,In Person,2020
1901,LEGM8592,Intellectual Property Law in Practice,,Postgraduate,6.0,Online,2020
1902,STST8021,Intelligence and Security,First Semester,Postgraduate,6.0,In Person,2020
1903,INFS7007,"Intelligent Business Analysis: Models, Processes and Techniques",Second Semester,Postgraduate,6.0,In Person,2020
1904,HUMN9001,"Interdisciplinary Humanities Research: Methods, Theories and Skills",Autumn Session,Postgraduate,6.0,In Person,2020
1905,HUMN8001,"Interdisciplinary Humanities Research: Methods, Theories and Skills",,Postgraduate,6.0,In Person,2020
1906,HUMN9002,"Interdisciplinary Research: Frameworks, Connections and Dissemination",Second Semester,Postgraduate,6.0,In Person,2020
1907,POLS8046,"Interest Groups, Advocacy and Public Policy",,Postgraduate,6.0,In Person,2020
1908,GREK2121,Intermediate Ancient Greek I,First Semester,Undergraduate,6.0,In Person,2020
1909,GREK6121,Intermediate Ancient Greek I,First Semester,Postgraduate,6.0,In Person,2020
1910,GREK2122,Intermediate Ancient Greek II,Second Semester,Undergraduate,6.0,In Person,2020
1911,GREK6122,Intermediate Ancient Greek II,Second Semester,Postgraduate,6.0,In Person,2020
1912,ARAB6501,Intermediate Arabic 1,First Semester,Postgraduate,6.0,Online or In Person,2020
1913,ARAB2011,Intermediate Arabic 1,First Semester,Undergraduate,6.0,Online or In Person,2020
1914,ARAB2012,Intermediate Arabic 2,Second Semester,Undergraduate,6.0,Online or In Person,2020
1915,ARAB6502,Intermediate Arabic 2,Second Semester,Postgraduate,6.0,Online or In Person,2020
1916,FREN3006,Intermediate French I,First Semester,Undergraduate,6.0,In Person,2020
1917,FREN6505,Intermediate French I,First Semester,Postgraduate,6.0,In Person,2020
1918,FREN3007,Intermediate French II,Second Semester,Undergraduate,6.0,In Person,2020
1919,FREN6506,Intermediate French II,Second Semester,Postgraduate,6.0,In Person,2020
1920,LATN2121,Intermediate Latin I,First Semester,Undergraduate,6.0,In Person,2020
1921,LATN6121,Intermediate Latin I,First Semester,Postgraduate,6.0,In Person,2020
1922,LATN2122,Intermediate Latin II,Second Semester,Undergraduate,6.0,In Person,2020
1923,LATN6122,Intermediate Latin II,Second Semester,Postgraduate,6.0,In Person,2020
1924,PERS2003,Intermediate Persian A,First Semester,Undergraduate,6.0,Online or In Person,2020
1925,PERS6003,Intermediate Persian A,First Semester,Postgraduate,6.0,Online or In Person,2020
1926,PERS6004,Intermediate Persian B,Second Semester,Postgraduate,6.0,Online or In Person,2020
1927,PERS2004,Intermediate Persian B,Second Semester,Undergraduate,6.0,Online or In Person,2020
1928,SPAN6507,Intermediate Spanish I,First Semester,Postgraduate,6.0,In Person,2020
1929,SPAN3001,Intermediate Spanish I,First Semester,Undergraduate,6.0,In Person,2020
1930,SPAN6508,Intermediate Spanish II (Language and Culture),Second Semester,Postgraduate,6.0,In Person,2020
1931,SPAN3012,Intermediate Spanish II (Language and Culture),Second Semester,Undergraduate,6.0,In Person,2020
1932,SPAN3022,Intermediate Spanish II (Language and Linguistics),,Undergraduate,6.0,In Person,2020
1933,SPAN6022,Intermediate Spanish II (Language and Linguistics),,Postgraduate,6.0,In Person,2020
1934,TURK2001,Intermediate Turkish A,,Undergraduate,6.0,In Person,2020
1935,TURK6503,Intermediate Turkish A,,Postgraduate,6.0,In Person,2020
1936,TURK2002,Intermediate Turkish B,,Undergraduate,6.0,In Person,2020
1937,TURK6504,Intermediate Turkish B,,Postgraduate,6.0,In Person,2020
1938,ASIA2110,International Affairs Internship,First Semester/Second Semester,Undergraduate,6.0,Online or In Person,2020
1939,LAWS8107,International Air and Space Law,,Postgraduate,6.0,In Person,2020
1940,LAWS4266,International Arbitration and Negotiation Moot Competition in Japan,Spring Session,Undergraduate,6.0,In Person,2020
1941,ARCH2059,International Archaeological Field School,Summer Session,Undergraduate,6.0,In Person,2020
1942,ARCH2060,International Archaeological Field School Extension,First Semester,Undergraduate,6.0,In Person,2020
1943,LAWS8585,International Aviation Law,Second Semester,Postgraduate,6.0,Online,2020
1944,BUSI2025,International Business,First Semester/Second Semester,Undergraduate,6.0,In Person,2020
1945,BUSI4500,International Business Honours Thesis,First Semester/Second Semester,Undergraduate,6.0,In Person,2020
1946,BUSI7033,International Business Strategies,First Semester,Postgraduate,6.0,Online or In Person,2020
1947,LAWS8277,International Business Transactions,,Postgraduate,6.0,In Person,2020
1948,EMDV8080,International Climate Change Policy and Economics,Winter Session,Postgraduate,6.0,Online,2020
1949,LAWS8180,International Climate Law,Summer Session,Postgraduate,6.0,Online or In Person,2020
1950,LAWS8418,International Commercial Arbitration,Summer Session,Postgraduate,6.0,Online or In Person,2020
1951,POLS4012,International Cooperation,,Undergraduate,6.0,In Person,2020
1952,REGN8004,International Criminal Justice,,Postgraduate,6.0,In Person,2020
1953,LAWS8566,International Criminal Law,,Postgraduate,6.0,In Person,2020
1954,LAWS4223,International Dispute Resolution,Second Semester,Undergraduate,6.0,In Person,2020
1955,LAWS8567,International Dispute Resolution,Autumn Session,Postgraduate,6.0,In Person,2020
1956,ECON8015,International Economics,First Semester,Postgraduate,6.0,In Person,2020
1957,ECON3103,International Economics,First Semester,Undergraduate,6.0,In Person,2020
1958,ECON4415,International Economics,First Semester,Undergraduate,6.0,In Person,2020
1959,ENVS6033,International Environmental Policy,Summer Session,Postgraduate,6.0,In Person,2020
1960,ENVS3033,International Environmental Policy,Summer Session,Undergraduate,6.0,In Person,2020
1961,LAWS8032,International Financial Institutions and Development,,Postgraduate,6.0,In Person,2020
1962,ASIA8049,International History from Asia and the Pacific: Framing Critical Perspectives,Second Semester,Postgraduate,6.0,Online or In Person,2020
1963,MGMT3025,International Human Resource Management,First Semester,Undergraduate,6.0,In Person,2020
1964,LAWS8268,International Humanitarian Law,,Postgraduate,6.0,In Person,2020
1965,INDG8006,International Indigenous Studies Research Project,Summer Session/First Semester/Second Semester,Postgraduate,6.0,In Person,2020
1966,LAWS8136,International Intellectual Property Law,,Postgraduate,6.0,In Person,2020
1967,LAWS8177,International Internship,First Semester/Second Semester,Postgraduate,24.0,In Person,2020
1968,REGN8053,"International Investment Treaties: Law, Arbitration and Policy",,Postgraduate,6.0,In Person,2020
1969,LAWS8332,"International Investment Treaties: Law, Arbitration and Policy",,Postgraduate,6.0,In Person,2020
1970,LAWS8336,International Investment Treaty Law and Arbitration,Autumn Session,Postgraduate,6.0,In Person,2020
1971,LAWS4306,International Investment Treaty Law and Arbitration,Autumn Session,Undergraduate,6.0,In Person,2020
1972,LAWS8330,International Labour Law,,Postgraduate,6.0,In Person,2020
1973,LAWS6250,International Law,Second Semester,Postgraduate,6.0,Online or In Person,2020
1974,LAWS2250,International Law,Second Semester,Undergraduate,6.0,In Person,2020
1975,LAWS6302,International Law Clinic,First Semester/Second Semester,Postgraduate,6.0,In Person,2020
1976,LAWS4302,International Law Clinic,First Semester/Second Semester,Undergraduate,6.0,In Person,2020
1977,LAWS8333,International Law Internship,,Postgraduate,6.0,In Person,2020
1978,LAWS8297,International Law and Australian Government,Spring Session,Postgraduate,6.0,In Person,2020
1979,LAWS8023,International Law and United Nations Peace Operations,,Postgraduate,6.0,In Person,2020
1980,LAWS8178,International Law and Use of Force,,Postgraduate,6.0,In Person,2020
1981,LAWS4225,International Law of Human Rights,Spring Session,Undergraduate,6.0,In Person,2020
1982,LAWS8264,International Law of The Environment,Spring Session,Postgraduate,6.0,Online or In Person,2020
1983,LAWS8229,International Law of World Trade,Winter Session,Postgraduate,6.0,In Person,2020
1984,LAWS4224,International Law of the Sea,Second Semester,Undergraduate,6.0,In Person,2020
1985,BUSI3024,International Marketing,,Undergraduate,6.0,In Person,2020
1986,DEMO8047,International Migration,First Semester,Postgraduate,6.0,In Person,2020
1987,CHMD8016,International Migration of Health Workers: Sociological and Ethical Aspects,,Postgraduate,3.0,In Person,2020
1988,ECON8009,International Monetary Economics,,Postgraduate,6.0,In Person,2020
1989,INTR8070,International Organisation,Second Semester,Postgraduate,6.0,In Person,2020
1990,LAWS4258,International Organisations (Geneva),Summer Session,Undergraduate,6.0,In Person,2020
1991,LAWS6258,International Organisations (Geneva),,Postgraduate,6.0,In Person,2020
1992,LAWS8458,International Organisations (Geneva),Summer Session,Postgraduate,6.0,In Person,2020
1993,POLS2133,International Organisations in World Politics,First Semester,Undergraduate,6.0,In Person,2020
1994,MGMT7065,International Perspectives on Human Resource Management,,Postgraduate,6.0,In Person,2020
1995,POGO8045,International Policy Making in the Shadow of the Future,Second Semester,Postgraduate,6.0,In Person,2020
1996,INTR8013,International Political Economy,First Semester,Postgraduate,6.0,In Person,2020
1997,LAWS8252,International Refugee Law,Spring Session,Postgraduate,6.0,In Person,2020
1998,INTR8011,International Relations Theory,First Semester,Postgraduate,12.0,In Person,2020
1999,POLS4013,International Relations Theory,First Semester,Undergraduate,6.0,In Person,2020
2000,POLS3017,International Relations Theory,Second Semester,Undergraduate,6.0,In Person,2020
2001,INTR2010,International Relations in the Asia-Pacific,First Semester,Undergraduate,6.0,In Person,2020
2002,INTR8022,International Relations in the Asia-Pacific,,Postgraduate,6.0,In Person,2020
2003,LAWS8179,International Security Law,,Postgraduate,6.0,In Person,2020
2004,LAWS8026,International Security Law Research Project,,Postgraduate,12.0,In Person,2020
2005,LAWS6240,International Social Justice Clinic,,Postgraduate,6.0,In Person,2020
2006,BUSI3020,International Strategic Management,First Semester,Undergraduate,6.0,In Person,2020
2007,PREP1129,International Studies,,Undergraduate,6.0,In Person,2020
2008,BUSI3030,International Supply Chain Management,First Semester,Undergraduate,6.0,In Person,2020
2009,POLS3036,International Terrorism,Second Semester,Undergraduate,6.0,In Person,2020
2010,LAWS4226,International Trade Law,Winter Session,Undergraduate,6.0,In Person,2020
2011,ECON4406,International Trade Theory,,Undergraduate,6.0,In Person,2020
2012,ECON8006,International Trade Theory,,Postgraduate,6.0,In Person,2020
2013,LAWS8234,International and Comparative Human Rights Law,Winter Session,Postgraduate,6.0,In Person,2020
2014,MUSC8004,Internship 1,Summer Session/First Semester/Autumn Session/Winter Session/Second Semester/Spring Session,Postgraduate,6.0,Online,2020
2015,MUSC8005,Internship 2,Summer Session/First Semester/Autumn Session/Winter Session/Second Semester/Spring Session,Postgraduate,6.0,Online or In Person,2020
2016,POLS8047,"Interpretation, Method, Critique: Interpretivist Methods in the Social Sciences",First Semester,Postgraduate,6.0,In Person,2020
2017,POLS4047,"Interpretation, Method, Critique: Interpretivist Methods in the Social Sciences",First Semester,Undergraduate,6.0,In Person,2020
2018,LAWS8066,Intersection of International Humanitarian and Human Rights Law,,Postgraduate,6.0,In Person,2020
2019,INTR8078,Interventions and Statebuilding: From Fragility to Resilience,First Semester,Postgraduate,6.0,In Person,2020
2020,ARTH2169,Introducing Asian Modernisms,,Undergraduate,6.0,In Person,2020
2021,ARTH6169,Introducing Asian Modernisms,,Postgraduate,6.0,In Person,2020
2022,ASIA9021,Introduction to Academic Skills for HDR Research - Part A,Autumn Session,Postgraduate,3.0,In Person,2020
2023,ASIA9022,Introduction to Academic Skills for HDR Research - Part B,Spring Session,Postgraduate,3.0,In Person,2020
2024,ARCH8032,Introduction to Archaeological Science,First Semester,Postgraduate,12.0,In Person,2020
2025,ASIA1035,Introduction to Asian Politics,Second Semester,Undergraduate,6.0,In Person,2020
2026,STAT7016,Introduction to Bayesian Data Analysis,Second Semester,Postgraduate,6.0,In Person,2020
2027,STAT3016,Introduction to Bayesian Data Analysis,Second Semester,Undergraduate,6.0,In Person,2020
2028,STAT4116,Introduction to Bayesian Data Analysis,Second Semester,Undergraduate,6.0,In Person,2020
2029,POPH8552,Introduction to Clinical Epidemiology,,Postgraduate,6.0,Online,2020
2030,MEDI8202,Introduction to Clinical Governance,,Postgraduate,6.0,In Person,2020
2031,MEDI8113,Introduction to Clinical Practice,,Postgraduate,12.0,In Person,2020
2032,BUSN1101,Introduction to Commercial Law,Second Semester,Undergraduate,6.0,In Person,2020
2033,CRIM2014,Introduction to Crime Science,,Undergraduate,6.0,In Person,2020
2034,CRIM6014,Introduction to Crime Science,,Postgraduate,6.0,In Person,2020
2035,HUMN2051,Introduction to Cultural Heritage Management,First Semester,Undergraduate,6.0,In Person,2020
2036,HUMN6051,Introduction to Cultural Heritage Management,First Semester,Postgraduate,6.0,In Person,2020
2037,COMP2420,"Introduction to Data Management, Analysis and Security",First Semester,Undergraduate,6.0,In Person,2020
2038,COMP6420,"Introduction to Data Management, Analysis and Security",First Semester,Postgraduate,6.0,In Person,2020
2039,COMP7240,Introduction to Database Concepts,Autumn Session/Winter Session,Postgraduate,6.0,In Person,2020
2040,ENGN1218,Introduction to Electronics,Second Semester,Undergraduate,6.0,In Person,2020
2041,ARCH2041,Introduction to Environmental Archaeology,,Undergraduate,6.0,In Person,2020
2042,ARCH6041,Introduction to Environmental Archaeology,,Postgraduate,6.0,In Person,2020
2043,EMDV8078,Introduction to Environmental and Resource Economics,First Semester,Postgraduate,6.0,In Person,2020
2044,ENVS1003,Introduction to Environmental and Social Research,First Semester,Undergraduate,6.0,In Person,2020
2045,ENVS6103,Introduction to Environmental and Social Research,First Semester,Postgraduate,6.0,In Person,2020
2046,PHIL1008,Introduction to Ethics,First Semester,Undergraduate,6.0,In Person,2020
2047,MUSI1113,Introduction to Ethnomusicology,First Semester,Undergraduate,6.0,In Person,2020
2048,PSYC2011,Introduction to Forensic and Criminal Psychology,Second Semester,Undergraduate,6.0,In Person,2020
2049,MATH2242,Introduction to Geometry: Curves and Surfaces,Second Semester,Undergraduate,6.0,In Person,2020
2050,MATH6242,Introduction to Geometry: Curves and Surfaces,Second Semester,Postgraduate,6.0,In Person,2020
2051,EMSC6122,Introduction to Global Geophysics,First Semester,Postgraduate,6.0,In Person,2020
2052,EMSC2022,Introduction to Global Geophysics,First Semester,Undergraduate,6.0,In Person,2020
2053,HLTH2002,"Introduction to Global Health: Issues, Theories and Practices",Second Semester,Undergraduate,6.0,In Person,2020
2054,POPH8103,Introduction to Health Services Research and Policy,First Semester,Postgraduate,6.0,Online or In Person,2020
2055,HUMN2000,Introduction to Heritage and Museum Studies,Second Semester,Undergraduate,6.0,In Person,2020
2056,ANTH8056,Introduction to Humanitarian Action,,Postgraduate,6.0,Online or In Person,2020
2057,POLS1006,Introduction to International Relations:  Contemporary Global Issues,Second Semester,Undergraduate,6.0,In Person,2020
2058,ANUC1116,Introduction to International Relations: Contemporary Global Issues,,Undergraduate,6.0,In Person,2020
2059,ANUC1105,Introduction to International Relations: Foundations and Concepts,First Semester,Undergraduate,6.0,In Person,2020
2060,POLS1005,Introduction to International Relations: Foundations and Concepts,First Semester,Undergraduate,6.0,In Person,2020
2061,ANUC1021,Introduction to International Security Studies,,Undergraduate,6.0,In Person,2020
2062,STST1001,Introduction to International Security Studies,First Semester,Undergraduate,6.0,In Person,2020
2063,BAPA1004,Introduction to International Security Studies,Autumn Session,Undergraduate,6.0,In Person,2020
2064,LAWS8001,"Introduction to Law, Governance and Development",Summer Session,Postgraduate,6.0,In Person,2020
2065,ENGL3008,Introduction to Literary Theory,,Undergraduate,6.0,In Person,2020
2066,ENGL6008,Introduction to Literary Theory,,Postgraduate,6.0,In-Person and Online,2020
2067,COMP6670,Introduction to Machine Learning,Second Semester,Postgraduate,6.0,In Person,2020
2068,COMP3670,Introduction to Machine Learning,Second Semester,Undergraduate,6.0,In Person,2020
2069,MATH2222,Introduction to Mathematical Thinking: Problem-Solving and Proofs,First Semester,Undergraduate,6.0,In Person,2020
2070,MATH6222,Introduction to Mathematical Thinking: Problem-Solving and Proofs,First Semester,Postgraduate,6.0,In Person,2020
2071,ENGN1217,Introduction to Mechanics,Second Semester,Undergraduate,6.0,In Person,2020
2072,MUSI6110,Introduction to Music Technology,First Semester/Second Semester,Postgraduate,6.0,In Person,2020
2073,MUSI1110,Introduction to Music Technology,First Semester/Second Semester,Undergraduate,6.0,In Person,2020
2074,EMSC4706,Introduction to Natural Hazards,First Semester,Undergraduate,6.0,In Person,2020
2075,EMSC8706,Introduction to Natural Hazards,First Semester,Postgraduate,6.0,In Person,2020
2076,POGO8049,Introduction to Planning and Policy,,Postgraduate,6.0,In Person,2020
2077,POLS1002,Introduction to Politics,First Semester,Undergraduate,6.0,In Person,2020
2078,ASGS1021,Introduction to Politics and Economics,,Undergraduate,6.0,In Person,2020
2079,POPH3000,Introduction to Population Health,Second Semester,Undergraduate,6.0,In Person,2020
2080,MEDI8112,Introduction to Professional Development,,Postgraduate,6.0,In Person,2020
2081,ANUC1100,Introduction to Programming and Algorithms,First Semester/Second Semester,Undergraduate,6.0,In Person,2020
2082,COMP7230,Introduction to Programming for Data Scientists,Winter Session,Postgraduate,6.0,In Person,2020
2083,SOCY2043,Introduction to Qualitative Research Methods,Second Semester,Undergraduate,6.0,In Person,2020
2084,BIOL2001,Introduction to Quantitative Biology,First Semester,Undergraduate,6.0,In Person,2020
2085,BIOL6200,Introduction to Quantitative Biology,First Semester,Postgraduate,6.0,In Person,2020
2086,SOCY2038,Introduction to Quantitative Research Methods,First Semester,Undergraduate,6.0,In Person,2020
2087,PASI9001,Introduction to Research in the Pacific: Methods and Research Design,Spring Session,Postgraduate,6.0,In Person,2020
2088,LAWS4277,Introduction to Roman Law,,Undergraduate,6.0,In Person,2020
2089,SCRN1001,Introduction to Screen Studies,First Semester,Undergraduate,6.0,In Person,2020
2090,ASIA9044,Introduction to Sinological Methods,First Semester/Second Semester,Postgraduate,6.0,In Person,2020
2091,SOCR8201,Introduction to Social Science Methods and Types of Data,Autumn Session/Second Semester,Postgraduate,6.0,Online or In Person,2020
2092,ANUC1110,Introduction to Software Systems,First Semester/Second Semester,Undergraduate,6.0,In Person,2020
2093,SPAN1001,Introduction to Spanish I,First Semester,Undergraduate,6.0,In Person,2020
2094,SPAN6501,Introduction to Spanish I,First Semester,Postgraduate,6.0,In Person,2020
2095,SPAN1002,Introduction to Spanish II,Second Semester,Undergraduate,6.0,In Person,2020
2096,SPAN6502,Introduction to Spanish II,Second Semester,Postgraduate,6.0,In Person,2020
2097,STAT2005,Introduction to Stochastic Processes,Second Semester,Undergraduate,6.0,In Person,2020
2098,STAT7004,Introduction to Stochastic Processes,Second Semester,Postgraduate,6.0,In Person,2020
2099,ENGN8100,Introduction to Systems Engineering,First Semester,Postgraduate,6.0,In Person,2020
2100,ARTV2059,Introduction to Virtual Reality,,Undergraduate,6.0,In Person,2020
2101,ARTV6059,Introduction to Virtual Reality,,Postgraduate,6.0,In Person,2020
2102,INDG6005,Introduction to an Australian Indigenous  Language,,Postgraduate,6.0,Online or In Person,2020
2103,INDG2005,Introduction to an Australian Indigenous Language,,Undergraduate,6.0,Online or In Person,2020
2104,ASGS1007,Introduction to the Australian Economy,,Undergraduate,6.0,In Person,2020
2105,MEAS1001,Introduction to the Modern Middle East,First Semester,Undergraduate,6.0,In Person,2020
2106,LING1001,Introduction to the Study of Language,First Semester,Undergraduate,6.0,In Person,2020
2107,LING6001,Introduction to the Study of Language,First Semester,Postgraduate,6.0,In Person,2020
2108,ARAB6102,Introductory Arabic 1,First Semester,Postgraduate,6.0,Online or In Person,2020
2109,ARAB1002,Introductory Arabic 1,First Semester,Undergraduate,6.0,Online or In Person,2020
2110,ARAB1003,Introductory Arabic 2,Second Semester,Undergraduate,6.0,Online or In Person,2020
2111,ARAB6103,Introductory Arabic 2,Second Semester,Postgraduate,6.0,Online or In Person,2020
2112,ARAB3003,Introductory Course to Arabic Linguistics,First Semester,Undergraduate,6.0,In Person,2020
2113,ARAB6505,Introductory Course to Arabic Linguistics,First Semester,Postgraduate,6.0,In Person,2020
2114,ARAB3005,Introductory Course to Arabic Literature,,Undergraduate,6.0,In Person,2020
2115,ARAB6507,Introductory Course to Arabic Literature,,Postgraduate,6.0,In Person,2020
2116,FREN1003,Introductory French I,First Semester,Undergraduate,6.0,In Person,2020
2117,FREN6501,Introductory French I,First Semester,Postgraduate,6.0,In Person,2020
2118,FREN1004,Introductory French II,Second Semester,Undergraduate,6.0,In Person,2020
2119,FREN6502,Introductory French II,Second Semester,Postgraduate,6.0,In Person,2020
2120,MUSI6315,Introductory Graduate Composition,First Semester/Second Semester,Postgraduate,12.0,In Person,2020
2121,MUSI6302,Introductory Graduate Music Performance,,Postgraduate,12.0,In Person,2020
2122,STAT2001,Introductory Mathematical Statistics,First Semester/Second Semester,Undergraduate,6.0,In Person,2020
2123,STAT2013,Introductory Mathematical Statistics for Actuarial Studies,First Semester/Second Semester,Undergraduate,6.0,In Person,2020
2124,PERS6001,Introductory Persian A,First Semester,Postgraduate,6.0,In Person,2020
2125,PERS1001,Introductory Persian A,First Semester,Undergraduate,6.0,Online or In Person,2020
2126,PERS1002,Introductory Persian B,Second Semester,Undergraduate,6.0,Online or In Person,2020
2127,PERS6002,Introductory Persian B,Second Semester,Postgraduate,6.0,Online or In Person,2020
2128,ASGS1006,Introductory Politics,,Undergraduate,6.0,In Person,2020
2129,PORT1001,Introductory Portuguese I,First Semester,Undergraduate,6.0,In Person,2020
2130,PORT6501,Introductory Portuguese I,First Semester,Postgraduate,6.0,In Person,2020
2131,PORT6502,Introductory Portuguese II,Second Semester,Postgraduate,6.0,In Person,2020
2132,PORT1002,Introductory Portuguese II,Second Semester,Undergraduate,6.0,In Person,2020
2133,COMP6700,Introductory Programming,,Postgraduate,6.0,In Person,2020
2134,STAT7055,Introductory Statistics for Business and Finance,First Semester/Second Semester/Spring Session,Postgraduate,6.0,In Person,2020
2135,STAT4055,Introductory Statistics for Business and Finance,First Semester/Second Semester,Undergraduate,6.0,In Person,2020
2136,BIOL6113,Invertebrate Biology,,Postgraduate,6.0,In Person,2020
2137,BIOL3113,Invertebrate Biology,,Undergraduate,6.0,In Person,2020
2138,REGN8015,Investigative Criminology,,Postgraduate,6.0,In Person,2020
2139,ACST8033,Investment and Asset Modelling,,Postgraduate,6.0,In Person,2020
2140,ACST4033,Investment and Asset Modelling,,Undergraduate,6.0,In Person,2020
2141,FINM2003,Investments,First Semester/Second Semester,Undergraduate,6.0,In Person,2020
2142,MEAS2000,Iranian History and Culture,First Semester,Undergraduate,6.0,In Person,2020
2143,MEAS1002,Islam : History and Institutions,Second Semester,Undergraduate,6.0,In Person,2020
2144,MEAS8127,Islam and Sectarianism in the Middle East,,Postgraduate,6.0,In Person,2020
2145,MEAS8118,Islam in Australia,,Postgraduate,6.0,In Person,2020
2146,MEAS4117,Islam in Central Asia,First Semester,Undergraduate,6.0,In Person,2020
2147,MEAS8117,Islam in Central Asia,First Semester,Postgraduate,6.0,In Person,2020
2148,ASIA6165,Islam in Southeast Asia,,Postgraduate,6.0,In Person,2020
2149,ASIA2165,Islam in Southeast Asia,,Undergraduate,6.0,In Person,2020
2150,MEAS8115,Islam in World Politics,Second Semester,Postgraduate,6.0,In Person,2020
2151,MEAS4115,Islam in World Politics,Second Semester,Undergraduate,6.0,In Person,2020
2152,INTR8058,"Islam, Politics and Conflict in Southeast Asia",,Postgraduate,6.0,In Person,2020
2153,POLS4058,"Islam, Politics and Conflict in Southeast Asia",,Undergraduate,6.0,In Person,2020
2154,MEAS4111,"Islam, The West and International Terrorism",,Undergraduate,6.0,In Person,2020
2155,MEAS8111,"Islam, the West and International Terrorism",,Postgraduate,6.0,In Person,2020
2156,MEAS8124,Islamic Banking: Debates and Development,,Postgraduate,6.0,In Person,2020
2157,MEAS4102,Islamic Radicalism,,Undergraduate,6.0,In Person,2020
2158,MEAS8102,Islamic Radicalism,,Postgraduate,6.0,In Person,2020
2159,ENVS2005,Island Sustainable Development: Fiji Field School,,Undergraduate,6.0,In Person,2020
2160,ENVS6205,Island Sustainable Development: Fiji Field School,,Postgraduate,6.0,In Person,2020
2161,IDEC8030,Issues in Applied Macroeconomics,Second Semester,Postgraduate,6.0,In Person,2020
2162,IDEC8029,Issues in Applied Microeconomics,First Semester,Postgraduate,6.0,In Person,2020
2163,INTR8017,Issues in Australian Foreign Policy,Second Semester,Postgraduate,6.0,In Person,2020
2164,PSYC2595,Issues in Contemporary Clinical Psychology,First Semester,Undergraduate,6.0,In Person,2020
2165,ARTH2167,Issues in Contemporary Craft and Design,First Semester,Undergraduate,6.0,In Person,2020
2166,ARTH6167,Issues in Contemporary Craft and Design,First Semester,Postgraduate,6.0,In Person,2020
2167,IDEC8003,Issues in Development Policy,First Semester,Postgraduate,6.0,In Person,2020
2168,POLS2094,Issues in International Political Economy,Second Semester,Undergraduate,6.0,In Person,2020
2169,POGO8220,Issues in Japanese Policy,Winter Session,Postgraduate,6.0,In Person,2020
2170,ASIA3027,Issues in Japanese Policy in their global context,Winter Session,Undergraduate,6.0,In Person,2020
2171,ANTH8049,Issues in the Design and Evaluation of Development Projects and Programs,First Semester,Postgraduate,6.0,Online or In Person,2020
2172,MEAS8108,Issues of Development in the Middle East,Second Semester,Postgraduate,6.0,In Person,2020
2173,ITAL2006,Italian Studies - Continuing 2,Second Semester,Undergraduate,6.0,In Person,2020
2174,ITAL6505,Italian Studies - Intermediate 1,First Semester,Postgraduate,6.0,In Person,2020
2175,ITAL3505,Italian Studies - Intermediate I,First Semester,Undergraduate,6.0,In Person,2020
2176,ITAL6506,Italian Studies - Intermediate II,Second Semester,Postgraduate,6.0,In Person,2020
2177,ITAL3506,Italian Studies - Intermediate II,Second Semester,Undergraduate,6.0,In Person,2020
2178,ITAL1003,Italian Studies - Introductory 2,Second Semester,Undergraduate,6.0,In Person,2020
2179,ITAL6501,Italian Studies - Introductory I,First Semester,Postgraduate,6.0,In Person,2020
2180,ITAL1002,Italian Studies - Introductory I,First Semester,Undergraduate,6.0,In Person,2020
2181,ITAL6503,Italian Studies Continuing 1,First Semester,Postgraduate,6.0,In Person,2020
2182,ITAL2005,Italian Studies Continuing 1,First Semester,Undergraduate,6.0,In Person,2020
2183,ITAL6504,Italian Studies Continuing II,Second Semester,Postgraduate,6.0,In Person,2020
2184,ITAL6502,Italian Studies Introductory 2,Second Semester,Postgraduate,6.0,In Person,2020
2185,SCRN2020,Italy on Screen,,Undergraduate,6.0,In Person,2020
2186,ITAL3020,Italy on Screen,,Undergraduate,6.0,In Person,2020
2187,ENGL2074,Jane Austen History and Fiction,,Undergraduate,6.0,In Person,2020
2188,ENGL6023,Jane Austen History and Fiction,,Postgraduate,6.0,In Person,2020
2189,GEND2074,Jane Austen History and Fiction,,Undergraduate,6.0,In Person,2020
2190,INTR8063,"Japan and the World: Politics, Identity and Security",Winter Session,Postgraduate,6.0,In Person,2020
2191,JPNS6513,Japanese - English Translation,,Postgraduate,6.0,In Person,2020
2192,JPNS3013,Japanese - English Translation,,Undergraduate,6.0,In Person,2020
2193,JPNS6112,Japanese 1: Spoken,First Semester,Postgraduate,6.0,Online or In Person,2020
2194,ANUC1018,Japanese 1: Spoken,,Undergraduate,6.0,In Person,2020
2195,JPNS1012,Japanese 1: Spoken,First Semester,Undergraduate,6.0,In Person,2020
2196,ANUC1019,Japanese 1: Written,,Undergraduate,6.0,In Person,2020
2197,JPNS1014,Japanese 1: Written,First Semester,Undergraduate,6.0,In Person,2020
2198,JPNS6114,Japanese 1: Written,First Semester,Postgraduate,6.0,In Person,2020
2199,JPNS2003,Japanese 2: Spoken,Second Semester,Undergraduate,6.0,Online or In Person,2020
2200,JPNS6113,Japanese 2: Spoken,Second Semester,Postgraduate,6.0,Online or In Person,2020
2201,JPNS2005,Japanese 2: Written,Second Semester,Undergraduate,6.0,In Person,2020
2202,JPNS6115,Japanese 2: Written,Second Semester,Postgraduate,6.0,In Person,2020
2203,JPNS2012,Japanese 3,First Semester,Undergraduate,6.0,In Person,2020
2204,JPNS6012,Japanese 3,First Semester,Postgraduate,6.0,In Person,2020
2205,JPNS2013,Japanese 4,Second Semester,Undergraduate,6.0,In Person,2020
2206,JPNS6013,Japanese 4,Second Semester,Postgraduate,6.0,In Person,2020
2207,JPNS6014,Japanese 5,First Semester,Postgraduate,6.0,In Person,2020
2208,JPNS3001,Japanese 5,First Semester,Undergraduate,6.0,In Person,2020
2209,JPNS3002,Japanese 6,Second Semester,Undergraduate,6.0,In Person,2020
2210,JPNS6015,Japanese 6,Second Semester,Postgraduate,6.0,In Person,2020
2211,ECON2008,Japanese Economy and Economic Policy,,Undergraduate,6.0,In Person,2020
2212,ECON8008,Japanese Economy and Economic Policy,,Postgraduate,6.0,In Person,2020
2213,INTR2018,Japanese Foreign and Security Policy,,Undergraduate,6.0,In Person,2020
2214,JPNS6024,Japanese Grammar,First Semester,Postgraduate,6.0,In Person,2020
2215,JPNS2024,Japanese Grammar and Expressions,First Semester,Undergraduate,6.0,In Person,2020
2216,LAWS4227,Japanese Law and Society,Summer Session,Undergraduate,6.0,In Person,2020
2217,LING2028,Japanese Linguistics,Second Semester,Undergraduate,6.0,In Person,2020
2218,LING6028,Japanese Linguistics,Second Semester,Postgraduate,6.0,In Person,2020
2219,ASIA6031,Japanese Politics,,Postgraduate,6.0,In Person,2020
2220,ASIA2031,Japanese Politics,,Undergraduate,6.0,In Person,2020
2221,ASIA2058,"Japanese Popular Culture: Manga, Anime, Film & the Visual Arts",,Undergraduate,6.0,In Person,2020
2222,JPNS1002,Japanese Secondary Extension - Advanced,First Semester/Second Semester,Undergraduate,6.0,In Person,2020
2223,EXTN1007A,Japanese Secondary Extension - Advanced A,Autumn Session,Undergraduate,0.0,In Person,2020
2224,EXTN1007B,Japanese Secondary Extension - Advanced B,Autumn Session,Undergraduate,6.0,In Person,2020
2225,JPNS1001,Japanese Secondary Extension - Continuing,First Semester/Second Semester,Undergraduate,6.0,In Person,2020
2226,EXTN1006A,Japanese Secondary Extension - Continuing A,Autumn Session,Undergraduate,0.0,In Person,2020
2227,EXTN1006B,Japanese Secondary Extension - Continuing B,Autumn Session,Undergraduate,6.0,In Person,2020
2228,COMP2140,Java Programming,,Undergraduate,6.0,In Person,2020
2229,LAWS6010,Jessup Moot,Summer Session,Postgraduate,6.0,In Person,2020
2230,LAWS4010,Jessup Moot,Summer Session,Undergraduate,6.0,In Person,2020
2231,ARTV2410,Jewellery & Object: Experimenting with process,Second Semester,Undergraduate,6.0,In Person,2020
2232,ARTV2421,Jewellery & Object: Hollow Construction,,Undergraduate,6.0,In Person,2020
2233,ARTV1403,Jewellery & Object: Introduction to Precise Miniature Construction,First Semester,Undergraduate,6.0,In Person,2020
2234,ARTV1404,"Jewellery & Object: Maker, Wearer, Viewer, User",Second Semester,Undergraduate,6.0,In Person,2020
2235,ARTV2401,Jewellery & Object: Making with machines,,Undergraduate,6.0,In Person,2020
2236,ARTV2402,Jewellery & Object: Utility as Context,,Undergraduate,6.0,In Person,2020
2237,BUSN8200,Judgement and Decision Making Research in Accounting,First Semester,Postgraduate,6.0,In Person,2020
2238,LAWS8141,Judicial Review of Government Action,Summer Session,Postgraduate,6.0,In Person,2020
2239,ANTH8007,Key Concepts in Anthropology of Development,Second Semester,Postgraduate,6.0,Online or In Person,2020
2240,PREP1110,Key Moments in Western Civilisation,,Undergraduate,6.0,In Person,2020
2241,LAWS4313,Kimberley Aboriginal Justice Clinic,First Semester,Undergraduate,6.0,In Person,2020
2242,LAWS6313,Kimberley Aboriginal Justice Clinic,First Semester,Postgraduate,6.0,In Person,2020
2243,MGMT7167,Knowledge Management,,Postgraduate,6.0,In Person,2020
2244,ANUC1031,Korean 1,,Undergraduate,6.0,In Person,2020
2245,KORE1020,Korean 1,First Semester,Undergraduate,6.0,In Person,2020
2246,KORE6120,Korean 1,First Semester,Postgraduate,6.0,In Person,2020
2247,ANUC1032,Korean 2,,Undergraduate,6.0,In Person,2020
2248,KORE1021,Korean 2,Second Semester,Undergraduate,6.0,In Person,2020
2249,KORE6121,Korean 2,Second Semester,Postgraduate,6.0,In Person,2020
2250,KORE6521,Korean 3,First Semester,Postgraduate,6.0,In Person,2020
2251,KORE2521,Korean 3,First Semester,Undergraduate,6.0,In Person,2020
2252,KORE2522,Korean 4,Second Semester,Undergraduate,6.0,In Person,2020
2253,KORE6522,Korean 4,Second Semester,Postgraduate,6.0,In Person,2020
2254,KORE3012,Korean 5,First Semester,Undergraduate,6.0,In Person,2020
2255,KORE6512,Korean 5,First Semester,Postgraduate,6.0,In Person,2020
2256,KORE6513,Korean 6,Second Semester,Postgraduate,6.0,In Person,2020
2257,KORE3013,Korean 6,Second Semester,Undergraduate,6.0,In Person,2020
2258,KORE1201,Korean Beginning Secondary - Extension,First Semester/Second Semester,Undergraduate,6.0,In Person,2020
2259,KORE1202,Korean Continuing Secondary - Extension,First Semester/Second Semester,Undergraduate,6.0,In Person,2020
2260,EXTN1008A,Korean Secondary Extension - Beginning A,Autumn Session,Undergraduate,0.0,In Person,2020
2261,EXTN1008B,Korean Secondary Extension - Beginning B,Autumn Session,Undergraduate,6.0,In Person,2020
2262,EXTN1009A,Korean Secondary Extension - Continuing A,,Undergraduate,0.0,In Person,2020
2263,EXTN1009B,Korean Secondary Extension - Continuing B,,Undergraduate,6.0,In Person,2020
2264,LAWS4171,Kyoto Seminar: Japanese Law and Society,Summer Session,Undergraduate,6.0,In Person,2020
2265,LAWS8171,Kyoto Seminar: Japanese Law and Society,Summer Session,Postgraduate,6.0,In Person,2020
2266,ECON4441,Labour Economics & Industrial Relations,,Undergraduate,6.0,In Person,2020
2267,ECON8041,Labour Economics and Industrial Relations,,Postgraduate,6.0,In Person,2020
2268,ECON2009,Labour Economics and Industrial Relations(P),,Undergraduate,6.0,In Person,2020
2269,LAWS4228,Labour Law,Second Semester,Undergraduate,6.0,In Person,2020
2270,LAWS8428,Labour Law,,Postgraduate,6.0,In Person,2020
2271,ANTH8047,Land Rights and Resource Development,First Semester,Postgraduate,6.0,Online or In Person,2020
2272,ANTH8044,Land Rights and Resource Development (Advanced),First Semester,Postgraduate,12.0,Online or In Person,2020
2273,ENVS3004,Land and Catchment Management,Second Semester,Undergraduate,6.0,In Person,2020
2274,ENVS6304,Land and Catchment Management,Second Semester,Postgraduate,6.0,In Person,2020
2275,LAWS8312,"Land, Law and Development in Asia",,Postgraduate,6.0,In Person,2020
2276,LAWS8280,"Land, Water and Biodiversity",Spring Session,Postgraduate,6.0,In Person,2020
2277,LING2005,Language Across Time,,Undergraduate,6.0,In Person,2020
2278,LING6005,Language Across Time,,Postgraduate,6.0,In Person,2020
2279,LING2022,Language Policy and Language Politics,,Undergraduate,6.0,In Person,2020
2280,LING6022,Language Policy and Language Politics,,Postgraduate,6.0,In Person,2020
2281,LING2106,Language and Social Interaction,,Undergraduate,6.0,In Person,2020
2282,LING6311,Language and Social Interaction,,Postgraduate,6.0,In Person,2020
2283,LING1002,Language and Society,Second Semester,Undergraduate,6.0,In Person,2020
2284,LING6002,Language and Society,Second Semester,Postgraduate,6.0,In Person,2020
2285,LING2016,Language and Society in Indigenous Australia,Autumn Session/Winter Session,Undergraduate,6.0,In Person,2020
2286,LING6016,Language and Society in Indigenous Australia,Autumn Session/Winter Session,Postgraduate,6.0,In Person,2020
2287,LING6027,Language and Society in Latin America,,Postgraduate,6.0,In Person,2020
2288,LANG3004,Language and Society in Latin America,,Undergraduate,6.0,In Person,2020
2289,LANG6004,Language and Society in Latin America,,Postgraduate,6.0,In Person,2020
2290,LING2027,Language and Society in Latin America,,Undergraduate,6.0,In Person,2020
2291,ASIA2001,Language in Asia and the Pacific,First Semester,Undergraduate,6.0,In Person,2020
2292,ASIA8051,Language in Asia and the Pacific,First Semester,Postgraduate,6.0,In Person,2020
2293,ASIA2103,Language in Asia and the Pacific (L),First Semester,Undergraduate,6.0,In Person,2020
2294,LING6015,"Language, Culture and Translation",,Postgraduate,6.0,In Person,2020
2295,LING2015,"Language, Culture, Translation",,Undergraduate,6.0,In Person,2020
2296,LING6018,Languages in Contact,Second Semester,Postgraduate,6.0,In Person,2020
2297,LING2018,Languages in Contact,Second Semester,Undergraduate,6.0,In Person,2020
2298,POLS8026,Latin America's International Relations,,Postgraduate,6.0,In Person,2020
2299,HIST2230,Latin America: Conquest and Colonisation,,Undergraduate,6.0,In Person,2020
2300,LAWS8570,Law & Economics of Regulation,,Postgraduate,6.0,In Person,2020
2301,LAWS6700,Law Capstone Project,First Semester/Second Semester,Postgraduate,6.0,Online or In Person,2020
2302,LAWS4230,Law Internship,Summer Session/First Semester/Winter Session/Second Semester,Undergraduate,6.0,In Person,2020
2303,LAWS6230,Law Internship,Summer Session/First Semester/Winter Session/Second Semester,Postgraduate,6.0,In Person,2020
2304,LAWS4270,Law Reform,,Undergraduate,6.0,In Person,2020
2305,LAWS4239,Law and Armed Conflict,Summer Session,Undergraduate,6.0,In Person,2020
2306,LAWS2290,Law and Art: Representation and Critique,Second Semester,Undergraduate,6.0,In Person,2020
2307,LAWS4231,Law and Art: Representation and Critique,Second Semester,Undergraduate,6.0,In Person,2020
2308,LAWS8006,Law and Development in the Contemporary South Pacific,Autumn Session,Postgraduate,6.0,In Person,2020
2309,LAWS4315,Law and Development in the Contemporary South Pacific,Autumn Session,Undergraduate,6.0,Online or In Person,2020
2310,ECON4447,Law and Economics,,Undergraduate,6.0,In Person,2020
2311,ECON8047,Law and Economics,,Postgraduate,6.0,In Person,2020
2312,LAWS8228,Law and Economics,,Postgraduate,6.0,In Person,2020
2313,ECON2120,Law and Economics(P),,Undergraduate,6.0,In Person,2020
2314,LAWS8071,Law and Governance in sub-Saharan Africa,,Postgraduate,6.0,In Person,2020
2315,LAWS8586,Law and Legal Institutions,Summer Session/Winter Session,Postgraduate,6.0,In Person,2020
2316,LEGM8324,"Law and Organising for Reform, Justice and Inclusion",Summer Session/Winter Session,Postgraduate,6.0,Online,2020
2317,LAWS4279,Law and Politics of European Integration,,Undergraduate,6.0,In Person,2020
2318,LAWS4260,Law and Psychology,Second Semester,Undergraduate,6.0,In Person,2020
2319,LAWS8460,Law and Psychology,,Postgraduate,6.0,In Person,2020
2320,LAWS8034,Law and Regulation,,Postgraduate,6.0,In Person,2020
2321,LAWS4256,Law and Sexualities,Second Semester,Undergraduate,6.0,In Person,2020
2322,LAWS8069,Law and Society in South Asia,,Postgraduate,6.0,In Person,2020
2323,LAWS8594,Law and Society in South East Asia,,Postgraduate,6.0,In Person,2020
2324,LAWS4229,Law and Society in South East Asia,First Semester,Undergraduate,6.0,In Person,2020
2325,LAWS4280,Law and the Humanities,,Undergraduate,6.0,In Person,2020
2326,LAWS8480,Law and the Humanities,,Postgraduate,6.0,In Person,2020
2327,BUSN2101,Law of Business Entities,First Semester,Undergraduate,6.0,In Person,2020
2328,LAWS8253,Law of The Sea,Winter Session,Postgraduate,6.0,In Person,2020
2329,LAWS4317,"Law, Lawyers, Justice - Regional, Rural, Remote",Winter Session,Undergraduate,6.0,Online,2020
2330,LEGM8326,"Law, Lawyers, Justice - Regional, Rural, Remote",Winter Session,Postgraduate,6.0,Online,2020
2331,LAWS1202,Lawyers Justice and Ethics,Second Semester,Undergraduate,6.0,In Person,2020
2332,LAWS6102,"Lawyers, Justice and Ethics",Second Semester,Postgraduate,6.0,Online or In Person,2020
2333,MGMT3021,Leadership,Second Semester,Undergraduate,6.0,In Person,2020
2334,STST8117,Leadership Theory,Winter Session,Postgraduate,6.0,In Person,2020
2335,MGMT7062,Leadership and Delivering Societal Impact,Second Semester,Postgraduate,6.0,In Person,2020
2336,DIPL2000,Leadership and Diplomacy,First Semester,Undergraduate,6.0,In Person,2020
2337,VCPG6003,Leadership and Influence in a Complex World,,Postgraduate,6.0,In Person,2020
2338,VCUG2002,Leadership and Influence in a Complex World,,Undergraduate,6.0,In Person,2020
2339,POGO8111,Leadership and Organisational Analysis,,Postgraduate,6.0,In Person,2020
2340,MGMT8270,Leading People and Change,First Semester/Second Semester,Postgraduate,6.0,Online or In Person,2020
2341,POGO8067,Leading Public Sector Change,Winter Session,Postgraduate,6.0,In Person,2020
2342,MGMT7029,Leading Through Change,,Postgraduate,6.0,In Person,2020
2343,POGO8505,Leading and Influencing Public Policy,,Postgraduate,6.0,In Person,2020
2344,CHIN6526,Learning Language Locally: China,,Postgraduate,6.0,In Person,2020
2345,CHIN2525,Learning Language Locally: China,,Undergraduate,6.0,In Person,2020
2346,HIND2525,Learning Language Locally: India,,Undergraduate,6.0,In Person,2020
2347,HIND6525,Learning Language Locally: India,,Postgraduate,6.0,In Person,2020
2348,INDN2525,Learning Language Locally: Indonesia,Summer Session,Undergraduate,6.0,In Person,2020
2349,INDN6525,Learning Language Locally: Indonesia,Summer Session,Postgraduate,6.0,In Person,2020
2350,JPNS6525,Learning Language Locally: Japan,Summer Session,Postgraduate,6.0,In Person,2020
2351,JPNS2525,Learning Language Locally: Japan,Summer Session,Undergraduate,6.0,In Person,2020
2352,KORE2525,Learning Language Locally: Korea,,Undergraduate,6.0,In Person,2020
2353,KORE6525,Learning Language Locally: Korea,,Postgraduate,6.0,In Person,2020
2354,THAI6525,Learning Language Locally: Thailand,,Postgraduate,6.0,In Person,2020
2355,THAI2525,Learning Language Locally: Thailand,,Undergraduate,6.0,In Person,2020
2356,VIET6525,Learning Language Locally: Vietnam,,Postgraduate,6.0,In Person,2020
2357,VIET2525,Learning Language Locally: Vietnam,,Undergraduate,6.0,In Person,2020
2358,AUST1001,Learning an Indigenous Australian Language,First Semester,Undergraduate,6.0,Online or In Person,2020
2359,LAWS8408,Legal App Development,Spring Session,Postgraduate,6.0,Online or In Person,2020
2360,LAWS8337,Legal Education for True Justice: Indigenous Perspectives and Deep Listening on Country,,Postgraduate,6.0,In Person,2020
2361,LAWS6307,Legal Education for True Justice: Indigenous Perspectives and Deep Listening on Country,,Postgraduate,6.0,In Person,2020
2362,LAWS4307,Legal Education for True Justice: Indigenous Perspectives and Deep Listening on Country,,Undergraduate,6.0,In Person,2020
2363,LEGM8319,Legal Entrepreneur,,Postgraduate,6.0,Online,2020
2364,LEGW8101,Legal Ethics,,Postgraduate,3.0,In Person,2020
2365,LAWS8587,Legal Framework of Regulation,,Postgraduate,6.0,In Person,2020
2366,LEGW8134,Legal Practice Experience,Summer Session/Autumn Session/Winter Session/Spring Session,Postgraduate,3.0,In Person,2020
2367,LEGW8129,Legal Practice Experience,Summer Session/Autumn Session/Winter Session/Spring Session,Postgraduate,12.0,In Person,2020
2368,LEGW8131,Legal Practice Experience,Summer Session/Autumn Session/Winter Session/Spring Session,Postgraduate,6.0,In Person,2020
2369,LEGW8151,Legal Practice Experience,Summer Session/Autumn Session/Winter Session/Spring Session,Postgraduate,6.0,In Person,2020
2370,LEGW8130,Legal Practice Experience,Summer Session/Autumn Session/Winter Session/Spring Session,Postgraduate,9.0,In Person,2020
2371,LEGW8143,Legal Practice Experience,,Postgraduate,3.0,In Person,2020
2372,LEGW8150,Legal Practice Experience,Summer Session/Autumn Session/Winter Session/Spring Session,Postgraduate,9.0,In Person,2020
2373,PREP1111,Legal Studies,,Undergraduate,6.0,In Person,2020
2374,PREP1136,Legal Studies,,Undergraduate,6.0,In Person,2020
2375,LAWS2249,Legal Theory,Second Semester,Undergraduate,6.0,In Person,2020
2376,LAWS6249,Legal Theory,Second Semester,Postgraduate,6.0,Online or In Person,2020
2377,HIST6244,Legends and Life Stories: Australia Since 1788,First Semester,Postgraduate,6.0,In Person,2020
2378,HIST2244,Legends and Life Stories: Australia since 1788,First Semester,Undergraduate,6.0,In Person,2020
2379,LAWS8104,Legislation and Legislative Drafting,Spring Session,Postgraduate,6.0,In Person,2020
2380,LAWS8451,Legislative Drafting and Technology,,Postgraduate,6.0,In Person,2020
2381,PHIL2289,"Leviathan, Art and Law: Constituting the Body Politic",,Undergraduate,6.0,In Person,2020
2382,LAWS4289,"Leviathan, Art, and Law: Constituting the Body Politic",,Undergraduate,6.0,In Person,2020
2383,ASIA6145,"Lies, Conspiracies and Propaganda",First Semester,Postgraduate,6.0,In Person,2020
2384,ASIA2045,"Lies, Conspiracy and Propaganda",First Semester,Undergraduate,6.0,In Person,2020
2385,STAT6043,Life Contingencies,Second Semester,Postgraduate,6.0,In Person,2020
2386,STAT3037,Life Contingencies,Second Semester,Undergraduate,6.0,In Person,2020
2387,DEMO8092,Life Course Analytics,,Postgraduate,6.0,Online or In Person,2020
2388,POPH8918,Life Course Approaches to Human Ageing,Second Semester,Postgraduate,6.0,Online or In Person,2020
2389,PHYS1004,Life Physics,Second Semester,Undergraduate,6.0,In Person,2020
2390,CHMD8013,"Life, Waste and Sustainability",,Postgraduate,6.0,Online or In Person,2020
2391,ASIA6308,Linguistic Histories in Asia and the Pacific,First Semester,Postgraduate,6.0,In Person,2020
2392,ASIA2308,Linguistic Histories in Asia and the Pacific,First Semester,Undergraduate,6.0,In Person,2020
2393,ASIA2100,Linguistic Histories in Asia and the Pacific (L),First Semester,Undergraduate,6.0,In Person,2020
2394,LING9045,Linguistic theory and practice,First Semester/Second Semester,Postgraduate,6.0,In Person,2020
2395,CHIN2019,Literary Chinese 1,First Semester,Undergraduate,6.0,In Person,2020
2396,CHIN6530,Literary Chinese 1,First Semester,Postgraduate,6.0,In Person,2020
2397,CHIN2021,Literary Chinese 2,Second Semester,Undergraduate,6.0,In Person,2020
2398,CHIN6531,Literary Chinese 2,Second Semester,Postgraduate,6.0,In Person,2020
2399,ASIA3040,Literary and Cultural Discourse in Modern Japan,First Semester,Undergraduate,6.0,In Person,2020
2400,ASIA6040,Literary and Cultural Discourse in Modern Japan,First Semester,Postgraduate,6.0,In Person,2020
2401,ENGL2086,"Literature in the Digital Age: Theories, Texts, Methods",Second Semester,Undergraduate,6.0,Online or In Person,2020
2402,ENGL6086,"Literature in the Digital Age: Theories, Texts, Methods",Second Semester,Postgraduate,6.0,Online or In Person,2020
2403,CLAS1004,Literature of the Classical World (Texts in Translation),,Undergraduate,6.0,In Person,2020
2404,ENGL3037,"Literature, Law and Human Rights",,Undergraduate,6.0,In Person,2020
2405,LAWS4286,"Literature, Law and Human Rights",,Undergraduate,6.0,In Person,2020
2406,LAWS6244,Litigation and Dispute Management,First Semester,Postgraduate,6.0,Online or In Person,2020
2407,LAWS2244,Litigation and Dispute Management,First Semester,Undergraduate,6.0,In Person,2020
2408,PHIL2080,Logic,First Semester,Undergraduate,6.0,In Person,2020
2409,COMP6262,Logic,First Semester,Postgraduate,6.0,In Person,2020
2410,COMP2620,Logic,First Semester,Undergraduate,6.0,In Person,2020
2411,ANUC1107,Logic and Critical Thinking,Second Semester,Undergraduate,6.0,In Person,2020
2412,PHIL1005,Logic and Critical Thinking,Second Semester,Undergraduate,6.0,In Person,2020
2413,PHIL2059,Love Death and Freedom (20th Century French Phenomenology),,Undergraduate,6.0,In Person,2020
2414,ANTH8016,MAAPD Internship,,Postgraduate,6.0,Online or In Person,2020
2415,ECON7074,Macroeconomic Analysis,First Semester/Second Semester,Postgraduate,6.0,In Person,2020
2416,IDEC8002,Macroeconomic Analysis and Policy,Second Semester,Postgraduate,6.0,In Person,2020
2417,IDEC8068,Macroeconomic Policy and Implementation,,Postgraduate,6.0,In Person,2020
2418,ECON4422,Macroeconomic Theory,First Semester,Undergraduate,6.0,In Person,2020
2419,ECON8022,Macroeconomic Theory (Master),First Semester/Second Semester,Postgraduate,6.0,In Person,2020
2420,PREP1131,Macroeconomics,,Undergraduate,6.0,In Person,2020
2421,ECON1102,Macroeconomics 1,First Semester/Second Semester,Undergraduate,6.0,In Person,2020
2422,ECON2112,Macroeconomics 2(H),,Undergraduate,6.0,In Person,2020
2423,ECON2102,Macroeconomics 2(P),First Semester/Second Semester,Undergraduate,6.0,In Person,2020
2424,ECON3102,Macroeconomics 3,Second Semester,Undergraduate,6.0,In Person,2020
2425,BIOL3206,Macroevolution and Macroecology,Second Semester,Undergraduate,6.0,In Person,2020
2426,BIOL6206,Macroevolution and Macroecology,Second Semester,Postgraduate,6.0,In Person,2020
2427,EMSC3024,Magmatism and Metamorphism,First Semester,Undergraduate,6.0,In Person,2020
2428,EMSC6024,Magmatism and Metamorphism,First Semester,Postgraduate,6.0,In Person,2020
2429,ASIA2041,Mainland Southeast Asia: Colonial and Postcolonial Predicaments,Second Semester,Undergraduate,6.0,In Person,2020
2430,DESN8002,Major Design Inquiry: Application of Research,First Semester/Second Semester,Postgraduate,12.0,In Person,2020
2431,STST8055,Making Grand Strategy,,Postgraduate,6.0,In Person,2020
2432,HIST3007,Making History,Second Semester,Undergraduate,6.0,In Person,2020
2433,SCOM6032,Making Modern Science,First Semester,Postgraduate,6.0,Online or In Person,2020
2434,SCOM3032,Making Modern Science,First Semester,Undergraduate,6.0,Online or In Person,2020
2435,DESN1001,Making Online: Context & Presence,,Undergraduate,6.0,In Person,2020
2436,ARTV3031,Making Research for a Studio Practice in the Visual Arts,First Semester,Undergraduate,6.0,In Person,2020
2437,POGO8090,Making and Evaluating Policy,,Postgraduate,6.0,In Person,2020
2438,NSPO8017,Malicious Networks: Transnational Terrorism and Crime,,Postgraduate,6.0,In Person,2020
2439,BUSN2011,Management Accounting,First Semester/Second Semester,Undergraduate,6.0,In Person,2020
2440,BUSN7031,Management Accounting and Cost Analysis,First Semester/Second Semester,Postgraduate,6.0,In Person,2020
2441,MGMT4500,Management Honours Thesis,First Semester/Second Semester,Undergraduate,6.0,In Person,2020
2442,MGMT8006,Management Research Methods,First Semester,Postgraduate,6.0,In Person,2020
2443,MGMT4006,Management Research Methods,First Semester,Undergraduate,6.0,In Person,2020
2444,MGMT1003,"Management, People and Organisations",First Semester/Second Semester,Undergraduate,6.0,In Person,2020
2445,ECON2014,Managerial Economics,First Semester,Undergraduate,6.0,In Person,2020
2446,ECON6014,Managerial Economics,First Semester,Postgraduate,6.0,In Person,2020
2447,MGMT7107,Managing Across Cultures,Second Semester,Postgraduate,6.0,In Person,2020
2448,ENVS3041,Managing Forested Landscapes,First Semester,Undergraduate,6.0,In Person,2020
2449,ENVS6026,Managing Forested Landscapes,First Semester,Postgraduate,6.0,In Person,2020
2450,POGO8057,Managing Government Finances,Summer Session,Postgraduate,6.0,In Person,2020
2451,MGMT8062,Managing Major Projects,First Semester,Postgraduate,6.0,In Person,2020
2452,MGMT2035,Managing Organisational Change,Second Semester,Undergraduate,6.0,In Person,2020
2453,POGO8300,Managing Public Sector Organisations,Spring Session,Postgraduate,6.0,Online or In Person,2020
2454,COMP3120,Managing Software Development,First Semester,Undergraduate,6.0,In Person,2020
2455,COMP8110,Managing Software Projects in a System Context,First Semester,Postgraduate,6.0,In Person,2020
2456,COMP4130,Managing Software Quality and Process,First Semester,Undergraduate,6.0,In Person,2020
2457,MGMT7007,Managing for Sustainability,First Semester,Postgraduate,6.0,In Person,2020
2458,BUSI7280,Managing in a Global Context,First Semester/Second Semester,Postgraduate,6.0,Online or In Person,2020
2459,BUSI7001,Managing the Global Supply Chain,First Semester,Postgraduate,6.0,In Person,2020
2460,STAT8010,Managing the Research Process,,Postgraduate,6.0,In Person,2020
2461,STAT4010,Managing the Research Process,,Undergraduate,6.0,In Person,2020
2462,ENGN4212,Manufacturing Technologies,Second Semester,Undergraduate,6.0,In Person,2020
2463,ENGN6212,Manufacturing Technologies,,Postgraduate,6.0,In Person,2020
2464,ASIA8046,Maps and Mapping for the Social Sciences and Humanities,,Postgraduate,6.0,In Person,2020
2465,EMSC3023,Marine Biogeochemistry,First Semester,Undergraduate,6.0,In Person,2020
2466,EMSC6023,Marine Biogeochemistry,First Semester,Postgraduate,6.0,In Person,2020
2467,BIOL3116,Marine Conservation Ecology,,Undergraduate,6.0,In Person,2020
2468,BIOL6116,Marine Conservation Ecology,,Postgraduate,6.0,In Person,2020
2469,LAWS8129,Marine and Coastal Law,,Postgraduate,6.0,In Person,2020
2470,LAWS8315,Maritime Security Law,Autumn Session,Postgraduate,6.0,In Person,2020
2471,MKTG2004,Marketing,First Semester/Second Semester,Undergraduate,6.0,In Person,2020
2472,MKTG4500,Marketing Honours Thesis,First Semester/Second Semester,Undergraduate,6.0,In Person,2020
2473,MKTG2001,Marketing Research,Second Semester,Undergraduate,6.0,In Person,2020
2474,MKTG7260,Marketing and Stakeholder Communications,Summer Session/First Semester/Second Semester,Postgraduate,6.0,Online or In Person,2020
2475,MKTG2003,Marketing for Financial Services,Second Semester,Undergraduate,6.0,In Person,2020
2476,MKTG7001,Marketing for Leaders,First Semester,Postgraduate,6.0,In Person,2020
2477,GERM6052,"Marx, Nietzsche, Freud",,Postgraduate,6.0,In Person,2020
2478,GERM3052,"Marx, Nietzsche, Freud",,Undergraduate,6.0,In Person,2020
2479,ENGL3052,"Marx, Nietzsche, Freud: Introduction to European Critical Theory",,Undergraduate,6.0,In Person,2020
2480,BUSN8802,Master Research Project (Commerce),,Postgraduate,12.0,In Person,2020
2481,MMIB8005,Master Sub-Thesis (Business Studies),First Semester/Second Semester,Postgraduate,18.0,In Person,2020
2482,BUSN8804,Master Sub-Thesis (Commerce),First Semester/Second Semester,Postgraduate,6.0,In Person,2020
2483,BUSN8803,Master Sub-Thesis (Commerce),,Postgraduate,18.0,In Person,2020
2484,ENGN8180,Master Thesis Project,,Postgraduate,12.0,In Person,2020
2485,PHYS8207,Master of Nuclear Science Research Project,Summer Session/First Semester/Autumn Session/Winter Session/Second Semester/Spring Session,Postgraduate,6.0,In Person,2020
2486,SCOM7000,Master of Science Communication Research Project,First Semester/Second Semester,Postgraduate,3.0,In Person,2020
2487,MMIB8006,Master's Thesis (Business Studies),First Semester/Second Semester,Postgraduate,6.0,In Person,2020
2488,ARCH8037,Masterclass in Archaeological and Evolutionary Science,Winter Session,Postgraduate,6.0,In Person,2020
2489,REGN8010,"Masterclass in Criminology, Justice and Regulation",,Postgraduate,6.0,In Person,2020
2490,ENVS8000P,Masters Dissertation,First Semester/Second Semester,Postgraduate,12.0,In Person,2020
2491,ENVS8000F,Masters Dissertation,First Semester/Second Semester,Postgraduate,12.0,In Person,2020
2492,IDEC8064,Masters Microeconomics,First Semester,Postgraduate,6.0,In Person,2020
2493,IDEC8011,Masters Research Essay,First Semester/Second Semester,Postgraduate,6.0,In Person,2020
2494,PHYS8000,Masters Research Project,First Semester/Second Semester,Postgraduate,12.0,In Person,2020
2495,CHEM2213,Materials Chemistry,Second Semester,Undergraduate,6.0,In Person,2020
2496,MUSI1510,"Materials of Music: Sound, Perception and Documentation",Second Semester,Undergraduate,6.0,Online or In Person,2020
2497,MATH1113,Mathematical Foundations for Actuarial Studies,Second Semester,Undergraduate,6.0,In Person,2020
2498,IDEC8015,Mathematical Methods in Applied Economics,First Semester,Postgraduate,6.0,In Person,2020
2499,EMET7001,Mathematical Techniques for Economic Analysis,First Semester/Second Semester,Postgraduate,6.0,In Person,2020
2500,MATH8702,Mathematics Reading Course,Summer Session/First Semester/Second Semester,Postgraduate,6.0,In Person,2020
2501,MATH8701,Mathematics Research Project,Summer Session/First Semester/Second Semester,Postgraduate,6.0,In Person,2020
2502,MATH8705,Mathematics Special Topic,First Semester/Second Semester,Postgraduate,6.0,In Person,2020
2503,ANUC1129,Mathematics and Applications 1,First Semester,Undergraduate,6.0,In Person,2020
2504,MATH1013,Mathematics and Applications 1,First Semester/Second Semester,Undergraduate,6.0,In Person,2020
2505,MATH1014,Mathematics and Applications 2,First Semester/Second Semester/Spring Session,Undergraduate,6.0,In Person,2020
2506,ANUC1130,Mathematics and Applications 2,Second Semester,Undergraduate,6.0,In Person,2020
2507,PREP1120,Mathematics: Introduction to Calculus,,Undergraduate,6.0,In Person,2020
2508,PREP1121,Mathematics: Real Functions and their Graphs,,Undergraduate,6.0,In Person,2020
2509,ASGS1025,Maths Bridging,,Undergraduate,12.0,In Person,2020
2510,BIAN2133,Mating and Parenting: Evolutionary Ecology of Human Reproductive Strategies,,Undergraduate,6.0,In Person,2020
2511,BIAN6133,Mating and Parenting: Evolutionary Ecology of Human Reproductive Strategies,,Postgraduate,6.0,In Person,2020
2512,MATH3512,Matrix Computations,,Undergraduate,6.0,In Person,2020
2513,MATH6112,Matrix Computations,,Postgraduate,6.0,In Person,2020
2514,POLS2137,"Meaning in Politics: Interpretation, Method and Critique",First Semester,Undergraduate,6.0,In Person,2020
2515,ENGN2217,Mechanical Systems and Design,First Semester,Undergraduate,6.0,In Person,2020
2516,LAWS8402,Media Law,Winter Session,Postgraduate,6.0,In Person,2020
2517,POLS3038,Media and Politics,,Undergraduate,6.0,In Person,2020
2518,FREN3107,Media and Society in Contemporary France,,Undergraduate,6.0,In Person,2020
2519,FREN6513,Media and Society in Contemporary France,,Postgraduate,6.0,In Person,2020
2520,SOCY2165,Media in the Public Sphere,,Undergraduate,6.0,In Person,2020
2521,MEDN6001,Medical Physiology and Pharmacology,First Semester,Postgraduate,6.0,In Person,2020
2522,MEDN2001,Medical Physiology and Pharmacology,First Semester,Undergraduate,6.0,In Person,2020
2523,MEDN4001,Medical Research Honours,First Semester/Second Semester/Spring Session,Undergraduate,12.0,In Person,2020
2524,MEDN8701,Medical Research Project,First Semester/Second Semester/Spring Session,Postgraduate,12.0,In Person,2020
2525,BIOL3190,Medical Science in the Workplace,Second Semester,Undergraduate,6.0,In Person,2020
2526,MEDI8011,Medicine 1A,First Semester,Postgraduate,24.0,In Person,2020
2527,MEDI8012,Medicine 1B,Second Semester,Postgraduate,24.0,In Person,2020
2528,MEDI8020B,Medicine 2,Second Semester,Postgraduate,21.0,In Person,2020
2529,MEDI8020A,Medicine 2,First Semester,Postgraduate,21.0,In Person,2020
2530,MEDI8030A,Medicine 3,First Semester,Postgraduate,24.0,In Person,2020
2531,MEDI8030B,Medicine 3,Second Semester,Postgraduate,24.0,In Person,2020
2532,MEDI8040B,Medicine 4,Second Semester,Postgraduate,24.0,In Person,2020
2533,MEDI8040A,Medicine 4,First Semester,Postgraduate,24.0,In Person,2020
2534,CHMD8008,Medicine and Society in History,,Postgraduate,6.0,In Person,2020
2535,ANTH2026,"Medicine, Healing and the Body",,Undergraduate,6.0,In Person,2020
2536,ANTH6026,"Medicine, Healing and the Body",,Postgraduate,6.0,In Person,2020
2537,EMSC3032,"Melting Polar Ice Sheets, Sea Level Variations and Climate Change",First Semester,Undergraduate,6.0,In Person,2020
2538,EMSC6032,"Melting Polar Ice Sheets, Sea Level Variations and Climate Change",First Semester,Postgraduate,6.0,In Person,2020
2539,ARTH4017,Methodologies of Art History,First Semester,Undergraduate,12.0,In Person,2020
2540,ARTH8012,Methodologies of Art History,First Semester,Postgraduate,12.0,In Person,2020
2541,REGN8001,Methods in Interdisciplinary Research,Second Semester,Postgraduate,6.0,In Person,2020
2542,REGN9076,Methods in Regulation and Governance,Second Semester,Postgraduate,6.0,In Person,2020
2543,ARCH8040,Microanalysis in Archaeological Science,First Semester,Postgraduate,6.0,In Person,2020
2544,ECON7073,Microeconomic Analysis,First Semester/Second Semester,Postgraduate,6.0,In Person,2020
2545,IDEC8016,Microeconomic Analysis and Policy,First Semester,Postgraduate,6.0,In Person,2020
2546,ECON4411,Microeconomic Theory,First Semester,Undergraduate,6.0,In Person,2020
2547,ECON8011,Microeconomic Theory,First Semester/Second Semester,Postgraduate,6.0,In Person,2020
2548,PREP1130,Microeconomics,,Undergraduate,6.0,In Person,2020
2549,ECON1101,Microeconomics 1,First Semester/Second Semester,Undergraduate,6.0,In Person,2020
2550,ECON2101,Microeconomics 2,First Semester/Second Semester,Undergraduate,6.0,In Person,2020
2551,ECON2111,Microeconomics 2(H),,Undergraduate,6.0,In Person,2020
2552,ECON3101,Microeconomics 3,First Semester,Undergraduate,6.0,In Person,2020
2553,LAWS8176,Migration Law,,Postgraduate,6.0,In Person,2020
2554,LAWS4269,Migration Law,,Undergraduate,6.0,In Person,2020
2555,DEMO2003,Migration in the Modern World,Second Semester,Undergraduate,6.0,In Person,2020
2556,ANTH8042,"Migration, Refugees and Development",,Postgraduate,6.0,Online or In Person,2020
2557,LAWS8163,Military Administrative Law,Autumn Session,Postgraduate,6.0,In Person,2020
2558,LAWS8160,Military Discipline Law,Winter Session,Postgraduate,6.0,In Person,2020
2559,LAWS8161,Military Legal Practice,Spring Session,Postgraduate,6.0,In Person,2020
2560,LAWS8162,Military Operations Law,Summer Session,Postgraduate,6.0,In Person,2020
2561,SOCR8011,Mixed methods social research,Winter Session,Postgraduate,6.0,In Person,2020
2562,SOCY2060,Mobile Societies,,Undergraduate,6.0,In Person,2020
2563,VCPG6002,Mobilising Research,,Postgraduate,6.0,In Person,2020
2564,VCUG3002,Mobilising Research,,Undergraduate,6.0,In Person,2020
2565,COMP8190,Model-Driven Software Development,,Postgraduate,6.0,In Person,2020
2566,IDEC8127,Modelling the Global Economy: techniques and policy implications,Second Semester,Postgraduate,6.0,In Person,2020
2567,ENGL6029,Modern American Fiction,,Postgraduate,6.0,In Person,2020
2568,ENGL2006,Modern American Fiction,,Undergraduate,6.0,In Person,2020
2569,ENGL2108,Modern Australian Drama,,Undergraduate,6.0,In Person,2020
2570,ENGL6030,Modern Australian Drama,,Postgraduate,6.0,In Person,2020
2571,CHIN1012,Modern Chinese 1: Spoken,First Semester,Undergraduate,6.0,In Person,2020
2572,CHIN6012,Modern Chinese 1: Spoken,First Semester,Postgraduate,6.0,In Person,2020
2573,CHIN6013,Modern Chinese 1: Written,First Semester,Postgraduate,6.0,In Person,2020
2574,CHIN1013,Modern Chinese 1: Written,First Semester,Undergraduate,6.0,In Person,2020
2575,CHIN2022,Modern Chinese 2: Spoken,Second Semester,Undergraduate,6.0,In Person,2020
2576,CHIN6022,Modern Chinese 2: Spoken,Second Semester,Postgraduate,6.0,In Person,2020
2577,CHIN2023,Modern Chinese 2: Written,Second Semester,Undergraduate,6.0,In Person,2020
2578,CHIN6023,Modern Chinese 2: Written,Second Semester,Postgraduate,6.0,In Person,2020
2579,CHIN2014,Modern Chinese 3,First Semester,Undergraduate,6.0,In Person,2020
2580,CHIN6520,Modern Chinese 3,First Semester,Postgraduate,6.0,In Person,2020
2581,CHIN6521,Modern Chinese 4,Second Semester,Postgraduate,6.0,In Person,2020
2582,CHIN2017,Modern Chinese 4,Second Semester,Undergraduate,6.0,In Person,2020
2583,CHIN3022,Modern Chinese 5,First Semester,Undergraduate,6.0,In Person,2020
2584,CHIN6522,Modern Chinese 5,First Semester,Postgraduate,6.0,In Person,2020
2585,CHIN3023,Modern Chinese 6,Second Semester,Undergraduate,6.0,In Person,2020
2586,CHIN6523,Modern Chinese 6,Second Semester,Postgraduate,6.0,In Person,2020
2587,LAWS8335,Modern Equity: Concepts and Principles,Winter Session,Postgraduate,6.0,In Person,2020
2588,ENGL2101,Modern European Theatre,,Undergraduate,6.0,In Person,2020
2589,PHIL2074,Modern Theories of Knowledge,,Undergraduate,6.0,In Person,2020
2590,MEAS6503,"Modern Turkey: History, Culture and Regional Relations",Second Semester,Postgraduate,6.0,In Person,2020
2591,MEAS2003,"Modern Turkey: History, Culture and Regional Relations",Second Semester,Undergraduate,6.0,In Person,2020
2592,ARTH2043,Modernism and Postmodernism in Art and Design: 1850-2000,,Undergraduate,6.0,In Person,2020
2593,ARTH6043,Modernism and Postmodernism in Art and Design: 1850-2000,,Postgraduate,6.0,Online or In Person,2020
2594,ENGL2080,Modernist Literature 1890-1940,Second Semester,Undergraduate,6.0,In Person,2020
2595,ENGL6031,Modernist Literature 1890-1940,Second Semester,Postgraduate,6.0,In-Person and Online,2020
2596,BIOL2162,Molecular Gene Technology,Second Semester,Undergraduate,6.0,In Person,2020
2597,BIOL6162,Molecular Gene Technology,Second Semester,Postgraduate,6.0,In Person,2020
2598,CHEM3208,Molecular Modeling and Computational Chemistry,Second Semester,Undergraduate,6.0,In Person,2020
2599,IDEC8012,Monetary Policy and Central Banking in the Asia Pacific,,Postgraduate,6.0,In Person,2020
2600,ECON2026,Money and Banking,First Semester,Undergraduate,6.0,In Person,2020
2601,MNGL6002,Mongolian 1,First Semester,Postgraduate,6.0,Online or In Person,2020
2602,MNGL1002,Mongolian 1,First Semester,Undergraduate,6.0,Online or In Person,2020
2603,MNGL1003,Mongolian 2,Second Semester,Undergraduate,6.0,Online or In Person,2020
2604,MNGL6003,Mongolian 2,Second Semester,Postgraduate,6.0,Online or In Person,2020
2605,MNGL6102,Mongolian 3,First Semester,Postgraduate,6.0,Online or In Person,2020
2606,MNGL2002,Mongolian 3,First Semester,Undergraduate,6.0,Online or In Person,2020
2607,MNGL2003,Mongolian 4,Second Semester,Undergraduate,6.0,Online or In Person,2020
2608,MNGL6103,Mongolian 4,Second Semester,Postgraduate,6.0,Online or In Person,2020
2609,LAWS4305,"Mooting, Advocacy and Process",,Undergraduate,6.0,In Person,2020
2610,SCRN2001,Moving Pictures: Genre and Theory in Screen Studies,Second Semester,Undergraduate,6.0,In Person,2020
2611,COMP4340,Multicore Computing: Principles and Practice,,Undergraduate,6.0,In Person,2020
2612,COMP8320,Multicore Computing: Principles and Practice,,Postgraduate,6.0,In Person,2020
2613,SPAN2604,Multilingualism and indigenous peoples in the Americas,,Undergraduate,6.0,In Person,2020
2614,SPAN6604,Multilingualism and indigenous peoples in the Americas,,Postgraduate,6.0,In Person,2020
2615,STAT8020,Multivariate Analysis,,Postgraduate,6.0,In Person,2020
2616,MUSC8017,Museums and Collections: Key Concepts and Practices,First Semester,Postgraduate,6.0,Online or In Person,2020
2617,MUSC8011,Museums and Heritage Extended Research Project,Summer Session/First Semester/Autumn Session/Winter Session/Second Semester/Spring Session,Postgraduate,12.0,Online or In Person,2020
2618,MUSC8009,Museums and Heritage Research Project,Summer Session/First Semester/Autumn Session/Winter Session/Second Semester/Spring Session,Postgraduate,6.0,Online or In Person,2020
2619,MUSI2220,Music Ensemble,First Semester/Second Semester,Undergraduate,6.0,In Person,2020
2620,MUSI8014,Music Graduate Chamber Ensemble,,Postgraduate,6.0,In Person,2020
2621,MUSI8012,Music Graduate Exegesis,First Semester/Second Semester,Postgraduate,6.0,In Person,2020
2622,MUSI8013,Music Graduate Extended Exegesis,First Semester/Second Semester,Postgraduate,12.0,In Person,2020
2623,MUSI4412,Music Honours Ensemble,First Semester/Second Semester,Undergraduate,6.0,In Person,2020
2624,MUSI4410,Music Honours Exegesis,Second Semester,Undergraduate,6.0,In Person,2020
2625,MUSI4411,Music Honours Extended Exegesis,Second Semester,Undergraduate,12.0,In Person,2020
2626,ANUC1111,Music Performance 1,First Semester/Second Semester,Undergraduate,6.0,In Person,2020
2627,MUSI1101,Music Performance 1,First Semester/Second Semester,Undergraduate,6.0,In Person,2020
2628,MUSI1102,Music Performance 2,First Semester/Second Semester,Undergraduate,6.0,In Person,2020
2629,ANUC1112,Music Performance 2,Second Semester,Undergraduate,6.0,In Person,2020
2630,MUSI2201,Music Performance 3,First Semester/Second Semester,Undergraduate,6.0,In Person,2020
2631,MUSI2202,Music Performance 4,First Semester/Second Semester,Undergraduate,6.0,In Person,2020
2632,MUSI3301,Music Performance 5,First Semester/Second Semester,Undergraduate,6.0,In Person,2020
2633,MUSI3302,Music Performance 6,First Semester/Second Semester,Undergraduate,6.0,In Person,2020
2634,MUSI2205,Music Project,First Semester/Second Semester,Undergraduate,6.0,In Person,2020
2635,MUSI6209,Music Recording and Production Techniques,Second Semester,Postgraduate,6.0,In Person,2020
2636,MUSI2209,Music Recording and Production Techniques,Second Semester,Undergraduate,6.0,In Person,2020
2637,MUSI1105,Music Theory & Aural Skills 1,First Semester,Undergraduate,6.0,In Person,2020
2638,ANUC1135,Music Theory & Aural Skills 1,,Undergraduate,6.0,In Person,2020
2639,ANUC1136,Music Theory & Aural Skills 2,,Undergraduate,6.0,In Person,2020
2640,MUSI1106,Music Theory & Aural Skills 2,Second Semester,Undergraduate,6.0,In Person,2020
2641,ANUC1137,Music Theory & Aural Skills 3,First Semester,Undergraduate,6.0,In Person,2020
2642,MUSI2203,Music Theory & Aural Skills 3,,Undergraduate,6.0,In Person,2020
2643,MUSI2204,Music Theory & Aural Skills 4,,Undergraduate,6.0,In Person,2020
2644,MUSI3319,Music Theory & Aural Skills 5,,Undergraduate,6.0,In Person,2020
2645,MUSI3320,Music Theory & Aural Skills 6,,Undergraduate,6.0,In Person,2020
2646,MUSI6009,Music and Digital Media,First Semester,Postgraduate,6.0,In Person,2020
2647,MUSI3309,Music and Digital Media,First Semester,Undergraduate,6.0,In Person,2020
2648,MUSI3310,Music and Globalisation,Second Semester,Undergraduate,6.0,In Person,2020
2649,MUSI6007,Music and Globalisation,Second Semester,Postgraduate,6.0,In Person,2020
2650,SPAN3101,Music and Society in the Spanish Speaking World,,Undergraduate,6.0,In Person,2020
2651,SPAN6511,Music and Society in the Spanish-Speaking World,,Postgraduate,6.0,In Person,2020
2652,ANUC1119,Music from 1900 to the Present: A Century of Crisis and Change,Second Semester,Undergraduate,6.0,In Person,2020
2653,MUSI1109,Music from 1900 to the Present: A Century of Crisis and Change,Second Semester,Undergraduate,6.0,In Person,2020
2654,MUSI2222,Music in the Long 19th Century: From Classicism to Modernism,,Undergraduate,6.0,In Person,2020
2655,MUSI2227,"Music, Sound and the Moving Image",First Semester,Undergraduate,6.0,In Person,2020
2656,LAWS4301,Myanmar Law Clinic,Summer Session,Undergraduate,6.0,In Person,2020
2657,LAWS6301,Myanmar Law Clinic,Summer Session,Postgraduate,6.0,In Person,2020
2658,CHEM3013,NMR spectroscopy and mass spectrometry of small and large molecules,First Semester,Undergraduate,6.0,In Person,2020
2659,ENGN4810,Nanotechnology and Applications,Second Semester,Undergraduate,6.0,In Person,2020
2660,EMDV8125,Nasty Surprises: Managing Risk for Public Policy,,Postgraduate,6.0,Online or In Person,2020
2661,NSPO8006,National Security Policymaking,Second Semester,Postgraduate,6.0,In Person,2020
2662,NSPO8012,National Security and Crisis Management,First Semester,Postgraduate,6.0,In Person,2020
2663,NSPO8007,National Security: Concepts and Methods,First Semester,Postgraduate,6.0,In Person,2020
2664,ASIA8020,National and Transnational Histories in Asia and the Pacific,First Semester,Postgraduate,6.0,In Person,2020
2665,NSPO8023,National security in the Indo-Pacific,,Postgraduate,6.0,In Person,2020
2666,ASIA2093,Natural Resource Conflicts in Asia and the Pacific,Second Semester,Undergraduate,6.0,Online or In Person,2020
2667,HIST2226,Nazi Germany,,Undergraduate,6.0,In Person,2020
2668,HIST8026,Nazism: The Politics and Practices of Memory,,Postgraduate,6.0,Online or In Person,2020
2669,MGMT2004,Negotiation,Second Semester,Undergraduate,6.0,In Person,2020
2670,DIPL8044,Negotiation and Conflict Resolution,First Semester,Postgraduate,6.0,In Person,2020
2671,DIPL8004,Negotiation and Conflict Resolution,First Semester,Postgraduate,12.0,In Person,2020
2672,ENGN4628,Network Optimisation and Control,,Undergraduate,6.0,In Person,2020
2673,ENGN6628,Network Optimisation and Control,,Postgraduate,6.0,In Person,2020
2674,COMP2410,Networked Information Systems,First Semester,Undergraduate,6.0,In Person,2020
2675,COMP6340,Networked Information Systems,First Semester,Postgraduate,6.0,In Person,2020
2676,COMP4660,"Neural Networks, Deep Learning and Bio-inspired Computing",First Semester,Undergraduate,6.0,In Person,2020
2677,COMP8420,"Neural Networks, Deep Learning and Bio-inspired Computing",First Semester/Autumn Session,Postgraduate,6.0,In Person,2020
2678,PSYC3016,Neuropsychology and Cognitive Neuroscience,First Semester,Undergraduate,6.0,In Person,2020
2679,PSYC6016,Neuropsychology and Cognitive Neuroscience,First Semester,Postgraduate,6.0,In Person,2020
2680,NEUR8704,Neuroscience Essay,Summer Session/First Semester/Autumn Session/Winter Session/Second Semester/Spring Session,Postgraduate,6.0,In Person,2020
2681,NEUR4005,Neuroscience IV Honours (S),,Undergraduate,6.0,In Person,2020
2682,NEUR8010,Neuroscience Research Project,Summer Session/First Semester/Autumn Session/Winter Session/Second Semester/Spring Session,Postgraduate,6.0,In Person,2020
2683,NEUR8700,Neuroscience Research proposal,Summer Session/First Semester/Autumn Session/Winter Session/Second Semester/Spring Session,Postgraduate,6.0,In Person,2020
2684,CECS8001,New Applied Science: Lab,First Semester/Second Semester,Postgraduate,12.0,In Person,2020
2685,MEAS2001,New States of Eurasia: Emerging Issues in Politics and Security,Second Semester,Undergraduate,6.0,In Person,2020
2686,MGMT7161,New Venture Creation,Autumn Session/Winter Session/Second Semester,Postgraduate,6.0,In Person,2020
2687,POGO8088,"New models for governance: strategy, innovation, decentralisation",,Postgraduate,6.0,In Person,2020
2688,PHIL2087,Nietzsche,,Undergraduate,6.0,In Person,2020
2689,ENGL3021,Nineteenth Century US Literature,,Undergraduate,6.0,In Person,2020
2690,ENGL6021,Nineteenth Century US Literature,,Postgraduate,6.0,In Person,2020
2691,PHYS8303,Nonlinear Dynamics in Physics,First Semester,Postgraduate,6.0,In Person,2020
2692,PHYS4303,Nonlinear Dynamics in Physics,First Semester,Undergraduate,6.0,In Person,2020
2693,ASIA2096,"North Korea: History, Culture, Politics",Spring Session,Undergraduate,6.0,In Person,2020
2694,PHYS8205,Nuclear Fuel Cycle,Second Semester,Postgraduate,6.0,In Person,2020
2695,PHYS8206,Nuclear Measurement,Second Semester,Postgraduate,6.0,In Person,2020
2696,INTR2024,Nuclear Politics in Asia: Challenges and Opportunities,,Undergraduate,6.0,In Person,2020
2697,LAWS8316,Nuclear Security Law,Winter Session,Postgraduate,6.0,In Person,2020
2698,STST8026,Nuclear Strategy in the Asian Century,First Semester,Postgraduate,6.0,In Person,2020
2699,MATH3301,Number Theory and Cryptography,Second Semester,Undergraduate,6.0,In Person,2020
2700,MATH6114,Number Theory and Cryptography,Second Semester,Postgraduate,6.0,In Person,2020
2701,MATH3514,Numerical Optimisation,Second Semester,Undergraduate,6.0,In Person,2020
2702,MATH6119,Numerical Optimisation,Second Semester,Postgraduate,6.0,In Person,2020
2703,BIAN2119,"Nutrition, Disease and the Environment",,Undergraduate,6.0,In Person,2020
2704,BIAN6119,"Nutrition, Disease and the Environment",,Postgraduate,6.0,In Person,2020
2705,ASTR4011,Observational Techniques,First Semester,Undergraduate,6.0,In Person,2020
2706,ASTR8011,Observational Techniques,First Semester,Postgraduate,6.0,In Person,2020
2707,LAWS8311,Occupational Health and Safety Law,,Postgraduate,6.0,In Person,2020
2708,COMP3702,Offensive Cyber Security Operations,First Semester,Undergraduate,6.0,In Person,2020
2709,MEAS8100,Oil Religion Politics and Conflict in the Middle East,,Postgraduate,6.0,In Person,2020
2710,MEAS4100,"Oil, Religion, Politics and Conflict in the Middle East",,Undergraduate,6.0,In Person,2020
2711,SOCY2169,Online Research Methods,Second Semester,Undergraduate,6.0,In Person,2020
2712,SOCR4006,Online Research Methods,Second Semester,Undergraduate,6.0,In Person,2020
2713,SOCR8006,Online Research Methods,Second Semester,Postgraduate,6.0,Online or In Person,2020
2714,IDEC8008,"Open Economy Macroeconomics, Finance, and Development",Second Semester,Postgraduate,6.0,In Person,2020
2715,COMP3300,Operating Systems Implementation,Second Semester,Undergraduate,6.0,In Person,2020
2716,COMP6330,Operating Systems Implementation,Second Semester,Postgraduate,6.0,In Person,2020
2717,STST8106,Operations I,Autumn Session,Postgraduate,12.0,In Person,2020
2718,STST8104,Operations II,Autumn Session,Postgraduate,12.0,In Person,2020
2719,STST8105,Operations III,,Postgraduate,12.0,In Person,2020
2720,ASTR8016,Optical Instrumentation,Second Semester,Postgraduate,6.0,In Person,2020
2721,ENGN3512,Optical Physics,First Semester,Undergraduate,6.0,In Person,2020
2722,ENGN6512,Optical Physics,First Semester,Postgraduate,6.0,In Person,2020
2723,PHYS3057,Optical Physics,First Semester,Undergraduate,6.0,In Person,2020
2724,PHYS6500,Optical Physics,First Semester,Postgraduate,6.0,In Person,2020
2725,COMP4691,Optimisation,Second Semester,Undergraduate,6.0,In Person,2020
2726,COMP8691,Optimisation,Second Semester,Postgraduate,6.0,In Person,2020
2727,ECON2015,Optimisation Techniques for Economists,,Undergraduate,6.0,In Person,2020
2728,ECON6015,Optimisation Techniques for Economists,,Postgraduate,6.0,In Person,2020
2729,ECON2125,Optimisation for Economics and Financial Economics,First Semester/Second Semester,Undergraduate,6.0,In Person,2020
2730,ECON8013,Optimisation for Economics and Financial Economics,First Semester/Second Semester,Postgraduate,6.0,In Person,2020
2731,PHYS8017,Optoelectronics and Integrated Optics,Second Semester,Postgraduate,6.0,In Person,2020
2732,HUMN8038,Oral History and Heritage Practice and Theory,First Semester,Postgraduate,6.0,In Person,2020
2733,CRIM2007,Order in the Courts: An Introduction to the Australian Judicial System,,Undergraduate,6.0,In Person,2020
2734,CRIM6008,Order in the Courts: An Introduction to the Australian Judicial System,,Postgraduate,6.0,In Person,2020
2735,MATH6405,Ordinary Differential Equations and Advanced Vector Calculus,First Semester,Postgraduate,6.0,In Person,2020
2736,MGMT2007,Organisational Behaviour,Second Semester,Undergraduate,6.0,In Person,2020
2737,MGMT8003,Organisational Behaviour,First Semester/Autumn Session/Winter Session/Second Semester/Spring Session,Postgraduate,6.0,In Person,2020
2738,ECON8078,Organisational Economics,First Semester,Postgraduate,6.0,In Person,2020
2739,POGO8080,Organisational Finance and Budgeting,,Postgraduate,6.0,In Person,2020
2740,CRIM6002,Organised Crime: Understanding a Global Phenomenon,,Postgraduate,6.0,In Person,2020
2741,CRIM2002,Organised Crime: Understanding the Underworld,,Undergraduate,6.0,In Person,2020
2742,CHEM3203,Organometallic Chemistry,First Semester,Undergraduate,6.0,In Person,2020
2743,PHIL2100,Origins of Analytical Philosophy,,Undergraduate,6.0,In Person,2020
2744,POPH8316,Outbreak Investigation,,Postgraduate,6.0,In Person,2020
2745,COMP4630,Overview of Logic and Computation,,Undergraduate,6.0,In Person,2020
2746,PPEI4000,PPE Honours Research Methods,First Semester,Undergraduate,12.0,In Person,2020
2747,POLS1008,PPE Integration 1,Second Semester,Undergraduate,6.0,In Person,2020
2748,PHIL2116,PPE Integration 2,Second Semester,Undergraduate,6.0,In Person,2020
2749,ECON3056,PPE Integration 3: Classic Literature in PPE,Second Semester,Undergraduate,6.0,In Person,2020
2750,DIPL8013,Pacific Diplomacy,First Semester,Postgraduate,6.0,In Person,2020
2751,BAPA1003,Pacific Encounters: An introduction to Pacific Studies,Autumn Session,Undergraduate,6.0,In Person,2020
2752,PASI1011,Pacific Encounters: An introduction to Pacific Studies,First Semester,Undergraduate,6.0,In Person,2020
2753,PASI3010,Pacific Engagement Project,Second Semester,Undergraduate,6.0,In Person,2020
2754,PASI8002,Pacific Foundations: From Maritime Societies to Global Cultures,First Semester,Postgraduate,6.0,In Person,2020
2755,PASI8004,"Pacific Health Challenges and Strategies: Politics, Culture and Development",,Postgraduate,6.0,Online or In Person,2020
2756,PASI3005,Pacific Islands Field School,,Undergraduate,6.0,In Person,2020
2757,PASI6005,Pacific Islands Field School,,Postgraduate,6.0,In Person,2020
2758,POLS2055,Pacific Politics,Second Semester,Undergraduate,6.0,In Person,2020
2759,PASI2001,Pacific Studies in a Globalizing World,First Semester,Undergraduate,6.0,In Person,2020
2760,PASI6001,Pacific Studies in a Globalizing World,First Semester,Postgraduate,6.0,In Person,2020
2761,PASI1012,Pacific Worlds: critical inquiry in Oceania,Second Semester,Undergraduate,6.0,In Person,2020
2762,ARTV2506,Painting: Approaches to Abstraction,First Semester,Undergraduate,6.0,In Person,2020
2763,ARTV2509,Painting: Approaches to Composition and Colour,First Semester,Undergraduate,6.0,In Person,2020
2764,ARTV1502,Painting: Composition & Space,Second Semester,Undergraduate,6.0,In Person,2020
2765,ARTV6510,Painting: Critical Analysis and Reflection in the Studio,First Semester,Postgraduate,6.0,In Person,2020
2766,ARTV3510,Painting: Critical Analysis and Reflection in the Studio,First Semester,Undergraduate,6.0,In Person,2020
2767,ARTV1501,Painting: Introducing Painting,First Semester,Undergraduate,6.0,In Person,2020
2768,ARTV6508,Painting: Materiality and Meaning,,Postgraduate,6.0,In Person,2020
2769,ARTV3508,Painting: Materiality and Meaning,,Undergraduate,6.0,In Person,2020
2770,ARTV3507,Painting: Open to Influence Studio Research,,Undergraduate,6.0,In Person,2020
2771,ARTV6507,Painting: Open to Influence Studio Research,,Postgraduate,6.0,In Person,2020
2772,ARTV2507,Painting: Painting in the Photo Digital Age,Second Semester,Undergraduate,6.0,In Person,2020
2773,ARTV2508,Painting: Taking Your Own Direction,,Undergraduate,6.0,In Person,2020
2774,ENVS6529,Palaeo-Environmental Reconstruction,,Postgraduate,6.0,In Person,2020
2775,ENVS3029,Palaeo-Environmental Reconstruction,,Undergraduate,6.0,In Person,2020
2776,EMSC6027,Palaeoclimatology and Climate Change,Second Semester,Postgraduate,6.0,In Person,2020
2777,EMSC3027,Palaeoclimatology and Climate Change,Second Semester,Undergraduate,6.0,In Person,2020
2778,LING3031,Papuan Languages,First Semester,Undergraduate,6.0,In Person,2020
2779,LING6031,Papuan languages,First Semester,Postgraduate,6.0,In Person,2020
2780,COMP8300,Parallel Systems,First Semester,Postgraduate,6.0,In Person,2020
2781,COMP4300,Parallel Systems,First Semester,Undergraduate,6.0,In Person,2020
2782,BIOL3142,Parasitology,First Semester,Undergraduate,6.0,In Person,2020
2783,BIOL6143,Parasitology,First Semester,Postgraduate,6.0,In Person,2020
2784,MATH6406,"Partial Differential Equations,  Fourier Analysis and Complex Analysis",Second Semester,Postgraduate,6.0,In Person,2020
2785,POGO8136,Participating in Public Policy: Citizen Engagement and Public Talk,Winter Session,Postgraduate,6.0,In Person,2020
2786,ENVS6021,Participatory Resource Management: Working with Communities and Stakeholders,Spring Session,Postgraduate,6.0,In Person,2020
2787,ENVS3007,Participatory Resource Management: Working with Communities and Stakeholders,Spring Session,Undergraduate,6.0,In Person,2020
2788,MEDN2002,Pathogenesis of Human Disease,Second Semester,Undergraduate,6.0,In Person,2020
2789,MEDN6002,Pathogenesis of Human Disease,Second Semester,Postgraduate,6.0,In Person,2020
2790,EMDV8011,Payments for Environmental Services,First Semester,Postgraduate,6.0,Online or In Person,2020
2791,ASIA2087,Peace Building in the Pacific and Asia,,Undergraduate,6.0,In Person,2020
2792,INTR8052,Peace and Conflict Studies,First Semester,Postgraduate,6.0,In Person,2020
2793,POLS2123,Peace and Conflict Studies,Second Semester,Undergraduate,6.0,In Person,2020
2794,INTR1022,Peacebuilding and Conflict Resolution,Second Semester,Undergraduate,6.0,In Person,2020
2795,POGO8056,People and Performance in Public Organisations,,Postgraduate,6.0,In Person,2020
2796,PSYC3011,Perception,,Undergraduate,6.0,In Person,2020
2797,INDN1201,Performing Indonesian Language Secondary Extension,First Semester/Second Semester,Undergraduate,6.0,In Person,2020
2798,EXTN1010A,Performing Indonesian Language Secondary Extension A,Autumn Session,Undergraduate,0.0,In Person,2020
2799,EXTN1010B,Performing Indonesian Language Secondary Extension B,Autumn Session,Undergraduate,6.0,In Person,2020
2800,LEGM8574,Personal & Company Insolvency Law and Practice,,Postgraduate,6.0,Online,2020
2801,LEGM8074,Personal Injuries Compensation,,Postgraduate,6.0,Online,2020
2802,MGMT2006,Personal Leadership,First Semester,Undergraduate,6.0,In Person,2020
2803,PSYC3026,Personality Psychology,Second Semester,Undergraduate,6.0,In Person,2020
2804,CHMD8014,"Perspectives on Culture, Health and Medicine",Second Semester,Postgraduate,6.0,Online or In Person,2020
2805,PHIL2121,Philosophical Logic,,Undergraduate,6.0,In Person,2020
2806,PHIL2122,Philosophy and Public Policy,First Semester,Undergraduate,6.0,In Person,2020
2807,PHIL2123,Philosophy and Science Fiction,First Semester,Undergraduate,6.0,In Person,2020
2808,PHIL2124,Philosophy of Cognitive Science,,Undergraduate,6.0,In Person,2020
2809,PHIL2016,Philosophy of Language,,Undergraduate,6.0,In Person,2020
2810,PHIL2061,Philosophy of Mind,,Undergraduate,6.0,In Person,2020
2811,PHIL2128,Philosophy of Physics,Second Semester,Undergraduate,6.0,In Person,2020
2812,PHIL2057,Philosophy of Science,First Semester,Undergraduate,6.0,In Person,2020
2813,PHIL2042,Philosophy of the Cosmos,First Semester,Undergraduate,6.0,In Person,2020
2814,MATH1042,Philosophy of the Cosmos,First Semester,Undergraduate,6.0,In Person,2020
2815,PHIL3076,Philosophy of the Life Sciences,First Semester,Undergraduate,6.0,In Person,2020
2816,ARTH2050,Photography and Art,,Undergraduate,6.0,In Person,2020
2817,ARTH6050,Photography and Art,,Postgraduate,6.0,Online or In Person,2020
2818,ARTV6605,Photomedia: Advanced Principles in Exposure and Printing,,Postgraduate,6.0,In Person,2020
2819,ARTV2605,Photomedia: Advanced Principles in Exposure and Printing,,Undergraduate,6.0,In Person,2020
2820,ARTV6602,Photomedia: Colour Photography and Digital Skills,First Semester,Postgraduate,6.0,In Person,2020
2821,ARTV1602,Photomedia: Colour Photography and Digital Skills,First Semester,Undergraduate,6.0,In Person,2020
2822,ARTV2606,Photomedia: Digital Photography and Studio Lighting,,Undergraduate,6.0,In Person,2020
2823,ARTV6606,Photomedia: Digital Photography and Studio Lighting,,Postgraduate,6.0,In Person,2020
2824,ARTV6608,Photomedia: Experimental Processes,First Semester,Postgraduate,6.0,In Person,2020
2825,ARTV2608,Photomedia: Experimental Processes,First Semester,Undergraduate,6.0,In Person,2020
2826,ARTV6601,"Photomedia: Foundations of photography, printing and camera skills",Second Semester,Postgraduate,6.0,In Person,2020
2827,ARTV1601,"Photomedia: Foundations of photography, printing and camera skills",Second Semester,Undergraduate,6.0,In Person,2020
2828,ARTV6607,Photomedia: Large Format Photography,Second Semester,Postgraduate,6.0,In Person,2020
2829,ARTV2607,Photomedia: Large Format Photography,Second Semester,Undergraduate,6.0,In Person,2020
2830,ENGN4613,Photonic Sensing Systems,Second Semester,Undergraduate,6.0,In Person,2020
2831,ENGN6613,Photonic Sensing Systems,Second Semester,Postgraduate,6.0,In Person,2020
2832,PHYS6502,Photonic Sensing Systems,Second Semester,Postgraduate,6.0,In Person,2020
2833,PHYS3051,Photonic Sensing Systems,Second Semester,Undergraduate,6.0,In Person,2020
2834,PHYS8015,Photonics Laboratory,First Semester,Postgraduate,6.0,In Person,2020
2835,PHYS3005,Photonics Laboratory,First Semester,Undergraduate,6.0,In Person,2020
2836,PHYS8014,Photonics in Biotechnology and Nanotechnology,First Semester,Postgraduate,6.0,In Person,2020
2837,ENGN8830,Photovoltaic Power Plants,Second Semester,Postgraduate,6.0,In Person,2020
2838,ENGN6524,Photovoltaic Technologies,First Semester,Postgraduate,6.0,In Person,2020
2839,ENGN4524,Photovoltaic Technologies,First Semester,Undergraduate,6.0,In Person,2020
2840,HUMN8022,Physical Conservation of Historic Heritage Places,,Postgraduate,6.0,In Person,2020
2841,PREP1113,Physics,,Undergraduate,6.0,In Person,2020
2842,ANUC1131,Physics 1,First Semester,Undergraduate,6.0,In Person,2020
2843,ANUC1132,Physics 2,Second Semester,Undergraduate,6.0,In Person,2020
2844,PHYS1201,Physics 2,Second Semester,Undergraduate,6.0,In Person,2020
2845,PHYS3104,Physics Advanced Laboratory,First Semester/Second Semester,Undergraduate,6.0,In Person,2020
2846,PHYS1101,Physics I,First Semester/Second Semester,Undergraduate,6.0,In Person,2020
2847,PHYS2205,Physics for Future Leaders,Second Semester,Undergraduate,6.0,In Person,2020
2848,PHYS6205,Physics for Future Leaders,Second Semester,Postgraduate,6.0,In Person,2020
2849,PHYS1013,Physics of Materials,First Semester,Undergraduate,6.0,In Person,2020
2850,PHYS6105,Physics of Matter,First Semester,Postgraduate,6.0,In Person,2020
2851,PHYS3105,Physics of Matter,First Semester,Undergraduate,6.0,In Person,2020
2852,PHYS3070,Physics of the Earth,Second Semester,Undergraduate,6.0,In Person,2020
2853,PHYS6070,Physics of the Earth,Second Semester,Postgraduate,6.0,In Person,2020
2854,PHYS4070,Physics of the Earth,,Undergraduate,6.0,In Person,2020
2855,EMSC4008,Physics of the Earth Honours Reseach Project,First Semester/Second Semester,Undergraduate,3.0,In Person,2020
2856,PREP1127,Physics: Revolutions in Modern Physics,,Undergraduate,6.0,In Person,2020
2857,PREP1126,Physics: Waves and Optics,,Undergraduate,6.0,In Person,2020
2858,ANTH2136,Piracy: Property Wars from the High Seas to Anonymous,,Undergraduate,6.0,In Person,2020
2859,ANTH6136,Piracy: Property Wars from the High Seas to Anonymous,,Postgraduate,6.0,In Person,2020
2860,EMSC3022,Planetary Science,Second Semester,Undergraduate,6.0,In Person,2020
2861,EMSC6022,Planetary Science,Second Semester,Postgraduate,6.0,In Person,2020
2862,LAWS8146,Planning and Environmental Impact Assessment,Winter Session,Postgraduate,6.0,Online or In Person,2020
2863,LEGW8137,Planning and Environmental Practice,,Postgraduate,3.0,Online,2020
2864,BIOL3125,Plants and Global Climate Change,Second Semester,Undergraduate,6.0,In Person,2020
2865,BIOL6125,Plants and Global Climate Change,Second Semester,Postgraduate,6.0,In Person,2020
2866,BIOL3002,Plants: Genes and the Environment,First Semester,Undergraduate,6.0,In Person,2020
2867,BIOL6002,Plants: Genes to Environment,First Semester,Postgraduate,6.0,In Person,2020
2868,ENGL2084,Poetry in English from Shakespeare to Postmodernism,,Undergraduate,6.0,In Person,2020
2869,ENGL6032,Poetry in English from Shakespeare to Postmodernism,,Postgraduate,6.0,In-Person and Online,2020
2870,MATH8001,Poetry of the Cosmos,,Postgraduate,6.0,In Person,2020
2871,ARTH8022,Points of View: Independent Creative Art and Media Practice,Autumn Session,Postgraduate,6.0,In Person,2020
2872,CRIM6013,Policing,,Postgraduate,6.0,In Person,2020
2873,CRIM2013,Policing,,Undergraduate,6.0,In Person,2020
2874,POGO8083,Policy Advocacy,Spring Session,Postgraduate,6.0,In Person,2020
2875,CRWF7002,Policy Field School ,,Postgraduate,6.0,In Person,2020
2876,POGO8101,Policy Process and Analysis,,Postgraduate,6.0,In Person,2020
2877,POGO8096,Policy Research,Second Semester,Postgraduate,6.0,In Person,2020
2878,POLS2102,Political Belief and Deceit,First Semester,Undergraduate,6.0,In Person,2020
2879,ECON8070,Political Economy of Macroeconomic Policy,,Postgraduate,6.0,In Person,2020
2880,ECON3053,Political Economy of Macroeconomic Policy,,Undergraduate,6.0,In Person,2020
2881,POGO8082,Political Institutions and Policy Processes,,Postgraduate,6.0,In Person,2020
2882,POLS3039,Political Leadership and Executive Government,,Undergraduate,6.0,In Person,2020
2883,PREP1114,Politics,,Undergraduate,6.0,In Person,2020
2884,PASI3001,Politics and Development in the Contemporary Pacific,Second Semester,Undergraduate,6.0,In Person,2020
2885,ASIA2049,Politics and Society in Contemporary Korea,,Undergraduate,6.0,In Person,2020
2886,POLS2025,Politics in Britain,,Undergraduate,6.0,In Person,2020
2887,POLS2070,Politics in Central Asia,First Semester,Undergraduate,6.0,In Person,2020
2888,POLS2095,Politics in Latin America,First Semester,Undergraduate,6.0,In Person,2020
2889,POLS2069,Politics in Russia,,Undergraduate,6.0,In Person,2020
2890,POLS2031,Politics in the Middle East,Second Semester,Undergraduate,6.0,In Person,2020
2891,ARTV6810,"Politics of Bodies: Sculpture, Figure Modelling, Performance and Choreography",Second Semester,Postgraduate,6.0,In Person,2020
2892,ARTV2810,"Politics of Bodies: Sculpture, Figure Modelling, Performance and Choreography",Second Semester,Undergraduate,6.0,In Person,2020
2893,ARTV2802,"Politics of Memory: Video Installation, Sculpture, Documentary and Monuments",,Undergraduate,6.0,In Person,2020
2894,ARTV6822,"Politics of Memory: Video Installation, Sculpture, Documentary and Monuments",,Postgraduate,6.0,In Person,2020
2895,STST2124,Politics of Nuclear Weapons,Second Semester,Undergraduate,6.0,In Person,2020
2896,ARTV6820,"Politics of Spaces: Installation, Sculpture and Spatial Practice",First Semester,Postgraduate,6.0,In Person,2020
2897,ARTV2820,"Politics of Spaces: Installation, Sculpture and Spatial Practice",First Semester,Undergraduate,6.0,In Person,2020
2898,PASI8005,Politics of the Pacific Islands Region,,Postgraduate,6.0,In Person,2020
2899,ASIA6074,Popular Culture in East Asia,,Postgraduate,6.0,In Person,2020
2900,ASIA2074,Popular Culture in East Asia,,Undergraduate,6.0,In Person,2020
2901,MUSI3317,Popular Music: In Culture and in Context,First Semester,Undergraduate,6.0,In Person,2020
2902,MUSI6006,Popular Music: In Culture and in Context,First Semester,Postgraduate,6.0,Online or In Person,2020
2903,DEMO2002,Population Analysis,First Semester,Undergraduate,6.0,In Person,2020
2904,BIOL6016,Population Genetics,,Postgraduate,6.0,In Person,2020
2905,BIOL3151,Population Genetics,,Undergraduate,6.0,In Person,2020
2906,POPH4005,Population Health Honours project,First Semester/Second Semester,Undergraduate,6.0,Online or In Person,2020
2907,DEMO8090,Population Issues in Asia and their Implications for World Development,,Postgraduate,6.0,In Person,2020
2908,DEMO3001,Population Policy Case Studies,,Undergraduate,6.0,In Person,2020
2909,DEMO8091,Population Projections and Dynamics,Second Semester,Postgraduate,6.0,In Person,2020
2910,DEMO8024,Population and Society: Theory and Empirical Perspectives,First Semester,Postgraduate,6.0,In Person,2020
2911,DEMO8088,"Population, Climate Change and Sustainable Development",,Postgraduate,6.0,In Person,2020
2912,SOCY2167,"Populism in Media, Culture and Society",,Undergraduate,6.0,In Person,2020
2913,FINM3008,Portfolio Construction,First Semester/Second Semester,Undergraduate,6.0,In Person,2020
2914,LAWS8314,Post Conflict Situations and International Law,Spring Session,Postgraduate,6.0,In Person,2020
2915,ARTH2093,Post-Colonial Discourses in Australian Art,,Undergraduate,6.0,In Person,2020
2916,ARTH6093,Post-Colonial Discourses in Australian Art,,Postgraduate,6.0,Online or In Person,2020
2917,ARCH6037,Post-Roman Archaeology of Britain: From Arthur to the Black Death,,Postgraduate,6.0,In Person,2020
2918,ARCH2037,Post-Roman Archaeology of Britain: From Arthur to the Black Death,,Undergraduate,6.0,In Person,2020
2919,PHIL9011,Postgraduate Training in Philosophy: Foundations Seminar,Second Semester/Spring Session,Postgraduate,12.0,In Person,2020
2920,PHIL8011,Postgraduate Training in Philosophy: Foundations Seminar,Summer Session/First Semester/Autumn Session/Winter Session,Postgraduate,12.0,In Person,2020
2921,GEND3001,Posthuman Bodies,,Undergraduate,6.0,In Person,2020
2922,SOCY3010,Posthuman Bodies,,Undergraduate,6.0,In Person,2020
2923,ARTV6821,"Posthuman Sculpture Practice with Active Materials: Bronze Casting, 3D Modelling and Bio Art",,Postgraduate,6.0,In Person,2020
2924,ARTV2821,"Posthuman Sculpture Practice with Active Materials: Bronze Casting, 3D Modelling and Bio Art",,Undergraduate,6.0,In Person,2020
2925,GEND6501,Posthuman bodies,,Postgraduate,6.0,In Person,2020
2926,ARTH6061,Postmodern Sublime,,Postgraduate,6.0,In Person,2020
2927,ARTH2061,Postmodern Sublime,,Undergraduate,6.0,In Person,2020
2928,POGO8004,Poverty Reduction,,Postgraduate,6.0,In Person,2020
2929,ENGN4625,Power Systems and Power Electronics,Second Semester,Undergraduate,6.0,In Person,2020
2930,ENGN6625,Power Systems and Power Electronics,Second Semester,Postgraduate,6.0,In Person,2020
2931,POLS2136,Power and influence in world politics,,Undergraduate,6.0,In Person,2020
2932,LAWS4316,Practical Evidence,Autumn Session,Undergraduate,6.0,Online,2020
2933,ENGN3100,Practical Experience,Summer Session/First Semester/Autumn Session/Winter Session/Second Semester/Spring Session,Undergraduate,0.0,In Person,2020
2934,ARTV8040,Practice-led Research Extended Project,First Semester/Second Semester,Postgraduate,18.0,In Person,2020
2935,ARTV8039,Practice-led Research Major Project,First Semester/Second Semester,Postgraduate,12.0,In Person,2020
2936,ARTV8038,Practice-led Research Project,First Semester/Second Semester,Postgraduate,6.0,In Person,2020
2937,DESA1021,Precise Drawing and Model Making,First Semester/Second Semester,Undergraduate,6.0,In Person,2020
2938,ANUC1122,Precise Drawing and Model Making,First Semester,Undergraduate,6.0,In Person,2020
2939,PSYC8513,Preparation for Professional Psychology Placement,,Postgraduate,6.0,In Person,2020
2940,POLS2043,Pressure Groups and Political Lobbying,,Undergraduate,6.0,In Person,2020
2941,BIAN3018,Primate Behavioural Ecology Field School in Cambodia,,Undergraduate,12.0,In Person,2020
2942,BIAN6018,Primate Behavioural Ecology Field School in Cambodia,,Postgraduate,12.0,In Person,2020
2943,BIAN6520,Primate Conservation Biology,First Semester,Postgraduate,6.0,In Person,2020
2944,BIAN3021,Primate Conservation Biology,First Semester,Undergraduate,6.0,In Person,2020
2945,BIAN3127,Primate Ecology and Behaviour,,Undergraduate,6.0,In Person,2020
2946,BIAN6514,Primate Ecology and Behaviour,,Postgraduate,6.0,In Person,2020
2947,BIAN2126,Primate Evolutionary Biology,,Undergraduate,6.0,In Person,2020
2948,BIAN6513,Primate Evolutionary Biology,,Postgraduate,6.0,In Person,2020
2949,LEGM8003,Principles of Australian Migration Law and Practice,First Semester,Postgraduate,6.0,Online,2020
2950,PHYS8013,Principles of Energy Generation and Transformation,First Semester,Postgraduate,6.0,In Person,2020
2951,LEGM8150,Principles of Evidence Under the Uniform Act,First Semester,Postgraduate,6.0,Online,2020
2952,LAWS8182,Principles of International Law,Autumn Session,Postgraduate,6.0,In Person,2020
2953,MGMT8999,Principles of Management,,Postgraduate,0.0,In Person,2020
2954,STAT6039,Principles of Mathematical Statistics,Summer Session/First Semester/Second Semester,Postgraduate,6.0,In Person,2020
2955,STAT6013,Principles of Mathematical Statistics for Actuarial Studies,First Semester/Second Semester,Postgraduate,6.0,In Person,2020
2956,DEMO8008,Principles of Population Analysis,First Semester,Postgraduate,6.0,In Person,2020
2957,COMP6361,Principles of Programming Languages,,Postgraduate,6.0,In Person,2020
2958,COMP3610,Principles of Programming Languages,,Undergraduate,6.0,In Person,2020
2959,POGO8084,Principles of Social Policy,Second Semester,Postgraduate,6.0,In Person,2020
2960,BUSN3014,Principles of Tax Law,First Semester/Second Semester,Undergraduate,6.0,In Person,2020
2961,ARTV2708,Printmedia and Drawing: Construct Meaning with Drawing,Second Semester,Undergraduate,6.0,In Person,2020
2962,ARTV2706,Printmedia and Drawing: Drawing Beyond the Line,First Semester,Undergraduate,6.0,In Person,2020
2963,ARTV2707,Printmedia and Drawing: Extended Etching and Relief Printing,,Undergraduate,6.0,In Person,2020
2964,ARTV2723,Printmedia and Drawing: Extended Screen Printing,,Undergraduate,6.0,In Person,2020
2965,ARTV2727,Printmedia and Drawing: Lithography,,Undergraduate,6.0,In Person,2020
2966,ARTV2717,Printmedia and Drawing: The Book as Art,First Semester,Undergraduate,6.0,In Person,2020
2967,ARTV6717,Printmedia and Drawing: The Book as Art,First Semester,Postgraduate,6.0,In Person,2020
2968,ARTV2715,Printmedia and Drawing: Typography,Second Semester,Undergraduate,6.0,In Person,2020
2969,LAWS6304,Prison Legal Literacy Clinic,First Semester,Postgraduate,6.0,In Person,2020
2970,LAWS4304,Prison Legal Literacy Clinic,First Semester,Undergraduate,6.0,In Person,2020
2971,LAWS8033,"Prisons, Prisoners and the Law",,Postgraduate,6.0,In Person,2020
2972,LAWS8588,Privatisation and Regulation of Aviation,,Postgraduate,6.0,In Person,2020
2973,MATH3029,Probability Theory with Applications,First Semester,Undergraduate,6.0,In Person,2020
2974,MATH6109,Probability Theory with Applications,First Semester,Postgraduate,6.0,In Person,2020
2975,ENGN8538,Probability and Stochastic Processes in Engineering,First Semester,Postgraduate,6.0,In Person,2020
2976,LEGM8593,Procurement and Probity Law and Practice,,Postgraduate,6.0,Online,2020
2977,ANUC1101,Professional Communication,First Semester/Second Semester,Undergraduate,6.0,In Person,2020
2978,MEDI8015A,Professional Practice 1,First Semester,Postgraduate,0.0,In Person,2020
2979,ENGN6250,Professional Practice 1,First Semester/Second Semester,Postgraduate,6.0,In Person,2020
2980,COMP6250,Professional Practice 1,First Semester/Second Semester,Postgraduate,6.0,In Person,2020
2981,MEDI8015B,Professional Practice 1,Second Semester,Postgraduate,0.0,In Person,2020
2982,MEDI8025B,Professional Practice 2,Second Semester,Postgraduate,0.0,In Person,2020
2983,MEDI8025A,Professional Practice 2,First Semester,Postgraduate,0.0,In Person,2020
2984,COMP8260,Professional Practice 2,First Semester/Second Semester,Postgraduate,6.0,In Person,2020
2985,ENGN8260,Professional Practice 2,First Semester/Second Semester,Postgraduate,6.0,In Person,2020
2986,MEDI8035A,Professional Practice 3,First Semester,Postgraduate,0.0,In Person,2020
2987,MEDI8035B,Professional Practice 3,Second Semester,Postgraduate,0.0,In Person,2020
2988,MEDI8045A,Professional Practice 4,First Semester,Postgraduate,0.0,In Person,2020
2989,MEDI8045B,Professional Practice 4,Second Semester,Postgraduate,0.0,In Person,2020
2990,LEGW8142,Professional Practice Core,Summer Session/Winter Session,Postgraduate,18.0,Online,2020
2991,HLTH3002,Professional Practice in Health Science,First Semester/Second Semester,Undergraduate,6.0,In Person,2020
2992,ARTV2027,Professional Practices,First Semester,Undergraduate,6.0,In Person,2020
2993,ARTV6027,Professional Practices,First Semester,Postgraduate,6.0,In Person,2020
2994,ARTV2028,Professional Practices Internship,,Undergraduate,6.0,In Person,2020
2995,ARTV6028,Professional Practices Internship,,Postgraduate,6.0,In Person,2020
2996,PSYC8522,Professional Psychology Placement,,Postgraduate,12.0,In Person,2020
2997,PSYC8412,Professional Psychology Research Project,First Semester/Second Semester,Postgraduate,6.0,In Person,2020
2998,CRIM3001,Professional perspectives on crime and prevention,Second Semester,Undergraduate,6.0,In Person,2020
2999,CRIM6001,Professional perspectives on crime and prevention,Second Semester,Postgraduate,6.0,In Person,2020
3000,POGO8117,Program Management,,Postgraduate,6.0,In Person,2020
3001,COMP1100,Programming as Problem Solving,First Semester/Second Semester,Undergraduate,6.0,In Person,2020
3002,COMP1130,Programming as Problem Solving (Advanced),First Semester,Undergraduate,6.0,In Person,2020
3003,COMP1730,Programming for Scientists,First Semester/Second Semester,Undergraduate,6.0,In Person,2020
3004,COMP6730,Programming for Scientists,First Semester/Second Semester,Postgraduate,6.0,In Person,2020
3005,BUSN8005,Project Accounting and Financial Management,,Postgraduate,6.0,In Person,2020
3006,MGMT8170,Project Management Masters Thesis,First Semester/Second Semester,Postgraduate,6.0,In Person,2020
3007,INFS3059,Project Management and Information Systems,Second Semester,Undergraduate,6.0,In Person,2020
3008,MGMT7024,Project Monitoring and Control,First Semester,Postgraduate,6.0,In Person,2020
3009,MGMT8005,Project Risk and Issues Management,Second Semester,Postgraduate,6.0,In Person,2020
3010,COMP3740,Project Work in Computing,First Semester/Second Semester,Undergraduate,6.0,In Person,2020
3011,BUSN3059,Project/Case Studies in Commerce,,Undergraduate,6.0,In Person,2020
3012,CECS8002,Projects in Applied Cybernetics,Summer Session/First Semester/Autumn Session/Second Semester,Postgraduate,6.0,In Person,2020
3013,NSPO8027,"Propaganda, Information War and National Security",First Semester,Postgraduate,6.0,In Person,2020
3014,LAWS2204,Property,First Semester,Undergraduate,6.0,In Person,2020
3015,LAWS6204,Property,First Semester,Postgraduate,6.0,Online or In Person,2020
3016,PSYC8413,Psychological Assessment,First Semester,Postgraduate,6.0,In Person,2020
3017,PSYC8421,Psychological Interventions,Second Semester,Postgraduate,6.0,In Person,2020
3018,PREP1115,Psychology,,Undergraduate,6.0,In Person,2020
3019,PSYC1003,"Psychology 1: Understanding Mind, Brain and Behaviour",First Semester,Undergraduate,6.0,In Person,2020
3020,ANUC1133,"Psychology 1: Understanding Mind, Brain and Behaviour",First Semester,Undergraduate,6.0,In Person,2020
3021,ANUC1134,Psychology 2: Understanding People in Context,Second Semester,Undergraduate,6.0,In Person,2020
3022,PSYC1004,Psychology 2: Understanding People in Context,Second Semester,Undergraduate,6.0,In Person,2020
3023,PSYC4011,Psychology Honours,First Semester/Winter Session/Second Semester,Undergraduate,12.0,In Person,2020
3024,PSYC3030,Psychology Undergraduate Research Experience,Summer Session/First Semester/Second Semester,Undergraduate,6.0,In Person,2020
3025,PREP1139,Psychology of learning,,Undergraduate,6.0,In Person,2020
3026,PSYC2201,Psychology: From Problems to Solutions,,Undergraduate,6.0,Online or In Person,2020
3027,PSYC6025,Psychopathology Across the Lifespan,First Semester,Postgraduate,6.0,In Person,2020
3028,PSYC3025,Psychopathology Across the Lifespan,First Semester,Undergraduate,6.0,In Person,2020
3029,POGO8137,Public Administration: Legal and Organisational Foundations,Winter Session,Postgraduate,6.0,In Person,2020
3030,POLS2130,Public Choice and Politics,First Semester,Undergraduate,6.0,In Person,2020
3031,POGO8048,Public Finance,Autumn Session,Postgraduate,6.0,In Person,2020
3032,POGO8301,Public Financial Management,Spring Session,Postgraduate,6.0,In Person,2020
3033,POPH8106,Public Health Research Project,Summer Session/First Semester/Autumn Session/Winter Session/Second Semester/Spring Session,Postgraduate,6.0,Online or In Person,2020
3034,POPH8317,Public Health Surveillance,Second Semester,Postgraduate,6.0,In Person,2020
3035,MEDI8116,"Public Health disasters, catastrophes and recovery",,Postgraduate,6.0,In Person,2020
3036,LAWS4284,Public Interest Law Clinic,,Undergraduate,6.0,In Person,2020
3037,LAWS6284,Public Interest Law Clinic,,Postgraduate,6.0,In Person,2020
3038,CRWF8019,Public Policy and Professional Internship,Summer Session/First Semester/Autumn Session/Winter Session/Second Semester/Spring Session,Postgraduate,6.0,In Person,2020
3039,BUSN3006,Public Sector Accounting,Second Semester,Undergraduate,6.0,In Person,2020
3040,BUSN7006,Public Sector Accounting and Reporting,Second Semester,Postgraduate,6.0,In Person,2020
3041,ECON4434,Public Sector Economics,First Semester,Undergraduate,6.0,In Person,2020
3042,ECON8034,Public Sector Economics,First Semester,Postgraduate,6.0,In Person,2020
3043,ECON2131,Public Sector Economics (P),First Semester,Undergraduate,6.0,In Person,2020
3044,LAWS8522,Public Sector Employment Law,,Postgraduate,6.0,In Person,2020
3045,POGO8021,Public Sector Ethics,First Semester,Postgraduate,6.0,Online or In Person,2020
3046,POGO8062,Public Sector Management,First Semester,Postgraduate,6.0,In Person,2020
3047,CRIM2008,Punishment and Society: An Introduction to Penology,Second Semester,Undergraduate,6.0,In Person,2020
3048,CHMD8004,Qualitative Methodologies for Health Research,First Semester,Postgraduate,6.0,Online or In Person,2020
3049,POLS3045,Qualitative Methods in Political Science Research,First Semester,Undergraduate,6.0,In Person,2020
3050,SOCR4003,Qualitative Research Analysis,Second Semester,Undergraduate,6.0,In Person,2020
3051,SOCR8003,Qualitative Research Analysis,Second Semester,Postgraduate,6.0,In Person,2020
3052,MGMT4018,Qualitative Research Methods,First Semester,Undergraduate,6.0,In Person,2020
3053,MGMT8018,Qualitative Research Methods,First Semester,Postgraduate,6.0,In Person,2020
3054,ENVS6014,Qualitative Research Methods for Sustainability,,Postgraduate,6.0,In Person,2020
3055,ENVS2014,Qualitative Research Methods for Sustainability,,Undergraduate,6.0,In Person,2020
3056,LING8026,Qualitative Research Methods in Language Studies,First Semester,Postgraduate,6.0,In Person,2020
3057,LING9026,Qualitative Research Methods in Language Studies,First Semester,Postgraduate,6.0,In Person,2020
3058,PREP1118,Qualitative Research Skills,,Undergraduate,0.0,In Person,2020
3059,POLS4044,Qualitative Research in Politics,Second Semester,Undergraduate,6.0,In Person,2020
3060,POLS8044,Qualitative Research in Politics,Second Semester,Postgraduate,6.0,In Person,2020
3061,SOCR4008,Qualitative Social Research,First Semester,Undergraduate,6.0,In Person,2020
3062,MEDI8201,Qualitative and Social Research for Public Health,,Postgraduate,6.0,In Person,2020
3063,SOCY8016,Qualitative approaches to the digital,,Postgraduate,6.0,In Person,2020
3064,SOCR8008,Qualitative data collection,First Semester,Postgraduate,6.0,In Person,2020
3065,IDEC8014,Quantitative Financial Economics,Second Semester,Postgraduate,6.0,In Person,2020
3066,IDEC8010,Quantitative International Economics,First Semester,Postgraduate,6.0,In Person,2020
3067,PSYC2009,Quantitative Methods in Psychology,First Semester,Undergraduate,6.0,In Person,2020
3068,IDEC8026,Quantitative Policy Impact Evaluation,Second Semester,Postgraduate,6.0,In Person,2020
3069,STAT1008,Quantitative Research Methods,First Semester/Second Semester,Undergraduate,6.0,In Person,2020
3070,LING9027,Quantitative Research Methods in Linguistics,Second Semester,Postgraduate,6.0,In Person,2020
3071,LING8027,Quantitative Research Methods in Linguistics,Second Semester,Postgraduate,6.0,In Person,2020
3072,MGMT4019,Quantitative Research Methods in Management,First Semester,Undergraduate,6.0,In Person,2020
3073,MGMT8019,Quantitative Research Methods in Management,First Semester,Postgraduate,6.0,In Person,2020
3074,PREP1119,Quantitative Research Skills,,Undergraduate,0.0,In Person,2020
3075,POLS8042,Quantitative Research for Political Science,First Semester,Postgraduate,6.0,In Person,2020
3076,SOCR4009,Quantitative Social Research,Second Semester,Undergraduate,6.0,In Person,2020
3077,SOCR8009,Quantitative data collection,,Postgraduate,6.0,In Person,2020
3078,PHYS6201,Quantum Field Theory,Second Semester,Postgraduate,6.0,In Person,2020
3079,PHYS3201,Quantum Field Theory,Second Semester,Undergraduate,6.0,In Person,2020
3080,PHYS8302,Quantum Field Theory II,,Postgraduate,6.0,In Person,2020
3081,PHYS8752,Quantum Industry,Second Semester,Postgraduate,6.0,In Person,2020
3082,PHYS2013,Quantum Mechanics,First Semester,Undergraduate,6.0,In Person,2020
3083,PHYS6013,Quantum Mechanics,First Semester,Postgraduate,6.0,In Person,2020
3084,PHYS4304,Quantum Scattering,First Semester,Undergraduate,6.0,In Person,2020
3085,PHYS8304,Quantum Scattering,First Semester,Postgraduate,6.0,In Person,2020
3086,PHYS8751,Quantum Technology,Second Semester,Postgraduate,6.0,In Person,2020
3087,ENGL3034,Queens and Tyrants: Gender and Power in Drama 1580-1630,,Undergraduate,6.0,In Person,2020
3088,ENGL6034,Queens and Tyrants: Gender and Power in Drama 1580-1630,,Postgraduate,6.0,In Person,2020
3089,ACST8500,RSFAS Masters Thesis,First Semester/Second Semester,Postgraduate,12.0,In Person,2020
3090,FINM8500,RSFAS Masters Thesis,First Semester/Second Semester,Postgraduate,12.0,In Person,2020
3091,STAT8500,RSFAS Masters Thesis,First Semester/Second Semester,Postgraduate,12.0,In Person,2020
3092,HIST6133,"Race and Racism in Western Culture, c.1450–1950",,Postgraduate,6.0,Online or In Person,2020
3093,HIST2133,"Race and Racism in Western Culture, c.1450–1950",,Undergraduate,6.0,In Person,2020
3094,POLS2135,"Race, Ethnicity and Representation",First Semester,Undergraduate,6.0,Online,2020
3095,INTR8079,Radical and Reactionary Ideas in International Politics,Autumn Session,Postgraduate,6.0,In Person,2020
3096,PHYS3701,Rapid Prototyping and Systems Integration,First Semester/Second Semester,Undergraduate,6.0,In Person,2020
3097,PHYS6701,Rapid Prototyping and Systems Integration,First Semester/Second Semester,Postgraduate,6.0,In Person,2020
3098,PHIL2125,Rationality and Social Cooperation,,Undergraduate,6.0,In Person,2020
3099,PHYS8202,Reactor Science,First Semester,Postgraduate,6.0,In Person,2020
3100,CHST6211,Reading China: Past and Present,First Semester,Postgraduate,6.0,Online or In Person,2020
3101,CHST3211,Reading China: Past and Present,First Semester,Undergraduate,6.0,Online or In Person,2020
3102,CHST6212,Reading Chinese Literature: Theory and Criticism,Second Semester,Postgraduate,6.0,Online or In Person,2020
3103,CHST3212,Reading Chinese Literature: Theory and Criticism,Second Semester,Undergraduate,6.0,Online or In Person,2020
3104,ENGL8019,Reading Context: Topics in Production and Reception of Texts,Second Semester,Postgraduate,12.0,Online or In Person,2020
3105,ENGL4019,Reading Context: Topics in Production and Reception of Texts,Second Semester,Undergraduate,12.0,Online or In Person,2020
3106,GEND6002,Reading Popular Culture: An Introduction to Cultural Studies,Second Semester,Postgraduate,6.0,In Person,2020
3107,GEND1002,Reading Popular Culture: An Introduction to Cultural Studies,Second Semester,Undergraduate,6.0,In Person,2020
3108,RUSS1003,Reading Russian for Academic Purposes I,First Semester,Undergraduate,6.0,In Person,2020
3109,RUSS6002,Reading Russian for Academic Purposes I,First Semester,Postgraduate,6.0,In Person,2020
3110,RUSS1004,Reading Russian for Academic Purposes II,Second Semester,Undergraduate,6.0,In Person,2020
3111,RUSS6003,Reading Russian for Academic Purposes II,Second Semester,Postgraduate,6.0,In Person,2020
3112,ENGL1013,Reading across Time and Space: Literary Contexts,Second Semester,Undergraduate,6.0,In Person,2020
3113,LING8003,Readings in Applied Linguistics,First Semester/Second Semester,Postgraduate,6.0,Online or In Person,2020
3114,ARTH8016,Readings in Art History and Curatorial Studies,First Semester/Second Semester,Postgraduate,6.0,Online or In Person,2020
3115,ASIA3012,Readings in Asian Societies and Histories,First Semester/Second Semester,Undergraduate,6.0,In Person,2020
3116,ASIA6512,Readings in Asian Societies and Histories,,Postgraduate,6.0,In Person,2020
3117,CLAS8008,Readings in Classics,Second Semester,Postgraduate,6.0,In Person,2020
3118,CLAS4008,Readings in Classics,Second Semester,Undergraduate,6.0,In Person,2020
3119,HIST8021,Readings in History,First Semester/Second Semester,Postgraduate,6.0,Online or In Person,2020
3120,PASI3012,Readings in Indigenous Studies,First Semester/Second Semester,Undergraduate,6.0,In Person,2020
3121,INDG9002,Readings in Indigenous Studies,First Semester/Second Semester,Postgraduate,6.0,In Person,2020
3122,NEUR8701,Readings in Neuroscience,First Semester/Second Semester,Postgraduate,6.0,In Person,2020
3123,PHIL4009,Readings in Philosophy,First Semester/Second Semester,Undergraduate,6.0,In Person,2020
3124,BIAN8003,Readings in Primatology/Palaeoanthropology,First Semester/Second Semester,Postgraduate,6.0,In Person,2020
3125,LEGW8152,Ready For Practice,Summer Session/Autumn Session/Spring Session,Postgraduate,6.0,Online,2020
3126,COMP4330,Real-Time & Embedded Systems,,Undergraduate,6.0,In Person,2020
3127,COMP8330,Real-Time Embedded Systems,,Postgraduate,6.0,In Person,2020
3128,ASIA6042,Reconciliation and the Memory of Conflict in Asia,First Semester,Postgraduate,6.0,In Person,2020
3129,ASIA3029,Reconciliation and the memory of conflict in Asia,First Semester,Undergraduate,6.0,In Person,2020
3130,BIOL3178,Recovering Threatened Species and Ecosystems,First Semester,Undergraduate,6.0,In Person,2020
3131,BIOL6178,Recovering Threatened Species and Ecosystems,First Semester,Postgraduate,6.0,In Person,2020
3132,REGN8011,Reforming Law and Justice in Asia and the Pacific,,Postgraduate,6.0,In Person,2020
3133,CHMD8011,Refugee Health: From Displacement to Resettlement,,Postgraduate,6.0,Online or In Person,2020
3134,LAWS4271,Refugee Law,First Semester,Undergraduate,6.0,In Person,2020
3135,LAWS8471,Refugee Law,First Semester,Postgraduate,6.0,In Person,2020
3136,LAWS8656,Refugee Law and Practice in Australia,,Postgraduate,6.0,Online,2020
3137,POLS2101,Refugee Politics: Displacement and Exclusion in the 20th and 21st Centuries,Second Semester,Undergraduate,6.0,In Person,2020
3138,POLS6101,Refugee Politics: Displacement and Exclusion in the 20th and 21st Centuries,Second Semester,Postgraduate,6.0,In Person,2020
3139,POLS8029,Regional Integration in the Global Economy,,Postgraduate,6.0,In Person,2020
3140,INTR2028,"Regionalism, Rights and Order in Southeast Asia",First Semester,Undergraduate,6.0,In Person,2020
3141,STAT2008,Regression Modelling,First Semester/Second Semester,Undergraduate,6.0,In Person,2020
3142,STAT4038,Regression Modelling,First Semester/Second Semester,Undergraduate,6.0,In Person,2020
3143,STAT6038,Regression Modelling,First Semester/Autumn Session/Second Semester,Postgraduate,6.0,In Person,2020
3144,STAT2014,Regression Modelling for Actuarial Studies,First Semester/Second Semester,Undergraduate,6.0,In Person,2020
3145,STAT6014,Regression Modelling for Actuarial Studies,First Semester/Second Semester,Postgraduate,6.0,In Person,2020
3146,REGN9052,Regulation and Governance,First Semester,Postgraduate,6.0,In Person,2020
3147,REGN8052,Regulation and Governance,First Semester,Postgraduate,6.0,In Person,2020
3148,LAWS8589,Regulation of Religious Activities,,Postgraduate,6.0,In Person,2020
3149,ANUC2400,Relational Databases,First Semester/Second Semester,Undergraduate,6.0,In Person,2020
3150,COMP6240,Relational Databases,Second Semester,Postgraduate,6.0,In Person,2020
3151,COMP2400,Relational Databases,Second Semester,Undergraduate,6.0,In Person,2020
3152,GEND2057,"Relationships, Marriage and Family",Second Semester,Undergraduate,6.0,In Person,2020
3153,SOCY2057,"Relationships, Marriage and Family",Second Semester,Undergraduate,6.0,In Person,2020
3154,MATH3329,"Relativity, Black Holes and Cosmology",,Undergraduate,6.0,In Person,2020
3155,ARTH2168,Renaissance and Baroque Art,,Undergraduate,6.0,In Person,2020
3156,ARTH6168,Renaissance and Baroque Art,,Postgraduate,6.0,In Person,2020
3157,MUSC8019,"Repatriation: principles, policy, practice",Winter Session,Postgraduate,6.0,In Person,2020
3158,CHMD8005,"Representing Medicine: Performance, Drama and Identity",Second Semester,Postgraduate,6.0,Online or In Person,2020
3159,COMP8100,Requirements Elicitation and Analysis Techniques,,Postgraduate,6.0,In Person,2020
3160,ARTV8054,Research,,Postgraduate,6.0,In Person,2020
3161,POGO9096,Research Design,Autumn Session,Postgraduate,12.0,In Person,2020
3162,BIAN6019,Research Design and Analysis in Archaeological and Evolutionary Science,Second Semester,Postgraduate,6.0,In Person,2020
3163,ARCH3000,Research Design and Analysis in Archaeology,Second Semester,Undergraduate,6.0,In Person,2020
3164,BIAN3014,Research Design and Analysis in Biological Anthropology,Second Semester,Undergraduate,6.0,In Person,2020
3165,ANTH8070,Research Design and Field Methods in Anthropology,,Postgraduate,6.0,In Person,2020
3166,ANTH8034,Research Design and Field Methods in Anthropology Extended,,Postgraduate,12.0,In Person,2020
3167,POPH4315,Research Design and Methods,First Semester/Second Semester,Undergraduate,6.0,Online or In Person,2020
3168,POPH8315,Research Design and Methods,First Semester/Second Semester,Postgraduate,6.0,Online or In Person,2020
3169,ARCH8106,Research Design and Research Proposal,First Semester/Second Semester,Postgraduate,12.0,In Person,2020
3170,ASIA9075,"Research Design and Writing in International, Political and Strategic Studies",Autumn Session,Postgraduate,6.0,In Person,2020
3171,POLS8058,Research Design in Political Science,Second Semester,Postgraduate,6.0,In Person,2020
3172,ACST8050,Research Essay in Actuarial Studies,First Semester/Second Semester,Postgraduate,6.0,In Person,2020
3173,STAT8053,Research Essay in Statistics,First Semester/Second Semester,Postgraduate,6.0,In Person,2020
3174,SOCY3001,Research Internship,Second Semester,Undergraduate,6.0,In Person,2020
3175,PREP1101,Research Methods,Second Semester,Undergraduate,0.0,In Person,2020
3176,PSYC8411,Research Methods and Statistics in Professional Psychology,First Semester,Postgraduate,6.0,In Person,2020
3177,EMSC4017,Research Methods for Earth Sciences,First Semester/Second Semester,Undergraduate,6.0,In Person,2020
3178,EMSC8017,Research Methods for Earth Sciences,First Semester/Second Semester,Postgraduate,6.0,In Person,2020
3179,EMDV8102,Research Methods for Environmental Management,First Semester,Postgraduate,6.0,In Person,2020
3180,DIPL8000,Research Methods in Diplomacy,Second Semester,Postgraduate,6.0,In Person,2020
3181,DIPL9000,Research Methods in Diplomacy,Second Semester,Postgraduate,6.0,In Person,2020
3182,NSPO8020,Research Methods in National Security Policy,,Postgraduate,6.0,In Person,2020
3183,NSPO9020,Research Methods in National Security Policy,,Postgraduate,6.0,In Person,2020
3184,ANUC1036,Research Methods in the Health Sciences,,Undergraduate,6.0,In Person,2020
3185,HLTH1002,Research Methods in the Health Sciences,Second Semester,Undergraduate,6.0,In Person,2020
3186,EMSC8034,Research Orientation: Big Questions in the Earth Sciences,First Semester,Postgraduate,6.0,In Person,2020
3187,BIOL8291,Research Presentation Skills,First Semester/Second Semester,Postgraduate,6.0,In Person,2020
3188,ARTV4022,Research Principles and Methods 1,First Semester,Undergraduate,12.0,Online or In Person,2020
3189,DESA4001,Research Principles and Methods 1,First Semester,Undergraduate,12.0,Online or In Person,2020
3190,DESA4002,Research Principles and Methods 2,Second Semester,Undergraduate,12.0,Online or In Person,2020
3191,ARTV4023,Research Principles and Methods 2,Second Semester,Undergraduate,12.0,Online or In Person,2020
3192,ENGN8602,Research Project,First Semester/Second Semester,Postgraduate,6.0,In Person,2020
3193,MEDI2003,Research Project,,Undergraduate,0.0,In Person,2020
3194,MEDI8013A,Research Project,First Semester,Postgraduate,3.0,In Person,2020
3195,EMDV8066,Research Project,Second Semester,Postgraduate,12.0,In Person,2020
3196,MEDI8013B,Research Project,Second Semester,Postgraduate,3.0,In Person,2020
3197,BIOL8701,Research Project,First Semester/Second Semester,Postgraduate,6.0,In Person,2020
3198,ENGN8601,Research Project,First Semester/Second Semester,Postgraduate,6.0,In Person,2020
3199,POGO8135,Research Project (12 units),First Semester,Postgraduate,12.0,In Person,2020
3200,POGO8035,Research Project (6 units),Second Semester,Postgraduate,6.0,In Person,2020
3201,MEDI8023,Research Project (Advanced),Second Semester,Postgraduate,3.0,In Person,2020
3202,ARAB6506,Research Project (Arabic),First Semester,Postgraduate,6.0,In Person,2020
3203,ARAB3004,Research Project (Arabic),First Semester,Undergraduate,6.0,In Person,2020
3204,CHEM3060,Research Project in Chemistry,Summer Session/First Semester/Second Semester/Spring Session,Undergraduate,6.0,In Person,2020
3205,CHEM8003,Research Project in Chemistry,First Semester,Postgraduate,6.0,In Person,2020
3206,PHYS8170,Research Project in Photonics,First Semester/Second Semester,Postgraduate,6.0,In Person,2020
3207,BIOL8700,Research Proposal,First Semester/Second Semester,Postgraduate,12.0,In Person,2020
3208,EMDV8008,Research Proposal,First Semester,Postgraduate,6.0,Online or In Person,2020
3209,LAWS8657,Research Skills (Migration),,Postgraduate,6.0,Online,2020
3210,BIOL3202,Research Skills in Biology,,Undergraduate,6.0,In Person,2020
3211,LANG4004,Research Tools in Advanced Language Studies,First Semester/Second Semester,Undergraduate,6.0,In Person,2020
3212,PHYS3045,Research Topics Physics,,Undergraduate,6.0,In Person,2020
3213,PHYS3042,Research Topics Physics,Summer Session/First Semester/Second Semester,Undergraduate,6.0,In Person,2020
3214,JPNS3023,Research Topics in Japanese: History & Society,Second Semester,Undergraduate,6.0,In Person,2020
3215,JPNS6023,Research Topics in Japanese: History & Society,Second Semester,Postgraduate,6.0,In Person,2020
3216,JPNS6025,Research Topics in Japanese: International Relations & Politics,First Semester,Postgraduate,6.0,In Person,2020
3217,JPNS3024,Research Topics in Japanese: International Relations & Politics,First Semester,Undergraduate,6.0,In Person,2020
3218,PHYS8505,Research Topics in Photonics,Summer Session/First Semester/Winter Session/Second Semester,Postgraduate,6.0,In Person,2020
3219,ASIA6083,Research Topics in South and Southeast Asian Languages A,First Semester,Postgraduate,6.0,In Person,2020
3220,ASIA3083,Research Topics in South and Southeast Asian Languages A,First Semester/Second Semester,Undergraduate,6.0,In Person,2020
3221,ASIA6108,Research Topics in South and Southeast Asian Languages B,First Semester/Second Semester,Postgraduate,6.0,In Person,2020
3222,ASIA3108,Research Topics in South and Southeast Asian Languages B,First Semester/Second Semester,Undergraduate,6.0,In Person,2020
3223,POLS4011,Research Training: Scope and Methods,First Semester,Undergraduate,12.0,In Person,2020
3224,POLS1009,Research and Writing in Political Science,Second Semester,Undergraduate,6.0,In Person,2020
3225,CLAS8018,Research in Classical Studies,First Semester/Second Semester,Postgraduate,12.0,In Person,2020
3226,EMDV8014,Research in Climate Change Policy and Economics,First Semester/Second Semester,Postgraduate,6.0,Online or In Person,2020
3227,ENVS8013,Research in Climate Change Vulnerability and Adaptation,First Semester,Postgraduate,6.0,In Person,2020
3228,HGEO8003,Research in Natural Hazards and Disasters,,Postgraduate,6.0,In Person,2020
3229,HGEO8004,Research in Natural Hazards and Disasters,,Postgraduate,12.0,In Person,2020
3230,POPM8001,"Research, Treatment, Policy: Current Issues in Mental Health",Second Semester,Postgraduate,6.0,In Person,2020
3231,ENGL8020,Researching and Writing the Thesis: A Workshop,First Semester,Postgraduate,6.0,In Person,2020
3232,ENGL4020,Researching and Writing the Thesis: A Workshop,First Semester,Undergraduate,6.0,In Person,2020
3233,ARTV3029,Resolving a Body of Original Contemporary Craft Work,Second Semester,Undergraduate,6.0,In Person,2020
3234,ECON3128,Resource and Environmental Economics,Second Semester,Undergraduate,6.0,In Person,2020
3235,ECON8040,Resource and Environmental Economics,Second Semester,Postgraduate,6.0,In Person,2020
3236,LAWS8454,Restitution,First Semester,Postgraduate,6.0,In Person,2020
3237,LAWS4254,Restitution,First Semester,Undergraduate,6.0,In Person,2020
3238,REGN8005,Restorative Justice in the World,Second Semester,Postgraduate,6.0,In Person,2020
3239,ASIA8011,"Rethinking Northeast Asia: Region, Culture and Society",Second Semester,Postgraduate,6.0,In Person,2020
3240,ASIA3033,"Rethinking Northeast Asia: Region, Culture and Society",Second Semester,Undergraduate,6.0,In Person,2020
3241,ENGL2038,"Revolution and Romanticism in British Literature, 1789-1832",,Undergraduate,6.0,In Person,2020
3242,ENGL6038,"Revolution and Romanticism in British Literature, 1789-1832",,Postgraduate,6.0,In Person,2020
3243,CLAS6000,Rhetoric: The Art of Persuasion in the Ancient and Modern Worlds,,Postgraduate,6.0,In Person,2020
3244,CLAS3000,Rhetoric: The Art of Persuasion in the Ancient and Modern Worlds,,Undergraduate,6.0,In Person,2020
3245,STAT3057,Risk Modelling 1,,Undergraduate,6.0,In Person,2020
3246,STAT8057,Risk Modelling 1,First Semester,Postgraduate,6.0,In Person,2020
3247,STAT8058,Risk Modelling 2,Second Semester,Postgraduate,6.0,In Person,2020
3248,STAT3058,Risk Modelling 2,,Undergraduate,6.0,In Person,2020
3249,STAT8035,Risk Theory,First Semester,Postgraduate,6.0,In Person,2020
3250,STAT3035,Risk Theory,First Semester,Undergraduate,6.0,In Person,2020
3251,STAT4035,Risk Theory,First Semester,Undergraduate,6.0,In Person,2020
3252,SOCY2008,Risk and Society,Winter Session,Undergraduate,6.0,In Person,2020
3253,ASIA3053,Rituals of Life and Death in Asia and the Pacific,,Undergraduate,6.0,In Person,2020
3254,ASIA8047,Rituals of Life and Death in Asia and the Pacific,,Postgraduate,6.0,In Person,2020
3255,ENGN4627,Robotics,Second Semester,Undergraduate,6.0,In Person,2020
3256,ENGN6627,Robotics,Second Semester,Postgraduate,6.0,In Person,2020
3257,HIST2239,"Rock, Sex and War: Australia's 1960s - 1970s",Second Semester,Undergraduate,6.0,In Person,2020
3258,HIST6238,"Rock, Sex and War: Australia's 1960s - 1970s",Second Semester,Postgraduate,6.0,In Person,2020
3259,ANCH2026,Rome: After Empire (Europe 400–800 AD),,Undergraduate,6.0,In Person,2020
3260,ANCH6026,Rome: After Empire (Europe 400–800 AD),,Postgraduate,6.0,In Person,2020
3261,ANCH2027,Rome: Crisis and Consolidation (193-313 AD),,Undergraduate,12.0,In Person,2020
3262,ANCH6027,Rome: Crisis and Consolidation (193-313 AD),,Postgraduate,12.0,In Person,2020
3263,ANCH1014,Rome: Republic to Empire,Second Semester,Undergraduate,6.0,In Person,2020
3264,ANCH6104,Rome: Republic to Empire,Second Semester,Postgraduate,6.0,In Person,2020
3265,CECS8004,"SCALING SYSTEMS SAFELY: ASSURANCE, ETHICS AND GOVERNANCE",,Postgraduate,6.0,In Person,2020
3266,ASIA3011,Samurai Society and Social Control  in Japan,Second Semester,Undergraduate,6.0,In Person,2020
3267,ASIA6511,Samurai Society and Social Control in Japan,Second Semester,Postgraduate,6.0,In Person,2020
3268,SKRT1002,Sanskrit 1,First Semester,Undergraduate,6.0,Online or In Person,2020
3269,SKRT6102,Sanskrit 1,First Semester,Postgraduate,6.0,Online or In Person,2020
3270,SKRT6103,Sanskrit 2,Second Semester,Postgraduate,6.0,Online or In Person,2020
3271,SKRT1003,Sanskrit 2,Second Semester,Undergraduate,6.0,Online or In Person,2020
3272,SKRT2103,Sanskrit 3,First Semester,Undergraduate,6.0,Online or In Person,2020
3273,SKRT6160,Sanskrit 3,First Semester,Postgraduate,6.0,Online or In Person,2020
3274,SKRT2104,Sanskrit 4,Second Semester,Undergraduate,6.0,Online or In Person,2020
3275,SKRT6107,Sanskrit 4,Second Semester,Postgraduate,6.0,Online or In Person,2020
3276,SKRT3004,Sanskrit 5,First Semester,Undergraduate,6.0,Online or In Person,2020
3277,SKRT6105,Sanskrit 5,First Semester,Postgraduate,6.0,Online or In Person,2020
3278,SKRT6106,Sanskrit 6,Second Semester,Postgraduate,6.0,Online or In Person,2020
3279,SKRT3005,Sanskrit 6,Second Semester,Undergraduate,6.0,Online or In Person,2020
3280,SCOM1001,Science Communication 1: Science and Public Awareness,First Semester,Undergraduate,6.0,In Person,2020
3281,SCOM1002,Science Communication 2: Scientific Evidence and Social Change,Second Semester,Undergraduate,6.0,In Person,2020
3282,SCOM6004,Science Communication Internship,Summer Session/First Semester/Autumn Session/Winter Session/Second Semester/Spring Session,Postgraduate,6.0,In Person,2020
3283,SCOM3004,Science Communication Internship,Summer Session/First Semester/Autumn Session/Winter Session/Second Semester/Spring Session,Undergraduate,6.0,In Person,2020
3284,SCOM6007,Science Communication Project Design and Delivery,Winter Session,Postgraduate,6.0,In Person,2020
3285,SCOM3007,Science Communication Project Design and Delivery,Winter Session,Undergraduate,6.0,In Person,2020
3286,SCOM3003,Science Communication Research Project,Summer Session/First Semester/Second Semester,Undergraduate,6.0,In Person,2020
3287,SCOM3012,Science Communication and the Web,Winter Session,Undergraduate,6.0,In Person,2020
3288,SCOM6012,Science Communication and the Web,Winter Session,Postgraduate,6.0,Online or In Person,2020
3289,SCOM3030,Science Dialogue Theory and Practice,,Undergraduate,6.0,In Person,2020
3290,SCOM6030,Science Dialogue Theory and Practice,,Postgraduate,6.0,In Person,2020
3291,SCNC8001,Science Higher Degree by Research Internship,Summer Session/First Semester/Autumn Session/Winter Session/Second Semester/Spring Session,Postgraduate,3.0,In Person,2020
3292,SCNC4000,Science Honours,First Semester/Second Semester,Undergraduate,6.0,In Person,2020
3293,SCNC3000,Science Internship,Summer Session/First Semester/Autumn Session/Winter Session/Second Semester/Spring Session,Undergraduate,6.0,In Person,2020
3294,SCNC2000,Science Internship,Summer Session/First Semester/Autumn Session/Winter Session/Second Semester/Spring Session,Undergraduate,6.0,In Person,2020
3295,SCNC8000,Science Internship,Summer Session/First Semester/Autumn Session/Winter Session/Second Semester/Spring Session,Postgraduate,6.0,In Person,2020
3296,SCOM3027,Science Politics,Second Semester,Undergraduate,6.0,Online or In Person,2020
3297,SCOM6027,Science Politics,Second Semester,Postgraduate,6.0,Online or In Person,2020
3298,SCNC8021,Science Research Project,Summer Session/First Semester/Autumn Session/Winter Session/Second Semester/Spring Session,Postgraduate,3.0,In Person,2020
3299,SCNC2021,Science Research Project,Summer Session/First Semester/Autumn Session/Winter Session/Second Semester/Spring Session,Undergraduate,6.0,In Person,2020
3300,SCNC3021,Science Research Project,Summer Session/First Semester/Autumn Session/Winter Session/Second Semester/Spring Session,Undergraduate,6.0,In Person,2020
3301,SCOM2003,Science in Popular Fiction,Winter Session,Undergraduate,6.0,In Person,2020
3302,SCOM6003,Science in Popular Fiction,Winter Session,Postgraduate,6.0,In Person,2020
3303,PHIL2126,"Science in Society: Ethics, Public Policy and Scientific Practice",,Undergraduate,6.0,In Person,2020
3304,SCOM6016,Science in the Media,Autumn Session,Postgraduate,6.0,In Person,2020
3305,SCOM2016,Science in the Media,First Semester,Undergraduate,6.0,In Person,2020
3306,POGO8093,"Science, Innovation and Public Policy",,Postgraduate,6.0,In Person,2020
3307,SCOM6031,"Science, Risk and Ethics",First Semester,Postgraduate,6.0,Online or In Person,2020
3308,SCOM2031,"Science, Risk and Ethics",First Semester,Undergraduate,6.0,In Person,2020
3309,VCPG8138,"Science, Technology and Public Policy",Autumn Session,Postgraduate,6.0,In Person,2020
3310,POGO8138,"Science, Technology and Public Policy",Autumn Session,Postgraduate,6.0,In Person,2020
3311,MATH3511,Scientific Computing,First Semester,Undergraduate,6.0,In Person,2020
3312,MATH6111,Scientific Computing,First Semester,Postgraduate,6.0,In Person,2020
3313,BIAN3010,Scientific Dating in Archaeology and Palaeoenvironmental Studies,,Undergraduate,6.0,In Person,2020
3314,BIAN6510,Scientific Dating in Archaeology and Palaeoenvironmental Studies,,Postgraduate,6.0,In Person,2020
3315,MATH6103,Scientific and Industrial Modelling,Second Semester,Postgraduate,6.0,In Person,2020
3316,MATH3501,Scientific and Industrial Modelling,Second Semester,Undergraduate,6.0,In Person,2020
3317,SCRN3003,Screen Studies Capstone Project,First Semester/Second Semester,Undergraduate,6.0,In Person,2020
3318,SCRN3002,Screening the Real,,Undergraduate,6.0,In Person,2020
3319,ARTV1803,Sculpture: Introduction to Conceptual Practices and Construction Methods (Metal and Fabric),First Semester,Undergraduate,6.0,In Person,2020
3320,ARTV6823,Sculpture: Introduction to Conceptual Practices and Construction Methods (Metal and Fabric),First Semester,Postgraduate,6.0,In Person,2020
3321,ARTV6824,Sculpture: Introduction to Temporal Practices and Construction Methods (Wood),Second Semester,Postgraduate,6.0,In Person,2020
3322,ARTV1804,Sculpture: Introduction to Temporal Practices and Construction Methods (Wood),Second Semester,Undergraduate,6.0,In Person,2020
3323,LING2101,Second Language Acquisition,,Undergraduate,6.0,In Person,2020
3324,LING6101,Second Language Acquisition,,Postgraduate,6.0,In Person,2020
3325,STST2001,Security Concepts in the Asia-Pacific,First Semester,Undergraduate,6.0,In Person,2020
3326,LEGM8584,Select Issues in Bankruptcy and Insolvency,,Postgraduate,6.0,Online,2020
3327,LAWS8584,Select Issues in Bankruptcy and Insolvency,,Postgraduate,6.0,Online,2020
3328,CRWF8012,Selected Themes in Economics and Government,,Postgraduate,6.0,In Person,2020
3329,POGO8102,Selected Themes in Public Policy,,Postgraduate,6.0,In Person,2020
3330,LING4012,Selected Topics in Analysis of a Subsystem of Language,First Semester/Second Semester,Undergraduate,6.0,In Person,2020
3331,LAWS4257,Selected Topics in Australian-United States Comparative Law (ANU),,Undergraduate,6.0,In Person,2020
3332,LAWS8457,Selected Topics in Australian-United States Comparative Law (ANU),,Postgraduate,6.0,In Person,2020
3333,LAWS4248,Selected Topics in Australian-United States Comparative Law (Alabama),Summer Session,Undergraduate,6.0,In Person,2020
3334,LING4010,Selected Topics in Empirical Approaches to Linguistics,First Semester/Second Semester,Undergraduate,6.0,In Person,2020
3335,FREN2021,Selected Topics in French Studies,Second Semester,Undergraduate,6.0,In Person,2020
3336,FREN6510,Selected Topics in French Studies,Second Semester,Postgraduate,6.0,In Person,2020
3337,LING4009,Selected Topics in Methodologies for Researching Language,First Semester/Second Semester,Undergraduate,12.0,In Person,2020
3338,LING4011,Selected Topics in Theory and Analysis in Linguistics,First Semester/Second Semester,Undergraduate,12.0,In Person,2020
3339,LAWS4233,Selected Topics in Torts,,Undergraduate,6.0,In Person,2020
3340,SOCY1002,Self and Society,First Semester,Undergraduate,6.0,In Person,2020
3341,LING3035,Semantic Typology,Second Semester,Undergraduate,6.0,In Person,2020
3342,LING6035,Semantic Typology,Second Semester,Postgraduate,6.0,In Person,2020
3343,LING2008,Semantics,First Semester,Undergraduate,6.0,In Person,2020
3344,LING6008,Semantics,First Semester,Postgraduate,6.0,Online or In Person,2020
3345,BAPA2002,Semester at Ritsumeikan University - Global Libral Arts,First Semester/Second Semester,Undergraduate,6.0,In Person,2020
3346,ASIA5920,Semester in Asia,First Semester/Second Semester,Undergraduate,6.0,In Person,2020
3347,ENGN3334,Semiconductors,,Undergraduate,6.0,In Person,2020
3348,ENGN6334,Semiconductors,,Postgraduate,6.0,In Person,2020
3349,BUSN4111,Seminal Research in Accounting,Second Semester,Undergraduate,6.0,In Person,2020
3350,BUSN8111,Seminal Research in Accounting,Second Semester,Postgraduate,6.0,In Person,2020
3351,HIST8027,Seminar in Advanced Historical Research,Second Semester,Postgraduate,12.0,Online or In Person,2020
3352,HIST4011,Seminar in Advanced Historiography,First Semester,Undergraduate,12.0,In Person,2020
3353,HIST8024,Seminar in Advanced Historiography,First Semester,Postgraduate,6.0,Online or In Person,2020
3354,HIST4013,Seminar in Historical Writing and Presentation,Second Semester,Undergraduate,12.0,In Person,2020
3355,BUSN8013,Seminar in Research Method in Commerce,First Semester/Second Semester,Postgraduate,6.0,In Person,2020
3356,BUSN4013,Seminar in Research Method in Commerce,First Semester/Second Semester,Undergraduate,6.0,In Person,2020
3357,LAWS4314,Sentencing,,Undergraduate,6.0,In Person,2020
3358,MKTG7023,Services Marketing,Second Semester,Postgraduate,6.0,In Person,2020
3359,MKTG2023,Services Marketing,Second Semester,Undergraduate,6.0,Online or In Person,2020
3360,HIST8016,Settler Societies and Indigenous Encounters,,Postgraduate,6.0,Online or In Person,2020
3361,PHIL2082,Sex and Death: the Philosophy of Biology,Second Semester,Undergraduate,6.0,In Person,2020
3362,GEND1001,"Sex, Gender and Identity: An Introduction to Gender Studies",First Semester,Undergraduate,6.0,In Person,2020
3363,HIST6229,Sexuality in Australian History,,Postgraduate,6.0,In Person,2020
3364,HIST2229,Sexuality in Australian History,,Undergraduate,6.0,In Person,2020
3365,ENGL2055,Shakespeare and Film,First Semester,Undergraduate,6.0,In Person,2020
3366,POLS3029,Sharing Power: Federalism in Comparative Perspective,First Semester,Undergraduate,6.0,In Person,2020
3367,ENGN2228,Signals and Systems,Second Semester,Undergraduate,6.0,In Person,2020
3368,HIST8014,Sites of Memory: the uses of Indigenous history,Second Semester,Postgraduate,6.0,Online or In Person,2020
3369,LAWS8658,Skilled and Business Migration,,Postgraduate,6.0,Online,2020
3370,LEGM8004,"Skilled, employer sponsored and business visas",Second Semester,Postgraduate,6.0,Online,2020
3371,ANTH8019,Social Analysis & Community Politics,First Semester,Postgraduate,6.0,Online or In Person,2020
3372,ANTH6519,Social Animals: anthropological perspectives on animal-human relationships,,Postgraduate,6.0,In Person,2020
3373,ANTH2133,Social Animals: anthropological perspectives on animal-human relationships,,Undergraduate,6.0,In Person,2020
3374,ASIA8050,Social Conflict and Environmental Challenges in Asia and the Pacific,,Postgraduate,6.0,In Person,2020
3375,CBEA3002,Social Enterprise Experience,,Undergraduate,6.0,In Person,2020
3376,MGMT2008,Social Enterprises and Social Business,Second Semester,Undergraduate,6.0,In Person,2020
3377,ANTH8028,Social Impact Assessment: Theory and Methods,Second Semester,Postgraduate,6.0,Online or In Person,2020
3378,ANTH8008,Social Impact Assessment: Theory and Methods (Advanced),,Postgraduate,12.0,Online or In Person,2020
3379,SOCY2055,Social Inequality in Comparative Perspective,,Undergraduate,6.0,In Person,2020
3380,MKTG3024,Social Marketing,,Undergraduate,6.0,In Person,2020
3381,POGO8025,Social Policy Analysis,Second Semester,Postgraduate,6.0,In Person,2020
3382,POGO8024,"Social Policy, Society and Change",,Postgraduate,6.0,In Person,2020
3383,SOCY2101,Social Policy: Principles and Practice,First Semester,Undergraduate,6.0,In Person,2020
3384,PSYC2001,Social Psychology,Second Semester,Undergraduate,6.0,In Person,2020
3385,SOCR8082,Social Research Practice,Second Semester,Postgraduate,6.0,In Person,2020
3386,SOCY9001,Social Research Theory and Design,First Semester/Second Semester,Postgraduate,6.0,In Person,2020
3387,SOCY6066,Social Science of the Internet,First Semester,Postgraduate,6.0,In Person,2020
3388,SOCY2166,Social Science of the Internet,First Semester,Undergraduate,6.0,In Person,2020
3389,POPH8108,Social and Cultural Determinants of Health,Second Semester,Postgraduate,6.0,Online or In Person,2020
3390,DEMO2004,Social inequalities in health,,Undergraduate,6.0,In Person,2020
3391,PREP1140,Social psychology,,Undergraduate,6.0,In Person,2020
3392,ARTV6811,"Socially Engaged Art Practice: Authorship, Dialogue and Community",Second Semester,Postgraduate,6.0,In Person,2020
3393,ARTV2801,"Socially Engaged Art Practice: Authorship, Dialogue and Community",Second Semester,Undergraduate,6.0,In Person,2020
3394,SOCY1006,Society & Technological Change,First Semester,Undergraduate,6.0,In Person,2020
3395,ENVS2013,Society and Environmental Change,Second Semester,Undergraduate,6.0,In Person,2020
3396,ENVS6013,Society and Environmental Change,Second Semester,Postgraduate,6.0,In Person,2020
3397,SOCY4010,Sociology Honours Methods Seminar,First Semester,Undergraduate,12.0,In Person,2020
3398,SOCY4009,Sociology Honours Theory Seminar,First Semester,Undergraduate,12.0,In Person,2020
3399,SOCY8103,Sociology in the Digital Age,,Postgraduate,6.0,In Person,2020
3400,SOCY2170,Sociology of Emergent Media,,Undergraduate,6.0,In Person,2020
3401,SOCY6170,Sociology of Emergent Media,,Postgraduate,6.0,In Person,2020
3402,SOCY2162,Sociology of Health and Illness,,Undergraduate,6.0,In Person,2020
3403,SOCY2059,Sociology of Resistance,First Semester,Undergraduate,6.0,In Person,2020
3404,SOCY2030,Sociology of Third World Development,Second Semester,Undergraduate,6.0,In Person,2020
3405,SOCY6045,Sociology of Third World Development,Second Semester,Postgraduate,6.0,Online or In Person,2020
3406,PHYS2204,Soft Condensed Matter: Understanding squishy materials from food to biology,,Undergraduate,6.0,In Person,2020
3407,COMP6311,Software Analysis and Design,,Postgraduate,6.0,In Person,2020
3408,COMP2130,Software Analysis and Design,,Undergraduate,6.0,In Person,2020
3409,COMP6442,Software Construction,First Semester/Second Semester,Postgraduate,6.0,In Person,2020
3410,COMP2100,Software Design Methodologies,First Semester/Second Semester,Undergraduate,6.0,In Person,2020
3411,COMP2120,Software Engineering,Second Semester,Undergraduate,6.0,In Person,2020
3412,COMP6120,Software Engineering,Second Semester,Postgraduate,6.0,In Person,2020
3413,COMP3100,Software Engineering Group Project,,Undergraduate,6.0,In Person,2020
3414,COMP4500,Software Engineering Practice,First Semester/Second Semester,Undergraduate,6.0,In Person,2020
3415,COMP8173,Software Engineering Processes,,Postgraduate,6.0,In Person,2020
3416,COMP3500,Software Engineering Project,First Semester/Second Semester,Undergraduate,6.0,In Person,2020
3417,COMP4540,Software Engineering Research Project,First Semester/Second Semester,Undergraduate,6.0,In Person,2020
3418,COMP7500,Software Security,,Postgraduate,6.0,Online or In Person,2020
3419,SOCY8015,Software Studies and Platform Sociology,,Postgraduate,6.0,In Person,2020
3420,ENGN4525,Solar Thermal Technologies,Second Semester,Undergraduate,6.0,In Person,2020
3421,ENGN6525,Solar Thermal Technologies,Second Semester,Postgraduate,6.0,In Person,2020
3422,PHYS3032,Solid State Physics,Second Semester,Undergraduate,6.0,In Person,2020
3423,PHYS6032,Solid State Physics,Second Semester,Postgraduate,6.0,In Person,2020
3424,MUSI3321,Songwriting: concepts and craft,First Semester,Undergraduate,6.0,In Person,2020
3425,MUSI3318,Sound Archiving,,Undergraduate,6.0,In Person,2020
3426,MUSI6008,Sound Archiving,,Postgraduate,6.0,In Person,2020
3427,LING2010,Sounds of the World's Languages: Phonetics and Phonology,Second Semester,Undergraduate,6.0,In Person,2020
3428,LING6010,Sounds of the World's Languages: Phonetics and Phonology,Second Semester,Postgraduate,6.0,In Person,2020
3429,ECON4449,South East Asian Economic Policy & Development,,Undergraduate,6.0,In Person,2020
3430,ECON8049,Southeast Asian Economic Policy and Development,,Postgraduate,6.0,In Person,2020
3431,ECON3009,Southeast Asian Economic Policy and Development(P),,Undergraduate,6.0,In Person,2020
3432,ASIA2060,Southeast Asian Security,,Undergraduate,6.0,In Person,2020
3433,ASIA6060,Southeast Asian Security,,Postgraduate,6.0,In Person,2020
3434,DEMO8063,Spatial Population Data Analysis,First Semester,Postgraduate,6.0,In Person,2020
3435,SCOM2015,Speaking of Science,Second Semester,Undergraduate,6.0,In Person,2020
3436,SCOM6015,Speaking of Science,Second Semester,Postgraduate,6.0,In Person,2020
3437,LAWS4234,Special Law Elective 1: Animals and the Law,,Undergraduate,6.0,In Person,2020
3438,MGMT8172,Special Management Topic,Autumn Session/Winter Session,Postgraduate,6.0,In Person,2020
3439,MMIB8003,Special Research Topic 1,First Semester/Second Semester,Postgraduate,6.0,In Person,2020
3440,MMIB8004,Special Research Topic 2,First Semester/Second Semester,Postgraduate,12.0,In Person,2020
3441,ENVS3016,Special Topic,Summer Session/First Semester/Autumn Session/Winter Session/Second Semester/Spring Session,Undergraduate,6.0,In Person,2020
3442,STST2004,Special Topic in International Security,,Undergraduate,6.0,In Person,2020
3443,MATH6209,Special Topic in Mathematical Sciences,Summer Session/First Semester/Second Semester,Postgraduate,6.0,In Person,2020
3444,MEAS8105,Special Topic in Middle Eastern and Central Asian Studies,,Postgraduate,6.0,In Person,2020
3445,MEAS8123,Special Topic in Modern Islam,,Postgraduate,6.0,In Person,2020
3446,NSPO8022,Special Topic in National Security Policy,,Postgraduate,6.0,In Person,2020
3447,SOCR8004,Special Topic in Social Research,,Postgraduate,6.0,In Person,2020
3448,EMSC3050,Special Topics,Summer Session/First Semester/Autumn Session/Winter Session/Second Semester/Spring Session,Undergraduate,6.0,In Person,2020
3449,ECON8112,Special Topics  in Macroeconomics,,Postgraduate,6.0,In Person,2020
3450,ECON3112,Special Topics  in Macroeconomics,,Undergraduate,6.0,In Person,2020
3451,REGN8012,"Special Topics - Criminology, Justice and Regulation",First Semester/Second Semester,Postgraduate,6.0,In Person,2020
3452,FINM8002,Special Topics - Finance (Corporate and Behavioural Finance),,Postgraduate,6.0,In Person,2020
3453,ENGN6521,Special Topics In  Engineering II,First Semester/Winter Session/Second Semester,Postgraduate,6.0,In Person,2020
3454,BUSN3060,Special Topics In Commerce,,Undergraduate,6.0,In Person,2020
3455,POLS8041,Special Topics In Comparative Politics,First Semester,Postgraduate,6.0,In Person,2020
3456,ACST3001,Special Topics in Actuarial Studies,,Undergraduate,6.0,In Person,2020
3457,ACST8051,Special Topics in Actuarial Studies 1,First Semester,Postgraduate,6.0,In Person,2020
3458,ACST8052,Special Topics in Actuarial Studies 2,,Postgraduate,6.0,In Person,2020
3459,STAT8024,Special Topics in Applied Statistics 1,First Semester,Postgraduate,6.0,In Person,2020
3460,STAT8025,Special Topics in Applied Statistics 2,,Postgraduate,6.0,In Person,2020
3461,ARAB3006,Special Topics in Arabic,,Undergraduate,6.0,In Person,2020
3462,ARAB6508,Special Topics in Arabic,,Postgraduate,6.0,In Person,2020
3463,ASIA6022,Special Topics in Asian and Pacific Studies,,Postgraduate,6.0,In Person,2020
3464,ASIA2112,Special Topics in Asian and Pacific Studies,,Undergraduate,6.0,In Person,2020
3465,BUSN4010,Special Topics in Commerce,,Undergraduate,6.0,In Person,2020
3466,BUSN8102,Special Topics in Commerce,,Postgraduate,6.0,In Person,2020
3467,BUSN8103,Special Topics in Commerce,,Postgraduate,6.0,In Person,2020
3468,BUSN4101,Special Topics in Commerce,,Undergraduate,6.0,In Person,2020
3469,BUSN8010,Special Topics in Commerce,,Postgraduate,6.0,In Person,2020
3470,BUSN8101,Special Topics in Commerce,,Postgraduate,6.0,In Person,2020
3471,POLS4041,Special Topics in Comparative Politics,First Semester,Undergraduate,6.0,In Person,2020
3472,COMP2710,Special Topics in Computer Science,Summer Session/First Semester/Second Semester,Undergraduate,6.0,In Person,2020
3473,COMP6470,Special Topics in Computing,First Semester/Second Semester/Spring Session,Postgraduate,6.0,In Person,2020
3474,CRIM2011,Special Topics in Criminology,Second Semester,Undergraduate,6.0,In Person,2020
3475,DIPL8012,Special Topics in Diplomacy,First Semester,Postgraduate,6.0,Online or In Person,2020
3476,EMSC8014,Special Topics in Earth Science,Summer Session/First Semester/Autumn Session/Winter Session/Second Semester/Spring Session,Postgraduate,6.0,In Person,2020
3477,EMET3020,Special Topics in Econometrics,,Undergraduate,6.0,In Person,2020
3478,ECON8099,Special Topics in Economic Dynamics,,Postgraduate,6.0,In Person,2020
3479,ECON3099,Special Topics in Economic Dynamics,,Undergraduate,6.0,In Person,2020
3480,ECON3020,Special Topics in Economics: Computing and Data Skills,,Undergraduate,6.0,In Person,2020
3481,ENGN4521,Special Topics in Engineering 2,First Semester/Second Semester,Undergraduate,6.0,In Person,2020
3482,ENGN4522,Special Topics in Engineering 3,First Semester/Second Semester,Undergraduate,6.0,In Person,2020
3483,ENGN4523,Special Topics in Engineering 4,First Semester/Second Semester,Undergraduate,6.0,In Person,2020
3484,ENGN4520,Special Topics in Engineering I,Summer Session/First Semester/Winter Session/Second Semester,Undergraduate,6.0,In Person,2020
3485,ENGN6520,Special Topics in Engineering I,First Semester/Winter Session/Second Semester,Postgraduate,6.0,In Person,2020
3486,LAWS8291,Special Topics in Environmental Law,,Postgraduate,6.0,In Person,2020
3487,EMDV8041,Special Topics in Environmental Management and Development,Second Semester,Postgraduate,6.0,In Person,2020
3488,FINM3004,Special Topics in Finance,,Undergraduate,6.0,In Person,2020
3489,FINM4600,Special Topics in Finance,Second Semester,Undergraduate,6.0,In Person,2020
3490,LAWS8590,Special Topics in Government and Regulation,,Postgraduate,6.0,In Person,2020
3491,INDG3005,Special Topics in Indigenous Studies,,Undergraduate,6.0,In Person,2020
3492,LAWS8122,Special Topics in International Law,Winter Session,Postgraduate,6.0,In Person,2020
3493,INTR8018,Special Topics in International Relations,Summer Session,Postgraduate,6.0,In Person,2020
3494,LAWS8019,Special Topics in International Security Law,,Postgraduate,6.0,In Person,2020
3495,LAWS8148,Special Topics in Law,,Postgraduate,6.0,In Person,2020
3496,LAWS8028,"Special Topics in Law, Governance and Development",Spring Session,Postgraduate,6.0,In Person,2020
3497,LEGM8157,Special Topics in Legal Practice,,Postgraduate,6.0,Online,2020
3498,LING3025,Special Topics in Linguistics,First Semester/Second Semester,Undergraduate,6.0,In Person,2020
3499,LING6525,Special Topics in Linguistics,First Semester/Second Semester,Postgraduate,6.0,In Person,2020
3500,MATH4349,Special Topics in Mathematics,Summer Session/First Semester/Autumn Session/Second Semester,Undergraduate,6.0,In Person,2020
3501,MATH3349,Special Topics in Mathematics,Summer Session/First Semester/Autumn Session/Winter Session/Second Semester/Spring Session,Undergraduate,6.0,In Person,2020
3502,ECON8110,Special Topics in Microeconomics,,Postgraduate,6.0,In Person,2020
3503,ECON3110,Special Topics in Microeconomics,,Undergraduate,6.0,In Person,2020
3504,MEAS4001,Special Topics in Middle Eastern and Central Asian Studies,,Undergraduate,6.0,In Person,2020
3505,POLS4009,Special Topics in Politics and International Relations 1,,Undergraduate,6.0,In Person,2020
3506,POLS4010,Special Topics in Politics and International Relations 2,,Undergraduate,6.0,In Person,2020
3507,PSYC3023,Special Topics in Psychology,Summer Session/First Semester/Autumn Session/Winter Session/Second Semester/Spring Session,Undergraduate,6.0,In Person,2020
3508,PHYS8750,Special Topics in Quantum Technology,First Semester/Second Semester,Postgraduate,6.0,In Person,2020
3509,SCNC2022,Special Topics in Science,Winter Session/Spring Session,Undergraduate,6.0,In Person,2020
3510,SCNC1022,Special Topics in Science,,Undergraduate,6.0,In Person,2020
3511,SCNC3022,Special Topics in Science,Second Semester/Spring Session,Undergraduate,6.0,In Person,2020
3512,SCNC8022,Special Topics in Science,Spring Session,Postgraduate,6.0,In Person,2020
3513,SCOM3005,Special Topics in Science Communication,Summer Session/First Semester/Autumn Session/Winter Session/Second Semester/Spring Session,Undergraduate,6.0,Online or In Person,2020
3514,SCOM6005,Special Topics in Science Communication,Summer Session/First Semester/Autumn Session/Winter Session/Second Semester/Spring Session,Postgraduate,6.0,Online or In Person,2020
3515,SOCY2168,Special Topics in Sociology,,Undergraduate,6.0,In Person,2020
3516,STAT3039,Special Topics in Statistics,First Semester,Undergraduate,6.0,In Person,2020
3517,STAT8016,Special Topics in Statistics 1,First Semester,Postgraduate,6.0,In Person,2020
3518,STST8017,Special Topics in Strategic Studies,Winter Session,Postgraduate,6.0,In Person,2020
3519,ANTH2004,Spirit Rising: Religious Resurgence in its Local Context,,Undergraduate,6.0,In Person,2020
3520,ANTH6004,Spirit Rising: Religious Resurgence in its Local Context,,Postgraduate,6.0,Online or In Person,2020
3521,LAWS8070,Sports Law,,Postgraduate,6.0,In Person,2020
3522,BIAN8009,Stable Isotopes in Archaeology and Biological Anthropology,Spring Session,Postgraduate,6.0,In Person,2020
3523,BIOL6110,"Stable Isotopes in Biogeochemistry, Environment, Medicine and Authentication",Autumn Session,Postgraduate,6.0,In Person,2020
3524,BIOL3110,"Stable Isotopes in Biogeochemistry, Environment, Medicine and Authentication",Autumn Session,Undergraduate,6.0,In Person,2020
3525,ASTR8008,Star Formation,Second Semester,Postgraduate,6.0,In Person,2020
3526,ASTR4008,Star Formation,Second Semester,Undergraduate,6.0,In Person,2020
3527,ASTR3007,Stars,First Semester,Undergraduate,6.0,In Person,2020
3528,ASTR6007,Stars,First Semester,Postgraduate,6.0,In Person,2020
3529,EMDV8101,"State, Society and Natural Resources",Second Semester,Postgraduate,6.0,In Person,2020
3530,ANCH6102,"State, sanctuary and community: archaeology of settlement and memory in ancient Greece",,Postgraduate,12.0,In Person,2020
3531,ANCH2102,"State, sanctuary and community: archaeology of settlement and memory in ancient Greece",,Undergraduate,12.0,In Person,2020
3532,NSPO8021,Statecraft and National Security in Cyberspace,First Semester,Postgraduate,6.0,In Person,2020
3533,ANTH2134,States and Citizens: Anthropological Perspectives,First Semester,Undergraduate,6.0,In Person,2020
3534,ANTH6134,States and Citizens: Anthropological Perspectives,First Semester,Postgraduate,6.0,In Person,2020
3535,INTR8050,"States, Globalisation and the Movement of Peoples",,Postgraduate,6.0,In Person,2020
3536,STAT4027,Statistical Inference,First Semester,Undergraduate,6.0,In Person,2020
3537,STAT8027,Statistical Inference,First Semester,Postgraduate,6.0,In Person,2020
3538,STAT3013,Statistical Inference,First Semester,Undergraduate,6.0,In Person,2020
3539,STAT7040,Statistical Learning,First Semester,Postgraduate,6.0,In Person,2020
3540,STAT3040,Statistical Learning,First Semester,Undergraduate,6.0,In Person,2020
3541,STAT4040,Statistical Learning,First Semester,Undergraduate,6.0,In Person,2020
3542,COMP4670,Statistical Machine Learning,First Semester,Undergraduate,6.0,In Person,2020
3543,COMP8600,Statistical Machine Learning,First Semester,Postgraduate,6.0,In Person,2020
3544,STAT1003,Statistical Techniques,First Semester,Undergraduate,6.0,In Person,2020
3545,PREP1116,Statistics,,Undergraduate,6.0,In Person,2020
3546,STAT4500,Statistics Honours Thesis,First Semester/Second Semester,Undergraduate,6.0,In Person,2020
3547,SOCR8001,Statistics for Social Scientists,First Semester,Postgraduate,6.0,In Person,2020
3548,SOCR4001,Statistics for Social Scientists,First Semester,Undergraduate,6.0,In Person,2020
3549,LAWS8072,Statutory Interpretation,Autumn Session,Postgraduate,6.0,In Person,2020
3550,ASTR4015,Stellar Atmospheres and Spectroscopy,,Undergraduate,6.0,In Person,2020
3551,ASTR8005,Stellar Atmospheres and Spectroscopy,,Postgraduate,6.0,In Person,2020
3552,MATH6115,Stochastic Analysis with Financial Applications,Second Semester,Postgraduate,6.0,In Person,2020
3553,MATH3015,Stochastic Analysis with Financial Applications,Second Semester,Undergraduate,6.0,In Person,2020
3554,STAT7018,Stochastic Modelling,First Semester,Postgraduate,6.0,In Person,2020
3555,STAT3004,Stochastic Modelling,First Semester,Undergraduate,6.0,In Person,2020
3556,STAT4018,Stochastic Modelling,First Semester,Undergraduate,6.0,In Person,2020
3557,ENGL2085,Strange Home: Rethinking Australian Literature,Second Semester,Undergraduate,6.0,In Person,2020
3558,LEGM8331,Strata Law and Practice in the 21st Century City,,Postgraduate,6.0,Online,2020
3559,MGMT7171,Strategic Human Resource Management,Summer Session,Postgraduate,6.0,In Person,2020
3560,MGMT8022,Strategic Management,First Semester/Winter Session/Second Semester/Spring Session,Postgraduate,6.0,In Person,2020
3561,MKTG3023,Strategic Marketing,First Semester,Undergraduate,6.0,In Person,2020
3562,LEGM8323,Strategic Negotiation Skills,,Postgraduate,6.0,Online,2020
3563,POGO8506,Strategic Policymaking,Winter Session,Postgraduate,6.0,In-Person and Online,2020
3564,STST8001,Strategic Studies,First Semester,Postgraduate,12.0,In Person,2020
3565,STST8010,Strategic Studies Concepts and Asia Pacific Conflict,Second Semester,Postgraduate,6.0,In Person,2020
3566,STST9010,Strategic Studies Concepts and Asia Pacific Conflict,Second Semester,Postgraduate,6.0,In Person,2020
3567,STST8064,Strategic Studies Experience,First Semester,Postgraduate,0.0,In Person,2020
3568,STST8059,Strategic Studies Internship,First Semester/Second Semester,Postgraduate,6.0,In Person,2020
3569,ECON2141,Strategic Thinking: An introduction to Game Theory,First Semester/Second Semester,Undergraduate,6.0,In Person,2020
3570,SCOM4501,Strategies in Science Communication,Winter Session,Undergraduate,6.0,In Person,2020
3571,SCOM6501,Strategies in Science Communication,Winter Session,Postgraduate,6.0,In Person,2020
3572,SCOM3501,Strategies in Science Communication,Winter Session,Undergraduate,6.0,In Person,2020
3573,STST8102,Strategy,Summer Session,Postgraduate,12.0,In Person,2020
3574,STST8056,Strategy and Southeast Asia: Defence and Security Dynamics,Second Semester,Postgraduate,6.0,In Person,2020
3575,CHEM2210,Structural Elucidation in Chemistry,Summer Session/First Semester,Undergraduate,6.0,In Person,2020
3576,EMSC3002,Structural Geology and Tectonics,Second Semester,Undergraduate,6.0,In Person,2020
3577,EMSC6030,Structural Geology and Tectonics,Second Semester,Postgraduate,6.0,In Person,2020
3578,CHEM3204,Structural Methods in Chemical Biology,,Undergraduate,6.0,In Person,2020
3579,LING2020,Structure of English,First Semester,Undergraduate,6.0,In Person,2020
3580,COMP6710,Structured Programming,First Semester/Second Semester,Postgraduate,6.0,In Person,2020
3581,COMP1110,Structured Programming,First Semester/Second Semester,Undergraduate,6.0,In Person,2020
3582,COMP1140,Structured Programming (Advanced),Second Semester,Undergraduate,6.0,In Person,2020
3583,FINM6009,Student Managed Fund,Second Semester,Postgraduate,6.0,In Person,2020
3584,FINM3009,Student Managed Fund,First Semester/Second Semester,Undergraduate,6.0,In Person,2020
3585,FINM3010,Student Managed Fund Extension,First Semester/Second Semester,Undergraduate,6.0,In Person,2020
3586,FINM6010,Student Managed Fund Extension,,Postgraduate,6.0,In Person,2020
3587,COMP2560,Studies in Advanced Computing R&D,Second Semester,Undergraduate,6.0,In Person,2020
3588,DESN4013,Studio Inquiry: Application of Research,,Undergraduate,12.0,In Person,2020
3589,ASIA6151,Study Tour: Archaeology in Asia,Spring Session,Postgraduate,6.0,In Person,2020
3590,ASIA3051,Study Tour: Archaeology in Asia,Spring Session,Undergraduate,6.0,In Person,2020
3591,ARCH2022,Study Tour: Cultural Landscapes and Environmental Change,Summer Session,Undergraduate,6.0,In Person,2020
3592,ARCH6022,Study Tour: Cultural Landscapes and Environmental Change,Summer Session,Postgraduate,6.0,In Person,2020
3593,EMDV8015,Study Tour: Eco-Cultural Tourism Cairns,,Postgraduate,6.0,In Person,2020
3594,ASIA2084,"Study Tour: Modern Mongolia - Challenges to the Environment, Economy and Empire",,Undergraduate,6.0,In Person,2020
3595,PASI6030,Study Tour: Regional Policymaking for Pacific Development,Second Semester,Postgraduate,6.0,In Person,2020
3596,PASI2030,Study Tour: Regional Policymaking for Pacific Development,,Undergraduate,6.0,In Person,2020
3597,ASIA6114,Study Tour: Southeast Asian Frontiers – Thailand and Burma/Myanmar,,Postgraduate,12.0,In Person,2020
3598,ASIA3014,Study Tour: Southeast Asian Frontiers – Thailand and Burma/Myanmar,,Undergraduate,12.0,In Person,2020
3599,ASIA2090,Study Tour: The Political Economy of Myanmar,,Undergraduate,6.0,Online or In Person,2020
3600,LING3008,Study of A Language Family,,Undergraduate,6.0,In Person,2020
3601,LING6508,Study of a Language Family,,Postgraduate,6.0,Online or In Person,2020
3602,STST2020,Study tour: Southeast Asia's Security Choices,,Undergraduate,6.0,In Person,2020
3603,LAWS4236,Succession,First Semester,Undergraduate,6.0,In Person,2020
3604,LAWS8436,Succession,First Semester,Postgraduate,6.0,In Person,2020
3605,ARCH8029,Supervised Field School Project in Archaeological Science,,Postgraduate,6.0,In Person,2020
3606,ASIA8512,Supervised Project in Asia-Pacific Studies,First Semester/Second Semester,Postgraduate,6.0,Online or In Person,2020
3607,LAWS4300,Supervised Research Paper,First Semester/Second Semester,Undergraduate,12.0,In Person,2020
3608,ANTH3010,Supervised Research in Anthropology,First Semester/Second Semester,Undergraduate,6.0,In Person,2020
3609,BIAN3129,Supervised Research in Biological Anthropology,First Semester/Second Semester,Undergraduate,6.0,In Person,2020
3610,ANTH8037,Supervised Special Project,First Semester,Postgraduate,12.0,Online or In Person,2020
3611,ASGS1101,Support For Business Reporting and Analysis,,Undergraduate,6.0,In Person,2020
3612,ASGS1105,Support For Physics and its Foundations,,Undergraduate,6.0,In Person,2020
3613,ASGS1104,Support For Self and Society,,Undergraduate,6.0,In Person,2020
3614,ASGS1103,"Support for Asia and the Pacific: Power, diversity and change",,Undergraduate,6.0,In Person,2020
3615,ASGS1110,Support for Australia's Environment,,Undergraduate,6.0,In Person,2020
3616,ASGS1111,Support for Business Information Systems,,Undergraduate,6.0,In Person,2020
3617,ASGS1109,"Support for Global Citizen: Culture, Development and Inequality",,Undergraduate,6.0,In Person,2020
3618,ASGS1114,Support for Introduction to International Relations: Foundations and Concepts,,Undergraduate,6.0,In Person,2020
3619,ASGS1113,Support for Introduction to International Security Studies,,Undergraduate,6.0,In Person,2020
3620,ASGS1102,"Support for Management, People and Organisations",,Undergraduate,6.0,In Person,2020
3621,ASGS1108,Support for Peace Building and Conflict Resolution,,Undergraduate,6.0,In Person,2020
3622,ASGS1112,Support for Quantitative Research Methods,,Undergraduate,6.0,In Person,2020
3623,ASGS1115,Support for Science Courses,,Undergraduate,6.0,In Person,2020
3624,SOCY6064,Surveillance and Society,,Postgraduate,6.0,In Person,2020
3625,SOCY2157,Surveillance and Society,,Undergraduate,6.0,In Person,2020
3626,SOCR4002,Survey Data Analysis,Second Semester,Undergraduate,6.0,In Person,2020
3627,SOCR8002,Survey Data Analysis,Second Semester,Postgraduate,6.0,In Person,2020
3628,LAWS4247,Survey of United States Law,Summer Session,Undergraduate,6.0,In Person,2020
3629,STAT7042,Survival Models,First Semester,Postgraduate,6.0,In Person,2020
3630,STAT4072,Survival Models,First Semester,Undergraduate,6.0,In Person,2020
3631,STAT3032,Survival Models,First Semester,Undergraduate,6.0,In Person,2020
3632,BUSN7017,"Sustainability and Corporate Social Responsibility, Accountability and Reporting",Second Semester,Postgraduate,6.0,In Person,2020
3633,IDEC8004,Sustainability and Ecological Economics,,Postgraduate,6.0,In Person,2020
3634,ENVS2023,Sustainable Agricultural Systems,,Undergraduate,6.0,Online or In Person,2020
3635,ENVS6223,Sustainable Agricultural Systems,,Postgraduate,6.0,Online or In Person,2020
3636,ENVS6108,Sustainable Development,Second Semester,Postgraduate,6.0,In Person,2020
3637,ENVS1008,Sustainable Development,Second Semester,Undergraduate,6.0,In Person,2020
3638,LAWS8037,Sustainable Energy Law,Winter Session,Postgraduate,6.0,In Person,2020
3639,MKTG2002,Sustainable Marketing,First Semester,Undergraduate,6.0,In Person,2020
3640,ENGN4027,Sustainable Nanomaterials,First Semester,Undergraduate,6.0,In Person,2020
3641,ENGN6420,Sustainable Product Development,,Postgraduate,6.0,In Person,2020
3642,ENGN4420,Sustainable Product Development,,Undergraduate,6.0,In Person,2020
3643,ENVS2012,Sustainable Urban Systems,Second Semester,Undergraduate,6.0,In Person,2020
3644,ENVS6005,Sustainable Urban Systems,Second Semester,Postgraduate,6.0,In Person,2020
3645,CHEM3201,Synthetic Aspects of Medicinal Chemistry,First Semester,Undergraduate,6.0,In Person,2020
3646,COMP3650,System Architectural Understanding and the Human Brain,,Undergraduate,6.0,In Person,2020
3647,COMP6365,System Architectural Understanding and the Human Brain,,Postgraduate,6.0,In Person,2020
3648,ENGN3331,System Dynamics,First Semester,Undergraduate,6.0,In Person,2020
3649,ENGN6331,Systems Dynamics,First Semester,Postgraduate,6.0,In Person,2020
3650,ENGN2226,Systems Engineering Analysis,,Undergraduate,6.0,In Person,2020
3651,ENGN2225,Systems Engineering Design,,Undergraduate,6.0,In Person,2020
3652,ENGN4221,Systems Engineering Project,First Semester/Second Semester,Undergraduate,6.0,In Person,2020
3653,COMP3530,Systems Engineering for Software Engineers,,Undergraduate,6.0,In Person,2020
3654,COMP6353,Systems Engineering for Software Engineers,,Postgraduate,6.0,In Person,2020
3655,ENGN8120,Systems Modelling,Second Semester,Postgraduate,6.0,In Person,2020
3656,NEUR6102,Systems Neuroscience,Second Semester,Postgraduate,6.0,In Person,2020
3657,NEUR3112,Systems Neuroscience,Second Semester,Undergraduate,6.0,In Person,2020
3658,COMP8180,Systems and Software Safety,,Postgraduate,6.0,In Person,2020
3659,COMP6310,"Systems, Networks and Concurrency",Second Semester,Postgraduate,6.0,In Person,2020
3660,COMP2310,"Systems, Networks and Concurrency",Second Semester,Undergraduate,6.0,In Person,2020
3661,ASIA6072,Taiwan: History and Culture,,Postgraduate,6.0,In Person,2020
3662,ASIA2072,Taiwan: History and Culture,,Undergraduate,6.0,In Person,2020
3663,CHIN6016,Taiwanese (Southern Min),,Postgraduate,6.0,In Person,2020
3664,CHIN2013,Taiwanese (Southern Min),,Undergraduate,6.0,In Person,2020
3665,ASIA2222,Taiwanese Society and Politics,Summer Session,Undergraduate,6.0,In Person,2020
3666,CRIM2015,Targeted Violence: Criminological Approaches to Understanding and Prevention,,Undergraduate,6.0,In Person,2020
3667,CRIM6015,Targeted Violence: Criminological Approaches to Understanding and Prevention,,Postgraduate,6.0,In Person,2020
3668,BUSN4016,Taxation Concepts and Issues,,Undergraduate,6.0,In Person,2020
3669,BUSN8016,Taxation Concepts and Issues,,Postgraduate,6.0,In Person,2020
3670,BUSN7021,Taxation Law,First Semester/Second Semester,Postgraduate,6.0,In Person,2020
3671,JPNS6514,Teaching Japanese Method,,Postgraduate,6.0,In Person,2020
3672,JPNS3012,Teaching Japanese: Content,Second Semester,Undergraduate,6.0,In Person,2020
3673,JPNS6512,Teaching Japanese: Content,Second Semester,Postgraduate,6.0,In Person,2020
3674,JPNS3014,Teaching Japanese: Method,,Undergraduate,6.0,In Person,2020
3675,LING2013,Teaching Languages,Second Semester,Undergraduate,6.0,In Person,2020
3676,LING6013,Teaching Languages,Second Semester,Postgraduate,6.0,In Person,2020
3677,MGMT3002,Techniques for Business Project Management,,Undergraduate,6.0,In Person,2020
3678,LEGM8317,Technology Transfer and Commercialisation,Spring Session,Postgraduate,6.0,Online,2020
3679,MGMT7020,Technology and Project Management,First Semester/Second Semester,Postgraduate,6.0,Online or In Person,2020
3680,ENGL2116,Televisual: Investigating Narrative Television,First Semester,Undergraduate,6.0,In Person,2020
3681,ENGL6116,Televisual: Investigating Narrative Television,First Semester,Postgraduate,6.0,In Person,2020
3682,HIST1209,Terror to Terrorism: A History,Second Semester,Undergraduate,6.0,In Person,2020
3683,ANUC1108,Terror to Terrorism: A History,Second Semester,Undergraduate,6.0,In Person,2020
3684,POLS4027,Terrorism & Counter Terrorism,First Semester,Undergraduate,6.0,In Person,2020
3685,POLS8027,Terrorism and Counter Terrorism,First Semester,Postgraduate,6.0,In Person,2020
3686,NSPO8025,Terrorism and National Security,Second Semester,Postgraduate,6.0,In Person,2020
3687,TETM6002,Tetum 1,First Semester,Postgraduate,6.0,Online,2020
3688,TETM1002,Tetum 1,First Semester,Undergraduate,6.0,Online,2020
3689,TETM6003,Tetum 2,Second Semester,Postgraduate,6.0,Online,2020
3690,TETM1003,Tetum 2,Second Semester,Undergraduate,6.0,Online,2020
3691,TETM6104,Tetum 3,First Semester,Postgraduate,6.0,Online,2020
3692,TETM2004,Tetum 3,First Semester,Undergraduate,6.0,Online,2020
3693,TETM6105,Tetum 4,Second Semester,Postgraduate,6.0,Online,2020
3694,TETM2005,Tetum 4,Second Semester,Undergraduate,6.0,Online,2020
3695,DESA2906,Textiles Design: Drawing for Design,,Undergraduate,6.0,In Person,2020
3696,DESA2908,Textiles Design: Fabricated Textiles,,Undergraduate,6.0,In Person,2020
3697,DESA2909,Textiles Design: Marketing Design,Second Semester,Undergraduate,6.0,In Person,2020
3698,DESA2907,Textiles Design: Stitch for Design,,Undergraduate,6.0,In Person,2020
3699,ARTV2906,Textiles: Approaches to Drawing for Craft and Design,,Undergraduate,6.0,In Person,2020
3700,ARTV2908,Textiles: Constructed Textiles,,Undergraduate,6.0,In Person,2020
3701,ARTV1901,Textiles: Dye and Surface Manipulation,,Undergraduate,6.0,In Person,2020
3702,ARTV2907,Textiles: Embroidery and Hand Stitch,,Undergraduate,6.0,In Person,2020
3703,ARTV2911,Textiles: Experimental Practices,First Semester,Undergraduate,6.0,In Person,2020
3704,ARTV2909,Textiles: Maker to Market,Second Semester,Undergraduate,6.0,In Person,2020
3705,ARTV1902,Textiles: Print and Surface Design,Second Semester,Undergraduate,6.0,In Person,2020
3706,THAI1002,Thai 1,First Semester,Undergraduate,6.0,Online,2020
3707,THAI6102,Thai 1,First Semester,Postgraduate,6.0,Online,2020
3708,THAI1003,Thai 2,Second Semester,Undergraduate,6.0,Online,2020
3709,THAI6103,Thai 2,Second Semester,Postgraduate,6.0,Online,2020
3710,THAI6002,Thai 3,First Semester,Postgraduate,6.0,Online,2020
3711,THAI2002,Thai 3,First Semester,Undergraduate,6.0,Online,2020
3712,THAI6003,Thai 4,Second Semester,Postgraduate,6.0,Online,2020
3713,THAI2003,Thai 4,Second Semester,Undergraduate,6.0,Online,2020
3714,THAI3002,Thai 5,First Semester,Undergraduate,6.0,Online or In Person,2020
3715,THAI6502,Thai 5,First Semester,Postgraduate,6.0,Online or In Person,2020
3716,THAI3008,Thai 6,Second Semester,Undergraduate,6.0,Online or In Person,2020
3717,THAI6008,Thai 6,Second Semester,Postgraduate,6.0,Online or In Person,2020
3718,HIST2206,"The Anzac Battlefields and Beyond: A Study Tour of Gallipoli, London, Paris and the Western Front",,Undergraduate,12.0,In Person,2020
3719,ARCH6050,The Archaeology of South East Asia,Second Semester,Postgraduate,6.0,In Person,2020
3720,ARTH6057,The Art and Politics of Collecting,,Postgraduate,12.0,In Person,2020
3721,VCUG1001,The Art of Computing,,Undergraduate,6.0,In Person,2020
3722,VCUG2003,The Art of Making : A practical course aimed at turning ideas into reality,,Undergraduate,6.0,In Person,2020
3723,ECHI1006,The Australian Economy: Past and Present,First Semester,Undergraduate,6.0,In Person,2020
3724,ASGS1008,The Big Ideas in Science,,Undergraduate,6.0,In Person,2020
3725,HIST2221,The Birth of Modernity: Britain 1688-1848,Second Semester,Undergraduate,6.0,In Person,2020
3726,HIST6221,The Birth of Modernity: Britain 1688-1848,Second Semester,Postgraduate,6.0,In Person,2020
3727,EMSC1006,The Blue Planet: An Introduction to Earth System Science,First Semester,Undergraduate,6.0,In Person,2020
3728,EMSC6107,The Blue Planet: an Introduction to Earth System Science,First Semester,Postgraduate,6.0,In Person,2020
3729,IDEC8021,The Chinese Economy,Second Semester,Postgraduate,6.0,In Person,2020
3730,HIST2141,The Cold War: 1945-1989,Second Semester,Undergraduate,6.0,In Person,2020
3731,ASIA3034,The Contemporary Chinese World,Second Semester,Undergraduate,6.0,In Person,2020
3732,BAPA3003,"The Contemporary Pacific: Society, Politics and Development",,Undergraduate,6.0,In Person,2020
3733,COMP1040,The Craft of Computing,,Undergraduate,6.0,In Person,2020
3734,HIST9101,"The Craft of History: Approaches, Themes, Methods",First Semester,Postgraduate,6.0,In Person,2020
3735,POGO8016,The Economic Way of Thinking,First Semester,Postgraduate,6.0,In Person,2020
3736,IDEC8081,The Economics of Incentives and Institutions,,Postgraduate,6.0,In Person,2020
3737,ECON8010,The Economics of Taxation and Redistribution,,Postgraduate,6.0,In Person,2020
3738,ECON2091,"The Economy, Politics and the State",,Undergraduate,6.0,In Person,2020
3739,ECON8091,"The Economy, Politics and the State",,Postgraduate,6.0,In Person,2020
3740,ECON4491,"The Economy, Politics and the State",,Undergraduate,6.0,In Person,2020
3741,DESN2012,The Ethics of Making: Design for Reuse and Repair,,Undergraduate,6.0,In Person,2020
3742,DESN6012,The Ethics of Making: Design for Reuse and Repair,,Postgraduate,6.0,In Person,2020
3743,BUSI7020,The European Business System,First Semester,Postgraduate,6.0,In Person,2020
3744,LAWS8239,The European Union,,Postgraduate,6.0,In Person,2020
3745,EURO8003,The European Union: Regional Integration in Comparative Perspective.,,Postgraduate,6.0,In Person,2020
3746,NSPO8018,The Evolution of National Security Policy since 1945,First Semester,Postgraduate,6.0,In Person,2020
3747,INTR8046,The Evolution of the International System,Second Semester,Postgraduate,6.0,In Person,2020
3748,LAWS8659,The Family in Australian Migration Law,,Postgraduate,6.0,Online,2020
3749,HIST2223,The French Revolution and Napoleon,,Undergraduate,6.0,In Person,2020
3750,HIST6223,The French Revolution and Napoleon,,Postgraduate,6.0,In Person,2020
3751,CHMD8020,The Future of Food and Human Health,,Postgraduate,6.0,Online or In Person,2020
3752,LEGM8318,The Future of Legal Practice,,Postgraduate,6.0,Online,2020
3753,BUSI7019,The Global Business Environment,,Postgraduate,6.0,In Person,2020
3754,POGO8213,The Global Trading System,Second Semester,Postgraduate,6.0,In Person,2020
3755,HIST2214,"The Great War, 1914-1918",,Undergraduate,6.0,In Person,2020
3756,HIST6214,"The Great War, 1914-1919",,Postgraduate,6.0,In Person,2020
3757,MEAS4113,The Gulf Strategic Environment,First Semester,Undergraduate,6.0,In Person,2020
3758,MEAS8113,The Gulf Strategic Environment,First Semester,Postgraduate,6.0,In Person,2020
3759,LAWS8246,The High Court of Australia,,Postgraduate,6.0,In Person,2020
3760,ARCH6006,The History of Archaeology: Discovering the Past,Second Semester,Postgraduate,6.0,In Person,2020
3761,INTR8076,The History of International Thought,,Postgraduate,6.0,In Person,2020
3762,LING2104,The History of the English Language,,Undergraduate,6.0,In Person,2020
3763,LING6529,The History of the English Language,,Postgraduate,6.0,In Person,2020
3764,BIAN1001,The Human Voyage: Introduction to Biological Anthropology,Second Semester,Undergraduate,6.0,In Person,2020
3765,CRIM6000,The Illicit Economy,,Postgraduate,6.0,In Person,2020
3766,CRIM2000,The Illicit Economy,,Undergraduate,6.0,Online or In Person,2020
3767,INDG3003,The Indigenous Economy,,Undergraduate,6.0,In Person,2020
3768,POLS2117,The International Relations of Latin America,,Undergraduate,6.0,In Person,2020
3769,WARS6088,The Korean War,,Postgraduate,6.0,In Person,2020
3770,WARS2003,The Korean War,,Undergraduate,6.0,In Person,2020
3771,LAWS8125,The Law of Corporate Governance,,Postgraduate,6.0,Online,2020
3772,LAWS8184,The Law of International Institutions,,Postgraduate,6.0,In Person,2020
3773,LAWS4312,The Law of Money,,Undergraduate,6.0,In Person,2020
3774,LAWS8401,The Law of Weaponry and Targeting,Summer Session,Postgraduate,6.0,In Person,2020
3775,ASIA2009,The Making of Modern Japan: From Samurai to Economic Superpower and Beyond,First Semester,Undergraduate,6.0,In Person,2020
3776,ASIA6010,The Making of Modern Japan: From Samurai to Economic Superpower and Beyond,First Semester,Postgraduate,6.0,In Person,2020
3777,ASIA6006,The Making of Modern Korea,Second Semester,Postgraduate,6.0,In Person,2020
3778,ASIA6271,The Making of South Asia,First Semester,Postgraduate,6.0,In Person,2020
3779,ASIA2271,The Making of South Asia,First Semester,Undergraduate,6.0,In Person,2020
3780,IDEC8028,The Microeconomics of Development,First Semester,Postgraduate,6.0,In Person,2020
3781,ASIA6116,The Mongol Empire in World History,,Postgraduate,6.0,In Person,2020
3782,ASIA2016,The Mongol Empire in World History,,Undergraduate,6.0,In Person,2020
3783,CLAS1003,"The Myths of Greece and Rome: Mortals, Immortals, and Monsters",First Semester,Undergraduate,6.0,In Person,2020
3784,CLAS6002,"The Myths of Greece and Rome: Mortals, Immortals, and Monsters",First Semester,Postgraduate,6.0,In Person,2020
3785,STST8002,The New Power Politics of Asia,First Semester,Postgraduate,6.0,In Person,2020
3786,ASIA1999,The Origins of Political Order in Asia,First Semester,Undergraduate,6.0,In Person,2020
3787,BAPA1001,The Origins of Political Order in Asia,Spring Session,Undergraduate,6.0,In Person,2020
3788,PHIL3075,"The Philosophy of Gender: Knowledge, Power, Bodies",,Undergraduate,6.0,In Person,2020
3789,PHIL2127,The Philosophy of Time,,Undergraduate,6.0,In Person,2020
3790,ASIA2275,The Pleasures and Powers of Stories in South and Southeast Asia,Winter Session,Undergraduate,6.0,In Person,2020
3791,REGN8050,The Policy and Practice of Regulation,Winter Session,Postgraduate,6.0,In Person,2020
3792,MEAS2105,The Political Economy of the Middle East,Second Semester,Undergraduate,6.0,In Person,2020
3793,POGO8402,The Political and Institutional Architecture of Public Policy,Second Semester,Postgraduate,6.0,In Person,2020
3794,ASIA6026,The Politics of China,First Semester,Postgraduate,6.0,In Person,2020
3795,ASIA2026,The Politics of China,First Semester,Undergraduate,6.0,In Person,2020
3796,ENGL2117,The Politics of Comedy from the Globe to The Office,,Undergraduate,6.0,In Person,2020
3797,ENGL6117,The Politics of Comedy from the Globe to The Office,,Postgraduate,6.0,In Person,2020
3798,POLS3032,The Politics of Empire,,Undergraduate,6.0,In Person,2020
3799,POLS6100,The Politics of Empire,,Postgraduate,6.0,In Person,2020
3800,POLS3035,The Politics of International Law,Second Semester,Undergraduate,6.0,In Person,2020
3801,INTR8043,The Post-Colonial Pacific and Global Change,First Semester,Postgraduate,6.0,In Person,2020
3802,PHIL2094,The Problem of Free Will,,Undergraduate,6.0,In Person,2020
3803,HIST9102,The Professional Historian: Advanced Training,First Semester/Second Semester,Postgraduate,6.0,In Person,2020
3804,HIST6234,The Reach of History: Presenting the past in the public domain,,Postgraduate,6.0,In Person,2020
3805,HIST2234,The Reach of History: Presenting the past in the public domain,,Undergraduate,6.0,In Person,2020
3806,STST8052,The Resort to Force: Understanding Military Power,Second Semester,Postgraduate,6.0,In Person,2020
3807,INTR8020,The Responsibility to Protect,,Postgraduate,6.0,In Person,2020
3808,ANCH2022,The Rise of the Roman Empire,,Undergraduate,6.0,In Person,2020
3809,DIPL2001,The Role of Non-State Actors in Asia-Pacific Diplomacy,Second Semester,Undergraduate,6.0,In Person,2020
3810,DIPL8016,The Role of Non-State Actors in East Asian Diplomacy,,Postgraduate,6.0,In Person,2020
3811,MUSI7003,The Scholar Musician 1,First Semester,Postgraduate,6.0,In Person,2020
3812,MUSI4401,The Scholar Musician 1,First Semester,Undergraduate,6.0,In Person,2020
3813,MUSI4402,The Scholar Musician 2,Second Semester,Undergraduate,6.0,In Person,2020
3814,MUSI8001,The Scholar Musician 2,Second Semester,Postgraduate,6.0,In Person,2020
3815,PSYC3002,The Social Psychology of Group Processes and Social Change,First Semester,Undergraduate,6.0,In Person,2020
3816,SPAN2601,The Sounds of Spanish,Second Semester,Undergraduate,6.0,In Person,2020
3817,SPAN6518,The Sounds of Spanish,Second Semester,Postgraduate,6.0,In Person,2020
3818,HIST6242,The Soviet Union: From the Russian Revolution to the Collapse of Communism,,Postgraduate,6.0,Online or In Person,2020
3819,HIST2242,The Soviet Union: From the Russian Revolution to the Collapse of Communism,,Undergraduate,6.0,In Person,2020
3820,LING6020,The Structure of English,First Semester,Postgraduate,6.0,Online or In Person,2020
3821,SPAN6514,The Structure of Spanish,,Postgraduate,6.0,In Person,2020
3822,SPAN2602,The Structure of Spanish,,Undergraduate,6.0,In Person,2020
3823,ENGL2020,"The Text on Stage: Interpreting, Making and Presenting the Play",First Semester,Undergraduate,6.0,In Person,2020
3824,HIST1215,The Twentieth Century World,Second Semester,Undergraduate,6.0,In Person,2020
3825,DIPL8008,The United Nations and Peace,Winter Session,Postgraduate,6.0,In Person,2020
3826,WARS2002,The Vietnam Wars: 1941-1989,Second Semester,Undergraduate,6.0,Online or In Person,2020
3827,PSYC1005,The Wellbeing Formula: The Science and Practice of Making a Good Life,Second Semester,Undergraduate,6.0,Online or In Person,2020
3828,ECHI6009,The World Economy Since 1800,,Postgraduate,6.0,In Person,2020
3829,ECHI2006,The World Economy Since 1800 (P),,Undergraduate,6.0,In Person,2020
3830,PSYC6002,The social psychology of group processes and social change,,Postgraduate,6.0,In Person,2020
3831,FREN6515,The sounds of French: phonetics and pronunciation,Second Semester,Postgraduate,6.0,In Person,2020
3832,FREN3515,The sounds of French: phonetics and pronunciation,Second Semester,Undergraduate,6.0,In Person,2020
3833,ANTH2050,Themes in Anthropology,,Undergraduate,6.0,In Person,2020
3834,CRIM4001,Theories of Crime and Justice,First Semester,Undergraduate,6.0,In Person,2020
3835,PHIL2020,Theories of Social Justice,Second Semester,Undergraduate,6.0,In Person,2020
3836,WARS2001,Theories of War: An historical and global perspective,First Semester,Undergraduate,6.0,In Person,2020
3837,ARTH2164,Theories of the Object,,Undergraduate,6.0,In Person,2020
3838,ARTH6164,Theories of the Object,,Postgraduate,6.0,In Person,2020
3839,BIAN8005,Theory Seminar in Biological Anthropology,First Semester,Postgraduate,6.0,In Person,2020
3840,BIAN4010,Theory Seminar in Biological Anthropology,First Semester,Undergraduate,12.0,In Person,2020
3841,ANTH4012,Theory and Ethnography in the Analysis of Cultures,First Semester,Undergraduate,12.0,In Person,2020
3842,COMP3630,Theory of Computation,First Semester,Undergraduate,6.0,In Person,2020
3843,COMP6363,Theory of Computation,First Semester,Postgraduate,6.0,In Person,2020
3844,MATH6202,Theory of Partial Differential Equations,Second Semester,Postgraduate,6.0,In Person,2020
3845,MATH4202,Theory of Partial Differential Equations Honours,Second Semester,Undergraduate,6.0,In Person,2020
3846,PHYS2020,Thermal and Statistical Physics,First Semester,Undergraduate,6.0,In Person,2020
3847,DIPL8011,Thesis,First Semester/Second Semester,Postgraduate,24.0,In Person,2020
3848,NSPO8031,Thesis,First Semester/Second Semester,Postgraduate,12.0,In Person,2020
3849,REGN8008,Thesis,First Semester/Second Semester,Postgraduate,24.0,In Person,2020
3850,THES4103,Thesis,First Semester/Second Semester,Undergraduate,6.0,In Person,2020
3851,THES4105,Thesis,First Semester/Second Semester,Undergraduate,6.0,In Person,2020
3852,THES4502,Thesis,First Semester/Second Semester,Undergraduate,6.0,In Person,2020
3853,THES8100,Thesis,First Semester/Second Semester,Postgraduate,6.0,In Person,2020
3854,THES8103,Thesis,First Semester/Second Semester,Postgraduate,6.0,In Person,2020
3855,THES4102,Thesis,First Semester/Second Semester,Undergraduate,6.0,In Person,2020
3856,THES4501,Thesis,First Semester/Second Semester,Undergraduate,6.0,In Person,2020
3857,THES8102,Thesis,First Semester/Second Semester,Postgraduate,6.0,In Person,2020
3858,THES8105,Thesis,First Semester/Second Semester,Postgraduate,6.0,In Person,2020
3859,ASIA8500,Thesis,First Semester/Second Semester,Postgraduate,12.0,Online or In Person,2020
3860,ANTH8050,Thesis,First Semester/Second Semester,Postgraduate,6.0,Online or In Person,2020
3861,EMDV8016,Thesis,Second Semester,Postgraduate,12.0,Online or In Person,2020
3862,INTR8038,Thesis,First Semester/Second Semester,Postgraduate,24.0,In Person,2020
3863,THES4100,Thesis,First Semester/Second Semester,Undergraduate,6.0,In Person,2020
3864,THES8113,Thesis (Online),First Semester/Second Semester,Postgraduate,6.0,Online,2020
3865,INTR8039,Thesis (Part Time),First Semester/Second Semester,Postgraduate,12.0,In Person,2020
3866,DIPL8017,Thesis (Part-time),First Semester/Second Semester,Postgraduate,12.0,In Person,2020
3867,STST8162,Thesis - Full-time,First Semester/Second Semester,Postgraduate,24.0,In Person,2020
3868,STST8071,Thesis - Full-time,First Semester/Second Semester,Postgraduate,24.0,In Person,2020
3869,STST8072,Thesis - Part-time,First Semester/Second Semester,Postgraduate,12.0,In Person,2020
3870,STST8163,Thesis Part-time,First Semester/Second Semester,Postgraduate,12.0,In Person,2020
3871,HUMN9104,Thesis Writing Workshop: The Five Essential Elements of a Thesis,,Postgraduate,6.0,In Person,2020
3872,MATH4005,Thesis and Presentations in Mathematics,First Semester/Second Semester/Spring Session,Undergraduate,6.0,In Person,2020
3873,SCOM4005,Thesis and Seminar in Science Communication,First Semester/Second Semester,Undergraduate,6.0,In Person,2020
3874,ASIA2040,The Making of Modern Korea,Second Semester,Undergraduate,6.0,In Person,2020
3875,ARCH3023,Thinking through the past: archaeological theory from 1950,,Undergraduate,6.0,In Person,2020
3876,MGMT7060,Thought Leadership in Organisations,Second Semester,Postgraduate,6.0,In Person,2020
3877,TIBN1002,Tibetan 1,First Semester,Undergraduate,6.0,Online,2020
3878,TIBN6002,Tibetan 1,First Semester,Postgraduate,6.0,Online,2020
3879,TIBN1003,Tibetan 2,Second Semester,Undergraduate,6.0,Online,2020
3880,TIBN6003,Tibetan 2,Second Semester,Postgraduate,6.0,Online,2020
3881,TOKP1002,Tok Pisin 1,First Semester,Undergraduate,6.0,Online,2020
3882,TOKP6002,Tok Pisin 1,First Semester,Postgraduate,6.0,Online,2020
3883,TOKP6003,Tok Pisin 2,Second Semester,Postgraduate,6.0,Online,2020
3884,TOKP1003,Tok Pisin 2,Second Semester,Undergraduate,6.0,Online,2020
3885,TOKP6101,Tok Pisin 3,First Semester,Postgraduate,6.0,Online,2020
3886,TOKP2001X,Tok Pisin 3 - Duplicate do not use,First Semester,Undergraduate,6.0,Online,2020
3887,TOKP2001,Tok Pisin 3 - Duplicate do not use,First Semester,Undergraduate,6.0,Online,2020
3888,TOKP6102,Tok Pisin 4,Second Semester,Postgraduate,6.0,Online,2020
3889,TOKP2002,Tok Pisin 4 - duplicate do not use,Second Semester,Undergraduate,6.0,Online,2020
3890,TOKP2002X,Tok Pisin 4 - duplicate do not use,Second Semester,Undergraduate,6.0,Online,2020
3891,MGMT7170,Tools and Techniques for Business Project Management,First Semester/Winter Session/Spring Session,Postgraduate,6.0,Online or In Person,2020
3892,LANG4002,Topics in Advanced Language Studies 1,First Semester/Second Semester,Undergraduate,6.0,In Person,2020
3893,LANG4003,Topics in Advanced Language Studies 2,First Semester/Second Semester,Undergraduate,6.0,In Person,2020
3894,LING3126,Topics in Advanced Syntax and Morphology,First Semester,Undergraduate,6.0,In Person,2020
3895,LING6026,Topics in Advanced Syntax and Morphology,First Semester,Postgraduate,6.0,In Person,2020
3896,ASIA9051,Topics in Asia and Pacific Research,First Semester/Second Semester,Postgraduate,6.0,In Person,2020
3897,MATH6201,Topics in Computational Mathematics,First Semester,Postgraduate,6.0,In Person,2020
3898,MATH4201,Topics in Computational Maths Honours,First Semester,Undergraduate,6.0,In Person,2020
3899,COMP3710,Topics in Computer Science,First Semester/Winter Session/Spring Session,Undergraduate,6.0,In Person,2020
3900,ENVS8048,Topics in Environment & Society,Summer Session/First Semester/Autumn Session/Winter Session/Second Semester/Spring Session,Postgraduate,6.0,In Person,2020
3901,ECON4476,Topics in Game Theory,,Undergraduate,6.0,In Person,2020
3902,ECON8076,Topics in Game Theory,,Postgraduate,6.0,In Person,2020
3903,BIAN8002,Topics in Human Population Biology/Health,First Semester,Postgraduate,6.0,In Person,2020
3904,FINM8007,Topics in International Finance,First Semester/Second Semester,Postgraduate,6.0,In Person,2020
3905,IDEC8123,Topics in International and Development Economics,,Postgraduate,6.0,In Person,2020
3906,LING9001,Topics in Linguistics,First Semester/Second Semester,Postgraduate,6.0,In Person,2020
3907,ECON4401,Topics in Macroeconomics,,Undergraduate,6.0,In Person,2020
3908,ECON8001,Topics in Macroeconomics,,Postgraduate,6.0,In Person,2020
3909,MATH6211,Topics in Mathematical Physics,First Semester,Postgraduate,6.0,In Person,2020
3910,ECON4421,Topics in Microeconomic Theory,Second Semester,Undergraduate,6.0,In Person,2020
3911,ECON8021,Topics in Microeconomic Theory,Second Semester,Postgraduate,6.0,In Person,2020
3912,NEUR8001,Topics in Neuroscience,,Postgraduate,6.0,In Person,2020
3913,PHIL4012,Topics in Philosophy,First Semester/Second Semester,Undergraduate,6.0,In Person,2020
3914,MATH6207,Topics in Statistical Science,First Semester,Postgraduate,6.0,In Person,2020
3915,MATH6206,Topics in Stochastic Analysis,First Semester,Postgraduate,6.0,In Person,2020
3916,BIAN8011,Topics in hominid palaeobiology,First Semester,Postgraduate,6.0,In Person,2020
3917,LAWS8142,Tort Liability and Public Authorities,Spring Session,Postgraduate,6.0,In Person,2020
3918,LAWS4240,Tort liability of government and public authorities,,Undergraduate,6.0,In Person,2020
3919,LAWS1203,Torts,First Semester,Undergraduate,6.0,In Person,2020
3920,LAWS6103,Torts,First Semester,Postgraduate,6.0,Online or In Person,2020
3921,HUMN8033,"Tourism, Heritage and Globalization",,Postgraduate,6.0,In Person,2020
3922,EMDV8017,Toxic: Environmental Pollution and Waste,,Postgraduate,6.0,Online or In Person,2020
3923,LAWS8073,Trade Remedies Law: WTO Law & Domestic Implementation,,Postgraduate,6.0,In Person,2020
3924,IDEC8009,"Trade, Development and the Asia Pacific Economy",,Postgraduate,6.0,In Person,2020
3925,FINM4017,Trading and Markets,,Undergraduate,6.0,In Person,2020
3926,FINM8017,Trading and Markets,,Postgraduate,6.0,In Person,2020
3927,ANTH2005,"Traditional Australian Indigenous Cultures, Societies and Environment",Second Semester,Undergraduate,6.0,In Person,2020
3928,ANTH6005,"Traditional Australian Indigenous Cultures, Societies and Environment",Second Semester,Postgraduate,6.0,In Person,2020
3929,CLAS6001,Traditional Grammar,First Semester,Postgraduate,6.0,In Person,2020
3930,CLAS1001,Traditional Grammar,First Semester,Undergraduate,6.0,In Person,2020
3931,CLAS2011,Traditional Grammar (L),First Semester,Undergraduate,6.0,In Person,2020
3932,SOCY3124,Transforming Society: Towards a Public Sociology,Second Semester,Undergraduate,6.0,In Person,2020
3933,LANG8016,Translation Project,First Semester/Second Semester,Postgraduate,6.0,In Person,2020
3934,LANG6016,Translation Project,,Postgraduate,6.0,In Person,2020
3935,LANG6002,Translation across Languages: Specialised Materials,First Semester,Postgraduate,6.0,In Person,2020
3936,LANG6001,Translation across Languages: The Translation of Literary Texts,,Postgraduate,6.0,In Person,2020
3937,LANG3002,Translation across Languages: specialised material,First Semester,Undergraduate,6.0,In Person,2020
3938,LANG3001,Translation across Languages: the translation of literary texts,,Undergraduate,6.0,In Person,2020
3939,LAWS8009,Transnational Anti-Corruption Laws,,Postgraduate,6.0,In Person,2020
3940,LAWS8003,Transnational Business and Human Rights,,Postgraduate,6.0,In Person,2020
3941,DIPL8001,Transnational Diplomacy,First Semester,Postgraduate,6.0,In Person,2020
3942,SCRN3001,Transnational Screens: Crossing Borders and Identities,,Undergraduate,6.0,In Person,2020
3943,CRIM8003,Transnational and Organised Crime,,Postgraduate,6.0,Online or In Person,2020
3944,GEND2021,"Trauma, Memory and Culture",,Undergraduate,6.0,In Person,2020
3945,GEND6021,"Trauma, Memory and Culture",,Postgraduate,6.0,In Person,2020
3946,ANCH2015,Travellers and Geographers in Antiquity,,Undergraduate,6.0,In Person,2020
3947,ANCH6501,Travellers and Geographers in Antiquity,,Postgraduate,6.0,In Person,2020
3948,LAWS8236,Tribunals and Government,,Postgraduate,6.0,In Person,2020
3949,ASIA3272,Truth and Falsity in Indian History and Politics,First Semester,Undergraduate,6.0,In Person,2020
3950,ASIA6272,Truth and Falsity in Indian History and Politics,First Semester,Postgraduate,6.0,In Person,2020
3951,MMIB8007,Tsinghua Research Project,Autumn Session/Winter Session/Spring Session,Postgraduate,6.0,Online or In Person,2020
3952,HIST6509,"Tudor-Stuart England c.1485-1714: Politics, Society, Culture",First Semester,Postgraduate,6.0,In Person,2020
3953,HIST2219,"Tudor-Stuart England, c.1485-1714: Politics, Society and Culture",First Semester,Undergraduate,6.0,In Person,2020
3954,MEAS2002,Turkish History: Ottoman State to Modern Turkey,First Semester,Undergraduate,6.0,In Person,2020
3955,MEAS8010,Turkish History: Ottoman State to Modern Turkey,First Semester,Postgraduate,6.0,In Person,2020
3956,MEAS6504,Turkish Politics and Foreign Policy,,Postgraduate,6.0,In Person,2020
3957,MEAS2004,Turkish Politics and Foreign Policy,,Undergraduate,6.0,In Person,2020
3958,DESN2009,Typography in Context: digital typographic design,First Semester,Undergraduate,6.0,In Person,2020
3959,ARTV6100,Typography: Textual use in Visual Arts,Second Semester,Postgraduate,6.0,In Person,2020
3960,SCRN2003,U.S. Cinema: Hollywood and Beyond,,Undergraduate,6.0,In Person,2020
3961,POLS2127,U.S. Politics,,Undergraduate,6.0,In Person,2020
3962,INTR2016,US Foreign and Security Policy in Asia,First Semester,Undergraduate,6.0,In Person,2020
3963,INTR8067,US Foreign and Security Policy in the Asia-Pacific,,Postgraduate,6.0,In Person,2020
3964,INDG8003,Understanding Indigenous Wellbeing: Demographic and Socioeconomic Change,,Postgraduate,6.0,Online or In Person,2020
3965,MUSC8012,Understanding Learning in Museums and Heritage,First Semester,Postgraduate,6.0,Online or In Person,2020
3966,INTR1021,Understanding Peace and Conflict,First Semester,Undergraduate,6.0,In Person,2020
3967,BAPA1002,Understanding Peace and Conflict,Spring Session,Undergraduate,6.0,In Person,2020
3968,DEMO6001,Understanding Population Change,Second Semester,Postgraduate,6.0,Online or In Person,2020
3969,DEMO2001,Understanding population change,Second Semester,Undergraduate,6.0,In Person,2020
3970,EURO2012,"Uniting Europe: history, politics, theory",First Semester,Undergraduate,6.0,In Person,2020
3971,VCPG6001,Unravelling Complexity,Second Semester,Postgraduate,6.0,In Person,2020
3972,VCUG3001,Unravelling Complexity,Second Semester,Undergraduate,6.0,In Person,2020
3973,LAWS4001,Unravelling Complexity,Second Semester,Undergraduate,6.0,In Person,2020
3974,ENGN8832,Urban Energy and Energy Efficiency,Second Semester,Postgraduate,6.0,In Person,2020
3975,SOCR8202,Using Data to Answer Policy Questions and Evaluate Policy,First Semester/Spring Session,Postgraduate,6.0,Online or In Person,2020
3976,SOCR8012,Using Quantitative Text Analysis in Social Research,,Postgraduate,6.0,In Person,2020
3977,BIOL3114,Vertebrate Biology,,Undergraduate,6.0,In Person,2020
3978,BIOL6111,Vertebrate Biology,,Postgraduate,6.0,In Person,2020
3979,ENGL3036,Victorian Literature,Second Semester,Undergraduate,6.0,In Person,2020
3980,ENGL6036,Victorian Literature,Second Semester,Postgraduate,6.0,In Person,2020
3981,ARTH2097,Victorian and Edwardian Art: Australia and Europe 1837-1914,First Semester,Undergraduate,6.0,In Person,2020
3982,ARTH6097,Victorian and Edwardian Art: Australia and Europe 1837-1914,First Semester,Postgraduate,6.0,Online or In Person,2020
3983,ARTV6003,Video Art,Second Semester,Postgraduate,6.0,In Person,2020
3984,ARTV2617,Video: Creative Possibilities,Second Semester,Undergraduate,6.0,In Person,2020
3985,ENVS6017,Vietnam Field School,Summer Session,Postgraduate,6.0,In Person,2020
3986,ANTH6137,Vietnam Field School,,Postgraduate,6.0,In Person,2020
3987,ENVS2017,Vietnam Field School,Summer Session,Undergraduate,6.0,In Person,2020
3988,ANTH2135,Vietnam Field School,,Undergraduate,6.0,In Person,2020
3989,ANTH6135,Vietnam Field School,,Postgraduate,12.0,In Person,2020
3990,VIET1002,Vietnamese 1,First Semester,Undergraduate,6.0,Online,2020
3991,VIET6102,Vietnamese 1,First Semester,Postgraduate,6.0,Online,2020
3992,VIET1003,Vietnamese 2,Second Semester,Undergraduate,6.0,Online,2020
3993,VIET6103,Vietnamese 2,Second Semester,Postgraduate,6.0,Online,2020
3994,VIET6002,Vietnamese 3,First Semester,Postgraduate,6.0,Online,2020
3995,VIET2002,Vietnamese 3,First Semester,Undergraduate,6.0,Online,2020
3996,VIET6003,Vietnamese 4,Second Semester,Postgraduate,6.0,Online,2020
3997,VIET2003,Vietnamese 4,Second Semester,Undergraduate,6.0,Online,2020
3998,VIET3002,Vietnamese 5,First Semester,Undergraduate,6.0,In Person,2020
3999,VIET6502,Vietnamese 5,First Semester,Postgraduate,6.0,In Person,2020
4000,VIET3003,Vietnamese 6,Second Semester,Undergraduate,6.0,In Person,2020
4001,VIET6503,Vietnamese 6,Second Semester,Postgraduate,6.0,In Person,2020
4002,VIET3015,Vietnamese-English Translation,,Undergraduate,6.0,In Person,2020
4003,VIET6015,Vietnamese-English Translation,,Postgraduate,6.0,In Person,2020
4004,HIST2243,"Vikings, Crusades, Mongols: Shaping Medieval Europe, c. 850—1300",,Undergraduate,6.0,In Person,2020
4005,HIST6243,"Vikings, Crusades, Mongols: Shaping Medieval Europe, c. 850—1300",,Postgraduate,6.0,In Person,2020
4006,REGN8007,"Violence Against Women in Australia, Asia and the Pacific",,Postgraduate,6.0,In Person,2020
4007,POLS4043,Violence and Political Order,Second Semester,Undergraduate,6.0,In Person,2020
4008,POLS8043,Violence and Political Order,Second Semester,Postgraduate,6.0,Online or In Person,2020
4009,ANTH2130,Violence and Terror,,Undergraduate,6.0,In Person,2020
4010,ANTH6516,Violence and Terror,,Postgraduate,6.0,In Person,2020
4011,ASIA2109,"Violence, Poverty, and Politics in India",,Undergraduate,6.0,In Person,2020
4012,DESN1002,Visual Communication: Design and Production,Second Semester,Undergraduate,6.0,In Person,2020
4013,ANUC1121,Visual Communication: Design and Production,Second Semester,Undergraduate,6.0,In Person,2020
4014,PSYC3015,Visual and Cognitive Neuroscience,Second Semester,Undergraduate,6.0,In Person,2020
4015,WARS3001,Walking the Ground: War Studies in the Field,,Undergraduate,6.0,In Person,2020
4016,WARS1003,War and Society in Modern History,Second Semester,Undergraduate,6.0,In Person,2020
4017,WARS6006,War in the Islands: The Second World War in the Pacific,,Postgraduate,6.0,In Person,2020
4018,WARS2004,War in the Islands: The Second World War in the Pacific,,Undergraduate,6.0,In Person,2020
4019,WARS1001,"War in the Modern World, 1789 to today",First Semester,Undergraduate,6.0,Online or In Person,2020
4020,POLS3022,Washington DC Internship,Summer Session,Undergraduate,12.0,In Person,2020
4021,ENVS3005,Water Management,First Semester,Undergraduate,6.0,In Person,2020
4022,ENVS6555,Water Management,First Semester,Postgraduate,6.0,In Person,2020
4023,EMDV8079,Water Politics on a Modified Planet,First Semester,Postgraduate,6.0,Online or In Person,2020
4024,LAWS8123,Water Resources Law,,Postgraduate,6.0,In Person,2020
4025,ENVS2020,Water Science,Summer Session,Undergraduate,6.0,In Person,2020
4026,ENVS6022,Water Science,Summer Session,Postgraduate,6.0,In Person,2020
4027,COMP1710,Web Development and Design,First Semester,Undergraduate,6.0,In Person,2020
4028,COMP6780,Web Development and Design,First Semester,Postgraduate,6.0,In Person,2020
4029,ANUC1710,Web Development and Design,First Semester/Second Semester,Undergraduate,6.0,In Person,2020
4030,HIST2220,"Western Europe in the Later Middle Ages, c. 1348-1500",Second Semester,Undergraduate,6.0,In Person,2020
4031,PHIL1007,What is Humanity?,Second Semester,Undergraduate,6.0,In Person,2020
4032,ASIA2304,What is Literature? Asian Perspectives,Second Semester,Undergraduate,6.0,In Person,2020
4033,MUSC8022,When Justice Goes to the Museum,Winter Session,Postgraduate,6.0,In Person,2020
4034,CRIM8004,"White Collar Crime: Fraud, Money Laundering and Corruption",,Postgraduate,6.0,Online or In Person,2020
4035,HUMN8036,Who do we think we are? Using Archives and Special Collections,,Postgraduate,6.0,In Person,2020
4036,LEGW8114,Wills and Estates Practice,Summer Session/Winter Session,Postgraduate,3.0,Online,2020
4037,ENGN6548,Wind Energy,Winter Session,Postgraduate,6.0,In Person,2020
4038,ENGN4548,Wind Energy,Winter Session,Undergraduate,6.0,In Person,2020
4039,ENGN6536,Wireless Communications,Second Semester,Postgraduate,6.0,In Person,2020
4040,ENGN4536,Wireless Communications,Second Semester,Undergraduate,6.0,In Person,2020
4041,INTR8077,"Women, Peace and Security: Defining and Addressing Complex Security Challenges of the 21st Century",,Postgraduate,6.0,In Person,2020
4042,POGO8068,Work Based Research Project,Autumn Session,Postgraduate,12.0,In Person,2020
4043,PHYS6503,Work Experience in Photonics,First Semester/Second Semester,Postgraduate,6.0,In Person,2020
4044,PHYS3058,Work Experience in Photonics,First Semester/Second Semester,Undergraduate,6.0,In Person,2020
4045,PHYS8506,Work experience in Photonics,First Semester/Second Semester,Postgraduate,6.0,In Person,2020
4046,POGO8113,Work-related Project,,Postgraduate,6.0,In Person,2020
4047,ARTV2038,Workshop Atelier,Second Semester,Undergraduate,6.0,In Person,2020
4048,HIST6136,"World At War, 1939-1945",First Semester,Postgraduate,6.0,Online or In Person,2020
4049,ECHI3009,World Economy Since 1800,,Undergraduate,6.0,In Person,2020
4050,HUMN8019,World Heritage: conserving cultural heritage values,Autumn Session,Postgraduate,6.0,Online,2020
4051,INTR8036,World Politics,First Semester/Second Semester,Postgraduate,6.0,In Person,2020
4052,INTR8071,World Politics 12 Units,First Semester/Second Semester,Postgraduate,12.0,In Person,2020
4053,HIST2136,"World at War, 1939-1945",First Semester,Undergraduate,6.0,Online or In Person,2020
4054,ARTH8021,Writing About Art and Creative Practice,Summer Session,Postgraduate,6.0,In Person,2020
4055,ARTH9021,Writing About Art and Creative Practice,Summer Session,Postgraduate,6.0,In Person,2020
4056,ASIA8038,Writing Ethnography in Asia and the Pacific,,Postgraduate,6.0,In Person,2020
4057,INTR8065,Writing International Relations,First Semester/Second Semester,Postgraduate,6.0,In Person,2020
4058,INTR8069,Writing International Relations 12 Units,First Semester/Second Semester,Postgraduate,12.0,In Person,2020
4059,GEND3016,Writing Lives: Autobiography in Fiction and Memoir,First Semester,Undergraduate,6.0,In Person,2020
4060,POGO8037,Writing Public Policy,,Postgraduate,6.0,In Person,2020
4061,BIAN4009,Writing Seminar in Biological Anthropology,Second Semester,Undergraduate,6.0,In Person,2020
4062,MUSI2211,Writing about Music 1: Styles and Theories,First Semester,Undergraduate,6.0,In Person,2020
4063,MUSI6211,Writing about Music 1: Styles and Theories,First Semester,Postgraduate,6.0,In Person,2020
4064,MUSI3313,Writing about Music 2: Sources and Methods,Second Semester,Undergraduate,6.0,In Person,2020
4065,MUSI6313,Writing about Music 2: Sources and Methods,Second Semester,Postgraduate,6.0,In Person,2020
4066,ENGL9002,Writing for Publication: Developing an Academic Paper,,Postgraduate,6.0,In Person,2020
4067,HUMN4001,Writing for the Research Process,,Undergraduate,6.0,In Person,2020
4068,HUMN8032,Writing for the Research Process,,Postgraduate,6.0,In Person,2020
4069,HUMN8026,Writing in the Public Sphere,,Postgraduate,6.0,Online or In Person,2020
4070,ENGL9020,Writing the Thesis,First Semester,Postgraduate,6.0,In Person,2020
4071,HUMN8012,"Writing, World Histories and Lives: Research Project",First Semester,Postgraduate,6.0,In Person,2020
4072,ASIA3551,Year in Asia,First Semester/Second Semester,Undergraduate,24.0,In Person,2020
4073,CRIM6006,Young People and Crime: Developmental Criminology and its Discontents,Autumn Session,Postgraduate,6.0,In Person,2020
4074,CRIM2006,Young People and Crime: Developmental Criminology and its Discontents,Autumn Session,Undergraduate,6.0,In Person,2020
4075,GEND2037,Young People and Sex,,Undergraduate,6.0,In Person,2020
4076,LAWS4267,Youth Law Clinic,First Semester/Second Semester,Undergraduate,6.0,In Person,2020
4077,LAWS6267,Youth Law Clinic,First Semester/Second Semester,Postgraduate,6.0,In Person,2020
