,CourseCode,Name,Session,Career,Units,ModeOfDelivery,Year
0,LAWS8403,#MeToo and the Law,Winter Session,Postgraduate,6.0,Online or In Person,2021
1,INTR2020,(In)Stability on the Korean Peninsula,,Undergraduate,6.0,In Person,2021
2,ENGL6020,"16th, 17th and 18th  Century Literature",,Postgraduate,6.0,In Person,2021
3,ENGL3005,"16th, 17th and 18th Century Literature(H)",,Undergraduate,6.0,In Person,2021
4,ENGL6022,19th & 20th Century Literature,,Postgraduate,6.0,In Person,2021
5,ENGL3022,19th and 20th Century Literature,,Undergraduate,6.0,In Person,2021
6,ENGL6035,20th Century American Drama,,Postgraduate,6.0,In Person,2021
7,ENGL2115,20th Century American Drama,,Undergraduate,6.0,In Person,2021
8,MGMT7169,A Management Framework For Business Projects,Second Semester,Postgraduate,6.0,In Person,2021
9,LAWS4251,AI and Law,Second Semester,Undergraduate,6.0,Online or In Person,2021
10,CBEA6070,ANU College of Business and Economics Internship Program (PG),First Semester/Second Semester,Postgraduate,6.0,In Person,2021
11,CBEA3070,ANU College of Business and Economics Internship Program (UG),First Semester/Second Semester,Undergraduate,6.0,In Person,2021
12,EXTN1007A,ANU Extension Advanced Japanese A,Autumn Session,Undergraduate,0.0,In Person,2021
13,EXTN1007B,ANU Extension Advanced Japanese B,Autumn Session,Undergraduate,6.0,In Person,2021
14,EXTN1001A,ANU Extension Astrophysics A,Autumn Session,Undergraduate,0.0,In Person,2021
15,EXTN1001B,ANU Extension Astrophysics B,Autumn Session,Undergraduate,6.0,In Person,2021
16,EXTN1004A,ANU Extension Biodiversity A,Autumn Session,Undergraduate,0.0,In Person,2021
17,EXTN1004B,ANU Extension Biodiversity B,Autumn Session,Undergraduate,6.0,In Person,2021
18,EXTN1002A,ANU Extension Chemistry A,Autumn Session,Undergraduate,0.0,In Person,2021
19,EXTN1002B,ANU Extension Chemistry B,Autumn Session,Undergraduate,6.0,In Person,2021
20,EXTN1003A,ANU Extension Continuing Chinese A,Autumn Session,Undergraduate,0.0,In Person,2021
21,EXTN1003B,ANU Extension Continuing Chinese B,Autumn Session,Undergraduate,6.0,In Person,2021
22,EXTN1006A,ANU Extension Continuing Japanese A,Autumn Session,Undergraduate,0.0,In Person,2021
23,EXTN1006B,ANU Extension Continuing Japanese B,Autumn Session,Undergraduate,6.0,In Person,2021
24,EXTN1019A,ANU Extension Creative Computing A,Autumn Session,Undergraduate,0.0,In Person,2021
25,EXTN1019B,ANU Extension Creative Computing B,Autumn Session,Undergraduate,6.0,In Person,2021
26,EXTN1005A,ANU Extension Discovering Engineering A,Autumn Session,Undergraduate,0.0,In Person,2021
27,EXTN1005B,ANU Extension Discovering Engineering B,Autumn Session,Undergraduate,6.0,In Person,2021
28,EXTN1020A,ANU Extension Global Perspectives in Commerce A,Autumn Session,Undergraduate,0.0,In Person,2021
29,EXTN1020B,ANU Extension Global Perspectives in Commerce B,Autumn Session,Undergraduate,6.0,In Person,2021
30,EXTN1010A,ANU Extension Indonesian Politics and Culture A,,Undergraduate,0.0,In Person,2021
31,EXTN1010B,ANU Extension Indonesian Politics and Culture B,Autumn Session,Undergraduate,6.0,In Person,2021
32,EXTN1008A,ANU Extension Korean Language and Culture A,Autumn Session,Undergraduate,0.0,In Person,2021
33,EXTN1008B,ANU Extension Korean Language and Culture B,Autumn Session,Undergraduate,6.0,In Person,2021
34,EXTN1011A,ANU Extension Physics A,Autumn Session,Undergraduate,0.0,In Person,2021
35,EXTN1011B,ANU Extension Physics B,Autumn Session,Undergraduate,6.0,In Person,2021
36,EXTN1012A,ANU Extension Specialist Mathematics A,Autumn Session,Undergraduate,0.0,In Person,2021
37,EXTN1012B,ANU Extension Specialist Mathematics B,Autumn Session,Undergraduate,6.0,In Person,2021
38,BIOL3188,ANU SynBio Challenge Team Project,Second Semester,Undergraduate,6.0,In Person,2021
39,BIOL6188,ANU SynBio Challenge Team Project,Second Semester,Postgraduate,6.0,In Person,2021
40,SCNC5922,ANU/NUS JD (Band 2 NP),First Semester/Second Semester,Undergraduate,6.0,In Person,2021
41,HLTH3001,Aboriginal and Torres Strait Islander Health,First Semester,Undergraduate,6.0,In Person,2021
42,HIST2022,Aboriginal and Torres Strait Islander History,First Semester,Undergraduate,6.0,In Person,2021
43,HIST6022,Aboriginal and Torres Strait Islander History,First Semester,Postgraduate,6.0,In Person,2021
44,PHYS8203,Accelerators and their Application,First Semester,Postgraduate,6.0,In Person,2021
45,BUSN3051,Accounting Analytics,First Semester/Second Semester,Undergraduate,6.0,In Person,2021
46,BUSN7051,Accounting Analytics,First Semester/Second Semester,Postgraduate,6.0,In Person,2021
47,BUSN4500,Accounting Honours Thesis,First Semester/Second Semester,Undergraduate,6.0,In Person,2021
48,INFS2005,Accounting Information Systems,First Semester/Second Semester,Undergraduate,6.0,In Person,2021
49,INFS7004,Accounting Information Systems,First Semester/Second Semester,Postgraduate,6.0,In Person,2021
50,BUSN1002,Accounting Processes and Systems,First Semester/Second Semester,Undergraduate,6.0,In Person,2021
51,BUSN3001,Accounting Theory,First Semester/Second Semester,Undergraduate,6.0,In Person,2021
52,LEGW8100,Accounts,,Postgraduate,3.0,In Person,2021
53,ARTH6175,Across the Pacific: Australian Interactions with American Art and Art-Worlds,Second Semester,Postgraduate,6.0,In Person,2021
54,ARTH2175,Across the Pacific: Australian Interactions with American Art and Art-Worlds,Second Semester,Undergraduate,6.0,In Person,2021
55,PREP1018,Activate Mathematics,,Undergraduate,9.0,In Person,2021
56,PREP1017,Activate Numeracy,,Undergraduate,9.0,In Person,2021
57,ASIA8021,Activism and Social Change in Asia and the Pacific,,Postgraduate,6.0,In Person,2021
58,ACST8040,Actuarial Control Cycle 1,First Semester,Postgraduate,6.0,In Person,2021
59,ACST4031,Actuarial Control Cycle 1,First Semester,Undergraduate,6.0,In Person,2021
60,ACST4032,Actuarial Control Cycle 2,Second Semester,Undergraduate,6.0,In Person,2021
61,ACST8041,Actuarial Control Cycle 2,Second Semester,Postgraduate,6.0,In Person,2021
62,ACST4062,Actuarial Data Analysis,Second Semester,Undergraduate,6.0,In Person,2021
63,ACST8032,Actuarial Data Analysis,Second Semester,Postgraduate,6.0,In Person,2021
64,ACST4500,Actuarial Honours Thesis,First Semester/Second Semester,Undergraduate,6.0,In Person,2021
65,ACST4600,Actuarial Research Essay,,Undergraduate,6.0,In Person,2021
66,ACST4600T,Actuarial Research Essay,,Undergraduate,6.0,In Person,2021
67,STAT6045,Actuarial Techniques,Second Semester,Postgraduate,6.0,In Person,2021
68,STAT3038,Actuarial Techniques,Second Semester,Undergraduate,6.0,In Person,2021
69,ENGL6067,Adaptation: From Text to Screen,,Postgraduate,6.0,In Person,2021
70,ENGL2067,Adaptation: From Text to Screen,,Undergraduate,6.0,In Person,2021
71,LAWS8652,Administrative Decision Making in Australian Migration Law,,Postgraduate,6.0,Online,2021
72,LAWS6201,Administrative Law,First Semester,Postgraduate,6.0,Online or In Person,2021
73,LAWS2201,Administrative Law,First Semester,Undergraduate,6.0,Online or In Person,2021
74,LEGW8118,Administrative Law Practice,Autumn Session/Winter Session,Postgraduate,3.0,Online,2021
75,LAWS4308,Administrative Law Theory and Practice: The Case of Citizenship,,Undergraduate,6.0,In Person,2021
76,LING6030,Advanced Academic English,,Postgraduate,6.0,In Person,2021
77,LING2107,Advanced Academic English,,Undergraduate,6.0,In Person,2021
78,LAWS8462,Advanced Administrative Law,Winter Session,Postgraduate,6.0,Online or In Person,2021
79,LAWS4262,Advanced Administrative Law,Winter Session,Undergraduate,6.0,Online or In Person,2021
80,MATH3104,"Advanced Algebra 1: Groups, Rings and Linear Algebra",Second Semester,Undergraduate,6.0,In Person,2021
81,MATH2322,"Advanced Algebra 1: Groups, Rings and Linear Algebra",Second Semester,Undergraduate,6.0,In Person,2021
82,MATH3345,Advanced Algebra 2: Field extensions and Galois Theory,First Semester,Undergraduate,6.0,In Person,2021
83,COMP4600,Advanced Algorithms,,Undergraduate,6.0,In Person,2021
84,COMP8460,Advanced Algorithms,,Postgraduate,6.0,In Person,2021
85,MATH2320,Advanced Analysis 1: Metric Spaces and Applications,First Semester,Undergraduate,6.0,In Person,2021
86,MATH3116,Advanced Analysis 1: Metric Spaces and Applications,First Semester,Undergraduate,6.0,In Person,2021
87,MATH3320,Advanced Analysis 2: Lebesgue Integration and Hilbert Spaces,First Semester,Undergraduate,6.0,In Person,2021
88,PHIL3072,Advanced Analytic Philosophy,,Undergraduate,6.0,In Person,2021
89,GREK3125,Advanced Ancient Greek,First Semester,Undergraduate,6.0,In Person,2021
90,GREK6125,Advanced Ancient Greek,First Semester,Postgraduate,6.0,In Person,2021
91,PSYC8521,Advanced Applications in Psychological Practice,Second Semester,Postgraduate,6.0,In Person,2021
92,ARAB3001,Advanced Arabic 1,First Semester,Undergraduate,6.0,Online or In Person,2021
93,ARAB6503,Advanced Arabic 1,First Semester,Postgraduate,6.0,Online or In Person,2021
94,ARAB3002,Advanced Arabic 2,Second Semester,Undergraduate,6.0,Online or In Person,2021
95,ARAB6504,Advanced Arabic 2,Second Semester,Postgraduate,6.0,Online or In Person,2021
96,PSYC8510,Advanced Assessment in Professional Psychology,First Semester,Postgraduate,6.0,In Person,2021
97,ECON3180,Advanced Behavioral Economics,Second Semester,Undergraduate,6.0,In Person,2021
98,ECON8080,Advanced Behavioral Economics,Second Semester,Postgraduate,6.0,In Person,2021
99,ECON4480,Advanced Behavioral Economics,Second Semester,Undergraduate,6.0,In Person,2021
100,EMET8020,Advanced Case Studies in Applied Econometrics and Applied Economics,,Postgraduate,6.0,In Person,2021
101,LAWS8655,Advanced Comparative Migration Law,,Postgraduate,6.0,Online,2021
102,MATH3228,Advanced Complex Analysis,Second Semester,Undergraduate,6.0,In Person,2021
103,COMP4560,Advanced Computing Project,First Semester/Second Semester,Undergraduate,6.0,In Person,2021
104,COMP3560,Advanced Computing R&D Industry Experience,First Semester/Second Semester,Undergraduate,0.0,In Person,2021
105,COMP2550,Advanced Computing R&D Methods,First Semester,Undergraduate,6.0,In Person,2021
106,COMP3550,Advanced Computing R&D Project,First Semester/Second Semester,Undergraduate,6.0,In Person,2021
107,COMP6445,Advanced Computing Research Methods,First Semester,Postgraduate,6.0,In Person,2021
108,COMP4450,Advanced Computing Research Methods,First Semester,Undergraduate,6.0,In Person,2021
109,COMP4550,Advanced Computing Research Project,First Semester/Second Semester,Undergraduate,12.0,In Person,2021
110,PHIL3071,Advanced Continental Philosophy,,Undergraduate,6.0,In Person,2021
111,LAWS8218,Advanced Contracts,Spring Session,Postgraduate,6.0,Online or In Person,2021
112,ENGN8224,Advanced Control Systems,Second Semester,Postgraduate,6.0,In Person,2021
113,FINM8004,Advanced Corporate Finance,First Semester/Second Semester,Postgraduate,6.0,In Person,2021
114,FINM4015,Advanced Corporate Finance,First Semester/Second Semester,Undergraduate,6.0,In Person,2021
115,LAWS8411,"Advanced Criminal Law: Crime, Law and Social Justice",,Postgraduate,6.0,In Person,2021
116,FINM3007,Advanced Derivatives Pricing and Applications,Second Semester,Undergraduate,6.0,In Person,2021
117,EMSC8722,Advanced Detector Systems,,Postgraduate,6.0,In Person,2021
118,MATH3342,Advanced Differential Geometry,First Semester,Undergraduate,6.0,In Person,2021
119,EMSC4109,Advanced Earth Physics,,Undergraduate,6.0,In Person,2021
120,EMSC8019,Advanced Earth Physics,,Postgraduate,6.0,In Person,2021
121,EMET4314,Advanced Econometrics I,First Semester,Undergraduate,6.0,In Person,2021
122,EMET8014,Advanced Econometrics I,First Semester,Postgraduate,6.0,In Person,2021
123,EMET8008,Advanced Econometrics II,Second Semester,Postgraduate,6.0,In Person,2021
124,EMET4308,Advanced Econometrics II,Second Semester,Undergraduate,6.0,In Person,2021
125,PHYS3102,Advanced Electromagnetism,First Semester,Undergraduate,6.0,In Person,2021
126,PHYS6102,Advanced Electromagnetism,First Semester,Postgraduate,6.0,In Person,2021
127,PHIL3073,"Advanced Ethics, Social and Political Philosophy",Second Semester,Undergraduate,6.0,In Person,2021
128,BIOL3303,Advanced Field Studies in Functional Ecology,Spring Session,Undergraduate,6.0,In Person,2021
129,BIOL6303,Advanced Field Studies in Functional Ecology,Spring Session,Postgraduate,6.0,In Person,2021
130,ARCH8002,Advanced Field Training in Archaeological Science,Winter Session,Postgraduate,6.0,In Person,2021
131,MATH3343,Advanced Foundations of Mathematics,First Semester,Undergraduate,6.0,In Person,2021
132,FREN6010,Advanced French I,First Semester,Postgraduate,6.0,In Person,2021
133,FREN3010,Advanced French I,First Semester,Undergraduate,6.0,In Person,2021
134,FREN3011,Advanced French II,Second Semester,Undergraduate,6.0,In Person,2021
135,FREN6011,Advanced French II,Second Semester,Postgraduate,6.0,In Person,2021
136,MATH6214,"Advanced Functional Analysis, Spectral theory and Applications",Second Semester,Postgraduate,6.0,In Person,2021
137,MATH3325,"Advanced Functional Analysis, Spectral theory and Applications",Second Semester,Undergraduate,6.0,In Person,2021
138,EMSC4121,Advanced Geochemistry and Petrology,,Undergraduate,6.0,In Person,2021
139,EMSC8021,Advanced Geochemistry and Petrology,,Postgraduate,6.0,In Person,2021
140,PHYS8721,Advanced Imaging Methods and Systems,First Semester,Postgraduate,6.0,In Person,2021
141,INDN3104,Advanced Indonesian: History and Development of the Language,,Undergraduate,6.0,In Person,2021
142,INDN6104,Advanced Indonesian: History and Development of the Language,,Postgraduate,6.0,In Person,2021
143,INDN3015,Advanced Indonesian: Translation into English,Second Semester,Undergraduate,6.0,In Person,2021
144,INDN6015,Advanced Indonesian: Translation into English,Second Semester,Postgraduate,6.0,In Person,2021
145,ACST4045,Advanced Insurance,,Undergraduate,6.0,In Person,2021
146,ACST8045,Advanced Insurance,,Postgraduate,6.0,In Person,2021
147,LAWS8464,Advanced International Law,,Postgraduate,6.0,In Person,2021
148,LAWS4264,Advanced International Law,Summer Session,Undergraduate,6.0,Online or In Person,2021
149,FINM4106,Advanced Investments,First Semester/Second Semester,Undergraduate,6.0,In Person,2021
150,FINM8006,Advanced Investments,First Semester/Second Semester,Postgraduate,6.0,In Person,2021
151,ITAL6510,Advanced Italian Topics in Language and Literary Studies,Second Semester,Postgraduate,6.0,In Person,2021
152,ITAL3016,Advanced Italian Topics in Language and Literary Studies,Second Semester,Undergraduate,6.0,In Person,2021
153,ITAL3015,"Advanced Italian Topics in Language, Culture and Society",First Semester,Undergraduate,6.0,In Person,2021
154,ITAL6509,"Advanced Italian Topics in Language, Culture and Society",First Semester,Postgraduate,6.0,In Person,2021
155,JPNS3005,Advanced Japanese: Issues in Contemporary Japan,Second Semester,Undergraduate,6.0,In Person,2021
156,JPNS6505,Advanced Japanese: Issues in Contemporary Japan,Second Semester,Postgraduate,6.0,In Person,2021
157,JPNS3006,Advanced Japanese: Language in Context,,Undergraduate,6.0,In Person,2021
158,JPNS6506,Advanced Japanese: Language in Context,,Postgraduate,6.0,In Person,2021
159,JPNS6507,Advanced Japanese: Readings in Culture and Society,First Semester,Postgraduate,6.0,In Person,2021
160,JPNS3007,Advanced Japanese: Readings in Culture and Society,First Semester,Undergraduate,6.0,In Person,2021
161,JPNS3008,Advanced Japanese: Readings in Literature,,Undergraduate,6.0,In Person,2021
162,JPNS6508,Advanced Japanese: Readings in Literature,,Postgraduate,6.0,In Person,2021
163,MUSI3322,Advanced Jazz Studies 1,,Undergraduate,6.0,In Person,2021
164,MUSI2507,Advanced Jazz Studies 1,First Semester,Undergraduate,6.0,In Person,2021
165,MUSI2508,Advanced Jazz Studies 2,Second Semester,Undergraduate,6.0,In Person,2021
166,MUSI3323,Advanced Jazz Studies 2,,Undergraduate,6.0,In Person,2021
167,KORE3015,Advanced Korean: Film and Society,First Semester,Undergraduate,6.0,In Person,2021
168,KORE6017,Advanced Korean: Film and Society,First Semester,Postgraduate,6.0,In Person,2021
169,KORE3018,Advanced Korean: Literature and Media,Second Semester,Undergraduate,6.0,In Person,2021
170,KORE6018,Advanced Korean: Literature and Media,Second Semester,Postgraduate,6.0,In Person,2021
171,LATN3125,Advanced Latin,First Semester/Second Semester,Undergraduate,6.0,In Person,2021
172,LATN6125,Advanced Latin,First Semester/Second Semester,Postgraduate,6.0,In Person,2021
173,CHIN6015,Advanced Literary Chinese,First Semester/Second Semester,Postgraduate,6.0,Online or In Person,2021
174,CHIN3015,Advanced Literary Chinese,First Semester/Second Semester,Undergraduate,6.0,Online or In Person,2021
175,ECON8026,Advanced Macroeconomic Analysis,First Semester/Second Semester,Postgraduate,6.0,In Person,2021
176,BUSN3003,Advanced Management Accounting,First Semester/Second Semester,Undergraduate,6.0,In Person,2021
177,BUSN8003,Advanced Managerial Decision Making,First Semester/Second Semester,Postgraduate,6.0,In Person,2021
178,CHEM3202,Advanced Materials,First Semester,Undergraduate,6.0,In Person,2021
179,MATH3353,Advanced Mathematical Bioinformatics,First Semester,Undergraduate,6.0,In Person,2021
180,MATH6208,Advanced Mathematical Bioinformatics,First Semester,Postgraduate,6.0,In Person,2021
181,STAT3056,Advanced Mathematical Statistics,Second Semester,Undergraduate,6.0,In Person,2021
182,STAT8056,Advanced Mathematical Statistics,Second Semester,Postgraduate,6.0,In Person,2021
183,MATH1115,Advanced Mathematics and Applications 1,First Semester,Undergraduate,6.0,In Person,2021
184,MATH1116,Advanced Mathematics and Applications 2,Second Semester,Undergraduate,6.0,In Person,2021
185,ECON8025,Advanced Microeconomic Analysis,First Semester/Second Semester,Postgraduate,6.0,In Person,2021
186,BIOL3203,Advanced Microscopy in Biosciences,Summer Session,Undergraduate,6.0,In Person,2021
187,BIOL6203,Advanced Microscopy in Biosciences,Summer Session,Postgraduate,6.0,In Person,2021
188,LAWS8165,Advanced Military Administrative Law,,Postgraduate,9.0,In Person,2021
189,LAWS8164,Advanced Military Discipline Law,Winter Session,Postgraduate,9.0,Online or In Person,2021
190,LAWS8166,Advanced Military Operations Law,Autumn Session,Postgraduate,6.0,Online or In Person,2021
191,CHIN6524,Advanced Modern Chinese A,First Semester,Postgraduate,6.0,In Person,2021
192,CHIN3024,Advanced Modern Chinese A,First Semester,Undergraduate,6.0,In Person,2021
193,CHIN3025,Advanced Modern Chinese B,Second Semester,Undergraduate,6.0,In Person,2021
194,CHIN6525,Advanced Modern Chinese B,Second Semester,Postgraduate,6.0,In Person,2021
195,PERS6005,Advanced Persian A,First Semester,Postgraduate,6.0,Online or In Person,2021
196,PERS3005,Advanced Persian A,First Semester,Undergraduate,6.0,Online or In Person,2021
197,PERS3006,Advanced Persian B,Second Semester,Undergraduate,6.0,Online or In Person,2021
198,PERS6006,Advanced Persian B,Second Semester,Postgraduate,6.0,Online or In Person,2021
199,PHIL3074,Advanced Philosophical Topics,,Undergraduate,6.0,In Person,2021
200,LAWS8183,Advanced Principles of International Law,Autumn Session,Postgraduate,6.0,Online or In Person,2021
201,PSYC8511,Advanced Psychological Interventions,First Semester,Postgraduate,6.0,In Person,2021
202,PHYS3101,Advanced Quantum Mechanics,First Semester,Undergraduate,6.0,In Person,2021
203,PHYS6101,Advanced Quantum Mechanics,First Semester,Postgraduate,6.0,In Person,2021
204,LING4106,Advanced Readings in Linguistics,First Semester/Second Semester,Undergraduate,6.0,In Person,2021
205,PHIL4011,Advanced Readings in Philosophy,First Semester/Second Semester,Undergraduate,6.0,In Person,2021
206,ENVS3019,Advanced Remote Sensing and GIS,Second Semester,Undergraduate,6.0,In Person,2021
207,ENVS6319,Advanced Remote Sensing and GIS,Second Semester,Postgraduate,6.0,In Person,2021
208,ECON8887,Advanced Research Essay,First Semester/Second Semester,Postgraduate,6.0,In Person,2021
209,ECON8888,Advanced Research Essay B,,Postgraduate,6.0,In Person,2021
210,PSYC3018,Advanced Research Methods,First Semester,Undergraduate,6.0,In Person,2021
211,BIOL8702,Advanced Research Techniques,First Semester,Postgraduate,12.0,In Person,2021
212,SOCY9002,Advanced Social Research Methods,First Semester/Second Semester,Postgraduate,6.0,In Person,2021
213,SOCR8204,Advanced Social Science Approaches to Inform Policy Development and Service Delivery,,Postgraduate,6.0,Online or In Person,2021
214,LING6036,Advanced Sociolinguistics,,Postgraduate,6.0,In Person,2021
215,LING3036,Advanced Sociolinguistics,,Undergraduate,6.0,In Person,2021
216,LING3033,Advanced Sociophonetics,,Undergraduate,6.0,In Person,2021
217,LING6033,Advanced Sociophonetics,,Postgraduate,6.0,In Person,2021
218,SPAN6510,Advanced Spanish Topics in Language and Culture,First Semester,Postgraduate,6.0,In Person,2021
219,SPAN6509,Advanced Spanish Topics in Language and Linguistics,,Postgraduate,6.0,In Person,2021
220,SPAN3031,Advanced Spanish Topics in Language and Linguistics,,Undergraduate,6.0,In Person,2021
221,SPAN3030,Advanced Spanish topics in Language and Culture,First Semester,Undergraduate,6.0,In Person,2021
222,STAT4050,Advanced Statistical Learning,Second Semester,Undergraduate,6.0,In Person,2021
223,STAT3050,Advanced Statistical Learning,Second Semester,Undergraduate,6.0,In Person,2021
224,STAT7050,Advanced Statistical Learning,Second Semester,Postgraduate,6.0,In Person,2021
225,PHYS3103,Advanced Statistical Mechanics,First Semester/Second Semester,Undergraduate,6.0,In Person,2021
226,PHYS6103,Advanced Statistical Mechanics,First Semester/Second Semester,Postgraduate,6.0,In Person,2021
227,STAT7006,Advanced Stochastic Processes,Second Semester,Postgraduate,6.0,In Person,2021
228,STAT3006,Advanced Stochastic Processes,Second Semester,Undergraduate,6.0,In Person,2021
229,ARTS2101,Advanced Studies 3,Summer Session/First Semester/Autumn Session/Winter Session/Second Semester/Spring Session,Undergraduate,6.0,In Person,2021
230,ARTS2102,Advanced Studies 4,Summer Session/First Semester/Autumn Session/Winter Session/Second Semester/Spring Session,Undergraduate,6.0,In Person,2021
231,ARTS3101,Advanced Studies 5,Summer Session/First Semester/Autumn Session/Winter Session/Second Semester/Spring Session,Undergraduate,6.0,In Person,2021
232,ARTS3102,Advanced Studies 6,Summer Session/First Semester/Autumn Session/Winter Session/Second Semester/Spring Session,Undergraduate,6.0,In Person,2021
233,SCNC2101,Advanced Studies Course,Summer Session/First Semester/Autumn Session/Winter Session/Second Semester/Spring Session,Undergraduate,6.0,In Person,2021
234,SCNC3101,Advanced Studies Course,Summer Session/First Semester/Autumn Session/Winter Session/Second Semester/Spring Session,Undergraduate,6.0,In Person,2021
235,BPHB1114,Advanced Studies in the Social Sciences and Humanities 1,Summer Session/First Semester/Second Semester,Undergraduate,6.0,In Person,2021
236,BPHB2114,Advanced Studies in the Social Sciences and Humanities 2,Summer Session/First Semester/Autumn Session/Winter Session/Second Semester/Spring Session,Undergraduate,6.0,In Person,2021
237,BPHB3114,Advanced Studies in the Social Sciences and Humanities 3,Summer Session/First Semester/Autumn Session/Winter Session/Second Semester/Spring Session,Undergraduate,12.0,In Person,2021
238,SOCR8010,Advanced Survey Data Analysis,,Postgraduate,6.0,In Person,2021
239,SOCR8203,Advanced Techniques in the Creation of Social Science Data,,Postgraduate,6.0,Online or In Person,2021
240,MATH3354,Advanced Topics in Algebra,Second Semester,Undergraduate,6.0,In Person,2021
241,MATH6216,Advanced Topics in Algebra,Second Semester,Postgraduate,6.0,In Person,2021
242,COMP4620,Advanced Topics in Artificial Intelligence,Second Semester,Undergraduate,6.0,In Person,2021
243,COMP8620,Advanced Topics in Artificial intelligence,Second Semester,Postgraduate,6.0,In Person,2021
244,BIAN8010,Advanced Topics in Biological Anthropology,Spring Session,Postgraduate,6.0,Online or In Person,2021
245,ENGN8637,Advanced Topics in Communications and Signal Processing,,Postgraduate,6.0,In Person,2021
246,ENGN8501,Advanced Topics in Computer Vision,Second Semester,Postgraduate,6.0,In Person,2021
247,ENGN8539,Advanced Topics in Computer Vision,,Postgraduate,6.0,In Person,2021
248,INFS8201,Advanced Topics in Information Systems Research,,Postgraduate,6.0,Online,2021
249,COMP8670,Advanced Topics in Logic and Computation,,Postgraduate,6.0,In Person,2021
250,COMP4680,Advanced Topics in Machine Learning,Second Semester,Undergraduate,6.0,In Person,2021
251,COMP8650,Advanced Topics in Machine Learning,Second Semester,Postgraduate,6.0,In Person,2021
252,MATH3351,Advanced Topics in Mathematical Physics,First Semester,Undergraduate,6.0,In Person,2021
253,ENGN8536,Advanced Topics in Mechatronics Systems,Second Semester,Postgraduate,6.0,In Person,2021
254,PHIL4010,Advanced Topics in Philosophy,First Semester/Second Semester,Undergraduate,6.0,In Person,2021
255,ECON8901,"Advanced Topics in Poverty, Public Policy and Development",Second Semester,Postgraduate,6.0,In Person,2021
256,BIOL8002,Advanced Topics in Quantitative Biology and Bioinformatics,Second Semester,Postgraduate,6.0,In Person,2021
257,ENGN8527,Advanced Topics in Solar Energy Technologies,,Postgraduate,6.0,In Person,2021
258,LEGM8321,Advanced Will Drafting,,Postgraduate,6.0,Online,2021
259,BIOL3144,Advanced and Applied Immunology,Second Semester,Undergraduate,6.0,In Person,2021
260,BIOL6144,Advanced and Applied Immunology,Second Semester,Postgraduate,6.0,In Person,2021
261,BIOL3107,Advances in Medical and Plant Biochemistry,First Semester,Undergraduate,6.0,In Person,2021
262,BIOL6107,Advances in Medical and Plant Biochemistry,First Semester,Postgraduate,6.0,In Person,2021
263,BIOL6177,Advances in Molecular Plant Science,,Postgraduate,6.0,In Person,2021
264,BIOL3177,Advances in Molecular Plant Science,,Undergraduate,6.0,In Person,2021
265,MKTG2033,Advertising,First Semester,Undergraduate,6.0,In Person,2021
266,LEGM8327,Advocacy,Winter Session,Postgraduate,6.0,Online or In Person,2021
267,LEGM8132,Advocacy - Family Law,,Postgraduate,6.0,In Person,2021
268,HIST2315,Africans and Afro-descendants,Second Semester,Undergraduate,6.0,In Person,2021
269,ARTH6043,After the Bauhaus: Design from the Interwar Period to the Age of Climate Crisis,Second Semester,Postgraduate,6.0,In Person,2021
270,ARTH2043,After the Bauhaus: Design from the Interwar Period to the Age of Climate Crisis,Second Semester,Undergraduate,6.0,In Person,2021
271,IDEC8018,Agricultural Economics and Resource Policy,,Postgraduate,6.0,In Person,2021
272,ENVS3042,Agricultural Innovation,Second Semester,Undergraduate,6.0,In Person,2021
273,ENVS6342,Agricultural Innovation,Second Semester,Postgraduate,6.0,In Person,2021
274,ENVS6224,Agricultural Systems,Winter Session,Postgraduate,6.0,In Person,2021
275,ENVS2024,Agricultural Systems,Winter Session,Undergraduate,6.0,In Person,2021
276,IDEC8007,Aid and Development Policy,First Semester,Postgraduate,6.0,In Person,2021
277,ASIA2747,"Airlines in Asia and the Pacific: Histories, Technologies, Cultures, and Geographies",Second Semester,Undergraduate,6.0,In Person,2021
278,CRIM6005,"Alcohol, Drugs and Crime: Promoting Health and Preventing Consequences",First Semester,Postgraduate,6.0,In Person,2021
279,CRIM2005,"Alcohol, Drugs and Crime: Promoting Health and Preventing Consequences",First Semester,Undergraduate,6.0,Online,2021
280,MATH6118,"Algebra 1:  Groups, Rings and Advanced Linear Algebra",Second Semester,Postgraduate,6.0,In Person,2021
281,MATH6215,Algebra 2: Field extensions and Galois Theory,First Semester,Postgraduate,6.0,In Person,2021
282,MATH1003,Algebra and Calculus Methods,First Semester,Undergraduate,6.0,In Person,2021
283,MATH6204,Algebraic Topology,Second Semester,Postgraduate,6.0,In Person,2021
284,MATH4204,Algebraic Topology Honours,Second Semester,Undergraduate,6.0,In Person,2021
285,COMP3600,Algorithms,Second Semester,Undergraduate,6.0,In Person,2021
286,COMP6466,Algorithms,Second Semester,Postgraduate,6.0,In Person,2021
287,STST8053,"Alliances in Asia: theory, history and practice",,Postgraduate,6.0,In Person,2021
288,ENGL3021,"American Literature: Nature, Retreat, Experiment",First Semester,Undergraduate,6.0,In Person,2021
289,ENGL6021,"American Literature: Nature, Retreat, Experiment",First Semester,Postgraduate,6.0,In Person,2021
290,NSPO8024,American National Security Policy,,Postgraduate,6.0,In Person,2021
291,HIST6126,American Sixties,Second Semester,Postgraduate,6.0,In Person,2021
292,HIST2126,American Sixties,Second Semester,Undergraduate,6.0,In Person,2021
293,SOCY1004,"Analysing the Social World: Work, Care and Identity",Second Semester,Undergraduate,6.0,In Person,2021
294,MATH6110,Analysis 1: Metric spaces and Applications,First Semester,Postgraduate,6.0,In Person,2021
295,MATH6212,Analysis 2: Lebesgue Integration and Hilbert Spaces,First Semester,Postgraduate,6.0,In Person,2021
296,BUSN4007,Analysis of Financial Reporting,Second Semester,Undergraduate,6.0,In Person,2021
297,BUSN8007,Analysis of Financial Reporting,Second Semester,Postgraduate,6.0,In Person,2021
298,POPH8313,Analysis of Public Health Data,Second Semester,Postgraduate,6.0,Online or In Person,2021
299,ARCH3043,Analysis of Vertebrate Remains,First Semester,Undergraduate,6.0,In Person,2021
300,ARCH6043,Analysis of Vertebrate Remains,First Semester,Postgraduate,6.0,In Person,2021
301,EMSC4122,Analytical Techniques,First Semester,Undergraduate,6.0,In Person,2021
302,EMSC8022,Analytical Techniques,First Semester,Postgraduate,6.0,In Person,2021
303,ANCH1013,Ancient Athens: democracy and empire,Second Semester,Undergraduate,6.0,In Person,2021
304,ANCH6103,Ancient Athens: democracy and empire,Second Semester,Postgraduate,6.0,In Person,2021
305,BIAN3125,Ancient Health & Disease,,Undergraduate,6.0,In Person,2021
306,BIAN6512,Ancient Health & Disease,,Postgraduate,6.0,In Person,2021
307,BIAN2130,Ancient Medicine,,Undergraduate,6.0,In Person,2021
308,BIAN6519,Ancient Medicine,,Postgraduate,6.0,In Person,2021
309,ANCH6013,Ancient World in Film,,Postgraduate,6.0,In Person,2021
310,ANCH2021,Ancient World in Film,,Undergraduate,6.0,In Person,2021
311,ARCH6108,Animal and Plant Domestication,Second Semester,Postgraduate,6.0,In Person,2021
312,ARCH3108,Animal and Plant Domestication,Second Semester,Undergraduate,6.0,In Person,2021
313,LAWS4234,Animals and the Law,,Undergraduate,6.0,In Person,2021
314,ARTV6000,Animation,,Postgraduate,6.0,In Person,2021
315,ARTV2610,Animation and Video: Character development,First Semester,Undergraduate,6.0,In Person,2021
316,ARTV1104,Animation and Video: Digital Equipment and Studios,,Undergraduate,6.0,In Person,2021
317,ARTV2613,Animation and Video: Landscape and Environment,,Undergraduate,6.0,In Person,2021
318,ARTV2614,Animation and Video: Non-linear Forms,Second Semester,Undergraduate,6.0,In Person,2021
319,ARTV1103,Animation and Video: The Digital Workspace,,Undergraduate,6.0,In Person,2021
320,ARTV2609,Animation and Video: Visual Storytelling,First Semester,Undergraduate,6.0,In Person,2021
321,ARTV2615,Animation: Creative Possibilities,,Undergraduate,6.0,In Person,2021
322,CHMD8009,Anthropological Approaches to Health Interventions,Second Semester,Postgraduate,6.0,Online or In Person,2021
323,CHMD8010,Anthropological Concepts for Health Research: From Risk to Suffering,,Postgraduate,6.0,Online or In Person,2021
324,ANTH9112,Anthropological Field Methods,Autumn Session,Postgraduate,12.0,In Person,2021
325,ANTH9949,Anthropological Methods for PhD students,First Semester/Autumn Session/Second Semester,Postgraduate,12.0,In Person,2021
326,ANTH9901,Anthropology PhD Thesis Writing Workshop,First Semester/Second Semester,Postgraduate,12.0,In Person,2021
327,ASIA2280,Anthropology and Technology in India,,Undergraduate,6.0,In Person,2021
328,CHMD8022,Anthropology of Biomedical Technologies in Practice,,Postgraduate,6.0,Online or In Person,2021
329,ANTH6064,Anthropology of Environmental Disasters,,Postgraduate,6.0,In Person,2021
330,BIAN2064,Anthropology of Environmental Disasters,,Undergraduate,6.0,In Person,2021
331,ARAB3010,Applied Arabic,,Undergraduate,12.0,In Person,2021
332,ARAB6511,Applied Arabic,,Postgraduate,12.0,In Person,2021
333,LAWS8650,Applied Australian Migration Law and Practice,,Postgraduate,6.0,Online or In Person,2021
334,FINM7007,Applied Corporate Finance,First Semester/Second Semester,Postgraduate,6.0,In Person,2021
335,CECS8005,Applied Cybernetics Professional Experience Placement,Summer Session/First Semester/Spring Session,Postgraduate,0.0,In Person,2021
336,CYBN8005,Applied Cybernetics Professional Experience Placement,Summer Session/First Semester/Spring Session,Postgraduate,0.0,In Person,2021
337,FINM7041,Applied Derivatives,First Semester/Second Semester,Postgraduate,6.0,In Person,2021
338,IDEC8020,Applied Economic Dynamics,First Semester,Postgraduate,6.0,In Person,2021
339,ECON4485,Applied Economic Honours Research Essay,,Undergraduate,6.0,In Person,2021
340,MGMT8020,Applied Entrepreneurship and Innovation,Second Semester,Postgraduate,6.0,In Person,2021
341,FINM8014,Applied Financial Intermediation and Debt Markets,First Semester,Postgraduate,6.0,In Person,2021
342,FINM7006,Applied Foundations of Finance,First Semester/Second Semester,Postgraduate,6.0,In Person,2021
343,EMSC3033,Applied Geophysics,First Semester,Undergraduate,6.0,In Person,2021
344,ECON8073,Applied Health Econometrics,,Postgraduate,6.0,In Person,2021
345,FINM7008,Applied Investments,First Semester/Second Semester,Postgraduate,6.0,In Person,2021
346,EMET4310,Applied Macro & Financial Econometrics,Second Semester,Undergraduate,6.0,In Person,2021
347,EMET3008,Applied Macro and Financial Econometrics,Second Semester,Undergraduate,6.0,In Person,2021
348,EMET8010,Applied Macro and Financial Econometrics,Second Semester,Postgraduate,6.0,In Person,2021
349,MKTG7060,Applied Market Research,Second Semester,Postgraduate,6.0,In Person,2021
350,PHYS8301,Applied Mathematical Methods in Physics,First Semester,Postgraduate,6.0,In Person,2021
351,PHYS4301,Applied Mathematical Methods in Physics,First Semester,Undergraduate,6.0,In Person,2021
352,MATH2305,Applied Mathematics I,First Semester,Undergraduate,6.0,In Person,2021
353,MATH2306,Applied Mathematics II,Second Semester,Undergraduate,6.0,In Person,2021
354,EMET3006,Applied Micro-econometrics,First Semester/Second Semester,Undergraduate,6.0,In Person,2021
355,EMET4301,Applied Micro-econometrics,First Semester/Second Semester,Undergraduate,6.0,In Person,2021
356,PERS3007,Applied Persian,,Undergraduate,12.0,In Person,2021
357,PERS6007,Applied Persian,,Postgraduate,12.0,In Person,2021
358,POLS3041,Applied Policy Project,Second Semester,Undergraduate,6.0,In Person,2021
359,CRWF7000,Applied Policy Project,Second Semester,Postgraduate,6.0,In Person,2021
360,FINM8016,Applied Portfolio Construction,First Semester/Second Semester,Postgraduate,6.0,In Person,2021
361,FINM8100,Applied Project in Finance,First Semester/Second Semester,Postgraduate,6.0,In Person,2021
362,STAT7001,Applied Statistics,,Postgraduate,6.0,In Person,2021
363,STAT3008,Applied Statistics,,Undergraduate,6.0,In Person,2021
364,STAT4102,Applied Time Series Analysis,First Semester,Undergraduate,6.0,In Person,2021
365,STAT8002,Applied Time Series Analysis,First Semester,Postgraduate,6.0,In Person,2021
366,MMIB4001,Applied Topics in Business Honours Studies,First Semester/Second Semester,Undergraduate,6.0,In Person,2021
367,MMIB8001,Applied Topics in Business Studies 1,First Semester/Second Semester,Postgraduate,6.0,In Person,2021
368,MMIB8002,Applied Topics in Business Studies 2,First Semester/Second Semester,Postgraduate,12.0,In Person,2021
369,FINM7044,Applied Valuation,First Semester/Second Semester,Postgraduate,6.0,In Person,2021
370,ECON4402,Applied Welfare Economics,,Undergraduate,6.0,In Person,2021
371,ECON8002,Applied Welfare Economics,,Postgraduate,6.0,In Person,2021
372,EMET8001,Applied micro-econometrics,First Semester/Second Semester,Postgraduate,6.0,In Person,2021
373,BIOL3210,Appreciating Parasites: From Molecules to Ecosystems,,Undergraduate,6.0,In Person,2021
374,BIOL6210,Appreciating Parasites: From Molecules to Ecosystems,,Postgraduate,6.0,In Person,2021
375,HIST6110,Approaches to History,First Semester,Postgraduate,6.0,Online or In Person,2021
376,HIST2110,Approaches to History,First Semester,Undergraduate,6.0,In Person,2021
377,MEAS4121,Approaches to the Study of Modern Muslim Societies,,Undergraduate,6.0,In Person,2021
378,MEAS8121,Approaches to the Study of Modern Muslim Societies,,Postgraduate,6.0,In Person,2021
379,ASIA8022,"Approaching Asia and the Pacific: Concepts, Tools, and Methods",Second Semester,Postgraduate,6.0,Online or In Person,2021
380,ARCH2061,Archaeological Field Methods,Second Semester,Undergraduate,6.0,In Person,2021
381,ARCH2055,Archaeological Fieldschools & Fieldwork Practice,,Undergraduate,6.0,In Person,2021
382,ARCH2007,Archaeological Laboratory Methods,,Undergraduate,6.0,In Person,2021
383,ARCH8043,Archaeological Science Extended Internship,Summer Session/First Semester/Autumn Session/Winter Session/Second Semester/Spring Session,Postgraduate,12.0,In Person,2021
384,ARCH8042,Archaeological Science Internship,Summer Session/First Semester/Autumn Session/Winter Session/Second Semester/Spring Session,Postgraduate,6.0,In Person,2021
385,ARCH8031,Archaeological Science Research Project 2,Summer Session/First Semester/Autumn Session/Winter Session/Second Semester/Spring Session,Postgraduate,6.0,Online or In Person,2021
386,ARCH8030,Archaeological and Evolutionary Science Research Project 1,Summer Session/First Semester/Autumn Session/Winter Session/Second Semester/Spring Session,Postgraduate,6.0,Online or In Person,2021
387,ARCH1111,Archaeology Uncovered,First Semester,Undergraduate,6.0,In Person,2021
388,ARCH4003,Archaeology and Biological Anthropology Honours Writing Seminar,Second Semester,Undergraduate,6.0,In Person,2021
389,ARCH2052,Archaeology in Film and Fiction,,Undergraduate,6.0,In Person,2021
390,ASIA2203,Archaeology of China,Second Semester,Undergraduate,6.0,In Person,2021
391,ASIA6202,Archaeology of China,Second Semester,Postgraduate,6.0,In Person,2021
392,ARCH6521,Archaeology of Death and Mortuary Practices,,Postgraduate,6.0,In Person,2021
393,ARCH3028,Archaeology of Death and Mortuary Practices,,Undergraduate,6.0,In Person,2021
394,ARCH6030,Archaeology of Ritual and Religion,,Postgraduate,6.0,In Person,2021
395,ARCH3030,Archaeology of Ritual and Religion,,Undergraduate,6.0,In Person,2021
396,ARCH2050,Archaeology of Southeast Asia,,Undergraduate,6.0,In Person,2021
397,ARCH6005,Archaeology of the Pacific Islanders,Second Semester,Postgraduate,6.0,In Person,2021
398,ARCH2005,Archaeology of the Pacific Islanders,Second Semester,Undergraduate,6.0,In Person,2021
399,ARCH8033,"Archaeology, Climate Change and Society",,Postgraduate,6.0,Online or In Person,2021
400,ARTH9020,Arguing Objects,Spring Session,Postgraduate,6.0,In Person,2021
401,ARTH8020,Arguing Objects,Spring Session,Postgraduate,6.0,In Person,2021
402,ARTH4016,Art Museum Internship: Audience Development,Second Semester,Undergraduate,6.0,In Person,2021
403,ARTH8015,Art Museum Internship: Audience Development,Second Semester,Postgraduate,6.0,In Person,2021
404,ARTH8014,Art Museum Internship: Collection Management,First Semester,Postgraduate,6.0,In Person,2021
405,ARTH4015,Art Museum Internship: Collection Management,First Semester,Undergraduate,6.0,In Person,2021
406,ARTH2056,Art and Architecture of Southeast Asia: Tradition and Transformation,,Undergraduate,6.0,In Person,2021
407,ARTH6056,Art and Architecture of Southeast Asia: Tradition and Transformation,,Postgraduate,6.0,Online or In Person,2021
408,ARTH1006,Art and Design Histories: Form and Space,First Semester,Undergraduate,6.0,Online or In Person,2021
409,ARTH1007,Art and Design Histories: Making and Meaning,Second Semester,Undergraduate,6.0,Online or In Person,2021
410,COMP1720,Art and Interaction Computing,Second Semester,Undergraduate,6.0,In Person,2021
411,COMP6720,Art and Interaction Computing,Second Semester,Postgraduate,6.0,In Person,2021
412,ARTH6044,Art and Its Context: Materials Techniques Display,,Postgraduate,6.0,Online or In Person,2021
413,ARTH2044,"Art and Its Context: Materials, Techniques, Display",,Undergraduate,6.0,In Person,2021
414,ARTH3057,Art and Politics of Collecting,Second Semester,Undergraduate,6.0,In Person,2021
415,ARTH2080,"Art and Visual Culture of the Long Eighteenth Century, 1660-1815",First Semester,Undergraduate,6.0,In Person,2021
416,ARTH6080,"Art and Visual Culture of the Long Eighteenth Century, 1660-1815",First Semester,Postgraduate,6.0,In Person,2021
417,ARTH2173,Art and the Moving Image,,Undergraduate,6.0,In Person,2021
418,ARTH6173,Art and the Moving Image,,Postgraduate,6.0,In Person,2021
419,ARTH6162,Art in the Digital Age,,Postgraduate,6.0,In Person,2021
420,ARTH2162,Art in the Digital Age,,Undergraduate,6.0,In Person,2021
421,ARTH2059,Art of Asia: Histories and Traditions,,Undergraduate,6.0,In Person,2021
422,ARTH6059,Art of Asia: Histories and Traditions,,Postgraduate,6.0,In Person,2021
423,STST8121,Art of War I,Autumn Session,Postgraduate,6.0,In Person,2021
424,STST8122,Art of War II,Autumn Session,Postgraduate,6.0,In Person,2021
425,STST8123,Art of War III,Autumn Session,Postgraduate,6.0,In Person,2021
426,STST8124,Art of War IV,Winter Session,Postgraduate,6.0,In Person,2021
427,ARTH6081,"Art of the European Courts, 1500-1815",,Postgraduate,12.0,In Person,2021
428,ARTH2081,"Art of the European Courts, 1500-1815",,Undergraduate,12.0,In Person,2021
429,ARTH6052,Art of the Modern Print,,Postgraduate,6.0,Online or In Person,2021
430,ARTH2052,Art of the Modern Print,,Undergraduate,6.0,In Person,2021
431,ARTH2174,"Art, Medicine, Gender from the Renaissance until Today",,Undergraduate,6.0,In Person,2021
432,ARTH6174,"Art, Medicine, Gender from the Renaissance until Today",,Postgraduate,6.0,In Person,2021
433,ARTH6082,"Art, War and Conflict",,Postgraduate,6.0,In Person,2021
434,ARTH2082,"Art, War and Conflict",,Undergraduate,6.0,In Person,2021
435,COMP3620,Artificial Intelligence,First Semester,Undergraduate,6.0,In Person,2021
436,COMP6320,Artificial Intelligence,First Semester,Postgraduate,6.0,In Person,2021
437,LAWS8405,"Artificial Intelligence, Law & Society",Winter Session,Postgraduate,6.0,Online or In Person,2021
438,EMDV8009,Asia Pacific Environmental Conflicts: Causes and Solutions,Second Semester,Postgraduate,6.0,In Person,2021
439,ASIA3023,Asia Pacific Week Internship,First Semester,Undergraduate,6.0,In Person,2021
440,ASIA1030,Asia and the Pacific in Motion,Second Semester,Undergraduate,6.0,In Person,2021
441,ASIA1025,"Asia and the Pacific: Power, diversity and change",First Semester,Undergraduate,6.0,In Person,2021
442,ASIA2220,Asia-Pacific In-Country Learning,,Undergraduate,6.0,In Person,2021
443,ARTH2104,Asian Art In-Country,,Undergraduate,12.0,In Person,2021
444,ARTH6104,Asian Art In-Country,,Postgraduate,12.0,In Person,2021
445,BUSI7055,Asian Business Systems,Second Semester,Postgraduate,6.0,In Person,2021
446,FINM3045,Asian Capital Markets,First Semester/Second Semester,Undergraduate,6.0,In Person,2021
447,FINM7045,Asian Capital Markets,First Semester/Second Semester,Postgraduate,6.0,In Person,2021
448,ECHI2109,"Asian Giants: India, China and Japan; Alternate Paths to Prosperity(P)",,Undergraduate,6.0,In Person,2021
449,ASIA2065,Asian Politics: From Concepts to Causes,Second Semester,Undergraduate,6.0,In Person,2021
450,STST8068,"Asian Strategy and Security: History, Theory and Practice",First Semester,Postgraduate,6.0,Online or In Person,2021
451,ASIA2098,Asian and Pacific Studies Internship,,Undergraduate,6.0,In Person,2021
452,LING2029,Assessing Language,,Undergraduate,6.0,In Person,2021
453,LING6029,Assessing Language,,Postgraduate,6.0,In Person,2021
454,ASTR4004,Astronomical Computing,Second Semester,Undergraduate,6.0,In Person,2021
455,ASTR8004,Astronomical Computing,Second Semester,Postgraduate,6.0,In Person,2021
456,ASTR4005,Astronomy and Astrophysics IV Honours Research Project,First Semester/Second Semester,Undergraduate,6.0,In Person,2021
457,ASTR8001,Astronomy and Astrophysics Research Project,First Semester/Second Semester,Postgraduate,6.0,In Person,2021
458,ASTR8002,Astrophysical Gas Dynamics,,Postgraduate,6.0,In Person,2021
459,ASTR4012,Astrophysical Gas Dynamics,,Undergraduate,6.0,In Person,2021
460,ASTR6013,Astrophysical Processes,First Semester,Postgraduate,6.0,In Person,2021
461,ASTR3013,Astrophysical Processes,First Semester,Undergraduate,6.0,In Person,2021
462,ASTR1001,Astrophysics,Summer Session/First Semester/Winter Session/Second Semester,Undergraduate,6.0,Online or In Person,2021
463,ASTR8010,Astrophysics Research Project,First Semester/Second Semester,Postgraduate,6.0,In Person,2021
464,ASTR3005,Astrophysics Research Topic,Summer Session/First Semester/Second Semester,Undergraduate,6.0,In Person,2021
465,BUSN3002,Auditing,First Semester/Second Semester,Undergraduate,6.0,In Person,2021
466,BUSN7054,Auditing and Assurance Services,First Semester/Second Semester,Postgraduate,6.0,In Person,2021
467,MUSI1501,Aural Skills and Music Theory 1,First Semester,Undergraduate,6.0,In Person,2021
468,MUSI1502,Aural Skills and Music Theory 2,Second Semester,Undergraduate,6.0,In Person,2021
469,MUSI2503,Aural Skills and Music Theory 3,First Semester,Undergraduate,6.0,In Person,2021
470,MUSI2504,Aural Skills and Music Theory 4,Second Semester,Undergraduate,6.0,In Person,2021
471,STST2003,Australia and Security in the Pacific Islands,First Semester,Undergraduate,6.0,In Person,2021
472,PASI2002,Australia in Oceania in the 19th and 20th centuries,,Undergraduate,6.0,In Person,2021
473,PASI6002,Australia in Oceania in the 19th and 20th centuries,,Postgraduate,6.0,In Person,2021
474,HIST2144,Australia in the World: An International History,,Undergraduate,6.0,Online or In Person,2021
475,ENVS6104,Australia's Environment,Second Semester,Postgraduate,6.0,In Person,2021
476,ENVS1004,Australia's Environment,Second Semester,Undergraduate,6.0,In Person,2021
477,BAPA3004,Australia's Security in the Asian Century,,Undergraduate,6.0,In Person,2021
478,STST3002,Australia's Security in the Asian Century,Second Semester,Undergraduate,6.0,In Person,2021
479,STST8201,Australia's Strategic Environment,Summer Session,Postgraduate,12.0,In Person,2021
480,STST8100,Australia's Strategic and Defence Policy,Winter Session,Postgraduate,6.0,In Person,2021
481,HIST8144,"Australia, the Region and the World: 1901-2010",,Postgraduate,6.0,Online or In Person,2021
482,ARCH6004,Australian Archaeology,First Semester,Postgraduate,6.0,In Person,2021
483,ARCH2004,Australian Archaeology,First Semester,Undergraduate,6.0,In Person,2021
484,ARTH2171,Australian Art: The Modern Period,,Undergraduate,6.0,In Person,2021
485,SCRN2002,Australian Cinema,First Semester,Undergraduate,6.0,In Person,2021
486,ENGL2081,"Australian Crimes: Crime Narratives on Page, Stage and Screen",,Undergraduate,6.0,In Person,2021
487,ECHI2102,Australian Economic History(P),,Undergraduate,6.0,In Person,2021
488,ARTH2098,Australian First Nations Art and Culture,First Semester,Undergraduate,6.0,In Person,2021
489,ARTH6598,Australian First Nations Art and Culture,First Semester,Postgraduate,6.0,In Person,2021
490,LAWS8240,Australian Human Rights and Discrimination,,Postgraduate,6.0,In Person,2021
491,INDG8004,Australian Indigenous Policy,Second Semester,Postgraduate,6.0,Online or In Person,2021
492,INDG9004,Australian Indigenous Policy,First Semester/Second Semester,Postgraduate,6.0,Online or In Person,2021
493,INDG8005,Australian Indigenous Policy (Advanced),Second Semester,Postgraduate,12.0,Online or In Person,2021
494,LAWS8328,Australian Legal Responses to National Security and Counter Terrorism,Winter Session,Postgraduate,6.0,Online or In Person,2021
495,MUSI2225,Australian Music Culture Studies,,Undergraduate,6.0,In Person,2021
496,ANIP6503,Australian National Internships Program A,First Semester/Second Semester,Postgraduate,6.0,In Person,2021
497,ANIP3003,Australian National Internships Program A,First Semester/Second Semester,Undergraduate,6.0,In Person,2021
498,ANIP4001,Australian National Internships Program A Honours,First Semester/Second Semester,Undergraduate,6.0,In Person,2021
499,ANIP3005,Australian National Internships Program B,First Semester/Second Semester,Undergraduate,12.0,In Person,2021
500,ANIP6505,Australian National Internships Program B,First Semester/Second Semester,Postgraduate,12.0,In Person,2021
501,ANIP3007,Australian National Internships Program D,First Semester/Second Semester,Undergraduate,24.0,In Person,2021
502,ANIP6507,Australian National Internships Program D,First Semester/Second Semester,Postgraduate,24.0,In Person,2021
503,LAWS6310,Australian National Law Internships Program B,,Postgraduate,12.0,In Person,2021
504,LAWS4310,Australian National Law Internships Program B,,Undergraduate,12.0,In Person,2021
505,LAWS4311,Australian National Law Internships Program Internship A,,Undergraduate,6.0,In Person,2021
506,LAWS6311,Australian National Law Internships Program Internship A,,Postgraduate,6.0,In Person,2021
507,LAWS8485,Australian National Security Law,,Postgraduate,6.0,In Person,2021
508,LAWS4285,Australian National Security Law,,Undergraduate,6.0,Online or In Person,2021
509,NSPO8036,Australian National Security Law: An introduction for policymakers,First Semester,Postgraduate,6.0,Online or In Person,2021
510,HIST2227,Australian Political History,First Semester,Undergraduate,6.0,In Person,2021
511,HIST6227,Australian Political History,First Semester,Postgraduate,6.0,Online or In Person,2021
512,POLS2114,Australian Political Institutions,,Undergraduate,6.0,In Person,2021
513,LAWS6105,Australian Public Law,First Semester/Second Semester,Postgraduate,6.0,Online or In Person,2021
514,LAWS1205,Australian Public Law,First Semester,Undergraduate,6.0,Online or In Person,2021
515,STST8004,Australian Strategic and Defence Policy,Second Semester,Postgraduate,6.0,In Person,2021
516,BIOL3213,Australian Wildlife,Second Semester,Undergraduate,6.0,In Person,2021
517,BIOL6213,Australian Wildlife,Second Semester,Postgraduate,6.0,In Person,2021
518,NSPO8035,Australia’s Strategic Environment and future security challenges,Second Semester,Postgraduate,6.0,In Person,2021
519,LING2040,Austronesian languages,Second Semester,Undergraduate,6.0,In Person,2021
520,LING6040,Austronesian languages,Second Semester,Postgraduate,6.0,In Person,2021
521,MEAS8116,"Authoritarianism, Democratisation and Protest in the Muslim Middle East",Second Semester,Postgraduate,6.0,In Person,2021
522,MEAS4116,"Authoritarianism, Democratisation and Protest in the Muslim Middle East",Second Semester,Undergraduate,6.0,In Person,2021
523,ARTV6830,Automation and Autonomy,,Postgraduate,6.0,In Person,2021
524,ARTV2830,"Automation and Autonomy: Process, Accident, Sculpture",,Undergraduate,6.0,In Person,2021
525,BIOL3193,Bacteria and Health: An Ecological and Evolutionary Perspective,,Undergraduate,6.0,In Person,2021
526,ANCH3503,Bad Neighbours: Law and life in ancient Athens,,Undergraduate,6.0,In Person,2021
527,ANCH6502,Bad neighbours: evidence of Athenian life from 4th century law-court speeches,,Postgraduate,6.0,In Person,2021
528,LEGW8010,Banking & Finance Law,Autumn Session,Postgraduate,3.0,Online,2021
529,LAWS4282,Bankruptcy and Insolvency,,Undergraduate,6.0,In Person,2021
530,LEGW8141,Becoming a Practitioner,,Postgraduate,6.0,In Person,2021
531,ECON2013,Behavioral Economics,Second Semester,Undergraduate,6.0,In Person,2021
532,BIOL6631,Behavioural Ecology,First Semester,Postgraduate,6.0,In Person,2021
533,BIOL3131,Behavioural Ecology,First Semester,Undergraduate,6.0,In Person,2021
534,GERM3049,"Berlin Stories: Places, Words, Images",,Undergraduate,6.0,In Person,2021
535,HUMN8006,Best Practice in Managing Heritage Places,,Postgraduate,6.0,In Person,2021
536,VCUG3005,Beyond Chaos,Winter Session,Undergraduate,6.0,In Person,2021
537,LAWS4005,Beyond Chaos,Winter Session,Undergraduate,6.0,Online or In Person,2021
538,VCPG6005,Beyond Chaos,Winter Session,Postgraduate,6.0,In Person,2021
539,STAT3017,Big Data Statistics,Second Semester,Undergraduate,6.0,In Person,2021
540,STAT7017,Big Data Statistics,Second Semester,Postgraduate,6.0,In Person,2021
541,BIOL3201,Big Questions in Biology,First Semester,Undergraduate,6.0,In Person,2021
542,BIOL6201,Big Questions in Biology,First Semester,Postgraduate,6.0,In Person,2021
543,ENGN4820,Bio Micro and Nano Electro-Mechanical Systems (BioMEMS and BioNEMS),Second Semester,Undergraduate,6.0,In Person,2021
544,BIOL2171,Biochemistry and Nutrition,First Semester,Undergraduate,6.0,In Person,2021
545,BIOL6171,Biochemistry and Nutrition,First Semester,Postgraduate,6.0,In Person,2021
546,ENVS3039,Biodiversity Conservation,Second Semester,Undergraduate,6.0,In Person,2021
547,ENVS6024,Biodiversity Conservation,Second Semester,Postgraduate,6.0,In Person,2021
548,ENVS2001,"Biodiversity Science: Wildlife, Vegetation and Landscape Ecology",Second Semester,Undergraduate,6.0,Online or In Person,2021
549,ENVS6201,"Biodiversity Science: Wildlife, Vegetation and Landscape Ecology",Second Semester,Postgraduate,6.0,Online or In Person,2021
550,HLTH3003,Bioethics and Beyond,First Semester,Undergraduate,6.0,In Person,2021
551,HIST8011,Biography and History,Second Semester,Postgraduate,6.0,Online or In Person,2021
552,MATH2307,Bioinformatics and Biological Modelling,Second Semester,Undergraduate,6.0,In Person,2021
553,MATH6100,Bioinformatics and Biological Modelling,Second Semester,Postgraduate,6.0,In Person,2021
554,BIOL3157,Bioinformatics and its Applications,Second Semester,Undergraduate,6.0,In Person,2021
555,BIOL6243,Bioinformatics and its Applications,Second Semester,Postgraduate,6.0,In Person,2021
556,PSYC2007,Biological Basis of Behaviour,Second Semester,Undergraduate,6.0,In Person,2021
557,PSYC6010,Biological Basis of Behaviour,Second Semester,Postgraduate,6.0,In Person,2021
558,BIOL1003,"Biology 1: Evolution, Ecology and Genetics",First Semester,Undergraduate,6.0,In Person,2021
559,BIOL6035,"Biology 1: Evolution, Ecology and Genetics",First Semester,Postgraduate,6.0,In Person,2021
560,BIOL6036,Biology 2: Molecular & Cell Biology,Second Semester,Postgraduate,6.0,In Person,2021
561,BIOL1004,Biology 2: Molecular and Cell Biology,Second Semester,Undergraduate,6.0,In Person,2021
562,BIOL4001,Biology IV Honours,Summer Session/First Semester/Second Semester,Undergraduate,12.0,In Person,2021
563,BIOL8704,Biology Literature Research Project,First Semester/Second Semester,Postgraduate,6.0,Online,2021
564,BIOL3209,Biology Research Project,Summer Session/First Semester/Autumn Session/Winter Session/Second Semester/Spring Session,Undergraduate,12.0,In Person,2021
565,BIOL3208,Biology Research Project,Summer Session/First Semester/Autumn Session/Winter Session/Second Semester/Spring Session,Undergraduate,6.0,In Person,2021
566,BIOL8706,Biology Research Project,First Semester/Second Semester,Postgraduate,6.0,In Person,2021
567,BIOL3191,"Biology, Society and Ethics",Second Semester,Undergraduate,6.0,In Person,2021
568,BIOL6191,"Biology, Society and Ethics",Second Semester,Postgraduate,6.0,In Person,2021
569,ENGN4811,Biomechanics and Biomaterials,,Undergraduate,6.0,In Person,2021
570,ENGN3820,Biomedical Imaging,Second Semester,Undergraduate,6.0,In Person,2021
571,BIOL3142,Biomedical Parasitology,First Semester,Undergraduate,6.0,In Person,2021
572,BIOL6143,Biomedical Parasitology,First Semester,Postgraduate,6.0,In Person,2021
573,ENGN4821,Biomedical Signal Processing,,Undergraduate,6.0,In Person,2021
574,BIOL6106,Biosecurity,,Postgraduate,6.0,In Person,2021
575,BIOL3106,Biosecurity,,Undergraduate,6.0,In Person,2021
576,STAT8003,Biostatistics,First Semester,Postgraduate,6.0,In Person,2021
577,POPH8101,Biostatistics in Population Health,First Semester,Postgraduate,6.0,Online or In Person,2021
578,POPH4101,Biostatistics in Population Health,First Semester,Undergraduate,6.0,Online or In Person,2021
579,REGN8019,Biyam-burru-wa-la-nha: Indigenous Peoples and Self-Governing Systems,Autumn Session,Postgraduate,3.0,In Person,2021
580,LEGM8001,Blockchain & Legal Innovation I,First Semester,Postgraduate,6.0,Online,2021
581,LEGM8002,Blockchain & Legal Innovation II,Second Semester,Postgraduate,6.0,Online,2021
582,ASIA2167,Borders and their Transgressions in Mainland Southeast Asia,,Undergraduate,6.0,In Person,2021
583,NSPO8041,"Borders, Migration And Security",,Postgraduate,3.0,In Person,2021
584,PASI8302,Bougainville in Transition,Winter Session,Postgraduate,3.0,Online or In Person,2021
585,MKTG7027,Brand Strategy,First Semester,Postgraduate,6.0,In Person,2021
586,ARCH6056,Britons and Romans: The Archaeology of the Western Roman Empire,,Postgraduate,6.0,In Person,2021
587,PHIL2012,Buddhist Philosophy,Second Semester,Undergraduate,6.0,In Person,2021
588,POGO8237,"Budgeting for Outcomes: Purposes, Programs and Performance",Spring Session,Postgraduate,3.0,In Person,2021
589,CECS8001,Building Cyber-Physical Systems,First Semester/Second Semester,Postgraduate,12.0,In Person,2021
590,MGMT7153,Building Individual Leadership Capacity,First Semester,Postgraduate,6.0,In Person,2021
591,STST8054,Building a defence force: Defence force structure planning and acquisition,,Postgraduate,6.0,In Person,2021
592,POLS2009,"Bureaucracy, Politics and Power",First Semester,Undergraduate,6.0,In Person,2021
593,ASIA2039,Burma/Myanmar - a Country in Crisis,First Semester,Undergraduate,6.0,In Person,2021
594,ASIA6039,Burma/Myanmar: a Country in Crisis,First Semester,Postgraduate,6.0,In Person,2021
595,BURM6002,Burmese 1,First Semester,Postgraduate,6.0,Online,2021
596,BURM1002,Burmese 1,First Semester,Undergraduate,6.0,Online,2021
597,BURM1003,Burmese 2,Second Semester,Undergraduate,6.0,Online,2021
598,BURM6003,Burmese 2,Second Semester,Postgraduate,6.0,Online,2021
599,BURM6101,Burmese 3,First Semester,Postgraduate,6.0,Online or In Person,2021
600,BURM2001,Burmese 3,First Semester,Undergraduate,6.0,Online,2021
601,BURM2002,Burmese 4,Second Semester,Undergraduate,6.0,Online,2021
602,BURM6102,Burmese 4,Second Semester,Postgraduate,6.0,Online or In Person,2021
603,EMET4312,Business & Economic Forecasting,Second Semester,Undergraduate,6.0,In Person,2021
604,INFS8210,Business Analytics for Managers,First Semester,Postgraduate,6.0,In Person,2021
605,BUSN7057,Business Association Law,First Semester/Second Semester,Postgraduate,6.0,In Person,2021
606,MGMT7001,Business Communication,,Postgraduate,6.0,In Person,2021
607,MGMT2003,Business Decision Making,Second Semester,Undergraduate,6.0,In Person,2021
608,ECON8069,Business Economics,First Semester/Second Semester,Postgraduate,6.0,In Person,2021
609,PAAE8006,Business Ethics,,Postgraduate,6.0,In Person,2021
610,MGMT3016,Business Ethics,Second Semester,Undergraduate,6.0,In Person,2021
611,MGMT8242,Business Growth Strategies,First Semester,Postgraduate,6.0,In Person,2021
612,INFS1001,Business Information Systems,First Semester/Second Semester,Undergraduate,6.0,In Person,2021
613,INFS4500,Business Information Systems Honours Thesis,First Semester/Second Semester,Undergraduate,6.0,In Person,2021
614,BUSI7152,Business Negotiations and Conflict Resolution,,Postgraduate,6.0,In Person,2021
615,BUSN1001,Business Reporting and Analysis,First Semester/Second Semester,Undergraduate,6.0,In Person,2021
616,EMET3007,Business and Economic Forecasting,Second Semester,Undergraduate,6.0,In Person,2021
617,EMET8012,Business and Economic Forecasting,Second Semester,Postgraduate,6.0,In Person,2021
618,MGMT3102,Business and its Social Stakeholders,First Semester,Undergraduate,6.0,In Person,2021
619,BUSI3028,Business in China,,Undergraduate,6.0,In Person,2021
620,LAWS8254,"Business, Human Rights and Corporate Responsibility",Winter Session,Postgraduate,6.0,Online or In Person,2021
621,SOCR9005,CSRM Thesis Design,Second Semester,Postgraduate,12.0,In Person,2021
622,SPAN2102,"CULTURA, Cultura, Kultura: Spanish Language and Culture Workshop",Second Semester,Undergraduate,6.0,In Person,2021
623,CHIN2024,Cantonese 1,First Semester,Undergraduate,6.0,In Person,2021
624,CHIN6201,Cantonese 1,First Semester,Postgraduate,6.0,In Person,2021
625,CHIN2025,Cantonese 2,Second Semester,Undergraduate,6.0,In Person,2021
626,CHIN6202,Cantonese 2,Second Semester,Postgraduate,6.0,In Person,2021
627,CHIN3203,Cantonese 3,,Undergraduate,6.0,In Person,2021
628,CHIN6203,Cantonese 3,,Postgraduate,6.0,In Person,2021
629,ENGN4300,Capstone Design Project,,Undergraduate,6.0,In Person,2021
630,MGMT2005,Career Planning and Management,First Semester,Undergraduate,6.0,In Person,2021
631,IDEC8023,Case Studies in Applied Econometrics,First Semester,Postgraduate,6.0,In Person,2021
632,EMET8002,Case Studies in Applied Economic Analysis and Econometrics,First Semester/Second Semester,Postgraduate,6.0,In Person,2021
633,POGO8055,Case Studies in Decision Making,,Postgraduate,6.0,In Person,2021
634,DIPL8003,Case Studies in Diplomacy,,Postgraduate,6.0,In Person,2021
635,POGO8210,Case Studies in Economic Policy,,Postgraduate,6.0,In Person,2021
636,POGO8403,Cases in Contemporary Public Policy,Winter Session,Postgraduate,6.0,In Person,2021
637,CHEM3206,Catalysis in Chemistry,Second Semester,Undergraduate,6.0,In Person,2021
638,HIST2143,Celebrity: An Unauthorised History,,Undergraduate,6.0,In Person,2021
639,HIST6143,Celebrity: An Unauthorised History,,Postgraduate,6.0,Online or In Person,2021
640,BIOL2117,Cell Biology,Second Semester,Undergraduate,6.0,In Person,2021
641,BIOL6117,Cell Biology,Second Semester,Postgraduate,6.0,In Person,2021
642,BIOL6174,Cell Physiology in Health and Disease,Second Semester,Postgraduate,6.0,In Person,2021
643,BIOL2174,Cell Physiology in Health and Disease,Second Semester,Undergraduate,6.0,In Person,2021
644,NEUR6101,Cellular Neuroscience,First Semester,Postgraduate,6.0,In Person,2021
645,NEUR3101,Cellular Neuroscience,First Semester,Undergraduate,6.0,In Person,2021
646,ARTV2120,Ceramics: Designing for the Table and Home,,Undergraduate,6.0,In Person,2021
647,ARTV2119,Ceramics: Experimental Methods and Meanings,Second Semester,Undergraduate,6.0,In Person,2021
648,ARTV2117,Ceramics: Glaze & Colour Development,,Undergraduate,6.0,In Person,2021
649,ARTV1101,Ceramics: Introduction to Clay Forming and Technology,,Undergraduate,6.0,In Person,2021
650,ARTV2125,"Ceramics: Moulding, Casting & Digital Technologies",,Undergraduate,6.0,In Person,2021
651,ARTV2124,"Ceramics: Surface, Form and Connectivity",,Undergraduate,6.0,In Person,2021
652,ARTV1102,Ceramics: Throwing & Surface Decoration,,Undergraduate,6.0,In Person,2021
653,POGO8115,Challenging the Global Food Trading Regime,,Postgraduate,6.0,In Person,2021
654,CHEM2211,Chemical Biology 1,First Semester,Undergraduate,6.0,In Person,2021
655,CHEM2208,Chemical Biology 2,Second Semester,Undergraduate,6.0,In Person,2021
656,CHEM2202,Chemical Structure and Reactivity 1,First Semester,Undergraduate,6.0,In Person,2021
657,CHEM2203,Chemical Structure and Reactivity 2,Second Semester,Undergraduate,6.0,In Person,2021
658,CHEM1101,Chemistry 1,First Semester,Undergraduate,6.0,In Person,2021
659,CHEM1201,Chemistry 2,Second Semester,Undergraduate,6.0,In Person,2021
660,CHEM4005,Chemistry IV Honours (S),Summer Session/First Semester/Second Semester/Spring Session,Undergraduate,12.0,In Person,2021
661,LING6521,Child Language Acquisition,,Postgraduate,6.0,In Person,2021
662,LING2521,Child Language Acquisition,,Undergraduate,6.0,In Person,2021
663,STST8013,China's Defence and Strategic Challenges,First Semester,Postgraduate,6.0,In Person,2021
664,INTR8060,China's Global Engagement,,Postgraduate,6.0,In Person,2021
665,NSPO8034,"China, America and National Security",Second Semester,Postgraduate,6.0,In Person,2021
666,ASIA2014,"China: Language, Discourse, and Political Culture",,Undergraduate,6.0,In Person,2021
667,ASIA6014,"China: Language, Discourse, and Political Culture",,Postgraduate,6.0,In Person,2021
668,ASIA2073,Chinese Calligraphy: History and Practice,,Undergraduate,6.0,In Person,2021
669,INTR2012,Chinese Foreign and Security Policy,Second Semester,Undergraduate,6.0,In Person,2021
670,ASIA6044,Chinese History: The Imperial Period (221 BC - 1800),,Postgraduate,6.0,In Person,2021
671,ASIA2044,Chinese History: The Imperial Period (221 BC - 1800),,Undergraduate,6.0,In Person,2021
672,LAWS4276,Chinese Law and Society,,Undergraduate,6.0,In Person,2021
673,LING2017,Chinese Linguistics,,Undergraduate,6.0,In Person,2021
674,LING6017,Chinese Linguistics,,Postgraduate,6.0,In Person,2021
675,ASIA2003,Chinese Literature,First Semester,Undergraduate,6.0,In Person,2021
676,ASIA2054,Chinese Philosophy: Creation and Development,First Semester,Undergraduate,6.0,Online or In Person,2021
677,CHIN1202,Chinese Secondary Extension - Continuing,First Semester/Second Semester,Undergraduate,6.0,In Person,2021
678,INTR8074,Chinese Thinking on International Relations,,Postgraduate,6.0,In Person,2021
679,CHIN3216,Chinese-English Interpreting,First Semester,Undergraduate,6.0,In Person,2021
680,CHIN6216,Chinese-English Interpreting: Methodology and Practice,First Semester,Postgraduate,6.0,In Person,2021
681,CHIN6041,Chinese-English Translation,Second Semester,Postgraduate,6.0,In Person,2021
682,CHIN3041,Chinese-English Translation,Second Semester,Undergraduate,6.0,In Person,2021
683,SCRN2107,Cinema from the Spanish-Speaking World,,Undergraduate,6.0,In Person,2021
684,SCRN6107,Cinema from the Spanish-Speaking World,,Postgraduate,6.0,In Person,2021
685,SPAN2107,Cinema from the Spanish-speaking World,,Undergraduate,6.0,In Person,2021
686,SPAN6517,Cinema from the Spanish-speaking World,,Postgraduate,6.0,In Person,2021
687,SOCY2035,Cities and urban transformation,,Undergraduate,6.0,In Person,2021
688,LAWS8175,Citizenship Law in Context,,Postgraduate,6.0,Online or In Person,2021
689,ARTH3004,"City Sites: studies in art, design and urbanity",,Undergraduate,6.0,In Person,2021
690,ARTH6004,City Sites: studies in art. design and urbanity,,Postgraduate,6.0,In Person,2021
691,NSPO8042,Civil-Military Coordination,Spring Session,Postgraduate,3.0,In Person,2021
692,NSPO8010,Civil-Military Relations,,Postgraduate,6.0,In Person,2021
693,POLS4021,Civilian Protection in Conflict and Post-Conflict Zones,First Semester,Undergraduate,6.0,In Person,2021
694,ECHI4211,Classic Works of Economic Theory,,Undergraduate,6.0,In Person,2021
695,ECHI8011,Classic Works of Economic Theory,,Postgraduate,6.0,In Person,2021
696,PHYS2201,Classical Mechanics,Second Semester,Undergraduate,6.0,In Person,2021
697,SOCY2040,Classical Social Theory,,Undergraduate,6.0,In Person,2021
698,CLAS4006,Classics Methods and Evidence,First Semester,Undergraduate,12.0,In Person,2021
699,CLAS8019,Classics Methods and Evidence,First Semester,Postgraduate,12.0,In Person,2021
700,ENVS8003,Climate Change Vulnerability and Adaptation,Spring Session,Postgraduate,6.0,In Person,2021
701,ENVS6303,"Climate Change: Past, Present and Future",First Semester,Postgraduate,6.0,In Person,2021
702,ENVS3013,"Climate Change: Past, Present and Future",First Semester,Undergraduate,6.0,In Person,2021
703,ENVS3020,"Climate Change: Science, Society, and Policy",Second Semester,Undergraduate,6.0,In Person,2021
704,ENVS6307,"Climate Change: Science, Society, and Policy",Second Semester,Postgraduate,6.0,In Person,2021
705,LAWS8474,Climate Law,,Postgraduate,6.0,In Person,2021
706,LAWS4274,Climate Law,First Semester,Undergraduate,6.0,Online or In Person,2021
707,LAWS8181,Climate and Sustainable Energy Law,,Postgraduate,6.0,Online or In Person,2021
708,NSPO8033,"Climate, the Environment and National Security",Second Semester,Postgraduate,6.0,In Person,2021
709,PSYC8101,Clinical Coursework I,First Semester,Postgraduate,12.0,In Person,2021
710,PSYC8102,Clinical Coursework II,Second Semester,Postgraduate,12.0,In Person,2021
711,PSYC8103,Clinical Coursework III,First Semester/Winter Session,Postgraduate,12.0,In Person,2021
712,PSYC8104,Clinical Coursework IV,Autumn Session/Second Semester,Postgraduate,12.0,In Person,2021
713,MEDI4003,Clinical Experience Final Year Medical Students,Summer Session/First Semester,Undergraduate,0.0,In Person,2021
714,PSYC8201,Clinical Field Placement I,First Semester,Postgraduate,6.0,In Person,2021
715,PSYC8202,Clinical Field Placement II,Summer Session/First Semester/Second Semester,Postgraduate,6.0,In Person,2021
716,PSYC8203,Clinical Field Placement III,First Semester/Second Semester,Postgraduate,6.0,In Person,2021
717,PSYC8204,Clinical Field Placement IV,First Semester/Autumn Session/Second Semester,Postgraduate,6.0,In Person,2021
718,PSYC8301,Clinical Research,First Semester/Second Semester/Spring Session,Postgraduate,6.0,In Person,2021
719,PSYC8303,Clinical Research III,First Semester/Second Semester,Postgraduate,6.0,In Person,2021
720,PSYC8304,Clinical Research IV,First Semester/Second Semester,Postgraduate,6.0,In Person,2021
721,ENGL1014,Close Encounters: How to Read Literature,First Semester,Undergraduate,6.0,In Person,2021
722,NSPO8030,Coercion and National Security,,Postgraduate,6.0,In Person,2021
723,PSYC2008,Cognition,Second Semester,Undergraduate,6.0,In Person,2021
724,PSYC3029,Cognitive and Clinical Neuropsychology,,Undergraduate,6.0,In Person,2021
725,PSYC6030,Cognitive and Clinical Neuropsychology,,Postgraduate,6.0,In Person,2021
726,HUMN8034,Collaborative Curating and Storytelling,First Semester,Postgraduate,6.0,In Person,2021
727,MUSC8021,Collections Management Workshop,Second Semester,Postgraduate,6.0,In Person,2021
728,CBEA3001,College of Business and Economics Special Industry Project,First Semester/Second Semester,Undergraduate,6.0,In Person,2021
729,HIST8015,Colonial Australia in an Imperial World,,Postgraduate,6.0,Online or In Person,2021
730,HIST8016,Colonial Encounters,Second Semester,Postgraduate,6.0,Online or In Person,2021
731,LAWS4309,Colonialism and the rule of law,,Undergraduate,6.0,In Person,2021
732,ASIA2120,Colonialism and the rule of law,,Undergraduate,6.0,In Person,2021
733,BUSN8801,Commerce Research Report,First Semester/Second Semester,Postgraduate,6.0,In Person,2021
734,LEGM8131,Commercial Drafting,First Semester/Second Semester,Postgraduate,6.0,Online,2021
735,LAWS8131,Commercial Drafting,,Postgraduate,6.0,Online,2021
736,LAWS8140,Commercial Law,Spring Session,Postgraduate,6.0,Online or In Person,2021
737,BUSN7052,Commercial Law,First Semester/Second Semester,Postgraduate,6.0,In Person,2021
738,LAWS4210,Commercial Law,Second Semester,Undergraduate,6.0,Online or In Person,2021
739,LEGM8156,Commonwealth Compensation Law,,Postgraduate,6.0,Online,2021
740,LAWS6202,Commonwealth Constitutional Law,Second Semester,Postgraduate,6.0,Online or In Person,2021
741,LAWS2202,Commonwealth Constitutional Law,Second Semester,Undergraduate,6.0,Online or In Person,2021
742,LAWS8117,Commonwealth Environmental Law,,Postgraduate,6.0,Online,2021
743,SCOM8014,Communicating Science with the Public,First Semester,Postgraduate,6.0,Online or In Person,2021
744,SCOM4014,Communicating Science with the Public,First Semester,Undergraduate,6.0,In Person,2021
745,EMDV8007,Communicating for Environment and Climate Policy,Second Semester,Postgraduate,6.0,In Person,2021
746,MGMT2100,Communication for Business,First Semester/Second Semester,Undergraduate,6.0,In Person,2021
747,LING6034,Communication in Health Care,Second Semester,Postgraduate,6.0,In Person,2021
748,LING2034,Communication in Health Care,Second Semester,Undergraduate,6.0,In Person,2021
749,LAWS6268,Community Law Clinic,First Semester/Second Semester,Postgraduate,6.0,In Person,2021
750,LAWS4268,Community Law Clinic,First Semester/Second Semester,Undergraduate,6.0,In Person,2021
751,BUSN2015,Company Accounting,First Semester/Second Semester,Undergraduate,6.0,In Person,2021
752,LAWS8247,Comparative Civil and Political Rights,,Postgraduate,6.0,In Person,2021
753,LAWS8016,Comparative Constitutional Law,Autumn Session,Postgraduate,6.0,Online or In Person,2021
754,EURO3002,Comparative European Politics,Second Semester,Undergraduate,6.0,In Person,2021
755,POLS4040,Comparative Federalism,,Undergraduate,6.0,In Person,2021
756,POLS8040,Comparative Federalism,,Postgraduate,6.0,In Person,2021
757,POLS3031,Comparative Judicial Politics,,Undergraduate,6.0,In Person,2021
758,LAWS8654,Comparative Migration Law,,Postgraduate,6.0,Online,2021
759,LAWS8018,Comparative National Security Law,,Postgraduate,6.0,In Person,2021
760,BIOL2115,Comparative Physiology,Second Semester,Undergraduate,6.0,In Person,2021
761,BIOL6115,Comparative Physiology,Second Semester,Postgraduate,6.0,In Person,2021
762,POLS8045,Comparative Political Analysis,,Postgraduate,6.0,In Person,2021
763,POLS4039,Comparative Political Behavior,First Semester,Undergraduate,6.0,In Person,2021
764,POLS8039,Comparative Political Behaviour,First Semester,Postgraduate,6.0,In Person,2021
765,POLS8038,Comparative Political Institutions,,Postgraduate,6.0,In Person,2021
766,POLS4038,Comparative Political Institutions,,Undergraduate,6.0,In Person,2021
767,POGO8032,Comparative Public Sector Management,,Postgraduate,6.0,In Person,2021
768,LAWS4287,Comparative land law in Asia,,Undergraduate,6.0,In Person,2021
769,LAWS4255,Competition Law,Second Semester,Undergraduate,6.0,Online or In Person,2021
770,LAWS8154,Competition Law,Second Semester,Postgraduate,6.0,Online or In Person,2021
771,ECON8055,Competition Policy and the Economics of Regulation,,Postgraduate,6.0,In Person,2021
772,ECON3055,Competition Policy and the Economics of Regulation (P),,Undergraduate,6.0,In Person,2021
773,MATH6213,Complex Analysis,Second Semester,Postgraduate,6.0,In Person,2021
774,ENVS6025,Complex Environmental Problems in Action,Second Semester,Postgraduate,6.0,In Person,2021
775,ENVS3040,Complex Environmental Problems in Action,Second Semester,Undergraduate,6.0,In Person,2021
776,REGN8056,"Complexity, Catastrophe and Resilience",,Postgraduate,3.0,In Person,2021
777,REGN8055,Compliance and Defiance,Autumn Session,Postgraduate,3.0,In Person,2021
778,LEGM8006,"Compliance, visa cancellation and review in Australian Migration Law",Second Semester,Postgraduate,6.0,Online,2021
779,ENGN4511,Composite Materials,,Undergraduate,6.0,In Person,2021
780,ENGN6511,Composite Materials,,Postgraduate,6.0,In Person,2021
781,MUSI2226,Composition for Film and Video Games,Second Semester,Undergraduate,6.0,In Person,2021
782,MUSI1111,"Composition, Arranging, and Sound Design 1",First Semester,Undergraduate,6.0,In Person,2021
783,MUSI1112,"Composition, Arranging, and Sound Design 2",Second Semester,Undergraduate,6.0,In Person,2021
784,MUSI2223,"Composition, Arranging, and Sound Design 3",First Semester,Undergraduate,6.0,In Person,2021
785,MUSI2224,"Composition, Arranging, and Sound Design 4",Second Semester,Undergraduate,6.0,In Person,2021
786,MUSI3314,"Composition, Arranging, and Sound Design 5",First Semester,Undergraduate,6.0,In Person,2021
787,MUSI3315,"Composition, Arranging, and Sound Design 6",Second Semester,Undergraduate,6.0,In Person,2021
788,EMSC4033,"Computational Geosciences: Problem-solving, Logical Thinking and Programming.",First Semester,Undergraduate,6.0,In Person,2021
789,EMSC8033,"Computational Geosciences: Problem-solving, Logical Thinking and Programming.",First Semester,Postgraduate,6.0,In Person,2021
790,COMP8880,Computational Methods for Network Science,,Postgraduate,6.0,In Person,2021
791,COMP4880,Computational Methods for Network Science,,Undergraduate,6.0,In Person,2021
792,ECON4414,Computational Methods in Economics,Second Semester,Undergraduate,6.0,In Person,2021
793,ECON3127,Computational Methods in Economics,Second Semester,Undergraduate,6.0,In Person,2021
794,ECON8014,Computational Methods in Economics,Second Semester,Postgraduate,6.0,In Person,2021
795,COMP6719,Computer Architecture and Simulation,First Semester,Postgraduate,6.0,In Person,2021
796,ENGN2219,Computer Architecture and Simulation,First Semester,Undergraduate,6.0,In Person,2021
797,COMP4610,Computer Graphics,,Undergraduate,6.0,In Person,2021
798,COMP6461,Computer Graphics,,Postgraduate,6.0,In Person,2021
799,COMP6331,Computer Networks,First Semester,Postgraduate,6.0,In Person,2021
800,ENGN3539,Computer Networks,First Semester,Undergraduate,6.0,In Person,2021
801,COMP3310,Computer Networks,First Semester,Undergraduate,6.0,In Person,2021
802,COMP6300,Computer Organisation and Program Execution,First Semester,Postgraduate,6.0,In Person,2021
803,COMP2300,Computer Organisation and Program Execution,First Semester,Undergraduate,6.0,In Person,2021
804,COMP4006,Computer Science Honours,First Semester/Second Semester,Undergraduate,24.0,In Person,2021
805,COMP4005P,Computer Science IV Honours,First Semester/Second Semester,Undergraduate,12.0,In Person,2021
806,COMP4005F,Computer Science IV Honours,First Semester/Second Semester,Undergraduate,12.0,In Person,2021
807,ENGN4528,Computer Vision,First Semester,Undergraduate,6.0,In Person,2021
808,ENGN6528,Computer Vision,First Semester,Postgraduate,6.0,In Person,2021
809,COMP8830,Computing Internship,Second Semester,Postgraduate,12.0,In Person,2021
810,COMP3820,Computing Internship,Second Semester,Undergraduate,12.0,In Person,2021
811,COMP8715,Computing Project,First Semester/Second Semester,Postgraduate,6.0,In Person,2021
812,COMP8800,Computing Research Project,First Semester/Second Semester,Postgraduate,12.0,In Person,2021
813,ANTH8043,Conflict and Development in the Pacific,,Postgraduate,6.0,Online or In Person,2021
814,POLS3040,Conflict and change in sub-Saharan Africa,Second Semester,Undergraduate,6.0,In Person,2021
815,LAWS4212,Conflict of Laws,First Semester,Undergraduate,6.0,Online or In Person,2021
816,LAWS8144,Conflict of Laws,First Semester,Postgraduate,6.0,Online or In Person,2021
817,ARTV6611,Constructing Worlds: Expanded Studio Practice,,Postgraduate,6.0,In Person,2021
818,BIOL8001,Consulting in Quantitative Biology,Second Semester,Postgraduate,6.0,In Person,2021
819,MKTG2031,Consumer Behaviour,First Semester,Undergraduate,6.0,In Person,2021
820,MKTG7050,Consumer Behaviour & Analysis,First Semester,Postgraduate,6.0,In Person,2021
821,LEGW8135,Consumer Law Practice,Summer Session/Spring Session,Postgraduate,3.0,Online,2021
822,LAWS8459,Consumer Protection and Product Liability Law,,Postgraduate,6.0,In Person,2021
823,LAWS4259,Consumer Protection and Product Liability Law,,Undergraduate,6.0,In Person,2021
824,REGN8018,Consumptagenic Systems,Winter Session,Postgraduate,3.0,In Person,2021
825,ANTH8101,Contemporary Anthropological Theory,Autumn Session,Postgraduate,12.0,In Person,2021
826,ANTH9101,Contemporary Anthropological Theory,Autumn Session,Postgraduate,12.0,Online or In Person,2021
827,ARTH2170,Contemporary Asian Art,First Semester,Undergraduate,6.0,In Person,2021
828,ARTH6170,Contemporary Asian Art,First Semester,Postgraduate,6.0,In Person,2021
829,ARTH2161,Contemporary Australian Art,,Undergraduate,6.0,In Person,2021
830,ARTH6161,Contemporary Australian Art,,Postgraduate,6.0,In Person,2021
831,INDG2002,Contemporary Australian Indigenous Music Studies,Second Semester,Undergraduate,6.0,In Person,2021
832,ENGL6025,Contemporary Australian Writing,,Postgraduate,6.0,In Person,2021
833,ENGL2011,Contemporary Australian Writing,,Undergraduate,6.0,In Person,2021
834,DIPL8002,Contemporary Challenges in Diplomacy,,Postgraduate,6.0,In Person,2021
835,POGO8239,Contemporary Challenges in Indigenous Policy,,Postgraduate,3.0,In Person,2021
836,DESN1003,Contemporary Design In Context,Second Semester,Undergraduate,6.0,In Person,2021
837,ANTH9103,Contemporary Development Theory,Summer Session/First Semester/Autumn Session/Winter Session/Second Semester/Spring Session,Postgraduate,12.0,In Person,2021
838,GERM3020,Contemporary German Society,,Undergraduate,6.0,In Person,2021
839,GERM2020,Contemporary German Society,,Undergraduate,6.0,In Person,2021
840,BUSN7005,Contemporary Issues in Accounting,First Semester/Second Semester,Postgraduate,6.0,In Person,2021
841,LAWS8271,Contemporary Issues in Administrative Law,,Postgraduate,6.0,In Person,2021
842,LAWS8128,Contemporary Issues in Constitutional Law,Spring Session,Postgraduate,6.0,Online or In Person,2021
843,LAWS4213,Contemporary Issues in Constitutional Law,Summer Session,Undergraduate,6.0,Online or In Person,2021
844,MEAS8126,Contemporary Issues in Islamic Banking,,Postgraduate,6.0,In Person,2021
845,LAWS8653,Contemporary Issues in Migration Law,,Postgraduate,6.0,Online,2021
846,POPH8104,Contemporary Issues in Public Health,,Postgraduate,6.0,In Person,2021
847,PHIL2060,Contemporary Metaphysics,,Undergraduate,6.0,In Person,2021
848,ENVS8016,Contemporary Perspectives in Environment-Society Interaction,Second Semester,Postgraduate,6.0,Online or In Person,2021
849,ENVS8015,Contemporary Perspectives in Environmental Science,First Semester,Postgraduate,6.0,In Person,2021
850,POLS2044,Contemporary Political Analysis,Second Semester,Undergraduate,6.0,In Person,2021
851,POLS2063,Contemporary Political Theory,Second Semester,Undergraduate,6.0,In Person,2021
852,SOCY2161,Contemporary Social Theory,First Semester,Undergraduate,6.0,In Person,2021
853,ARTV2060,Contexts of Making: Globalisation and Change,Second Semester,Undergraduate,6.0,In Person,2021
854,ARTV6060,Contexts of Making: Globalisation and Change,,Postgraduate,6.0,In Person,2021
855,ARTV6061,Contexts of Making: Materiality and Value,,Postgraduate,6.0,In Person,2021
856,ARTV2061,Contexts of Making: Materiality and Value,First Semester,Undergraduate,6.0,In Person,2021
857,PSYC8422,Contextualizing Professional Psychology,Second Semester,Postgraduate,6.0,In Person,2021
858,GREK6112,Continuing Ancient Greek,Second Semester,Postgraduate,6.0,In Person,2021
859,GREK1102,Continuing Ancient Greek,Second Semester,Undergraduate,6.0,In Person,2021
860,GREK2119,Continuing Ancient Greek (L),Second Semester,Undergraduate,6.0,In Person,2021
861,INDG6006,Continuing Australian Indigenous Language,,Postgraduate,6.0,Online or In Person,2021
862,INDG2006,Continuing Australian Indigenous Language,,Undergraduate,6.0,Online or In Person,2021
863,FREN2024,Continuing French I,First Semester,Undergraduate,6.0,In Person,2021
864,FREN6503,Continuing French I,First Semester,Postgraduate,6.0,In Person,2021
865,FREN2025,Continuing French II,Second Semester,Undergraduate,6.0,In Person,2021
866,FREN6504,Continuing French II,Second Semester,Postgraduate,6.0,In Person,2021
867,INDG2004,Continuing Gamilaraay,Winter Session,Undergraduate,6.0,Online or In Person,2021
868,INDG6004,Continuing Gamilaraay,Winter Session,Postgraduate,6.0,Online or In Person,2021
869,LATN1102,Continuing Latin,Second Semester,Undergraduate,6.0,In Person,2021
870,LATN6002,Continuing Latin,Second Semester,Postgraduate,6.0,In Person,2021
871,LATN2119,Continuing Latin (L),Second Semester,Undergraduate,6.0,In Person,2021
872,PORT2001,Continuing Portuguese I,,Undergraduate,6.0,In Person,2021
873,PORT6503,Continuing Portuguese I,,Postgraduate,6.0,In Person,2021
874,PORT2002,Continuing Portuguese II,,Undergraduate,6.0,In Person,2021
875,PORT6504,Continuing Portuguese II,Second Semester,Postgraduate,6.0,In Person,2021
876,SPAN6503,Continuing Spanish I,First Semester,Postgraduate,6.0,In Person,2021
877,SPAN2001,Continuing Spanish I,First Semester,Undergraduate,6.0,In Person,2021
878,SPAN2002,Continuing Spanish II,Second Semester,Undergraduate,6.0,In Person,2021
879,SPAN6504,Continuing Spanish II,Second Semester,Postgraduate,6.0,In Person,2021
880,FINM3003,Continuous Time Finance,First Semester,Undergraduate,6.0,In Person,2021
881,FINM7003,Continuous Time Finance,First Semester,Postgraduate,6.0,In Person,2021
882,LAWS1204,Contracts,Second Semester,Undergraduate,6.0,In Person,2021
883,LAWS6104,Contracts,First Semester/Second Semester,Postgraduate,6.0,Online or In Person,2021
884,ENGN6223,Control Systems,Second Semester,Postgraduate,6.0,In Person,2021
885,ENGN3223,Control Systems,Second Semester,Undergraduate,6.0,In Person,2021
886,CRIM2003,Controversies in Crime Control,,Undergraduate,6.0,In Person,2021
887,CRIM6003,Controversies in Crime Control,,Postgraduate,6.0,In Person,2021
888,HIST6128,"Convicts and Emigrants: Australia, 1770s to 1870s",,Postgraduate,6.0,In Person,2021
889,HIST2128,Convicts and Settlers: Australia 1770s to 1870s,,Undergraduate,6.0,In Person,2021
890,STST1003,Coping with Crisis: The Practice of International Security,First Semester,Undergraduate,6.0,In Person,2021
891,EMSC6119,Coral Reef Field Studies,Summer Session,Postgraduate,6.0,In Person,2021
892,EMSC3019,Coral Reef Field Studies,Summer Session,Undergraduate,6.0,In Person,2021
893,BUSN7050,Corporate Accounting,First Semester/Second Semester,Postgraduate,6.0,In Person,2021
894,LAWS8110,Corporate Environmental Responsibility,,Postgraduate,6.0,In Person,2021
895,FINM2001,Corporate Finance,First Semester/Second Semester,Undergraduate,6.0,In Person,2021
896,BUSN7049,Corporate Financial Reporting,First Semester,Postgraduate,6.0,In Person,2021
897,BUSN7045,Corporate Governance,Second Semester,Postgraduate,6.0,In Person,2021
898,BUSN4045,Corporate Governance (Honours),Second Semester,Undergraduate,6.0,In Person,2021
899,BUSN8145,Corporate Governance: Research Preparation,Second Semester,Postgraduate,6.0,In Person,2021
900,LAWS8584,Corporate Insolvency,Spring Session,Postgraduate,6.0,Online,2021
901,BUSN6017,"Corporate Social Responsibility, Accountability and Reporting",Second Semester,Postgraduate,6.0,Online or In Person,2021
902,BUSN3017,"Corporate Social Responsibility, Accountability and Reporting",Second Semester,Undergraduate,6.0,In Person,2021
903,MGMT3015,Corporate Strategy,First Semester,Undergraduate,6.0,In Person,2021
904,MGMT2001,Corporate Sustainability,First Semester,Undergraduate,6.0,In Person,2021
905,FINM3005,Corporate Valuation,First Semester/Second Semester,Undergraduate,6.0,In Person,2021
906,LAWS2203,Corporations Law,First Semester,Undergraduate,6.0,Online or In Person,2021
907,LAWS6203,Corporations Law,First Semester,Postgraduate,6.0,Online or In Person,2021
908,POGO8076,Corruption and Anti-corruption,Winter Session,Postgraduate,6.0,In Person,2021
909,CRIM3002,Corruption in Sport,Second Semester,Undergraduate,6.0,Online or In Person,2021
910,CRIM2009,Corruption in our world,,Undergraduate,6.0,In Person,2021
911,CRIM6009,Corruption in our world,,Postgraduate,6.0,In Person,2021
912,ECON4418,Cost Benefit Analysis,,Undergraduate,6.0,In Person,2021
913,ECON8018,Cost-Benefit Analysis,,Postgraduate,6.0,In Person,2021
914,IDEC8088,Cost-Benefit Analysis: Principles and Practice,,Postgraduate,6.0,In Person,2021
915,ECON2133,Cost-benefit Analysis,,Undergraduate,6.0,In Person,2021
916,DESA3004,Craft and Design Major 7: Designing Through Making,,Undergraduate,6.0,In Person,2021
917,DESA3005,Craft and Design Major 8: Developing a Design Practice,,Undergraduate,6.0,In Person,2021
918,VCPG6004,Creating Impact,,Postgraduate,6.0,In Person,2021
919,VCUG2004,Creating Impact,,Undergraduate,6.0,In Person,2021
920,DESN6003,Creative Data Visualisation: Representing Data in Visual and Material Form,,Postgraduate,6.0,In Person,2021
921,DESN2003,Creative Data Visualisation: Representing Data in Visual and Material Form,,Undergraduate,6.0,In Person,2021
922,ASIA3031,Creative Industries in Korea,First Semester,Undergraduate,6.0,In Person,2021
923,MUSI8011,Creative Practice as Research,First Semester,Postgraduate,6.0,In Person,2021
924,MUSI4404,Creative Practice as Research,First Semester,Undergraduate,6.0,In Person,2021
925,ENGL4021,"Creative Reading: Topics in Theory, Methodology and Interpretation",First Semester,Undergraduate,6.0,Online or In Person,2021
926,ENGL8021,"Creative Reading: Topics in Theory, Methodology and Interpretation",First Semester,Postgraduate,6.0,Online or In Person,2021
927,ARTV3033,Creative Research Practice: Developing an Independent Work Proposal,First Semester,Undergraduate,6.0,In Person,2021
928,ARTV3035,Creative Research Practice: Extending and Consolidating an Independent Project,,Undergraduate,12.0,In Person,2021
929,ARTV3034,Creative Research Practice: Extending and Consolidating an Independent Work Proposal,Second Semester,Undergraduate,6.0,In Person,2021
930,ENGL6015,Creative Writing,,Postgraduate,6.0,In Person,2021
931,ENGL2015,Creative Writing,,Undergraduate,6.0,In Person,2021
932,ENGL2077,Creative Writing 2: Story to Script,,Undergraduate,6.0,In Person,2021
933,ENGL6026,Creative Writing 3 Advanced Fiction,Second Semester,Postgraduate,6.0,In Person,2021
934,ENGL2078,Creative Writing 3: Advanced Fiction,Second Semester,Undergraduate,6.0,In Person,2021
935,STAT4036,Credibility Theory,,Undergraduate,6.0,In Person,2021
936,STAT3036,Credibility Theory,,Undergraduate,6.0,In Person,2021
937,STAT8036,Credibility Theory,,Postgraduate,6.0,In Person,2021
938,CRIM3006,Crime Prevention: Theory and Practice,,Undergraduate,6.0,In Person,2021
939,HIST6232,Crime and Justice: Historical Dilemmas,,Postgraduate,6.0,In Person,2021
940,HIST2232,Crime and Justice: Historical Dilemmas,,Undergraduate,6.0,In Person,2021
941,LAWS4214,Criminal Justice,,Undergraduate,6.0,In Person,2021
942,LAWS6106,Criminal Law and Procedure,First Semester,Postgraduate,6.0,Online or In Person,2021
943,LAWS1206,Criminal Law and Procedure,First Semester,Undergraduate,6.0,Online or In Person,2021
944,LEGW8106,Criminal Practice,Summer Session/Winter Session,Postgraduate,3.0,In Person,2021
945,PSYC6505,Criminal Psychology: Cognitive and Social Psychological Perspectives,,Postgraduate,6.0,In Person,2021
946,CRIM1001,Criminological Imaginations: Understanding Criminality,First Semester,Undergraduate,6.0,In Person,2021
947,CRIM1002,Criminological Perspectives: Understanding Crime,Second Semester,Undergraduate,6.0,In Person,2021
948,REGN8013,Criminology,First Semester,Postgraduate,6.0,Online,2021
949,CRIM3003,Criminology at the scene,,Undergraduate,6.0,Online or In Person,2021
950,CRIM3004,Criminology at the scene - extended,,Undergraduate,12.0,Online or In Person,2021
951,MEAS8001,Critical Approaches and Methods in the Study of the Middle East and Central Asia,First Semester,Postgraduate,12.0,In Person,2021
952,MEAS9001,Critical Approaches and Methods in the Study of the Middle East and Central Asia,First Semester,Postgraduate,12.0,In Person,2021
953,ANTH8039,Critical Issues in Gender and Development (Advanced),Second Semester,Postgraduate,12.0,Online or In Person,2021
954,HUMN8027,Critical Issues in Heritage and Museum Studies,Second Semester,Postgraduate,6.0,Online or In Person,2021
955,HUMN8035,Critical Issues in Intangible Heritage,Second Semester,Postgraduate,6.0,In Person,2021
956,LAWS4288,Critical Legal Theory,,Undergraduate,6.0,In Person,2021
957,LAWS8488,Critical Legal Theory,,Postgraduate,6.0,In Person,2021
958,MEAS3003,Critical Perspectives on Arabic Culture,First Semester,Undergraduate,6.0,In Person,2021
959,MEAS6003,Critical Perspectives on Arabic Culture,First Semester,Postgraduate,6.0,In Person,2021
960,LING2021,Cross Cultural Communication,First Semester,Undergraduate,6.0,Online or In Person,2021
961,LING6021,Cross Cultural Communication,First Semester,Postgraduate,6.0,Online or In Person,2021
962,SCOM3029,Cross Cultural Perspectives in Science Communication,Winter Session,Undergraduate,6.0,In Person,2021
963,SCOM6029,Cross Cultural Perspectives in Science Communication,Winter Session,Postgraduate,6.0,Online or In Person,2021
964,BUSI3029,Cross-Cultural Management,Second Semester,Undergraduate,6.0,In Person,2021
965,ANTH2129,"Crossing Borders: Migration, Identity and Livelihood",First Semester,Undergraduate,6.0,In Person,2021
966,ANTH6515,"Crossing Borders: Migration, Identity and Livelihood",First Semester,Postgraduate,6.0,In Person,2021
967,HUMN8007,Cultural and Environmental Heritage Research Project,Summer Session/First Semester/Autumn Session/Winter Session/Second Semester/Spring Session,Postgraduate,6.0,Online or In Person,2021
968,HUMN8018,Cultural and Environmental Heritage: Extended Research Project,Summer Session/First Semester/Autumn Session/Winter Session/Second Semester/Spring Session,Postgraduate,12.0,In Person,2021
969,ANTH2009,Culture and Development,First Semester,Undergraduate,6.0,In Person,2021
970,ANTH6009,Culture and Development,First Semester,Postgraduate,6.0,Online or In Person,2021
971,HUMN8037,Culture and Heritage in China Field School,,Postgraduate,6.0,In Person,2021
972,ANTH1002,Culture and Human Diversity: Introducing Anthropology,First Semester,Undergraduate,6.0,In Person,2021
973,ANTH6002,Culture and Human Diversity: Introducing Anthropology,First Semester,Postgraduate,6.0,In Person,2021
974,ASIA2302,Culture and Modernity in Asia: Anthropological Perspectives,Second Semester,Undergraduate,6.0,In Person,2021
975,BIAN6120,"Culture, Biology & Population Dynamics",,Postgraduate,6.0,In Person,2021
976,BIAN2120,"Culture, Biology and Population Dynamics",,Undergraduate,6.0,In Person,2021
977,CHMD8019,"Culture, Health, Medicine Internship",Summer Session/First Semester/Autumn Session/Winter Session/Second Semester/Spring Session,Postgraduate,6.0,In Person,2021
978,ANTH2017,"Culture, Social Justice and Aboriginal Society Today",First Semester,Undergraduate,6.0,In Person,2021
979,ANTH6017,"Culture, Social Justice and Aboriginal Society Today",First Semester,Postgraduate,6.0,In Person,2021
980,ANCH2101,"Cultures in conflict: Greeks, Romans and others in southern Italy and Sicily",,Undergraduate,12.0,In Person,2021
981,ANCH6101,"Cultures in conflict: Greeks, Romans and others in southern Italy and Sicily",,Postgraduate,12.0,In Person,2021
982,ARTH3001,Curatorial Practice,Second Semester,Undergraduate,12.0,In Person,2021
983,ARTH6045,Curatorship History and Evolution,,Postgraduate,12.0,In Person,2021
984,ARTH2045,Curatorship History and Evolution,,Undergraduate,6.0,In Person,2021
985,SPAN3100,Current Affairs in the Spanish-speaking World,,Undergraduate,6.0,In Person,2021
986,POLS2132,Current Issues in International Security,Second Semester,Undergraduate,6.0,Online or In Person,2021
987,CHEM3207,Current Topics in Chemical Biology,Second Semester,Undergraduate,6.0,In Person,2021
988,LAWS8077,Cyber Law,Autumn Session,Postgraduate,6.0,Online or In Person,2021
989,COMP2700,Cyber Security Foundations,Second Semester,Undergraduate,6.0,In Person,2021
990,LAWS8035,Cyber Warfare Law,Summer Session/Spring Session,Postgraduate,6.0,Online or In Person,2021
991,NSPO8009,Cyber and Emerging Technologies in National Security,Second Semester,Postgraduate,6.0,In Person,2021
992,CRIM2010,Cybercrime: an introduction,,Undergraduate,6.0,In Person,2021
993,CRIM6010,Cybercrime: an introduction,,Postgraduate,6.0,In Person,2021
994,CECS6002,Cybernetics Practice for Cyber-Physical Systems,Second Semester,Postgraduate,6.0,In Person,2021
995,CECS8003,Cybernetics and Cyber-Physcial Systems,,Postgraduate,6.0,In Person,2021
996,ANCH3506,"Dark Age to Democracy: early Greek history, 1000-480 BC",,Undergraduate,6.0,In Person,2021
997,ANCH6506,"Dark Age to democracy: early Greek history, 1000-480 BC",,Postgraduate,6.0,In Person,2021
998,BIAN4011,Data Analysis and Methods in Biological Anthropology,First Semester,Undergraduate,6.0,Online or In Person,2021
999,ENGN6539,Data Communication Networks,First Semester,Postgraduate,6.0,In Person,2021
1000,COMP8410,Data Mining,First Semester/Winter Session,Postgraduate,6.0,In Person,2021
1001,COMP3425,Data Mining,First Semester,Undergraduate,6.0,In Person,2021
1002,EMSC8023,Data Science,Second Semester,Postgraduate,6.0,In Person,2021
1003,EMSC4123,Data Science,Second Semester,Undergraduate,6.0,In Person,2021
1004,COMP3430,Data Wrangling,Second Semester,Undergraduate,6.0,In Person,2021
1005,COMP8430,Data Wrangling,Summer Session/Second Semester,Postgraduate,6.0,In Person,2021
1006,SOCR3001,Data for Decision Making,Second Semester,Undergraduate,6.0,In Person,2021
1007,JPNS6102,Debating Japan: Contemporary Intellectual Debates,,Postgraduate,6.0,Online or In Person,2021
1008,JPNS3102,Debating Japan: Contemporary Intellectual Debates,,Undergraduate,6.0,Online or In Person,2021
1009,POGO8065,Decision Making Under Uncertainty,Spring Session,Postgraduate,6.0,In Person,2021
1010,HIST8030,"Decolonising history? Indigenous perspectives, deep history, and postcolonial challenges",,Postgraduate,6.0,Online or In Person,2021
1011,STST8057,Defence Leadership in ASEAN A,,Postgraduate,6.0,In Person,2021
1012,STST8058,Defence Leadership in ASEAN B,,Postgraduate,6.0,In Person,2021
1013,COMP3701,Defensive Cyber Security Operations,,Undergraduate,6.0,In Person,2021
1014,POGO8123,Delivering Public Value,Summer Session,Postgraduate,6.0,In Person,2021
1015,MGMT7061,Delivering Team Results,First Semester,Postgraduate,6.0,In Person,2021
1016,POLS2126,Democracy and Dictatorship,,Undergraduate,6.0,In Person,2021
1017,HIST6240,Democracy and Dissent: Europe Since 1945,,Postgraduate,6.0,In Person,2021
1018,HIST2240,Democracy and Dissent: Europe Since 1945,,Undergraduate,6.0,In Person,2021
1019,POLS4019,Democracy and its Discontents,First Semester,Undergraduate,6.0,In Person,2021
1020,POLS8019,Democracy and its Discontents,First Semester,Postgraduate,6.0,In Person,2021
1021,ASIA6070,Democracy in Southeast Asia,,Postgraduate,6.0,In Person,2021
1022,ASIA2070,Democracy in Southeast Asia,,Undergraduate,6.0,In Person,2021
1023,DEMO4011,Demography Honours Seminar in Theory and Methods,,Undergraduate,12.0,In Person,2021
1024,ARTV6032,Demonstrating Research Methods for a Studio Practice in Art and Design,,Postgraduate,6.0,In Person,2021
1025,ARTV3032,Demonstrating Research Methods for a Studio Practice in Art and Design,,Undergraduate,6.0,In Person,2021
1026,FINM2002,Derivatives,First Semester/Second Semester,Undergraduate,6.0,In Person,2021
1027,DESN2007,Design Fiction: Speculative and Critical Design,First Semester,Undergraduate,6.0,In Person,2021
1028,DESN3010,"Design Practice: Engagement, Internship and Entrepreneurship",First Semester/Second Semester,Undergraduate,6.0,In Person,2021
1029,DESN6010,"Design Practice: Engagement, Internship and Entrepreneurship",First Semester/Second Semester,Postgraduate,6.0,In Person,2021
1030,DESN4010,Design Practice: Impact and Engagement,,Undergraduate,12.0,In Person,2021
1031,DESN2008,Design Thinking: Human-Centred Design Methodologies,,Undergraduate,6.0,In Person,2021
1032,MGMT2009,Design Thinking: Human-Centred Innovation,,Undergraduate,6.0,In Person,2021
1033,DESN4011,Design and Research: Theory and Methods,First Semester,Undergraduate,6.0,In Person,2021
1034,STAT4029,Design of Experiments and Surveys,First Semester,Undergraduate,6.0,In Person,2021
1035,STAT7029,Design of Experiments and Surveys,First Semester,Postgraduate,6.0,In Person,2021
1036,STAT3012,Design of Experiments and Surveys,First Semester,Undergraduate,6.0,In Person,2021
1037,POGO8063,Designing Public Policies and Programs,Winter Session,Postgraduate,6.0,In Person,2021
1038,ARCH8102,Designing Research in Archaeology,,Postgraduate,6.0,In Person,2021
1039,ARTV3028,Developing a Contemporary Craft Practice,First Semester,Undergraduate,6.0,In Person,2021
1040,ECON4409,Development Poverty & Famine,Second Semester,Undergraduate,6.0,In Person,2021
1041,ECON2900,Development Poverty and Famine,Second Semester,Undergraduate,6.0,In Person,2021
1042,POGO8072,Development Theories and Themes,Summer Session,Postgraduate,6.0,In Person,2021
1043,POLS2011,Development and Change,Second Semester,Undergraduate,6.0,In Person,2021
1044,EMDV8013,Development and Environment in the Anthropocene,First Semester,Postgraduate,6.0,Online or In Person,2021
1045,IDEC8031,Development and Environmental Planning in Developing Economies,,Postgraduate,6.0,In Person,2021
1046,ANTH8009,Development in Practice,First Semester,Postgraduate,6.0,Online or In Person,2021
1047,PSYC2002,Developmental Psychology,First Semester,Undergraduate,6.0,In Person,2021
1048,LING6023,Dictionaries and Dictionary-Making,Second Semester,Postgraduate,6.0,In Person,2021
1049,LING2023,Dictionaries and Dictionary-Making,Second Semester,Undergraduate,6.0,In Person,2021
1050,MATH6205,Differential Geometry,First Semester,Postgraduate,6.0,In Person,2021
1051,ASTR4017,Diffuse Matter in the Universe,First Semester,Undergraduate,6.0,In Person,2021
1052,ASTR8007,Diffuse Matter in the Universe,First Semester,Postgraduate,6.0,In Person,2021
1053,ASIA3032,Digital Asia: Technology and Society,First Semester,Undergraduate,6.0,In Person,2021
1054,ENGN6626,Digital Communications,First Semester,Postgraduate,6.0,In Person,2021
1055,ENGN3226,Digital Communications,First Semester,Undergraduate,6.0,In Person,2021
1056,HUMN4028,Digital Culture and Society - Critical Theories and Methodologies,Second Semester,Undergraduate,6.0,Online or In Person,2021
1057,HUMN8028,Digital Culture and Society - Critical Theories and Methodologies,Second Semester,Postgraduate,6.0,Online or In Person,2021
1058,HUMN1001,Digital Culture: Being Human in the Information Age,First Semester,Undergraduate,6.0,Online or In Person,2021
1059,LAWS8407,Digital Economies and the Law,Summer Session/Winter Session,Postgraduate,6.0,Online or In Person,2021
1060,DESN6001,Digital Form and Fabrication,,Postgraduate,6.0,Online or In Person,2021
1061,DESN2001,Digital Form and Fabrication,,Undergraduate,6.0,Online or In Person,2021
1062,HUMN8029,Digital Humanities and Public Culture - Issues and Debates,First Semester,Postgraduate,6.0,Online or In Person,2021
1063,HUMN4029,Digital Humanities and Public Culture - Issues and Debates,First Semester,Undergraduate,6.0,Online or In Person,2021
1064,HUMN8030,Digital Humanities and Public Culture Research Project,First Semester/Second Semester,Postgraduate,6.0,Online or In Person,2021
1065,HUMN8031,Digital Humanities and Public Culture Research Project (Advanced),First Semester/Second Semester,Postgraduate,12.0,Online or In Person,2021
1066,HUMN3001,Digital Humanities and Public Culture: Projects and Engagement,First Semester,Undergraduate,6.0,In Person,2021
1067,HUMN6003,Digital Humanities and Public Culture: Projects and Engagement,First Semester,Postgraduate,6.0,In Person,2021
1068,MKTG7028,Digital Marketing Communications,Second Semester,Postgraduate,6.0,In Person,2021
1069,LEGM8076,Digital Media and Communication Law and Practice,,Postgraduate,6.0,Online,2021
1070,ENGN6537,Digital Signal Processing,First Semester,Postgraduate,6.0,In Person,2021
1071,ENGN4537,Digital Signal Processing,First Semester,Undergraduate,6.0,In Person,2021
1072,INFS8205,"Digital Strategy, Executive and Operations",First Semester,Postgraduate,6.0,In Person,2021
1073,ENGN3213,Digital Systems and Microprocessors,First Semester,Undergraduate,6.0,In Person,2021
1074,ENGN6213,Digital Systems and Microprocessors,First Semester,Postgraduate,6.0,In Person,2021
1075,INFS7040,Digital Transformation,First Semester/Second Semester,Postgraduate,6.0,In Person,2021
1076,DIPL8015,Diplomacy Internship,Winter Session/Second Semester/Spring Session,Postgraduate,6.0,In Person,2021
1077,DIPL8018,Diplomacy Research Project,First Semester/Second Semester,Postgraduate,12.0,In Person,2021
1078,DIPL8006,"Diplomacy, Politics and the United Nations",Winter Session,Postgraduate,6.0,In Person,2021
1079,DIPL8009,Diplomacy: from cuneiform clay to digital tablets,First Semester,Postgraduate,6.0,Online,2021
1080,CHMD8001,"Directed Readings in Culture, Health and Medicine",First Semester/Second Semester,Postgraduate,6.0,Online or In Person,2021
1081,EMDV8124,Disaster Risk Reduction and Management,Second Semester,Postgraduate,6.0,Online or In Person,2021
1082,ASIA8048,Disasters and Epidemics in Asia and the Pacific,Second Semester,Postgraduate,6.0,Online or In Person,2021
1083,ENGN1211,Discovering Engineering,First Semester,Undergraduate,6.0,In Person,2021
1084,MATH6005,Discrete Mathematical Models,First Semester,Postgraduate,6.0,In Person,2021
1085,MATH1005,Discrete Mathematical Models,First Semester,Undergraduate,6.0,In Person,2021
1086,NSPO8013,"Disease, Security and Biological Weapons",,Postgraduate,6.0,In Person,2021
1087,LAWS8116,Dispute Management,,Postgraduate,6.0,In Person,2021
1088,CRIM3005,Diversity and Crime: Equality in the Criminal Justice System,First Semester,Undergraduate,6.0,In Person,2021
1089,BIOL1009,Diversity of Life,Second Semester,Undergraduate,6.0,In Person,2021
1090,FINM8018,Doctoral Studies in Asset Pricing,Second Semester,Postgraduate,6.0,In Person,2021
1091,FINM8020,Doctoral Studies in Asset Pricing 2,First Semester,Postgraduate,6.0,In Person,2021
1092,FINM8019,Doctoral Studies in Corporate Finance,Second Semester,Postgraduate,6.0,In Person,2021
1093,FINM8021,Doctoral Studies in Corporate Finance Empirical,First Semester,Postgraduate,6.0,In Person,2021
1094,COMP6490,Document Analysis,Autumn Session/Second Semester,Postgraduate,6.0,In Person,2021
1095,COMP4650,Document Analysis,Second Semester,Undergraduate,6.0,In Person,2021
1096,CRIM2001,Doing Criminology: Research and Practice in Crime and Criminal Justice,Second Semester,Undergraduate,6.0,In Person,2021
1097,CRIM6007,Doing Criminology: Research and Practice in Crime and Criminal Justice,Second Semester,Postgraduate,6.0,In Person,2021
1098,ANTH2067,Doing Ethnography: Practicum on Applied Anthropology,Second Semester,Undergraduate,6.0,In Person,2021
1099,ANTH8059,Doing Ethnography: Research practicum on applied anthropology,Second Semester,Postgraduate,6.0,In Person,2021
1100,EMDV8081,Domestic Climate Change Policy and Economics,First Semester,Postgraduate,6.0,Online,2021
1101,ARTV1703,Drawing into Print : Etching and Relief,First Semester,Undergraduate,6.0,In Person,2021
1102,ARTV6703,Drawing into Print: Etching and Relief,First Semester,Postgraduate,6.0,In Person,2021
1103,ARTV1704,Drawing into Print: Screen Printing and Stencils,Second Semester,Undergraduate,6.0,In Person,2021
1104,ARTV6704,Drawing into Print: Screen Printing and Stencils,Second Semester,Postgraduate,6.0,In Person,2021
1105,DESN2004,Dynamic Design and Generative Systems,Second Semester,Undergraduate,6.0,In Person,2021
1106,DESN6004,Dynamic Design and Generative Systems,Second Semester,Postgraduate,6.0,In Person,2021
1107,EMSC3034,"Dynamic Earth: Plates, Plumes and Mantle Convection",Second Semester,Undergraduate,6.0,In Person,2021
1108,EMSC6034,"Dynamic Earth: Plates, Plumes and Mantle Convection",Second Semester,Postgraduate,6.0,In Person,2021
1109,ENGN2229,Dynamics and Simulation,,Undergraduate,6.0,In Person,2021
1110,BUSI2023,Dynamics of Asian Business,Second Semester,Undergraduate,6.0,In Person,2021
1111,BUSI2024,Dynamics of Business in the Middle East,First Semester,Undergraduate,6.0,In Person,2021
1112,BUSI2034,Dynamics of European Business,First Semester,Undergraduate,6.0,In Person,2021
1113,MEAS4112,Dynamics of Israeli-Palestinian Conflict,,Undergraduate,6.0,In Person,2021
1114,MEAS8112,Dynamics of Israeli-Palestinian Conflict,,Postgraduate,6.0,In Person,2021
1115,MKTG2032,E-Marketing,Second Semester,Undergraduate,6.0,In Person,2021
1116,EMSC1008,EARTH: The Chemistry and Physics of our Planet,Second Semester,Undergraduate,6.0,In Person,2021
1117,EMSC6008,EARTH: The Chemistry and Physics of our Planet,Second Semester,Postgraduate,6.0,In Person,2021
1118,EMSC8030,Earth Science Research Project,Summer Session/First Semester/Autumn Session/Winter Session/Second Semester,Postgraduate,6.0,In Person,2021
1119,EMSC8032,Earth Science Research Proposal & Presentation,First Semester/Second Semester,Postgraduate,6.0,In Person,2021
1120,EMSC4005,Earth and Marine Sciences Honours Thesis,Summer Session/First Semester/Second Semester/Spring Session,Undergraduate,3.0,In Person,2021
1121,ENVS3014,Ecological Assessment and Management,,Undergraduate,6.0,In Person,2021
1122,ENVS6514,Ecological Assessment and Management,,Postgraduate,6.0,In Person,2021
1123,EMDV8012,Ecological Economics and Policy,,Postgraduate,6.0,In Person,2021
1124,BIOL3109,Ecological and Evolutionary Developmental Biology,First Semester,Undergraduate,6.0,In Person,2021
1125,BIOL6109,Ecological and Evolutionary Developmental Biology,First Semester,Postgraduate,6.0,In Person,2021
1126,BIOL2131,Ecology,First Semester,Undergraduate,6.0,In Person,2021
1127,BIOL6004,Ecology,First Semester,Postgraduate,6.0,In Person,2021
1128,EMET8005,Econometric Methods and Modelling,First Semester/Second Semester,Postgraduate,6.0,In Person,2021
1129,IDEC8017,Econometric Techniques,Second Semester,Postgraduate,6.0,In Person,2021
1130,EMET2007,Econometrics I: Econometric Methods,First Semester,Undergraduate,6.0,In Person,2021
1131,EMET4007,Econometrics I: Econometric Methods,First Semester,Undergraduate,6.0,In Person,2021
1132,EMET6007,Econometrics I: Econometric Methods,First Semester,Postgraduate,6.0,In Person,2021
1133,EMET3004,Econometrics II: Econometric Modelling,Second Semester,Undergraduate,6.0,In Person,2021
1134,EMET6008,Econometrics II: Econometric Modelling,Second Semester,Postgraduate,6.0,In Person,2021
1135,ECON2080,Economic Analysis of the Digital Economy,First Semester,Undergraduate,6.0,In Person,2021
1136,ECON8180,Economic Analysis of the Digital Economy,First Semester,Postgraduate,6.0,In Person,2021
1137,IDEC8022,Economic Development,Second Semester,Postgraduate,6.0,In Person,2021
1138,ECON8075,Economic Evaluation of Health Programs,,Postgraduate,6.0,In Person,2021
1139,EMSC3007,Economic Geology,Second Semester,Undergraduate,6.0,In Person,2021
1140,EMSC6007,Economic Geology,Second Semester,Postgraduate,6.0,In Person,2021
1141,ECON8050,Economic Growth,First Semester,Postgraduate,6.0,In Person,2021
1142,ECHI8004,Economic History Research Project,,Postgraduate,6.0,In Person,2021
1143,ECON3023,Economic Policy Issues,Second Semester,Undergraduate,6.0,In Person,2021
1144,ECON4403,Economic Policy Issues,Second Semester,Undergraduate,6.0,In Person,2021
1145,ECON8003,Economic Policy Issues,Second Semester,Postgraduate,6.0,In Person,2021
1146,ECON2060,Economic Reasoning for Government,,Undergraduate,6.0,In Person,2021
1147,ECON8036,Economic Seminars for Graduate Program in Economics,,Postgraduate,6.0,In Person,2021
1148,ECON3100,Economics 3 (H),Second Semester,Undergraduate,6.0,In Person,2021
1149,ECON4488,Economics Honours Research Essay,First Semester/Second Semester,Undergraduate,6.0,In Person,2021
1150,ECON1100,Economics I (H),Second Semester,Undergraduate,6.0,In Person,2021
1151,ECON2016,Economics II (H),Second Semester,Undergraduate,6.0,In Person,2021
1152,IDEC9024,Economics Seminars,Second Semester,Postgraduate,6.0,In Person,2021
1153,POGO8081,Economics for Government,Second Semester,Postgraduate,6.0,In Person,2021
1154,ECON8077,Economics for Leaders,First Semester,Postgraduate,6.0,In Person,2021
1155,ENVS2007,Economics for the Environment,First Semester,Undergraduate,6.0,In Person,2021
1156,ECON8074,Economics of Health Insurance and Financing,,Postgraduate,6.0,In Person,2021
1157,ECON4410,Economics of Taxation,,Undergraduate,6.0,In Person,2021
1158,ASIA2067,Economies of Emerging Asia,,Undergraduate,6.0,In Person,2021
1159,ASIA3024,"Editor’s practicum: online public engagement, academic blogging and digital disruption",,Undergraduate,6.0,In Person,2021
1160,CRWF7001,"Editor’s practicum: online public engagement, academic blogging and digital disruption",,Postgraduate,6.0,In Person,2021
1161,SOCY2021,Education and Society,Second Semester,Undergraduate,6.0,In Person,2021
1162,POLS2111,"Elections, Political Behaviour and Public Opinion in Australia",Winter Session,Undergraduate,6.0,In Person,2021
1163,PHYS2016,Electromagnetism,Second Semester,Undergraduate,6.0,In Person,2021
1164,ENGN2218,Electronic Systems and Design,First Semester,Undergraduate,6.0,In Person,2021
1165,EMSC4712,Electronics and Data Analysis,Second Semester,Undergraduate,6.0,In Person,2021
1166,EMSC8712,Electronics and Data Analysis,Second Semester,Postgraduate,6.0,In Person,2021
1167,TURK1001,Elementary Turkish A,First Semester,Undergraduate,6.0,Online,2021
1168,TURK6001,Elementary Turkish A,First Semester,Postgraduate,6.0,Online,2021
1169,TURK6002,Elementary Turkish B,Second Semester,Postgraduate,6.0,Online,2021
1170,TURK1002,Elementary Turkish B,Second Semester,Undergraduate,6.0,Online,2021
1171,ENGN8537,Embedded Systems and Real Time Digital Signal Processing,,Postgraduate,6.0,In Person,2021
1172,POLS3004,Emotions in International Politics,Second Semester,Undergraduate,6.0,In Person,2021
1173,ANCH2017,Emperors and Madmen: The Early Roman Empire,,Undergraduate,6.0,In Person,2021
1174,ENGL6027,Empire and its Fictions,,Postgraduate,6.0,In Person,2021
1175,ENGL2068,Empire and its Fictions,,Undergraduate,6.0,In Person,2021
1176,HIST1214,Empires in Global History: 1200 to the Present,First Semester,Undergraduate,6.0,In Person,2021
1177,IDEC8025,Empirical Public Finance,Second Semester,Postgraduate,6.0,In Person,2021
1178,BUSN8100,Empirical Research in Financial Accounting,Second Semester,Postgraduate,6.0,In Person,2021
1179,LEGW8136,Employment and Industrial Practice,Autumn Session/Winter Session,Postgraduate,3.0,Online,2021
1180,IDEC8089,Energy Economics,Second Semester,Postgraduate,6.0,In Person,2021
1181,ENGN3516,Energy Resources and Renewable Technologies,Second Semester,Undergraduate,6.0,In Person,2021
1182,ENGN6516,Energy Resources and Renewable Technologies,Second Semester,Postgraduate,6.0,In Person,2021
1183,NSPO8044,Energy Security,,Postgraduate,3.0,In Person,2021
1184,NSPO8026,Energy and National Security,,Postgraduate,6.0,In Person,2021
1185,MEAS8109,Energy and Security in Central Asia and the Caucasus,,Postgraduate,6.0,In Person,2021
1186,MEAS4109,Energy and Security in Central Asia and the Caucasus,,Undergraduate,6.0,In Person,2021
1187,POGO8212,"Energy, Politics and Governance",Second Semester,Postgraduate,6.0,Online or In Person,2021
1188,SCOM8088,Engagement for Policy Impact,Spring Session,Postgraduate,6.0,Online or In Person,2021
1189,ASIA3021,Engaging Asia: Australia and the Asian Century,First Semester,Undergraduate,6.0,Online or In Person,2021
1190,ASIA8040,Engaging Asia: Australia and the Asian Century,First Semester,Postgraduate,6.0,Online or In Person,2021
1191,POGO8235,Engaging China: Working with Policy in the PRC,Spring Session,Postgraduate,3.0,In Person,2021
1192,ENGN8535,Engineering Data Analytics,First Semester,Postgraduate,6.0,In Person,2021
1193,ENGN2300,Engineering Design 2: Systems Approaches for Design,First Semester,Undergraduate,6.0,In Person,2021
1194,ENGN2301,Engineering Design 3: Systems Approaches for Analysis,Second Semester,Undergraduate,6.0,In Person,2021
1195,ENGN3300,Engineering Design 4A: Systems Approaches for Management,First Semester,Undergraduate,6.0,In Person,2021
1196,ENGN3301,Engineering Design 4B: Systems Approaches for Operations,Second Semester,Undergraduate,6.0,In Person,2021
1197,ENGN3230,Engineering Innovation,,Undergraduate,6.0,In Person,2021
1198,ENGN3200,Engineering Internship,Summer Session/First Semester/Autumn Session/Winter Session/Second Semester/Spring Session,Undergraduate,6.0,In Person,2021
1199,ENGN6200,Engineering Internship,Summer Session/First Semester/Autumn Session/Winter Session/Second Semester/Spring Session,Postgraduate,6.0,In Person,2021
1200,ENGN3221,Engineering Management,,Undergraduate,6.0,In Person,2021
1201,ENGN3601,Engineering Materials,First Semester,Undergraduate,6.0,In Person,2021
1202,ENGN6601,Engineering Materials,First Semester,Postgraduate,6.0,In Person,2021
1203,ENGN3706,Engineering Research & Development Project,First Semester/Second Semester,Undergraduate,6.0,In Person,2021
1204,ENGN8104,Engineering Research Project,,Postgraduate,12.0,In Person,2021
1205,ENGN3712,Engineering Research and Development Project,First Semester/Second Semester,Undergraduate,6.0,In Person,2021
1206,ENGN4706,Engineering Research and Development Project,First Semester/Second Semester,Undergraduate,6.0,In Person,2021
1207,ENGN4712,Engineering Research and Development Project,First Semester/Second Semester,Undergraduate,6.0,In Person,2021
1208,ENGN4718,Engineering Research and Development Project,First Semester/Second Semester,Undergraduate,6.0,In Person,2021
1209,ENGN2707,Engineering Research and Development Project,Second Semester,Undergraduate,6.0,In Person,2021
1210,ENGN2706,Engineering Research and Development Project (Methods),First Semester,Undergraduate,6.0,In Person,2021
1211,ENGN1215,Engineering Sciences,,Undergraduate,6.0,In Person,2021
1212,ENGN6410,Engineering Sustainable Systems,,Postgraduate,6.0,In Person,2021
1213,ENGN3410,Engineering Sustainable Systems,,Undergraduate,6.0,In Person,2021
1214,ENGN2222,Engineering Thermodynamics,Second Semester,Undergraduate,6.0,In Person,2021
1215,ENGN3013,Engineering for a Humanitarian Context,Summer Session/Winter Session,Undergraduate,6.0,In Person,2021
1216,ACST4060,Enterprise Risk Management 1,,Undergraduate,6.0,In Person,2021
1217,ACST8060,Enterprise Risk Management 1,,Postgraduate,6.0,In Person,2021
1218,ACST4061,Enterprise Risk Management 2,,Undergraduate,6.0,In Person,2021
1219,ACST8061,Enterprise Risk Management 2,,Postgraduate,6.0,In Person,2021
1220,INFS8004,Enterprise Systems and Strategy,First Semester,Postgraduate,6.0,In Person,2021
1221,INFS3002,Enterprise Systems in Business,Second Semester,Undergraduate,6.0,In Person,2021
1222,MGMT3027,Entrepreneurship and Innovation,Second Semester,Undergraduate,6.0,In Person,2021
1223,MGMT8015,Entrepreneurship and Innovation,First Semester/Second Semester,Postgraduate,6.0,Online or In Person,2021
1224,ARTV2921,Environment Studio: field based research and studio practice in visual arts,First Semester/Second Semester,Undergraduate,6.0,In Person,2021
1225,ARTV6921,Environment Studio: field based research and studio practice in visual arts,First Semester/Second Semester,Postgraduate,6.0,In Person,2021
1226,PASI3013,Environment and Development in the Pacific,Second Semester,Undergraduate,6.0,In Person,2021
1227,ENVS1001,Environment and Society: Geography of Sustainability,First Semester,Undergraduate,6.0,In Person,2021
1228,ENVS6101,Environment and Society: Geography of Sustainability,First Semester,Postgraduate,6.0,In Person,2021
1229,POLS3033,"Environment, Human Security, and Conflict",,Undergraduate,6.0,In Person,2021
1230,EMDV8103,Environmental Assessment,First Semester,Postgraduate,6.0,Online or In Person,2021
1231,ENGN3902,Environmental Chemistry and Systems,,Undergraduate,6.0,In Person,2021
1232,LAWS8278,Environmental Dispute Resolution,,Postgraduate,6.0,Online or In Person,2021
1233,IDEC8053,Environmental Economics,First Semester,Postgraduate,6.0,In Person,2021
1234,ENGN3901,Environmental Fluid Mechanics,,Undergraduate,6.0,In Person,2021
1235,EMDV8104,Environmental Governance,First Semester,Postgraduate,6.0,In Person,2021
1236,LAWS8415,Environmental Law,,Postgraduate,6.0,In Person,2021
1237,LAWS4215,Environmental Law,,Undergraduate,6.0,Online or In Person,2021
1238,LAWS6281,Environmental Law Clinic,First Semester/Second Semester,Postgraduate,6.0,In Person,2021
1239,LAWS4281,Environmental Law Clinic,First Semester/Second Semester,Undergraduate,6.0,In Person,2021
1240,MATH3133,Environmental Mathematics,Second Semester,Undergraduate,6.0,In Person,2021
1241,ENVS6202,"Environmental Measurement, Modelling and Monitoring",Spring Session,Postgraduate,6.0,In Person,2021
1242,ENVS2002,"Environmental Measurement, Modelling and Monitoring",Spring Session,Undergraduate,6.0,In Person,2021
1243,MATH6102,Environmental Modelling and Integrated Assessment,Second Semester,Postgraduate,6.0,In Person,2021
1244,ENVS6528,Environmental Policy,First Semester,Postgraduate,6.0,In Person,2021
1245,ENVS3028,Environmental Policy,First Semester,Undergraduate,6.0,In Person,2021
1246,ENVS2018,Environmental Science Field School,Winter Session,Undergraduate,6.0,In Person,2021
1247,ENVS6218,Environmental Science Field School,Winter Session,Postgraduate,6.0,In Person,2021
1248,ENGN3903,"Environmental Sensing, Mapping and Modelling",,Undergraduate,6.0,In Person,2021
1249,SOCY2022,Environmental Sociology,,Undergraduate,6.0,In Person,2021
1250,SOCY6062,Environmental Sociology,,Postgraduate,6.0,In Person,2021
1251,LAWS6205,Equity and Trusts,Second Semester,Postgraduate,6.0,Online or In Person,2021
1252,LAWS2205,Equity and Trusts,Second Semester,Undergraduate,6.0,Online or In Person,2021
1253,ENVS3015,Essentials of Environmental Law,Winter Session,Undergraduate,6.0,Online or In Person,2021
1254,ENVS6315,Essentials of Environmental Law,Winter Session,Postgraduate,6.0,Online or In Person,2021
1255,LEGM8322,Estate Planning: Issues and Strategies,,Postgraduate,6.0,Online,2021
1256,NSPO8008,Ethical Challenges for National Security,First Semester,Postgraduate,6.0,In Person,2021
1257,PSYC8512,Ethics and Professional Practice,First Semester,Postgraduate,6.0,In Person,2021
1258,NSPO8014,Ethics and Technologies of War,,Postgraduate,6.0,In Person,2021
1259,INTR8053,Ethics of Peace and War,Second Semester,Postgraduate,6.0,In Person,2021
1260,POLS4020,Ethnicity and Conflict in Asia and the Pacific,,Undergraduate,6.0,In Person,2021
1261,INTR8040,Ethnicity and Conflict in Asia and the Pacific,,Postgraduate,6.0,In Person,2021
1262,LAWS8579,Ethno-Political Conflicts and International Law,,Postgraduate,6.0,In Person,2021
1263,HIST2205,"Europe and the Atlantic World, c.1492–1776.",First Semester,Undergraduate,6.0,In Person,2021
1264,HIST6205,"Europe and the Atlantic World, c.1492—1776.",First Semester,Postgraduate,6.0,In Person,2021
1265,EURO1004,Europe in the Modern Era,First Semester,Undergraduate,6.0,In Person,2021
1266,ARCH2058,European Prehistory from Cultivation to the Celts,First Semester,Undergraduate,6.0,In Person,2021
1267,ARCH6058,European Prehistory from Cultivation to the Celts,First Semester,Postgraduate,6.0,In Person,2021
1268,LAWS2207,Evidence,Second Semester,Undergraduate,6.0,Online or In Person,2021
1269,LAWS6207,Evidence,Second Semester,Postgraduate,6.0,Online or In Person,2021
1270,POGO8240,Evidence Based Thinking (EBT): Decision Making and Policy Development,,Postgraduate,3.0,In Person,2021
1271,POGO8500,Evidence and Analysis in Public Policy,First Semester,Postgraduate,6.0,In Person,2021
1272,PSYC8520,Evidence in Professional Psychology,Second Semester,Postgraduate,6.0,In Person,2021
1273,MGMT8007,Evidence-Based Decision-Making and Practice in Organisations Capstone,First Semester,Postgraduate,6.0,In Person,2021
1274,MGMT7250,Evidence-Based Management,Summer Session/First Semester/Autumn Session/Second Semester,Postgraduate,6.0,Online or In Person,2021
1275,PASI8010,Evidence-based program design and implementation in the Pacific,,Postgraduate,6.0,Online or In Person,2021
1276,BIOL6114,Evolution,Second Semester,Postgraduate,6.0,In Person,2021
1277,BIOL2114,Evolution,Second Semester,Undergraduate,6.0,In Person,2021
1278,BIAN6124,Evolution and Human Behaviour,First Semester,Postgraduate,6.0,In Person,2021
1279,BIAN3124,Evolution and Human Behaviour,First Semester,Undergraduate,6.0,In Person,2021
1280,BIOL3206,Evolution of Biodiversity,Second Semester,Undergraduate,6.0,In Person,2021
1281,BIOL6206,Evolution of Biodiversity,Second Semester,Postgraduate,6.0,In Person,2021
1282,INTR8046,Evolution of the International System,Second Semester,Postgraduate,6.0,In Person,2021
1283,GEND2036,Excessive Appetites: Sociocultural Perspectives on Addiction and Drug Use,,Undergraduate,6.0,In Person,2021
1284,SOCY2026,Excessive Appetites: Sociocultural Perspectives on Addiction and Drug Use,,Undergraduate,6.0,In Person,2021
1285,CBEA5922,ExchExchange Program ANU College of Business and Economics - Band 3,,Postgraduate,6.0,In Person,2021
1286,CBEA5920,Exchange Program ANU College of Business and Economics - Band 2,Second Semester,Postgraduate,6.0,In Person,2021
1287,CBEA8820,Exchange Program for  ANU College of Business and Economics (PG),,Postgraduate,6.0,In Person,2021
1288,ARTS5920,Exchange Program for Arts Students,First Semester/Second Semester,Undergraduate,6.0,In Person,2021
1289,ARTS8820,Exchange Program for Graduate Arts Students,First Semester/Second Semester,Postgraduate,6.0,In Person,2021
1290,SCNC8820,Exchange Program for Graduate Science Students,Summer Session/First Semester/Autumn Session/Winter Session/Second Semester/Spring Session,Postgraduate,6.0,In Person,2021
1291,COMP8820,Exchange Program for Graduate Students in Computer Science,First Semester/Second Semester,Postgraduate,6.0,In Person,2021
1292,ENGN8820,Exchange Program for Graduate Students in Engineering,,Postgraduate,6.0,In Person,2021
1293,LAWS5920,Exchange Program for Law Students,First Semester/Second Semester,Undergraduate,6.0,In Person,2021
1294,SCNC5921,Exchange Program for Science Students (Band 1),First Semester/Second Semester,Undergraduate,6.0,In Person,2021
1295,SCNC5920,Exchange Program for Science Students (Band 2),First Semester/Winter Session/Second Semester,Undergraduate,6.0,In Person,2021
1296,COMP5920,Exchange Program in Computer Science,First Semester/Winter Session/Second Semester/Spring Session,Undergraduate,6.0,In Person,2021
1297,ENGN5920,Exchange Program in Engineering,First Semester/Winter Session/Second Semester/Spring Session,Undergraduate,6.0,In Person,2021
1298,CBEA5921,Exchange – ANU College of Business and Economics _ Bachelor of Social Sciences (Honours),First Semester/Second Semester,Postgraduate,6.0,In Person,2021
1299,LAWS8241,Executive Power,Winter Session,Postgraduate,6.0,Online or In Person,2021
1300,DESN4012,Exegesis,Second Semester,Undergraduate,6.0,In Person,2021
1301,MUSC8018,Exhibition Design and Delivery,Second Semester,Postgraduate,6.0,In Person,2021
1302,ARTV1611,Expanded Studio Practice: Constructing Worlds,,Undergraduate,6.0,In Person,2021
1303,BIOL2202,Experimental Design and Analysis in Biology,Second Semester,Undergraduate,6.0,In Person,2021
1304,BIOL6202,Experimental Design and Analysis in Biology,Second Semester,Postgraduate,6.0,In Person,2021
1305,HIST6235,Exploration: Columbus to the Moon,,Postgraduate,6.0,In Person,2021
1306,HIST2231,Exploration: Columbus to the Moon,,Undergraduate,6.0,In Person,2021
1307,MEDN2222,Exquisite Corpse - Insight into the Human Body,Winter Session,Undergraduate,6.0,In Person,2021
1308,LAWS8417,Family Law,,Postgraduate,6.0,In Person,2021
1309,LAWS4217,Family Law,Winter Session,Undergraduate,6.0,Online or In Person,2021
1310,LEGM8591,Family Law (Children),,Postgraduate,6.0,Online,2021
1311,LEGM8580,Family Law (Property),,Postgraduate,6.0,Online,2021
1312,LEGW8107,Family Law Practice,Autumn Session,Postgraduate,3.0,Online,2021
1313,LEGM8005,"Family, Humanitarian and Other non-skilled visas",First Semester,Postgraduate,6.0,Online,2021
1314,LAWS4275,Federal Judicial System,First Semester,Undergraduate,6.0,Online or In Person,2021
1315,LEGM8143,Federal Litigation,First Semester,Postgraduate,6.0,Online,2021
1316,LAWS4218,Feminist and Critical Legal Theory,First Semester,Undergraduate,6.0,Online or In Person,2021
1317,PHYS3060,Fibre Optic Communication Systems,First Semester,Undergraduate,6.0,In Person,2021
1318,PHYS6501,Fibre Optic Communication Systems,First Semester,Postgraduate,6.0,In Person,2021
1319,ENGN6513,Fibre Optics Communication Systems,First Semester,Postgraduate,6.0,In Person,2021
1320,ENGN4513,Fibre Optics Communications Systems,First Semester,Undergraduate,6.0,In Person,2021
1321,EMSC3001,Field Geology,,Undergraduate,6.0,In Person,2021
1322,EMSC6001,Field Geology,,Postgraduate,6.0,In Person,2021
1323,LING6009,Field Methods in Linguistics,First Semester,Postgraduate,6.0,Online or In Person,2021
1324,LING3012,Field Methods in Linguistics,First Semester,Undergraduate,6.0,In Person,2021
1325,BIOL3132,Field Studies in Behavioural Ecology,,Undergraduate,6.0,In Person,2021
1326,BIOL6010,Field Studies in Behavioural Ecology,,Postgraduate,6.0,In Person,2021
1327,BIOL2203,Field Studies in Functional Ecology,Spring Session,Undergraduate,6.0,In Person,2021
1328,SCOM8004,Fieldwork Placement,First Semester/Second Semester,Postgraduate,12.0,In Person,2021
1329,ANTH9902,Fieldwork in the Pacific,Winter Session,Postgraduate,6.0,In Person,2021
1330,ARTV6020,Figure & Life,First Semester/Second Semester,Postgraduate,6.0,In Person,2021
1331,ARTV1020,Figure & Life,First Semester/Second Semester,Undergraduate,6.0,In Person,2021
1332,HONS4601,Final Honours Grade,Summer Session/First Semester/Second Semester,Undergraduate,0.0,In Person,2021
1333,HONS4602,Final Honours Grade,Summer Session/First Semester/Second Semester/Spring Session,Undergraduate,0.0,In Person,2021
1334,HONS4100,Final Honours Grade,First Semester/Second Semester,Undergraduate,0.0,In Person,2021
1335,FINM4500,Finance Honours Thesis,First Semester/Second Semester,Undergraduate,6.0,In Person,2021
1336,FINM7046,Finance for Business,First Semester,Postgraduate,6.0,In Person,2021
1337,ECON4437,Financial Economics,Second Semester,Undergraduate,6.0,In Person,2021
1338,ECON8037,Financial Economics,Second Semester,Postgraduate,6.0,In Person,2021
1339,ECON3006,Financial Economics(P),Second Semester,Undergraduate,6.0,In Person,2021
1340,FINM3006,Financial Intermediation and Debt Markets,First Semester,Undergraduate,6.0,In Person,2021
1341,IDEC8083,Financial Markets and Instruments,Second Semester,Postgraduate,6.0,In Person,2021
1342,LAWS4237,Financial Markets and Takeovers,,Undergraduate,6.0,In Person,2021
1343,LAWS8437,Financial Markets and Takeovers,,Postgraduate,6.0,In Person,2021
1344,STAT2032,Financial Mathematics,First Semester/Second Semester,Undergraduate,6.0,In Person,2021
1345,STAT6046,Financial Mathematics,First Semester/Second Semester,Postgraduate,6.0,In Person,2021
1346,BUSN3008,Financial Reporting By Corporations,First Semester,Undergraduate,6.0,In Person,2021
1347,BUSN8181,Financial Reporting and Analysis,First Semester,Postgraduate,6.0,In Person,2021
1348,BUSN7036,Financial Statement Analysis,First Semester,Postgraduate,6.0,In Person,2021
1349,BUSN2036,Financial Statement Analysis,First Semester,Undergraduate,6.0,In Person,2021
1350,BUSN7008,Financial Statements and Reporting,First Semester/Second Semester,Postgraduate,6.0,In Person,2021
1351,ENGN4615,Finite Element Analysis,,Undergraduate,6.0,In Person,2021
1352,ENGN6615,Finite Element Analysis,,Postgraduate,6.0,In Person,2021
1353,ENVS3008,Fire in the Environment,,Undergraduate,6.0,In Person,2021
1354,ENVS6308,Fire in the Environment,,Postgraduate,6.0,In Person,2021
1355,ENVS2004,"Fire, Flood and Drought",First Semester,Undergraduate,6.0,In Person,2021
1356,ENVS6204,"Fire, Flood and Drought",First Semester,Postgraduate,6.0,In Person,2021
1357,INDG3001,"First Nations Peoples, the State and Public Policy in Australia",,Undergraduate,6.0,Online or In Person,2021
1358,INDG1002,"First Peoples' experiences and ways of being: resilience, agency, resurgence and rights",Second Semester,Undergraduate,6.0,In Person,2021
1359,ENGN3224,Fluid Mechanics and Heat Transfer,First Semester,Undergraduate,6.0,In Person,2021
1360,ENGN6224,Fluid Mechanics and Heat Transfer,First Semester,Postgraduate,6.0,In Person,2021
1361,PHYS3202,Fluids and Plasma,Second Semester,Undergraduate,6.0,In Person,2021
1362,EMDV8082,Food Wars: Food Security and Agricultural Policy,Second Semester,Postgraduate,6.0,Online or In Person,2021
1363,ANTH2132,Food for Thought: Anthropological Theories of Food and Eating,,Undergraduate,6.0,In Person,2021
1364,ANTH6518,Food for Thought: Anthropological theories of food and eating,,Postgraduate,6.0,In Person,2021
1365,POGO8015,Foreign Direct Investment Policy,Second Semester,Postgraduate,6.0,In Person,2021
1366,POLS3001,Foreign Policy Analysis,First Semester,Undergraduate,6.0,In Person,2021
1367,INTR8068,Foreign Policy Analysis,Second Semester,Postgraduate,6.0,In Person,2021
1368,BIAN2128,Forensic Anthropology and Archaeology,Second Semester,Undergraduate,6.0,In Person,2021
1369,BIAN6515,Forensic Anthropology and Archaeology,Second Semester,Postgraduate,6.0,In Person,2021
1370,LING6032,Forensic Linguistics: Forensic Voice and Text Comparison,First Semester,Postgraduate,6.0,In Person,2021
1371,LING3032,Forensic Linguistics: Forensic Voice and Text Comparison,First Semester,Undergraduate,6.0,Online or In Person,2021
1372,LING6105,Forensic Linguistics: Language and the Law,,Postgraduate,6.0,In Person,2021
1373,LING2105,Forensic Linguistics: Language and the Law,,Undergraduate,6.0,In Person,2021
1374,ENVS8105,Forestry Research Essay,First Semester/Second Semester,Postgraduate,6.0,In Person,2021
1375,POGO8401,Foundations in Public Policy,First Semester,Postgraduate,6.0,In Person,2021
1376,ARTV1613,Foundations of Animation,First Semester,Undergraduate,6.0,In Person,2021
1377,ARTV6613,Foundations of Animation,First Semester,Postgraduate,6.0,In Person,2021
1378,ASTR2013,Foundations of Astrophysics,Second Semester,Undergraduate,6.0,In Person,2021
1379,LAWS1201,Foundations of Australian Law,First Semester/Second Semester,Undergraduate,6.0,Online or In Person,2021
1380,LAWS6101,Foundations of Australian Law,First Semester/Second Semester,Postgraduate,6.0,Online or In Person,2021
1381,ASIA2366,Foundations of Chinese Culture,Second Semester,Undergraduate,6.0,In Person,2021
1382,ASIA2099,"Foundations of Chinese Society: Friends, Family, Connections",First Semester,Undergraduate,6.0,In Person,2021
1383,ASIA8012,"Foundations of Chinese Society: Friends, Family, Connections",First Semester,Postgraduate,6.0,In Person,2021
1384,COMP1600,Foundations of Computing,Second Semester,Undergraduate,6.0,In Person,2021
1385,COMP6260,Foundations of Computing,Second Semester,Postgraduate,6.0,In Person,2021
1386,DESN6002,Foundations of Creative Code,First Semester,Postgraduate,6.0,In Person,2021
1387,DESN2002,Foundations of Creative Code,First Semester,Undergraduate,6.0,In Person,2021
1388,ENGL2083,Foundations of Drama,First Semester,Undergraduate,6.0,In Person,2021
1389,EMET1001,Foundations of Economic and Financial Models,First Semester/Second Semester,Undergraduate,6.0,In Person,2021
1390,LEGM8581,Foundations of Family Law and Practice,Second Semester,Postgraduate,6.0,Online,2021
1391,FINM1001,Foundations of Finance,First Semester/Second Semester,Undergraduate,6.0,In Person,2021
1392,MATH6203,Foundations of Mathematics,First Semester,Postgraduate,6.0,In Person,2021
1393,CHEM2212,Foundations of Physical Chemistry,,Undergraduate,6.0,In Person,2021
1394,PHYS1001,Foundations of Physics,First Semester,Undergraduate,6.0,In Person,2021
1395,POLS2120,Foundations of Political Theory,,Undergraduate,6.0,In Person,2021
1396,PSYC8410,Foundations of Professional Psychology,First Semester,Postgraduate,6.0,In Person,2021
1397,SOCR1001,Foundations of Social Research,Second Semester,Undergraduate,6.0,In Person,2021
1398,MATH6116,Fractal Geometry and Chaotic Dynamics,First Semester,Postgraduate,6.0,In Person,2021
1399,MATH3062,Fractal Geometry and Chaotic Dynamics,First Semester,Undergraduate,6.0,In Person,2021
1400,ARCH4004,Frameworks for Archaeological Science,First Semester,Undergraduate,6.0,Online or In Person,2021
1401,ARCH8103,Frameworks for Archaeological Science,First Semester,Postgraduate,6.0,Online or In Person,2021
1402,CECS6001,Framing Questions about Cyber-physical Systems,First Semester,Postgraduate,6.0,In Person,2021
1403,COMP8440,Free and Open Source Software Development,,Postgraduate,6.0,In Person,2021
1404,LAWS8243,Freedom of Information and Privacy,Spring Session,Postgraduate,6.0,Online or In Person,2021
1405,ASIA2113,From Australia to the world: Landscapes of politics and power,,Undergraduate,6.0,In Person,2021
1406,ARCH1112,From Origins to Civilizations,Second Semester,Undergraduate,6.0,In Person,2021
1407,DESN2006,Front-End Web: Crafting Online Experience,Second Semester,Undergraduate,6.0,In Person,2021
1408,DESN6006,Front-End Web: Crafting Online Experience,Second Semester,Postgraduate,6.0,In Person,2021
1409,PHIL1004,Fundamental Ideas in Philosophy: An Introduction,First Semester,Undergraduate,6.0,In Person,2021
1410,LAWS8651,Fundamentals of Australian Migration Law,,Postgraduate,6.0,Online,2021
1411,EMSC6021,Fundamentals of Climate System Science,Second Semester,Postgraduate,6.0,In Person,2021
1412,EMSC2021,Fundamentals of Climate System Science,Second Semester,Undergraduate,6.0,In Person,2021
1413,LAWS8189,Fundamentals of Environmental and Sustainability Law,,Postgraduate,6.0,Online or In Person,2021
1414,POPH4100,Fundamentals of Epidemiology,First Semester,Undergraduate,6.0,Online or In Person,2021
1415,POPH8100,Fundamentals of Epidemiology,First Semester,Postgraduate,6.0,Online or In Person,2021
1416,EMSC2023,Fundamentals of Geology,First Semester,Undergraduate,6.0,In Person,2021
1417,EMSC6123,Fundamentals of Geology,First Semester,Postgraduate,6.0,In Person,2021
1418,POGO8238,Fundamentals of Intergovernmental Management,,Postgraduate,3.0,In Person,2021
1419,PHYS6711,Fundamentals of Noise and Measurement,First Semester,Postgraduate,6.0,In Person,2021
1420,PHYS3711,Fundamentals of Noise and Measurement,First Semester,Undergraduate,6.0,In Person,2021
1421,PHYS8204,Fundamentals of Nuclear Radiation,First Semester,Postgraduate,6.0,In Person,2021
1422,PHYS8201,Fundamentals of Nuclear Science,First Semester,Postgraduate,6.0,In Person,2021
1423,ASIA4001,"Fundamentals of Research Design in Asia-Pacific Culture, History and Languages",First Semester,Undergraduate,12.0,In Person,2021
1424,STST4001,Fundamentals of Research Design in Security Studies,First Semester,Undergraduate,12.0,In Person,2021
1425,ARTV2206,Furniture: Bend/Curve,,Undergraduate,6.0,In Person,2021
1426,ARTV2209,Furniture: Collect/Treasure,,Undergraduate,6.0,In Person,2021
1427,ARTV2208,Furniture: Contain/Display,,Undergraduate,6.0,In Person,2021
1428,ARTV1202,Furniture: Elevate/Surface,,Undergraduate,6.0,In Person,2021
1429,ARTV1201,Furniture: Shape/Structure,,Undergraduate,6.0,In Person,2021
1430,ARTV2207,Furniture: Support/Body,,Undergraduate,6.0,In Person,2021
1431,ENGN8625,"Future Energy Grids: Integrating Battery Storage, Electric Vehicles & Solar Energy",,Postgraduate,6.0,In Person,2021
1432,ENVS2015,GIS and Spatial Analysis,Second Semester,Undergraduate,6.0,In Person,2021
1433,ENVS6015,GIS and Spatial Analysis,Second Semester,Postgraduate,6.0,In Person,2021
1434,ASTR4006,Galaxies,,Undergraduate,6.0,In Person,2021
1435,ASTR8006,Galaxies,,Postgraduate,6.0,In Person,2021
1436,ASTR6002,Galaxies and Cosmology,Second Semester,Postgraduate,6.0,In Person,2021
1437,ASTR3002,Galaxies and Cosmology,Second Semester,Undergraduate,6.0,In Person,2021
1438,MEAS2006,Gallipoli: A transnational history,First Semester,Undergraduate,6.0,In Person,2021
1439,ECON8053,Game Theory,Second Semester,Postgraduate,6.0,In Person,2021
1440,ECON4453,Game Theory,Second Semester,Undergraduate,6.0,In Person,2021
1441,ECON3152,Game Theory (P),Second Semester,Undergraduate,6.0,In Person,2021
1442,POLS2125,Game Theory and Social Sciences,,Undergraduate,6.0,In Person,2021
1443,MATH2301,"Games, Graphs and Machines",Second Semester,Undergraduate,6.0,In Person,2021
1444,INDG2003,Gamilaraay - introduction to an Australian Indigenous Language,First Semester,Undergraduate,6.0,Online or In Person,2021
1445,INDG6003,Gamilaraay - introduction to an Australian Indigenous Language,First Semester,Postgraduate,6.0,Online or In Person,2021
1446,ANTH8038,Gender & Development: Critical Issues in Policy & Practice,Second Semester,Postgraduate,6.0,Online or In Person,2021
1447,POGO8230,Gender Analysis in Public Policy,Winter Session,Postgraduate,3.0,In Person,2021
1448,GEND2001,Gender and Cultural Studies in Asia and the Pacific,Second Semester,Undergraduate,6.0,In Person,2021
1449,ASIA2311,Gender and Cultural Studies in Asia and the Pacific,Second Semester,Undergraduate,6.0,In Person,2021
1450,MEAS2005,Gender and Culture In Iran and the Middle East,Second Semester,Undergraduate,6.0,In Person,2021
1451,PASI8314,Gender and Leadership in the Pacific,,Postgraduate,3.0,Online or In Person,2021
1452,POLS2134,Gender and Politics,Second Semester,Undergraduate,6.0,In Person,2021
1453,DEMO8048,Gender and Population,,Postgraduate,6.0,In Person,2021
1454,NSPO8040,Gender and Security,Spring Session,Postgraduate,3.0,In Person,2021
1455,GEND3002,Gender and Sexuality in the Pacific,Winter Session,Undergraduate,6.0,In Person,2021
1456,PASI8008,Gender and Sexuality in the Pacific,Winter Session,Postgraduate,6.0,In Person,2021
1457,PASI3002,Gender and Sexuality in the Pacific,Winter Session,Undergraduate,6.0,In Person,2021
1458,GEND2035,Gender in Cross-Cultural Perspective,Second Semester,Undergraduate,6.0,In Person,2021
1459,ANTH6025,Gender in Cross-Cultural Perspective,Second Semester,Postgraduate,6.0,In Person,2021
1460,ANTH2025,Gender in Cross-Cultural Perspective,Second Semester,Undergraduate,6.0,In Person,2021
1461,ASIA2006,Gender in Korean History,,Undergraduate,6.0,In Person,2021
1462,GEND2002,Gender in Korean History,,Undergraduate,6.0,In Person,2021
1463,ASIA6106,Gender in Korean History,,Postgraduate,6.0,In Person,2021
1464,ANTH8060,Gender in Resource and Environmental Management,Winter Session,Postgraduate,6.0,Online or In Person,2021
1465,LAWS8329,"Gender, Law and Development",Winter Session,Postgraduate,6.0,Online or In Person,2021
1466,GEND2023,"Gender, Sex and Sexuality: An Introduction to Feminist Theory",Second Semester,Undergraduate,6.0,In Person,2021
1467,ANTH8106,"Gender, Violence and Development",Second Semester,Postgraduate,6.0,Online or In Person,2021
1468,INTR8064,"Gender, War, and Justice in South and Southeast Asia",First Semester,Postgraduate,6.0,In Person,2021
1469,BIOL2142,General Microbiology,Second Semester,Undergraduate,6.0,In Person,2021
1470,BIOL6142,General Microbiology,Second Semester,Postgraduate,6.0,In Person,2021
1471,PHYS3203,General Relativity,Second Semester,Undergraduate,6.0,In Person,2021
1472,PHYS6203,General Relativity,Second Semester,Postgraduate,6.0,In Person,2021
1473,STAT7030,Generalised Linear Models,Second Semester,Postgraduate,6.0,In Person,2021
1474,STAT3015,Generalised Linear Models,Second Semester,Undergraduate,6.0,In Person,2021
1475,STAT4030,Generalised Linear Models,Second Semester,Undergraduate,6.0,In Person,2021
1476,BIOL2161,Genes: Replication and Expression,First Semester,Undergraduate,6.0,In Person,2021
1477,BIOL6161,Genes: Replication and Expression,First Semester,Postgraduate,6.0,In Person,2021
1478,BIOL2151,Genetics,First Semester,Undergraduate,6.0,In Person,2021
1479,BIOL6006,Genetics,First Semester,Postgraduate,6.0,In Person,2021
1480,BIOL6204,Genetics of Human Disease 1,First Semester,Postgraduate,6.0,In Person,2021
1481,BIOL3204,Genetics of Human Disease 1,First Semester,Undergraduate,6.0,In Person,2021
1482,BIOL3205,Genetics of Human Disease 2,Second Semester,Undergraduate,6.0,In Person,2021
1483,BIOL6205,Genetics of Human Disease 2,Second Semester,Postgraduate,6.0,In Person,2021
1484,POLS2100,Genocide in the Modern World,,Undergraduate,6.0,In Person,2021
1485,BIOL3161,Genomics and its Applications,First Semester,Undergraduate,6.0,In Person,2021
1486,BIOL6163,Genomics and its Applications,First Semester,Postgraduate,6.0,In Person,2021
1487,EMSC3020,Geobiology and Evolution of Life on Earth,First Semester,Undergraduate,6.0,In Person,2021
1488,EMSC6019,Geobiology and Evolution of Life on Earth,First Semester,Postgraduate,6.0,In Person,2021
1489,EMSC6124,Geochemistry,Second Semester,Postgraduate,6.0,In Person,2021
1490,EMSC2024,Geochemistry,Second Semester,Undergraduate,6.0,In Person,2021
1491,NSPO8032,Geoeconomics and national security,First Semester,Postgraduate,6.0,In Person,2021
1492,MEAS4114,Geopolitics of Central Asia,,Undergraduate,6.0,In Person,2021
1493,MEAS8114,Geopolitics of Central Asia,,Postgraduate,6.0,In Person,2021
1494,GERM2114,German Cultural Studies,,Undergraduate,6.0,In Person,2021
1495,GERM3114,German Cultural Studies Advanced,,Undergraduate,6.0,In Person,2021
1496,SCRN6113,"German Film Since the Wall: Identity, History and Belonging",Second Semester,Postgraduate,6.0,In Person,2021
1497,GERM2113,"German Film Since the Wall: Identity, History and Belonging",Second Semester,Undergraduate,6.0,In Person,2021
1498,SCRN2113,"German Film Since the Wall: Identity, History and Belonging",Second Semester,Undergraduate,6.0,In Person,2021
1499,GERM3051,German Literature and Culture,First Semester,Undergraduate,6.0,In Person,2021
1500,GERM6051,German Literature and Culture,First Semester,Postgraduate,6.0,In Person,2021
1501,GERM6507,German Studies - Advanced 1,First Semester,Postgraduate,6.0,In Person,2021
1502,GERM6503,German Studies Continuing I,First Semester,Postgraduate,6.0,In Person,2021
1503,GERM6504,German Studies Continuing II,Second Semester,Postgraduate,6.0,In Person,2021
1504,GERM6505,German Studies Intermediate I,First Semester,Postgraduate,6.0,In Person,2021
1505,GERM6506,German Studies Intermediate II,Second Semester,Postgraduate,6.0,In Person,2021
1506,GERM6501,German Studies Introduction I,First Semester,Postgraduate,6.0,In Person,2021
1507,GERM6502,German Studies Introduction II,Second Semester,Postgraduate,6.0,In Person,2021
1508,GERM3007,German Studies: Advanced German 1,First Semester,Undergraduate,6.0,In Person,2021
1509,GERM6508,German Studies: Advanced German 2,Second Semester,Postgraduate,6.0,In Person,2021
1510,GERM3008,German Studies: Advanced German 2,Second Semester,Undergraduate,6.0,In Person,2021
1511,GERM2103,German Studies: Continuing German 1,First Semester,Undergraduate,6.0,Online or In Person,2021
1512,GERM2104,German Studies: Continuing German 2,Second Semester,Undergraduate,6.0,In Person,2021
1513,GERM2105,German Studies: Intermediate German 1,First Semester,Undergraduate,6.0,Online or In Person,2021
1514,GERM3106,German Studies: Intermediate German 2,Second Semester,Undergraduate,6.0,In Person,2021
1515,GERM1021,German Studies: Introduction to German 1,First Semester,Undergraduate,6.0,In Person,2021
1516,GERM1022,German Studies: Introduction to German 2,Second Semester,Undergraduate,6.0,In Person,2021
1517,ARTV2314,Glass Blowing for Contemporary Practice: Materiality and Form,,Undergraduate,6.0,In Person,2021
1518,ARTV2316,Glass Blowing for Contemporary Practice: Utility and Narrative,Second Semester,Undergraduate,6.0,In Person,2021
1519,ARTV1301,Glass Hot Forming Introduction: Fundamentals for Contemporary Practice,,Undergraduate,6.0,In Person,2021
1520,ARTV2313,Glass Kiln Casting for Contemporary Practice,,Undergraduate,6.0,In Person,2021
1521,ARTV1302,Glass Kiln Forming Introduction: Fundamentals for Contemporary Practice,,Undergraduate,6.0,In Person,2021
1522,ARTV2315,Glass Kiln Forming for Contemporary Practice,,Undergraduate,6.0,In Person,2021
1523,CBEA3066,Global Business Immersion,,Undergraduate,6.0,In Person,2021
1524,REGN8054,Global Business Regulation,Winter Session,Postgraduate,3.0,Online or In Person,2021
1525,ANTH1003,"Global Citizen: Culture, Development and Inequality",Second Semester,Undergraduate,6.0,In Person,2021
1526,ANTH6003,"Global Citizen: Culture, Development and Inequality",Second Semester,Postgraduate,6.0,In Person,2021
1527,INTR8080,Global Ethics,First Semester,Postgraduate,6.0,In Person,2021
1528,SCNC1002,Global Experiences in Science,Summer Session/Winter Session/Spring Session,Undergraduate,6.0,In Person,2021
1529,INTR8045,Global Governance,First Semester,Postgraduate,6.0,In Person,2021
1530,INTR3002,Global Governance in the Asia-Pacific,Second Semester,Undergraduate,6.0,In Person,2021
1531,BAPA3002,Global Governance in the Asia-Pacific,,Undergraduate,6.0,In Person,2021
1532,LAWS8582,Global Health Law,Winter Session,Postgraduate,6.0,Online or In Person,2021
1533,CHMD8006,Global Health and Development,First Semester,Postgraduate,6.0,Online or In Person,2021
1534,PHIL2113,Global Justice,,Undergraduate,6.0,In Person,2021
1535,ASIA8097,Global Learning,First Semester,Postgraduate,6.0,In Person,2021
1536,LAWS4303,Global Learning,,Undergraduate,6.0,In Person,2021
1537,ASIA2097,Global Learning,Second Semester,Undergraduate,6.0,In Person,2021
1538,MGMT7066,Global Management Experience,,Postgraduate,6.0,In Person,2021
1539,MKTG7035,Global Marketing,Second Semester,Postgraduate,6.0,In Person,2021
1540,FREN3012,"Global Paris: Culture, History and Identity in the French Capital",,Undergraduate,6.0,In Person,2021
1541,FREN6012,"Global Paris: Culture, History and Identity in the French Capital",,Postgraduate,6.0,In Person,2021
1542,POPH8102,Global Population Health,First Semester,Postgraduate,6.0,Online or In Person,2021
1543,HUMN2021,Global Rome: Culture and Identity in the Italian Capital,,Undergraduate,6.0,In Person,2021
1544,ITAL3021,Global Rome: Culture and Identity in the Italian Capital,,Undergraduate,6.0,In Person,2021
1545,INTR8032,Global Security,Second Semester,Postgraduate,6.0,In Person,2021
1546,ASIA5925,Global Semester,Second Semester,Undergraduate,6.0,In Person,2021
1547,POGO8044,Global Social Policy,,Postgraduate,6.0,In Person,2021
1548,EMSC3014,Global Stratigraphy,,Undergraduate,6.0,In Person,2021
1549,EMSC6014,Global Stratigraphy,,Postgraduate,6.0,In Person,2021
1550,HUMN6004,"Global Vietnam: Gender, Labour and Migration",,Postgraduate,6.0,In Person,2021
1551,HUMN2004,"Global Vietnam: Gender, Labour and Migration",,Undergraduate,6.0,In Person,2021
1552,ANTH8107,Global governance and the role of Multilateral Development Banks,First Semester,Postgraduate,6.0,Online or In Person,2021
1553,DEMO1001,Global population challenges,First Semester,Undergraduate,6.0,In Person,2021
1554,POLS3037,"Globalisation: Communications, Culture and Democracy",,Undergraduate,6.0,In Person,2021
1555,POLS8032,Globalisation: the Interaction of Economics and Politics,,Postgraduate,6.0,In Person,2021
1556,POLS4032,Globalisation: the Interaction of Economics and Politics,,Undergraduate,6.0,In Person,2021
1557,GEND6034,"Going Public: Sex, Sexuality and Feminism",,Postgraduate,6.0,In Person,2021
1558,SOCY2010,"Going Public: Sex, Sexuality and Feminism",,Undergraduate,6.0,In Person,2021
1559,GEND2034,"Going Public: Sex, Sexuality and Feminism",,Undergraduate,6.0,In Person,2021
1560,POGO8012,Governance and Institutions,,Postgraduate,6.0,In Person,2021
1561,REGN9053,Governance and Social Theory,Autumn Session,Postgraduate,6.0,In Person,2021
1562,REGN8002,Governance and Social Theory,Autumn Session,Postgraduate,6.0,In Person,2021
1563,POGO8504,Governing Contemporary Public Policy,Winter Session,Postgraduate,6.0,In Person,2021
1564,POGO8066,Governing by the Rules,Winter Session,Postgraduate,6.0,In Person,2021
1565,LAWS8220,Government Contracts,Autumn Session,Postgraduate,6.0,Online or In Person,2021
1566,MGMT7067,Government Decision Making and Indigenous Communities in Contemporary Society,Summer Session,Postgraduate,6.0,Online or In Person,2021
1567,LEGW8124,Government Law Practice,,Postgraduate,3.0,Online,2021
1568,POGO8064,Government in a Market Economy,Autumn Session,Postgraduate,6.0,In Person,2021
1569,CRWF8000,"Government, Markets and Global Change",First Semester,Postgraduate,6.0,In Person,2021
1570,CRWF7900,Graduate Academic and Research Skills for Public Policy,Summer Session/Winter Session,Postgraduate,0.0,In Person,2021
1571,MUSI8005,"Graduate Composition, Arranging, and Sound Design 2",First Semester,Postgraduate,12.0,In Person,2021
1572,MUSI8006,"Graduate Composition, Arranging, and Sound Design 3",First Semester/Second Semester,Postgraduate,12.0,In Person,2021
1573,EMET4316,Graduate Computational Economics,,Undergraduate,6.0,In Person,2021
1574,EMET8016,Graduate Computational Economics,,Postgraduate,6.0,In Person,2021
1575,IDEC7904,Graduate Preparatory Econometrics,Winter Session,Postgraduate,0.0,In Person,2021
1576,POGO7901,"Graduate Preparatory Economic, Social and Political Analysis",Summer Session/Winter Session,Postgraduate,0.0,In Person,2021
1577,EMDV7902,Graduate Preparatory Environmental Economics,Summer Session/Winter Session,Postgraduate,0.0,In Person,2021
1578,EMDV7901,Graduate Preparatory Environmental Science,Summer Session/Winter Session,Postgraduate,0.0,In Person,2021
1579,IDEC7903,Graduate Preparatory Macroeconomics,Winter Session,Postgraduate,0.0,In Person,2021
1580,IDEC7902,Graduate Preparatory Mathematical Methods,Summer Session,Postgraduate,0.0,In Person,2021
1581,IDEC7901,Graduate Preparatory Microeconomics,Summer Session,Postgraduate,0.0,In Person,2021
1582,ANTH8001,Graduate Reading Course (Anthropology),First Semester/Second Semester,Postgraduate,6.0,Online or In Person,2021
1583,LING8001,Graduate Reading Course (Linguistics),First Semester/Second Semester,Postgraduate,6.0,Online or In Person,2021
1584,CLAS8002,Graduate Reading Course A,First Semester/Second Semester,Postgraduate,6.0,In Person,2021
1585,CLAS8003,Graduate Reading Course B,First Semester/Second Semester,Postgraduate,6.0,In Person,2021
1586,ARCH8038,Graduate Reading Course in Archaeological Science,Summer Session/First Semester/Autumn Session/Winter Session/Second Semester/Spring Session,Postgraduate,6.0,Online or In Person,2021
1587,LAWS8301,Graduate Research Unit,First Semester/Second Semester,Postgraduate,12.0,Online or In Person,2021
1588,LEGM8308,Graduate Research Unit (Legal Practice),First Semester,Postgraduate,12.0,In Person,2021
1589,LING2003,Grammar of the World's Languages,Second Semester,Undergraduate,6.0,In Person,2021
1590,LING6003,Grammar of the World's Languages,Second Semester,Postgraduate,6.0,In Person,2021
1591,STAT3011,Graphical Data Analysis,Second Semester,Undergraduate,6.0,In Person,2021
1592,STAT4026,Graphical Data Analysis,Second Semester,Undergraduate,6.0,In Person,2021
1593,STAT7026,Graphical Data Analysis,Autumn Session/Second Semester,Postgraduate,6.0,In Person,2021
1594,ENGN4547,Grid Integration of Renewable and Storage Technologies,,Undergraduate,6.0,In Person,2021
1595,EMSC3025,Groundwater,Second Semester,Undergraduate,6.0,In Person,2021
1596,EMSC6025,Groundwater,Second Semester,Postgraduate,6.0,In Person,2021
1597,ENGN8170,Group Project,First Semester/Second Semester,Postgraduate,12.0,In Person,2021
1598,VCUG3100,Group Research and Innovation Project (GRIP),First Semester/Second Semester,Undergraduate,6.0,In Person,2021
1599,VCPG6100,Group Research and Innovation Project (GRIP),First Semester/Second Semester,Postgraduate,6.0,In Person,2021
1600,HUMN6002,Gutenberg to Google: Histories of Information,,Postgraduate,6.0,In Person,2021
1601,HUMN2002,Gutenberg to Google: Histories of Information,,Undergraduate,6.0,In Person,2021
1602,BIOL6108,Hallmarks of Cancer,Second Semester,Postgraduate,6.0,In Person,2021
1603,BIOL3108,Hallmarks of Cancer,Second Semester,Undergraduate,6.0,In Person,2021
1604,ARTV2057,Hands On: Material Language,First Semester,Undergraduate,6.0,Online or In Person,2021
1605,ARTV6057,Hands On: Material Language,First Semester,Postgraduate,6.0,Online or In Person,2021
1606,DIPL8010,Harnessing Diplomacy for International Development,Second Semester,Postgraduate,6.0,In Person,2021
1607,ECON8039,Health Economics,Second Semester,Postgraduate,6.0,In Person,2021
1608,ECON3004,Health Economics,Second Semester,Undergraduate,6.0,In Person,2021
1609,LAWS8237,Health Law and Bioethics,,Postgraduate,6.0,In Person,2021
1610,LAWS4219,"Health Law, Bioethics and Human Rights",,Undergraduate,6.0,In Person,2021
1611,SCOM3033,Health Promotion Principles and Practice,Second Semester,Undergraduate,6.0,In Person,2021
1612,POPH8115,Health Promotion and Protection,Second Semester,Postgraduate,6.0,Online or In Person,2021
1613,PSYC3020,Health Psychology,,Undergraduate,6.0,In Person,2021
1614,HLTH2001,Health Systems and Policy: An Introduction,First Semester,Undergraduate,6.0,In Person,2021
1615,BIOL8021,Health and Disease in a Changing World,First Semester,Postgraduate,6.0,Online,2021
1616,HLTH4001,Health and Medicine Honours,First Semester/Second Semester,Undergraduate,6.0,In Person,2021
1617,HLTH1001,Health in the 21st Century,First Semester,Undergraduate,6.0,In Person,2021
1618,LAWS4290,High Court of Australia,,Undergraduate,6.0,In Person,2021
1619,ASTR8003,High Energy Astrophysics,Second Semester,Postgraduate,6.0,In Person,2021
1620,ASTR4003,High Energy Astrophysics,Second Semester,Undergraduate,6.0,In Person,2021
1621,COMP3320,High Performance Scientific Computation,Second Semester,Undergraduate,6.0,In Person,2021
1622,COMP6464,High Performance Scientific Computing,Second Semester,Postgraduate,6.0,In Person,2021
1623,HIND6100,Hindi 1,First Semester,Postgraduate,6.0,Online or In Person,2021
1624,HIND1100,Hindi 1,First Semester,Undergraduate,6.0,Online or In Person,2021
1625,HIND1200,Hindi 2,Second Semester,Undergraduate,6.0,Online or In Person,2021
1626,HIND6200,Hindi 2,Second Semester,Postgraduate,6.0,Online or In Person,2021
1627,HIND6300,Hindi 3,First Semester,Postgraduate,6.0,Online or In Person,2021
1628,HIND2300,Hindi 3,First Semester,Undergraduate,6.0,Online or In Person,2021
1629,HIND2400,Hindi 4,Second Semester,Undergraduate,6.0,Online or In Person,2021
1630,HIND6400,Hindi 4,Second Semester,Postgraduate,6.0,Online or In Person,2021
1631,HIND3500,Hindi 5,First Semester,Undergraduate,6.0,Online or In Person,2021
1632,HIND6500,Hindi 5,First Semester,Postgraduate,6.0,In Person,2021
1633,HIND6600,Hindi 6,Second Semester,Postgraduate,6.0,In Person,2021
1634,HIND3600,Hindi 6,Second Semester,Undergraduate,6.0,In Person,2021
1635,HIST8023,"History Incorporated: Early Modern Bodies, 1550-1750",First Semester,Postgraduate,6.0,Online or In Person,2021
1636,NSPO8028,History for Policymakers,First Semester,Postgraduate,6.0,In Person,2021
1637,ANTH8035,History of Anthropological Theory Extended,First Semester,Postgraduate,12.0,In Person,2021
1638,ANTH4011,History of Anthropological Theory Extended,First Semester,Undergraduate,12.0,In Person,2021
1639,ARCH3026,History of Archaeology: Discovering the Past,,Undergraduate,6.0,In Person,2021
1640,ECHI3008,History of Economic Thought(P),,Undergraduate,6.0,In Person,2021
1641,ASIA2307,History of Empire in Asia,First Semester,Undergraduate,6.0,In Person,2021
1642,ASIA2017,History of International Relations in Northeast Asia,First Semester,Undergraduate,6.0,In Person,2021
1643,ASIA2037,History of Modern China,First Semester,Undergraduate,6.0,In Person,2021
1644,ASIA6037,History of Modern China,First Semester,Postgraduate,6.0,In Person,2021
1645,SPAN6516,History of the Spanish Language: A Linguistic Time Travel,,Postgraduate,6.0,In Person,2021
1646,SPAN2603,History of the Spanish language. A linguistic time travel,,Undergraduate,6.0,In Person,2021
1647,ASIA3030,History of the State System in Southeast Asia,First Semester,Undergraduate,6.0,In Person,2021
1648,ASIA6030,History of the State System in Southeast Asia,First Semester,Postgraduate,6.0,In Person,2021
1649,ARTV1033,Hold Everything: Studio Foundation,First Semester,Undergraduate,6.0,Online or In Person,2021
1650,STST3003,Honeypots and Overcoats: Australian Intelligence in the World,First Semester,Undergraduate,6.0,In Person,2021
1651,PHYS4110,Honours Research Project,First Semester/Second Semester,Undergraduate,6.0,In Person,2021
1652,ENVS4001,Honours Research Skills,First Semester/Second Semester,Undergraduate,6.0,In Person,2021
1653,ENVS4000,Honours Thesis,First Semester/Second Semester,Undergraduate,6.0,In Person,2021
1654,NSPO8047,How Canberra works: a guide for security policymakers,Autumn Session,Postgraduate,3.0,In Person,2021
1655,PASI8301,How Papua New Guinea Works,Winter Session/Spring Session,Postgraduate,3.0,Online or In Person,2021
1656,HIST2233,How the Camera Changed History: A century of photography and cinema,,Undergraduate,6.0,In Person,2021
1657,HIST6233,How the Camera Changed History: A century of photography and cinema,,Postgraduate,6.0,Online or In Person,2021
1658,MEDN3186,Human Anatomy,First Semester,Undergraduate,6.0,In Person,2021
1659,BIOL1008,Human Biology,First Semester,Undergraduate,6.0,In Person,2021
1660,ENVS2011,Human Ecology,First Semester,Undergraduate,6.0,In Person,2021
1661,ENVS6020,Human Ecology,First Semester,Postgraduate,6.0,In Person,2021
1662,BIAN6013,Human Evolution,First Semester,Postgraduate,6.0,In Person,2021
1663,BIAN3113,Human Evolution,First Semester,Undergraduate,6.0,In Person,2021
1664,ENVS6306,Human Futures,,Postgraduate,6.0,In Person,2021
1665,ENVS3021,Human Futures,,Undergraduate,6.0,In Person,2021
1666,POPH8318,"Human Health, Environment and Climate Change",,Postgraduate,6.0,Online or In Person,2021
1667,ASIA2301,Human Migration and Expansion in the Rise of the Asia-Pacific,First Semester,Undergraduate,6.0,In Person,2021
1668,SOCR8015,Human Research Ethics & Integrity: Principles & Practice,,Postgraduate,6.0,In Person,2021
1669,MGMT2030,Human Resource Management and Strategy,First Semester,Undergraduate,6.0,In Person,2021
1670,POLS2113,Human Rights,Second Semester,Undergraduate,6.0,In Person,2021
1671,LAWS4220,Human Rights Law in Australia,Summer Session,Undergraduate,6.0,Online or In Person,2021
1672,LAWS8420,Human Rights Law in Australia,,Postgraduate,6.0,In Person,2021
1673,LEGM8155,Human Rights Litigation,Second Semester,Postgraduate,6.0,Online,2021
1674,POLS4036,Human Rights and Human Responsibility,,Undergraduate,6.0,In Person,2021
1675,ASIA2081,Human Rights in Asia,First Semester,Undergraduate,6.0,In Person,2021
1676,HIST2238,Human Rights in History,,Undergraduate,6.0,In Person,2021
1677,INTR8073,Human Security,,Postgraduate,6.0,In Person,2021
1678,INTR2047,"Human Security: Conflict, Displacement and Peace Building",,Undergraduate,6.0,In Person,2021
1679,BIAN2015,Human Skeletal Analysis,First Semester,Undergraduate,6.0,In Person,2021
1680,BIAN6517,Human Skeletal Analysis,First Semester,Postgraduate,6.0,In Person,2021
1681,COMP3900,Human-Computer Interaction,Second Semester,Undergraduate,6.0,In Person,2021
1682,COMP6390,Human-Computer Interaction,Second Semester,Postgraduate,6.0,In Person,2021
1683,INTR8062,Humanitarianism in World Politics,,Postgraduate,6.0,In Person,2021
1684,INTR3001,"Humanitarianism: Principles, Politics and Practice",Second Semester,Undergraduate,6.0,In Person,2021
1685,BAPA3001,"Humanitarianism: Principles, Politics and Practice",,Undergraduate,6.0,In Person,2021
1686,PHYS6010,Hydrogen Economy,,Postgraduate,6.0,In Person,2021
1687,PHYS3010,Hydrogen Economy,,Undergraduate,6.0,In Person,2021
1688,ARTV1601,Hyperanalogue: the alchemy of darkroom photography,Second Semester,Undergraduate,6.0,In Person,2021
1689,ARTV6601,Hyperanalogue: the alchemy of darkroom photography,Second Semester,Postgraduate,6.0,In Person,2021
1690,COMP7310,ICT Sustainability,,Postgraduate,6.0,In Person,2021
1691,MEDI3004,IMU Clinical Experience Bridging Course,Summer Session,Undergraduate,3.0,In Person,2021
1692,POLS2119,Ideas in Politics,First Semester,Undergraduate,6.0,In Person,2021
1693,SOCY2163,"Identity, Difference and Racism",,Undergraduate,6.0,In Person,2021
1694,ARTV1021,Image and Object,Second Semester,Undergraduate,6.0,In Person,2021
1695,FREN3108,Imagining the French Empire: French Colonialism on Film,,Undergraduate,6.0,In Person,2021
1696,SCRN2108,Imagining the French Empire: French Colonialism on Film,,Undergraduate,6.0,In Person,2021
1697,SCRN6108,Imagining the French Empire: French Colonialism on Film,,Postgraduate,6.0,In Person,2021
1698,FREN6514,Imagining the French Empire: French Colonialism on Film,,Postgraduate,6.0,In Person,2021
1699,SOCY2053,Imagining the Future: A Sociology of Utopias,,Undergraduate,6.0,In Person,2021
1700,ARTV2059,Immersive Media,,Undergraduate,6.0,In Person,2021
1701,ARTV6059,Immersive Media,,Postgraduate,6.0,In Person,2021
1702,ANCH3504,"Imperialism, Conquest and Colonisation in the Ancient Mediterranean World",,Undergraduate,6.0,In Person,2021
1703,LEGM8325,In-House Corporate and Government Legal Practice,,Postgraduate,6.0,Online,2021
1704,PASI8316,Inclusive Research Methodologies for Pacific Development,Spring Session,Postgraduate,3.0,Online or In Person,2021
1705,LAWS8421,Income Tax,,Postgraduate,6.0,In Person,2021
1706,LAWS4221,Income Tax,Second Semester,Undergraduate,6.0,Online or In Person,2021
1707,ASIA2270,India Past and Present: The impact of pre-colonial history on India today,Second Semester,Undergraduate,6.0,In Person,2021
1708,ASIA6270,India Past and Present: The impact of pre-colonial history on India today,Second Semester,Postgraduate,6.0,In Person,2021
1709,ASIA6176,India's Culture Wars,Second Semester,Postgraduate,6.0,In Person,2021
1710,INTR2014,Indian Foreign and Security Policy,,Undergraduate,6.0,In Person,2021
1711,ASIA2116,India’s Culture Wars,Second Semester,Undergraduate,6.0,In Person,2021
1712,LAWS4238,Indigenous Australians and the Law,Second Semester,Undergraduate,6.0,Online or In Person,2021
1713,MUSC8006,Indigenous Collections and Exhibitions,Spring Session,Postgraduate,6.0,In Person,2021
1714,LAWS6278,Indigenous Community Legal Clinic,,Postgraduate,6.0,In Person,2021
1715,LAWS4278,Indigenous Community Legal Clinic,,Undergraduate,6.0,In Person,2021
1716,INDG2001,Indigenous Cultural and Natural Resource Management,First Semester,Undergraduate,6.0,In Person,2021
1717,ENVS2025,Indigenous Cultural and Natural Resource Management,First Semester,Undergraduate,6.0,In Person,2021
1718,HUMN8039,Indigenous Heritage Management and Debates in Digital Heritage,Autumn Session,Postgraduate,6.0,In Person,2021
1719,BIOL3232,Indigenous Knowledge and Scientific Approaches to Field Biology,,Undergraduate,6.0,In Person,2021
1720,BIOL6232,Indigenous Knowledge and Scientific Approaches to Field Biology,,Postgraduate,6.0,In Person,2021
1721,CHMD8021,"Indigenous Medicines, Health and Healing",,Postgraduate,6.0,In Person,2021
1722,INDG8002,Indigenous Peoples and Development in Australia (Extended),Second Semester,Postgraduate,12.0,Online or In Person,2021
1723,INDG8001,Indigenous Peoples and Development in Australia: principles and practices for Indigenous-led change,Second Semester,Postgraduate,6.0,Online or In Person,2021
1724,LAWS8438,Indigenous Peoples and the Law,,Postgraduate,6.0,In Person,2021
1725,INDG1001,"Indigenous Peoples, Populations and Communities",First Semester,Undergraduate,6.0,In Person,2021
1726,INDG4001,"Indigenous Perspectives on Research Methods, Methodologies and Theories",,Undergraduate,6.0,In Person,2021
1727,INDG3006,"Indigenous Research: Practice, Collaboration and Ethics",Second Semester,Undergraduate,6.0,In Person,2021
1728,INDG3004,Indigenous Studies Supervised Research Project,First Semester/Second Semester,Undergraduate,6.0,In Person,2021
1729,ANTH3017,"Indigenous Worlds: Challenges of Emergence, Recognition, and Change",Second Semester,Undergraduate,6.0,In Person,2021
1730,HIST2142,"Indigenous memory and history: On page, stage and screen",,Undergraduate,6.0,Online or In Person,2021
1731,COMP8755,Individual Computing Project,First Semester/Second Semester,Postgraduate,6.0,In Person,2021
1732,ENGN4350,Individual Project,,Undergraduate,6.0,In Person,2021
1733,ENGN4200,Individual Project,First Semester/Second Semester,Undergraduate,6.0,In Person,2021
1734,COMP3770,Individual Research Project,First Semester/Second Semester,Undergraduate,6.0,In Person,2021
1735,ARTH2166,Individual Research Unit,First Semester/Second Semester,Undergraduate,6.0,In Person,2021
1736,ANTH6065,Indonesia Field School : Contemporary Change in Indonesia,,Postgraduate,6.0,In Person,2021
1737,ANTH3016,Indonesia Field School Extension,,Undergraduate,6.0,Online or In Person,2021
1738,ANTH6066,Indonesia Field School Extension,,Postgraduate,6.0,In Person,2021
1739,ANTH3014,Indonesia Field School: Contemporary Change in Indonesia,,Undergraduate,6.0,In Person,2021
1740,ASIA3035,"Indonesia in the Malay World: Culture, Media and Everyday Life",First Semester,Undergraduate,6.0,In Person,2021
1741,ASIA2516,"Indonesia: Politics, Society and Development",Second Semester,Undergraduate,6.0,In Person,2021
1742,ASIA6516,"Indonesia:Politics, Society and Development",Second Semester,Postgraduate,6.0,In Person,2021
1743,INDN6102,Indonesian 1,First Semester,Postgraduate,6.0,In Person,2021
1744,INDN1002,Indonesian 1,First Semester,Undergraduate,6.0,In Person,2021
1745,INDN1003,Indonesian 2,Second Semester,Undergraduate,6.0,In Person,2021
1746,INDN6103,Indonesian 2,Second Semester,Postgraduate,6.0,In Person,2021
1747,INDN2002,Indonesian 3,First Semester,Undergraduate,6.0,In Person,2021
1748,INDN6002,Indonesian 3,First Semester,Postgraduate,6.0,In Person,2021
1749,INDN6003,Indonesian 4,Second Semester,Postgraduate,6.0,In Person,2021
1750,INDN2003,Indonesian 4,Second Semester,Undergraduate,6.0,In Person,2021
1751,INDN3002,Indonesian 5,First Semester,Undergraduate,6.0,In Person,2021
1752,INDN6502,Indonesian 5,First Semester,Postgraduate,6.0,In Person,2021
1753,INDN3003,Indonesian 6,Second Semester,Undergraduate,6.0,In Person,2021
1754,INDN6503,Indonesian 6,Second Semester,Postgraduate,6.0,In Person,2021
1755,ASIA2111,Indonesian Foreign and Security Policy,First Semester,Undergraduate,6.0,In Person,2021
1756,ENGN8833,Industrial Energy Efficiency and Decarbonisation,First Semester,Postgraduate,6.0,In Person,2021
1757,COMP4800,Industrial Experience,First Semester/Second Semester,Undergraduate,0.0,In Person,2021
1758,ECON8038,Industrial Organisation,First Semester,Postgraduate,6.0,In Person,2021
1759,ECON4438,Industrial Organisation,First Semester,Undergraduate,6.0,In Person,2021
1760,ECON3057,Industrial Organisation(P),First Semester,Undergraduate,6.0,In Person,2021
1761,PSYC3028,Industrial and Organisational Psychology,Second Semester,Undergraduate,6.0,In Person,2021
1762,PSYC6028,Industrial and organisational psychology,,Postgraduate,6.0,In Person,2021
1763,INFS8202,Industry Research Project,First Semester/Second Semester,Postgraduate,6.0,In Person,2021
1764,BIOL6141,Infection and Immunity,First Semester,Postgraduate,6.0,In Person,2021
1765,BIOL3141,Infection and Immunity,First Semester,Undergraduate,6.0,In Person,2021
1766,LAWS4283,Information Law,,Undergraduate,6.0,Online or In Person,2021
1767,INFS2024,Information Systems Analysis,First Semester,Undergraduate,6.0,In Person,2021
1768,INFS3024,Information Systems Management,First Semester,Undergraduate,6.0,In Person,2021
1769,INFT4005P,Information Technology IV Honours(S),,Undergraduate,12.0,In Person,2021
1770,INFT4005F,Information Technology IV Honours(S),,Undergraduate,12.0,In Person,2021
1771,LAWS8445,Information Technology Law,First Semester,Postgraduate,6.0,Online or In Person,2021
1772,LAWS4245,Information Technology Law,First Semester,Undergraduate,6.0,Online or In Person,2021
1773,COMP6261,Information Theory,Second Semester,Postgraduate,6.0,In Person,2021
1774,ENGN8534,Information Theory,,Postgraduate,6.0,In Person,2021
1775,COMP2610,Information Theory,Second Semester,Undergraduate,6.0,In Person,2021
1776,ENGN4903,Infrastructure System Design,,Undergraduate,6.0,In Person,2021
1777,MGMT7165,Innovation,Summer Session/First Semester/Autumn Session/Winter Session,Postgraduate,6.0,In Person,2021
1778,STST8027,Insurgency & Counterinsurgency in Modern Warfare,,Postgraduate,6.0,In Person,2021
1779,ENGN8831,Integration of Renewable Energy into Power Systems and Microgrids,First Semester,Postgraduate,6.0,In Person,2021
1780,LAWS4222,Intellectual Property,Summer Session,Undergraduate,6.0,Online or In Person,2021
1781,LAWS8422,Intellectual Property,,Postgraduate,6.0,In Person,2021
1782,LEGM8592,Intellectual Property Law in Practice,,Postgraduate,6.0,Online,2021
1783,STST8021,Intelligence and Security,Second Semester,Postgraduate,6.0,In Person,2021
1784,INFS7007,"Intelligent Business Analysis: Models, Processes and Techniques",Second Semester,Postgraduate,6.0,In Person,2021
1785,HUMN9001,"Interdisciplinary Humanities Research: Methods, Theories and Skills",Autumn Session,Postgraduate,6.0,In Person,2021
1786,HUMN8001,"Interdisciplinary Humanities Research: Methods, Theories and Skills",,Postgraduate,6.0,In Person,2021
1787,HUMN9002,"Interdisciplinary Research: Frameworks, Connections and Dissemination",Second Semester,Postgraduate,6.0,In Person,2021
1788,POLS8046,"Interest Groups, Advocacy and Public Policy",,Postgraduate,6.0,In Person,2021
1789,GREK2121,Intermediate Ancient Greek I,First Semester,Undergraduate,6.0,In Person,2021
1790,GREK6121,Intermediate Ancient Greek I,First Semester,Postgraduate,6.0,In Person,2021
1791,GREK6122,Intermediate Ancient Greek II,Second Semester,Postgraduate,6.0,In Person,2021
1792,GREK2122,Intermediate Ancient Greek II,Second Semester,Undergraduate,6.0,In Person,2021
1793,ARAB2011,Intermediate Arabic 1,First Semester,Undergraduate,6.0,Online or In Person,2021
1794,ARAB6501,Intermediate Arabic 1,First Semester,Postgraduate,6.0,Online or In Person,2021
1795,ARAB6502,Intermediate Arabic 2,Second Semester,Postgraduate,6.0,Online or In Person,2021
1796,ARAB2012,Intermediate Arabic 2,Second Semester,Undergraduate,6.0,Online or In Person,2021
1797,FREN3006,Intermediate French I,First Semester,Undergraduate,6.0,In Person,2021
1798,FREN6505,Intermediate French I,First Semester,Postgraduate,6.0,In Person,2021
1799,FREN3007,Intermediate French II,Second Semester,Undergraduate,6.0,In Person,2021
1800,FREN6506,Intermediate French II,Second Semester,Postgraduate,6.0,In Person,2021
1801,LATN2121,Intermediate Latin I,First Semester,Undergraduate,6.0,In Person,2021
1802,LATN6121,Intermediate Latin I,First Semester,Postgraduate,6.0,In Person,2021
1803,LATN2122,Intermediate Latin II,,Undergraduate,6.0,In Person,2021
1804,LATN6122,Intermediate Latin II,,Postgraduate,6.0,In Person,2021
1805,PERS6003,Intermediate Persian A,First Semester,Postgraduate,6.0,Online or In Person,2021
1806,PERS2003,Intermediate Persian A,First Semester,Undergraduate,6.0,Online or In Person,2021
1807,PERS2004,Intermediate Persian B,Second Semester,Undergraduate,6.0,Online or In Person,2021
1808,PERS6004,Intermediate Persian B,Second Semester,Postgraduate,6.0,Online or In Person,2021
1809,POLS4048,Intermediate Quantitative Research in Politics,,Undergraduate,6.0,In Person,2021
1810,POLS8048,Intermediate Quantitative Research in Politics,,Postgraduate,6.0,In Person,2021
1811,SPAN3001,Intermediate Spanish I,First Semester,Undergraduate,6.0,In Person,2021
1812,SPAN6507,Intermediate Spanish I,First Semester,Postgraduate,6.0,In Person,2021
1813,SPAN6508,Intermediate Spanish II (Language and Culture),Second Semester,Postgraduate,6.0,In Person,2021
1814,SPAN3012,Intermediate Spanish II (Language and Culture),Second Semester,Undergraduate,6.0,In Person,2021
1815,SPAN3022,Intermediate Spanish II (Language and Linguistics),,Undergraduate,6.0,In Person,2021
1816,SPAN6022,Intermediate Spanish II (Language and Linguistics),,Postgraduate,6.0,In Person,2021
1817,TURK6503,Intermediate Turkish A,,Postgraduate,6.0,In Person,2021
1818,TURK2001,Intermediate Turkish A,,Undergraduate,6.0,In Person,2021
1819,TURK2002,Intermediate Turkish B,,Undergraduate,6.0,In Person,2021
1820,TURK6504,Intermediate Turkish B,,Postgraduate,6.0,In Person,2021
1821,ASIA2110,International Affairs Internship,First Semester/Second Semester,Undergraduate,6.0,Online or In Person,2021
1822,LAWS8107,International Air and Space Law,,Postgraduate,6.0,In Person,2021
1823,LAWS4266,International Arbitration and Negotiation Moot Competition in Japan,Winter Session,Undergraduate,6.0,In Person,2021
1824,ARCH2059,International Archaeological Field School,,Undergraduate,6.0,In Person,2021
1825,ARCH2060,International Archaeological Field School Extension,,Undergraduate,6.0,In Person,2021
1826,LAWS8585,International Aviation Law,Winter Session,Postgraduate,6.0,Online or In Person,2021
1827,BUSI2025,International Business,First Semester/Second Semester,Undergraduate,6.0,In Person,2021
1828,BUSI4500,International Business Honours Thesis,First Semester/Second Semester,Undergraduate,6.0,In Person,2021
1829,BUSI7033,International Business Strategies,First Semester,Postgraduate,6.0,Online or In Person,2021
1830,EMDV8080,International Climate Change Policy and Economics,Second Semester,Postgraduate,6.0,Online or In Person,2021
1831,LAWS8180,International Climate Law,,Postgraduate,6.0,Online or In Person,2021
1832,LAWS8418,International Commercial Arbitration,Spring Session,Postgraduate,6.0,Online or In Person,2021
1833,POLS4012,International Cooperation,,Undergraduate,6.0,In Person,2021
1834,LAWS8566,International Criminal Law,,Postgraduate,6.0,In Person,2021
1835,LAWS4223,International Dispute Resolution,Winter Session,Undergraduate,6.0,In Person,2021
1836,LAWS8567,International Dispute Resolution,Spring Session,Postgraduate,6.0,Online or In Person,2021
1837,ECON3103,International Economics,First Semester,Undergraduate,6.0,In Person,2021
1838,ECON4415,International Economics,First Semester,Undergraduate,6.0,In Person,2021
1839,ECON8015,International Economics,First Semester,Postgraduate,6.0,In Person,2021
1840,ENVS6033,International Environmental Policy,Summer Session,Postgraduate,6.0,In Person,2021
1841,ENVS3033,International Environmental Policy,Summer Session,Undergraduate,6.0,In Person,2021
1842,ASIA8049,International History from Asia and the Pacific: Framing Critical Perspectives,,Postgraduate,6.0,Online or In Person,2021
1843,MGMT3025,International Human Resource Management,First Semester,Undergraduate,6.0,In Person,2021
1844,LAWS8268,International Humanitarian Law,,Postgraduate,6.0,In Person,2021
1845,INDG8006,International Indigenous Studies Research Project,Summer Session,Postgraduate,6.0,In Person,2021
1846,LAWS8136,International Intellectual Property Law,,Postgraduate,6.0,Online or In Person,2021
1847,LAWS8177,International Internship,First Semester/Second Semester,Postgraduate,24.0,In Person,2021
1848,LAWS8336,International Investment Treaty Law and Arbitration,Summer Session,Postgraduate,6.0,Online or In Person,2021
1849,LAWS4306,International Investment Treaty Law and Arbitration,,Undergraduate,6.0,Online or In Person,2021
1850,LAWS8330,International Labour Law,,Postgraduate,6.0,In Person,2021
1851,LAWS2250,International Law,Second Semester,Undergraduate,6.0,Online or In Person,2021
1852,LAWS6250,International Law,Second Semester,Postgraduate,6.0,Online or In Person,2021
1853,LAWS4302,International Law Clinic,First Semester/Second Semester,Undergraduate,6.0,In Person,2021
1854,LAWS6302,International Law Clinic,First Semester/Second Semester,Postgraduate,6.0,In Person,2021
1855,LAWS8297,International Law and Australian Government,,Postgraduate,6.0,In Person,2021
1856,LAWS8023,International Law and United Nations Peace Operations,,Postgraduate,6.0,In Person,2021
1857,LAWS8178,International Law and Use of Force,Autumn Session,Postgraduate,6.0,Online or In Person,2021
1858,LAWS4225,International Law of Human Rights,Spring Session,Undergraduate,6.0,Online or In Person,2021
1859,LAWS8264,International Law of The Environment,Spring Session,Postgraduate,6.0,Online or In Person,2021
1860,LAWS8229,International Law of World Trade,Autumn Session,Postgraduate,6.0,Online or In Person,2021
1861,LAWS4224,International Law of the Sea,Second Semester,Undergraduate,6.0,Online or In Person,2021
1862,BUSI3024,International Marketing,Second Semester,Undergraduate,6.0,In Person,2021
1863,DEMO8047,International Migration,,Postgraduate,6.0,In Person,2021
1864,ECON8009,International Monetary Economics,,Postgraduate,6.0,In Person,2021
1865,INTR8070,International Organisation,,Postgraduate,6.0,In Person,2021
1866,LAWS8458,International Organisations (Geneva),,Postgraduate,6.0,In Person,2021
1867,LAWS4258,International Organisations (Geneva),,Undergraduate,6.0,In Person,2021
1868,POLS2133,International Organisations in World Politics,First Semester,Undergraduate,6.0,Online or In Person,2021
1869,POGO8045,International Policy Making in the Shadow of the Future,Second Semester,Postgraduate,6.0,In Person,2021
1870,INTR8013,International Political Economy,First Semester,Postgraduate,6.0,In Person,2021
1871,LAWS8252,International Refugee Law,Spring Session,Postgraduate,6.0,Online or In Person,2021
1872,INTR8011,International Relations Theory,First Semester,Postgraduate,6.0,In Person,2021
1873,POLS4013,International Relations Theory,First Semester,Undergraduate,6.0,In Person,2021
1874,POLS3017,International Relations Theory,,Undergraduate,6.0,In Person,2021
1875,INTR2010,International Relations in the Asia-Pacific,First Semester,Undergraduate,6.0,In Person,2021
1876,INTR8022,International Relations in the Asia-Pacific,Second Semester,Postgraduate,6.0,In Person,2021
1877,LAWS8179,International Security Law,,Postgraduate,6.0,In Person,2021
1878,LAWS8026,International Security Law Research Project,First Semester,Postgraduate,12.0,In Person,2021
1879,LAWS6240,International Social Justice Clinic,,Postgraduate,6.0,In Person,2021
1880,BUSI3020,International Strategic Management,First Semester,Undergraduate,6.0,In Person,2021
1881,BUSI3030,International Supply Chain Management,First Semester,Undergraduate,6.0,In Person,2021
1882,POLS3036,International Terrorism,Second Semester,Undergraduate,6.0,In Person,2021
1883,LAWS4226,International Trade Law,Autumn Session,Undergraduate,6.0,Online or In Person,2021
1884,ECON8006,International Trade Theory,,Postgraduate,6.0,In Person,2021
1885,ECON4406,International Trade Theory,,Undergraduate,6.0,In Person,2021
1886,LAWS8234,International and Comparative Human Rights Law,Autumn Session,Postgraduate,6.0,Online or In Person,2021
1887,MUSC8004,Internship 1,Summer Session/First Semester/Autumn Session/Winter Session/Second Semester/Spring Session,Postgraduate,6.0,In Person,2021
1888,MUSC8005,Internship 2,Summer Session/First Semester/Autumn Session/Winter Session/Second Semester/Spring Session,Postgraduate,6.0,In Person,2021
1889,POLS8047,"Interpretation, Method, Critique: Interpretivist Methods in the Social Sciences",First Semester,Postgraduate,6.0,In Person,2021
1890,POLS4047,"Interpretation, Method, Critique: Interpretivist Methods in the Social Sciences",First Semester,Undergraduate,6.0,In Person,2021
1891,INTR8078,Interventions and Statebuilding: From Fragility to Resilience,,Postgraduate,6.0,In Person,2021
1892,ARTH6169,Introducing Asian Modernisms,,Postgraduate,6.0,In Person,2021
1893,ARTH2169,Introducing Asian Modernisms,,Undergraduate,6.0,In Person,2021
1894,ASIA9021,Introduction to Academic Skills for HDR Research - Part A,Autumn Session,Postgraduate,3.0,In Person,2021
1895,ASIA9022,Introduction to Academic Skills for HDR Research - Part B,Spring Session,Postgraduate,3.0,In Person,2021
1896,ARCH8032,Introduction to Archaeological and Evolutionary Science,First Semester,Postgraduate,12.0,In Person,2021
1897,ASIA1035,Introduction to Asian Politics,First Semester,Undergraduate,6.0,In Person,2021
1898,STAT3016,Introduction to Bayesian Data Analysis,Second Semester,Undergraduate,6.0,In Person,2021
1899,STAT4116,Introduction to Bayesian Data Analysis,Second Semester,Undergraduate,6.0,In Person,2021
1900,STAT7016,Introduction to Bayesian Data Analysis,Second Semester,Postgraduate,6.0,In Person,2021
1901,POPH8552,Introduction to Clinical Epidemiology,,Postgraduate,6.0,Online,2021
1902,BUSN1101,Introduction to Commercial Law,Second Semester,Undergraduate,6.0,In Person,2021
1903,CRIM6014,Introduction to Crime Science,,Postgraduate,6.0,In Person,2021
1904,CRIM2014,Introduction to Crime Science,,Undergraduate,6.0,In Person,2021
1905,HUMN2051,Introduction to Cultural Heritage Management,First Semester,Undergraduate,6.0,In Person,2021
1906,HUMN6051,Introduction to Cultural Heritage Management,First Semester,Postgraduate,6.0,In Person,2021
1907,COMP2420,"Introduction to Data Management, Analysis and Security",First Semester,Undergraduate,6.0,In Person,2021
1908,COMP6420,"Introduction to Data Management, Analysis and Security",First Semester,Postgraduate,6.0,In Person,2021
1909,COMP7240,Introduction to Database Concepts,Autumn Session,Postgraduate,6.0,In Person,2021
1910,HUMN6001,"Introduction to Digital Humanities and Public Culture - Tools, Theories and Methods",Second Semester,Postgraduate,6.0,In Person,2021
1911,HUMN2001,"Introduction to Digital Humanities and Public Culture -&nbsp;Tools, Theories and Methods",Second Semester,Undergraduate,6.0,In Person,2021
1912,ENGN1218,Introduction to Electronics,Second Semester,Undergraduate,6.0,In Person,2021
1913,ARCH2041,Introduction to Environmental Archaeology,Second Semester,Undergraduate,6.0,In Person,2021
1914,ARCH6041,Introduction to Environmental Archaeology,Second Semester,Postgraduate,6.0,In Person,2021
1915,EMDV8078,Introduction to Environmental and Resource Economics,First Semester,Postgraduate,6.0,In Person,2021
1916,ENVS1003,Introduction to Environmental and Social Research,First Semester,Undergraduate,6.0,In Person,2021
1917,ENVS6103,Introduction to Environmental and Social Research,First Semester,Postgraduate,6.0,In Person,2021
1918,PHIL1008,Introduction to Ethics,First Semester,Undergraduate,6.0,In Person,2021
1919,MUSI1113,Introduction to Ethnomusicology,First Semester,Undergraduate,6.0,In Person,2021
1920,PSYC2011,Introduction to Forensic and Criminal Psychology,Second Semester,Undergraduate,6.0,In Person,2021
1921,MATH2242,Introduction to Geometry: Curves and Surfaces,,Undergraduate,6.0,In Person,2021
1922,MATH6242,Introduction to Geometry: Curves and Surfaces,,Postgraduate,6.0,In Person,2021
1923,EMSC2022,Introduction to Global Geophysics,First Semester,Undergraduate,6.0,In Person,2021
1924,EMSC6122,Introduction to Global Geophysics,First Semester,Postgraduate,6.0,In Person,2021
1925,HLTH2002,"Introduction to Global Health: Issues, Theories and Practices",Second Semester,Undergraduate,6.0,In Person,2021
1926,POPH8103,Introduction to Health Services Research and Policy,First Semester,Postgraduate,6.0,Online or In Person,2021
1927,HUMN2000,Introduction to Heritage and Museum Studies,Second Semester,Undergraduate,6.0,In Person,2021
1928,ANTH8056,Introduction to Humanitarian Action,First Semester,Postgraduate,6.0,Online or In Person,2021
1929,POLS1006,Introduction to International Relations:  Contemporary Global Issues,First Semester,Undergraduate,6.0,In Person,2021
1930,POLS1005,Introduction to International Relations: Foundations and Concepts,Second Semester,Undergraduate,6.0,In Person,2021
1931,BAPA1004,Introduction to International Security Studies,Autumn Session,Undergraduate,6.0,In Person,2021
1932,STST1001,Introduction to International Security Studies,First Semester,Undergraduate,6.0,In Person,2021
1933,LAWS8001,"Introduction to Law, Governance and Development",Summer Session,Postgraduate,6.0,Online or In Person,2021
1934,ENGL3008,Introduction to Literary Theory,Second Semester,Undergraduate,6.0,In Person,2021
1935,ENGL6008,Introduction to Literary Theory,Second Semester,Postgraduate,6.0,In-Person and Online,2021
1936,COMP6670,Introduction to Machine Learning,Second Semester,Postgraduate,6.0,In Person,2021
1937,COMP3670,Introduction to Machine Learning,Second Semester,Undergraduate,6.0,In Person,2021
1938,MATH2222,Introduction to Mathematical Thinking: Problem-Solving and Proofs,First Semester,Undergraduate,6.0,In Person,2021
1939,MATH6222,Introduction to Mathematical Thinking: Problem-Solving and Proofs,First Semester,Postgraduate,6.0,In Person,2021
1940,ENGN1217,Introduction to Mechanics,Second Semester,Undergraduate,6.0,In Person,2021
1941,MUSI6110,Introduction to Music Technology,First Semester/Second Semester,Postgraduate,6.0,In Person,2021
1942,MUSI1110,Introduction to Music Technology,First Semester/Second Semester,Undergraduate,6.0,In Person,2021
1943,EMSC4706,Introduction to Natural Hazards,First Semester,Undergraduate,6.0,In Person,2021
1944,EMSC8706,Introduction to Natural Hazards,First Semester,Postgraduate,6.0,In Person,2021
1945,POLS1002,Introduction to Politics,First Semester,Undergraduate,6.0,In Person,2021
1946,POPH3000,Introduction to Population Health,Second Semester,Undergraduate,6.0,In Person,2021
1947,COMP7230,Introduction to Programming for Data Scientists,Winter Session,Postgraduate,6.0,Online or In Person,2021
1948,SOCY2043,Introduction to Qualitative Research Methods,Second Semester,Undergraduate,6.0,In Person,2021
1949,BIOL2001,Introduction to Quantitative Biology,First Semester,Undergraduate,6.0,In Person,2021
1950,BIOL6200,Introduction to Quantitative Biology,First Semester,Postgraduate,6.0,In Person,2021
1951,SOCY2038,Introduction to Quantitative Research Methods,First Semester,Undergraduate,6.0,In Person,2021
1952,PASI9001,Introduction to Research in the Pacific: Methods and Research Design,,Postgraduate,6.0,In Person,2021
1953,SCRN1001,Introduction to Screen Studies,Second Semester,Undergraduate,6.0,In Person,2021
1954,ASIA9044,Introduction to Sinological Methods,Second Semester,Postgraduate,6.0,In Person,2021
1955,SOCR8201,Introduction to Social Science Methods and Types of Data,Autumn Session/Second Semester,Postgraduate,6.0,Online or In Person,2021
1956,SPAN1001,Introduction to Spanish I,First Semester,Undergraduate,6.0,In Person,2021
1957,SPAN6501,Introduction to Spanish I,First Semester,Postgraduate,6.0,In Person,2021
1958,SPAN6502,Introduction to Spanish II,Second Semester,Postgraduate,6.0,In Person,2021
1959,SPAN1002,Introduction to Spanish II,Second Semester,Undergraduate,6.0,Online or In Person,2021
1960,STAT7004,Introduction to Stochastic Processes,Second Semester,Postgraduate,6.0,In Person,2021
1961,STAT2005,Introduction to Stochastic Processes,Second Semester,Undergraduate,6.0,In Person,2021
1962,ENGN8100,Introduction to Systems Engineering,First Semester,Postgraduate,6.0,In Person,2021
1963,INDG6005,Introduction to an Australian Indigenous  Language,,Postgraduate,6.0,Online or In Person,2021
1964,INDG2005,Introduction to an Australian Indigenous Language,,Undergraduate,6.0,Online or In Person,2021
1965,MEAS1001,Introduction to the Modern Middle East,First Semester,Undergraduate,6.0,In Person,2021
1966,LING1001,Introduction to the Study of Language,First Semester,Undergraduate,6.0,In Person,2021
1967,LING6001,Introduction to the Study of Language,First Semester,Postgraduate,6.0,In Person,2021
1968,ARAB1002,Introductory Arabic 1,First Semester,Undergraduate,6.0,Online or In Person,2021
1969,ARAB6102,Introductory Arabic 1,First Semester,Postgraduate,6.0,Online or In Person,2021
1970,ARAB6103,Introductory Arabic 2,Second Semester,Postgraduate,6.0,Online or In Person,2021
1971,ARAB1003,Introductory Arabic 2,Second Semester,Undergraduate,6.0,Online or In Person,2021
1972,FREN1003,Introductory French I,First Semester,Undergraduate,6.0,In Person,2021
1973,FREN6501,Introductory French I,First Semester,Postgraduate,6.0,In Person,2021
1974,FREN6502,Introductory French II,Second Semester,Postgraduate,6.0,In Person,2021
1975,FREN1004,Introductory French II,Second Semester,Undergraduate,6.0,In Person,2021
1976,STAT2001,Introductory Mathematical Statistics,First Semester/Second Semester,Undergraduate,6.0,In Person,2021
1977,STAT2013,Introductory Mathematical Statistics for Actuarial Studies,First Semester/Second Semester,Undergraduate,6.0,In Person,2021
1978,PERS6001,Introductory Persian A,First Semester,Postgraduate,6.0,In Person,2021
1979,PERS1001,Introductory Persian A,First Semester,Undergraduate,6.0,Online or In Person,2021
1980,PERS6002,Introductory Persian B,Second Semester,Postgraduate,6.0,Online or In Person,2021
1981,PERS1002,Introductory Persian B,Second Semester,Undergraduate,6.0,Online or In Person,2021
1982,PORT1001,Introductory Portuguese I,First Semester,Undergraduate,6.0,In Person,2021
1983,PORT6501,Introductory Portuguese I,First Semester,Postgraduate,6.0,In Person,2021
1984,PORT6502,Introductory Portuguese II,Second Semester,Postgraduate,6.0,In Person,2021
1985,PORT1002,Introductory Portuguese II,Second Semester,Undergraduate,6.0,In Person,2021
1986,STAT7055,Introductory Statistics for Business and Finance,First Semester/Second Semester/Spring Session,Postgraduate,6.0,In Person,2021
1987,ACST4033,Investment and Asset Modelling,,Undergraduate,6.0,In Person,2021
1988,ACST8033,Investment and Asset Modelling,,Postgraduate,6.0,In Person,2021
1989,FINM2003,Investments,First Semester/Second Semester,Undergraduate,6.0,In Person,2021
1990,MEAS6004,Iran in World Politics,Second Semester,Postgraduate,6.0,In Person,2021
1991,MEAS3004,Iran in World Politics,Second Semester,Undergraduate,6.0,In Person,2021
1992,MEAS2000,Iranian History and Culture,First Semester,Undergraduate,6.0,In Person,2021
1993,MEAS1002,Islam : History and Institutions,Second Semester,Undergraduate,6.0,In Person,2021
1994,MEAS8127,Islam and Sectarianism in the Middle East,First Semester,Postgraduate,6.0,In Person,2021
1995,MEAS8118,Islam in Australia,,Postgraduate,6.0,In Person,2021
1996,MEAS4117,Islam in Central Asia,,Undergraduate,6.0,In Person,2021
1997,MEAS8117,Islam in Central Asia,,Postgraduate,6.0,In Person,2021
1998,ASIA2165,Islam in Southeast Asia,Second Semester,Undergraduate,6.0,In Person,2021
1999,ASIA6165,Islam in Southeast Asia,Second Semester,Postgraduate,6.0,In Person,2021
2000,MEAS4115,Islam in World Politics,Second Semester,Undergraduate,6.0,In Person,2021
2001,MEAS8115,Islam in World Politics,Second Semester,Postgraduate,6.0,In Person,2021
2002,INTR8058,"Islam, Politics and Conflict in Southeast Asia",,Postgraduate,6.0,In Person,2021
2003,POLS4058,"Islam, Politics and Conflict in Southeast Asia",,Undergraduate,6.0,In Person,2021
2004,MEAS4111,"Islam, The West and International Terrorism",First Semester,Undergraduate,6.0,Online,2021
2005,MEAS8111,"Islam, the West and International Terrorism",First Semester,Postgraduate,6.0,Online,2021
2006,MEAS8124,Islamic Banking: Debates and Development,,Postgraduate,6.0,In Person,2021
2007,MEAS4102,Islamic Radicalism,Winter Session,Undergraduate,6.0,In Person,2021
2008,MEAS8102,Islamic Radicalism,Winter Session,Postgraduate,6.0,In Person,2021
2009,ENVS2005,Island Sustainable Development: Fiji Field School,,Undergraduate,6.0,In Person,2021
2010,ENVS6205,Island Sustainable Development: Fiji Field School,,Postgraduate,6.0,In Person,2021
2011,INTR8071,Issues and Concepts in International Relations,First Semester/Second Semester,Postgraduate,12.0,In Person,2021
2012,IDEC8030,Issues in Applied Macroeconomics,Second Semester,Postgraduate,6.0,In Person,2021
2013,IDEC8029,Issues in Applied Microeconomics,First Semester,Postgraduate,6.0,In Person,2021
2014,INTR8017,Issues in Australian Foreign Policy,Second Semester,Postgraduate,6.0,In Person,2021
2015,PSYC2595,Issues in Contemporary Clinical Psychology,,Undergraduate,6.0,In Person,2021
2016,ARTH6167,Issues in Contemporary Craft and Design,,Postgraduate,6.0,In Person,2021
2017,ARTH2167,Issues in Contemporary Craft and Design,,Undergraduate,6.0,In Person,2021
2018,IDEC8003,Issues in Development Policy,First Semester,Postgraduate,6.0,In Person,2021
2019,POLS2094,Issues in International Political Economy,Second Semester,Undergraduate,6.0,Online or In Person,2021
2020,POGO8220,Issues in Japanese Policy,Winter Session,Postgraduate,6.0,In Person,2021
2021,ASIA3027,Issues in Japanese Policy in their global context,Winter Session,Undergraduate,6.0,In Person,2021
2022,MEAS8108,Issues of Development in the Middle East,Winter Session,Postgraduate,6.0,In Person,2021
2023,ITAL2006,Italian Studies - Continuing 2,Second Semester,Undergraduate,6.0,In Person,2021
2024,ITAL6505,Italian Studies - Intermediate 1,First Semester,Postgraduate,6.0,In Person,2021
2025,ITAL3505,Italian Studies - Intermediate I,First Semester,Undergraduate,6.0,In Person,2021
2026,ITAL6506,Italian Studies - Intermediate II,Second Semester,Postgraduate,6.0,In Person,2021
2027,ITAL3506,Italian Studies - Intermediate II,Second Semester,Undergraduate,6.0,In Person,2021
2028,ITAL1003,Italian Studies - Introductory 2,Second Semester,Undergraduate,6.0,In Person,2021
2029,ITAL6501,Italian Studies - Introductory I,First Semester,Postgraduate,6.0,In Person,2021
2030,ITAL1002,Italian Studies - Introductory I,First Semester,Undergraduate,6.0,In Person,2021
2031,ITAL2005,Italian Studies Continuing 1,First Semester,Undergraduate,6.0,In Person,2021
2032,ITAL6503,Italian Studies Continuing 1,First Semester,Postgraduate,6.0,In Person,2021
2033,ITAL6504,Italian Studies Continuing II,Second Semester,Postgraduate,6.0,In Person,2021
2034,ITAL6502,Italian Studies Introductory 2,Second Semester,Postgraduate,6.0,In Person,2021
2035,SCRN2020,Italy on Screen,,Undergraduate,6.0,In Person,2021
2036,ITAL3020,Italy on Screen,,Undergraduate,6.0,In Person,2021
2037,GEND2074,Jane Austen History and Fiction,,Undergraduate,6.0,In Person,2021
2038,ENGL2074,Jane Austen History and Fiction,,Undergraduate,6.0,In Person,2021
2039,ENGL6023,Jane Austen History and Fiction,,Postgraduate,6.0,In Person,2021
2040,INTR8063,"Japan and the World: Politics, Identity and Security",,Postgraduate,6.0,In Person,2021
2041,JPNS6513,Japanese - English Translation,Second Semester,Postgraduate,6.0,In Person,2021
2042,JPNS3013,Japanese - English Translation,Second Semester,Undergraduate,6.0,In Person,2021
2043,JPNS6112,Japanese 1: Spoken,First Semester,Postgraduate,6.0,Online or In Person,2021
2044,JPNS1012,Japanese 1: Spoken,First Semester,Undergraduate,6.0,In Person,2021
2045,JPNS6114,Japanese 1: Written,First Semester,Postgraduate,6.0,In Person,2021
2046,JPNS1014,Japanese 1: Written,First Semester,Undergraduate,6.0,In Person,2021
2047,JPNS6113,Japanese 2: Spoken,Second Semester,Postgraduate,6.0,Online or In Person,2021
2048,JPNS2003,Japanese 2: Spoken,Second Semester,Undergraduate,6.0,Online or In Person,2021
2049,JPNS2005,Japanese 2: Written,Second Semester,Undergraduate,6.0,In Person,2021
2050,JPNS6115,Japanese 2: Written,Second Semester,Postgraduate,6.0,In Person,2021
2051,JPNS2012,Japanese 3,First Semester,Undergraduate,6.0,Online or In Person,2021
2052,JPNS6012,Japanese 3,First Semester,Postgraduate,6.0,In Person,2021
2053,JPNS6013,Japanese 4,Second Semester,Postgraduate,6.0,In Person,2021
2054,JPNS2013,Japanese 4,Second Semester,Undergraduate,6.0,In Person,2021
2055,JPNS3001,Japanese 5,First Semester,Undergraduate,6.0,In Person,2021
2056,JPNS6014,Japanese 5,First Semester,Postgraduate,6.0,In Person,2021
2057,JPNS6015,Japanese 6,Second Semester,Postgraduate,6.0,In Person,2021
2058,JPNS3002,Japanese 6,Second Semester,Undergraduate,6.0,In Person,2021
2059,ECON2008,Japanese Economy and Economic Policy,,Undergraduate,6.0,In Person,2021
2060,ECON8008,Japanese Economy and Economic Policy,,Postgraduate,6.0,In Person,2021
2061,INTR2018,Japanese Foreign and Security Policy,First Semester,Undergraduate,6.0,In Person,2021
2062,JPNS2024,Japanese Grammar and Expressions,First Semester,Undergraduate,6.0,In Person,2021
2063,JPNS6024,Japanese Grammar and Expressions,First Semester,Postgraduate,6.0,In Person,2021
2064,LAWS4227,Japanese Law and Society,,Undergraduate,6.0,In Person,2021
2065,LING6028,Japanese Linguistics,Second Semester,Postgraduate,6.0,Online or In Person,2021
2066,LING2028,Japanese Linguistics,Second Semester,Undergraduate,6.0,In Person,2021
2067,ASIA2031,Japanese Politics,Second Semester,Undergraduate,6.0,In Person,2021
2068,ASIA6031,Japanese Politics,Second Semester,Postgraduate,6.0,In Person,2021
2069,ASIA2058,"Japanese Popular Culture: Manga, Anime, Film & the Visual Arts",Second Semester,Undergraduate,6.0,In Person,2021
2070,JPNS1002,Japanese Secondary Extension - Advanced,First Semester/Second Semester,Undergraduate,6.0,In Person,2021
2071,JPNS1001,Japanese Secondary Extension - Continuing,First Semester/Second Semester,Undergraduate,6.0,In Person,2021
2072,COMP2140,Java Programming,,Undergraduate,6.0,In Person,2021
2073,LAWS4010,Jessup Moot,Summer Session,Undergraduate,6.0,In Person,2021
2074,LAWS6010,Jessup Moot,Summer Session,Postgraduate,6.0,In Person,2021
2075,ARTV2410,Jewellery & Object: Experimenting with process,,Undergraduate,6.0,In Person,2021
2076,ARTV2421,Jewellery & Object: Hollow Construction,,Undergraduate,6.0,In Person,2021
2077,ARTV1403,Jewellery & Object: Introduction to Precise Miniature Construction,Second Semester,Undergraduate,6.0,In Person,2021
2078,ARTV1404,"Jewellery & Object: Maker, Wearer, Viewer, User",,Undergraduate,6.0,In Person,2021
2079,ARTV2401,Jewellery & Object: Making with machines,Second Semester,Undergraduate,6.0,In Person,2021
2080,ARTV2402,Jewellery & Object: Utility as Context,First Semester,Undergraduate,6.0,In Person,2021
2081,BUSN8200,Judgement and Decision Making Research in Accounting,First Semester,Postgraduate,6.0,In Person,2021
2082,LAWS8141,Judicial Review of Government Action,Winter Session,Postgraduate,6.0,Online or In Person,2021
2083,ANTH8007,Key Concepts in Anthropology of Development,Second Semester,Postgraduate,6.0,Online or In Person,2021
2084,LAWS6313,Kimberley Aboriginal Justice Clinic,,Postgraduate,6.0,In Person,2021
2085,LAWS4313,Kimberley Aboriginal Justice Clinic,,Undergraduate,6.0,In Person,2021
2086,KORE6120,Korean 1,First Semester,Postgraduate,6.0,In Person,2021
2087,KORE1020,Korean 1,First Semester,Undergraduate,6.0,In Person,2021
2088,KORE6121,Korean 2,Second Semester,Postgraduate,6.0,In Person,2021
2089,KORE1021,Korean 2,Second Semester,Undergraduate,6.0,In Person,2021
2090,KORE2521,Korean 3,First Semester,Undergraduate,6.0,In Person,2021
2091,KORE6521,Korean 3,First Semester,Postgraduate,6.0,In Person,2021
2092,KORE2522,Korean 4,Second Semester,Undergraduate,6.0,In Person,2021
2093,KORE6522,Korean 4,Second Semester,Postgraduate,6.0,In Person,2021
2094,KORE6512,Korean 5,First Semester,Postgraduate,6.0,In Person,2021
2095,KORE3012,Korean 5,First Semester,Undergraduate,6.0,In Person,2021
2096,KORE6513,Korean 6,Second Semester,Postgraduate,6.0,In Person,2021
2097,KORE3013,Korean 6,Second Semester,Undergraduate,6.0,In Person,2021
2098,KORE1201,Korean Beginning Secondary - Extension,First Semester/Second Semester,Undergraduate,6.0,In Person,2021
2099,KORE1202,Korean Continuing Secondary - Extension,First Semester/Second Semester,Undergraduate,6.0,In Person,2021
2100,LAWS4171,Kyoto Seminar: Japanese Law and Society,,Undergraduate,6.0,In Person,2021
2101,LAWS8171,Kyoto Seminar: Japanese Law and Society,,Postgraduate,6.0,In Person,2021
2102,ECON4441,Labour Economics & Industrial Relations,First Semester,Undergraduate,6.0,In Person,2021
2103,ECON8041,Labour Economics and Industrial Relations,First Semester,Postgraduate,6.0,In Person,2021
2104,ECON2009,Labour Economics and Industrial Relations(P),First Semester,Undergraduate,6.0,In Person,2021
2105,LAWS8428,Labour Law,,Postgraduate,6.0,In Person,2021
2106,LAWS4228,Labour Law,Second Semester,Undergraduate,6.0,Online or In Person,2021
2107,ANTH8047,Land Rights and Resource Development,First Semester,Postgraduate,6.0,Online or In Person,2021
2108,ANTH8044,Land Rights and Resource Development (Advanced),First Semester,Postgraduate,12.0,Online or In Person,2021
2109,ENVS3004,Land and Catchment Management,Second Semester,Undergraduate,6.0,In Person,2021
2110,ENVS6304,Land and Catchment Management,Second Semester,Postgraduate,6.0,In Person,2021
2111,LAWS8280,"Land, Water and Biodiversity",Winter Session,Postgraduate,6.0,Online or In Person,2021
2112,LING6005,Language Across Time,Second Semester,Postgraduate,6.0,In Person,2021
2113,LING2005,Language Across Time,Second Semester,Undergraduate,6.0,In Person,2021
2114,LING6022,Language Policy and Language Politics,,Postgraduate,6.0,In Person,2021
2115,LING2022,Language Policy and Language Politics,,Undergraduate,6.0,In Person,2021
2116,LING6311,Language and Social Interaction,,Postgraduate,6.0,In Person,2021
2117,LING2106,Language and Social Interaction,,Undergraduate,6.0,In Person,2021
2118,LING1002,Language and Society,Second Semester,Undergraduate,6.0,In Person,2021
2119,LING6002,Language and Society,Second Semester,Postgraduate,6.0,In Person,2021
2120,LING2016,Language and Society in Indigenous Australia,Winter Session,Undergraduate,6.0,In Person,2021
2121,LING6016,Language and Society in Indigenous Australia,Winter Session,Postgraduate,6.0,In Person,2021
2122,LING2027,Language and Society in Latin America,,Undergraduate,6.0,In Person,2021
2123,LANG3004,Language and Society in Latin America,,Undergraduate,6.0,In Person,2021
2124,LANG6004,Language and Society in Latin America,,Postgraduate,6.0,In Person,2021
2125,LING6027,Language and Society in Latin America,,Postgraduate,6.0,In Person,2021
2126,ASIA2001,Language in Asia and the Pacific,First Semester,Undergraduate,6.0,In Person,2021
2127,ASIA8051,Language in Asia and the Pacific,First Semester,Postgraduate,6.0,In Person,2021
2128,ASIA2103,Language in Asia and the Pacific (L),,Undergraduate,6.0,In Person,2021
2129,LING6015,"Language, Culture and Translation",Second Semester,Postgraduate,6.0,In Person,2021
2130,LING2015,"Language, Culture, Translation",Second Semester,Undergraduate,6.0,In Person,2021
2131,LING6018,Languages in Contact,,Postgraduate,6.0,In Person,2021
2132,LING2018,Languages in Contact,,Undergraduate,6.0,In Person,2021
2133,HIST2230,Latin America: Conquest and Colonisation,,Undergraduate,6.0,In Person,2021
2134,LAWS8570,Law & Economics of Regulation,,Postgraduate,6.0,In Person,2021
2135,LAWS6700,Law Capstone Project,First Semester/Second Semester,Postgraduate,6.0,Online or In Person,2021
2136,LAWS6230,Law Internship,Summer Session/First Semester/Winter Session/Second Semester,Postgraduate,6.0,Online or In Person,2021
2137,LAWS4230,Law Internship,Summer Session/First Semester/Winter Session/Second Semester,Undergraduate,6.0,Online or In Person,2021
2138,LAWS4270,Law Reform,,Undergraduate,6.0,In Person,2021
2139,LAWS4239,Law and Armed Conflict,,Undergraduate,6.0,In Person,2021
2140,LAWS4231,Law and Art: Representation and Critique,,Undergraduate,6.0,In Person,2021
2141,LAWS8006,Law and Development in the Contemporary South Pacific,Autumn Session,Postgraduate,6.0,Online or In Person,2021
2142,LAWS4315,Law and Development in the Contemporary South Pacific,,Undergraduate,6.0,Online or In Person,2021
2143,ECON4447,Law and Economics,,Undergraduate,6.0,In Person,2021
2144,ECON8047,Law and Economics,,Postgraduate,6.0,In Person,2021
2145,LAWS8228,Law and Economics,,Postgraduate,6.0,In Person,2021
2146,ECON2120,Law and Economics(P),,Undergraduate,6.0,In Person,2021
2147,PASI8312,Law and Justice in the Pacific,,Postgraduate,3.0,Online or In Person,2021
2148,LAWS8586,Law and Legal Institutions,Summer Session/Winter Session,Postgraduate,6.0,Online or In Person,2021
2149,LEGM8324,"Law and Organising for Reform, Justice and Inclusion",,Postgraduate,6.0,Online,2021
2150,LAWS4279,Law and Politics of European Integration,Summer Session,Undergraduate,6.0,Online or In Person,2021
2151,LAWS4260,Law and Psychology,,Undergraduate,6.0,In Person,2021
2152,LAWS8460,Law and Psychology,,Postgraduate,6.0,In Person,2021
2153,LAWS8034,Law and Regulation,,Postgraduate,6.0,In Person,2021
2154,LAWS4256,Law and Sexualities,Winter Session,Undergraduate,6.0,Online or In Person,2021
2155,LAWS8069,Law and Society in South Asia,,Postgraduate,6.0,In Person,2021
2156,LAWS8594,Law and Society in South East Asia,First Semester,Postgraduate,6.0,Online or In Person,2021
2157,LAWS4229,Law and Society in South East Asia,First Semester,Undergraduate,6.0,Online or In Person,2021
2158,LAWS8480,Law and the Humanities,,Postgraduate,6.0,In Person,2021
2159,LAWS4280,Law and the Humanities,,Undergraduate,6.0,In Person,2021
2160,BUSN2101,Law of Business Entities,First Semester,Undergraduate,6.0,In Person,2021
2161,LAWS8253,Law of The Sea,Winter Session,Postgraduate,6.0,Online or In Person,2021
2162,LEGM8326,"Law, Lawyers, Justice - Regional, Rural, Remote",,Postgraduate,6.0,Online,2021
2163,LAWS4317,"Law, Lawyers, Justice - Regional, Rural, Remote",,Undergraduate,6.0,Online,2021
2164,LAWS1202,Lawyers Justice and Ethics,Second Semester,Undergraduate,6.0,Online or In Person,2021
2165,LAWS6102,"Lawyers, Justice and Ethics",Second Semester,Postgraduate,6.0,Online or In Person,2021
2166,MGMT3021,Leadership,Second Semester,Undergraduate,6.0,In Person,2021
2167,STST8117,Leadership Theory,Autumn Session,Postgraduate,6.0,In Person,2021
2168,MGMT7062,Leadership and Delivering Societal Impact,Second Semester,Postgraduate,6.0,In Person,2021
2169,DIPL2000,Leadership and Diplomacy,First Semester,Undergraduate,6.0,In Person,2021
2170,VCPG6003,Leadership and Influence in a Complex World,First Semester,Postgraduate,6.0,In Person,2021
2171,VCUG2002,Leadership and Influence in a Complex World,First Semester,Undergraduate,6.0,In Person,2021
2172,POGO8111,Leadership and Organisational Analysis,,Postgraduate,6.0,In Person,2021
2173,NSPO8012,"Leadership, Risk and National Security Crisis Management",First Semester,Postgraduate,6.0,In Person,2021
2174,MGMT8270,Leading People and Change,First Semester/Second Semester,Postgraduate,6.0,Online or In Person,2021
2175,POGO8067,Leading Public Sector Change,Summer Session,Postgraduate,6.0,In Person,2021
2176,MGMT7029,Leading Through Change,,Postgraduate,6.0,In Person,2021
2177,POGO8505,Leading and Influencing Public Policy,Autumn Session,Postgraduate,6.0,In Person,2021
2178,POGO8231,Leading in Public Administration,,Postgraduate,3.0,In Person,2021
2179,CHIN2525,Learning Language Locally: China,,Undergraduate,6.0,In Person,2021
2180,CHIN6526,Learning Language Locally: China,,Postgraduate,6.0,In Person,2021
2181,HIND6525,Learning Language Locally: India,,Postgraduate,6.0,In Person,2021
2182,HIND2525,Learning Language Locally: India,,Undergraduate,6.0,In Person,2021
2183,INDN2525,Learning Language Locally: Indonesia,,Undergraduate,6.0,In Person,2021
2184,INDN6525,Learning Language Locally: Indonesia,,Postgraduate,6.0,In Person,2021
2185,JPNS2525,Learning Language Locally: Japan,Summer Session,Undergraduate,6.0,In Person,2021
2186,JPNS6525,Learning Language Locally: Japan,Summer Session,Postgraduate,6.0,In Person,2021
2187,KORE2525,Learning Language Locally: Korea,,Undergraduate,6.0,In Person,2021
2188,KORE6525,Learning Language Locally: Korea,,Postgraduate,6.0,In Person,2021
2189,AUST1001,Learning an Indigenous Australian Language,,Undergraduate,6.0,Online or In Person,2021
2190,LAWS8408,Legal App Development,Autumn Session,Postgraduate,6.0,Online or In Person,2021
2191,LAWS8337,Legal Education for True Justice: Indigenous Perspectives and Deep Listening on Country,,Postgraduate,6.0,In Person,2021
2192,LAWS4307,Legal Education for True Justice: Indigenous Perspectives and Deep Listening on Country,Second Semester,Undergraduate,6.0,Online or In Person,2021
2193,LAWS6307,Legal Education for True Justice: Indigenous Perspectives and Deep Listening on Country,Second Semester,Postgraduate,6.0,Online or In Person,2021
2194,LEGM8319,Legal Entrepreneur,,Postgraduate,6.0,Online,2021
2195,LEGW8101,Legal Ethics,,Postgraduate,3.0,In Person,2021
2196,LAWS8587,Legal Framework of Regulation,Winter Session,Postgraduate,6.0,Online or In Person,2021
2197,LEGW8131,Legal Practice Experience,Summer Session/Autumn Session/Winter Session/Spring Session,Postgraduate,6.0,In Person,2021
2198,LEGW8143,Legal Practice Experience,,Postgraduate,3.0,In Person,2021
2199,LEGW8151,Legal Practice Experience,Summer Session/Autumn Session/Winter Session/Spring Session,Postgraduate,6.0,In Person,2021
2200,LEGW8134,Legal Practice Experience,Summer Session/Autumn Session/Winter Session/Spring Session,Postgraduate,3.0,In Person,2021
2201,LEGW8129,Legal Practice Experience,Summer Session/Autumn Session/Winter Session/Spring Session,Postgraduate,12.0,In Person,2021
2202,LEGW8130,Legal Practice Experience,Summer Session/Autumn Session/Winter Session/Spring Session,Postgraduate,9.0,In Person,2021
2203,LEGW8150,Legal Practice Experience,Summer Session/Autumn Session/Winter Session/Spring Session,Postgraduate,9.0,In Person,2021
2204,LAWS2249,Legal Theory,Second Semester,Undergraduate,6.0,Online or In Person,2021
2205,LAWS6249,Legal Theory,Second Semester,Postgraduate,6.0,Online or In Person,2021
2206,LAWS8104,Legislation and Legislative Drafting,Spring Session,Postgraduate,6.0,Online or In Person,2021
2207,LAWS8451,Legislative Drafting and Technology,,Postgraduate,6.0,In Person,2021
2208,PHIL2289,"Leviathan, Art and Law: Constituting the Body Politic",,Undergraduate,6.0,In Person,2021
2209,LAWS4289,"Leviathan, Art, and Law: Constituting the Body Politic",,Undergraduate,6.0,Online or In Person,2021
2210,ASIA6145,"Lies, Conspiracies and Propaganda",First Semester,Postgraduate,6.0,In Person,2021
2211,ASIA2045,"Lies, Conspiracy and Propaganda",First Semester,Undergraduate,6.0,In Person,2021
2212,STAT3037,Life Contingencies,Second Semester,Undergraduate,6.0,In Person,2021
2213,STAT6043,Life Contingencies,Second Semester,Postgraduate,6.0,In Person,2021
2214,DEMO4092,Life Course Analytics,,Undergraduate,6.0,In Person,2021
2215,DEMO8092,Life Course Analytics,First Semester,Postgraduate,6.0,Online or In Person,2021
2216,POPH8918,Life Course Approaches to Human Ageing,,Postgraduate,6.0,Online or In Person,2021
2217,PHYS1004,Life Physics,Second Semester,Undergraduate,6.0,In Person,2021
2218,ASIA6308,Linguistic Histories in Asia and the Pacific,,Postgraduate,6.0,In Person,2021
2219,ASIA2308,Linguistic Histories in Asia and the Pacific,,Undergraduate,6.0,In Person,2021
2220,ASIA2100,Linguistic Histories in Asia and the Pacific (L),,Undergraduate,6.0,In Person,2021
2221,LING9045,Linguistic theory and practice,First Semester/Second Semester,Postgraduate,6.0,In Person,2021
2222,CHIN6530,Literary Chinese 1,First Semester,Postgraduate,6.0,In Person,2021
2223,CHIN2019,Literary Chinese 1,First Semester,Undergraduate,6.0,In Person,2021
2224,CHIN2021,Literary Chinese 2,Second Semester,Undergraduate,6.0,In Person,2021
2225,CHIN6531,Literary Chinese 2,Second Semester,Postgraduate,6.0,In Person,2021
2226,ASIA6040,Literary and Cultural Discourse in Modern Japan,Second Semester,Postgraduate,6.0,In Person,2021
2227,ASIA3040,Literary and Cultural Discourse in Modern Japan,Second Semester,Undergraduate,6.0,In Person,2021
2228,ENGL6086,"Literature in the Digital Age: Theories, Texts, Methods",,Postgraduate,6.0,Online or In Person,2021
2229,ENGL2086,"Literature in the Digital Age: Theories, Texts, Methods",,Undergraduate,6.0,Online or In Person,2021
2230,CLAS1004,Literature of the Classical World (Texts in Translation),,Undergraduate,6.0,In Person,2021
2231,LAWS4286,"Literature, Law and Human Rights",First Semester,Undergraduate,6.0,Online or In Person,2021
2232,ENGL3037,"Literature, Law and Human Rights",First Semester,Undergraduate,6.0,In Person,2021
2233,LAWS6244,Litigation and Dispute Management,First Semester,Postgraduate,6.0,Online or In Person,2021
2234,LAWS2244,Litigation and Dispute Management,First Semester,Undergraduate,6.0,Online or In Person,2021
2235,COMP2620,Logic,First Semester,Undergraduate,6.0,In Person,2021
2236,COMP6262,Logic,First Semester,Postgraduate,6.0,In Person,2021
2237,PHIL2080,Logic,First Semester,Undergraduate,6.0,In Person,2021
2238,PHIL1005,Logic and Critical Thinking,Second Semester,Undergraduate,6.0,In Person,2021
2239,PHIL2059,Love Death and Freedom (20th Century French Phenomenology),,Undergraduate,6.0,In Person,2021
2240,ECON7074,Macroeconomic Analysis,First Semester/Second Semester,Postgraduate,6.0,In Person,2021
2241,IDEC8002,Macroeconomic Analysis and Policy,Second Semester,Postgraduate,6.0,In Person,2021
2242,ECON4422,Macroeconomic Theory,First Semester,Undergraduate,6.0,In Person,2021
2243,ECON8022,Macroeconomic Theory (Master),First Semester/Second Semester,Postgraduate,6.0,In Person,2021
2244,ECON1102,Macroeconomics 1,First Semester/Second Semester,Undergraduate,6.0,In Person,2021
2245,ECON2102,Macroeconomics 2(P),First Semester/Second Semester,Undergraduate,6.0,In Person,2021
2246,ECON3102,Macroeconomics 3,Second Semester,Undergraduate,6.0,In Person,2021
2247,EMSC6024,Magmatism and Metamorphism,First Semester,Postgraduate,6.0,In Person,2021
2248,EMSC3024,Magmatism and Metamorphism,First Semester,Undergraduate,6.0,In Person,2021
2249,ASIA2041,Mainland Southeast Asia: Colonial and Postcolonial Predicaments,Second Semester,Undergraduate,6.0,In Person,2021
2250,DESN2010,Making Creative and Critical Technologies: physical computing for art and design,First Semester,Undergraduate,6.0,In Person,2021
2251,STST8055,Making Grand Strategy,,Postgraduate,6.0,In Person,2021
2252,HIST3007,Making History,Second Semester,Undergraduate,6.0,In Person,2021
2253,SCOM6032,Making Modern Science,,Postgraduate,6.0,Online or In Person,2021
2254,SCOM3032,Making Modern Science,,Undergraduate,6.0,Online or In Person,2021
2255,ARTV3031,Making Research for a Studio Practice in the Visual Arts,First Semester,Undergraduate,6.0,In Person,2021
2256,POGO8090,Making and Evaluating Policy,,Postgraduate,6.0,In Person,2021
2257,NSPO8017,Malicious Networks: Transnational Terrorism and Crime,,Postgraduate,6.0,In Person,2021
2258,BUSN2011,Management Accounting,First Semester/Second Semester,Undergraduate,6.0,In Person,2021
2259,BUSN7031,Management Accounting and Cost Analysis,First Semester/Second Semester,Postgraduate,6.0,In Person,2021
2260,MGMT4500,Management Honours Thesis,First Semester/Second Semester,Undergraduate,6.0,In Person,2021
2261,MGMT4006,Management Research Methods,First Semester,Undergraduate,6.0,In Person,2021
2262,MGMT8006,Management Research Methods,First Semester,Postgraduate,6.0,In Person,2021
2263,MGMT1003,"Management, People and Organisations",First Semester/Second Semester,Undergraduate,6.0,In Person,2021
2264,ECON2014,Managerial Economics,First Semester,Undergraduate,6.0,In Person,2021
2265,ECON6014,Managerial Economics,First Semester,Postgraduate,6.0,In Person,2021
2266,MGMT7107,Managing Across Cultures,Second Semester,Postgraduate,6.0,In Person,2021
2267,ENVS6026,Managing Forested Landscapes,First Semester,Postgraduate,6.0,In Person,2021
2268,ENVS3041,Managing Forested Landscapes,First Semester,Undergraduate,6.0,In Person,2021
2269,POGO8057,Managing Government Finances,Second Semester,Postgraduate,6.0,In Person,2021
2270,MGMT8062,Managing Major Projects,First Semester,Postgraduate,6.0,In Person,2021
2271,MGMT2035,Managing Organisational Change,Second Semester,Undergraduate,6.0,In Person,2021
2272,POGO8300,Managing Public Sector Organisations,Winter Session,Postgraduate,6.0,Online or In Person,2021
2273,COMP3120,Managing Software Development,First Semester,Undergraduate,6.0,In Person,2021
2274,COMP8110,Managing Software Projects in a System Context,First Semester,Postgraduate,6.0,In Person,2021
2275,COMP4130,Managing Software Quality and Process,First Semester,Undergraduate,6.0,In Person,2021
2276,MGMT7007,Managing for Sustainability,First Semester,Postgraduate,6.0,In Person,2021
2277,BUSI7280,Managing in a Global Context,First Semester/Second Semester,Postgraduate,6.0,Online or In Person,2021
2278,BUSI7001,Managing the Global Supply Chain,First Semester,Postgraduate,6.0,In Person,2021
2279,ENGN6212,Manufacturing Technologies,,Postgraduate,6.0,In Person,2021
2280,ENGN4212,Manufacturing Technologies,Second Semester,Undergraduate,6.0,In Person,2021
2281,ASIA8046,Maps and Mapping for the Social Sciences and Humanities,First Semester,Postgraduate,6.0,In Person,2021
2282,EMSC3023,Marine Biogeochemistry,First Semester,Undergraduate,6.0,In Person,2021
2283,EMSC6023,Marine Biogeochemistry,First Semester,Postgraduate,6.0,In Person,2021
2284,BIOL6116,Marine Conservation Ecology,,Postgraduate,6.0,In Person,2021
2285,BIOL3116,Marine Conservation Ecology,,Undergraduate,6.0,In Person,2021
2286,LAWS8315,Maritime Security Law,,Postgraduate,6.0,Online,2021
2287,MKTG2004,Marketing,First Semester/Second Semester,Undergraduate,6.0,In Person,2021
2288,MKTG4500,Marketing Honours Thesis,First Semester/Second Semester,Undergraduate,6.0,In Person,2021
2289,MKTG2001,Marketing Research,Second Semester,Undergraduate,6.0,In Person,2021
2290,MKTG7260,Marketing and Stakeholder Communications,Summer Session/First Semester/Autumn Session/Winter Session/Second Semester,Postgraduate,6.0,Online or In Person,2021
2291,MKTG2003,Marketing for Financial Services,Second Semester,Undergraduate,6.0,In Person,2021
2292,MKTG7001,Marketing for Leaders,First Semester,Postgraduate,6.0,In Person,2021
2293,GERM3052,"Marx, Nietzsche, Freud",,Undergraduate,6.0,In Person,2021
2294,GERM6052,"Marx, Nietzsche, Freud",,Postgraduate,6.0,In Person,2021
2295,ENGL3052,"Marx, Nietzsche, Freud: Introduction to European Critical Theory",,Undergraduate,6.0,In Person,2021
2296,BUSN8802,Master Research Project (Commerce),,Postgraduate,12.0,In Person,2021
2297,MMIB8005,Master Sub-Thesis (Business Studies),First Semester/Second Semester,Postgraduate,18.0,In Person,2021
2298,BUSN8803,Master Sub-Thesis (Commerce),,Postgraduate,18.0,In Person,2021
2299,BUSN8804,Master Sub-Thesis (Commerce),First Semester/Second Semester,Postgraduate,6.0,In Person,2021
2300,ENGN8180,Master Thesis Project,,Postgraduate,12.0,In Person,2021
2301,PHYS8207,Master of Nuclear Science Research Project,Summer Session/First Semester/Autumn Session/Winter Session/Second Semester/Spring Session,Postgraduate,6.0,In Person,2021
2302,SCOM7000,Master of Science Communication Research Project,First Semester/Second Semester,Postgraduate,3.0,In Person,2021
2303,SCOM8000,Master of Science Communication Research Project,First Semester/Second Semester,Postgraduate,6.0,In Person,2021
2304,MMIB8006,Master's Thesis (Business Studies),First Semester/Second Semester,Postgraduate,6.0,In Person,2021
2305,ARCH8037,Masterclass in Archaeological and Evolutionary Science,Spring Session,Postgraduate,6.0,In Person,2021
2306,IDEC8064,Masters Microeconomics,First Semester,Postgraduate,6.0,Online or In Person,2021
2307,IDEC8011,Masters Research Essay,First Semester/Second Semester,Postgraduate,6.0,In Person,2021
2308,PHYS8000,Masters Research Project,First Semester/Second Semester,Postgraduate,12.0,In Person,2021
2309,ENVS8000P,Masters Thesis,,Postgraduate,12.0,In Person,2021
2310,ENVS8000,Masters Thesis,First Semester/Second Semester,Postgraduate,12.0,In Person,2021
2311,CHEM2213,Materials Chemistry,Second Semester,Undergraduate,6.0,In Person,2021
2312,MUSI1510,"Materials of Music: Sound, Perception and Documentation",Second Semester,Undergraduate,6.0,Online or In Person,2021
2313,MATH1113,Mathematical Foundations for Actuarial Studies,Second Semester,Undergraduate,6.0,In Person,2021
2314,IDEC8015,Mathematical Methods in Applied Economics,First Semester,Postgraduate,6.0,In Person,2021
2315,EMET7001,Mathematical Techniques for Economic Analysis,First Semester/Second Semester,Postgraduate,6.0,In Person,2021
2316,MATH8702,Mathematics Reading Course,Summer Session/First Semester/Second Semester,Postgraduate,6.0,In Person,2021
2317,MATH8701,Mathematics Research Project,Summer Session/First Semester/Second Semester,Postgraduate,6.0,In Person,2021
2318,MATH8705,Mathematics Special Topic,First Semester/Second Semester,Postgraduate,6.0,In Person,2021
2319,MATH1013,Mathematics and Applications 1,First Semester/Second Semester,Undergraduate,6.0,In Person,2021
2320,MATH1014,Mathematics and Applications 2,First Semester/Second Semester/Spring Session,Undergraduate,6.0,In Person,2021
2321,BIAN2133,Mating and Parenting: Evolutionary Ecology of Human Reproductive Strategies,,Undergraduate,6.0,In Person,2021
2322,BIAN6133,Mating and Parenting: Evolutionary Ecology of Human Reproductive Strategies,,Postgraduate,6.0,In Person,2021
2323,MATH3512,Matrix Computations,Second Semester,Undergraduate,6.0,In Person,2021
2324,MATH6112,Matrix Computations,Second Semester,Postgraduate,6.0,In Person,2021
2325,POLS2137,"Meaning in Politics: Interpretation, Method and Critique",First Semester,Undergraduate,6.0,In Person,2021
2326,ENGN2217,Mechanical Systems and Design,First Semester,Undergraduate,6.0,In Person,2021
2327,ARAB3011,Media Arabic 1,First Semester,Undergraduate,6.0,Online or In Person,2021
2328,ARAB6512,Media Arabic 1,First Semester,Postgraduate,6.0,Online or In Person,2021
2329,ARAB6510,Media Arabic 2,Second Semester,Postgraduate,6.0,Online or In Person,2021
2330,ARAB3008,Media Arabic 2,Second Semester,Undergraduate,6.0,Online or In Person,2021
2331,LAWS8402,Media Law,Second Semester,Postgraduate,6.0,Online or In Person,2021
2332,LAWS4202,Media Law,Second Semester,Undergraduate,6.0,Online or In Person,2021
2333,POLS3038,Media and Politics,First Semester,Undergraduate,6.0,In Person,2021
2334,FREN6513,Media and Society in Contemporary France,,Postgraduate,6.0,In Person,2021
2335,FREN3107,Media and Society in Contemporary France,,Undergraduate,6.0,In Person,2021
2336,SOCY2165,Media in the Public Sphere,,Undergraduate,6.0,In Person,2021
2337,SOCY6170,"Media, Technology and Society",,Postgraduate,6.0,In Person,2021
2338,SOCY2170,"Media, Technology and Society",,Undergraduate,6.0,In Person,2021
2339,MEDN2001,Medical Physiology and Pharmacology,First Semester,Undergraduate,6.0,In Person,2021
2340,MEDN6001,Medical Physiology and Pharmacology,First Semester,Postgraduate,6.0,In Person,2021
2341,MEDN4001,Medical Research Honours,Summer Session/First Semester/Second Semester/Spring Session,Undergraduate,12.0,In Person,2021
2342,MEDN8701,Medical Research Project,Summer Session/First Semester/Autumn Session/Second Semester/Spring Session,Postgraduate,12.0,In Person,2021
2343,BIOL3190,Medical Science in the Workplace,Second Semester,Undergraduate,6.0,In Person,2021
2344,MEDI8011,Medicine 1A,First Semester,Postgraduate,24.0,In Person,2021
2345,MEDI8012,Medicine 1B,Second Semester,Postgraduate,24.0,In Person,2021
2346,MEDI8020A,Medicine 2,First Semester,Postgraduate,21.0,In Person,2021
2347,MEDI8020B,Medicine 2,Second Semester,Postgraduate,21.0,In Person,2021
2348,MEDI8030A,Medicine 3,First Semester,Postgraduate,24.0,In Person,2021
2349,MEDI8030B,Medicine 3,Second Semester,Postgraduate,24.0,In Person,2021
2350,MEDI8040B,Medicine 4,Second Semester,Postgraduate,24.0,In Person,2021
2351,MEDI8040A,Medicine 4,First Semester,Postgraduate,24.0,In Person,2021
2352,ANTH6026,"Medicine, Healing and the Body",Second Semester,Postgraduate,6.0,In Person,2021
2353,ANTH2026,"Medicine, Healing and the Body",Second Semester,Undergraduate,6.0,In Person,2021
2354,EMSC3032,"Melting Polar Ice Sheets, Sea Level Variations and Climate Change",First Semester,Undergraduate,6.0,In Person,2021
2355,EMSC6032,"Melting Polar Ice Sheets, Sea Level Variations and Climate Change",First Semester,Postgraduate,6.0,In Person,2021
2356,PHIL2129,Meta-ethics: The Nature of Moral Judgment,Second Semester,Undergraduate,6.0,Online or In Person,2021
2357,ARTH8012,Methodologies of Art History,First Semester,Postgraduate,12.0,In Person,2021
2358,ARTH4017,Methodologies of Art History,First Semester,Undergraduate,12.0,In Person,2021
2359,REGN9076,Methods in Interdisciplinary Research,Winter Session,Postgraduate,6.0,In Person,2021
2360,REGN8001,Methods in Interdisciplinary Research,Winter Session,Postgraduate,6.0,In Person,2021
2361,ARCH8040,Microanalysis in Archaeological Science,First Semester,Postgraduate,6.0,In Person,2021
2362,ECON7073,Microeconomic Analysis,First Semester/Second Semester,Postgraduate,6.0,In Person,2021
2363,IDEC8016,Microeconomic Analysis and Policy,First Semester,Postgraduate,6.0,In Person,2021
2364,ECON8011,Microeconomic Theory,First Semester/Second Semester,Postgraduate,6.0,In Person,2021
2365,ECON4411,Microeconomic Theory,First Semester,Undergraduate,6.0,In Person,2021
2366,ECON1101,Microeconomics 1,First Semester/Second Semester,Undergraduate,6.0,In Person,2021
2367,ECON2101,Microeconomics 2,First Semester/Second Semester,Undergraduate,6.0,In Person,2021
2368,ECON3101,Microeconomics 3,First Semester,Undergraduate,6.0,In Person,2021
2369,LAWS8176,Migration Law,,Postgraduate,6.0,In Person,2021
2370,LAWS4269,Migration Law,,Undergraduate,6.0,In Person,2021
2371,DEMO2003,Migration in the Modern World,Second Semester,Undergraduate,6.0,In Person,2021
2372,LAWS8163,Military Administrative Law,Autumn Session,Postgraduate,6.0,Online or In Person,2021
2373,LAWS8160,Military Discipline Law,Winter Session,Postgraduate,6.0,Online or In Person,2021
2374,LAWS8161,Military Legal Practice,Spring Session,Postgraduate,6.0,Online or In Person,2021
2375,LAWS8162,Military Operations Law,Summer Session,Postgraduate,6.0,Online or In Person,2021
2376,SOCR8011,Mixed methods social research,Winter Session,Postgraduate,6.0,In Person,2021
2377,COMP8190,Model-Driven Software Development,,Postgraduate,6.0,In Person,2021
2378,IDEC8127,Modelling the Global Economy: techniques and policy implications,Second Semester,Postgraduate,6.0,In Person,2021
2379,ENGL2006,Modern American Fiction,Second Semester,Undergraduate,6.0,In Person,2021
2380,ENGL6029,Modern American Fiction,Second Semester,Postgraduate,6.0,In Person,2021
2381,ENGL2108,Modern Australian Drama,,Undergraduate,6.0,In Person,2021
2382,ENGL6030,Modern Australian Drama,,Postgraduate,6.0,In Person,2021
2383,CHIN1012,Modern Chinese 1: Spoken,First Semester,Undergraduate,6.0,In Person,2021
2384,CHIN6012,Modern Chinese 1: Spoken,First Semester,Postgraduate,6.0,In Person,2021
2385,CHIN1013,Modern Chinese 1: Written,First Semester,Undergraduate,6.0,In Person,2021
2386,CHIN6013,Modern Chinese 1: Written,First Semester,Postgraduate,6.0,In Person,2021
2387,CHIN2022,Modern Chinese 2: Spoken,Second Semester,Undergraduate,6.0,In Person,2021
2388,CHIN6022,Modern Chinese 2: Spoken,Second Semester,Postgraduate,6.0,In Person,2021
2389,CHIN2023,Modern Chinese 2: Written,Second Semester,Undergraduate,6.0,In Person,2021
2390,CHIN6023,Modern Chinese 2: Written,Second Semester,Postgraduate,6.0,In Person,2021
2391,CHIN2014,Modern Chinese 3,First Semester,Undergraduate,6.0,In Person,2021
2392,CHIN6520,Modern Chinese 3,First Semester,Postgraduate,6.0,In Person,2021
2393,CHIN2017,Modern Chinese 4,Second Semester,Undergraduate,6.0,In Person,2021
2394,CHIN6521,Modern Chinese 4,Second Semester,Postgraduate,6.0,In Person,2021
2395,CHIN3022,Modern Chinese 5,First Semester,Undergraduate,6.0,In Person,2021
2396,CHIN6522,Modern Chinese 5,First Semester,Postgraduate,6.0,In Person,2021
2397,CHIN6523,Modern Chinese 6,Second Semester,Postgraduate,6.0,In Person,2021
2398,CHIN3023,Modern Chinese 6,Second Semester,Undergraduate,6.0,In Person,2021
2399,LAWS8335,Modern Equity: Concepts and Principles,Winter Session,Postgraduate,6.0,Online or In Person,2021
2400,ENGL2101,Modern European Theatre,,Undergraduate,6.0,In Person,2021
2401,MEAS3005,"Modern Iraq: State, Politics and Society",Second Semester,Undergraduate,6.0,Online or In Person,2021
2402,MEAS6005,"Modern Iraq: State, Politics and Society",Second Semester,Postgraduate,6.0,In Person,2021
2403,PHIL2074,Modern Theories of Knowledge,,Undergraduate,6.0,In Person,2021
2404,MEAS2003,"Modern Turkey: History, Politics and Culture",Second Semester,Undergraduate,6.0,In Person,2021
2405,MEAS6503,"Modern Turkey: History, Politics and Culture",Second Semester,Postgraduate,6.0,In Person,2021
2406,ENGL6031,Modernist Literature 1890-1940,,Postgraduate,6.0,In-Person and Online,2021
2407,ENGL2080,Modernist Literature 1890-1940,,Undergraduate,6.0,In Person,2021
2408,BIOL2162,Molecular Gene Technology,Second Semester,Undergraduate,6.0,In Person,2021
2409,BIOL6162,Molecular Gene Technology,Second Semester,Postgraduate,6.0,In Person,2021
2410,CHEM3208,Molecular Modeling and Computational Chemistry,,Undergraduate,6.0,In Person,2021
2411,IDEC8012,Monetary Policy and Central Banking in the Asia Pacific,,Postgraduate,6.0,In Person,2021
2412,ECON2026,Money and Banking,First Semester,Undergraduate,6.0,In Person,2021
2413,MNGL6002,Mongolian 1,First Semester,Postgraduate,6.0,Online or In Person,2021
2414,MNGL1002,Mongolian 1,First Semester,Undergraduate,6.0,Online or In Person,2021
2415,MNGL6003,Mongolian 2,Second Semester,Postgraduate,6.0,Online or In Person,2021
2416,MNGL1003,Mongolian 2,Second Semester,Undergraduate,6.0,Online or In Person,2021
2417,MNGL2002,Mongolian 3,First Semester,Undergraduate,6.0,Online or In Person,2021
2418,MNGL6102,Mongolian 3,First Semester,Postgraduate,6.0,Online or In Person,2021
2419,MNGL2003,Mongolian 4,Second Semester,Undergraduate,6.0,Online or In Person,2021
2420,MNGL6103,Mongolian 4,Second Semester,Postgraduate,6.0,Online or In Person,2021
2421,LAWS4305,"Mooting, Advocacy and Process",,Undergraduate,6.0,In Person,2021
2422,SCRN2001,Moving Pictures: Genre and Theory in Screen Studies,,Undergraduate,6.0,In Person,2021
2423,SPAN2604,Multilingualism and indigenous peoples in the Americas,,Undergraduate,6.0,In Person,2021
2424,SPAN6604,Multilingualism and indigenous peoples in the Americas,,Postgraduate,6.0,In Person,2021
2425,MUSC8017,Museums and Collections: Key Concepts and Practices,First Semester,Postgraduate,6.0,Online or In Person,2021
2426,MUSC8011,Museums and Heritage Extended Research Project,Summer Session/First Semester/Autumn Session/Winter Session/Second Semester/Spring Session,Postgraduate,12.0,Online or In Person,2021
2427,MUSC8009,Museums and Heritage Research Project,Summer Session/First Semester/Autumn Session/Winter Session/Second Semester/Spring Session,Postgraduate,6.0,Online or In Person,2021
2428,MUSI2220,Music Ensemble,First Semester/Second Semester,Undergraduate,6.0,In Person,2021
2429,MUSI8014,Music Graduate Chamber Ensemble,,Postgraduate,6.0,In Person,2021
2430,MUSI8012,Music Graduate Exegesis,First Semester/Second Semester,Postgraduate,6.0,In Person,2021
2431,MUSI8013,Music Graduate Extended Exegesis,First Semester/Second Semester,Postgraduate,12.0,In Person,2021
2432,MUSI4412,Music Honours Ensemble,First Semester/Second Semester,Undergraduate,6.0,In Person,2021
2433,MUSI4410,Music Honours Exegesis,Second Semester,Undergraduate,6.0,In Person,2021
2434,MUSI4411,Music Honours Extended Exegesis,Second Semester,Undergraduate,12.0,In Person,2021
2435,MUSI1101,Music Performance 1,First Semester,Undergraduate,6.0,In Person,2021
2436,MUSI1102,Music Performance 2,First Semester/Second Semester,Undergraduate,6.0,In Person,2021
2437,MUSI2201,Music Performance 3,First Semester/Second Semester,Undergraduate,6.0,In Person,2021
2438,MUSI2202,Music Performance 4,First Semester/Second Semester,Undergraduate,6.0,In Person,2021
2439,MUSI3301,Music Performance 5,First Semester/Second Semester,Undergraduate,6.0,In Person,2021
2440,MUSI3302,Music Performance 6,First Semester/Second Semester,Undergraduate,6.0,In Person,2021
2441,MUSI2205,Music Project,First Semester/Second Semester,Undergraduate,6.0,In Person,2021
2442,MUSI6209,Music Recording and Production Techniques,Second Semester,Postgraduate,6.0,In Person,2021
2443,MUSI2209,Music Recording and Production Techniques,Second Semester,Undergraduate,6.0,In Person,2021
2444,MUSI1105,Music Theory & Aural Skills 1,,Undergraduate,6.0,In Person,2021
2445,MUSI1106,Music Theory & Aural Skills 2,,Undergraduate,6.0,In Person,2021
2446,MUSI2203,Music Theory & Aural Skills 3,,Undergraduate,6.0,In Person,2021
2447,MUSI2204,Music Theory & Aural Skills 4,,Undergraduate,6.0,In Person,2021
2448,MUSI3319,Music Theory & Aural Skills 5,,Undergraduate,6.0,In Person,2021
2449,MUSI3320,Music Theory & Aural Skills 6,,Undergraduate,6.0,In Person,2021
2450,MUSI6009,Music and Digital Media,First Semester,Postgraduate,6.0,In Person,2021
2451,MUSI3309,Music and Digital Media,First Semester,Undergraduate,6.0,In Person,2021
2452,MUSI6007,Music and Globalisation,Second Semester,Postgraduate,6.0,In Person,2021
2453,MUSI3310,Music and Globalisation,Second Semester,Undergraduate,6.0,In Person,2021
2454,SPAN3101,Music and Society in the Spanish Speaking World,,Undergraduate,6.0,In Person,2021
2455,SPAN6511,Music and Society in the Spanish-Speaking World,,Postgraduate,6.0,In Person,2021
2456,MUSI1109,Music from 1900 to the Present: A Century of Crisis and Change,Second Semester,Undergraduate,6.0,In Person,2021
2457,MUSI2222,Music in the Long 19th Century: From Classicism to Modernism,,Undergraduate,6.0,In Person,2021
2458,MUSI2227,"Music, Sound and the Moving Image",First Semester,Undergraduate,6.0,In Person,2021
2459,LAWS6301,Myanmar Law Clinic,,Postgraduate,6.0,In Person,2021
2460,LAWS4301,Myanmar Law Clinic,,Undergraduate,6.0,In Person,2021
2461,CHEM3013,NMR spectroscopy and mass spectrometry of small and large molecules,First Semester,Undergraduate,6.0,In Person,2021
2462,ENGN4810,Nanotechnology and Applications,Second Semester,Undergraduate,6.0,In Person,2021
2463,NSPO8006,National Security Policymaking,Second Semester,Postgraduate,6.0,In Person,2021
2464,NSPO8007,National Security: Concepts and Methods,First Semester,Postgraduate,6.0,In Person,2021
2465,ASIA8020,National and Transnational Histories in Asia and the Pacific,First Semester,Postgraduate,6.0,In Person,2021
2466,NSPO8023,National security in the Indo-Pacific,,Postgraduate,6.0,In Person,2021
2467,ASIA2093,Natural Resource Conflicts in Asia and the Pacific,Second Semester,Undergraduate,6.0,Online or In Person,2021
2468,HIST2226,Nazi Germany,First Semester,Undergraduate,6.0,In Person,2021
2469,HIST8026,Nazism: The Politics and Practices of Memory,First Semester,Postgraduate,6.0,Online or In Person,2021
2470,MGMT2004,Negotiation,Second Semester,Undergraduate,6.0,In Person,2021
2471,DIPL8004,Negotiation and Conflict Resolution,,Postgraduate,12.0,In Person,2021
2472,DIPL8044,Negotiation and Conflict Resolution,First Semester,Postgraduate,6.0,In Person,2021
2473,ENGN4628,Network Optimisation and Control,,Undergraduate,6.0,In Person,2021
2474,ENGN6628,Network Optimisation and Control,,Postgraduate,6.0,In Person,2021
2475,COMP3704,Network Security,Second Semester,Undergraduate,6.0,In Person,2021
2476,COMP6340,Networked Information Systems,First Semester,Postgraduate,6.0,In Person,2021
2477,COMP2410,Networked Information Systems,First Semester,Undergraduate,6.0,In Person,2021
2478,COMP4660,"Neural Networks, Deep Learning and Bio-inspired Computing",First Semester,Undergraduate,6.0,In Person,2021
2479,COMP8420,"Neural Networks, Deep Learning and Bio-inspired Computing",First Semester/Autumn Session,Postgraduate,6.0,In Person,2021
2480,PSYC3016,Neuropsychology and Cognitive Neuroscience,First Semester,Undergraduate,6.0,In Person,2021
2481,PSYC6016,Neuropsychology and Cognitive Neuroscience,First Semester,Postgraduate,6.0,In Person,2021
2482,NEUR8704,Neuroscience Essay,Summer Session/First Semester/Autumn Session/Winter Session/Second Semester/Spring Session,Postgraduate,6.0,In Person,2021
2483,NEUR4005,Neuroscience IV Honours (S),,Undergraduate,6.0,In Person,2021
2484,NEUR8010,Neuroscience Research Project,Summer Session/First Semester/Autumn Session/Winter Session/Second Semester/Spring Session,Postgraduate,6.0,In Person,2021
2485,NEUR8700,Neuroscience Research proposal,Summer Session/First Semester/Autumn Session/Winter Session/Second Semester/Spring Session,Postgraduate,6.0,In Person,2021
2486,MEAS2001,New States of Eurasia: Emerging Issues in Politics and Security,Second Semester,Undergraduate,6.0,In Person,2021
2487,MGMT7161,New Venture Creation,Autumn Session/Second Semester,Postgraduate,6.0,In Person,2021
2488,PHIL2087,Nietzsche,,Undergraduate,6.0,In Person,2021
2489,ENGN9820,Non Award Engineering and Computer Science Research Exchange,Summer Session/First Semester/Autumn Session/Winter Session/Second Semester/Spring Session,Postgraduate,3.0,In Person,2021
2490,PHYS4303,Nonlinear Dynamics in Physics,First Semester,Undergraduate,6.0,In Person,2021
2491,PHYS8303,Nonlinear Dynamics in Physics,First Semester,Postgraduate,6.0,In Person,2021
2492,ASIA2096,"North Korea: History, Culture, Politics",,Undergraduate,6.0,In Person,2021
2493,PHYS8205,Nuclear Fuel Cycle,Second Semester,Postgraduate,6.0,In Person,2021
2494,PHYS8206,Nuclear Measurement,Second Semester,Postgraduate,6.0,In Person,2021
2495,INTR2024,Nuclear Politics in Asia: Challenges and Opportunities,,Undergraduate,6.0,In Person,2021
2496,LAWS8316,Nuclear Security Law,,Postgraduate,6.0,In Person,2021
2497,STST8026,Nuclear Strategy in the Asian Century,First Semester,Postgraduate,6.0,In Person,2021
2498,MATH6114,Number Theory and Cryptography,Second Semester,Postgraduate,6.0,In Person,2021
2499,MATH3301,Number Theory and Cryptography,Second Semester,Undergraduate,6.0,In Person,2021
2500,MATH6119,Numerical Optimisation,,Postgraduate,6.0,In Person,2021
2501,MATH3514,Numerical Optimisation,,Undergraduate,6.0,In Person,2021
2502,BIAN2119,"Nutrition, Disease and the Environment",,Undergraduate,6.0,In Person,2021
2503,BIAN6119,"Nutrition, Disease and the Environment",,Postgraduate,6.0,In Person,2021
2504,ASTR4011,Observational Techniques,First Semester,Undergraduate,6.0,In Person,2021
2505,ASTR8011,Observational Techniques,First Semester,Postgraduate,6.0,In Person,2021
2506,COMP3702,Offensive Cyber Security Operations,,Undergraduate,6.0,In Person,2021
2507,SOCY2169,Online Research Methods,Second Semester,Undergraduate,6.0,In Person,2021
2508,SOCR4006,Online Research Methods,Second Semester,Undergraduate,6.0,In Person,2021
2509,SOCR8006,Online Research Methods,Second Semester,Postgraduate,6.0,Online or In Person,2021
2510,IDEC8008,"Open Economy Macroeconomics, Finance, and Development",Second Semester,Postgraduate,6.0,In Person,2021
2511,COMP3300,Operating Systems Implementation,,Undergraduate,6.0,In Person,2021
2512,COMP6330,Operating Systems Implementation,,Postgraduate,6.0,In Person,2021
2513,STST8106,Operations I,Autumn Session,Postgraduate,12.0,In Person,2021
2514,STST8104,Operations II,Autumn Session,Postgraduate,12.0,In Person,2021
2515,STST8105,Operations III,,Postgraduate,12.0,In Person,2021
2516,ASTR8016,Optical Instrumentation,Second Semester,Postgraduate,6.0,In Person,2021
2517,PHYS6500,Optical Physics,First Semester,Postgraduate,6.0,In Person,2021
2518,PHYS3057,Optical Physics,First Semester,Undergraduate,6.0,In Person,2021
2519,ENGN3512,Optical Physics,First Semester,Undergraduate,6.0,In Person,2021
2520,ENGN6512,Optical Physics,First Semester,Postgraduate,6.0,In Person,2021
2521,COMP4691,Optimisation,Second Semester,Undergraduate,6.0,In Person,2021
2522,COMP8691,Optimisation,Second Semester,Postgraduate,6.0,In Person,2021
2523,ECON8013,Optimisation for Economics and Financial Economics,First Semester/Second Semester,Postgraduate,6.0,In Person,2021
2524,ECON2125,Optimisation for Economics and Financial Economics,First Semester/Second Semester,Undergraduate,6.0,In Person,2021
2525,SCNC2201,Optimism and Agency in Times of Change,Second Semester,Undergraduate,6.0,Online or In Person,2021
2526,PHYS8017,Optoelectronics and Integrated Optics,Second Semester,Postgraduate,6.0,In Person,2021
2527,HUMN8038,Oral History and Heritage Practice and Theory,,Postgraduate,6.0,In Person,2021
2528,CRIM2007,Order in the Courts: An Introduction to the Australian Judicial System,First Semester,Undergraduate,6.0,Online or In Person,2021
2529,CRIM6008,Order in the Courts: An Introduction to the Australian Judicial System,First Semester,Postgraduate,6.0,In Person,2021
2530,MATH6405,Ordinary Differential Equations and Advanced Vector Calculus,First Semester,Postgraduate,6.0,In Person,2021
2531,MGMT8003,Organisational Behaviour,Summer Session/First Semester/Second Semester/Spring Session,Postgraduate,6.0,In Person,2021
2532,MGMT2007,Organisational Behaviour,Second Semester,Undergraduate,6.0,In Person,2021
2533,ECON8078,Organisational Economics,First Semester,Postgraduate,6.0,In Person,2021
2534,ECON4492,Organisational Economics,First Semester,Undergraduate,6.0,In Person,2021
2535,POGO8080,Organisational Finance and Budgeting,,Postgraduate,6.0,In Person,2021
2536,CRIM6002,Organised Crime: Understanding a Global Phenomenon,,Postgraduate,6.0,In Person,2021
2537,CRIM2002,Organised Crime: Understanding the Underworld,,Undergraduate,6.0,In Person,2021
2538,CHEM3203,Organometallic Chemistry,First Semester,Undergraduate,6.0,In Person,2021
2539,PHIL2100,Origins of Analytical Philosophy,,Undergraduate,6.0,In Person,2021
2540,POPH8316,Outbreak Investigation,Second Semester,Postgraduate,6.0,In Person,2021
2541,COMP4630,Overview of Logic and Computation,,Undergraduate,6.0,In Person,2021
2542,PPEI4000,PPE Honours Research Methods,First Semester,Undergraduate,12.0,In Person,2021
2543,POLS1008,PPE Integration 1,Second Semester,Undergraduate,6.0,In Person,2021
2544,PHIL2116,PPE Integration 2,Second Semester,Undergraduate,6.0,In Person,2021
2545,ECON3056,"PPE Integration 3: Classic Literature in Politics, Philosophy and Economics",Second Semester,Undergraduate,6.0,In Person,2021
2546,DIPL8013,Pacific Diplomacy,First Semester,Postgraduate,6.0,In Person,2021
2547,BAPA1003,Pacific Encounters: An introduction to Pacific Studies,Autumn Session,Undergraduate,6.0,In Person,2021
2548,PASI1011,Pacific Encounters: An introduction to Pacific Studies,First Semester,Undergraduate,6.0,In Person,2021
2549,PASI3010,Pacific Engagement Project,Second Semester,Undergraduate,6.0,In Person,2021
2550,PASI8305,Pacific Feminisms,Spring Session,Postgraduate,3.0,Online or In Person,2021
2551,PASI8002,Pacific Foundations: From Maritime Societies to Global Cultures,First Semester,Postgraduate,6.0,In Person,2021
2552,PASI8004,Pacific Health Development Post-Covid,Winter Session,Postgraduate,6.0,Online or In Person,2021
2553,PASI3005,Pacific Islands Field School,,Undergraduate,6.0,In Person,2021
2554,PASI6005,Pacific Islands Field School,,Postgraduate,6.0,In Person,2021
2555,POLS2055,Pacific Politics,Second Semester,Undergraduate,6.0,In Person,2021
2556,PASI8315,Pacific Research Methodologies for Development,Spring Session,Postgraduate,3.0,Online or In Person,2021
2557,PASI2001,Pacific Studies in a Globalizing World,First Semester,Undergraduate,6.0,In Person,2021
2558,PASI6001,Pacific Studies in a Globalizing World,First Semester,Postgraduate,6.0,In Person,2021
2559,PASI1012,Pacific Worlds: critical inquiry in Oceania,Second Semester,Undergraduate,6.0,In Person,2021
2560,ARTV2506,Painting: Approaches to Abstraction,First Semester,Undergraduate,6.0,In Person,2021
2561,ARTV2509,Painting: Approaches to Composition and Colour,,Undergraduate,6.0,In Person,2021
2562,ARTV1502,Painting: Composition & Space,Second Semester,Undergraduate,6.0,In Person,2021
2563,ARTV3510,Painting: Critical Analysis and Reflection in the Studio,,Undergraduate,6.0,In Person,2021
2564,ARTV6510,Painting: Critical Analysis and Reflection in the Studio,,Postgraduate,6.0,In Person,2021
2565,ARTV1501,Painting: Introducing Painting,First Semester,Undergraduate,6.0,In Person,2021
2566,ARTV6508,Painting: Materiality and Meaning,Second Semester,Postgraduate,6.0,In Person,2021
2567,ARTV3508,Painting: Materiality and Meaning,Second Semester,Undergraduate,6.0,In Person,2021
2568,ARTV3507,Painting: Open to Influence Studio Research,First Semester,Undergraduate,6.0,In Person,2021
2569,ARTV6507,Painting: Open to Influence Studio Research,First Semester,Postgraduate,6.0,In Person,2021
2570,ARTV2507,Painting: Painting in the Photo Digital Age,Second Semester,Undergraduate,6.0,In Person,2021
2571,ARTV2508,Painting: Taking Your Own Direction,,Undergraduate,6.0,In Person,2021
2572,ENVS3029,Palaeo-Environmental Reconstruction,First Semester,Undergraduate,6.0,In Person,2021
2573,ENVS6529,Palaeo-Environmental Reconstruction,First Semester,Postgraduate,6.0,In Person,2021
2574,EMSC3027,Palaeoclimatology and Climate Change,Second Semester,Undergraduate,6.0,Online or In Person,2021
2575,EMSC6027,Palaeoclimatology and Climate Change,Second Semester,Postgraduate,6.0,In Person,2021
2576,NSPO8043,"Pandemics, Infectious Diseases and National Security",Winter Session,Postgraduate,3.0,In Person,2021
2577,LING3031,Papuan Languages,,Undergraduate,6.0,In Person,2021
2578,LING6031,Papuan languages,,Postgraduate,6.0,In Person,2021
2579,COMP4300,Parallel Systems,First Semester,Undergraduate,6.0,In Person,2021
2580,COMP8300,Parallel Systems,First Semester,Postgraduate,6.0,In Person,2021
2581,MATH6406,"Partial Differential Equations,  Fourier Analysis and Complex Analysis",Second Semester,Postgraduate,6.0,In Person,2021
2582,POGO8136,Participating in Public Policy: Citizen Engagement and Public Talk,Winter Session,Postgraduate,6.0,In Person,2021
2583,ENVS3007,Participatory Resource Management: Working with Communities and Stakeholders,Spring Session,Undergraduate,6.0,In Person,2021
2584,ENVS6021,Participatory Resource Management: Working with Communities and Stakeholders,Spring Session,Postgraduate,6.0,In Person,2021
2585,MEDN6002,Pathogenesis of Human Disease,Second Semester,Postgraduate,6.0,In Person,2021
2586,MEDN2002,Pathogenesis of Human Disease,Second Semester,Undergraduate,6.0,In Person,2021
2587,EMDV8011,Payments for Environmental Services,,Postgraduate,6.0,Online or In Person,2021
2588,ASIA2087,Peace Building in the Pacific and Asia,,Undergraduate,6.0,In Person,2021
2589,POLS2123,Peace and Conflict Studies,Second Semester,Undergraduate,6.0,In Person,2021
2590,INTR8052,Peace and Conflict Studies,First Semester,Postgraduate,6.0,In Person,2021
2591,INTR1022,Peacebuilding and Conflict Resolution,Second Semester,Undergraduate,6.0,In Person,2021
2592,PSYC3011,Perception,,Undergraduate,6.0,In Person,2021
2593,INDN1201,Performing Indonesian Language Secondary Extension,First Semester/Second Semester,Undergraduate,6.0,In Person,2021
2594,LEGM8574,Personal & Company Insolvency Law and Practice,,Postgraduate,6.0,Online,2021
2595,LEGM8074,Personal Injuries Compensation,,Postgraduate,6.0,Online,2021
2596,MGMT2006,Personal Leadership,First Semester,Undergraduate,6.0,In Person,2021
2597,PSYC3026,Personality Psychology,Second Semester,Undergraduate,6.0,In Person,2021
2598,CHMD8014,"Perspectives on Culture, Health and Medicine",Second Semester,Postgraduate,6.0,Online or In Person,2021
2599,POGO8232,Persuasion for Policymakers,,Postgraduate,3.0,In Person,2021
2600,PHIL2122,Philosophy and Public Policy,,Undergraduate,6.0,In Person,2021
2601,PHIL2123,Philosophy and Science Fiction,,Undergraduate,6.0,In Person,2021
2602,PHIL2124,Philosophy of Cognitive Science,,Undergraduate,6.0,In Person,2021
2603,PHIL2016,Philosophy of Language,,Undergraduate,6.0,In Person,2021
2604,PHIL2061,Philosophy of Mind,,Undergraduate,6.0,In Person,2021
2605,PHIL2128,Philosophy of Physics,,Undergraduate,6.0,In Person,2021
2606,PHIL2057,Philosophy of Science,,Undergraduate,6.0,In Person,2021
2607,MATH1042,Philosophy of the Cosmos,First Semester,Undergraduate,6.0,In Person,2021
2608,PHIL2042,Philosophy of the Cosmos,First Semester,Undergraduate,6.0,In Person,2021
2609,PHIL3076,Philosophy of the Life Sciences,Second Semester,Undergraduate,6.0,In Person,2021
2610,PHIL2290,"Philosophy, AI and Society",Second Semester,Undergraduate,6.0,Online or In Person,2021
2611,ARTV1610,PhotoVideo: Interrogating the Camera,Second Semester,Undergraduate,6.0,In Person,2021
2612,ARTV6610,PhotoVideo: Interrogating the Camera,Second Semester,Postgraduate,6.0,In Person,2021
2613,ARTH2050,Photography and Art,First Semester,Undergraduate,6.0,In Person,2021
2614,ARTH6050,Photography and Art,First Semester,Postgraduate,6.0,In Person,2021
2615,ARTV1602,Photomedia: Colour Photography and Digital Skills,,Undergraduate,6.0,In Person,2021
2616,ARTV6602,Photomedia: Colour Photography and Digital Skills,,Postgraduate,6.0,In Person,2021
2617,ARTV2606,Photomedia: Digital Photography and Studio Lighting,Second Semester,Undergraduate,6.0,In Person,2021
2618,ARTV6606,Photomedia: Digital Photography and Studio Lighting,Second Semester,Postgraduate,6.0,In Person,2021
2619,ARTV2608,Photomedia: Experimental Processes,,Undergraduate,6.0,In Person,2021
2620,ARTV6608,Photomedia: Experimental Processes,,Postgraduate,6.0,In Person,2021
2621,ARTV2607,Photomedia: Large Format Photography,,Undergraduate,6.0,In Person,2021
2622,ARTV6607,Photomedia: Large Format Photography,,Postgraduate,6.0,In Person,2021
2623,PHYS6502,Photonic Sensing Systems,Second Semester,Postgraduate,6.0,In Person,2021
2624,PHYS3051,Photonic Sensing Systems,Second Semester,Undergraduate,6.0,In Person,2021
2625,ENGN6613,Photonic Sensing Systems,Second Semester,Postgraduate,6.0,In Person,2021
2626,ENGN4613,Photonic Sensing Systems,Second Semester,Undergraduate,6.0,In Person,2021
2627,PHYS8015,Photonics Laboratory,First Semester,Postgraduate,6.0,In Person,2021
2628,PHYS3005,Photonics Laboratory,First Semester,Undergraduate,6.0,In Person,2021
2629,PHYS8014,Photonics in Biotechnology and Nanotechnology,,Postgraduate,6.0,In Person,2021
2630,ENGN8830,Photovoltaic Power Plants,Second Semester,Postgraduate,6.0,In Person,2021
2631,ENGN4524,Photovoltaic Technologies,First Semester,Undergraduate,6.0,In Person,2021
2632,ENGN6524,Photovoltaic Technologies,First Semester,Postgraduate,6.0,In Person,2021
2633,PHYS1201,Physics 2,Second Semester,Undergraduate,6.0,In Person,2021
2634,PHYS3104,Physics Advanced Laboratory,First Semester/Second Semester,Undergraduate,6.0,In Person,2021
2635,PHYS1101,Physics I,First Semester/Second Semester,Undergraduate,6.0,In Person,2021
2636,PHYS2205,Physics for Future Leaders,Second Semester,Undergraduate,6.0,In Person,2021
2637,PHYS6205,Physics for Future Leaders,Second Semester,Postgraduate,6.0,In Person,2021
2638,PHYS1013,Physics of Materials,,Undergraduate,6.0,In Person,2021
2639,PHYS6105,Physics of Matter,First Semester,Postgraduate,6.0,In Person,2021
2640,PHYS3105,Physics of Matter,First Semester,Undergraduate,6.0,In Person,2021
2641,PHYS6070,Physics of the Earth,Second Semester,Postgraduate,6.0,In Person,2021
2642,PHYS3070,Physics of the Earth,Second Semester,Undergraduate,6.0,In Person,2021
2643,EMSC4008,Physics of the Earth Honours Reseach Project,Summer Session/First Semester/Second Semester/Spring Session,Undergraduate,3.0,In Person,2021
2644,ARTV6824,"Place, Time and Wood",,Postgraduate,6.0,In Person,2021
2645,ARTV1804,"Place, time, and wood",Second Semester,Undergraduate,6.0,In Person,2021
2646,HIST2112,"Plagues, Pandemics and Public Health in History",First Semester,Undergraduate,6.0,In Person,2021
2647,HIST6112,"Plagues, Pandemics and Public Health in History",,Postgraduate,6.0,In Person,2021
2648,EMSC6022,Planetary Science,Second Semester,Postgraduate,6.0,In Person,2021
2649,EMSC3022,Planetary Science,Second Semester,Undergraduate,6.0,In Person,2021
2650,LAWS8146,Planning and Environmental Impact Assessment,,Postgraduate,6.0,Online or In Person,2021
2651,LEGW8137,Planning and Environmental Practice,,Postgraduate,3.0,Online,2021
2652,BIOL6125,Plants and Global Climate Change,Second Semester,Postgraduate,6.0,In Person,2021
2653,BIOL3125,Plants and Global Climate Change,Second Semester,Undergraduate,6.0,In Person,2021
2654,BIOL3002,Plants: Genes and the Environment,First Semester,Undergraduate,6.0,In Person,2021
2655,BIOL6002,Plants: Genes to Environment,First Semester,Postgraduate,6.0,In Person,2021
2656,ENGL6032,Poetry in English from Shakespeare to Postmodernism,First Semester,Postgraduate,6.0,In Person,2021
2657,ENGL2084,Poetry in English from Shakespeare to Postmodernism,First Semester,Undergraduate,6.0,In Person,2021
2658,ARTH8022,Points of View: Independent Research Strategies in Art and Design,Autumn Session,Postgraduate,6.0,In Person,2021
2659,CRIM2013,Policing,,Undergraduate,6.0,In Person,2021
2660,CRIM6013,Policing,,Postgraduate,6.0,In Person,2021
2661,POGO8083,Policy Advocacy,Second Semester,Postgraduate,6.0,In Person,2021
2662,CRWF7002,Policy Field School,,Postgraduate,6.0,In Person,2021
2663,POGO8101,Policy Process and Analysis,,Postgraduate,6.0,In Person,2021
2664,POGO8096,Policy Research,Second Semester,Postgraduate,6.0,In Person,2021
2665,POGO8233,Policy Tools & Mixes,,Postgraduate,3.0,In Person,2021
2666,POLS2102,Political Belief and Deceit,,Undergraduate,6.0,In Person,2021
2667,PASI8009,Political Economy of Elections in Melanesia,Winter Session,Postgraduate,6.0,Online or In Person,2021
2668,ECON3053,Political Economy of Macroeconomic Policy,,Undergraduate,6.0,In Person,2021
2669,ECON8070,Political Economy of Macroeconomic Policy,,Postgraduate,6.0,In Person,2021
2670,POGO8082,Political Institutions and Policy Processes,,Postgraduate,6.0,In Person,2021
2671,POLS3039,Political Leadership and Executive Government,,Undergraduate,6.0,In Person,2021
2672,PASI3001,Politics and Development in the Contemporary Pacific,First Semester,Undergraduate,6.0,In Person,2021
2673,ASIA2049,Politics and Society in Contemporary Korea,,Undergraduate,6.0,In Person,2021
2674,POLS2025,Politics in Britain,,Undergraduate,6.0,In Person,2021
2675,POLS3070,Politics in Central Asia,First Semester,Undergraduate,6.0,In Person,2021
2676,POLS2095,Politics in Latin America,First Semester,Undergraduate,6.0,In Person,2021
2677,POLS2069,Politics in Russia,First Semester,Undergraduate,6.0,In Person,2021
2678,POLS2031,Politics in the Middle East,Second Semester,Undergraduate,6.0,In Person,2021
2679,ARTV6810,"Politics of Bodies: Sculpture, Figure Modelling, Performance and Choreography",,Postgraduate,6.0,In Person,2021
2680,ARTV2810,"Politics of Bodies: Sculpture, Figure Modelling, Performance and Choreography",,Undergraduate,6.0,In Person,2021
2681,ARTV2802,"Politics of Memory: Video Installation, Sculpture, Documentary and Monuments",Second Semester,Undergraduate,6.0,In Person,2021
2682,ARTV6822,"Politics of Memory: Video Installation, Sculpture, Documentary and Monuments",Second Semester,Postgraduate,6.0,In Person,2021
2683,STST2124,Politics of Nuclear Weapons,,Undergraduate,6.0,In Person,2021
2684,ARTV2820,"Politics of Spaces: Installation, Sculpture and Spatial Practice",First Semester,Undergraduate,6.0,In Person,2021
2685,ARTV6820,"Politics of Spaces: Installation, Sculpture and Spatial Practice",First Semester,Postgraduate,6.0,In Person,2021
2686,ASIA2074,Popular Culture in East Asia,Summer Session,Undergraduate,6.0,In Person,2021
2687,ASIA6074,Popular Culture in East Asia,Summer Session,Postgraduate,6.0,In Person,2021
2688,MUSI6006,Popular Music: In Culture and in Context,First Semester,Postgraduate,6.0,Online or In Person,2021
2689,MUSI3317,Popular Music: In Culture and in Context,First Semester,Undergraduate,6.0,In Person,2021
2690,DEMO2002,Population Analysis,First Semester,Undergraduate,6.0,In Person,2021
2691,POPH4005,Population Health Honours project,First Semester/Second Semester,Undergraduate,6.0,Online or In Person,2021
2692,DEMO8090,Population Issues in Asia and their Implications for World Development,,Postgraduate,6.0,In Person,2021
2693,DEMO3001,Population Policy Case Studies,Second Semester,Undergraduate,6.0,In Person,2021
2694,DEMO8091,Population Projections and Dynamics,Second Semester,Postgraduate,6.0,In Person,2021
2695,DEMO4091,Population Projections and Dynamics,,Undergraduate,6.0,In Person,2021
2696,DEMO8024,Population and Society: Theory and Empirical Perspectives,First Semester,Postgraduate,6.0,In Person,2021
2697,DEMO8088,"Population, Climate Change and Sustainable Development",,Postgraduate,6.0,In Person,2021
2698,SOCY2167,"Populism in Media, Culture and Society",,Undergraduate,6.0,In Person,2021
2699,FINM3008,Portfolio Construction,First Semester/Second Semester,Undergraduate,6.0,In Person,2021
2700,LAWS8314,Post Conflict Situations and International Law,,Postgraduate,6.0,In Person,2021
2701,ARTV6614,Post-Digital Photography: Bending the Image,First Semester,Postgraduate,6.0,Online or In Person,2021
2702,ARTV1614,Post-Digital Photography: Bending the Image,First Semester,Undergraduate,6.0,Online or In Person,2021
2703,ARCH2037,Post-Roman Archaeology of Britain: From Arthur to the Black Death,,Undergraduate,6.0,In Person,2021
2704,ARCH6037,Post-Roman Archaeology of Britain: From Arthur to the Black Death,,Postgraduate,6.0,In Person,2021
2705,PHIL9011,Postgraduate Training in Philosophy: Foundations Seminar,First Semester/Autumn Session/Second Semester/Spring Session,Postgraduate,12.0,In Person,2021
2706,GEND3001,Posthuman Bodies,First Semester,Undergraduate,6.0,In Person,2021
2707,SOCY3010,Posthuman Bodies,First Semester,Undergraduate,6.0,In Person,2021
2708,ARTV2821,"Posthuman Sculpture Practice with Active Materials: Bronze Casting, 3D Modelling and Bio Art",,Undergraduate,6.0,In Person,2021
2709,ARTV6821,"Posthuman Sculpture Practice with Active Materials: Bronze Casting, 3D Modelling and Bio Art",,Postgraduate,6.0,In Person,2021
2710,GEND6501,Posthuman bodies,First Semester,Postgraduate,6.0,In Person,2021
2711,POGO8004,Poverty Reduction,,Postgraduate,6.0,In Person,2021
2712,ENGN6625,Power Systems and Power Electronics,Second Semester,Postgraduate,6.0,In Person,2021
2713,ENGN4625,Power Systems and Power Electronics,Second Semester,Undergraduate,6.0,In Person,2021
2714,POLS2136,Power and influence in world politics,,Undergraduate,6.0,In Person,2021
2715,LAWS4316,Practical Evidence,,Undergraduate,6.0,Online,2021
2716,ENGN3100,Practical Experience,Summer Session/First Semester/Winter Session/Second Semester,Undergraduate,0.0,In Person,2021
2717,POGO8140,Practice-Based Project,,Postgraduate,12.0,In Person,2021
2718,ARTV8038,Practice-led Research Project,First Semester/Second Semester,Postgraduate,6.0,In Person,2021
2719,ARTV8040,Practice-led Research Project - Extended,First Semester/Second Semester,Postgraduate,18.0,In Person,2021
2720,ARTV8039,Practice-led Research Project - Major,First Semester/Second Semester,Postgraduate,12.0,In Person,2021
2721,DESA1021,Precise Drawing and Model Making,First Semester/Second Semester,Undergraduate,6.0,In Person,2021
2722,PSYC8513,Preparation for Professional Psychology Placement,First Semester,Postgraduate,6.0,In Person,2021
2723,POLS2043,Pressure Groups and Political Lobbying,First Semester,Undergraduate,6.0,In Person,2021
2724,BIAN6514,Primate Behaviour and Conservation,Second Semester,Postgraduate,6.0,Online or In Person,2021
2725,BIAN3127,Primate Behaviour and Conservation,Second Semester,Undergraduate,6.0,Online or In Person,2021
2726,LEGM8003,Principles of Australian Migration Law and Practice,First Semester,Postgraduate,6.0,Online,2021
2727,PHYS8013,Principles of Energy Generation and Transformation,First Semester,Postgraduate,6.0,In Person,2021
2728,LEGM8150,Principles of Evidence Under the Uniform Act,First Semester,Postgraduate,6.0,Online,2021
2729,LAWS8182,Principles of International Law,Summer Session/Spring Session,Postgraduate,6.0,Online or In Person,2021
2730,MGMT8999,Principles of Management,Autumn Session/Spring Session,Postgraduate,0.0,In Person,2021
2731,STAT6039,Principles of Mathematical Statistics,Summer Session/First Semester/Second Semester,Postgraduate,6.0,In Person,2021
2732,STAT6013,Principles of Mathematical Statistics for Actuarial Studies,First Semester/Second Semester,Postgraduate,6.0,In Person,2021
2733,DEMO8008,Principles of Population Analysis,First Semester,Postgraduate,6.0,In Person,2021
2734,COMP6361,Principles of Programming Languages,Second Semester,Postgraduate,6.0,In Person,2021
2735,COMP3610,Principles of Programming Languages,Second Semester,Undergraduate,6.0,In Person,2021
2736,POGO8084,Principles of Social Policy,Winter Session,Postgraduate,6.0,In Person,2021
2737,BUSN3014,Principles of Tax Law,First Semester/Second Semester,Undergraduate,6.0,In Person,2021
2738,ARTV2708,Printmedia and Drawing: Construct Meaning with Drawing,,Undergraduate,6.0,In Person,2021
2739,ARTV2706,Printmedia and Drawing: Drawing Beyond the Line,First Semester,Undergraduate,6.0,In Person,2021
2740,ARTV2707,Printmedia and Drawing: Extended Etching and Relief Printing,Second Semester,Undergraduate,6.0,In Person,2021
2741,ARTV2723,Printmedia and Drawing: Extended Screen Printing,First Semester,Undergraduate,6.0,In Person,2021
2742,ARTV2727,Printmedia and Drawing: Lithography,,Undergraduate,6.0,In Person,2021
2743,ARTV2717,Printmedia and Drawing: The Book as Art,,Undergraduate,6.0,In Person,2021
2744,ARTV6717,Printmedia and Drawing: The Book as Art,,Postgraduate,6.0,In Person,2021
2745,ARTV2715,Printmedia and Drawing: Typography,,Undergraduate,6.0,In Person,2021
2746,LAWS6304,Prison Legal Literacy Clinic,First Semester/Second Semester,Postgraduate,6.0,In Person,2021
2747,LAWS4304,Prison Legal Literacy Clinic,First Semester/Second Semester,Undergraduate,6.0,In Person,2021
2748,MATH6109,Probability Theory with Applications,First Semester,Postgraduate,6.0,In Person,2021
2749,MATH3029,Probability Theory with Applications,First Semester,Undergraduate,6.0,In Person,2021
2750,ENGN8538,Probability and Stochastic Processes in Engineering,First Semester,Postgraduate,6.0,In Person,2021
2751,LEGM8593,Procurement and Probity Law and Practice,,Postgraduate,6.0,Online,2021
2752,ANUC1101,Professional Communication,First Semester/Second Semester,Undergraduate,6.0,In Person,2021
2753,CRIM3001,Professional Perspectives on Crime and Prevention,Second Semester,Undergraduate,6.0,Online or In Person,2021
2754,ENGN6250,Professional Practice 1,First Semester/Second Semester,Postgraduate,6.0,In Person,2021
2755,MEDI8015B,Professional Practice 1,Second Semester,Postgraduate,0.0,In Person,2021
2756,COMP6250,Professional Practice 1,First Semester/Second Semester,Postgraduate,6.0,In Person,2021
2757,MEDI8015A,Professional Practice 1,First Semester,Postgraduate,0.0,In Person,2021
2758,COMP8260,Professional Practice 2,First Semester/Second Semester,Postgraduate,6.0,In Person,2021
2759,ENGN8260,Professional Practice 2,First Semester/Second Semester,Postgraduate,6.0,In Person,2021
2760,MEDI8025A,Professional Practice 2,First Semester,Postgraduate,0.0,In Person,2021
2761,MEDI8025B,Professional Practice 2,Second Semester,Postgraduate,0.0,In Person,2021
2762,MEDI8035B,Professional Practice 3,Second Semester,Postgraduate,0.0,In Person,2021
2763,MEDI8035A,Professional Practice 3,First Semester,Postgraduate,0.0,In Person,2021
2764,MEDI8045A,Professional Practice 4,First Semester,Postgraduate,0.0,In Person,2021
2765,MEDI8045B,Professional Practice 4,Second Semester,Postgraduate,0.0,In Person,2021
2766,LEGW8142,Professional Practice Core,Summer Session,Postgraduate,18.0,Online,2021
2767,HLTH3002,Professional Practice in Health Science,First Semester/Second Semester,Undergraduate,6.0,In Person,2021
2768,ARTV2027,Professional Practice: Economies and Ecologies in the Australian Cultural Sector,Second Semester,Undergraduate,6.0,In Person,2021
2769,ARTV6027,Professional Practice: Economies and Ecologies in the Australian Cultural Sector,Second Semester,Postgraduate,6.0,In Person,2021
2770,ARTV2028,Professional Practices Internship,,Undergraduate,6.0,In Person,2021
2771,ARTV6028,Professional Practices Internship,,Postgraduate,6.0,In Person,2021
2772,PSYC8522,Professional Psychology Placement,Second Semester,Postgraduate,12.0,In Person,2021
2773,PSYC8412,Professional Psychology Research Project,First Semester/Second Semester,Postgraduate,6.0,In Person,2021
2774,CRIM6001,Professional perspectives on crime and prevention,Second Semester,Postgraduate,6.0,Online or In Person,2021
2775,POGO8117,Program Management,,Postgraduate,6.0,In Person,2021
2776,COMP1100,Programming as Problem Solving,First Semester/Second Semester,Undergraduate,6.0,In Person,2021
2777,COMP1130,Programming as Problem Solving (Advanced),First Semester,Undergraduate,6.0,In Person,2021
2778,COMP1730,Programming for Scientists,First Semester/Second Semester,Undergraduate,6.0,In Person,2021
2779,COMP6730,Programming for Scientists,First Semester/Second Semester,Postgraduate,6.0,In Person,2021
2780,HUMN4005,Project Development and Critical Theory in Digital Humanities,Second Semester,Undergraduate,6.0,Online or In Person,2021
2781,MGMT8170,Project Management Masters Thesis,First Semester/Second Semester,Postgraduate,6.0,In Person,2021
2782,INFS3059,Project Management and Information Systems,Second Semester,Undergraduate,6.0,In Person,2021
2783,MGMT7024,Project Monitoring and Control,First Semester,Postgraduate,6.0,In Person,2021
2784,MGMT8005,Project Risk and Issues Management,Second Semester,Postgraduate,6.0,In Person,2021
2785,COMP6715,Project Work in Computing,First Semester/Second Semester,Postgraduate,6.0,In Person,2021
2786,COMP3740,Project Work in Computing,First Semester/Second Semester,Undergraduate,6.0,In Person,2021
2787,CECS8002,Projects in Applied Cybernetics,Summer Session/First Semester/Autumn Session,Postgraduate,6.0,In Person,2021
2788,NSPO8045,Propaganda and information war,Spring Session,Postgraduate,3.0,In Person,2021
2789,NSPO8027,"Propaganda, Information War and National Security",,Postgraduate,6.0,In Person,2021
2790,LAWS2204,Property,First Semester,Undergraduate,6.0,Online or In Person,2021
2791,LAWS6204,Property,First Semester,Postgraduate,6.0,Online or In Person,2021
2792,PSYC8413,Psychological Assessment,First Semester,Postgraduate,6.0,In Person,2021
2793,PSYC8421,Psychological Interventions,Second Semester,Postgraduate,6.0,In Person,2021
2794,PSYC1003,"Psychology 1: Understanding Mind, Brain and Behaviour",First Semester,Undergraduate,6.0,In Person,2021
2795,PSYC1004,Psychology 2: Understanding People in Context,Second Semester,Undergraduate,6.0,In Person,2021
2796,PSYC4011,Psychology Honours,Summer Session/First Semester/Second Semester/Spring Session,Undergraduate,12.0,In Person,2021
2797,PSYC3030,Psychology Undergraduate Research Experience,Summer Session/First Semester/Second Semester,Undergraduate,6.0,In Person,2021
2798,PSYC2201,Psychology: From Problems to Solutions,,Undergraduate,6.0,Online or In Person,2021
2799,PSYC6025,Psychopathology Across the Lifespan,,Postgraduate,6.0,In Person,2021
2800,PSYC3025,Psychopathology Across the Lifespan,First Semester,Undergraduate,6.0,In Person,2021
2801,POGO8137,Public Administration: Legal and Organisational Foundations,Second Semester,Postgraduate,6.0,In Person,2021
2802,POLS2130,Public Choice and Politics,First Semester,Undergraduate,6.0,In Person,2021
2803,POGO8048,Public Finance,,Postgraduate,6.0,In Person,2021
2804,POGO8301,Public Financial Management,Winter Session,Postgraduate,6.0,In Person,2021
2805,POPH8106,Public Health Research Project,Summer Session/First Semester/Autumn Session/Winter Session/Second Semester/Spring Session,Postgraduate,6.0,Online or In Person,2021
2806,POPH8317,Public Health Surveillance,,Postgraduate,6.0,In Person,2021
2807,LAWS4284,Public Interest Law Clinic,,Undergraduate,6.0,In Person,2021
2808,LAWS6284,Public Interest Law Clinic,,Postgraduate,6.0,In Person,2021
2809,CRWF8020,Public Policy Professional Experience,Summer Session/First Semester/Autumn Session/Winter Session/Second Semester/Spring Session,Postgraduate,0.0,In Person,2021
2810,CRWF8019,Public Policy and Professional Internship,Summer Session/First Semester/Autumn Session/Winter Session/Second Semester/Spring Session,Postgraduate,6.0,In Person,2021
2811,POLS2002,Public Policy: Theory and Practice,Second Semester,Undergraduate,6.0,In Person,2021
2812,BUSN3006,Public Sector Accounting,Second Semester,Undergraduate,6.0,In Person,2021
2813,BUSN7006,Public Sector Accounting and Reporting,Second Semester,Postgraduate,6.0,In Person,2021
2814,ECON4434,Public Sector Economics,First Semester,Undergraduate,6.0,In Person,2021
2815,ECON8034,Public Sector Economics,First Semester,Postgraduate,6.0,In Person,2021
2816,ECON2131,Public Sector Economics (P),First Semester,Undergraduate,6.0,In Person,2021
2817,LAWS8522,Public Sector Employment Law,Winter Session,Postgraduate,6.0,Online or In Person,2021
2818,POGO8021,Public Sector Ethics,Second Semester,Postgraduate,6.0,Online or In Person,2021
2819,POGO8062,Public Sector Management,First Semester,Postgraduate,6.0,In Person,2021
2820,CRIM2008,Punishment and Society: An Introduction to Penology,,Undergraduate,6.0,In Person,2021
2821,CHMD8004,Qualitative Methodologies for Health Research,First Semester,Postgraduate,6.0,Online or In Person,2021
2822,POLS3045,Qualitative Methods in Political Science Research,,Undergraduate,6.0,In Person,2021
2823,SOCR8003,Qualitative Research Analysis,Second Semester,Postgraduate,6.0,In Person,2021
2824,SOCR4003,Qualitative Research Analysis,Second Semester,Undergraduate,6.0,In Person,2021
2825,MGMT4018,Qualitative Research Methods,First Semester,Undergraduate,6.0,In Person,2021
2826,MGMT8018,Qualitative Research Methods,First Semester,Postgraduate,6.0,In Person,2021
2827,ENVS6014,Qualitative Research Methods for Sustainability,,Postgraduate,6.0,In Person,2021
2828,ENVS2014,Qualitative Research Methods for Sustainability,,Undergraduate,6.0,In Person,2021
2829,LING8026,Qualitative Research Methods in Language Studies,First Semester,Postgraduate,6.0,In Person,2021
2830,LING9026,Qualitative Research Methods in Language Studies,First Semester,Postgraduate,6.0,In Person,2021
2831,POLS8044,Qualitative Research in Politics,Second Semester,Postgraduate,6.0,In Person,2021
2832,POLS4044,Qualitative Research in Politics,Second Semester,Undergraduate,6.0,In Person,2021
2833,SOCR4008,Qualitative Social Research,First Semester,Undergraduate,6.0,In Person,2021
2834,SOCR8008,Qualitative data collection,First Semester,Postgraduate,6.0,In Person,2021
2835,IDEC8014,Quantitative Financial Economics,Second Semester,Postgraduate,6.0,In Person,2021
2836,IDEC8010,Quantitative International Economics,,Postgraduate,6.0,In Person,2021
2837,PSYC2009,Quantitative Methods in Psychology,First Semester,Undergraduate,6.0,In Person,2021
2838,IDEC8026,Quantitative Policy Impact Evaluation,Second Semester,Postgraduate,6.0,In Person,2021
2839,STAT1008,Quantitative Research Methods,First Semester/Second Semester,Undergraduate,6.0,In Person,2021
2840,LING9027,Quantitative Research Methods in Linguistics,Second Semester,Postgraduate,6.0,In Person,2021
2841,LING8027,Quantitative Research Methods in Linguistics,Second Semester,Postgraduate,6.0,In Person,2021
2842,MGMT8019,Quantitative Research Methods in Management,First Semester,Postgraduate,6.0,In Person,2021
2843,MGMT4019,Quantitative Research Methods in Management,First Semester,Undergraduate,6.0,In Person,2021
2844,POLS8042,Quantitative Research for Political Science,First Semester,Postgraduate,12.0,In Person,2021
2845,SOCR4009,Quantitative Social Research,Autumn Session/Second Semester,Undergraduate,6.0,In Person,2021
2846,SOCR8009,Quantitative data collection,,Postgraduate,6.0,In Person,2021
2847,PHYS6201,Quantum Field Theory,Second Semester,Postgraduate,6.0,In Person,2021
2848,PHYS3201,Quantum Field Theory,Second Semester,Undergraduate,6.0,In Person,2021
2849,PHYS8302,Quantum Field Theory II,First Semester,Postgraduate,6.0,In Person,2021
2850,PHYS8752,Quantum Industry,Second Semester,Postgraduate,6.0,In Person,2021
2851,PHYS2013,Quantum Mechanics,First Semester,Undergraduate,6.0,In Person,2021
2852,PHYS6013,Quantum Mechanics,First Semester,Postgraduate,6.0,In Person,2021
2853,PHYS4304,Quantum Scattering,First Semester,Undergraduate,6.0,In Person,2021
2854,PHYS8304,Quantum Scattering,First Semester,Postgraduate,6.0,In Person,2021
2855,PHYS8751,Quantum Technology,Second Semester,Postgraduate,6.0,In Person,2021
2856,ENGL6034,Queens and Tyrants: Gender and Power in Drama 1580-1630,Second Semester,Postgraduate,6.0,In Person,2021
2857,ENGL3034,Queens and Tyrants: Gender and Power in Drama 1580-1630,Second Semester,Undergraduate,6.0,In Person,2021
2858,FINM8500,RSFAS Masters Thesis,First Semester/Second Semester,Postgraduate,12.0,In Person,2021
2859,ACST8500,RSFAS Masters Thesis,First Semester/Second Semester,Postgraduate,12.0,In Person,2021
2860,STAT8500,RSFAS Masters Thesis,First Semester/Second Semester,Postgraduate,6.0,In Person,2021
2861,INTR8083,Race and Global Politics: Re-imagining a Discipline,,Postgraduate,6.0,In Person,2021
2862,HIST6133,"Race and Racism in Western Culture, c.1450–1950",Second Semester,Postgraduate,6.0,Online or In Person,2021
2863,HIST2133,"Race and Racism in Western Culture, c.1450–1950",Second Semester,Undergraduate,6.0,In Person,2021
2864,ASIA8023,"Race, Culture, and the Asian Body in the Age of Biotech",Spring Session,Postgraduate,6.0,Online or In Person,2021
2865,POLS2135,"Race, Ethnicity and Representation",First Semester,Undergraduate,6.0,Online,2021
2866,INTR8079,Radical and Reactionary Ideas in International Politics,,Postgraduate,6.0,In Person,2021
2867,PHYS3701,Rapid Prototyping and Systems Integration,First Semester/Second Semester,Undergraduate,6.0,In Person,2021
2868,PHYS6701,Rapid Prototyping and Systems Integration,First Semester/Second Semester,Postgraduate,6.0,In Person,2021
2869,PHIL2125,Rationality and Social Cooperation,First Semester,Undergraduate,6.0,In Person,2021
2870,PHYS8202,Reactor Science,First Semester,Postgraduate,6.0,In Person,2021
2871,CHST3211,Reading China: Past and Present,First Semester,Undergraduate,6.0,Online or In Person,2021
2872,CHST6211,Reading China: Past and Present,First Semester,Postgraduate,6.0,Online or In Person,2021
2873,CHST6212,Reading Chinese Literature: Theory and Criticism,Second Semester,Postgraduate,6.0,Online or In Person,2021
2874,CHST3212,Reading Chinese Literature: Theory and Criticism,Second Semester,Undergraduate,6.0,Online or In Person,2021
2875,ENGL4019,Reading Context: Topics in Production and Reception of Texts,Second Semester,Undergraduate,12.0,Online or In Person,2021
2876,ENGL8019,Reading Context: Topics in Production and Reception of Texts,Second Semester,Postgraduate,12.0,Online or In Person,2021
2877,GEND1002,Reading Popular Culture: An Introduction to Cultural Studies,Second Semester,Undergraduate,6.0,In Person,2021
2878,GEND6002,Reading Popular Culture: An Introduction to Cultural Studies,Second Semester,Postgraduate,6.0,In Person,2021
2879,RUSS1003,Reading Russian for Academic Purposes I,First Semester,Undergraduate,6.0,In Person,2021
2880,RUSS6002,Reading Russian for Academic Purposes I,First Semester,Postgraduate,6.0,In Person,2021
2881,RUSS1004,Reading Russian for Academic Purposes II,Second Semester,Undergraduate,6.0,In Person,2021
2882,RUSS6003,Reading Russian for Academic Purposes II,Second Semester,Postgraduate,6.0,In Person,2021
2883,ENGL1013,Reading across Time and Space: Literary Contexts,Second Semester,Undergraduate,6.0,In Person,2021
2884,INTR9072,"Reading, thinking, Doing International Relations",,Postgraduate,6.0,In Person,2021
2885,LING8003,Readings in Applied Linguistics,First Semester/Second Semester,Postgraduate,6.0,Online or In Person,2021
2886,ARTH8016,Readings in Art History and Curatorial Studies,First Semester/Second Semester,Postgraduate,6.0,Online or In Person,2021
2887,ASIA3012,Readings in Asian Societies and Histories,First Semester/Second Semester,Undergraduate,6.0,In Person,2021
2888,ASIA6512,Readings in Asian Societies and Histories,,Postgraduate,6.0,In Person,2021
2889,CLAS4008,Readings in Classics,Second Semester,Undergraduate,6.0,In Person,2021
2890,CLAS8008,Readings in Classics,Second Semester,Postgraduate,6.0,In Person,2021
2891,HIST8021,Readings in History,First Semester/Second Semester,Postgraduate,6.0,Online or In Person,2021
2892,PASI3012,Readings in Indigenous Studies,First Semester/Second Semester,Undergraduate,6.0,In Person,2021
2893,INDG9002,Readings in Indigenous Studies,First Semester/Second Semester,Postgraduate,6.0,In Person,2021
2894,NEUR8701,Readings in Neuroscience,First Semester/Second Semester,Postgraduate,6.0,In Person,2021
2895,PHIL4009,Readings in Philosophy,First Semester/Second Semester,Undergraduate,6.0,In Person,2021
2896,BIAN8003,Readings in Primatology/Palaeoanthropology,First Semester/Second Semester,Postgraduate,6.0,In Person,2021
2897,LEGW8152,Ready For Practice,Summer Session/Autumn Session/Winter Session/Spring Session,Postgraduate,6.0,Online,2021
2898,COMP4330,Real-Time & Embedded Systems,,Undergraduate,6.0,In Person,2021
2899,COMP8330,Real-Time Embedded Systems,,Postgraduate,6.0,In Person,2021
2900,ASIA6042,Reconciliation and the Memory of Conflict in Asia,First Semester,Postgraduate,6.0,In Person,2021
2901,ASIA3029,Reconciliation and the memory of conflict in Asia,First Semester,Undergraduate,6.0,In Person,2021
2902,BIOL3178,Recovering Threatened Species and Ecosystems,First Semester,Undergraduate,6.0,In Person,2021
2903,BIOL6178,Recovering Threatened Species and Ecosystems,First Semester,Postgraduate,6.0,In Person,2021
2904,REGN8011,Reforming Law and Justice in Asia and the Pacific,,Postgraduate,6.0,In Person,2021
2905,CHMD8011,Refugee Health: From Displacement to Resettlement,First Semester,Postgraduate,6.0,Online or In Person,2021
2906,LAWS8471,Refugee Law,First Semester,Postgraduate,6.0,Online or In Person,2021
2907,LAWS4271,Refugee Law,First Semester,Undergraduate,6.0,Online or In Person,2021
2908,LAWS8656,Refugee Law and Practice in Australia,,Postgraduate,6.0,Online,2021
2909,POLS2101,Refugee Politics: Displacement and Exclusion in the 20th and 21st Centuries,Second Semester,Undergraduate,6.0,In Person,2021
2910,POLS6101,Refugee Politics: Displacement and Exclusion in the 20th and 21st Centuries,Second Semester,Postgraduate,6.0,In Person,2021
2911,INTR8082,Regionalism and Southeast Asia,Autumn Session,Postgraduate,6.0,In Person,2021
2912,INTR2028,"Regionalism, Rights and Order in Southeast Asia",,Undergraduate,6.0,In Person,2021
2913,STAT2008,Regression Modelling,First Semester/Second Semester,Undergraduate,6.0,In Person,2021
2914,STAT4038,Regression Modelling,First Semester/Second Semester,Undergraduate,6.0,In Person,2021
2915,STAT6038,Regression Modelling,First Semester/Autumn Session/Second Semester,Postgraduate,6.0,In Person,2021
2916,STAT6014,Regression Modelling for Actuarial Studies,First Semester/Second Semester,Postgraduate,6.0,In Person,2021
2917,STAT2014,Regression Modelling for Actuarial Studies,First Semester/Second Semester,Undergraduate,6.0,In Person,2021
2918,REGN8051,Regulating Asia,,Postgraduate,3.0,In Person,2021
2919,REGN8049,Regulating Disruptive Technologies,Spring Session,Postgraduate,3.0,In Person,2021
2920,REGN9052,Regulation and Governance,Autumn Session,Postgraduate,6.0,In Person,2021
2921,REGN8052,Regulation and Governance,Autumn Session,Postgraduate,6.0,In Person,2021
2922,REGN8009,Regulation and Governance Research Project,First Semester/Second Semester,Postgraduate,6.0,In Person,2021
2923,REGN8057,Regulation and Governance Research and Practice Clinic,,Postgraduate,6.0,In Person,2021
2924,LAWS8589,Regulation of Religious Activities,,Postgraduate,6.0,In Person,2021
2925,COMP6240,Relational Databases,Second Semester,Postgraduate,6.0,In Person,2021
2926,COMP2400,Relational Databases,Second Semester,Undergraduate,6.0,In Person,2021
2927,GEND2057,"Relationships, Marriage and Family",,Undergraduate,6.0,In Person,2021
2928,SOCY2057,"Relationships, Marriage and Family",,Undergraduate,6.0,In Person,2021
2929,MATH3329,"Relativity, Black Holes and Cosmology",,Undergraduate,6.0,In Person,2021
2930,HIST2172,"Remembering Anzac: A study tour of commemorative landscapes, museums and memorials across Australia",Winter Session,Undergraduate,12.0,In Person,2021
2931,ARTH2168,Renaissance and Baroque Art,Second Semester,Undergraduate,6.0,In Person,2021
2932,ARTH6168,Renaissance and Baroque Art,Second Semester,Postgraduate,6.0,In Person,2021
2933,MUSC8019,"Repatriation: Principles, Policy and Practice",Winter Session,Postgraduate,6.0,Online or In Person,2021
2934,CHMD8005,"Representing Medicine: Performance, Drama and Identity",Second Semester,Postgraduate,6.0,Online or In Person,2021
2935,COMP8100,Requirements Elicitation and Analysis Techniques,,Postgraduate,6.0,In Person,2021
2936,POGO9096,Research Design,Autumn Session,Postgraduate,12.0,In Person,2021
2937,BIAN6019,Research Design and Analysis in Archaeological and Evolutionary Science,Second Semester,Postgraduate,6.0,In Person,2021
2938,BIAN3014,Research Design and Analysis in Biological Anthropology,Second Semester,Undergraduate,6.0,In Person,2021
2939,ANTH8070,Research Design and Field Methods in Anthropology,First Semester,Postgraduate,6.0,In Person,2021
2940,POPH4315,Research Design and Methods,First Semester,Undergraduate,6.0,Online or In Person,2021
2941,POPH8315,Research Design and Methods,First Semester,Postgraduate,6.0,Online or In Person,2021
2942,ARCH8106,Research Design and Research Proposal,First Semester/Second Semester,Postgraduate,12.0,In Person,2021
2943,ASIA9075,"Research Design and Writing in International, Political and Strategic Studies",Autumn Session,Postgraduate,6.0,In Person,2021
2944,POLS8058,Research Design in Political Science,,Postgraduate,6.0,In Person,2021
2945,ACST8050,Research Essay in Actuarial Studies,First Semester/Second Semester,Postgraduate,6.0,In Person,2021
2946,STAT8053,Research Essay in Statistics,First Semester/Second Semester,Postgraduate,6.0,In Person,2021
2947,SOCY3001,Research Internship,Second Semester,Undergraduate,6.0,In Person,2021
2948,PSYC8411,Research Methods and Statistics in Professional Psychology,First Semester,Postgraduate,6.0,In Person,2021
2949,EMSC4017,Research Methods for Earth Sciences,First Semester/Second Semester,Undergraduate,6.0,In Person,2021
2950,EMSC8017,Research Methods for Earth Sciences,First Semester/Second Semester,Postgraduate,6.0,In Person,2021
2951,EMDV8102,Research Methods for Environmental Management,First Semester,Postgraduate,6.0,In Person,2021
2952,SCOM4019,Research Methods for Science Communication,First Semester,Undergraduate,6.0,Online or In Person,2021
2953,DIPL8000,Research Methods in Diplomacy,,Postgraduate,6.0,In Person,2021
2954,DIPL9000,Research Methods in Diplomacy,,Postgraduate,6.0,In Person,2021
2955,NSPO9020,Research Methods in National Security Policy,,Postgraduate,6.0,In Person,2021
2956,SCOM8019,Research Methods in Science Communication,First Semester,Postgraduate,6.0,Online or In Person,2021
2957,HLTH1002,Research Methods in the Health Sciences,Second Semester,Undergraduate,6.0,In Person,2021
2958,EMSC8034,Research Orientation: Big Questions in the Earth Sciences,First Semester/Second Semester,Postgraduate,6.0,In Person,2021
2959,BIOL8291,Research Presentation Skills,First Semester/Second Semester,Postgraduate,6.0,In Person,2021
2960,DESA4001,Research Principles and Methods 1,,Undergraduate,12.0,Online or In Person,2021
2961,ARTV4022,Research Principles and Methods 1,First Semester,Undergraduate,12.0,Online or In Person,2021
2962,DESA4002,Research Principles and Methods 2,,Undergraduate,12.0,Online or In Person,2021
2963,ARTV4023,Research Principles and Methods 2,Second Semester,Undergraduate,12.0,Online or In Person,2021
2964,IDEC8033,Research Project,First Semester/Second Semester,Postgraduate,6.0,In Person,2021
2965,EMDV8066,Research Project,Second Semester,Postgraduate,12.0,In Person,2021
2966,NSPO8037,Research Project,Second Semester,Postgraduate,6.0,In Person,2021
2967,BIOL8701,Research Project,Summer Session/First Semester/Second Semester,Postgraduate,6.0,In Person,2021
2968,ENGN8601,Research Project,First Semester,Postgraduate,6.0,In Person,2021
2969,ENGN8602,Research Project,First Semester/Second Semester,Postgraduate,6.0,In Person,2021
2970,MEDI8013A,Research Project,First Semester,Postgraduate,3.0,In Person,2021
2971,MEDI8013B,Research Project,Second Semester,Postgraduate,3.0,In Person,2021
2972,POGO8135,Research Project (12 units),Second Semester,Postgraduate,12.0,In Person,2021
2973,POGO8035,Research Project (6 units),First Semester/Second Semester,Postgraduate,6.0,In Person,2021
2974,MEDI8023,Research Project (Advanced),Second Semester,Postgraduate,3.0,In Person,2021
2975,CHEM8003,Research Project in Chemistry,,Postgraduate,6.0,In Person,2021
2976,CHEM3060,Research Project in Chemistry,Summer Session/First Semester/Second Semester,Undergraduate,6.0,In Person,2021
2977,PHYS8170,Research Project in Photonics,First Semester/Second Semester,Postgraduate,6.0,In Person,2021
2978,BIOL8700,Research Proposal,First Semester/Second Semester,Postgraduate,12.0,In Person,2021
2979,EMDV8008,Research Proposal,First Semester,Postgraduate,6.0,Online or In Person,2021
2980,LAWS8657,Research Skills (Migration),,Postgraduate,6.0,Online,2021
2981,BIOL3202,Research Skills in Biology,,Undergraduate,6.0,In Person,2021
2982,LANG4004,Research Tools in Advanced Language Studies,,Undergraduate,6.0,In Person,2021
2983,PHYS3042,Research Topics Physics,Summer Session/First Semester/Second Semester,Undergraduate,6.0,In Person,2021
2984,JPNS6023,Research Topics in Japanese: History & Society,Second Semester,Postgraduate,6.0,In Person,2021
2985,JPNS3023,Research Topics in Japanese: History & Society,Second Semester,Undergraduate,6.0,In Person,2021
2986,JPNS6025,Research Topics in Japanese: International Relations & Politics,First Semester,Postgraduate,6.0,In Person,2021
2987,JPNS3024,Research Topics in Japanese: International Relations & Politics,First Semester,Undergraduate,6.0,In Person,2021
2988,PHYS8505,Research Topics in Photonics,First Semester/Winter Session/Second Semester,Postgraduate,6.0,In Person,2021
2989,ASIA3083,Research Topics in South and Southeast Asian Languages A,First Semester/Second Semester,Undergraduate,6.0,In Person,2021
2990,ASIA6083,Research Topics in South and Southeast Asian Languages A,First Semester/Second Semester,Postgraduate,6.0,In Person,2021
2991,ASIA6108,Research Topics in South and Southeast Asian Languages B,First Semester/Second Semester,Postgraduate,6.0,In Person,2021
2992,ASIA3108,Research Topics in South and Southeast Asian Languages B,First Semester/Second Semester,Undergraduate,6.0,In Person,2021
2993,POLS4011,Research Training: Scope and Methods,First Semester,Undergraduate,12.0,Online or In Person,2021
2994,POLS1009,Research and Writing in Political Science,Second Semester,Undergraduate,6.0,In Person,2021
2995,CLAS8018,Research in Classical Studies,First Semester/Second Semester,Postgraduate,12.0,In Person,2021
2996,EMDV8014,Research in Climate Change Policy and Economics,First Semester/Second Semester,Postgraduate,6.0,Online or In Person,2021
2997,ENVS8013,Research in Climate Change Vulnerability and Adaptation,First Semester,Postgraduate,6.0,In Person,2021
2998,POPM8001,"Research, Treatment, Policy: Current Issues in Mental Health",,Postgraduate,6.0,In Person,2021
2999,INTR8072,"Researching International Relations: Curiosity, Methods and Ethics in the Study of Global Politics",Second Semester,Postgraduate,6.0,In Person,2021
3000,ENGL4020,Researching and Writing the Thesis: A Workshop,First Semester,Undergraduate,6.0,In Person,2021
3001,ENGL8020,Researching and Writing the Thesis: A Workshop,First Semester,Postgraduate,6.0,In Person,2021
3002,ARTV3029,Resolving a Body of Original Contemporary Craft Work,Second Semester,Undergraduate,6.0,In Person,2021
3003,ECON3128,Resource and Environmental Economics,Second Semester,Undergraduate,6.0,In Person,2021
3004,ECON8040,Resource and Environmental Economics,Second Semester,Postgraduate,6.0,In Person,2021
3005,EMDV8018,"Resources, environment and politics in Australia",,Postgraduate,6.0,In Person,2021
3006,LAWS8454,Restitution,First Semester,Postgraduate,6.0,Online or In Person,2021
3007,LAWS4254,Restitution,First Semester,Undergraduate,6.0,Online or In Person,2021
3008,REGN8005,Restorative Justice in the World,Winter Session,Postgraduate,6.0,In Person,2021
3009,ASIA3033,"Rethinking Northeast Asia: Region, Culture and Society",Second Semester,Undergraduate,6.0,In Person,2021
3010,ASIA8011,"Rethinking Northeast Asia: Region, Culture and Society",Second Semester,Postgraduate,6.0,In Person,2021
3011,ENGL2038,"Revolution and Romanticism in British Literature, 1789-1832",,Undergraduate,6.0,In Person,2021
3012,ENGL6038,"Revolution and Romanticism in British Literature, 1789-1832",,Postgraduate,6.0,In Person,2021
3013,INTR8081,Revolutions and World Politics,,Postgraduate,6.0,In Person,2021
3014,CLAS3000,Rhetoric: The Art of Persuasion in the Ancient and Modern Worlds,Second Semester,Undergraduate,6.0,In Person,2021
3015,LAWS4319,Rhetoric: The Art of Persuasion in the Ancient and Modern Worlds,Second Semester,Undergraduate,6.0,Online or In Person,2021
3016,CLAS6000,Rhetoric: The Art of Persuasion in the Ancient and Modern Worlds,Second Semester,Postgraduate,6.0,In Person,2021
3017,STAT3057,Risk Modelling 1,First Semester,Undergraduate,6.0,In Person,2021
3018,STAT8057,Risk Modelling 1,First Semester,Postgraduate,6.0,In Person,2021
3019,STAT8058,Risk Modelling 2,Second Semester,Postgraduate,6.0,In Person,2021
3020,STAT3058,Risk Modelling 2,Second Semester,Undergraduate,6.0,In Person,2021
3021,STAT4035,Risk Theory,,Undergraduate,6.0,In Person,2021
3022,STAT8035,Risk Theory,,Postgraduate,6.0,In Person,2021
3023,STAT3035,Risk Theory,,Undergraduate,6.0,In Person,2021
3024,SOCY2008,Risk and Society,,Undergraduate,6.0,In Person,2021
3025,ASIA8047,Rituals of Life and Death in Asia and the Pacific,,Postgraduate,6.0,In Person,2021
3026,ASIA3053,Rituals of Life and Death in Asia and the Pacific,,Undergraduate,6.0,In Person,2021
3027,ENGN6627,Robotics,Second Semester,Postgraduate,6.0,In Person,2021
3028,ENGN4627,Robotics,Second Semester,Undergraduate,6.0,In Person,2021
3029,HIST2239,"Rock, Sex and War: Australia's 1960s - 1970s",,Undergraduate,6.0,In Person,2021
3030,HIST6238,"Rock, Sex and War: Australia's 1960s - 1970s",,Postgraduate,6.0,In Person,2021
3031,ANCH2026,Rome: After Empire (Europe 400–800 AD),,Undergraduate,6.0,In Person,2021
3032,ANCH6026,Rome: After Empire (Europe 400–800 AD),,Postgraduate,6.0,In Person,2021
3033,ANCH6027,Rome: Crisis and Consolidation (193-313 AD),,Postgraduate,12.0,In Person,2021
3034,ANCH2027,Rome: Crisis and Consolidation (193-313 AD),,Undergraduate,12.0,In Person,2021
3035,ANCH6104,Rome: Republic to Empire,,Postgraduate,6.0,In Person,2021
3036,ANCH1014,Rome: Republic to Empire,,Undergraduate,6.0,In Person,2021
3037,CECS8004,"SCALING SYSTEMS SAFELY: ASSURANCE, ETHICS AND GOVERNANCE",,Postgraduate,6.0,In Person,2021
3038,ASIA3011,Samurai Society and Social Control  in Japan,,Undergraduate,6.0,In Person,2021
3039,ASIA6511,Samurai Society and Social Control in Japan,,Postgraduate,6.0,In Person,2021
3040,SKRT1002,Sanskrit 1,First Semester,Undergraduate,6.0,Online or In Person,2021
3041,SKRT6102,Sanskrit 1,First Semester,Postgraduate,6.0,Online or In Person,2021
3042,SKRT1003,Sanskrit 2,Second Semester,Undergraduate,6.0,Online or In Person,2021
3043,SKRT6103,Sanskrit 2,Second Semester,Postgraduate,6.0,Online or In Person,2021
3044,SKRT2103,Sanskrit 3,First Semester,Undergraduate,6.0,Online or In Person,2021
3045,SKRT6160,Sanskrit 3,First Semester,Postgraduate,6.0,Online or In Person,2021
3046,SKRT6107,Sanskrit 4,Second Semester,Postgraduate,6.0,Online or In Person,2021
3047,SKRT2104,Sanskrit 4,Second Semester,Undergraduate,6.0,Online or In Person,2021
3048,SKRT6105,Sanskrit 5,First Semester,Postgraduate,6.0,Online or In Person,2021
3049,SKRT3004,Sanskrit 5,First Semester,Undergraduate,6.0,Online or In Person,2021
3050,SKRT3005,Sanskrit 6,Second Semester,Undergraduate,6.0,Online or In Person,2021
3051,SKRT6106,Sanskrit 6,Second Semester,Postgraduate,6.0,Online or In Person,2021
3052,SKRT3002,Sanskrit 7,First Semester,Undergraduate,6.0,Online or In Person,2021
3053,SKRT6002,Sanskrit 7,First Semester,Postgraduate,6.0,Online or In Person,2021
3054,SKRT3003,Sanskrit 8,Second Semester,Undergraduate,6.0,Online or In Person,2021
3055,SKRT6003,Sanskrit 8,Second Semester,Postgraduate,6.0,Online or In Person,2021
3056,SCOM1001,Science Communication 1: Science and Public Awareness,First Semester,Undergraduate,6.0,In Person,2021
3057,SCOM1002,Science Communication 2: Scientific Evidence and Social Change,Second Semester,Undergraduate,6.0,In Person,2021
3058,SCOM3004,Science Communication Internship,Summer Session/First Semester/Autumn Session/Winter Session/Second Semester/Spring Session,Undergraduate,6.0,In Person,2021
3059,SCOM6004,Science Communication Internship,Summer Session/First Semester/Autumn Session/Winter Session/Second Semester/Spring Session,Postgraduate,6.0,In Person,2021
3060,SCOM6007,Science Communication Project Design and Delivery,Winter Session,Postgraduate,6.0,In Person,2021
3061,SCOM3007,Science Communication Project Design and Delivery,Winter Session,Undergraduate,6.0,In Person,2021
3062,SCOM3003,Science Communication Research Project,First Semester/Second Semester,Undergraduate,6.0,In Person,2021
3063,SCOM3012,Science Communication and the Web,Winter Session,Undergraduate,6.0,In Person,2021
3064,SCOM6012,Science Communication and the Web,Winter Session,Postgraduate,6.0,Online or In Person,2021
3065,SCOM3030,Science Dialogue Theory and Practice,,Undergraduate,6.0,In Person,2021
3066,SCOM6030,Science Dialogue Theory and Practice,,Postgraduate,6.0,Online or In Person,2021
3067,SCNC8001,Science Higher Degree by Research Internship,Summer Session/First Semester/Autumn Session/Winter Session/Second Semester/Spring Session,Postgraduate,3.0,In Person,2021
3068,SCNC4000,Science Honours,First Semester/Second Semester,Undergraduate,6.0,In Person,2021
3069,SCNC3000,Science Internship,Summer Session/First Semester/Autumn Session/Winter Session/Second Semester/Spring Session,Undergraduate,6.0,In Person,2021
3070,SCNC8000,Science Internship,Summer Session/First Semester/Autumn Session/Winter Session/Second Semester/Spring Session,Postgraduate,6.0,In Person,2021
3071,SCNC2000,Science Internship,Summer Session/First Semester/Autumn Session/Winter Session/Second Semester/Spring Session,Undergraduate,6.0,In Person,2021
3072,SCOM3027,Science Politics,Second Semester,Undergraduate,6.0,Online or In Person,2021
3073,SCOM6027,Science Politics,Second Semester,Postgraduate,6.0,Online or In Person,2021
3074,SCNC2021,Science Research Project,Summer Session/First Semester/Autumn Session/Winter Session/Second Semester/Spring Session,Undergraduate,6.0,In Person,2021
3075,SCNC3021,Science Research Project,Summer Session/First Semester/Autumn Session/Winter Session/Second Semester/Spring Session,Undergraduate,6.0,In Person,2021
3076,SCNC8021,Science Research Project,Summer Session/First Semester/Autumn Session/Winter Session/Second Semester/Spring Session,Postgraduate,3.0,In Person,2021
3077,SCOM2006,Science and Humour,Winter Session,Undergraduate,6.0,Online,2021
3078,SCOM6006,Science and Humour,Winter Session,Postgraduate,6.0,Online,2021
3079,SCOM6003,Science in Popular Fiction,Summer Session,Postgraduate,6.0,Online or In Person,2021
3080,SCOM2003,Science in Popular Fiction,Summer Session,Undergraduate,6.0,Online or In Person,2021
3081,PHIL2126,"Science in Society: Ethics, Public Policy and Scientific Practice",,Undergraduate,6.0,In Person,2021
3082,SCOM2016,Science in the Media,First Semester,Undergraduate,6.0,In Person,2021
3083,SCOM6016,Science in the Media,Autumn Session,Postgraduate,6.0,Online or In Person,2021
3084,SCOM2031,"Science, Risk and Ethics",First Semester,Undergraduate,6.0,In Person,2021
3085,SCOM6031,"Science, Risk and Ethics",First Semester,Postgraduate,6.0,Online or In Person,2021
3086,VCPG8138,"Science, Technology and Public Policy",,Postgraduate,6.0,In Person,2021
3087,POGO8138,"Science, Technology and Public Policy",Autumn Session,Postgraduate,6.0,In Person,2021
3088,MATH3511,Scientific Computing,First Semester,Undergraduate,6.0,In Person,2021
3089,MATH6111,Scientific Computing,First Semester,Postgraduate,6.0,In Person,2021
3090,ARCH3042,Scientific Dating in Archaeology and Palaeoenvironmental Studies,Second Semester,Undergraduate,6.0,In Person,2021
3091,ARCH6042,Scientific Dating in Archaeology and Palaeoenvironmental Studies,Second Semester,Postgraduate,6.0,In Person,2021
3092,MATH6103,Scientific and Industrial Modelling,Second Semester,Postgraduate,6.0,In Person,2021
3093,MATH3501,Scientific and Industrial Modelling,Second Semester,Undergraduate,6.0,In Person,2021
3094,SCRN3003,Screen Studies Capstone Project,First Semester/Second Semester,Undergraduate,6.0,In Person,2021
3095,SCRN3002,Screening the Real,First Semester,Undergraduate,6.0,In Person,2021
3096,LING6101,Second Language Acquisition,First Semester,Postgraduate,6.0,In Person,2021
3097,LING2101,Second Language Acquisition,First Semester,Undergraduate,6.0,In Person,2021
3098,STST2001,Security Concepts in the Asia-Pacific,Second Semester,Undergraduate,6.0,In Person,2021
3099,NSPO8049,Security in the Indo-Pacific,Autumn Session,Postgraduate,3.0,In Person,2021
3100,LEGM8584,Select Issues in Bankruptcy and Insolvency,,Postgraduate,6.0,Online,2021
3101,CRWF8012,Selected Themes in Economics and Government,,Postgraduate,6.0,In Person,2021
3102,POGO8102,Selected Themes in Public Policy,,Postgraduate,6.0,In Person,2021
3103,LING4012,Selected Topics in Analysis of a Subsystem of Language,First Semester/Second Semester,Undergraduate,6.0,In Person,2021
3104,LAWS4257,Selected Topics in Australian-United States Comparative Law (ANU),Summer Session,Undergraduate,6.0,Online or In Person,2021
3105,LAWS8457,Selected Topics in Australian-United States Comparative Law (ANU),,Postgraduate,6.0,In Person,2021
3106,LAWS4248,Selected Topics in Australian-United States Comparative Law (Alabama),,Undergraduate,6.0,In Person,2021
3107,LING4010,Selected Topics in Empirical Approaches to Linguistics,First Semester/Second Semester,Undergraduate,6.0,In Person,2021
3108,FREN2021,Selected Topics in French Studies,First Semester/Second Semester,Undergraduate,6.0,In Person,2021
3109,FREN6510,Selected Topics in French Studies,First Semester/Second Semester,Postgraduate,6.0,In Person,2021
3110,LING4009,Selected Topics in Methodologies for Researching Language,First Semester/Second Semester,Undergraduate,12.0,In Person,2021
3111,LING4011,Selected Topics in Theory and Analysis in Linguistics,First Semester/Second Semester,Undergraduate,12.0,In Person,2021
3112,LAWS4233,Selected Topics in Torts,,Undergraduate,6.0,In Person,2021
3113,SOCY1002,Self and Society,First Semester,Undergraduate,6.0,In Person,2021
3114,LING3035,Semantic Typology,Second Semester,Undergraduate,6.0,In Person,2021
3115,LING6035,Semantic Typology,Second Semester,Postgraduate,6.0,In Person,2021
3116,LING6008,Semantics,First Semester,Postgraduate,6.0,Online or In Person,2021
3117,LING2008,Semantics,First Semester,Undergraduate,6.0,In Person,2021
3118,BAPA2002,Semester at Ritsumeikan University - Global Libral Arts,,Undergraduate,6.0,In Person,2021
3119,ASIA5920,Semester in Asia,First Semester/Second Semester,Undergraduate,6.0,In Person,2021
3120,ENGN6334,Semiconductors,,Postgraduate,6.0,In Person,2021
3121,ENGN3334,Semiconductors,,Undergraduate,6.0,In Person,2021
3122,BUSN4111,Seminal Research in Accounting,Second Semester,Undergraduate,6.0,In Person,2021
3123,BUSN8111,Seminal Research in Accounting,Second Semester,Postgraduate,6.0,In Person,2021
3124,HIST8027,Seminar in Advanced Historical Research,Second Semester,Postgraduate,12.0,Online or In Person,2021
3125,HIST4011,Seminar in Advanced Historiography,First Semester,Undergraduate,12.0,In Person,2021
3126,HIST8024,Seminar in Advanced Historiography,First Semester,Postgraduate,6.0,Online or In Person,2021
3127,HIST4013,Seminar in Historical Writing and Presentation,Second Semester,Undergraduate,12.0,In Person,2021
3128,BUSN4013,Seminar in Research Method in Commerce,Second Semester,Undergraduate,6.0,In Person,2021
3129,BUSN8013,Seminar in Research Method in Commerce,Second Semester,Postgraduate,6.0,In Person,2021
3130,LAWS4314,Sentencing,First Semester,Undergraduate,6.0,Online or In Person,2021
3131,MKTG2023,Services Marketing,Second Semester,Undergraduate,6.0,Online or In Person,2021
3132,MKTG7023,Services Marketing,,Postgraduate,6.0,In Person,2021
3133,PHIL2082,Sex and Death: the Philosophy of Biology,,Undergraduate,6.0,In Person,2021
3134,GEND1001,"Sex, Gender and Identity: An Introduction to Gender Studies",First Semester,Undergraduate,6.0,In Person,2021
3135,ENGL2055,Shakespeare and Film,,Undergraduate,6.0,In Person,2021
3136,POLS3029,Sharing Power: Federalism in Comparative Perspective,,Undergraduate,6.0,In Person,2021
3137,ENGN2228,Signals and Systems,Second Semester,Undergraduate,6.0,In Person,2021
3138,HIST8014,Sites of Memory: the uses of Indigenous history,,Postgraduate,6.0,Online or In Person,2021
3139,LAWS8658,Skilled and Business Migration,,Postgraduate,6.0,Online,2021
3140,LEGM8004,"Skilled, employer sponsored and business visas",Second Semester,Postgraduate,6.0,Online,2021
3141,ANTH8019,Social Analysis and Community Politics,First Semester,Postgraduate,6.0,Online or In Person,2021
3142,ASIA8050,Social Conflict and Environmental Challenges in Asia and the Pacific,Winter Session,Postgraduate,6.0,In Person,2021
3143,CBEA3002,Social Enterprise Experience,,Undergraduate,6.0,In Person,2021
3144,MGMT2008,Social Enterprises and Social Business,Second Semester,Undergraduate,6.0,In Person,2021
3145,ARTV2909,Social Fabric: Crafting Communities,Second Semester,Undergraduate,6.0,In Person,2021
3146,ANTH8028,Social Impact Assessment: Theory and Methods,Second Semester,Postgraduate,6.0,Online or In Person,2021
3147,ANTH8008,Social Impact Assessment: Theory and Methods (Advanced),,Postgraduate,12.0,Online or In Person,2021
3148,SOCY2030,Social Inequalities and Development,Second Semester,Undergraduate,6.0,In Person,2021
3149,SOCY6045,Social Inequalities and Development,Second Semester,Postgraduate,6.0,Online or In Person,2021
3150,DEMO2004,Social Inequalities in Health,Second Semester,Undergraduate,6.0,In Person,2021
3151,SOCY2055,Social Inequality in Comparative Perspective,,Undergraduate,6.0,In Person,2021
3152,POGO8025,Social Policy Analysis,Autumn Session,Postgraduate,6.0,In Person,2021
3153,POGO8024,"Social Policy, Society and Change",,Postgraduate,6.0,In Person,2021
3154,SOCY2101,Social Policy: Principles and Practice,,Undergraduate,6.0,In Person,2021
3155,PSYC2001,Social Psychology,Second Semester,Undergraduate,6.0,In Person,2021
3156,SOCR8082,Social Research Practice,Second Semester,Postgraduate,6.0,Online or In Person,2021
3157,SOCY9001,Social Research Theory and Design,First Semester/Second Semester,Postgraduate,6.0,In Person,2021
3158,SOCY2166,Social Science of the Internet,First Semester,Undergraduate,6.0,In Person,2021
3159,SOCY6066,Social Science of the Internet,First Semester,Postgraduate,6.0,In Person,2021
3160,POPH8108,Social and Cultural Determinants of Health,Second Semester,Postgraduate,6.0,Online or In Person,2021
3161,ARTV6811,"Socially Engaged Art Practice: Authorship, Dialogue and Community",,Postgraduate,6.0,In Person,2021
3162,ARTV2801,"Socially Engaged Art Practice: Authorship, Dialogue and Community",,Undergraduate,6.0,In Person,2021
3163,SOCY1006,Society & Technological Change,First Semester,Undergraduate,6.0,In Person,2021
3164,ENVS2013,Society and Environmental Change,Second Semester,Undergraduate,6.0,In Person,2021
3165,ENVS6013,Society and Environmental Change,Second Semester,Postgraduate,6.0,In Person,2021
3166,SOCY4010,Sociology Honours Methods Seminar,First Semester,Undergraduate,12.0,In Person,2021
3167,SOCY4009,Sociology Honours Theory Seminar,First Semester,Undergraduate,12.0,In Person,2021
3168,SOCY8103,Sociology in the Digital Age,,Postgraduate,6.0,In Person,2021
3169,SOCY2162,Sociology of Health and Illness,Second Semester,Undergraduate,6.0,In Person,2021
3170,SOCY2059,Sociology of Resistance,,Undergraduate,6.0,In Person,2021
3171,PHYS2204,Soft Condensed Matter: Understanding squishy materials from food to biology,Second Semester,Undergraduate,6.0,In Person,2021
3172,PHYS6204,Soft Condensed Matter: Understanding squishy materials from food to biology,,Postgraduate,6.0,In Person,2021
3173,COMP2130,Software Analysis and Design,,Undergraduate,6.0,In Person,2021
3174,COMP6442,Software Construction,First Semester/Second Semester,Postgraduate,6.0,In Person,2021
3175,COMP2100,Software Design Methodologies,First Semester/Second Semester,Undergraduate,6.0,In Person,2021
3176,COMP2120,Software Engineering,Second Semester,Undergraduate,6.0,In Person,2021
3177,COMP6120,Software Engineering,Second Semester,Postgraduate,6.0,In Person,2021
3178,COMP4500,Software Engineering Practice,First Semester/Second Semester,Undergraduate,6.0,In Person,2021
3179,COMP8173,Software Engineering Processes,,Postgraduate,6.0,In Person,2021
3180,COMP3500,Software Engineering Project,First Semester/Second Semester,Undergraduate,6.0,In Person,2021
3181,COMP4540,Software Engineering Research Project,First Semester/Second Semester,Undergraduate,6.0,In Person,2021
3182,COMP3703,Software Security,First Semester,Undergraduate,6.0,In Person,2021
3183,SOCY8015,Software Studies and Platform Sociology,,Postgraduate,6.0,In Person,2021
3184,ENGN6525,Solar Thermal Technologies,,Postgraduate,6.0,In Person,2021
3185,ENGN4525,Solar Thermal Technologies,,Undergraduate,6.0,In Person,2021
3186,PHYS3032,Solid State Physics,Second Semester,Undergraduate,6.0,In Person,2021
3187,PHYS6032,Solid State Physics,Second Semester,Postgraduate,6.0,In Person,2021
3188,MUSI3321,Songwriting: Concepts and Craft,,Undergraduate,6.0,In Person,2021
3189,MUSI3318,Sound Archiving,Autumn Session,Undergraduate,6.0,In Person,2021
3190,MUSI6008,Sound Archiving,Autumn Session,Postgraduate,6.0,In Person,2021
3191,LING2010,Sounds of the World's Languages: Phonetics and Phonology,Second Semester,Undergraduate,6.0,In Person,2021
3192,LING6010,Sounds of the World's Languages: Phonetics and Phonology,Second Semester,Postgraduate,6.0,In Person,2021
3193,ECON4449,South East Asian Economic Policy & Development,,Undergraduate,6.0,In Person,2021
3194,ECON8049,Southeast Asian Economic Policy and Development,,Postgraduate,6.0,In Person,2021
3195,ECON3009,Southeast Asian Economic Policy and Development(P),,Undergraduate,6.0,In Person,2021
3196,ASIA2060,Southeast Asian Security,,Undergraduate,6.0,In Person,2021
3197,ASIA6060,Southeast Asian Security,,Postgraduate,6.0,In Person,2021
3198,LAWS8340,Space Law and Governance,Winter Session,Postgraduate,6.0,Online or In Person,2021
3199,LAWS4340,Space Law and Governance,Winter Session,Undergraduate,6.0,Online or In Person,2021
3200,DEMO8063,Spatial Population Data Analysis,,Postgraduate,6.0,In Person,2021
3201,DEMO4063,Spatial Population Data Analysis,,Undergraduate,6.0,In Person,2021
3202,ARTV2911,Spatial/Temporal Methods,,Undergraduate,6.0,In Person,2021
3203,SCOM6015,Speaking of Science,Second Semester,Postgraduate,6.0,In Person,2021
3204,SCOM2015,Speaking of Science,Second Semester,Undergraduate,6.0,In Person,2021
3205,MGMT8172,Special Management Topic,Spring Session,Postgraduate,6.0,In Person,2021
3206,MMIB8003,Special Research Topic 1,First Semester/Second Semester,Postgraduate,6.0,In Person,2021
3207,MMIB8004,Special Research Topic 2,First Semester/Second Semester,Postgraduate,12.0,In Person,2021
3208,ENVS3016,Special Topic,Summer Session/First Semester/Autumn Session/Winter Session/Second Semester/Spring Session,Undergraduate,6.0,In Person,2021
3209,STST2004,Special Topic in International Security,,Undergraduate,6.0,In Person,2021
3210,MATH6209,Special Topic in Mathematical Sciences,Summer Session/First Semester/Second Semester,Postgraduate,6.0,In Person,2021
3211,MEAS8105,Special Topic in Middle Eastern and Central Asian Studies,,Postgraduate,6.0,In Person,2021
3212,SOCR8004,Special Topic in Social Research,,Postgraduate,6.0,In Person,2021
3213,EMSC3050,Special Topics,Summer Session/First Semester/Autumn Session/Winter Session/Second Semester/Spring Session,Undergraduate,6.0,In Person,2021
3214,ECON8112,Special Topics  in Macroeconomics,,Postgraduate,6.0,In Person,2021
3215,ECON3112,Special Topics  in Macroeconomics,,Undergraduate,6.0,In Person,2021
3216,FINM8002,Special Topics - Finance (Corporate and Behavioural Finance),,Postgraduate,6.0,In Person,2021
3217,ENGN6521,Special Topics In  Engineering II,First Semester/Winter Session/Second Semester,Postgraduate,6.0,In Person,2021
3218,BUSN3060,Special Topics In Commerce,,Undergraduate,6.0,In Person,2021
3219,POLS8041,Special Topics In Comparative Politics,First Semester,Postgraduate,6.0,In Person,2021
3220,ACST3001,Special Topics in Actuarial Studies,,Undergraduate,6.0,In Person,2021
3221,ACST8051,Special Topics in Actuarial Studies 1,First Semester,Postgraduate,6.0,In Person,2021
3222,ACST8052,Special Topics in Actuarial Studies 2,,Postgraduate,6.0,In Person,2021
3223,STAT8024,Special Topics in Applied Statistics 1,,Postgraduate,6.0,In Person,2021
3224,STAT8025,Special Topics in Applied Statistics 2,,Postgraduate,6.0,In Person,2021
3225,ARAB3006,Special Topics in Arabic,,Undergraduate,6.0,In Person,2021
3226,ARAB6508,Special Topics in Arabic,,Postgraduate,6.0,In Person,2021
3227,ASIA2112,Special Topics in Asian and Pacific Studies,Winter Session,Undergraduate,6.0,In Person,2021
3228,ASIA6022,Special Topics in Asian and Pacific Studies,Winter Session,Postgraduate,6.0,In Person,2021
3229,BUSN8101,Special Topics in Commerce,,Postgraduate,6.0,In Person,2021
3230,BUSN4010,Special Topics in Commerce,,Undergraduate,6.0,In Person,2021
3231,BUSN4101,Special Topics in Commerce,,Undergraduate,6.0,In Person,2021
3232,BUSN8010,Special Topics in Commerce,,Postgraduate,6.0,In Person,2021
3233,POLS4041,Special Topics in Comparative Politics,First Semester,Undergraduate,6.0,In Person,2021
3234,COMP2710,Special Topics in Computer Science,First Semester,Undergraduate,6.0,In Person,2021
3235,COMP6470,Special Topics in Computing,First Semester/Second Semester,Postgraduate,6.0,In Person,2021
3236,CRIM2011,Special Topics in Criminology,Second Semester,Undergraduate,6.0,In Person,2021
3237,DIPL8012,Special Topics in Diplomacy,Spring Session,Postgraduate,6.0,Online or In Person,2021
3238,EMSC8014,Special Topics in Earth Science,Summer Session/First Semester/Autumn Session/Winter Session/Second Semester/Spring Session,Postgraduate,6.0,In Person,2021
3239,EMET3020,Special Topics in Econometrics,,Undergraduate,6.0,In Person,2021
3240,ECON3099,Special Topics in Economic Dynamics,,Undergraduate,6.0,In Person,2021
3241,ECON8099,Special Topics in Economic Dynamics,,Postgraduate,6.0,In Person,2021
3242,ECON3020,Special Topics in Economics: Computing and Data Skills,,Undergraduate,6.0,In Person,2021
3243,ENGN4521,Special Topics in Engineering 2,First Semester/Second Semester,Undergraduate,6.0,In Person,2021
3244,ENGN4522,Special Topics in Engineering 3,First Semester/Second Semester,Undergraduate,6.0,In Person,2021
3245,ENGN4523,Special Topics in Engineering 4,First Semester/Second Semester,Undergraduate,6.0,In Person,2021
3246,ENGN6520,Special Topics in Engineering I,First Semester/Winter Session/Second Semester,Postgraduate,6.0,In Person,2021
3247,ENGN4520,Special Topics in Engineering I,Summer Session/First Semester/Winter Session/Second Semester,Undergraduate,6.0,In Person,2021
3248,EMDV8041,Special Topics in Environmental Management and Development,,Postgraduate,6.0,In Person,2021
3249,FINM3004,Special Topics in Finance,,Undergraduate,6.0,In Person,2021
3250,FINM4600,Special Topics in Finance,,Undergraduate,6.0,In Person,2021
3251,INDG3005,Special Topics in Indigenous Studies,Spring Session,Undergraduate,6.0,In Person,2021
3252,INTR8018,Special Topics in International Relations,First Semester,Postgraduate,6.0,In Person,2021
3253,LAWS8148,Special Topics in Law,Spring Session,Postgraduate,6.0,Online or In Person,2021
3254,LAWS8028,"Special Topics in Law, Governance and Development",Spring Session,Postgraduate,6.0,Online or In Person,2021
3255,LEGM8157,Special Topics in Legal Practice,,Postgraduate,6.0,Online,2021
3256,LING3025,Special Topics in Linguistics,,Undergraduate,6.0,In Person,2021
3257,LING6525,Special Topics in Linguistics,,Postgraduate,6.0,In Person,2021
3258,MATH4349,Special Topics in Mathematics,Summer Session/First Semester/Autumn Session/Second Semester,Undergraduate,6.0,In Person,2021
3259,MATH3349,Special Topics in Mathematics,Summer Session/First Semester/Autumn Session/Winter Session/Second Semester/Spring Session,Undergraduate,6.0,In Person,2021
3260,ECON3110,Special Topics in Microeconomics,,Undergraduate,6.0,In Person,2021
3261,ECON8110,Special Topics in Microeconomics,,Postgraduate,6.0,In Person,2021
3262,MEAS4001,Special Topics in Middle Eastern and Central Asian Studies,,Undergraduate,6.0,In Person,2021
3263,POLS4009,Special Topics in Politics and International Relations 1,,Undergraduate,6.0,In Person,2021
3264,POLS4010,Special Topics in Politics and International Relations 2,,Undergraduate,6.0,In Person,2021
3265,PSYC3023,Special Topics in Psychology,Summer Session/First Semester/Autumn Session/Winter Session/Second Semester/Spring Session,Undergraduate,6.0,In Person,2021
3266,PHYS8750,Special Topics in Quantum Technology,Summer Session/First Semester/Second Semester,Postgraduate,6.0,In Person,2021
3267,REGN8012,Special Topics in Regulation and Governance,First Semester/Second Semester,Postgraduate,6.0,In Person,2021
3268,SCNC1022,Special Topics in Science,Summer Session/First Semester/Autumn Session/Winter Session/Second Semester/Spring Session,Undergraduate,6.0,In Person,2021
3269,SCNC2022,Special Topics in Science,Summer Session/First Semester/Autumn Session/Winter Session/Second Semester/Spring Session,Undergraduate,6.0,In Person,2021
3270,SCNC3022,Special Topics in Science,Summer Session/First Semester/Autumn Session/Winter Session/Second Semester/Spring Session,Undergraduate,6.0,In Person,2021
3271,SCNC8022,Special Topics in Science,Summer Session/First Semester/Autumn Session/Winter Session/Second Semester/Spring Session,Postgraduate,6.0,In Person,2021
3272,SCOM6005,Special Topics in Science Communication,Summer Session/First Semester/Autumn Session/Winter Session/Second Semester/Spring Session,Postgraduate,6.0,Online or In Person,2021
3273,SCOM3005,Special Topics in Science Communication,Summer Session/First Semester/Autumn Session/Winter Session/Second Semester/Spring Session,Undergraduate,6.0,Online or In Person,2021
3274,SOCY2168,Special Topics in Sociology,,Undergraduate,6.0,In Person,2021
3275,STAT3039,Special Topics in Statistics,,Undergraduate,6.0,In Person,2021
3276,STAT8016,Special Topics in Statistics 1,,Postgraduate,6.0,In Person,2021
3277,STST8017,Special Topics in Strategic Studies,,Postgraduate,6.0,In Person,2021
3278,ARCH8044,Stable Isotopes in Archaeology and Biological Anthropology,,Postgraduate,6.0,In Person,2021
3279,BIOL3110,"Stable Isotopes in Biogeochemistry, Environment, Medicine and Authentication",,Undergraduate,6.0,In Person,2021
3280,BIOL6110,"Stable Isotopes in Biogeochemistry, Environment, Medicine and Authentication",,Postgraduate,6.0,In Person,2021
3281,ASTR4008,Star Formation,,Undergraduate,6.0,In Person,2021
3282,ASTR8008,Star Formation,,Postgraduate,6.0,In Person,2021
3283,ASTR6007,Stars,First Semester,Postgraduate,6.0,In Person,2021
3284,ASTR3007,Stars,First Semester,Undergraduate,6.0,In Person,2021
3285,LAWS8410,Start-Ups Law Lab,Second Semester,Postgraduate,6.0,Online or In Person,2021
3286,EMDV8101,"State, Society and Natural Resources",Second Semester,Postgraduate,6.0,In Person,2021
3287,ANCH2102,"State, sanctuary and community: archaeology of settlement and memory in ancient Greece",,Undergraduate,12.0,In Person,2021
3288,ANCH6102,"State, sanctuary and community: archaeology of settlement and memory in ancient Greece",,Postgraduate,12.0,In Person,2021
3289,ANTH6134,States and Citizens: Anthropological Perspectives,,Postgraduate,6.0,In Person,2021
3290,ANTH2134,States and Citizens: Anthropological Perspectives,,Undergraduate,6.0,In Person,2021
3291,INTR8050,"States, Globalisation and the Movement of Peoples",,Postgraduate,6.0,In Person,2021
3292,STAT4027,Statistical Inference,First Semester,Undergraduate,6.0,In Person,2021
3293,STAT8027,Statistical Inference,First Semester,Postgraduate,6.0,In Person,2021
3294,STAT3013,Statistical Inference,First Semester,Undergraduate,6.0,In Person,2021
3295,STAT3040,Statistical Learning,First Semester,Undergraduate,6.0,In Person,2021
3296,STAT7040,Statistical Learning,First Semester,Postgraduate,6.0,In Person,2021
3297,STAT4040,Statistical Learning,First Semester,Undergraduate,6.0,In Person,2021
3298,COMP4670,Statistical Machine Learning,First Semester,Undergraduate,6.0,In Person,2021
3299,COMP8600,Statistical Machine Learning,First Semester,Postgraduate,6.0,In Person,2021
3300,STAT1003,Statistical Techniques,First Semester,Undergraduate,6.0,In Person,2021
3301,STAT4500,Statistics Honours Thesis,First Semester/Second Semester,Undergraduate,6.0,In Person,2021
3302,SOCR4001,Statistics for Social Scientists,First Semester,Undergraduate,6.0,In Person,2021
3303,SOCR8001,Statistics for Social Scientists,First Semester,Postgraduate,6.0,Online or In Person,2021
3304,LAWS8072,Statutory Interpretation,Autumn Session,Postgraduate,6.0,Online or In Person,2021
3305,ASTR4015,Stellar Atmospheres and Spectroscopy,,Undergraduate,6.0,In Person,2021
3306,ASTR8005,Stellar Atmospheres and Spectroscopy,,Postgraduate,6.0,In Person,2021
3307,MATH6115,Stochastic Analysis with Financial Applications,Second Semester,Postgraduate,6.0,In Person,2021
3308,MATH3015,Stochastic Analysis with Financial Applications,Second Semester,Undergraduate,6.0,In Person,2021
3309,STAT3004,Stochastic Modelling,First Semester,Undergraduate,6.0,In Person,2021
3310,STAT4018,Stochastic Modelling,First Semester,Undergraduate,6.0,In Person,2021
3311,STAT7018,Stochastic Modelling,First Semester,Postgraduate,6.0,In Person,2021
3312,ENGL2085,Strange Home: Rethinking Australian Literature,,Undergraduate,6.0,In Person,2021
3313,LEGM8331,Strata Law and Practice in the 21st Century City,,Postgraduate,6.0,Online,2021
3314,STST8066,Strategic Diplomacy in the 21st Century: Rethinking Strategy and Statecraft,Second Semester,Postgraduate,6.0,In Person,2021
3315,MGMT7171,Strategic Human Resource Management,,Postgraduate,6.0,In Person,2021
3316,LAWS8409,Strategic Issues in the Law of Armed Conflict,Summer Session/Spring Session,Postgraduate,6.0,Online or In Person,2021
3317,MGMT8022,Strategic Management,First Semester/Autumn Session/Second Semester/Spring Session,Postgraduate,6.0,In Person,2021
3318,MKTG3023,Strategic Marketing,First Semester,Undergraduate,6.0,In Person,2021
3319,LEGM8323,Strategic Negotiation Skills,,Postgraduate,6.0,Online,2021
3320,POGO8236,Strategic Policy Development Fundamentals,,Postgraduate,3.0,In Person,2021
3321,POGO8506,Strategic Policymaking,Winter Session,Postgraduate,6.0,Online or In Person,2021
3322,STST8001,Strategic Studies,First Semester,Postgraduate,6.0,In Person,2021
3323,STST8010,Strategic Studies Concepts and Asia Pacific Conflict,Second Semester,Postgraduate,6.0,In Person,2021
3324,STST9010,Strategic Studies Concepts and Asia Pacific Conflict,Second Semester,Postgraduate,6.0,In Person,2021
3325,STST8064,Strategic Studies Experience,,Postgraduate,0.0,In Person,2021
3326,STST8059,Strategic Studies Internship,First Semester,Postgraduate,6.0,In Person,2021
3327,ECON2141,Strategic Thinking: An introduction to Game Theory,First Semester/Second Semester,Undergraduate,6.0,In Person,2021
3328,SCOM3501,Strategies in Science Communication,Winter Session,Undergraduate,6.0,In Person,2021
3329,SCOM6501,Strategies in Science Communication,Winter Session,Postgraduate,6.0,Online or In Person,2021
3330,SCOM4501,Strategies in Science Communication,,Undergraduate,6.0,In Person,2021
3331,STST8102,Strategy,Summer Session,Postgraduate,12.0,In Person,2021
3332,STST8056,Strategy and Southeast Asia: Defence and Security Dynamics,,Postgraduate,6.0,In Person,2021
3333,EMSC3002,Structural Geology and Tectonics,Second Semester,Undergraduate,6.0,In Person,2021
3334,EMSC6030,Structural Geology and Tectonics,Second Semester,Postgraduate,6.0,In Person,2021
3335,CHEM3204,Structural Methods in Chemical Biology,Winter Session,Undergraduate,6.0,In Person,2021
3336,CHEM2210,Structure Elucidation in Chemistry,Summer Session/First Semester,Undergraduate,6.0,In Person,2021
3337,LING2020,Structure of English,First Semester,Undergraduate,6.0,In Person,2021
3338,COMP6710,Structured Programming,First Semester/Second Semester,Postgraduate,6.0,In Person,2021
3339,COMP1110,Structured Programming,First Semester/Second Semester,Undergraduate,6.0,In Person,2021
3340,COMP1140,Structured Programming (Advanced),Second Semester,Undergraduate,6.0,In Person,2021
3341,FINM3009,Student Managed Fund,First Semester/Second Semester,Undergraduate,6.0,In Person,2021
3342,FINM6009,Student Managed Fund,First Semester/Second Semester,Postgraduate,6.0,In Person,2021
3343,FINM6010,Student Managed Fund Extension,First Semester/Second Semester,Postgraduate,6.0,In Person,2021
3344,FINM3010,Student Managed Fund Extension,First Semester/Second Semester,Undergraduate,6.0,In Person,2021
3345,COMP2560,Studies in Advanced Computing R&D,First Semester/Second Semester,Undergraduate,6.0,In Person,2021
3346,DESN4013,Studio Inquiry: Application of Research,First Semester,Undergraduate,12.0,In Person,2021
3347,ASIA3051,Study Tour: Archaeology in Asia,,Undergraduate,6.0,In Person,2021
3348,ASIA6151,Study Tour: Archaeology in Asia,,Postgraduate,6.0,In Person,2021
3349,ARCH2022,Study Tour: Cultural Landscapes and Environmental Change,,Undergraduate,6.0,In Person,2021
3350,ARCH6022,Study Tour: Cultural Landscapes and Environmental Change,,Postgraduate,6.0,In Person,2021
3351,EMDV8015,Study Tour: Eco-Cultural Tourism,,Postgraduate,6.0,In Person,2021
3352,ASIA2084,"Study Tour: Modern Mongolia - Challenges to the Environment, Economy and Empire",,Undergraduate,6.0,In Person,2021
3353,PASI2030,Study Tour: Regional Policymaking for Pacific Development,,Undergraduate,6.0,In Person,2021
3354,PASI6030,Study Tour: Regional Policymaking for Pacific Development,,Postgraduate,6.0,In Person,2021
3355,ASIA6114,Study Tour: Southeast Asian Frontiers – Thailand and Burma/Myanmar,,Postgraduate,12.0,In Person,2021
3356,ASIA3014,Study Tour: Southeast Asian Frontiers – Thailand and Burma/Myanmar,,Undergraduate,12.0,In Person,2021
3357,ASIA2090,Study Tour: The Political Economy of Myanmar,,Undergraduate,6.0,Online or In Person,2021
3358,WARS3001,Study Tour: Walking the Ground - War Studies in the Field,,Undergraduate,6.0,In Person,2021
3359,WARS6001,Study Tour: Walking the Ground - War Studies in the Field,,Postgraduate,6.0,In Person,2021
3360,LING3008,Study of A Language Family,,Undergraduate,6.0,In Person,2021
3361,LING6508,Study of a Language Family,,Postgraduate,6.0,Online or In Person,2021
3362,STST2020,Study tour: Southeast Asia's Security Choices,,Undergraduate,6.0,In Person,2021
3363,INTR8069,Studying International Relations,First Semester/Second Semester,Postgraduate,12.0,In Person,2021
3364,ARTV2907,Subverting Stitch,,Undergraduate,6.0,In Person,2021
3365,LAWS4236,Succession,Second Semester,Undergraduate,6.0,Online or In Person,2021
3366,LAWS8436,Succession,Second Semester,Postgraduate,6.0,Online or In Person,2021
3367,ARCH8029,Supervised Field School Project in Archaeological Science,,Postgraduate,6.0,In Person,2021
3368,ASIA8512,Supervised Project in Asia-Pacific Studies,First Semester/Second Semester,Postgraduate,6.0,Online or In Person,2021
3369,LAWS4300,Supervised Research Paper,First Semester/Second Semester,Undergraduate,12.0,Online or In Person,2021
3370,ANTH3010,Supervised Research in Anthropology,First Semester/Second Semester,Undergraduate,6.0,In Person,2021
3371,BIAN3129,Supervised Research in Biological Anthropology,First Semester/Second Semester,Undergraduate,6.0,In Person,2021
3372,ANTH8037,Supervised Special Project,First Semester,Postgraduate,12.0,Online or In Person,2021
3373,ARTV1803,Supports: Conceptual and Material,First Semester,Undergraduate,6.0,In Person,2021
3374,ARTV6823,Supports: Conceptual and Material,,Postgraduate,6.0,In Person,2021
3375,SOCY2157,Surveillance and Society,,Undergraduate,6.0,In Person,2021
3376,SOCY6064,Surveillance and Society,,Postgraduate,6.0,In Person,2021
3377,SOCR4002,Survey Data Analysis,Second Semester,Undergraduate,6.0,In Person,2021
3378,SOCR8002,Survey Data Analysis,Second Semester,Postgraduate,6.0,In Person,2021
3379,LAWS4247,Survey of United States Law,,Undergraduate,6.0,In Person,2021
3380,STAT7042,Survival Models,First Semester,Postgraduate,6.0,In Person,2021
3381,STAT4072,Survival Models,First Semester,Undergraduate,6.0,In Person,2021
3382,STAT3032,Survival Models,First Semester,Undergraduate,6.0,In Person,2021
3383,BUSN7017,"Sustainability and Corporate Social Responsibility, Accountability and Reporting",,Postgraduate,6.0,In Person,2021
3384,ENVS2023,Sustainable Agricultural Systems,Second Semester,Undergraduate,6.0,Online or In Person,2021
3385,ENVS6223,Sustainable Agricultural Systems,Second Semester,Postgraduate,6.0,Online or In Person,2021
3386,ENVS6108,Sustainable Development,Second Semester,Postgraduate,6.0,In Person,2021
3387,ENVS1008,Sustainable Development,Second Semester,Undergraduate,6.0,In Person,2021
3388,LAWS8037,Sustainable Energy Law,,Postgraduate,6.0,Online or In Person,2021
3389,MKTG2002,Sustainable Marketing,First Semester,Undergraduate,6.0,In Person,2021
3390,ENGN4027,Sustainable Nanomaterials,,Undergraduate,6.0,In Person,2021
3391,ENGN4420,Sustainable Product Development,,Undergraduate,6.0,In Person,2021
3392,ENGN6420,Sustainable Product Development,,Postgraduate,6.0,In Person,2021
3393,ENVS6005,Sustainable Urban Systems,,Postgraduate,6.0,In Person,2021
3394,ENVS2012,Sustainable Urban Systems,,Undergraduate,6.0,In Person,2021
3395,CHEM3201,Synthetic Aspects of Medicinal Chemistry,First Semester,Undergraduate,6.0,In Person,2021
3396,ENGN3331,System Dynamics,First Semester,Undergraduate,6.0,In Person,2021
3397,ENGN6331,Systems Dynamics,First Semester,Postgraduate,6.0,In Person,2021
3398,ENGN2226,Systems Engineering Analysis,,Undergraduate,6.0,In Person,2021
3399,ENGN2225,Systems Engineering Design,,Undergraduate,6.0,In Person,2021
3400,ENGN4221,Systems Engineering Project,First Semester/Second Semester,Undergraduate,6.0,In Person,2021
3401,COMP3530,Systems Engineering for Software Engineers,,Undergraduate,6.0,In Person,2021
3402,COMP6353,Systems Engineering for Software Engineers,,Postgraduate,6.0,In Person,2021
3403,ENGN8120,Systems Modelling,Second Semester,Postgraduate,6.0,In Person,2021
3404,NEUR6102,Systems Neuroscience,Second Semester,Postgraduate,6.0,In Person,2021
3405,NEUR3112,Systems Neuroscience,Second Semester,Undergraduate,6.0,In Person,2021
3406,COMP8180,Systems and Software Safety,,Postgraduate,6.0,In Person,2021
3407,COMP2310,"Systems, Networks and Concurrency",Second Semester,Undergraduate,6.0,In Person,2021
3408,COMP6310,"Systems, Networks and Concurrency",Second Semester,Postgraduate,6.0,In Person,2021
3409,ASIA6072,Taiwan: History and Culture,Second Semester,Postgraduate,6.0,In Person,2021
3410,ASIA2072,Taiwan: History and Culture,Second Semester,Undergraduate,6.0,In Person,2021
3411,CHIN2013,Taiwanese (Southern Min),Spring Session,Undergraduate,6.0,In Person,2021
3412,CHIN6016,Taiwanese (Southern Min),Spring Session,Postgraduate,6.0,In Person,2021
3413,ASIA2222,Taiwanese Society and Politics,Summer Session,Undergraduate,6.0,In Person,2021
3414,CRIM2015,Targeted Violence: Criminological Approaches to Understanding and Prevention,Spring Session,Undergraduate,6.0,In Person,2021
3415,CRIM6015,Targeted Violence: Criminological Approaches to Understanding and Prevention,Spring Session,Postgraduate,6.0,In Person,2021
3416,BUSN7021,Taxation Law,First Semester/Second Semester,Postgraduate,6.0,In Person,2021
3417,JPNS3012,Teaching Japanese: Content,,Undergraduate,6.0,In Person,2021
3418,JPNS6512,Teaching Japanese: Content,,Postgraduate,6.0,In Person,2021
3419,JPNS3014,Teaching Japanese: Method,Second Semester,Undergraduate,6.0,In Person,2021
3420,JPNS6514,Teaching Japanese: Method,Second Semester,Postgraduate,6.0,In Person,2021
3421,LING2013,Teaching Languages,Second Semester,Undergraduate,6.0,In Person,2021
3422,LING6013,Teaching Languages,Second Semester,Postgraduate,6.0,In Person,2021
3423,MGMT3002,Techniques for Business Project Management,,Undergraduate,6.0,In Person,2021
3424,LEGM8317,Technology Transfer and Commercialisation,Spring Session,Postgraduate,6.0,Online,2021
3425,MGMT7020,Technology and Project Management,First Semester/Second Semester/Spring Session,Postgraduate,6.0,Online or In Person,2021
3426,ENGL6116,Televisual: Investigating Narrative Television,,Postgraduate,6.0,In Person,2021
3427,ENGL2116,Televisual: Investigating Narrative Television,,Undergraduate,6.0,In Person,2021
3428,HIST1209,Terror to Terrorism: A History,Second Semester,Undergraduate,6.0,In Person,2021
3429,POLS4027,Terrorism & Counter Terrorism,First Semester,Undergraduate,6.0,In Person,2021
3430,POLS8027,Terrorism and Counter Terrorism,First Semester,Postgraduate,6.0,In Person,2021
3431,NSPO8025,Terrorism and National Security,,Postgraduate,6.0,In Person,2021
3432,NSPO8046,Terrorism and national security,Winter Session,Postgraduate,3.0,In Person,2021
3433,TETM1002,Tetum 1,First Semester,Undergraduate,6.0,Online,2021
3434,TETM6002,Tetum 1,First Semester,Postgraduate,6.0,Online,2021
3435,TETM1003,Tetum 2,Second Semester,Undergraduate,6.0,Online,2021
3436,TETM6003,Tetum 2,Second Semester,Postgraduate,6.0,Online,2021
3437,TETM2004,Tetum 3,First Semester,Undergraduate,6.0,Online,2021
3438,TETM6104,Tetum 3,First Semester,Postgraduate,6.0,Online,2021
3439,TETM2005,Tetum 4,Second Semester,Undergraduate,6.0,Online,2021
3440,TETM6105,Tetum 4,Second Semester,Postgraduate,6.0,Online,2021
3441,ARTV2906,Textiles: Approaches to Drawing for Craft and Design,,Undergraduate,6.0,In Person,2021
3442,ARTV1902,Textiles: Pattern & Print,Second Semester,Undergraduate,6.0,In Person,2021
3443,ARTV1901,Textiles: Plants and Place,,Undergraduate,6.0,In Person,2021
3444,THAI1002,Thai 1,First Semester,Undergraduate,6.0,Online,2021
3445,THAI6102,Thai 1,First Semester,Postgraduate,6.0,Online,2021
3446,THAI1003,Thai 2,Second Semester,Undergraduate,6.0,Online,2021
3447,THAI6103,Thai 2,Second Semester,Postgraduate,6.0,Online,2021
3448,THAI6002,Thai 3,First Semester,Postgraduate,6.0,Online,2021
3449,THAI2002,Thai 3,First Semester,Undergraduate,6.0,Online,2021
3450,THAI6003,Thai 4,Second Semester,Postgraduate,6.0,Online,2021
3451,THAI2003,Thai 4,Second Semester,Undergraduate,6.0,Online,2021
3452,THAI6502,Thai 5,First Semester,Postgraduate,6.0,Online or In Person,2021
3453,THAI3002,Thai 5,First Semester,Undergraduate,6.0,Online or In Person,2021
3454,THAI6008,Thai 6,Second Semester,Postgraduate,6.0,Online or In Person,2021
3455,THAI3008,Thai 6,Second Semester,Undergraduate,6.0,Online or In Person,2021
3456,HIST2206,"The Anzac Battlefields and Beyond: A Study Tour of Gallipoli, London, Paris and the Western Front",,Undergraduate,12.0,In Person,2021
3457,ARCH6050,The Archaeology of South East Asia,,Postgraduate,6.0,In Person,2021
3458,ARTH6057,The Art and Politics of Collecting,Second Semester,Postgraduate,12.0,In Person,2021
3459,ECHI1006,The Australian Economy: Past and Present,First Semester,Undergraduate,6.0,In Person,2021
3460,HIST2221,The Birth of Modernity: Britain 1688-1848,,Undergraduate,6.0,In Person,2021
3461,HIST6221,The Birth of Modernity: Britain 1688-1848,,Postgraduate,6.0,In Person,2021
3462,EMSC1006,The Blue Planet: An Introduction to Earth System Science,First Semester,Undergraduate,6.0,In Person,2021
3463,EMSC6107,The Blue Planet: an Introduction to Earth System Science,First Semester,Postgraduate,6.0,In Person,2021
3464,PASI8306,The China Alternative? Changing Geopolitics in the Pacific,Spring Session,Postgraduate,3.0,Online or In Person,2021
3465,IDEC8021,The Chinese Economy,,Postgraduate,6.0,In Person,2021
3466,HIST2141,The Cold War: 1945-1989,,Undergraduate,6.0,In Person,2021
3467,ASIA3034,The Contemporary Chinese World,Second Semester,Undergraduate,6.0,In Person,2021
3468,BAPA3003,"The Contemporary Pacific: Society, Politics and Development",,Undergraduate,6.0,In Person,2021
3469,HIST9101,"The Craft of History: Approaches, Themes, Methods",First Semester,Postgraduate,6.0,In Person,2021
3470,POGO8016,The Economic Way of Thinking,First Semester,Postgraduate,6.0,In Person,2021
3471,IDEC8081,The Economics of Incentives and Institutions,,Postgraduate,6.0,In Person,2021
3472,ECON8010,The Economics of Taxation and Redistribution,,Postgraduate,6.0,In Person,2021
3473,ECON2091,"The Economy, Politics and the State",Second Semester,Undergraduate,6.0,In Person,2021
3474,ECON8091,"The Economy, Politics and the State",Second Semester,Postgraduate,6.0,In Person,2021
3475,ECON4491,"The Economy, Politics and the State",Second Semester,Undergraduate,6.0,In Person,2021
3476,HIST8228,The Enlightenment and Its Critics: 1700 to the Present,Second Semester,Postgraduate,6.0,Online or In Person,2021
3477,HIST2228,The Enlightenment: Europe and the World 1660-1800,Second Semester,Undergraduate,6.0,In Person,2021
3478,ENGN4902,The Environmental Impacts of Engineered Systems,,Undergraduate,6.0,In Person,2021
3479,DESN2012,The Ethics of Making: Design for Reuse and Repair,Second Semester,Undergraduate,6.0,In Person,2021
3480,DESN6012,The Ethics of Making: Design for Reuse and Repair,Second Semester,Postgraduate,6.0,In Person,2021
3481,BUSI7020,The European Business System,First Semester,Postgraduate,6.0,In Person,2021
3482,LAWS8239,The European Union,,Postgraduate,6.0,In Person,2021
3483,EURO8003,The European Union: Regional Integration in Comparative Perspective.,,Postgraduate,6.0,In Person,2021
3484,NSPO8018,The Evolution of National Security Policy since 1945,,Postgraduate,6.0,In Person,2021
3485,LAWS8659,The Family in Australian Migration Law,,Postgraduate,6.0,Online,2021
3486,HIST2223,The French Revolution and Napoleon,,Undergraduate,6.0,In Person,2021
3487,HIST6223,The French Revolution and Napoleon,,Postgraduate,6.0,In Person,2021
3488,NSPO8048,The Future of Intelligence,Winter Session,Postgraduate,3.0,In Person,2021
3489,LEGM8318,The Future of Legal Practice,,Postgraduate,6.0,Online,2021
3490,BUSI7019,The Global Business Environment,,Postgraduate,6.0,In Person,2021
3491,POGO8213,The Global Trading System,Second Semester,Postgraduate,6.0,In Person,2021
3492,HIST1210,The Great Acceleration: People and Planet Since 1945,Second Semester,Undergraduate,6.0,In Person,2021
3493,HIST2214,"The Great War, 1914-1918",,Undergraduate,6.0,In Person,2021
3494,HIST6214,"The Great War, 1914-1919",,Postgraduate,6.0,In Person,2021
3495,MEAS8113,The Gulf Strategic Environment,First Semester,Postgraduate,6.0,In Person,2021
3496,MEAS4113,The Gulf Strategic Environment,First Semester,Undergraduate,6.0,In Person,2021
3497,ARCH6006,The History of Archaeology: Discovering the Past,,Postgraduate,6.0,In Person,2021
3498,INTR8076,The History of International Thought,,Postgraduate,6.0,In Person,2021
3499,LING6529,The History of the English Language,,Postgraduate,6.0,In Person,2021
3500,LING2104,The History of the English Language,,Undergraduate,6.0,In Person,2021
3501,BIAN1001,The Human Voyage: Introduction to Biological Anthropology,Second Semester,Undergraduate,6.0,In Person,2021
3502,CRIM2000,The Illicit Economy,Summer Session,Undergraduate,6.0,Online,2021
3503,CRIM6000,The Illicit Economy,Summer Session,Postgraduate,6.0,In Person,2021
3504,INDG3003,The Indigenous Economy,,Undergraduate,6.0,In Person,2021
3505,WARS2003,The Korean War,Second Semester,Undergraduate,6.0,In Person,2021
3506,WARS6088,The Korean War,Second Semester,Postgraduate,6.0,In Person,2021
3507,LAWS8125,The Law of Corporate Governance,,Postgraduate,6.0,Online or In Person,2021
3508,LAWS4312,The Law of Money,,Undergraduate,6.0,Online or In Person,2021
3509,LAWS8401,The Law of Weaponry and Targeting,Summer Session/Spring Session,Postgraduate,6.0,Online or In Person,2021
3510,ASIA6010,The Making of Modern Japan: From Samurai to Economic Superpower and Beyond,First Semester,Postgraduate,6.0,In Person,2021
3511,ASIA2009,The Making of Modern Japan: From Samurai to Economic Superpower and Beyond,First Semester,Undergraduate,6.0,In Person,2021
3512,ASIA6006,The Making of Modern Korea,Second Semester,Postgraduate,6.0,In Person,2021
3513,ASIA2271,The Making of South Asia,First Semester,Undergraduate,6.0,In Person,2021
3514,ASIA6271,The Making of South Asia,First Semester,Postgraduate,6.0,In Person,2021
3515,PHIL3077,The Metaphysics of David Lewis,First Semester,Undergraduate,6.0,In Person,2021
3516,IDEC8028,The Microeconomics of Development,,Postgraduate,6.0,In Person,2021
3517,ASIA2016,The Mongol Empire in World History,First Semester,Undergraduate,6.0,In Person,2021
3518,ASIA6116,The Mongol Empire in World History,First Semester,Postgraduate,6.0,In Person,2021
3519,CLAS6002,"The Myths of Greece and Rome: Mortals, Immortals, and Monsters",First Semester,Postgraduate,6.0,In Person,2021
3520,CLAS1003,"The Myths of Greece and Rome: Mortals, Immortals, and Monsters",First Semester,Undergraduate,6.0,In Person,2021
3521,STST8002,The New Power Politics of Asia,,Postgraduate,6.0,In Person,2021
3522,ASIA1999,The Origins of Political Order in Asia,Second Semester,Undergraduate,6.0,In Person,2021
3523,BAPA1001,The Origins of Political Order in Asia,Spring Session,Undergraduate,6.0,In Person,2021
3524,DESN1004,"The Past as Prototype: History, Ethics and Concepts for Design in the Twenty-First Century",First Semester,Undergraduate,6.0,In Person,2021
3525,PHIL3078,The Philosophy of Emotions,,Undergraduate,6.0,In Person,2021
3526,PHIL3075,"The Philosophy of Gender: Knowledge, Power, Bodies",First Semester,Undergraduate,6.0,In Person,2021
3527,PHIL2127,The Philosophy of Time,Second Semester,Undergraduate,6.0,In Person,2021
3528,ARTV2605,The Photographic Document: Materiality and Form,First Semester,Undergraduate,6.0,In Person,2021
3529,ARTV6605,The Photographic Document: Materiality and Form,First Semester,Postgraduate,6.0,In Person,2021
3530,ASIA2275,The Pleasures and Powers of Stories in South and Southeast Asia,,Undergraduate,6.0,In Person,2021
3531,REGN8050,The Policy and Practice of Regulation,Winter Session,Postgraduate,6.0,In Person,2021
3532,PASI8307,The Political Economy of Service Delivery in Melanesia,Spring Session,Postgraduate,3.0,Online or In Person,2021
3533,MEAS2105,The Political Economy of the Middle East,First Semester,Undergraduate,6.0,In Person,2021
3534,POGO8402,The Political and Institutional Architecture of Public Policy,Second Semester,Postgraduate,6.0,In Person,2021
3535,PASI8005,The Politics of Aid and Development in the Pacific,Second Semester,Postgraduate,6.0,In Person,2021
3536,ASIA2026,The Politics of China,Second Semester,Undergraduate,6.0,In Person,2021
3537,ASIA6026,The Politics of China,Second Semester,Postgraduate,6.0,In Person,2021
3538,ENGL2117,The Politics of Comedy from the Globe to The Office,,Undergraduate,6.0,In Person,2021
3539,ENGL6117,The Politics of Comedy from the Globe to The Office,,Postgraduate,6.0,In Person,2021
3540,POLS3032,The Politics of Empire,Second Semester,Undergraduate,6.0,In Person,2021
3541,POLS6100,The Politics of Empire,Second Semester,Postgraduate,6.0,In Person,2021
3542,POLS3035,The Politics of International Law,Second Semester,Undergraduate,6.0,In Person,2021
3543,INTR8043,The Post-Colonial Pacific and Global Change,First Semester,Postgraduate,6.0,In Person,2021
3544,ARTH6061,"The Postmodern and the Contemporary: World Art, 1970 to the Present",,Postgraduate,6.0,In Person,2021
3545,ARTH2061,"The Postmodern and the Contemporary: World art, 1970 to the present",,Undergraduate,6.0,In Person,2021
3546,PHIL2094,The Problem of Free Will,,Undergraduate,6.0,In Person,2021
3547,HIST9102,The Professional Historian: Advanced Training,,Postgraduate,6.0,In Person,2021
3548,STST8052,The Resort to Force: Understanding Military Power,Second Semester,Postgraduate,6.0,In Person,2021
3549,INTR8020,The Responsibility to Protect,Summer Session,Postgraduate,6.0,In Person,2021
3550,ANCH2022,The Rise of the Roman Empire,,Undergraduate,6.0,In Person,2021
3551,DIPL2001,The Role of Non-State Actors in Asia-Pacific Diplomacy,,Undergraduate,6.0,In Person,2021
3552,DIPL8016,The Role of Non-State Actors in East Asian Diplomacy,,Postgraduate,6.0,In Person,2021
3553,MUSI7003,The Scholar Musician 1,First Semester,Postgraduate,6.0,In Person,2021
3554,MUSI4401,The Scholar Musician 1,First Semester,Undergraduate,6.0,In Person,2021
3555,MUSI8001,The Scholar Musician 2,Second Semester,Postgraduate,6.0,In Person,2021
3556,MUSI4402,The Scholar Musician 2,Second Semester,Undergraduate,6.0,In Person,2021
3557,PSYC3002,The Social Psychology of Group Processes and Social Change,First Semester,Undergraduate,6.0,In Person,2021
3558,SPAN6518,The Sounds of Spanish,,Postgraduate,6.0,In Person,2021
3559,SPAN2601,The Sounds of Spanish,,Undergraduate,6.0,In Person,2021
3560,HIST2242,The Soviet Union: From the Russian Revolution to the Collapse of Communism,,Undergraduate,6.0,In Person,2021
3561,HIST6242,The Soviet Union: From the Russian Revolution to the Collapse of Communism,,Postgraduate,6.0,Online or In Person,2021
3562,LING6020,The Structure of English,First Semester,Postgraduate,6.0,Online or In Person,2021
3563,SPAN6514,The Structure of Spanish,,Postgraduate,6.0,In Person,2021
3564,SPAN2602,The Structure of Spanish,,Undergraduate,6.0,In Person,2021
3565,ENGL2020,"The Text on Stage: Interpreting, Making and Presenting the Play",,Undergraduate,6.0,In Person,2021
3566,DIPL8008,The United Nations and Peace,,Postgraduate,6.0,In Person,2021
3567,WARS2002,The Vietnam Wars: 1941-1989,Second Semester,Undergraduate,6.0,Online or In Person,2021
3568,PSYC1005,The Wellbeing Formula: The Science and Practice of Making a Good Life,Second Semester,Undergraduate,6.0,Online or In Person,2021
3569,ECHI6009,The World Economy Since 1800,Second Semester,Postgraduate,6.0,In Person,2021
3570,ECHI2006,The World Economy Since 1800 (P),,Undergraduate,6.0,In Person,2021
3571,PSYC6002,The social psychology of group processes and social change,,Postgraduate,6.0,In Person,2021
3572,FREN6515,The sounds of French: phonetics and pronunciation,Second Semester,Postgraduate,6.0,In Person,2021
3573,FREN3515,The sounds of French: phonetics and pronunciation,Second Semester,Undergraduate,6.0,In Person,2021
3574,CRIM4001,Theories of Crime and Justice,First Semester,Undergraduate,6.0,In Person,2021
3575,PHIL2020,Theories of Social Justice,,Undergraduate,6.0,In Person,2021
3576,WARS2001,Theories of War: An historical and global perspective,Second Semester,Undergraduate,6.0,In Person,2021
3577,BIAN8005,Theory Seminar in Biological Anthropology,First Semester,Postgraduate,6.0,In Person,2021
3578,BIAN4010,Theory Seminar in Biological Anthropology and Archaeology,First Semester,Undergraduate,12.0,In Person,2021
3579,ANTH4012,Theory and Ethnography in the Analysis of Cultures,First Semester,Undergraduate,12.0,In Person,2021
3580,MMIB8008,Theory in Management: Process and Content,Second Semester,Postgraduate,6.0,Online or In Person,2021
3581,COMP6363,Theory of Computation,,Postgraduate,6.0,In Person,2021
3582,COMP3630,Theory of Computation,,Undergraduate,6.0,In Person,2021
3583,MATH6202,Theory of Partial Differential Equations,Second Semester,Postgraduate,6.0,In Person,2021
3584,MATH4202,Theory of Partial Differential Equations Honours,Second Semester,Undergraduate,6.0,In Person,2021
3585,PHYS6020,Thermal and Statistical Physics,First Semester,Postgraduate,6.0,In Person,2021
3586,PHYS2020,Thermal and Statistical Physics,First Semester,Undergraduate,6.0,In Person,2021
3587,DIPL8011,Thesis,First Semester/Second Semester,Postgraduate,24.0,In Person,2021
3588,EMDV8016,Thesis,First Semester/Second Semester,Postgraduate,12.0,Online or In Person,2021
3589,THES4103,Thesis,First Semester/Second Semester,Undergraduate,6.0,In Person,2021
3590,THES8100,Thesis,First Semester/Second Semester,Postgraduate,6.0,In Person,2021
3591,THES8102,Thesis,First Semester/Second Semester,Postgraduate,6.0,In Person,2021
3592,NSPO8031,Thesis,First Semester/Second Semester,Postgraduate,12.0,In Person,2021
3593,REGN8008,Thesis,First Semester/Second Semester,Postgraduate,24.0,In Person,2021
3594,THES4102,Thesis,First Semester/Second Semester,Undergraduate,6.0,In Person,2021
3595,THES4105,Thesis,First Semester/Second Semester,Undergraduate,6.0,In Person,2021
3596,ANTH8050,Thesis,First Semester/Second Semester,Postgraduate,6.0,Online or In Person,2021
3597,THES4100,Thesis,First Semester/Second Semester,Undergraduate,6.0,In Person,2021
3598,THES4501,Thesis,First Semester/Second Semester,Undergraduate,6.0,In Person,2021
3599,THES4502,Thesis,First Semester/Second Semester,Undergraduate,6.0,In Person,2021
3600,THES8103,Thesis,First Semester/Second Semester,Postgraduate,6.0,In Person,2021
3601,THES8105,Thesis,First Semester/Second Semester,Postgraduate,6.0,In Person,2021
3602,INTR8038,Thesis,First Semester/Second Semester,Postgraduate,24.0,In Person,2021
3603,ASIA8500,Thesis (24 units),First Semester/Second Semester,Postgraduate,24.0,Online or In Person,2021
3604,THES8113,Thesis (Online),First Semester/Second Semester,Postgraduate,6.0,Online,2021
3605,INTR8039,Thesis (Part Time),First Semester/Second Semester,Postgraduate,12.0,In Person,2021
3606,DIPL8017,Thesis (Part-time),First Semester/Second Semester,Postgraduate,12.0,In Person,2021
3607,STST8071,Thesis - Full-time,First Semester/Second Semester,Postgraduate,24.0,In Person,2021
3608,STST8162,Thesis - Full-time,First Semester/Second Semester/Spring Session,Postgraduate,24.0,In Person,2021
3609,STST8072,Thesis - Part-time,First Semester/Second Semester,Postgraduate,12.0,In Person,2021
3610,STST8163,Thesis Part-time,First Semester/Second Semester,Postgraduate,12.0,In Person,2021
3611,HUMN9104,Thesis Writing Workshop: The Five Essential Elements of a Thesis,Second Semester,Postgraduate,6.0,In Person,2021
3612,MATH4005,Thesis and Presentations in Mathematics,Summer Session/First Semester/Second Semester,Undergraduate,6.0,In Person,2021
3613,SCOM4005,Thesis and Seminar in Science Communication,First Semester/Second Semester,Undergraduate,6.0,In Person,2021
3614,ASIA2040,The Making of Modern Korea,Second Semester,Undergraduate,6.0,In Person,2021
3615,ARCH3023,Thinking Through the Past: Archaeological Theory from 1950,First Semester,Undergraduate,6.0,In Person,2021
3616,ARCH6023,Thinking Through the Past: Archaeological Theory from 1950,First Semester,Postgraduate,6.0,In Person,2021
3617,MGMT7060,Thought Leadership in Organisations,Second Semester,Postgraduate,6.0,In Person,2021
3618,TIBN1002,Tibetan 1,First Semester,Undergraduate,6.0,Online,2021
3619,TIBN6002,Tibetan 1,First Semester,Postgraduate,6.0,Online,2021
3620,TIBN1003,Tibetan 2,Second Semester,Undergraduate,6.0,Online,2021
3621,TIBN6003,Tibetan 2,Second Semester,Postgraduate,6.0,Online,2021
3622,TOKP6002,Tok Pisin 1,First Semester,Postgraduate,6.0,Online,2021
3623,TOKP1002,Tok Pisin 1,First Semester,Undergraduate,6.0,Online,2021
3624,TOKP1003,Tok Pisin 2,Second Semester,Undergraduate,6.0,Online,2021
3625,TOKP6003,Tok Pisin 2,Second Semester,Postgraduate,6.0,Online,2021
3626,TOKP6101,Tok Pisin 3,First Semester,Postgraduate,6.0,Online,2021
3627,TOKP2001,Tok Pisin 3,First Semester,Undergraduate,6.0,Online,2021
3628,TOKP6102,Tok Pisin 4,Second Semester,Postgraduate,6.0,Online,2021
3629,TOKP2002,Tok Pisin 4,Second Semester,Undergraduate,6.0,Online,2021
3630,MGMT7170,Tools and Techniques for Business Project Management,First Semester/Autumn Session/Spring Session,Postgraduate,6.0,Online or In Person,2021
3631,LANG4002,Topics in Advanced Language Studies 1,First Semester/Second Semester,Undergraduate,6.0,In Person,2021
3632,LANG4003,Topics in Advanced Language Studies 2,First Semester/Second Semester,Undergraduate,6.0,In Person,2021
3633,LING3126,Topics in Advanced Syntax and Morphology,,Undergraduate,6.0,In Person,2021
3634,LING6026,Topics in Advanced Syntax and Morphology,,Postgraduate,6.0,In Person,2021
3635,ASIA9051,Topics in Asia and Pacific Research,First Semester/Second Semester,Postgraduate,6.0,In Person,2021
3636,MATH6201,Topics in Computational Mathematics,First Semester,Postgraduate,6.0,In Person,2021
3637,MATH4201,Topics in Computational Maths Honours,First Semester,Undergraduate,6.0,In Person,2021
3638,COMP3710,Topics in Computer Science,Second Semester,Undergraduate,6.0,In Person,2021
3639,ENVS8048,Topics in Environment & Society,Summer Session/First Semester/Autumn Session/Winter Session/Second Semester/Spring Session,Postgraduate,6.0,In Person,2021
3640,ECON8076,Topics in Game Theory,,Postgraduate,6.0,In Person,2021
3641,ECON4476,Topics in Game Theory,,Undergraduate,6.0,In Person,2021
3642,FINM8007,Topics in International Finance,First Semester/Second Semester,Postgraduate,6.0,In Person,2021
3643,IDEC8123,Topics in International and Development Economics,,Postgraduate,6.0,In Person,2021
3644,LING9001,Topics in Linguistics,Winter Session,Postgraduate,6.0,In Person,2021
3645,ECON4401,Topics in Macroeconomics,,Undergraduate,6.0,In Person,2021
3646,ECON8001,Topics in Macroeconomics,,Postgraduate,6.0,In Person,2021
3647,MATH6211,Topics in Mathematical Physics,First Semester,Postgraduate,6.0,In Person,2021
3648,ECON8021,Topics in Microeconomic Theory,Second Semester,Postgraduate,6.0,In Person,2021
3649,ECON4421,Topics in Microeconomic Theory,Second Semester,Undergraduate,6.0,In Person,2021
3650,NEUR8001,Topics in Neuroscience,,Postgraduate,6.0,In Person,2021
3651,PHIL4012,Topics in Philosophy,First Semester/Second Semester,Undergraduate,6.0,In Person,2021
3652,MATH6206,Topics in Stochastic Analysis,,Postgraduate,6.0,In Person,2021
3653,LAWS8142,Tort Liability and Public Authorities,Spring Session,Postgraduate,6.0,Online or In Person,2021
3654,LAWS1203,Torts,First Semester,Undergraduate,6.0,Online or In Person,2021
3655,LAWS6103,Torts,First Semester,Postgraduate,6.0,Online or In Person,2021
3656,HUMN8033,"Tourism, Heritage and Globalisation",Winter Session,Postgraduate,6.0,In Person,2021
3657,EMDV8017,Toxic: Environmental Pollution and Waste,First Semester,Postgraduate,6.0,Online or In Person,2021
3658,IDEC8009,"Trade, Development and the Asia Pacific Economy",,Postgraduate,6.0,In Person,2021
3659,FINM4017,Trading and Markets,,Undergraduate,6.0,In Person,2021
3660,FINM8017,Trading and Markets,,Postgraduate,6.0,In Person,2021
3661,ANTH2005,"Traditional Australian Indigenous Cultures, Societies and Environment",Second Semester,Undergraduate,6.0,In Person,2021
3662,ANTH6005,"Traditional Australian Indigenous Cultures, Societies and Environment",Second Semester,Postgraduate,6.0,In Person,2021
3663,CLAS1001,Traditional Grammar,First Semester,Undergraduate,6.0,In Person,2021
3664,CLAS6001,Traditional Grammar,First Semester,Postgraduate,6.0,In Person,2021
3665,CLAS2011,Traditional Grammar (L),First Semester,Undergraduate,6.0,In Person,2021
3666,SOCY3124,Transforming Society: Towards a Public Sociology,Second Semester,Undergraduate,6.0,In Person,2021
3667,LANG8016,Translation Project,First Semester/Second Semester,Postgraduate,6.0,In Person,2021
3668,LANG6016,Translation Project,,Postgraduate,6.0,In Person,2021
3669,LANG6002,Translation across Languages: Specialised Materials,First Semester,Postgraduate,6.0,In Person,2021
3670,LANG6001,Translation across Languages: The Translation of Literary Texts,Second Semester,Postgraduate,6.0,In Person,2021
3671,LANG3002,Translation across Languages: specialised material,First Semester,Undergraduate,6.0,In Person,2021
3672,LANG3001,Translation across Languages: the translation of literary texts,Second Semester,Undergraduate,6.0,In Person,2021
3673,LAWS8009,Transnational Anti-Corruption Laws,Spring Session,Postgraduate,6.0,Online or In Person,2021
3674,DIPL8001,Transnational Diplomacy,First Semester,Postgraduate,6.0,In Person,2021
3675,SCRN3001,Transnational Screens: Crossing Borders and Identities,,Undergraduate,6.0,In Person,2021
3676,GEND6021,"Trauma, Memory and Culture",,Postgraduate,6.0,In Person,2021
3677,GEND2021,"Trauma, Memory and Culture",,Undergraduate,6.0,In Person,2021
3678,ANCH2015,Travellers and Geographers in Antiquity,First Semester,Undergraduate,6.0,In Person,2021
3679,ANCH6501,Travellers and Geographers in Antiquity,First Semester,Postgraduate,6.0,In Person,2021
3680,ASIA3272,Truth and Falsity in Indian History and Politics,First Semester,Undergraduate,6.0,In Person,2021
3681,ASIA6272,Truth and Falsity in Indian History and Politics,First Semester,Postgraduate,6.0,In Person,2021
3682,MMIB8007,Tsinghua Research Project,Summer Session/Winter Session/Spring Session,Postgraduate,6.0,Online or In Person,2021
3683,HIST6509,"Tudor-Stuart England c.1485-1714: Politics, Society, Culture",,Postgraduate,6.0,In Person,2021
3684,HIST2219,"Tudor-Stuart England, c.1485-1714: Politics, Society and Culture",,Undergraduate,6.0,In Person,2021
3685,MEAS3006,Turkish History: Ottoman State to Modern Turkey,First Semester,Undergraduate,6.0,In Person,2021
3686,MEAS6006,Turkish History: Ottoman State to Modern Turkey,First Semester,Postgraduate,6.0,In Person,2021
3687,MEAS6504,Turkish Politics and Foreign Policy,,Postgraduate,6.0,In Person,2021
3688,MEAS2004,Turkish Politics and Foreign Policy,,Undergraduate,6.0,In Person,2021
3689,DESN2009,Typography in Context: digital typographic design,Second Semester,Undergraduate,6.0,In Person,2021
3690,ARTV6100,Typography: Textual use in Visual Arts,,Postgraduate,6.0,In Person,2021
3691,SCRN2003,U.S. Cinema: Hollywood and Beyond,,Undergraduate,6.0,In Person,2021
3692,POLS2127,U.S. Politics,Second Semester,Undergraduate,6.0,In Person,2021
3693,HUMN8019,UNESCO and World Heritage: Conserving Heritage Values,Autumn Session,Postgraduate,6.0,Online,2021
3694,INTR2016,US Foreign and Security Policy in Asia,First Semester,Undergraduate,6.0,In Person,2021
3695,INTR8067,US Foreign and Security Policy in the Asia-Pacific,First Semester,Postgraduate,6.0,In Person,2021
3696,INDG8003,Understanding Indigenous Wellbeing: Demographic and Socioeconomic Change,,Postgraduate,6.0,Online or In Person,2021
3697,MUSC8012,Understanding Learning in Museums and Heritage,First Semester,Postgraduate,6.0,Online or In Person,2021
3698,INTR1021,Understanding Peace and Conflict,First Semester,Undergraduate,6.0,In Person,2021
3699,BAPA1002,Understanding Peace and Conflict,Spring Session,Undergraduate,6.0,In Person,2021
3700,DEMO6001,Understanding Population Change,,Postgraduate,6.0,Online or In Person,2021
3701,DEMO2001,Understanding population change,Second Semester,Undergraduate,6.0,In Person,2021
3702,PASI8303,"Understanding the Pacific 1: Foundational Concepts, Critical Perspectives",Winter Session,Postgraduate,3.0,Online or In Person,2021
3703,PASI8304,"Understanding the Pacific 2: New Actors, Contemporary Issues",Winter Session,Postgraduate,3.0,Online or In Person,2021
3704,EURO2012,"Uniting Europe: history, politics, theory",First Semester,Undergraduate,6.0,In Person,2021
3705,POGO8234,Unpacking Policy Capacity,Spring Session,Postgraduate,3.0,In Person,2021
3706,LAWS4001,Unravelling Complexity,Second Semester,Undergraduate,6.0,In Person,2021
3707,VCUG3001,Unravelling Complexity,Second Semester,Undergraduate,6.0,In Person,2021
3708,VCPG6001,Unravelling Complexity,Second Semester,Postgraduate,6.0,In Person,2021
3709,ENGN8832,Urban Energy and Energy Efficiency,Second Semester,Postgraduate,6.0,Online,2021
3710,SOCR8202,Using Data to Answer Policy Questions and Evaluate Policy,First Semester/Spring Session,Postgraduate,6.0,Online or In Person,2021
3711,SOCR8012,Using Quantitative Text Analysis in Social Research,,Postgraduate,6.0,In Person,2021
3712,ENGL6036,Victorian Literature,,Postgraduate,6.0,In Person,2021
3713,ENGL3036,Victorian Literature,,Undergraduate,6.0,In Person,2021
3714,ARTH6097,Victorian and Edwardian Art: Australia and Europe 1837-1914,,Postgraduate,6.0,Online or In Person,2021
3715,ARTH2097,Victorian and Edwardian Art: Australia and Europe 1837-1914,,Undergraduate,6.0,In Person,2021
3716,ARTV6003,Video Art,,Postgraduate,6.0,In Person,2021
3717,ARTV1612,Video Art: Editing & Montage,,Undergraduate,6.0,In Person,2021
3718,ARTV6612,Video Art: Editing and Montage,,Postgraduate,6.0,In Person,2021
3719,ARTV2617,Video: Creative Possibilities,,Undergraduate,6.0,In Person,2021
3720,ENVS6017,Vietnam Field School,,Postgraduate,6.0,In Person,2021
3721,ENVS2017,Vietnam Field School,,Undergraduate,6.0,In Person,2021
3722,VIET6102,Vietnamese 1,First Semester,Postgraduate,6.0,Online,2021
3723,VIET1002,Vietnamese 1,First Semester,Undergraduate,6.0,Online,2021
3724,VIET1003,Vietnamese 2,Second Semester,Undergraduate,6.0,Online,2021
3725,VIET6103,Vietnamese 2,Second Semester,Postgraduate,6.0,Online,2021
3726,VIET6002,Vietnamese 3,First Semester,Postgraduate,6.0,Online,2021
3727,VIET2002,Vietnamese 3,First Semester,Undergraduate,6.0,Online,2021
3728,VIET2003,Vietnamese 4,Second Semester,Undergraduate,6.0,Online,2021
3729,VIET6003,Vietnamese 4,Second Semester,Postgraduate,6.0,Online,2021
3730,VIET3002,Vietnamese 5,First Semester,Undergraduate,6.0,In Person,2021
3731,VIET6502,Vietnamese 5,First Semester,Postgraduate,6.0,In Person,2021
3732,VIET6503,Vietnamese 6,Second Semester,Postgraduate,6.0,In Person,2021
3733,VIET3003,Vietnamese 6,Second Semester,Undergraduate,6.0,In Person,2021
3734,VIET3015,Vietnamese-English Translation,,Undergraduate,6.0,In Person,2021
3735,VIET6015,Vietnamese-English Translation,,Postgraduate,6.0,In Person,2021
3736,HIST2243,"Vikings, Crusades, Mongols: Shaping Medieval Europe, c. 850—1300",,Undergraduate,6.0,In Person,2021
3737,HIST6243,"Vikings, Crusades, Mongols: Shaping Medieval Europe, c. 850—1300",,Postgraduate,6.0,In Person,2021
3738,REGN8007,"Violence Against Women in Australia, Asia and the Pacific",,Postgraduate,6.0,In Person,2021
3739,POLS4043,Violence and Political Order,Second Semester,Undergraduate,6.0,In Person,2021
3740,POLS8043,Violence and Political Order,Second Semester,Postgraduate,6.0,In Person,2021
3741,ANTH2130,Violence and Terror,First Semester,Undergraduate,6.0,In Person,2021
3742,ANTH6516,Violence and Terror,First Semester,Postgraduate,6.0,In Person,2021
3743,ASIA2109,"Violence, Poverty, and Politics in India",,Undergraduate,6.0,In Person,2021
3744,DESN1002,Visual Communication: Design and Production,First Semester,Undergraduate,6.0,In Person,2021
3745,PSYC3015,Visual and Cognitive Neuroscience,Second Semester,Undergraduate,6.0,In Person,2021
3746,WARS1003,War and Society in Modern History,,Undergraduate,6.0,In Person,2021
3747,WARS2004,War in the Islands: The Second World War in the Pacific,Second Semester,Undergraduate,6.0,In Person,2021
3748,WARS6006,War in the Islands: The Second World War in the Pacific,Second Semester,Postgraduate,6.0,In Person,2021
3749,WARS1001,"War in the Modern World, 1789 to today",First Semester,Undergraduate,6.0,Online or In Person,2021
3750,POLS3022,Washington DC Internship,,Undergraduate,12.0,In Person,2021
3751,EMDV8079,"Water Justice, Management and Governance",Winter Session,Postgraduate,6.0,Online or In Person,2021
3752,ENVS3005,Water Management,First Semester,Undergraduate,6.0,In Person,2021
3753,ENVS6555,Water Management,First Semester,Postgraduate,6.0,In Person,2021
3754,ENVS2020,Water Science,Summer Session,Undergraduate,6.0,In Person,2021
3755,ENVS6022,Water Science,Summer Session,Postgraduate,6.0,In Person,2021
3756,ENGN4901,Water Systems Engineering,,Undergraduate,6.0,In Person,2021
3757,COMP6780,Web Development and Design,First Semester,Postgraduate,6.0,In Person,2021
3758,COMP1710,Web Development and Design,First Semester,Undergraduate,6.0,In Person,2021
3759,HIST2220,"Western Europe in the Later Middle Ages, c. 1348-1500",,Undergraduate,6.0,In Person,2021
3760,PHIL1007,What is Humanity?,,Undergraduate,6.0,In Person,2021
3761,ASIA2304,What is Literature? Asian Perspectives,,Undergraduate,6.0,In Person,2021
3762,MUSC8022,When Justice Goes to the Museum,,Postgraduate,6.0,In Person,2021
3763,HUMN8036,Who do we think we are? Using Archives and Special Collections,,Postgraduate,6.0,In Person,2021
3764,LEGW8114,Wills and Estates Practice,Summer Session/Winter Session,Postgraduate,3.0,Online,2021
3765,ENGN6548,Wind Energy,Second Semester,Postgraduate,6.0,In Person,2021
3766,ENGN4548,Wind Energy,Second Semester,Undergraduate,6.0,In Person,2021
3767,ENGN4536,Wireless Communications,Second Semester,Undergraduate,6.0,In Person,2021
3768,ENGN6536,Wireless Communications,Second Semester,Postgraduate,6.0,In Person,2021
3769,INTR8077,"Women, Peace and Security: Defining and Addressing Complex Security Challenges of the 21st Century",,Postgraduate,6.0,In Person,2021
3770,POGO8068,Work Based Research Project,Winter Session,Postgraduate,12.0,In Person,2021
3771,PHYS3058,Work Experience in Photonics,First Semester/Second Semester,Undergraduate,6.0,In Person,2021
3772,PHYS8506,Work experience in Photonics,First Semester/Second Semester,Postgraduate,6.0,In Person,2021
3773,ARTV2038,Workshop Atelier,First Semester,Undergraduate,6.0,Online or In Person,2021
3774,HIST6136,"World At War, 1939-1945",Second Semester,Postgraduate,6.0,Online or In Person,2021
3775,ECHI3009,World Economy Since 1800,Second Semester,Undergraduate,6.0,In Person,2021
3776,HIST2136,"World at War, 1939-1945",Second Semester,Undergraduate,6.0,Online or In Person,2021
3777,ARTV2908,Woven Worlds,,Undergraduate,6.0,In Person,2021
3778,ARTH9021,Writing About Art and Creative Practice,Autumn Session,Postgraduate,6.0,In Person,2021
3779,ARTH8021,Writing About Art and Creative Practice,,Postgraduate,6.0,In Person,2021
3780,ASIA8038,Writing Ethnography in Asia and the Pacific,,Postgraduate,6.0,In Person,2021
3781,GEND3016,Writing Lives: Autobiography in Fiction and Memoir,,Undergraduate,6.0,In Person,2021
3782,MUSI6211,Writing about Music 1: Styles and Theories,First Semester,Postgraduate,6.0,In Person,2021
3783,MUSI2211,Writing about Music 1: Styles and Theories,First Semester,Undergraduate,6.0,In Person,2021
3784,MUSI6313,Writing about Music 2: Sources and Methods,Second Semester,Postgraduate,6.0,In Person,2021
3785,MUSI3313,Writing about Music 2: Sources and Methods,Second Semester,Undergraduate,6.0,In Person,2021
3786,ENGL9002,Writing for Publication: Developing an Academic Paper,First Semester,Postgraduate,6.0,In Person,2021
3787,HUMN8032,Writing for the Research Process,,Postgraduate,6.0,In Person,2021
3788,HUMN4001,Writing for the Research Process,,Undergraduate,6.0,In Person,2021
3789,HUMN8026,Writing in the Public Sphere,First Semester,Postgraduate,6.0,Online or In Person,2021
3790,ENGL9020,Writing the Thesis,,Postgraduate,6.0,In Person,2021
3791,HUMN8012,"Writing, World Histories and Lives: Research Project",Second Semester,Postgraduate,6.0,In Person,2021
3792,ASIA3551,Year in Asia,First Semester,Undergraduate,24.0,In Person,2021
3793,CRIM6006,Young People and Crime: Developmental Criminology and its Discontents,Autumn Session,Postgraduate,6.0,In Person,2021
3794,CRIM2006,Young People and Crime: Developmental Criminology and its Discontents,Autumn Session,Undergraduate,6.0,In Person,2021
3795,GEND2037,Young People and Sex,,Undergraduate,6.0,In Person,2021
3796,LAWS6267,Youth Law Clinic,First Semester/Second Semester,Postgraduate,6.0,In Person,2021
3797,LAWS4267,Youth Law Clinic,First Semester/Second Semester,Undergraduate,6.0,In Person,2021
3798,MEAS8010,,,Postgraduate,,In Person,2021
3799,MEAS8100,,,Postgraduate,,In Person,2021
