,CourseCode,Name,Session,Career,Units,ModeOfDelivery,Year
0,LAWS8403,#MeToo and the Law,,Postgraduate,6.0,Online or In Person,2022
1,MEAS8127,"'Sectarianism' in the Middle East: Theology, Politics and Identity",,Postgraduate,6.0,In Person,2022
2,INTR2020,(In)Stability on the Korean Peninsula,,Undergraduate,6.0,In Person,2022
3,MGMT7169,A Management Framework For Business Projects,Second Semester,Postgraduate,6.0,In Person,2022
4,LAWS4251,AI and Law,Second Semester,Undergraduate,6.0,Online or In Person,2022
5,CBEA6070,ANU College of Business and Economics Internship Program (PG),First Semester/Second Semester,Postgraduate,6.0,In Person,2022
6,CBEA3070,ANU College of Business and Economics Internship Program (UG),First Semester/Second Semester,Undergraduate,6.0,In Person,2022
7,EXTN1007A,ANU Extension Advanced Japanese A,Autumn Session,Undergraduate,0.0,In Person,2022
8,EXTN1007B,ANU Extension Advanced Japanese B,Autumn Session,Undergraduate,6.0,In Person,2022
9,EXTN1001A,ANU Extension Astrophysics A,Autumn Session,Undergraduate,0.0,In Person,2022
10,EXTN1001B,ANU Extension Astrophysics B,Autumn Session,Undergraduate,6.0,In Person,2022
11,EXTN1004A,ANU Extension Biodiversity A,Autumn Session,Undergraduate,0.0,In Person,2022
12,EXTN1004B,ANU Extension Biodiversity B,Autumn Session,Undergraduate,6.0,In Person,2022
13,EXTN1002A,ANU Extension Chemistry A,Autumn Session,Undergraduate,0.0,In Person,2022
14,EXTN1002B,ANU Extension Chemistry B,Autumn Session,Undergraduate,6.0,In Person,2022
15,EXTN1003A,ANU Extension Continuing Chinese A,Autumn Session,Undergraduate,0.0,In Person,2022
16,EXTN1003B,ANU Extension Continuing Chinese B,Autumn Session,Undergraduate,6.0,In Person,2022
17,EXTN1006A,ANU Extension Continuing Japanese A,Autumn Session,Undergraduate,0.0,In Person,2022
18,EXTN1006B,ANU Extension Continuing Japanese B,Autumn Session,Undergraduate,6.0,In Person,2022
19,EXTN1019A,ANU Extension Creative Computing A,Autumn Session,Undergraduate,0.0,In Person,2022
20,EXTN1019B,ANU Extension Creative Computing B,Autumn Session,Undergraduate,6.0,In Person,2022
21,EXTN1005A,ANU Extension Discovering Engineering A,Autumn Session,Undergraduate,0.0,In Person,2022
22,EXTN1005B,ANU Extension Discovering Engineering B,Autumn Session,Undergraduate,6.0,In Person,2022
23,EXTN1020A,ANU Extension Global Perspectives in Commerce A,Autumn Session,Undergraduate,0.0,In Person,2022
24,EXTN1020B,ANU Extension Global Perspectives in Commerce B,Autumn Session,Undergraduate,6.0,In Person,2022
25,EXTN1010A,ANU Extension Indonesian Politics and Culture A,Autumn Session,Undergraduate,0.0,In Person,2022
26,EXTN1010B,ANU Extension Indonesian Politics and Culture B,,Undergraduate,6.0,In Person,2022
27,EXTN1008A,ANU Extension Korean Language and Culture A,Autumn Session,Undergraduate,0.0,In Person,2022
28,EXTN1008B,ANU Extension Korean Language and Culture B,Autumn Session,Undergraduate,6.0,In Person,2022
29,EXTN1011A,ANU Extension Physics A,Autumn Session,Undergraduate,0.0,In Person,2022
30,EXTN1011B,ANU Extension Physics B,Autumn Session,Undergraduate,6.0,In Person,2022
31,EXTN1012A,ANU Extension Specialist Mathematics A,Autumn Session,Undergraduate,0.0,In Person,2022
32,EXTN1012B,ANU Extension Specialist Mathematics B,Autumn Session,Undergraduate,6.0,In Person,2022
33,BIOL6188,ANU SynBio Challenge Team Project,Second Semester,Postgraduate,6.0,In Person,2022
34,BIOL3188,ANU SynBio Challenge Team Project,Second Semester,Undergraduate,6.0,In Person,2022
35,SCNC5922,ANU/NUS JD (Band 2 NP),First Semester/Second Semester,Undergraduate,6.0,In Person,2022
36,HLTH3001,Aboriginal and Torres Strait Islander Health,First Semester,Undergraduate,6.0,In Person,2022
37,HIST6022,Aboriginal and Torres Strait Islander History,First Semester,Postgraduate,6.0,In Person,2022
38,HIST2022,Aboriginal and Torres Strait Islander History,First Semester,Undergraduate,6.0,In Person,2022
39,PHYS8203,Accelerators and their Application,First Semester,Postgraduate,6.0,In Person,2022
40,BUSN3051,Accounting Analytics,First Semester/Second Semester,Undergraduate,6.0,In Person,2022
41,BUSN7051,Accounting Analytics,First Semester,Postgraduate,6.0,In Person,2022
42,BUSN6051,Accounting Analytics,Second Semester,Postgraduate,6.0,In Person,2022
43,BUSN4500,Accounting Honours Thesis,First Semester/Second Semester,Undergraduate,6.0,In Person,2022
44,INFS2005,Accounting Information Systems,First Semester/Second Semester,Undergraduate,6.0,In Person,2022
45,INFS7004,Accounting Information Systems,First Semester/Second Semester,Postgraduate,6.0,In Person,2022
46,BUSN1002,Accounting Processes and Systems,First Semester/Second Semester,Undergraduate,6.0,In Person,2022
47,BUSN3001,Accounting Theory,First Semester/Second Semester,Undergraduate,6.0,In Person,2022
48,ARTH6175,Across the Pacific: Australian Interactions with American Art and Art-Worlds,,Postgraduate,6.0,In Person,2022
49,ARTH2175,Across the Pacific: Australian Interactions with American Art and Art-Worlds,,Undergraduate,6.0,In Person,2022
50,ASIA8021,Activism and Social Change in Asia and the Pacific,,Postgraduate,6.0,Online or In Person,2022
51,ACST4031,Actuarial Control Cycle 1,First Semester,Undergraduate,6.0,In Person,2022
52,ACST8040,Actuarial Control Cycle 1,First Semester,Postgraduate,6.0,In Person,2022
53,ACST4032,Actuarial Control Cycle 2,Second Semester,Undergraduate,6.0,In Person,2022
54,ACST8041,Actuarial Control Cycle 2,Second Semester,Postgraduate,6.0,In Person,2022
55,ACST4062,Actuarial Data Analysis,Second Semester,Undergraduate,6.0,In Person,2022
56,ACST8032,Actuarial Data Analysis,Second Semester,Postgraduate,6.0,In Person,2022
57,ACST4500,Actuarial Honours Thesis,First Semester/Second Semester,Undergraduate,6.0,In Person,2022
58,ACST4600,Actuarial Research Essay,,Undergraduate,6.0,In Person,2022
59,ACST4600T,Actuarial Research Essay,,Undergraduate,6.0,In Person,2022
60,STAT3038,Actuarial Techniques,Second Semester,Undergraduate,6.0,In Person,2022
61,STAT6045,Actuarial Techniques,Second Semester,Postgraduate,6.0,In Person,2022
62,ENGL2067,Adaptation: From Text to Screen,,Undergraduate,6.0,In Person,2022
63,ENGL6067,Adaptation: From Text to Screen,,Postgraduate,6.0,In Person,2022
64,LAWS2201,Administrative Law,First Semester,Undergraduate,6.0,Online or In Person,2022
65,LAWS6201,Administrative Law,First Semester,Postgraduate,6.0,Online or In Person,2022
66,LAWS4308,Administrative Law Theory and Practice: The Case of Citizenship,,Undergraduate,6.0,In Person,2022
67,LING2107,Advanced Academic English,,Undergraduate,6.0,In Person,2022
68,LING6030,Advanced Academic English,,Postgraduate,6.0,In Person,2022
69,LAWS8462,Advanced Administrative Law,Winter Session,Postgraduate,6.0,Online or In Person,2022
70,LAWS4262,Advanced Administrative Law,Winter Session,Undergraduate,6.0,Online or In Person,2022
71,MATH3104,"Advanced Algebra 1: Groups, Rings and Linear Algebra",Second Semester,Undergraduate,6.0,In Person,2022
72,MATH2322,"Advanced Algebra 1: Groups, Rings and Linear Algebra",Second Semester,Undergraduate,6.0,In Person,2022
73,MATH3345,Advanced Algebra 2: Field extensions and Galois Theory,First Semester,Undergraduate,6.0,In Person,2022
74,COMP8460,Advanced Algorithms,Second Semester,Postgraduate,6.0,In Person,2022
75,COMP4600,Advanced Algorithms,Second Semester,Undergraduate,6.0,In Person,2022
76,MATH2320,Advanced Analysis 1: Metric Spaces and Applications,First Semester,Undergraduate,6.0,In Person,2022
77,MATH3116,Advanced Analysis 1: Metric Spaces and Applications,First Semester,Undergraduate,6.0,In Person,2022
78,MATH3320,Advanced Analysis 2: Lebesgue Integration and Hilbert Spaces,First Semester,Undergraduate,6.0,In Person,2022
79,PHIL3072,Advanced Analytic Philosophy,,Undergraduate,6.0,In Person,2022
80,GREK3125,Advanced Ancient Greek,First Semester,Undergraduate,6.0,In Person,2022
81,PSYC8521,Advanced Applications in Psychological Practice,Second Semester,Postgraduate,6.0,In Person,2022
82,ARAB3001,Advanced Arabic 1,First Semester,Undergraduate,6.0,Online or In Person,2022
83,ARAB3002,Advanced Arabic 2,Second Semester,Undergraduate,6.0,Online or In Person,2022
84,PSYC8510,Advanced Assessment in Professional Psychology,First Semester,Postgraduate,6.0,In Person,2022
85,ECON8080,Advanced Behavioral Economics,,Postgraduate,6.0,In Person,2022
86,ECON4480,Advanced Behavioral Economics,,Undergraduate,6.0,In Person,2022
87,ECON3180,Advanced Behavioral Economics,Second Semester,Undergraduate,6.0,In Person,2022
88,ECON6080,Advanced Behavioral Economics,,Postgraduate,6.0,In Person,2022
89,EMET8020,Advanced Case Studies in Applied Econometrics and Applied Economics,,Postgraduate,6.0,In Person,2022
90,MATH3228,Advanced Complex Analysis,Second Semester,Undergraduate,6.0,In Person,2022
91,COMP4560,Advanced Computing Project,First Semester/Second Semester,Undergraduate,6.0,In Person,2022
92,COMP3560,Advanced Computing R&D Industry Experience,First Semester/Second Semester,Undergraduate,0.0,In Person,2022
93,COMP2550,Advanced Computing R&D Methods,First Semester,Undergraduate,6.0,In Person,2022
94,COMP3550,Advanced Computing R&D Project,First Semester/Second Semester,Undergraduate,6.0,In Person,2022
95,COMP4450,Advanced Computing Research Methods,First Semester,Undergraduate,6.0,In Person,2022
96,COMP6445,Advanced Computing Research Methods,First Semester,Postgraduate,6.0,In Person,2022
97,COMP4550,Advanced Computing Research Project,First Semester/Second Semester,Undergraduate,12.0,In Person,2022
98,LAWS8218,Advanced Contracts,,Postgraduate,6.0,Online or In Person,2022
99,ENGN8224,Advanced Control Systems,Second Semester,Postgraduate,6.0,In Person,2022
100,FINM4015,Advanced Corporate Finance,First Semester/Second Semester,Undergraduate,6.0,In Person,2022
101,FINM8004,Advanced Corporate Finance,First Semester/Second Semester,Postgraduate,6.0,In Person,2022
102,LAWS8411,"Advanced Criminal Law: Crime, Law and Social Justice",,Postgraduate,6.0,In Person,2022
103,FINM3007,Advanced Derivatives Pricing and Applications,Second Semester,Undergraduate,6.0,In Person,2022
104,MATH3342,Advanced Differential Geometry,First Semester,Undergraduate,6.0,In Person,2022
105,EMET4314,Advanced Econometrics I,First Semester,Undergraduate,6.0,In Person,2022
106,EMET8014,Advanced Econometrics I,First Semester,Postgraduate,6.0,In Person,2022
107,EMET4308,Advanced Econometrics II,Second Semester,Undergraduate,6.0,In Person,2022
108,EMET8008,Advanced Econometrics II,Second Semester,Postgraduate,6.0,In Person,2022
109,PHYS3102,Advanced Electromagnetism,First Semester,Undergraduate,6.0,In Person,2022
110,PHYS6102,Advanced Electromagnetism,First Semester,Postgraduate,6.0,In Person,2022
111,PHIL3073,"Advanced Ethics, Social and Political Philosophy",First Semester,Undergraduate,6.0,In Person,2022
112,BIOL6303,Advanced Field Studies in Functional Ecology,Winter Session,Postgraduate,6.0,In Person,2022
113,BIOL3303,Advanced Field Studies in Functional Ecology,Winter Session,Undergraduate,6.0,In Person,2022
114,ARCH8002,Advanced Field Training in Archaeological Science,Winter Session,Postgraduate,6.0,In Person,2022
115,MATH3343,Advanced Foundations of Mathematics,First Semester,Undergraduate,6.0,In Person,2022
116,FREN3010,Advanced French I,First Semester,Undergraduate,6.0,In Person,2022
117,FREN3011,Advanced French II,Second Semester,Undergraduate,6.0,In Person,2022
118,MATH3325,"Advanced Functional Analysis, Spectral theory and Applications",Second Semester,Undergraduate,6.0,In Person,2022
119,MATH6214,"Advanced Functional Analysis, Spectral theory and Applications",Second Semester,Postgraduate,6.0,In Person,2022
120,PHYS8721,Advanced Imaging Methods and Systems,First Semester,Postgraduate,6.0,In Person,2022
121,INDN3015,Advanced Indonesian: Translation into English,,Undergraduate,6.0,Online or In Person,2022
122,LAWS4264,Advanced International Law,First Semester,Undergraduate,6.0,Online or In Person,2022
123,LAWS8464,Advanced International Law,,Postgraduate,6.0,In Person,2022
124,FINM4106,Advanced Investments,First Semester/Second Semester,Undergraduate,6.0,In Person,2022
125,FINM8006,Advanced Investments,First Semester/Second Semester,Postgraduate,6.0,In Person,2022
126,LAWS4233,Advanced Issues in Torts,Second Semester,Undergraduate,6.0,In Person,2022
127,ITAL3016,Advanced Italian Topics in Language and Literary Studies,Second Semester,Undergraduate,6.0,In Person,2022
128,ITAL3015,"Advanced Italian Topics in Language, Culture and Society",First Semester,Undergraduate,6.0,In Person,2022
129,JPNS3005,Advanced Japanese: Issues in Contemporary Japan,,Undergraduate,6.0,Online or In Person,2022
130,JPNS3006,Advanced Japanese: Language in Context,First Semester,Undergraduate,6.0,Online or In Person,2022
131,JPNS3007,Advanced Japanese: Readings in Culture and Society,,Undergraduate,6.0,Online or In Person,2022
132,JPNS3008,Advanced Japanese: Readings in Literature,Second Semester,Undergraduate,6.0,Online or In Person,2022
133,MUSI2507,Advanced Jazz Studies 1,First Semester,Undergraduate,6.0,In Person,2022
134,MUSI2508,Advanced Jazz Studies 2,Second Semester,Undergraduate,6.0,In Person,2022
135,KORE3018,Advanced Korean: Culture and History,Second Semester,Undergraduate,6.0,Online or In Person,2022
136,KORE3015,Advanced Korean: Film and Society,First Semester,Undergraduate,6.0,Online or In Person,2022
137,LATN3125,Advanced Latin,First Semester/Second Semester,Undergraduate,6.0,In Person,2022
138,CHIN3015,Advanced Literary Chinese,First Semester/Second Semester,Undergraduate,6.0,Online or In Person,2022
139,ECON8026,Advanced Macroeconomic Analysis,First Semester/Second Semester,Postgraduate,6.0,In Person,2022
140,BUSN3003,Advanced Management Accounting,Second Semester,Undergraduate,6.0,In Person,2022
141,BUSN8003,Advanced Managerial Decision Making,Second Semester,Postgraduate,6.0,In Person,2022
142,CHEM3202,Advanced Materials,First Semester,Undergraduate,6.0,In Person,2022
143,CHEM6202,Advanced Materials,First Semester,Postgraduate,6.0,In Person,2022
144,CHEM8031,Advanced Materials Manufacturing,Second Semester,Postgraduate,6.0,In Person,2022
145,MATH3353,Advanced Mathematical Bioinformatics,First Semester,Undergraduate,6.0,In Person,2022
146,MATH6208,Advanced Mathematical Bioinformatics,First Semester,Postgraduate,6.0,In Person,2022
147,STAT3056,Advanced Mathematical Statistics,Second Semester,Undergraduate,6.0,In Person,2022
148,STAT8056,Advanced Mathematical Statistics,Second Semester,Postgraduate,6.0,In Person,2022
149,MATH1115,Advanced Mathematics and Applications 1,First Semester,Undergraduate,6.0,In Person,2022
150,MATH1116,Advanced Mathematics and Applications 2,Second Semester,Undergraduate,6.0,In Person,2022
151,ECON8025,Advanced Microeconomic Analysis,First Semester/Second Semester,Postgraduate,6.0,In Person,2022
152,BIOL6203,Advanced Microscopy in Biosciences,Summer Session,Postgraduate,6.0,In Person,2022
153,BIOL3203,Advanced Microscopy in Biosciences,Summer Session,Undergraduate,6.0,In Person,2022
154,CHIN3024,Advanced Modern Chinese A,First Semester,Undergraduate,6.0,Online or In Person,2022
155,CHIN3025,Advanced Modern Chinese B,Second Semester,Undergraduate,6.0,Online or In Person,2022
156,PERS3005,Advanced Persian A,First Semester,Undergraduate,6.0,Online,2022
157,PERS3006,Advanced Persian B,Second Semester,Undergraduate,6.0,Online,2022
158,PHIL3074,Advanced Philosophical Topics,,Undergraduate,6.0,In Person,2022
159,LAWS8183,Advanced Principles of International Law,Summer Session,Postgraduate,6.0,Online or In Person,2022
160,PSYC8511,Advanced Psychological Interventions,First Semester,Postgraduate,6.0,In Person,2022
161,PHYS6101,Advanced Quantum Mechanics,First Semester,Postgraduate,6.0,In Person,2022
162,PHYS3101,Advanced Quantum Mechanics,First Semester,Undergraduate,6.0,In Person,2022
163,LING4106,Advanced Readings in Linguistics,First Semester/Second Semester,Undergraduate,6.0,In Person,2022
164,PHIL4011,Advanced Readings in Philosophy,First Semester/Second Semester,Undergraduate,6.0,In Person,2022
165,ENVS3019,Advanced Remote Sensing and GIS,,Undergraduate,6.0,In Person,2022
166,ENVS6319,Advanced Remote Sensing and GIS,,Postgraduate,6.0,In Person,2022
167,ECON8887,Advanced Research Essay,First Semester/Second Semester,Postgraduate,6.0,In Person,2022
168,ECON8888,Advanced Research Essay B,,Postgraduate,6.0,In Person,2022
169,PSYC3018,Advanced Research Methods,First Semester,Undergraduate,6.0,In Person,2022
170,BIOL8702,Advanced Research Techniques,First Semester,Postgraduate,12.0,In Person,2022
171,SOCY9002,Advanced Social Research Methods,Second Semester,Postgraduate,6.0,In Person,2022
172,SOCR8204,Advanced Social Science Approaches to Inform Policy Development and Service Delivery,Summer Session,Postgraduate,6.0,Online or In Person,2022
173,LING3036,Advanced Sociolinguistics,First Semester,Undergraduate,6.0,In Person,2022
174,LING6036,Advanced Sociolinguistics,First Semester,Postgraduate,6.0,In Person,2022
175,LING3033,Advanced Sociophonetics,,Undergraduate,6.0,In Person,2022
176,LING6033,Advanced Sociophonetics,,Postgraduate,6.0,In Person,2022
177,SPAN3031,Advanced Spanish Topics in Language and Linguistics,,Undergraduate,6.0,In Person,2022
178,SPAN3030,Advanced Spanish topics in Language and Culture,,Undergraduate,6.0,In Person,2022
179,STAT3050,Advanced Statistical Learning,Second Semester,Undergraduate,6.0,In Person,2022
180,STAT4050,Advanced Statistical Learning,Second Semester,Undergraduate,6.0,In Person,2022
181,STAT7050,Advanced Statistical Learning,Second Semester,Postgraduate,6.0,In Person,2022
182,PHYS3103,Advanced Statistical Mechanics,First Semester/Second Semester,Undergraduate,6.0,In Person,2022
183,PHYS6103,Advanced Statistical Mechanics,First Semester/Second Semester,Postgraduate,6.0,In Person,2022
184,STAT3006,Advanced Stochastic Processes,Second Semester,Undergraduate,6.0,In Person,2022
185,STAT7006,Advanced Stochastic Processes,Second Semester,Postgraduate,6.0,In Person,2022
186,ARTS2101,Advanced Studies 3,Summer Session/First Semester/Autumn Session/Winter Session/Second Semester/Spring Session,Undergraduate,6.0,In Person,2022
187,ARTS2102,Advanced Studies 4,Summer Session/First Semester/Autumn Session/Winter Session/Second Semester/Spring Session,Undergraduate,6.0,In Person,2022
188,ARTS3101,Advanced Studies 5,Summer Session/First Semester/Autumn Session/Winter Session/Second Semester/Spring Session,Undergraduate,6.0,In Person,2022
189,ARTS3102,Advanced Studies 6,Summer Session/First Semester/Autumn Session/Winter Session/Second Semester/Spring Session,Undergraduate,6.0,In Person,2022
190,SCNC2101,Advanced Studies Course,Summer Session/First Semester/Autumn Session/Winter Session/Second Semester/Spring Session,Undergraduate,6.0,In Person,2022
191,SCNC3101,Advanced Studies Course,Summer Session/First Semester/Autumn Session/Winter Session/Second Semester/Spring Session,Undergraduate,6.0,In Person,2022
192,BPHB1114,Advanced Studies in the Social Sciences and Humanities 1,Second Semester,Undergraduate,6.0,In Person,2022
193,BPHB2114,Advanced Studies in the Social Sciences and Humanities 2,Summer Session/First Semester/Autumn Session/Winter Session/Second Semester/Spring Session,Undergraduate,6.0,In Person,2022
194,BPHB3114,Advanced Studies in the Social Sciences and Humanities 3,Summer Session/First Semester/Autumn Session/Winter Session/Second Semester/Spring Session,Undergraduate,12.0,In Person,2022
195,SOCR8010,Advanced Survey Data Analysis,Second Semester,Postgraduate,6.0,In Person,2022
196,SOCR8203,Advanced Techniques in the Creation of Social Science Data,Winter Session,Postgraduate,6.0,Online or In Person,2022
197,MATH3354,Advanced Topics in Algebra,Second Semester,Undergraduate,6.0,In Person,2022
198,MATH6216,Advanced Topics in Algebra,Second Semester,Postgraduate,6.0,In Person,2022
199,COMP4620,Advanced Topics in Artificial Intelligence,Second Semester,Undergraduate,6.0,In Person,2022
200,COMP8620,Advanced Topics in Artificial intelligence,Second Semester,Postgraduate,6.0,In Person,2022
201,BIAN8010,Advanced Topics in Biological Anthropology,Spring Session,Postgraduate,6.0,Online or In Person,2022
202,ENGN8637,Advanced Topics in Communications and Signal Processing,,Postgraduate,6.0,In Person,2022
203,ENGN8539,Advanced Topics in Computer Vision,,Postgraduate,6.0,In Person,2022
204,COMP8501,Advanced Topics in Computer Vision,Second Semester,Postgraduate,6.0,In Person,2022
205,ENGN8501,Advanced Topics in Computer Vision,Second Semester,Postgraduate,6.0,In Person,2022
206,COMP8539,Advanced Topics in Computer Vision,Second Semester,Postgraduate,6.0,In Person,2022
207,COMP8536,Advanced Topics in Deep Learning for Computer Vision,Second Semester,Postgraduate,6.0,In Person,2022
208,COMP8670,Advanced Topics in Logic and Computation,Second Semester,Postgraduate,6.0,In Person,2022
209,COMP4680,Advanced Topics in Machine Learning,Second Semester,Undergraduate,6.0,In Person,2022
210,COMP8650,Advanced Topics in Machine Learning,Second Semester,Postgraduate,6.0,In Person,2022
211,MATH3351,Advanced Topics in Mathematical Physics,First Semester,Undergraduate,6.0,In Person,2022
212,PHIL4010,Advanced Topics in Philosophy,First Semester/Second Semester,Undergraduate,6.0,In Person,2022
213,ECON8901,"Advanced Topics in Poverty, Public Policy and Development",Second Semester,Postgraduate,6.0,In Person,2022
214,BIOL8002,Advanced Topics in Quantitative Biology and Bioinformatics,Second Semester,Postgraduate,6.0,In Person,2022
215,ENGN8527,Advanced Topics in Solar Energy Technologies,,Postgraduate,6.0,In Person,2022
216,BIOL3144,Advanced and Applied Immunology,Second Semester,Undergraduate,6.0,In Person,2022
217,BIOL6144,Advanced and Applied Immunology,Second Semester,Postgraduate,6.0,In Person,2022
218,BIOL3107,Advances in Medical and Plant Biochemistry,First Semester,Undergraduate,6.0,In Person,2022
219,BIOL6107,Advances in Medical and Plant Biochemistry,First Semester,Postgraduate,6.0,In Person,2022
220,BIOL3177,Advances in Molecular Plant Science,Second Semester,Undergraduate,6.0,In Person,2022
221,BIOL6177,Advances in Molecular Plant Science,Second Semester,Postgraduate,6.0,In Person,2022
222,MKTG2033,Advertising,Second Semester,Undergraduate,6.0,In Person,2022
223,ENGN3338,Aerodynamics,Second Semester,Undergraduate,6.0,Online or In Person,2022
224,ENGN3339,Aerospace Structures and Materials,First Semester,Undergraduate,6.0,In Person,2022
225,HIST2315,Africans and Afro-descendants,Second Semester,Undergraduate,6.0,In Person,2022
226,ARTH2043,After the Bauhaus: Design from the Interwar Period to the Age of Climate Crisis,,Undergraduate,6.0,In Person,2022
227,ARTH6043,After the Bauhaus: Design from the Interwar Period to the Age of Climate Crisis,,Postgraduate,6.0,In Person,2022
228,ENVS8020,Agricultural Advocacy and Policy,,Postgraduate,6.0,In Person,2022
229,ENVS6342,Agricultural Innovation,Second Semester,Postgraduate,6.0,In Person,2022
230,ENVS3042,Agricultural Innovation,Second Semester,Undergraduate,6.0,In Person,2022
231,ENVS2024,Agricultural Systems,Winter Session,Undergraduate,6.0,In Person,2022
232,ENVS6224,Agricultural Systems,Winter Session,Postgraduate,6.0,In Person,2022
233,IDEC8018,Agricultural and Resource Economics,Second Semester,Postgraduate,6.0,Online or In Person,2022
234,IDEC8007,Aid and Development Policy,,Postgraduate,6.0,In Person,2022
235,ENGN4339,Aircraft Design and Performance,,Undergraduate,6.0,In Person,2022
236,ASIA2747,"Airlines in Asia and the Pacific: Histories, Technologies, Cultures, and Geographies",,Undergraduate,6.0,Online or In Person,2022
237,CRIM2005,"Alcohol, Drugs and Crime: Promoting Health and Preventing Consequences",,Undergraduate,6.0,Online,2022
238,CRIM6005,"Alcohol, Drugs and Crime: Promoting Health and Preventing Consequences",,Postgraduate,6.0,In Person,2022
239,MATH6118,"Algebra 1:  Groups, Rings and Advanced Linear Algebra",Second Semester,Postgraduate,6.0,In Person,2022
240,MATH6215,Algebra 2: Field extensions and Galois Theory,First Semester,Postgraduate,6.0,In Person,2022
241,MATH1003,Algebra and Calculus Methods,First Semester,Undergraduate,6.0,In Person,2022
242,MATH6204,Algebraic Topology,Second Semester,Postgraduate,6.0,In Person,2022
243,MATH4204,Algebraic Topology Honours,Second Semester,Undergraduate,6.0,In Person,2022
244,COMP3600,Algorithms,Second Semester,Undergraduate,6.0,In Person,2022
245,COMP6466,Algorithms,Second Semester,Postgraduate,6.0,In Person,2022
246,STST8053,"Alliances in Asia: theory, history and practice",,Postgraduate,6.0,In Person,2022
247,ENGL6021,"American Literature: Nature, Retreat, Experiment",,Postgraduate,6.0,In Person,2022
248,ENGL3021,"American Literature: Nature, Retreat, Experiment",,Undergraduate,6.0,In Person,2022
249,HIST2126,American Sixties,,Undergraduate,6.0,In Person,2022
250,HIST6126,American Sixties,,Postgraduate,6.0,In Person,2022
251,SOCY1004,"Analysing the Social World: Work, Care and Identity",Second Semester,Undergraduate,6.0,In Person,2022
252,MATH6110,Analysis 1: Metric spaces and Applications,First Semester,Postgraduate,6.0,In Person,2022
253,MATH6212,Analysis 2: Lebesgue Integration and Hilbert Spaces,First Semester,Postgraduate,6.0,In Person,2022
254,BUSN8007,Analysis of Financial Reporting,First Semester/Second Semester,Postgraduate,6.0,In Person,2022
255,BUSN4007,Analysis of Financial Reporting,First Semester/Second Semester,Undergraduate,6.0,In Person,2022
256,POPH8313,Analysis of Public Health Data,Second Semester,Postgraduate,6.0,Online or In Person,2022
257,ARCH3043,Analysis of Vertebrate Remains,,Undergraduate,6.0,In Person,2022
258,ARCH6043,Analysis of Vertebrate Remains,,Postgraduate,6.0,In Person,2022
259,EMSC8022,Analytical Techniques,First Semester,Postgraduate,6.0,In Person,2022
260,EMSC4122,Analytical Techniques,First Semester,Undergraduate,6.0,In Person,2022
261,ANCH6103,Ancient Athens: democracy and empire,,Postgraduate,6.0,In Person,2022
262,ANCH1013,Ancient Athens: democracy and empire,,Undergraduate,6.0,In Person,2022
263,ARCH8044,Ancient Biomolecules And Our Past,,Postgraduate,6.0,In Person,2022
264,BIAN6512,Ancient Health & Disease,Second Semester,Postgraduate,6.0,In Person,2022
265,BIAN3125,Ancient Health & Disease,Second Semester,Undergraduate,6.0,In Person,2022
266,BIAN2130,Ancient Medicine,,Undergraduate,6.0,In Person,2022
267,BIAN6519,Ancient Medicine,,Postgraduate,6.0,In Person,2022
268,ANCH2021,Ancient World in Film,First Semester,Undergraduate,6.0,In Person,2022
269,ARCH3108,Animal and Plant Domestication,,Undergraduate,6.0,In Person,2022
270,ARCH6108,Animal and Plant Domestication,,Postgraduate,6.0,In Person,2022
271,ARTV6000,Animation,,Postgraduate,6.0,In Person,2022
272,ARTV2610,Animation and Video: Character development,,Undergraduate,6.0,In Person,2022
273,ARTV1104,Animation and Video: Digital Equipment and Studios,,Undergraduate,6.0,In Person,2022
274,ARTV2613,Animation and Video: Landscape and Environment,,Undergraduate,6.0,In Person,2022
275,ARTV2614,Animation and Video: Non-linear Forms,,Undergraduate,6.0,In Person,2022
276,ARTV1103,Animation and Video: The Digital Workspace,,Undergraduate,6.0,In Person,2022
277,ARTV2609,Animation and Video: Visual Storytelling,,Undergraduate,6.0,In Person,2022
278,ARTV2615,Animation: Creative Possibilities,,Undergraduate,6.0,In Person,2022
279,CHMD8009,Anthropological Approaches to Health Interventions,,Postgraduate,6.0,Online or In Person,2022
280,ANTH9112,Anthropological Field Methods,Autumn Session,Postgraduate,12.0,In Person,2022
281,ANTH9949,Anthropological Methods for PhD students,Autumn Session,Postgraduate,12.0,In Person,2022
282,ANTH9901,Anthropology PhD Thesis Writing Workshop,First Semester/Second Semester,Postgraduate,12.0,In Person,2022
283,ASIA2280,Anthropology and Technology in India,,Undergraduate,6.0,In Person,2022
284,CHMD8022,Anthropology of Biomedical Technologies in Practice,,Postgraduate,6.0,Online or In Person,2022
285,ANTH6064,Anthropology of Environmental Disasters,First Semester,Postgraduate,6.0,In Person,2022
286,BIAN2064,Anthropology of Environmental Disasters,First Semester,Undergraduate,6.0,In Person,2022
287,ARAB3010,Applied Arabic,,Undergraduate,12.0,In Person,2022
288,FINM7007,Applied Corporate Finance,First Semester/Second Semester,Postgraduate,6.0,In Person,2022
289,CECS8005,Applied Cybernetics Professional Experience,Summer Session/First Semester/Autumn Session/Winter Session/Second Semester/Spring Session,Postgraduate,0.0,In Person,2022
290,FINM7041,Applied Derivatives,First Semester/Second Semester,Postgraduate,6.0,In Person,2022
291,IDEC8020,Applied Economic Dynamics,First Semester,Postgraduate,6.0,In Person,2022
292,MGMT8020,Applied Entrepreneurship and Innovation,Second Semester,Postgraduate,6.0,In Person,2022
293,FINM8014,Applied Financial Intermediation and Debt Markets,First Semester,Postgraduate,6.0,In Person,2022
294,FINM7006,Applied Foundations of Finance,First Semester/Second Semester,Postgraduate,6.0,In Person,2022
295,EMSC3033,Applied Geophysics,First Semester,Undergraduate,6.0,In Person,2022
296,FINM7008,Applied Investments,First Semester/Second Semester,Postgraduate,6.0,In Person,2022
297,EMET4310,Applied Macro & Financial Econometrics,Second Semester,Undergraduate,6.0,In Person,2022
298,EMET3008,Applied Macro and Financial Econometrics,Second Semester,Undergraduate,6.0,In Person,2022
299,EMET8010,Applied Macro and Financial Econometrics,Second Semester,Postgraduate,6.0,In Person,2022
300,MKTG7060,Applied Market Research,Second Semester,Postgraduate,6.0,In Person,2022
301,PHYS4301,Applied Mathematical Methods in Physics,First Semester,Undergraduate,6.0,In Person,2022
302,PHYS8301,Applied Mathematical Methods in Physics,First Semester,Postgraduate,6.0,In Person,2022
303,MATH2305,Applied Mathematics I,First Semester,Undergraduate,6.0,In Person,2022
304,MATH2306,Applied Mathematics II,Second Semester,Undergraduate,6.0,In Person,2022
305,EMET3006,Applied Micro-econometrics,First Semester/Second Semester,Undergraduate,6.0,In Person,2022
306,EMET4301,Applied Micro-econometrics,First Semester/Second Semester,Undergraduate,6.0,In Person,2022
307,EMET6001,Applied Micro-econometrics,,Postgraduate,6.0,In Person,2022
308,POLS3041,Applied Policy Project,Second Semester,Undergraduate,6.0,In Person,2022
309,CRWF7000,Applied Policy Project,,Postgraduate,6.0,In Person,2022
310,FINM8016,Applied Portfolio Construction,First Semester/Second Semester,Postgraduate,6.0,In Person,2022
311,FINM8100,Applied Project in Finance,First Semester/Second Semester,Postgraduate,6.0,In Person,2022
312,STAT3008,Applied Statistics,,Undergraduate,6.0,In Person,2022
313,STAT7001,Applied Statistics,,Postgraduate,6.0,In Person,2022
314,STAT8002,Applied Time Series Analysis,First Semester,Postgraduate,6.0,In Person,2022
315,STAT4102,Applied Time Series Analysis,First Semester,Undergraduate,6.0,In Person,2022
316,MMIB4001,Applied Topics in Business Honours Studies,First Semester/Second Semester,Undergraduate,6.0,In Person,2022
317,MMIB8001,Applied Topics in Business Studies,First Semester/Autumn Session/Second Semester,Postgraduate,6.0,In Person,2022
318,MMIB8002,Applied Topics in Business Studies 2,,Postgraduate,12.0,In Person,2022
319,FINM7044,Applied Valuation,First Semester/Second Semester,Postgraduate,6.0,In Person,2022
320,EMET8001,Applied micro-econometrics,First Semester/Second Semester,Postgraduate,6.0,In Person,2022
321,BIOL3210,Appreciating Parasites: From Molecules to Ecosystems,Spring Session,Undergraduate,6.0,In Person,2022
322,BIOL6210,Appreciating Parasites: From Molecules to Ecosystems,Spring Session,Postgraduate,6.0,In Person,2022
323,HIST2110,Approaches to History,First Semester,Undergraduate,6.0,In Person,2022
324,HIST6110,Approaches to History,,Postgraduate,6.0,Online or In Person,2022
325,MEAS4121,Approaches to the Study of Modern Muslim Societies,,Undergraduate,6.0,In Person,2022
326,MEAS8121,Approaches to the Study of Modern Muslim Societies,,Postgraduate,6.0,In Person,2022
327,ASIA8022,"Approaching Asia and the Pacific: Concepts, Tools, and Methods",Second Semester,Postgraduate,6.0,Online or In Person,2022
328,ARCH2061,Archaeological Field Methods,Winter Session,Undergraduate,6.0,In Person,2022
329,ARCH2055,Archaeological Fieldschools & Fieldwork Practice,,Undergraduate,6.0,In Person,2022
330,ARCH2007,Archaeological Laboratory Methods,First Semester,Undergraduate,6.0,In Person,2022
331,ARCH8043,Archaeological Science Extended Internship,Summer Session/First Semester/Autumn Session/Winter Session/Second Semester/Spring Session,Postgraduate,12.0,In Person,2022
332,ARCH8042,Archaeological Science Internship,Summer Session/First Semester/Autumn Session/Winter Session/Second Semester/Spring Session,Postgraduate,6.0,In Person,2022
333,ARCH8031,Archaeological Science Research Project 2,Summer Session/First Semester/Autumn Session/Winter Session/Second Semester/Spring Session,Postgraduate,6.0,Online or In Person,2022
334,ARCH8030,Archaeological and Evolutionary Science Research Project 1,Summer Session/First Semester/Autumn Session/Winter Session/Second Semester/Spring Session,Postgraduate,6.0,Online or In Person,2022
335,ARCH1111,Archaeology Uncovered,First Semester,Undergraduate,6.0,In Person,2022
336,ARCH4003,Archaeology and Biological Anthropology Honours Writing Seminar,Second Semester,Undergraduate,6.0,In Person,2022
337,ARCH2052,Archaeology in Film and Fiction,Second Semester,Undergraduate,6.0,In Person,2022
338,ASIA2203,Archaeology of China,,Undergraduate,6.0,Online or In Person,2022
339,ASIA6202,Archaeology of China,,Postgraduate,6.0,Online or In Person,2022
340,ARCH3028,Archaeology of Death and Mortuary Practices,,Undergraduate,6.0,In Person,2022
341,ARCH6521,Archaeology of Death and Mortuary Practices,,Postgraduate,6.0,In Person,2022
342,ARCH3030,Archaeology of Ritual and Religion,First Semester,Undergraduate,6.0,In Person,2022
343,ARCH6030,Archaeology of Ritual and Religion,First Semester,Postgraduate,6.0,In Person,2022
344,ARCH2050,Archaeology of Southeast Asia,Second Semester,Undergraduate,6.0,In Person,2022
345,ARCH2005,Archaeology of the Pacific Islanders,,Undergraduate,6.0,In Person,2022
346,ARCH6005,Archaeology of the Pacific Islanders,,Postgraduate,6.0,In Person,2022
347,ARCH8033,"Archaeology, Climate Change and Society",Second Semester,Postgraduate,6.0,Online or In Person,2022
348,ARTH8020,Arguing Objects,,Postgraduate,6.0,In Person,2022
349,ARTH9020,Arguing Objects,,Postgraduate,6.0,In Person,2022
350,ARTH4016,Art Museum Internship: Audience Development,Second Semester,Undergraduate,6.0,In Person,2022
351,ARTH8015,Art Museum Internship: Audience Development,Second Semester,Postgraduate,6.0,In Person,2022
352,ARTH8014,Art Museum Internship: Collection Management,First Semester,Postgraduate,6.0,In Person,2022
353,ARTH4015,Art Museum Internship: Collection Management,First Semester,Undergraduate,6.0,In Person,2022
354,ARTH2056,Art and Architecture of Southeast Asia: Tradition and Transformation,,Undergraduate,6.0,In Person,2022
355,ARTH6056,Art and Architecture of Southeast Asia: Tradition and Transformation,,Postgraduate,6.0,Online or In Person,2022
356,ARTH1006,Art and Design Histories 1: Cultures and Meaning,First Semester,Undergraduate,6.0,Online or In Person,2022
357,ARTH1007,Art and Design Histories: Making and Meaning,Second Semester,Undergraduate,6.0,Online or In Person,2022
358,COMP1720,Art and Interaction Computing,Second Semester,Undergraduate,6.0,In Person,2022
359,COMP6720,Art and Interaction Computing,Second Semester,Postgraduate,6.0,In Person,2022
360,ARTH6044,Art and Its Context: Materials Techniques Display,First Semester,Postgraduate,6.0,In Person,2022
361,ARTH2044,"Art and Its Context: Materials, Techniques, Display",First Semester,Undergraduate,6.0,In Person,2022
362,ARTH3057,Art and Politics of Collecting,,Undergraduate,6.0,In Person,2022
363,ARTH6080,"Art and Visual Culture of the Long Eighteenth Century, 1660-1815",,Postgraduate,6.0,In Person,2022
364,ARTH2080,"Art and Visual Culture of the Long Eighteenth Century, 1660-1815",,Undergraduate,6.0,In Person,2022
365,ARTH2173,Art and the Moving Image,,Undergraduate,6.0,In Person,2022
366,ARTH6173,Art and the Moving Image,,Postgraduate,6.0,In Person,2022
367,ARTH6162,Art in the Digital Age,Second Semester,Postgraduate,6.0,In Person,2022
368,ARTH2162,Art in the Digital Age,Second Semester,Undergraduate,6.0,In Person,2022
369,ARTH2059,Art of Asia: Histories and Traditions,,Undergraduate,6.0,In Person,2022
370,ARTH6059,Art of Asia: Histories and Traditions,,Postgraduate,6.0,In Person,2022
371,STST8121,Art of War I,,Postgraduate,6.0,In Person,2022
372,STST8122,Art of War II,,Postgraduate,6.0,In Person,2022
373,STST8123,Art of War III,,Postgraduate,6.0,In Person,2022
374,STST8124,Art of War IV,,Postgraduate,6.0,In Person,2022
375,ARTH6081,"Art of the European Courts, 1500-1815",,Postgraduate,12.0,In Person,2022
376,ARTH2081,"Art of the European Courts, 1500-1815",,Undergraduate,12.0,In Person,2022
377,ARTH2097,Art of the Long Nineteenth Century,,Undergraduate,6.0,In Person,2022
378,ARTH6097,Art of the Long Nineteenth Century,,Postgraduate,6.0,Online or In Person,2022
379,ARTH2052,Art of the Multiple,,Undergraduate,6.0,In Person,2022
380,ARTH6052,Art of the Multiple,,Postgraduate,6.0,Online or In Person,2022
381,ARTH2174,"Art, Medicine, Gender from the Renaissance until Today",Second Semester,Undergraduate,6.0,In Person,2022
382,ARTH6174,"Art, Medicine, Gender from the Renaissance until Today",Second Semester,Postgraduate,6.0,In Person,2022
383,ARTH2082,"Art, War and Conflict",,Undergraduate,6.0,In Person,2022
384,ARTH6082,"Art, War and Conflict",,Postgraduate,6.0,In Person,2022
385,COMP3620,Artificial Intelligence,First Semester,Undergraduate,6.0,In Person,2022
386,COMP6320,Artificial Intelligence,First Semester,Postgraduate,6.0,In Person,2022
387,LAWS8405,"Artificial Intelligence, Law & Society",Spring Session,Postgraduate,6.0,Online or In Person,2022
388,EMDV8009,Asia Pacific Environmental Conflicts: Causes and Solutions,,Postgraduate,6.0,In Person,2022
389,ASIA6220,Asia Pacific In-Country Learning,Summer Session/Winter Session,Postgraduate,6.0,Online or In Person,2022
390,ASIA3023,Asia Pacific Week Internship,First Semester,Undergraduate,6.0,In Person,2022
391,ASIA1030,Asia and the Pacific in Motion,Second Semester,Undergraduate,6.0,Online or In Person,2022
392,ASIA1025,"Asia and the Pacific: Power, diversity and change",First Semester,Undergraduate,6.0,Online or In Person,2022
393,ASIA2220,Asia-Pacific In-Country Learning,Summer Session/Winter Session,Undergraduate,6.0,Online or In Person,2022
394,ARTH2104,Asian Art In-Country,,Undergraduate,12.0,In Person,2022
395,ARTH6104,Asian Art In-Country,,Postgraduate,12.0,In Person,2022
396,BUSI7055,Asian Business Systems,Second Semester,Postgraduate,6.0,In Person,2022
397,FINM3045,Asian Capital Markets,First Semester/Second Semester,Undergraduate,6.0,In Person,2022
398,FINM7045,Asian Capital Markets,First Semester/Second Semester,Postgraduate,6.0,In Person,2022
399,ASIA2067,Asian Economies,Second Semester,Undergraduate,6.0,In Person,2022
400,ECHI2109,"Asian Giants: India, China and Japan; Alternate Paths to Prosperity(P)",,Undergraduate,6.0,In Person,2022
401,STST8068,"Asian Strategy and Security: History, Theory and Practice",First Semester,Postgraduate,6.0,Online or In Person,2022
402,ASIA2098,Asian and Pacific Studies Internship,First Semester/Second Semester,Undergraduate,6.0,In Person,2022
403,ASIA2065,Asia’s Changing Politics in Comparative Perspective,Second Semester,Undergraduate,6.0,In Person,2022
404,ASTR8004,Astronomical Computing,,Postgraduate,6.0,In Person,2022
405,ASTR4004,Astronomical Computing,,Undergraduate,6.0,In Person,2022
406,ASTR4005,Astronomy and Astrophysics IV Honours Research Project,First Semester/Second Semester,Undergraduate,6.0,In Person,2022
407,ASTR8001,Astronomy and Astrophysics Research Project,First Semester/Second Semester,Postgraduate,6.0,In Person,2022
408,ASTR1003,Astronomy and Space,Winter Session/Second Semester,Undergraduate,6.0,Online,2022
409,ASTR4012,Astrophysical Gas Dynamics,Second Semester,Undergraduate,6.0,In Person,2022
410,ASTR8002,Astrophysical Gas Dynamics,Second Semester,Postgraduate,6.0,In Person,2022
411,ASTR3013,Astrophysical Processes,First Semester,Undergraduate,6.0,In Person,2022
412,ASTR6013,Astrophysical Processes,First Semester,Postgraduate,6.0,In Person,2022
413,ASTR1001,Astrophysics,Summer Session/First Semester/Winter Session/Second Semester,Undergraduate,6.0,Online or In Person,2022
414,ASTR8010,Astrophysics Research Project,First Semester/Second Semester,Postgraduate,6.0,In Person,2022
415,ASTR3005,Astrophysics Research Topic,Summer Session/First Semester/Second Semester,Undergraduate,6.0,In Person,2022
416,BUSN3002,Auditing,First Semester/Second Semester,Undergraduate,6.0,In Person,2022
417,BUSN7054,Auditing and Assurance Services,First Semester/Second Semester,Postgraduate,6.0,In Person,2022
418,MUSI1501,Aural Skills and Music Theory 1,First Semester,Undergraduate,6.0,In Person,2022
419,MUSI1502,Aural Skills and Music Theory 2,Second Semester,Undergraduate,6.0,In Person,2022
420,MUSI2503,Aural Skills and Music Theory 3,First Semester,Undergraduate,6.0,In Person,2022
421,MUSI2504,Aural Skills and Music Theory 4,Second Semester,Undergraduate,6.0,In Person,2022
422,STST2003,Australia and Security in the Pacific Islands,First Semester,Undergraduate,6.0,Online or In Person,2022
423,PASI2002,Australia in Oceania in the 19th and 20th centuries,First Semester,Undergraduate,6.0,Online or In Person,2022
424,PASI6002,Australia in Oceania in the 19th and 20th centuries,First Semester,Postgraduate,6.0,Online or In Person,2022
425,HIST2144,Australia in the World: An International History,,Undergraduate,6.0,Online or In Person,2022
426,ENVS6104,Australia's Environment,Second Semester,Postgraduate,6.0,In Person,2022
427,ENVS1004,Australia's Environment,Second Semester,Undergraduate,6.0,In Person,2022
428,BAPA3004,Australia's Security in the Asian Century,Spring Session,Undergraduate,6.0,In Person,2022
429,STST3002,Australia's Security in the Asian Century,Second Semester,Undergraduate,6.0,Online or In Person,2022
430,STST8201,Australia's Strategic Environment,Summer Session,Postgraduate,12.0,In Person,2022
431,STST8100,Australia's Strategic and Defence Policy,Winter Session,Postgraduate,6.0,In Person,2022
432,HIST8144,"Australia, the Region and the World: 1901-2010",,Postgraduate,6.0,Online or In Person,2022
433,ARCH6004,Australian Archaeology,,Postgraduate,6.0,In Person,2022
434,ARCH2004,Australian Archaeology,,Undergraduate,6.0,In Person,2022
435,ARTH2171,Australian Art: The Modern Period,Second Semester,Undergraduate,6.0,In Person,2022
436,SCRN2002,Australian Cinema,,Undergraduate,6.0,In Person,2022
437,ECHI2102,Australian Economic History(P),,Undergraduate,6.0,In Person,2022
438,ARTH2098,Australian First Nations Art and Culture,First Semester,Undergraduate,6.0,In Person,2022
439,ARTH6598,Australian First Nations Art and Culture,First Semester,Postgraduate,6.0,In Person,2022
440,INDG9004,Australian Indigenous Policy,Autumn Session,Postgraduate,6.0,Online or In Person,2022
441,LAWS8328,Australian Legal Responses to National Security and Counter Terrorism,Winter Session,Postgraduate,6.0,Online or In Person,2022
442,MUSI2225,Australian Music Culture Studies,,Undergraduate,6.0,In Person,2022
443,ANIP3003,Australian National Internships Program A,First Semester/Second Semester/Spring Session,Undergraduate,6.0,In Person,2022
444,ANIP6503,Australian National Internships Program A,First Semester/Second Semester/Spring Session,Postgraduate,6.0,In Person,2022
445,ANIP4001,Australian National Internships Program A Honours,First Semester/Second Semester,Undergraduate,6.0,In Person,2022
446,ANIP6505,Australian National Internships Program B,First Semester/Second Semester/Spring Session,Postgraduate,12.0,In Person,2022
447,ANIP3005,Australian National Internships Program B,First Semester/Second Semester/Spring Session,Undergraduate,12.0,In Person,2022
448,ANIP6507,Australian National Internships Program D,First Semester/Second Semester,Postgraduate,24.0,In Person,2022
449,ANIP3007,Australian National Internships Program D,First Semester/Second Semester,Undergraduate,24.0,In Person,2022
450,LAWS4285,Australian National Security Law,Second Semester,Undergraduate,6.0,Online or In Person,2022
451,LAWS8485,Australian National Security Law,,Postgraduate,6.0,In Person,2022
452,NSPO8036,Australian National Security Law: An introduction for policymakers,First Semester,Postgraduate,6.0,Online or In Person,2022
453,HIST2227,Australian Political History,Second Semester,Undergraduate,6.0,In Person,2022
454,HIST6227,Australian Political History,,Postgraduate,6.0,Online or In Person,2022
455,POLS2114,Australian Political Institutions,,Undergraduate,6.0,In Person,2022
456,LAWS1205,Australian Public Law,First Semester,Undergraduate,6.0,Online or In Person,2022
457,LAWS6105,Australian Public Law,First Semester/Second Semester,Postgraduate,6.0,Online or In Person,2022
458,STST8004,Australian Strategic and Defence Policy,Second Semester,Postgraduate,6.0,In Person,2022
459,BIOL3213,Australian Wildlife,Second Semester,Undergraduate,6.0,In Person,2022
460,BIOL6213,Australian Wildlife,Second Semester,Postgraduate,6.0,In Person,2022
461,NSPO8035,Australia’s Strategic Environment and future security challenges,Second Semester,Postgraduate,6.0,In Person,2022
462,LING6040,Austronesian languages,,Postgraduate,6.0,Online or In Person,2022
463,LING2040,Austronesian languages,,Undergraduate,6.0,Online or In Person,2022
464,POLS8051,Authoritarian Politics: Comparative Perspectives,Second Semester,Postgraduate,6.0,In Person,2022
465,MEAS8116,"Authoritarianism, Democratisation and Protest in the Muslim Middle East",,Postgraduate,6.0,In Person,2022
466,MEAS4116,"Authoritarianism, Democratisation and Protest in the Muslim Middle East",,Undergraduate,6.0,In Person,2022
467,ARTV6830,Automation and Autonomy,First Semester,Postgraduate,6.0,In Person,2022
468,ARTV2830,"Automation and Autonomy: Process, Accident, Sculpture",First Semester,Undergraduate,6.0,In Person,2022
469,ANCH3503,Bad Neighbours: Law and life in ancient Athens,,Undergraduate,6.0,In Person,2022
470,ANCH6502,Bad neighbours: evidence of Athenian life from 4th century law-court speeches,,Postgraduate,6.0,In Person,2022
471,LAWS4282,Bankruptcy and Insolvency,,Undergraduate,6.0,In Person,2022
472,SPAN2005,"Beasts, Monsters, Humans: Alterity and Hybridity in Hispanic Literature",,Undergraduate,6.0,Online or In Person,2022
473,ECON2013,Behavioral Economics,Second Semester,Undergraduate,6.0,In Person,2022
474,BIOL3131,Behavioural Ecology,First Semester,Undergraduate,6.0,In Person,2022
475,BIOL6631,Behavioural Ecology,First Semester,Postgraduate,6.0,In Person,2022
476,HUMN8006,Best Practice in Managing Heritage Places,,Postgraduate,6.0,In Person,2022
477,LAWS4005,Beyond Chaos,Summer Session,Undergraduate,6.0,Online or In Person,2022
478,VCPG6005,Beyond Chaos,Summer Session,Postgraduate,6.0,In Person,2022
479,VCUG3005,Beyond Chaos,Summer Session,Undergraduate,6.0,In Person,2022
480,STAT3017,Big Data Statistics,Second Semester,Undergraduate,6.0,In Person,2022
481,STAT7017,Big Data Statistics,Second Semester,Postgraduate,6.0,In Person,2022
482,BIOL3201,Big Questions in Biology,,Undergraduate,6.0,In Person,2022
483,BIOL6201,Big Questions in Biology,,Postgraduate,6.0,In Person,2022
484,ENGN4820,Bio Micro and Nano Electro-Mechanical Systems (BioMEMS and BioNEMS),Second Semester,Undergraduate,6.0,In Person,2022
485,BIOL2171,Biochemistry and Nutrition,First Semester,Undergraduate,6.0,In Person,2022
486,BIOL6171,Biochemistry and Nutrition,First Semester,Postgraduate,6.0,In Person,2022
487,ENVS6024,Biodiversity Conservation,Second Semester,Postgraduate,6.0,In Person,2022
488,ENVS3039,Biodiversity Conservation,Second Semester,Undergraduate,6.0,In Person,2022
489,ENVS2001,"Biodiversity Science: Wildlife, Vegetation and Landscape Ecology",Second Semester,Undergraduate,6.0,Online or In Person,2022
490,ENVS6201,"Biodiversity Science: Wildlife, Vegetation and Landscape Ecology",Second Semester,Postgraduate,6.0,Online or In Person,2022
491,HLTH3003,Bioethics and Beyond,,Undergraduate,6.0,In Person,2022
492,BIOL6191,Bioethics and Society,First Semester,Postgraduate,6.0,In Person,2022
493,BIOL3191,Bioethics and Society,First Semester,Undergraduate,6.0,In Person,2022
494,HIST8011,Biography and History,First Semester,Postgraduate,6.0,Online or In Person,2022
495,MATH2307,Bioinformatics and Biological Modelling,Second Semester,Undergraduate,6.0,In Person,2022
496,MATH6100,Bioinformatics and Biological Modelling,Second Semester,Postgraduate,6.0,In Person,2022
497,BIOL6243,Bioinformatics and its Applications,Second Semester,Postgraduate,6.0,In Person,2022
498,BIOL3157,Bioinformatics and its Applications,Second Semester,Undergraduate,6.0,In Person,2022
499,PSYC2007,Biological Basis of Behaviour,Second Semester,Undergraduate,6.0,In Person,2022
500,PSYC6010,Biological Basis of Behaviour,Second Semester,Postgraduate,6.0,In Person,2022
501,BIOL1003,"Biology 1: Evolution, Ecology and Genetics",First Semester,Undergraduate,6.0,In Person,2022
502,BIOL6035,"Biology 1: Evolution, Ecology and Genetics",First Semester,Postgraduate,6.0,In Person,2022
503,BIOL6036,Biology 2: Molecular & Cell Biology,Second Semester,Postgraduate,6.0,In Person,2022
504,BIOL1004,Biology 2: Molecular and Cell Biology,Second Semester,Undergraduate,6.0,In Person,2022
505,BIOL4001,Biology IV Honours,First Semester/Second Semester,Undergraduate,12.0,In Person,2022
506,BIOL8704,Biology Literature Research Project,First Semester/Second Semester,Postgraduate,6.0,Online,2022
507,BIOL3209,Biology Research Project,Summer Session/First Semester/Autumn Session/Winter Session/Second Semester/Spring Session,Undergraduate,12.0,In Person,2022
508,BIOL8706,Biology Research Project,First Semester/Second Semester,Postgraduate,6.0,In Person,2022
509,BIOL3208,Biology Research Project,Summer Session/First Semester/Autumn Session/Winter Session/Second Semester/Spring Session,Undergraduate,6.0,In Person,2022
510,ENGN4811,Biomechanics and Biomaterials,,Undergraduate,6.0,In Person,2022
511,ENGN3820,"Biomedical Imaging: Principles, Technologies and Applications in Health Sciences",Second Semester,Undergraduate,6.0,In Person,2022
512,MEDN3820,"Biomedical Imaging: Principles, Technologies and Applications in Health Sciences",Second Semester,Undergraduate,6.0,In Person,2022
513,MEDN6820,"Biomedical Imaging: Principles, Technologies and Applications in Health Sciences",Second Semester,Postgraduate,6.0,In Person,2022
514,BIOL3142,Biomedical Parasitology,First Semester,Undergraduate,6.0,In Person,2022
515,BIOL6143,Biomedical Parasitology,First Semester,Postgraduate,6.0,In Person,2022
516,ENGN4821,Biomedical Signal Processing,,Undergraduate,6.0,In Person,2022
517,BIOL3106,Biosecurity,,Undergraduate,6.0,In Person,2022
518,BIOL6106,Biosecurity,,Postgraduate,6.0,In Person,2022
519,STAT8003,Biostatistics,First Semester,Postgraduate,6.0,In Person,2022
520,POPH8101,Biostatistics in Population Health,First Semester,Postgraduate,6.0,Online or In Person,2022
521,POPH4101,Biostatistics in Population Health,First Semester,Undergraduate,6.0,Online or In Person,2022
522,REGN8019,Biyam-burru-wa-la-nha: Indigenous Peoples and Self-Governing Systems,Summer Session,Postgraduate,3.0,In Person,2022
523,LAWS8101,Blockchain & Legal Innovation I,First Semester,Postgraduate,6.0,Online,2022
524,LAWS8102,Blockchain & Legal Innovation II,Second Semester,Postgraduate,6.0,Online,2022
525,ASIA2167,Borders and their Transgressions in Mainland Southeast Asia,,Undergraduate,6.0,Online or In Person,2022
526,NSPO8041,"Borders, Migration And Security",,Postgraduate,3.0,In Person,2022
527,PASI8302,Bougainville in Transition,Spring Session,Postgraduate,3.0,Online or In Person,2022
528,MKTG7027,Brand Strategy,First Semester,Postgraduate,6.0,In Person,2022
529,ARCH3056,Britons and Romans: Archaeology of the Western Roman Empire,,Undergraduate,6.0,In Person,2022
530,ARCH6056,Britons and Romans: The Archaeology of the Western Roman Empire,,Postgraduate,6.0,In Person,2022
531,PHIL2012,Buddhist Philosophy,,Undergraduate,6.0,In Person,2022
532,POGO8237,"Budgeting for Outcomes: Purposes, Programs and Performance",Summer Session,Postgraduate,3.0,In Person,2022
533,CECS8001,Building Cyber-Physical Systems,First Semester/Second Semester,Postgraduate,12.0,In Person,2022
534,STST8054,Building a defence force: Defence force structure planning and acquisition,Second Semester,Postgraduate,6.0,In Person,2022
535,POLS2009,"Bureaucracy, Politics and Power",First Semester,Undergraduate,6.0,In Person,2022
536,ASIA2039,Burma/Myanmar - a Country in Crisis,,Undergraduate,6.0,Online or In Person,2022
537,ASIA6039,Burma/Myanmar: a Country in Crisis,,Postgraduate,6.0,Online or In Person,2022
538,BURM1002,Burmese 1,First Semester,Undergraduate,6.0,Online,2022
539,BURM1003,Burmese 2,Second Semester,Undergraduate,6.0,Online,2022
540,BURM2001,Burmese 3,First Semester,Undergraduate,6.0,Online,2022
541,BURM2002,Burmese 4,Second Semester,Undergraduate,6.0,Online,2022
542,EMET4312,Business & Economic Forecasting,Second Semester,Undergraduate,6.0,In Person,2022
543,INFS8210,Business Analytics for Managers,First Semester,Postgraduate,6.0,In Person,2022
544,BUSN7057,Business Association Law,First Semester/Second Semester,Postgraduate,6.0,In Person,2022
545,MGMT2003,Business Decision Making,Second Semester,Undergraduate,6.0,In Person,2022
546,ECON8069,Business Economics,First Semester/Second Semester,Postgraduate,6.0,In Person,2022
547,MGMT3016,Business Ethics,Second Semester,Undergraduate,6.0,In Person,2022
548,PAAE8006,Business Ethics,,Postgraduate,6.0,In Person,2022
549,MGMT8242,Business Growth Strategies,,Postgraduate,6.0,In Person,2022
550,INFS1001,Business Information Systems,First Semester/Second Semester,Undergraduate,6.0,In Person,2022
551,INFS4500,Business Information Systems Honours Thesis,First Semester/Second Semester,Undergraduate,6.0,In Person,2022
552,BUSI7152,Business Negotiations and Conflict Resolution,,Postgraduate,6.0,In Person,2022
553,BUSN1001,Business Reporting and Analysis,First Semester/Second Semester,Undergraduate,6.0,In Person,2022
554,EMET3007,Business and Economic Forecasting,Second Semester,Undergraduate,6.0,In Person,2022
555,EMET8012,Business and Economic Forecasting,Second Semester,Postgraduate,6.0,In Person,2022
556,MGMT3102,Business and its Social Stakeholders,First Semester,Undergraduate,6.0,In Person,2022
557,BUSI3028,Business in China,First Semester,Undergraduate,6.0,In Person,2022
558,LAWS8254,"Business, Human Rights and Corporate Responsibility",Winter Session,Postgraduate,6.0,Online or In Person,2022
559,SOCR9005,CSRM Thesis Design,Second Semester,Postgraduate,12.0,In Person,2022
560,CHIN2024,Cantonese 1,First Semester,Undergraduate,6.0,Online or In Person,2022
561,CHIN2025,Cantonese 2,Second Semester,Undergraduate,6.0,Online or In Person,2022
562,CHIN3203,Cantonese 3,,Undergraduate,6.0,In Person,2022
563,ENGN4300,Capstone Design Project,First Semester/Second Semester,Undergraduate,12.0,In Person,2022
564,MGMT2005,Career Planning and Management,First Semester,Undergraduate,6.0,In Person,2022
565,IDEC8023,Case Studies in Applied Econometrics,First Semester,Postgraduate,6.0,Online or In Person,2022
566,EMET8002,Case Studies in Applied Economic Analysis and Econometrics,First Semester/Second Semester,Postgraduate,6.0,In Person,2022
567,POGO8210,Case Studies in Economic Policy,,Postgraduate,6.0,In Person,2022
568,POGO8403,Cases in Contemporary Public Policy,Winter Session,Postgraduate,6.0,In Person,2022
569,CHEM6206,Catalysis in Chemistry,Second Semester,Postgraduate,6.0,In Person,2022
570,CHEM3206,Catalysis in Chemistry,Second Semester,Undergraduate,6.0,In Person,2022
571,HIST2143,Celebrity: An Unauthorised History,,Undergraduate,6.0,In Person,2022
572,HIST6143,Celebrity: An Unauthorised History,,Postgraduate,6.0,Online or In Person,2022
573,BIOL2117,Cell Biology,Second Semester,Undergraduate,6.0,In Person,2022
574,BIOL6117,Cell Biology,Second Semester,Postgraduate,6.0,In Person,2022
575,BIOL6174,Cell Physiology in Health and Disease,Second Semester,Postgraduate,6.0,In Person,2022
576,BIOL2174,Cell Physiology in Health and Disease,Second Semester,Undergraduate,6.0,In Person,2022
577,NEUR6101,Cellular Neuroscience,First Semester,Postgraduate,6.0,In Person,2022
578,NEUR3101,Cellular Neuroscience,First Semester,Undergraduate,6.0,In Person,2022
579,ARTV2120,Ceramics: Designing for the Table and Home,,Undergraduate,6.0,In Person,2022
580,ARTV2119,Ceramics: Experimental Methods and Meanings,,Undergraduate,6.0,In Person,2022
581,ARTV2117,Ceramics: Glaze & Colour Development,First Semester,Undergraduate,6.0,In Person,2022
582,ARTV1101,Ceramics: Introduction to Clay Forming and Technology,Second Semester,Undergraduate,6.0,In Person,2022
583,ARTV2125,"Ceramics: Moulding, Casting & Digital Technologies",,Undergraduate,6.0,In Person,2022
584,ARTV2124,"Ceramics: Surface, Form and Connectivity",Second Semester,Undergraduate,6.0,In Person,2022
585,ARTV1102,Ceramics: Throwing & Surface Decoration,First Semester,Undergraduate,6.0,In Person,2022
586,CHEM2211,Chemical Biology 1,First Semester,Undergraduate,6.0,In Person,2022
587,CHEM2208,Chemical Biology 2,Second Semester,Undergraduate,6.0,In Person,2022
588,CHEM2202,Chemical Structure and Reactivity 1,First Semester,Undergraduate,6.0,In Person,2022
589,CHEM6203,Chemical Structure and Reactivity 2,Second Semester,Postgraduate,6.0,In Person,2022
590,CHEM2203,Chemical Structure and Reactivity 2,Second Semester,Undergraduate,6.0,In Person,2022
591,CHEM1101,Chemistry 1,First Semester,Undergraduate,6.0,In Person,2022
592,CHEM1201,Chemistry 2,Second Semester,Undergraduate,6.0,In Person,2022
593,CHEM4005,Chemistry IV Honours (S),First Semester/Second Semester,Undergraduate,12.0,In Person,2022
594,LING2521,Child Language Acquisition,,Undergraduate,6.0,In Person,2022
595,LING6521,Child Language Acquisition,,Postgraduate,6.0,In Person,2022
596,STST8013,China's Defence and Strategic Challenges,,Postgraduate,6.0,In Person,2022
597,INTR8060,China's Global Engagement,,Postgraduate,6.0,In Person,2022
598,NSPO8034,"China, America and National Security",Second Semester,Postgraduate,6.0,In Person,2022
599,ASIA6014,"China: Language, Discourse, and Political Culture",Second Semester,Postgraduate,6.0,Online or In Person,2022
600,ASIA2014,"China: Language, Discourse, and Political Culture",Second Semester,Undergraduate,6.0,Online or In Person,2022
601,ASIA2073,Chinese Calligraphy: History and Practice,,Undergraduate,6.0,In Person,2022
602,INTR2012,Chinese Foreign and Security Policy,,Undergraduate,6.0,In Person,2022
603,ASIA2044,Chinese History: The Imperial Period (221 BC - 1800),Second Semester,Undergraduate,6.0,Online or In Person,2022
604,ASIA6044,Chinese History: The Imperial Period (221 BC - 1800),Second Semester,Postgraduate,6.0,Online or In Person,2022
605,LAWS4276,Chinese Law and Society,Second Semester,Undergraduate,6.0,In Person,2022
606,LING6017,Chinese Linguistics,,Postgraduate,6.0,In Person,2022
607,LING2017,Chinese Linguistics,,Undergraduate,6.0,In Person,2022
608,ASIA2003,Chinese Literature,,Undergraduate,6.0,Online or In Person,2022
609,ASIA2054,Chinese Philosophy: Creation and Development,First Semester,Undergraduate,6.0,Online or In Person,2022
610,INTR8074,Chinese Thinking on International Relations,,Postgraduate,6.0,In Person,2022
611,CHIN3216,Chinese-English Interpreting,First Semester,Undergraduate,6.0,In Person,2022
612,CHIN3041,Chinese-English Translation,Second Semester,Undergraduate,6.0,In Person,2022
613,SCRN2107,Cinema from the Spanish-Speaking World,,Undergraduate,6.0,In Person,2022
614,SCRN6107,Cinema from the Spanish-Speaking World,,Postgraduate,6.0,In Person,2022
615,SPAN2107,Cinema from the Spanish-speaking World,,Undergraduate,6.0,In Person,2022
616,SOCY2035,Cities and urban transformation,,Undergraduate,6.0,In Person,2022
617,LAWS8175,Citizenship Law in Context,,Postgraduate,6.0,Online or In Person,2022
618,ARTH3004,"City Sites: studies in art, design and urbanity",,Undergraduate,6.0,In Person,2022
619,ARTH6004,City Sites: studies in art. design and urbanity,,Postgraduate,6.0,In Person,2022
620,NSPO8042,Civil-Military Coordination,Spring Session,Postgraduate,3.0,In Person,2022
621,POLS4021,Civilian Protection in Conflict and Post-Conflict Zones,,Undergraduate,6.0,In Person,2022
622,PHYS2201,Classical Mechanics,Second Semester,Undergraduate,6.0,In Person,2022
623,SOCY2040,Classical Social Theory,First Semester,Undergraduate,6.0,Online,2022
624,CLAS4006,Classics Methods and Evidence,,Undergraduate,12.0,In Person,2022
625,CLAS8019,Classics Methods and Evidence,,Postgraduate,12.0,In Person,2022
626,ENVS8003,Climate Change Vulnerability and Adaptation,Spring Session,Postgraduate,6.0,In Person,2022
627,ENVS3013,"Climate Change: Past, Present and Future",First Semester,Undergraduate,6.0,In Person,2022
628,ENVS6303,"Climate Change: Past, Present and Future",First Semester,Postgraduate,6.0,In Person,2022
629,ENVS3020,"Climate Change: Science, Society, and Policy",Second Semester,Undergraduate,6.0,In Person,2022
630,ENVS6307,"Climate Change: Science, Society, and Policy",Second Semester,Postgraduate,6.0,In Person,2022
631,LAWS4274,Climate Law,Autumn Session,Undergraduate,6.0,Online or In Person,2022
632,LAWS8474,Climate Law,Autumn Session,Postgraduate,6.0,Online or In Person,2022
633,NSPO8033,"Climate, the Environment and National Security",Second Semester,Postgraduate,6.0,In Person,2022
634,PSYC8101,Clinical Coursework I,First Semester,Postgraduate,12.0,In Person,2022
635,PSYC8102,Clinical Coursework II,Second Semester,Postgraduate,12.0,In Person,2022
636,PSYC8103,Clinical Coursework III,First Semester,Postgraduate,12.0,In Person,2022
637,PSYC8104,Clinical Coursework IV,Second Semester,Postgraduate,12.0,In Person,2022
638,PSYC8201,Clinical Field Placement I,Autumn Session,Postgraduate,6.0,In Person,2022
639,PSYC8202,Clinical Field Placement II,Spring Session,Postgraduate,6.0,In Person,2022
640,PSYC8203,Clinical Field Placement III,Summer Session,Postgraduate,6.0,In Person,2022
641,PSYC8204,Clinical Field Placement IV,Summer Session/Winter Session,Postgraduate,6.0,In Person,2022
642,PSYC8301,Clinical Research,First Semester/Autumn Session/Second Semester/Spring Session,Postgraduate,6.0,In Person,2022
643,PSYC8303,Clinical Research III,,Postgraduate,6.0,In Person,2022
644,PSYC8304,Clinical Research IV,Autumn Session,Postgraduate,6.0,In Person,2022
645,ENGL1014,Close Encounters: How to Read Literature,First Semester,Undergraduate,6.0,In Person,2022
646,NSPO8030,Coercion and National Security,,Postgraduate,6.0,In Person,2022
647,PSYC2008,Cognition,Second Semester,Undergraduate,6.0,In Person,2022
648,HUMN8034,Collaborative Curating and Storytelling,,Postgraduate,6.0,In Person,2022
649,MUSC8021,Collections Management Workshop,Second Semester,Postgraduate,6.0,In Person,2022
650,CBEA3001,College of Business and Economics Special Industry Project,First Semester/Second Semester,Undergraduate,6.0,In Person,2022
651,HIST8015,Colonial Australia in an Imperial World,,Postgraduate,6.0,Online or In Person,2022
652,HIST8016,Colonial Encounters,First Semester/Second Semester,Postgraduate,6.0,Online or In Person,2022
653,ASIA2120,Colonialism and the rule of law,,Undergraduate,6.0,In Person,2022
654,LAWS4309,Colonialism and the rule of law,,Undergraduate,6.0,In Person,2022
655,BUSN8801,Commerce Research Report,First Semester/Second Semester,Postgraduate,6.0,In Person,2022
656,LAWS8131,Commercial Drafting,,Postgraduate,6.0,Online or In Person,2022
657,LAWS4210,Commercial Law,Second Semester,Undergraduate,6.0,Online or In Person,2022
658,BUSN7052,Commercial Law,First Semester/Second Semester,Postgraduate,6.0,In Person,2022
659,LAWS8140,Commercial Law,Second Semester,Postgraduate,6.0,Online or In Person,2022
660,LAWS8078,Common Law Reasoning,,Postgraduate,6.0,Online or In Person,2022
661,LAWS2202,Commonwealth Constitutional Law,Second Semester,Undergraduate,6.0,Online or In Person,2022
662,LAWS6202,Commonwealth Constitutional Law,Second Semester,Postgraduate,6.0,Online or In Person,2022
663,SCOM4014,Communicating Science with the Public,First Semester,Undergraduate,6.0,In Person,2022
664,SCOM8014,Communicating Science with the Public,First Semester,Postgraduate,6.0,Online or In Person,2022
665,EMDV8007,Communicating for Environment and Climate Policy,First Semester,Postgraduate,6.0,Online or In Person,2022
666,MGMT2100,Communication for Business,First Semester/Second Semester,Undergraduate,6.0,In Person,2022
667,LING6034,Communication in Health Care,,Postgraduate,6.0,In Person,2022
668,LING2034,Communication in Health Care,,Undergraduate,6.0,In Person,2022
669,LAWS6268,Community Law Clinic,First Semester/Second Semester,Postgraduate,6.0,In Person,2022
670,LAWS4268,Community Law Clinic,First Semester/Second Semester,Undergraduate,6.0,In Person,2022
671,BUSN2015,Company Accounting,First Semester/Second Semester,Undergraduate,6.0,In Person,2022
672,MGMT8008,Company Consultancy Project,,Postgraduate,6.0,In Person,2022
673,LAWS8016,Comparative Constitutional Law,Autumn Session,Postgraduate,6.0,Online or In Person,2022
674,EURO3002,Comparative European Politics,Second Semester,Undergraduate,6.0,In Person,2022
675,POLS4040,Comparative Federalism,,Undergraduate,6.0,In Person,2022
676,POLS3031,Comparative Judicial Politics,,Undergraduate,6.0,In Person,2022
677,LAWS8018,Comparative National Security Law,,Postgraduate,6.0,In Person,2022
678,BIOL6115,Comparative Physiology,Second Semester,Postgraduate,6.0,In Person,2022
679,BIOL2115,Comparative Physiology,Second Semester,Undergraduate,6.0,In Person,2022
680,POLS8045,Comparative Political Analysis,,Postgraduate,6.0,In Person,2022
681,POLS4039,Comparative Political Behavior,First Semester,Undergraduate,6.0,In Person,2022
682,POLS8039,Comparative Political Behaviour,First Semester,Postgraduate,6.0,In Person,2022
683,POLS4038,Comparative Political Institutions,First Semester,Undergraduate,6.0,In Person,2022
684,POLS8038,Comparative Political Institutions,First Semester,Postgraduate,6.0,In Person,2022
685,POGO8032,Comparative Public Sector Management,,Postgraduate,6.0,In Person,2022
686,LAWS4255,Competition Law,First Semester,Undergraduate,6.0,Online or In Person,2022
687,LAWS8154,Competition Law,First Semester,Postgraduate,6.0,Online or In Person,2022
688,ECON3181,Competition Policy and Regulation,First Semester,Undergraduate,6.0,In Person,2022
689,ECON6181,Competition Policy and Regulation,First Semester,Postgraduate,6.0,In Person,2022
690,ECON8055,Competition Policy and the Economics of Regulation,,Postgraduate,6.0,In Person,2022
691,MATH6213,Complex Analysis,Second Semester,Postgraduate,6.0,In Person,2022
692,ENVS3040,Complex Environmental Problems in Action,Second Semester,Undergraduate,6.0,In Person,2022
693,ENVS6025,Complex Environmental Problems in Action,Second Semester,Postgraduate,6.0,In Person,2022
694,REGN8056,"Complexity, Catastrophe and Resilience",Autumn Session,Postgraduate,3.0,In Person,2022
695,REGN8055,Compliance and Defiance,Winter Session,Postgraduate,3.0,In Person,2022
696,ENGN6511,Composite Materials,,Postgraduate,6.0,In Person,2022
697,ENGN4511,Composite Materials,,Undergraduate,6.0,In Person,2022
698,MUSI2226,Composition for Film and Video Games,Second Semester,Undergraduate,6.0,In Person,2022
699,MUSI1111,"Composition, Arranging, and Sound Design 1",First Semester,Undergraduate,6.0,In Person,2022
700,MUSI1112,"Composition, Arranging, and Sound Design 2",Second Semester,Undergraduate,6.0,In Person,2022
701,MUSI2223,"Composition, Arranging, and Sound Design 3",First Semester,Undergraduate,6.0,In Person,2022
702,MUSI2224,"Composition, Arranging, and Sound Design 4",Second Semester,Undergraduate,6.0,In Person,2022
703,MUSI3314,"Composition, Arranging, and Sound Design 5",First Semester,Undergraduate,6.0,In Person,2022
704,MUSI3315,"Composition, Arranging, and Sound Design 6",Second Semester,Undergraduate,6.0,In Person,2022
705,EMSC8033,"Computational Geosciences: Problem-solving, Logical Thinking and Programming.",First Semester,Postgraduate,6.0,In Person,2022
706,EMSC4033,"Computational Geosciences: Problem-solving, Logical Thinking and Programming.",First Semester,Undergraduate,6.0,In Person,2022
707,COMP8980,Computational Methods for Network Science,,Postgraduate,6.0,In Person,2022
708,COMP4880,Computational Methods for Network Science,,Undergraduate,6.0,In Person,2022
709,COMP8880,Computational Methods for Network Science,,Postgraduate,6.0,In Person,2022
710,ECON3127,Computational Methods in Economics,,Undergraduate,6.0,In Person,2022
711,ECON4414,Computational Methods in Economics,,Undergraduate,6.0,In Person,2022
712,ECON8014,Computational Methods in Economics,,Postgraduate,6.0,In Person,2022
713,COMP6461,Computer Graphics,Second Semester,Postgraduate,6.0,In Person,2022
714,COMP4610,Computer Graphics,Second Semester,Undergraduate,6.0,In Person,2022
715,COMP6331,Computer Networks,First Semester,Postgraduate,6.0,In Person,2022
716,ENGN3539,Computer Networks,First Semester,Undergraduate,6.0,In Person,2022
717,ENGN6539,Computer Networks,First Semester,Postgraduate,6.0,In Person,2022
718,COMP3310,Computer Networks,First Semester,Undergraduate,6.0,In Person,2022
719,COMP2300,Computer Organisation and Program Execution,First Semester,Undergraduate,6.0,In Person,2022
720,COMP6300,Computer Organisation and Program Execution,First Semester,Postgraduate,6.0,In Person,2022
721,COMP4006,Computer Science Honours,First Semester/Second Semester,Undergraduate,24.0,In Person,2022
722,COMP4005F,Computer Science IV Honours,,Undergraduate,12.0,In Person,2022
723,COMP4005P,Computer Science IV Honours,,Undergraduate,12.0,In Person,2022
724,ENGN2219,Computer Systems & Organisation,First Semester,Undergraduate,6.0,In Person,2022
725,COMP6719,Computer Systems & Organisation,First Semester,Postgraduate,6.0,In Person,2022
726,COMP6528,Computer Vision,First Semester,Postgraduate,6.0,In Person,2022
727,ENGN4528,Computer Vision,First Semester,Undergraduate,6.0,In Person,2022
728,ENGN6528,Computer Vision,First Semester,Postgraduate,6.0,In Person,2022
729,COMP4528,Computer Vision,First Semester,Undergraduate,6.0,In Person,2022
730,COMP8830,Computing Internship,First Semester/Second Semester,Postgraduate,12.0,In Person,2022
731,COMP3820,Computing Internship,First Semester/Second Semester,Undergraduate,12.0,In Person,2022
732,COMP8715,Computing Project,First Semester/Second Semester,Postgraduate,6.0,In Person,2022
733,COMP8800,Computing Research Project,First Semester/Second Semester,Postgraduate,12.0,In Person,2022
734,ANTH8043,Conflict and Development in the Pacific,,Postgraduate,6.0,Online or In Person,2022
735,POLS3040,Conflict and change in sub-Saharan Africa,,Undergraduate,6.0,In Person,2022
736,LAWS8144,Conflict of Laws,First Semester,Postgraduate,6.0,Online or In Person,2022
737,LAWS4212,Conflict of Laws,First Semester,Undergraduate,6.0,Online or In Person,2022
738,ARTV6611,Constructing Worlds: Expanded Studio Practice,,Postgraduate,6.0,In Person,2022
739,BIOL8001,Consulting in Quantitative Biology,Second Semester,Postgraduate,6.0,In Person,2022
740,MKTG2031,Consumer Behaviour,First Semester,Undergraduate,6.0,In Person,2022
741,MKTG7050,Consumer Behaviour & Analysis,First Semester,Postgraduate,6.0,In Person,2022
742,LAWS4259,Consumer Protection and Product Liability Law,,Undergraduate,6.0,In Person,2022
743,LAWS8459,Consumer Protection and Product Liability Law - Do not use,,Postgraduate,6.0,In Person,2022
744,REGN8018,Consumptagenic Systems,,Postgraduate,3.0,In Person,2022
745,ANTH8101,Contemporary Anthropological Theory,Autumn Session,Postgraduate,12.0,In Person,2022
746,ANTH9101,Contemporary Anthropological Theory,Autumn Session,Postgraduate,12.0,Online or In Person,2022
747,ARTH2170,Contemporary Asian Art,,Undergraduate,6.0,In Person,2022
748,ARTH6170,Contemporary Asian Art,,Postgraduate,6.0,In Person,2022
749,ARTH6161,Contemporary Australian Art,,Postgraduate,6.0,In Person,2022
750,ARTH2161,Contemporary Australian Art,,Undergraduate,6.0,In Person,2022
751,INDG2002,Contemporary Australian Indigenous Music Studies,,Undergraduate,6.0,In Person,2022
752,DIPL8002,Contemporary Challenges in Diplomacy,,Postgraduate,6.0,In Person,2022
753,POGO8239,Contemporary Challenges in Indigenous Policy,Winter Session,Postgraduate,3.0,In Person,2022
754,SOCY2023,Contemporary Chinese Society: Inequality and Social Stratification,Second Semester,Undergraduate,6.0,Online or In Person,2022
755,DESN1003,Contemporary Design In Context,Second Semester,Undergraduate,6.0,In Person,2022
756,ANTH9103,Contemporary Development Theory,Summer Session/First Semester/Autumn Session/Winter Session/Second Semester/Spring Session,Postgraduate,12.0,In Person,2022
757,GERM2020,Contemporary German Society,,Undergraduate,6.0,In Person,2022
758,GERM3020,Contemporary German Society,,Undergraduate,6.0,In Person,2022
759,BUSN7005,Contemporary Issues in Accounting,First Semester/Second Semester,Postgraduate,6.0,In Person,2022
760,LAWS8271,Contemporary Issues in Administrative Law,,Postgraduate,6.0,In Person,2022
761,LAWS8128,Contemporary Issues in Constitutional Law,Summer Session,Postgraduate,6.0,Online or In Person,2022
762,LAWS4213,Contemporary Issues in Constitutional Law,Summer Session,Undergraduate,6.0,Online or In Person,2022
763,PHIL2060,Contemporary Metaphysics,,Undergraduate,6.0,In Person,2022
764,ENVS8016,Contemporary Perspectives in Environment-Society Interaction,First Semester,Postgraduate,6.0,Online or In Person,2022
765,ENVS8015,Contemporary Perspectives in Environmental Science,,Postgraduate,6.0,In Person,2022
766,POLS2044,Contemporary Political Analysis,Second Semester,Undergraduate,6.0,In Person,2022
767,POLS2063,Contemporary Political Theory,Second Semester,Undergraduate,6.0,Online or In Person,2022
768,SOCY2161,Contemporary Social Theory,,Undergraduate,6.0,In Person,2022
769,ARTV6060,Contexts of Making: Globalisation and Change,Second Semester,Postgraduate,6.0,In Person,2022
770,ARTV2060,Contexts of Making: Globalisation and Change,Second Semester,Undergraduate,6.0,In Person,2022
771,ARTV6061,Contexts of Making: Materiality and Value,First Semester,Postgraduate,6.0,In Person,2022
772,ARTV2061,Contexts of Making: Materiality and Value,First Semester,Undergraduate,6.0,In Person,2022
773,PSYC8422,Contextualizing Professional Psychology,Second Semester,Postgraduate,6.0,In Person,2022
774,GREK1102,Continuing Ancient Greek,Second Semester,Undergraduate,6.0,In Person,2022
775,GREK2119,Continuing Ancient Greek (L),Second Semester,Undergraduate,6.0,In Person,2022
776,INDG2006,Continuing Australian Indigenous Language,,Undergraduate,6.0,Online or In Person,2022
777,FREN2024,Continuing French I,First Semester,Undergraduate,6.0,In Person,2022
778,FREN2025,Continuing French II,Second Semester,Undergraduate,6.0,In Person,2022
779,INDG2004,Continuing Gamilaraay,Winter Session,Undergraduate,6.0,Online or In Person,2022
780,LATN1102,Continuing Latin,Second Semester,Undergraduate,6.0,In Person,2022
781,LATN2119,Continuing Latin (L),Second Semester,Undergraduate,6.0,In Person,2022
782,PORT2001,Continuing Portuguese I,,Undergraduate,6.0,In Person,2022
783,PORT2002,Continuing Portuguese II,,Undergraduate,6.0,In Person,2022
784,SPAN2001,Continuing Spanish I,First Semester,Undergraduate,6.0,In Person,2022
785,SPAN2002,Continuing Spanish II,Second Semester,Undergraduate,6.0,In Person,2022
786,FINM3003,Continuous Time Finance,First Semester,Undergraduate,6.0,In Person,2022
787,FINM7003,Continuous Time Finance,First Semester,Postgraduate,6.0,In Person,2022
788,LAWS1204,Contracts,Second Semester,Undergraduate,6.0,In Person,2022
789,LAWS6104,Contracts,First Semester/Second Semester,Postgraduate,6.0,Online or In Person,2022
790,ENGN6223,Control Systems,Second Semester,Postgraduate,6.0,Online or In Person,2022
791,ENGN3223,Control Systems,Second Semester,Undergraduate,6.0,Online or In Person,2022
792,CRIM6003,Controversies in Crime Control,Second Semester,Postgraduate,6.0,In Person,2022
793,CRIM2003,Controversies in Crime Control,Second Semester,Undergraduate,6.0,In Person,2022
794,HIST6128,"Convicts and Emigrants: Australia, 1770s to 1870s",,Postgraduate,6.0,In Person,2022
795,HIST2128,Convicts and Settlers: Australia 1770s to 1870s,,Undergraduate,6.0,In Person,2022
796,STST1003,Coping with Crisis: The Practice of International Security,Second Semester,Undergraduate,6.0,In Person,2022
797,EMSC3019,Coral Reef Field Studies,Winter Session/Spring Session,Undergraduate,6.0,In Person,2022
798,EMSC6119,Coral Reef Field Studies,Winter Session/Spring Session,Postgraduate,6.0,In Person,2022
799,MGMT7153,Core Leadership,First Semester,Postgraduate,6.0,In Person,2022
800,BUSN7050,Corporate Accounting,First Semester/Second Semester,Postgraduate,6.0,In Person,2022
801,FINM2001,Corporate Finance,First Semester/Second Semester,Undergraduate,6.0,In Person,2022
802,BUSN7049,Corporate Financial Reporting,First Semester,Postgraduate,6.0,In Person,2022
803,BUSN7045,Corporate Governance,Second Semester,Postgraduate,6.0,In Person,2022
804,BUSN4045,Corporate Governance (Honours),Second Semester,Undergraduate,6.0,In Person,2022
805,BUSN8145,Corporate Governance: Research Preparation,Second Semester,Postgraduate,6.0,In Person,2022
806,LAWS8584,Corporate Insolvency,First Semester,Postgraduate,6.0,Online,2022
807,BUSN6017,"Corporate Social Responsibility, Accountability and Reporting",,Postgraduate,6.0,Online or In Person,2022
808,BUSN3017,"Corporate Social Responsibility, Accountability and Reporting",Second Semester,Undergraduate,6.0,In Person,2022
809,MGMT3015,Corporate Strategy,First Semester,Undergraduate,6.0,In Person,2022
810,MGMT2001,Corporate Sustainability,First Semester,Undergraduate,6.0,In Person,2022
811,FINM3005,Corporate Valuation,First Semester/Second Semester,Undergraduate,6.0,In Person,2022
812,LAWS6203,Corporations Law,First Semester,Postgraduate,6.0,Online or In Person,2022
813,LAWS2203,Corporations Law,First Semester,Undergraduate,6.0,Online or In Person,2022
814,POGO8076,Corruption and Anti-corruption,Winter Session,Postgraduate,6.0,In Person,2022
815,CRIM3002,Corruption in Sport,,Undergraduate,6.0,Online or In Person,2022
816,CRIM2009,Corruption in our world,,Undergraduate,6.0,In Person,2022
817,CRIM6009,Corruption in our world,,Postgraduate,6.0,In Person,2022
818,ECON4418,Cost Benefit Analysis,,Undergraduate,6.0,In Person,2022
819,ECON8018,Cost-Benefit Analysis,,Postgraduate,6.0,In Person,2022
820,IDEC8088,Cost-Benefit Analysis: Principles and Practice,,Postgraduate,6.0,In Person,2022
821,ECON2133,Cost-benefit Analysis,,Undergraduate,6.0,In Person,2022
822,INDG1001,"Country, Kinship and Continuities: An Introduction to Australian Indigenous Studies",First Semester,Undergraduate,6.0,In Person,2022
823,DESA3004,Craft and Design Major 7: Designing Through Making,,Undergraduate,6.0,In Person,2022
824,DESA3005,Craft and Design Major 8: Developing a Design Practice,,Undergraduate,6.0,In Person,2022
825,VCPG6004,Creating Impact,,Postgraduate,6.0,In Person,2022
826,VCUG2004,Creating Impact,,Undergraduate,6.0,In Person,2022
827,DESN6003,Creative Data Visualisation: Representing Data in Visual and Material Form,Second Semester,Postgraduate,6.0,In Person,2022
828,DESN2003,Creative Data Visualisation: Representing Data in Visual and Material Form,Second Semester,Undergraduate,6.0,In Person,2022
829,ASIA3031,Creative Industries in Korea,Second Semester,Undergraduate,6.0,Online or In Person,2022
830,MUSI8011,Creative Practice as Research,First Semester,Postgraduate,6.0,In Person,2022
831,MUSI4404,Creative Practice as Research,First Semester,Undergraduate,6.0,In Person,2022
832,ENGL4021,"Creative Reading: Topics in Theory, Methodology and Interpretation",First Semester,Undergraduate,6.0,Online or In Person,2022
833,ENGL8021,"Creative Reading: Topics in Theory, Methodology and Interpretation",First Semester,Postgraduate,6.0,Online or In Person,2022
834,ARTV3033,Creative Research Practice: Developing an Independent Work Proposal,First Semester,Undergraduate,6.0,In Person,2022
835,ARTV3035,Creative Research Practice: Extending and Consolidating an Independent Project,Second Semester,Undergraduate,12.0,In Person,2022
836,ARTV3034,Creative Research Practice: Extending and Consolidating an Independent Work Proposal,Second Semester,Undergraduate,6.0,In Person,2022
837,ENGL6015,Creative Writing,First Semester,Postgraduate,6.0,In Person,2022
838,ENGL2015,Creative Writing,First Semester,Undergraduate,6.0,In Person,2022
839,ENGL2077,Creative Writing 2: Story to Script to Performance,,Undergraduate,6.0,In Person,2022
840,ENGL6026,Creative Writing 3 Advanced Fiction,,Postgraduate,6.0,In Person,2022
841,ENGL2078,Creative Writing 3: Advanced Fiction,,Undergraduate,6.0,In Person,2022
842,CRIM3006,Crime Prevention: Evaluation Theory and Practice,First Semester,Undergraduate,6.0,Online or In Person,2022
843,HIST6232,Crime and Justice: Historical Dilemmas,,Postgraduate,6.0,In Person,2022
844,HIST2232,Crime and Justice: Historical Dilemmas,,Undergraduate,6.0,In Person,2022
845,LAWS4214,Criminal Justice,,Undergraduate,6.0,In Person,2022
846,LAWS6106,Criminal Law and Procedure,First Semester,Postgraduate,6.0,Online or In Person,2022
847,LAWS1206,Criminal Law and Procedure,First Semester,Undergraduate,6.0,Online or In Person,2022
848,CRIM1001,Criminological Imaginations: Understanding Criminality,First Semester,Undergraduate,6.0,Online or In Person,2022
849,CRIM1002,Criminological Perspectives: Understanding Crime,Second Semester,Undergraduate,6.0,In Person,2022
850,REGN8013,Criminology,,Postgraduate,6.0,Online,2022
851,CRIM3003,Criminology at the scene,,Undergraduate,6.0,Online or In Person,2022
852,CRIM3004,Criminology at the scene - extended,,Undergraduate,12.0,Online or In Person,2022
853,MEAS8001,Critical Approaches and Methods in the Study of the Middle East and Central Asia,First Semester,Postgraduate,12.0,In Person,2022
854,MEAS9001,Critical Approaches and Methods in the Study of the Middle East and Central Asia,First Semester,Postgraduate,12.0,In Person,2022
855,LAWS8595,Critical Approaches to International Law,,Postgraduate,6.0,Online or In Person,2022
856,HUMN8027,Critical Issues in Heritage and Museum Studies,Second Semester,Postgraduate,6.0,Online or In Person,2022
857,HUMN8035,Critical Issues in Intangible Heritage,Second Semester,Postgraduate,6.0,In Person,2022
858,LAWS8488,Critical Legal Theory,,Postgraduate,6.0,In Person,2022
859,MEAS3003,Critical Perspectives on Arabic Culture,First Semester,Undergraduate,6.0,In Person,2022
860,MEAS6003,Critical Perspectives on Arabic Culture,First Semester,Postgraduate,6.0,In Person,2022
861,LING6021,Cross Cultural Communication,First Semester,Postgraduate,6.0,Online or In Person,2022
862,LING2021,Cross Cultural Communication,First Semester,Undergraduate,6.0,Online or In Person,2022
863,SCOM6029,Cross Cultural Perspectives in Science Communication,Winter Session,Postgraduate,6.0,Online or In Person,2022
864,SCOM3029,Cross Cultural Perspectives in Science Communication,Winter Session,Undergraduate,6.0,In Person,2022
865,ARTH2176,Cross Currents in Australian First Nations and Non-Indigenous Art and Culture,,Undergraduate,6.0,In Person,2022
866,ARTH6176,Cross Currents in Australian First Nations and Non-Indigenous Art and Culture,,Postgraduate,6.0,In Person,2022
867,BUSI3029,Cross-Cultural Management,Second Semester,Undergraduate,6.0,In Person,2022
868,ANTH2129,"Crossing Borders: Migration, Identity and Livelihood",First Semester,Undergraduate,6.0,In Person,2022
869,ANTH6515,"Crossing Borders: Migration, Identity and Livelihood",First Semester,Postgraduate,6.0,In Person,2022
870,ASIA8038,Cultural Creativity and Research in Asia and the Pacific,Second Semester,Postgraduate,6.0,Online or In Person,2022
871,HUMN8007,Cultural and Environmental Heritage Research Project,Summer Session/First Semester/Autumn Session/Winter Session/Second Semester/Spring Session,Postgraduate,6.0,Online or In Person,2022
872,HUMN8018,Cultural and Environmental Heritage: Extended Research Project,Summer Session/First Semester/Autumn Session/Winter Session/Second Semester/Spring Session,Postgraduate,12.0,In Person,2022
873,ANTH2009,Culture and Development,First Semester,Undergraduate,6.0,In Person,2022
874,ANTH6009,Culture and Development,First Semester,Postgraduate,6.0,Online or In Person,2022
875,HUMN8037,Culture and Heritage in China Field School,,Postgraduate,6.0,In Person,2022
876,ANTH1002,Culture and Human Diversity: Introducing Anthropology,First Semester,Undergraduate,6.0,Online or In Person,2022
877,ANTH6002,Culture and Human Diversity: Introducing Anthropology,First Semester,Postgraduate,6.0,Online or In Person,2022
878,ASIA2302,Culture and Modernity in Asia: Anthropological Perspectives,Second Semester,Undergraduate,6.0,In Person,2022
879,PSYC2012,Culture and Psychology,First Semester,Undergraduate,6.0,In Person,2022
880,CHMD8019,"Culture, Health, Medicine Internship",Summer Session,Postgraduate,6.0,In Person,2022
881,ANTH2017,"Culture, Social Justice and Aboriginal Society Today",First Semester,Undergraduate,6.0,In Person,2022
882,ANTH6017,"Culture, Social Justice and Aboriginal Society Today",First Semester,Postgraduate,6.0,In Person,2022
883,ARTH3001,Curatorial Practice,Second Semester,Undergraduate,12.0,In Person,2022
884,ARTH6045,Curatorship History and Evolution,Second Semester,Postgraduate,12.0,In Person,2022
885,ARTH2045,Curatorship History and Evolution,Second Semester,Undergraduate,6.0,In Person,2022
886,POLS2132,Current Issues in International Security,First Semester,Undergraduate,6.0,Online or In Person,2022
887,CHEM3207,Current Topics in Chemical Biology,Second Semester,Undergraduate,6.0,In Person,2022
888,LAWS8077,Cyber Law,Autumn Session,Postgraduate,6.0,Online or In Person,2022
889,COMP2700,Cyber Security Foundations,Second Semester,Undergraduate,6.0,In Person,2022
890,LAWS8035,Cyber Warfare Law,Summer Session/Winter Session,Postgraduate,6.0,Online or In Person,2022
891,NSPO8009,Cyber and Emerging Technologies in National Security,Second Semester,Postgraduate,6.0,In Person,2022
892,LAWS8075,Cybercrime,,Postgraduate,6.0,Online,2022
893,CRIM2010,Cybercrime: an introduction,Second Semester,Undergraduate,6.0,In Person,2022
894,CRIM6010,Cybercrime: an introduction,Second Semester,Postgraduate,6.0,In Person,2022
895,CECS6002,Cybernetics Practice for Cyber-Physical Systems,Second Semester,Postgraduate,6.0,In Person,2022
896,CECS8003,Cybernetics and Cyber-Physcial Systems,,Postgraduate,6.0,In Person,2022
897,BIAN4011,Data Analysis and Methods in Biological Anthropology,First Semester,Undergraduate,6.0,Online or In Person,2022
898,COMP3425,Data Mining,First Semester,Undergraduate,6.0,In Person,2022
899,COMP8410,Data Mining,First Semester/Winter Session,Postgraduate,6.0,In Person,2022
900,EMSC8023,Data Science,Second Semester,Postgraduate,6.0,In Person,2022
901,EMSC4123,Data Science,Second Semester,Undergraduate,6.0,In Person,2022
902,BIOL3207,Data Science for Biologists,Second Semester,Undergraduate,6.0,In Person,2022
903,BIOL6207,Data Science for Biologists,Second Semester,Postgraduate,6.0,In Person,2022
904,COMP8430,Data Wrangling,Summer Session/Second Semester,Postgraduate,6.0,In Person,2022
905,COMP8930,Data Wrangling,,Postgraduate,6.0,In Person,2022
906,COMP3430,Data Wrangling,Second Semester,Undergraduate,6.0,In Person,2022
907,SOCR3001,Data for Decision Making,First Semester,Undergraduate,6.0,In Person,2022
908,HIST8040,Debating ANZAC,Second Semester,Postgraduate,6.0,Online or In Person,2022
909,JPNS3102,Debating Japan: Contemporary Intellectual Debates,Second Semester,Undergraduate,6.0,Online or In Person,2022
910,POGO8065,Decision Making Under Uncertainty,Winter Session,Postgraduate,6.0,In Person,2022
911,INDG4001,Decolonising Methodologies and other Indigenous Perspectives on Research,First Semester/Second Semester,Undergraduate,6.0,In Person,2022
912,HIST8030,"Decolonising history? Indigenous perspectives, deep history, and postcolonial challenges",,Postgraduate,6.0,Online or In Person,2022
913,STST8057,Defence Leadership in ASEAN A,First Semester,Postgraduate,6.0,In Person,2022
914,STST8058,Defence Leadership in ASEAN B,,Postgraduate,6.0,In Person,2022
915,COMP3701,Defensive Cyber Security Operations,,Undergraduate,6.0,In Person,2022
916,POGO8123,Delivering Public Value,Summer Session,Postgraduate,6.0,In Person,2022
917,POLS2126,Democracy and Dictatorship,Second Semester,Undergraduate,6.0,In Person,2022
918,HIST2240,Democracy and Dissent: Europe Since 1945,,Undergraduate,6.0,In Person,2022
919,HIST6240,Democracy and Dissent: Europe Since 1945,,Postgraduate,6.0,In Person,2022
920,POLS4019,Democracy and its Discontents,,Undergraduate,6.0,In Person,2022
921,POLS8019,Democracy and its Discontents,,Postgraduate,6.0,In Person,2022
922,ASIA6070,Democracy in Southeast Asia,,Postgraduate,6.0,In Person,2022
923,ASIA2070,Democracy in Southeast Asia,,Undergraduate,6.0,In Person,2022
924,DEMO3002,Demographic Research Internship,First Semester/Second Semester,Undergraduate,6.0,In Person,2022
925,DEMO4011,Demography Honours Seminar in Theory and Methods,,Undergraduate,12.0,In Person,2022
926,ARTV6032,Demonstrating Research Methods for a Studio Practice in Art and Design,,Postgraduate,6.0,In Person,2022
927,ARTV3032,Demonstrating Research Methods for a Studio Practice in Art and Design,,Undergraduate,6.0,In Person,2022
928,FINM2002,Derivatives,First Semester/Second Semester,Undergraduate,6.0,In Person,2022
929,DESN2007,Design Fiction: Speculative and Critical Design,,Undergraduate,6.0,In Person,2022
930,DESN4010,Design Practice: Impact and Engagement,First Semester,Undergraduate,12.0,In Person,2022
931,DESN6011,Design Studio: Engagement and Collaboration,Second Semester,Postgraduate,6.0,In Person,2022
932,DESN3011,Design Studio: Engagement and Collaboration,Second Semester,Undergraduate,6.0,In Person,2022
933,DESN3010,Design Studio: Independent Practice,First Semester,Undergraduate,6.0,In Person,2022
934,DESN6010,Design Studio: Independent Practice,First Semester,Postgraduate,6.0,In Person,2022
935,DESN2008,Design Thinking: Human-Centred Design Methodologies,Winter Session,Undergraduate,6.0,In Person,2022
936,MGMT2009,Design Thinking: Human-Centred Innovation,First Semester,Undergraduate,6.0,In Person,2022
937,DESN4011,Design and Research: Theory and Methods,First Semester,Undergraduate,6.0,In Person,2022
938,STAT3012,Design of Experiments and Surveys,First Semester,Undergraduate,6.0,In Person,2022
939,STAT4029,Design of Experiments and Surveys,First Semester,Undergraduate,6.0,In Person,2022
940,STAT7029,Design of Experiments and Surveys,First Semester,Postgraduate,6.0,In Person,2022
941,POGO8063,Designing Public Policies and Programs,Winter Session,Postgraduate,6.0,In Person,2022
942,ARTV3028,Developing a Contemporary Craft Practice,First Semester,Undergraduate,6.0,In Person,2022
943,ECON4409,Development Poverty & Famine,Second Semester,Undergraduate,6.0,In Person,2022
944,ECON2900,Development Poverty and Famine,Second Semester,Undergraduate,6.0,In Person,2022
945,POGO8072,Development Theories and Themes,First Semester,Postgraduate,6.0,In Person,2022
946,POLS2011,Development and Change,First Semester,Undergraduate,6.0,In Person,2022
947,EMDV8013,Development and Environment in the Anthropocene,Second Semester,Postgraduate,6.0,Online or In Person,2022
948,IDEC8031,Development and Environmental Planning in Developing Economies,,Postgraduate,6.0,In Person,2022
949,ANTH8009,Development in Practice,First Semester,Postgraduate,6.0,Online or In Person,2022
950,BIOL3109,Developmental Biology,First Semester,Undergraduate,6.0,In Person,2022
951,BIOL6109,Developmental Biology,First Semester,Postgraduate,6.0,In Person,2022
952,PSYC2002,Developmental Psychology,First Semester,Undergraduate,6.0,In Person,2022
953,LING6023,Dictionaries and Dictionary-Making,,Postgraduate,6.0,In Person,2022
954,LING2023,Dictionaries and Dictionary-Making,,Undergraduate,6.0,In Person,2022
955,MATH6205,Differential Geometry,First Semester,Postgraduate,6.0,In Person,2022
956,ASTR4017,Diffuse Matter in the Universe,,Undergraduate,6.0,In Person,2022
957,ASTR8007,Diffuse Matter in the Universe,,Postgraduate,6.0,In Person,2022
958,ASIA3032,Digital Asia: Technology and Society,First Semester,Undergraduate,6.0,Online or In Person,2022
959,MGMT7008,Digital Business Model Generation,,Postgraduate,6.0,In Person,2022
960,ENGN3226,Digital Communications,First Semester,Undergraduate,6.0,In Person,2022
961,ENGN6626,Digital Communications,First Semester,Postgraduate,6.0,In Person,2022
962,HUMN4028,Digital Culture and Society - Critical Theories and Methodologies,Second Semester,Undergraduate,6.0,Online or In Person,2022
963,HUMN8028,Digital Culture and Society - Critical Theories and Methodologies,Second Semester,Postgraduate,6.0,Online or In Person,2022
964,HUMN1001,Digital Culture: Being Human in the Information Age,Second Semester,Undergraduate,6.0,Online or In Person,2022
965,DESN2001,Digital Form and Fabrication,First Semester,Undergraduate,6.0,Online or In Person,2022
966,DESN6001,Digital Form and Fabrication,First Semester,Postgraduate,6.0,Online or In Person,2022
967,HUMN4029,Digital Humanities and Public Culture - Issues and Debates,First Semester,Undergraduate,6.0,Online or In Person,2022
968,HUMN8029,Digital Humanities and Public Culture - Issues and Debates,First Semester,Postgraduate,6.0,Online or In Person,2022
969,HUMN8030,Digital Humanities and Public Culture Research Project,First Semester/Second Semester,Postgraduate,6.0,In Person,2022
970,HUMN8031,Digital Humanities and Public Culture Research Project (Advanced),First Semester/Second Semester,Postgraduate,12.0,In Person,2022
971,HUMN3001,Digital Humanities and Public Culture: Projects and Engagement,First Semester,Undergraduate,6.0,In Person,2022
972,HUMN6003,Digital Humanities and Public Culture: Projects and Engagement,First Semester,Postgraduate,6.0,In Person,2022
973,MKTG7028,Digital Marketing Communications,Second Semester,Postgraduate,6.0,In Person,2022
974,ENGN6537,Digital Signal Processing,Second Semester,Postgraduate,6.0,In Person,2022
975,ENGN4537,Digital Signal Processing,Second Semester,Undergraduate,6.0,In Person,2022
976,INFS8205,"Digital Strategy, Executive and Operations",First Semester,Postgraduate,6.0,In Person,2022
977,ENGN4213,Digital Systems and Microprocessors,First Semester,Undergraduate,6.0,In Person,2022
978,ENGN6213,Digital Systems and Microprocessors,First Semester,Postgraduate,6.0,In Person,2022
979,INFS7040,Digital Transformation,First Semester/Second Semester,Postgraduate,6.0,In Person,2022
980,MGMT8009,Digital Transformation & Business Strategy,,Postgraduate,6.0,In Person,2022
981,DIPL8015,Diplomacy Internship,,Postgraduate,6.0,Online or In Person,2022
982,DIPL8018,Diplomacy Research Project,First Semester/Second Semester,Postgraduate,12.0,Online or In Person,2022
983,DIPL8006,"Diplomacy, Politics and the United Nations",Winter Session,Postgraduate,6.0,In Person,2022
984,DIPL8009,Diplomacy: from cuneiform clay to digital tablets,,Postgraduate,6.0,Online,2022
985,CHMD8001,"Directed Readings in Culture, Health and Medicine",First Semester/Second Semester,Postgraduate,6.0,Online or In Person,2022
986,EMDV8124,Disaster Risk Reduction and Management,Winter Session,Postgraduate,6.0,Online or In Person,2022
987,ASIA8048,Disasters and Epidemics in Asia and the Pacific,Second Semester,Postgraduate,6.0,Online or In Person,2022
988,ENGN1211,Discovering Engineering,First Semester,Undergraduate,6.0,In Person,2022
989,MATH1005,Discrete Mathematical Models,First Semester,Undergraduate,6.0,In Person,2022
990,MATH6005,Discrete Mathematical Models,First Semester,Postgraduate,6.0,In Person,2022
991,NSPO8013,"Disease, Security and Biological Weapons",,Postgraduate,6.0,In Person,2022
992,CRIM3005,Diversity and Crime: Equality in the Criminal Justice System,First Semester,Undergraduate,6.0,In Person,2022
993,BIOL1009,Diversity of Life,Second Semester,Undergraduate,6.0,In Person,2022
994,FINM8018,Doctoral Studies in Asset Pricing,Second Semester,Postgraduate,6.0,In Person,2022
995,FINM8020,Doctoral Studies in Asset Pricing 2,First Semester,Postgraduate,6.0,In Person,2022
996,FINM8019,Doctoral Studies in Corporate Finance,Second Semester,Postgraduate,6.0,In Person,2022
997,FINM8021,Doctoral Studies in Corporate Finance Empirical,First Semester,Postgraduate,6.0,In Person,2022
998,COMP4650,Document Analysis,Second Semester,Undergraduate,6.0,In Person,2022
999,COMP6490,Document Analysis,Autumn Session/Second Semester,Postgraduate,6.0,In Person,2022
1000,COMP6990,Document Analysis,,Postgraduate,6.0,In Person,2022
1001,CRIM2001,Doing Criminology: Research and Practice in Crime and Criminal Justice,First Semester,Undergraduate,6.0,In Person,2022
1002,CRIM6007,Doing Criminology: Research and Practice in Crime and Criminal Justice,First Semester,Postgraduate,6.0,In Person,2022
1003,ANTH3059,Doing Ethnography: Practicum in Applied Anthropology,Second Semester,Undergraduate,6.0,Online or In Person,2022
1004,ANTH8059,Doing Ethnography: Research Practicum on Applied Anthropology,Second Semester,Postgraduate,12.0,Online or In Person,2022
1005,EMDV8081,Domestic Climate Change Policy and Economics,Summer Session,Postgraduate,6.0,Online or In Person,2022
1006,ARTV1703,Drawing into Print : Etching and Relief,First Semester,Undergraduate,6.0,In Person,2022
1007,ARTV6703,Drawing into Print: Etching and Relief,First Semester,Postgraduate,6.0,In Person,2022
1008,ARTV6704,Drawing into Print: Screen Printing and Stencils,Second Semester,Postgraduate,6.0,In Person,2022
1009,ARTV1704,Drawing into Print: Screen Printing and Stencils,Second Semester,Undergraduate,6.0,In Person,2022
1010,MEAS4111,Drivers of Violent Extremism: The Local and the Global in the Middle East,First Semester,Undergraduate,6.0,Online,2022
1011,MEAS8111,Drivers of Violent Extremism: The Local and the Global in the Middle East,First Semester,Postgraduate,6.0,Online,2022
1012,DESN2004,Dynamic Design and Generative Systems,,Undergraduate,6.0,In Person,2022
1013,DESN6004,Dynamic Design and Generative Systems,,Postgraduate,6.0,In Person,2022
1014,EMSC3034,"Dynamic Earth: Plates, Plumes and Mantle Convection",Second Semester,Undergraduate,6.0,In Person,2022
1015,EMSC6034,"Dynamic Earth: Plates, Plumes and Mantle Convection",Second Semester,Postgraduate,6.0,In Person,2022
1016,ENGN2229,Dynamics and Simulation,,Undergraduate,6.0,In Person,2022
1017,BUSI2023,Dynamics of Asian Business,Second Semester,Undergraduate,6.0,In Person,2022
1018,BUSI2024,Dynamics of Business in the Middle East,First Semester,Undergraduate,6.0,In Person,2022
1019,BUSI2034,Dynamics of European Business,First Semester,Undergraduate,6.0,In Person,2022
1020,MEAS8112,Dynamics of Israeli-Palestinian Conflict,Second Semester,Postgraduate,6.0,In Person,2022
1021,MEAS4112,Dynamics of Israeli-Palestinian Conflict,Second Semester,Undergraduate,6.0,In Person,2022
1022,MKTG2032,E-Marketing,Second Semester,Undergraduate,6.0,In Person,2022
1023,EMSC1008,EARTH: The Chemistry and Physics of our Planet,Second Semester,Undergraduate,6.0,In Person,2022
1024,EMSC6008,EARTH: The Chemistry and Physics of our Planet,Second Semester,Postgraduate,6.0,In Person,2022
1025,ENGL3005,Early Modern to Eighteenth Century Literature,Second Semester,Undergraduate,6.0,In Person,2022
1026,ENGL6020,Early Modern to Eighteenth Century Literature,Second Semester,Postgraduate,6.0,In Person,2022
1027,EMSC8030,Earth Science Research Project,First Semester/Second Semester,Postgraduate,6.0,In Person,2022
1028,EMSC8032,Earth Science Research Proposal & Presentation,First Semester/Second Semester,Postgraduate,6.0,In Person,2022
1029,EMSC4005,Earth and Marine Sciences Honours Thesis,First Semester/Second Semester,Undergraduate,3.0,In Person,2022
1030,ENVS6514,Ecological Assessment and Management,,Postgraduate,6.0,In Person,2022
1031,ENVS3014,Ecological Assessment and Management,,Undergraduate,6.0,In Person,2022
1032,EMDV8012,Ecological Economics and Policy,,Postgraduate,6.0,Online or In Person,2022
1033,BIOL2131,Ecology,First Semester,Undergraduate,6.0,In Person,2022
1034,BIOL6004,Ecology,First Semester,Postgraduate,6.0,In Person,2022
1035,EMET8005,Econometric Methods and Modelling,First Semester/Second Semester,Postgraduate,6.0,In Person,2022
1036,IDEC8017,Econometric Techniques,Second Semester,Postgraduate,6.0,In Person,2022
1037,EMET6007,Econometrics I: Econometric Methods,First Semester,Postgraduate,6.0,In Person,2022
1038,EMET2007,Econometrics I: Econometric Methods,First Semester,Undergraduate,6.0,In Person,2022
1039,EMET4007,Econometrics I: Econometric Methods,First Semester,Undergraduate,6.0,In Person,2022
1040,EMET3004,Econometrics II: Econometric Modelling,Second Semester,Undergraduate,6.0,In Person,2022
1041,EMET6008,Econometrics II: Econometric Modelling,Second Semester,Postgraduate,6.0,In Person,2022
1042,ECON2080,Economic Analysis of the Digital Economy,,Undergraduate,6.0,In Person,2022
1043,ECON8180,Economic Analysis of the Digital Economy,,Postgraduate,6.0,In Person,2022
1044,IDEC8022,Economic Development,Second Semester,Postgraduate,6.0,Online or In Person,2022
1045,EMSC3007,Economic Geology,Second Semester,Undergraduate,6.0,In Person,2022
1046,EMSC6007,Economic Geology,Second Semester,Postgraduate,6.0,In Person,2022
1047,ECON8050,Economic Growth,First Semester,Postgraduate,6.0,In Person,2022
1048,ECON3023,Economic Policy Issues,Second Semester,Undergraduate,6.0,In Person,2022
1049,ECON4403,Economic Policy Issues,Second Semester,Undergraduate,6.0,In Person,2022
1050,ECON8003,Economic Policy Issues,Second Semester,Postgraduate,6.0,In Person,2022
1051,ECON2060,Economic Reasoning for Government,,Undergraduate,6.0,In Person,2022
1052,ECON3100,Economics 3 (H),Second Semester,Undergraduate,6.0,In Person,2022
1053,ECON4488,Economics Honours Research Essay,First Semester/Second Semester,Undergraduate,6.0,In Person,2022
1054,ECON1100,Economics I (H),Second Semester,Undergraduate,6.0,In Person,2022
1055,ECON2016,Economics II (H),Second Semester,Undergraduate,6.0,In Person,2022
1056,IDEC9024,Economics Seminars,Second Semester,Postgraduate,6.0,In Person,2022
1057,POGO8081,Economics for Government,Second Semester,Postgraduate,6.0,In Person,2022
1058,ECON8077,Economics for Leaders,First Semester,Postgraduate,6.0,In Person,2022
1059,ENVS2007,Economics for the Environment,,Undergraduate,6.0,In Person,2022
1060,SOCY2021,Education and Society,,Undergraduate,6.0,In Person,2022
1061,MEAS3008,Egypt: Social and Political Dynamics in a Changing Middle East,First Semester,Undergraduate,6.0,In Person,2022
1062,MEAS6008,Egypt: Social and Political Dynamics in a Changing Middle East,First Semester,Postgraduate,6.0,In Person,2022
1063,POLS2111,"Elections, Political Behaviour and Public Opinion in Australia",Winter Session,Undergraduate,6.0,In Person,2022
1064,PHYS2016,Electromagnetism,Second Semester,Undergraduate,6.0,In Person,2022
1065,ENGN2218,Electronic Systems and Design,First Semester,Undergraduate,6.0,In Person,2022
1066,EMSC4712,Electronics and Data Analysis,Second Semester,Undergraduate,6.0,In Person,2022
1067,EMSC8712,Electronics and Data Analysis,Second Semester,Postgraduate,6.0,In Person,2022
1068,TURK1001,Elementary Turkish A,First Semester,Undergraduate,6.0,Online,2022
1069,TURK1002,Elementary Turkish B,Second Semester,Undergraduate,6.0,Online,2022
1070,ENGN8537,Embedded Systems and Real Time Digital Signal Processing,,Postgraduate,6.0,In Person,2022
1071,POLS3004,Emotions in International Politics,Second Semester,Undergraduate,6.0,In Person,2022
1072,ANCH2017,Emperors and Madmen: The Early Roman Empire,,Undergraduate,6.0,In Person,2022
1073,ENGL6027,Empire and its Fictions,First Semester,Postgraduate,6.0,In Person,2022
1074,ENGL2068,Empire and its Fictions,First Semester,Undergraduate,6.0,In Person,2022
1075,HIST1214,Empires in Global History: 1200 to the Present,First Semester,Undergraduate,6.0,In Person,2022
1076,IDEC8025,Empirical Public Finance,Second Semester,Postgraduate,6.0,In Person,2022
1077,BUSN8100,Empirical Research in Financial Accounting,Second Semester,Postgraduate,6.0,In Person,2022
1078,CBEA2000,Employability Fundamentals for Professional Practice,Second Semester,Undergraduate,6.0,Online or In Person,2022
1079,IDEC8089,Energy Economics,,Postgraduate,6.0,In Person,2022
1080,ENGN3516,Energy Resources and Renewable Technologies,Second Semester,Undergraduate,6.0,In Person,2022
1081,ENGN6516,Energy Resources and Renewable Technologies,Second Semester,Postgraduate,6.0,In Person,2022
1082,NSPO8044,Energy Security,Spring Session,Postgraduate,3.0,In Person,2022
1083,MEAS4109,Energy and Security in Central Asia and the Caucasus,,Undergraduate,6.0,In Person,2022
1084,MEAS8109,Energy and Security in Central Asia and the Caucasus,,Postgraduate,6.0,In Person,2022
1085,SCOM8088,Engagement for Policy Impact,Spring Session,Postgraduate,6.0,Online or In Person,2022
1086,ASIA3021,Engaging Asia: Australia and the Asian Century,Autumn Session,Undergraduate,6.0,Online or In Person,2022
1087,ASIA8040,Engaging Asia: Australia and the Asian Century,Autumn Session,Postgraduate,6.0,Online or In Person,2022
1088,POGO8235,Engaging China: Working with Policy in the PRC,Spring Session,Postgraduate,3.0,In Person,2022
1089,ENGN8535,Engineering Data Analytics,First Semester,Postgraduate,6.0,In Person,2022
1090,COMP8535,Engineering Data Analytics,First Semester,Postgraduate,6.0,In Person,2022
1091,ENGN2300,Engineering Design 2: Systems Approaches for Design,First Semester,Undergraduate,6.0,In Person,2022
1092,ENGN2301,Engineering Design 3: Systems Approaches for Analysis,Second Semester,Undergraduate,6.0,In Person,2022
1093,ENGN3300,Engineering Design 4A: Systems Approaches for Management,First Semester,Undergraduate,6.0,In Person,2022
1094,ENGN3301,Engineering Design 4B: Systems Approaches for Operations,Second Semester,Undergraduate,6.0,In Person,2022
1095,ENGN3230,Engineering Innovation,,Undergraduate,6.0,In Person,2022
1096,ENGN6200,Engineering Internship,Summer Session/First Semester/Autumn Session/Winter Session/Second Semester/Spring Session,Postgraduate,6.0,In Person,2022
1097,ENGN3200,Engineering Internship,Summer Session/First Semester/Autumn Session/Winter Session/Second Semester/Spring Session,Undergraduate,6.0,In Person,2022
1098,ENGN3221,Engineering Management,,Undergraduate,6.0,In Person,2022
1099,ENGN6601,Engineering Materials,First Semester,Postgraduate,6.0,In Person,2022
1100,ENGN3601,Engineering Materials,First Semester,Undergraduate,6.0,In Person,2022
1101,ENGN3706,Engineering Research & Development Project,First Semester/Second Semester,Undergraduate,6.0,In Person,2022
1102,ENGN8104,Engineering Research Project,,Postgraduate,12.0,In Person,2022
1103,ENGN2707,Engineering Research and Development Project,First Semester/Second Semester,Undergraduate,6.0,In Person,2022
1104,ENGN4706,Engineering Research and Development Project,First Semester/Second Semester,Undergraduate,6.0,In Person,2022
1105,ENGN3712,Engineering Research and Development Project,First Semester/Second Semester,Undergraduate,6.0,In Person,2022
1106,ENGN4712,Engineering Research and Development Project,First Semester/Second Semester,Undergraduate,6.0,In Person,2022
1107,ENGN4718,Engineering Research and Development Project,First Semester/Second Semester,Undergraduate,6.0,In Person,2022
1108,ENGN2706,Engineering Research and Development Project (Methods),First Semester,Undergraduate,6.0,In Person,2022
1109,ENGN1215,Engineering Sciences,,Undergraduate,6.0,In Person,2022
1110,ENGN3410,Engineering Sustainable Systems,Second Semester,Undergraduate,6.0,In Person,2022
1111,ENGN6410,Engineering Sustainable Systems,Second Semester,Postgraduate,6.0,In Person,2022
1112,ENGN2222,Engineering Thermodynamics,Second Semester,Undergraduate,6.0,In Person,2022
1113,ENGN3013,Engineering for a Humanitarian Context,Summer Session/Winter Session,Undergraduate,6.0,Online or In Person,2022
1114,ENGN6013,Engineering for a Humanitarian Context,,Postgraduate,6.0,Online or In Person,2022
1115,ACST4060,Enterprise Risk Management 1,,Undergraduate,6.0,In Person,2022
1116,ACST8060,Enterprise Risk Management 1,,Postgraduate,6.0,In Person,2022
1117,ACST4061,Enterprise Risk Management 2,,Undergraduate,6.0,In Person,2022
1118,ACST8061,Enterprise Risk Management 2,,Postgraduate,6.0,In Person,2022
1119,INFS8004,Enterprise Systems and Strategy,First Semester,Postgraduate,6.0,In Person,2022
1120,INFS3002,Enterprise Systems in Business,Second Semester,Undergraduate,6.0,In Person,2022
1121,MGMT3027,Entrepreneurship and Innovation,Second Semester,Undergraduate,6.0,In Person,2022
1122,MGMT8015,Entrepreneurship and Innovation,First Semester/Second Semester,Postgraduate,6.0,Online or In Person,2022
1123,ARTV2921,Environment Studio: field based research and studio practice in visual arts,First Semester/Second Semester,Undergraduate,6.0,In Person,2022
1124,ARTV6921,Environment Studio: field based research and studio practice in visual arts,First Semester/Second Semester,Postgraduate,6.0,In Person,2022
1125,PASI3013,Environment and Development in the Pacific,,Undergraduate,6.0,In Person,2022
1126,ENVS6101,Environment and Society: Geography of Sustainability,First Semester,Postgraduate,6.0,In Person,2022
1127,ENVS1001,Environment and Society: Geography of Sustainability,First Semester,Undergraduate,6.0,In Person,2022
1128,POLS3033,"Environment, Human Security, and Conflict",First Semester,Undergraduate,6.0,In Person,2022
1129,EMDV8103,Environmental Assessment,,Postgraduate,6.0,Online or In Person,2022
1130,ENGN3902,Environmental Chemistry and Systems,Second Semester,Undergraduate,6.0,In Person,2022
1131,LAWS8278,Environmental Dispute Resolution,,Postgraduate,6.0,Online or In Person,2022
1132,IDEC8053,Environmental Economics,Second Semester,Postgraduate,6.0,In Person,2022
1133,ENGN3901,Environmental Fluid Mechanics,First Semester,Undergraduate,6.0,In Person,2022
1134,EMDV8104,Environmental Governance,First Semester,Postgraduate,6.0,Online or In Person,2022
1135,LAWS4215,Environmental Law,Summer Session,Undergraduate,6.0,Online or In Person,2022
1136,LAWS8415,Environmental Law,,Postgraduate,6.0,In Person,2022
1137,LAWS4281,Environmental Law Clinic,First Semester/Second Semester,Undergraduate,6.0,In Person,2022
1138,LAWS6281,Environmental Law Clinic,First Semester/Second Semester,Postgraduate,6.0,In Person,2022
1139,MATH3133,Environmental Mathematics,Second Semester,Undergraduate,6.0,In Person,2022
1140,ENVS2002,"Environmental Measurement, Modelling and Monitoring",Spring Session,Undergraduate,6.0,In Person,2022
1141,ENVS6202,"Environmental Measurement, Modelling and Monitoring",Spring Session,Postgraduate,6.0,In Person,2022
1142,MATH6102,Environmental Modelling and Integrated Assessment,Second Semester,Postgraduate,6.0,In Person,2022
1143,ENVS6528,Environmental Policy,First Semester/Winter Session,Postgraduate,6.0,In Person,2022
1144,ENVS3028,Environmental Policy,First Semester,Undergraduate,6.0,In Person,2022
1145,ENVS2018,Environmental Science Field School,Winter Session,Undergraduate,6.0,In Person,2022
1146,ENVS6218,Environmental Science Field School,Winter Session,Postgraduate,6.0,In Person,2022
1147,ENGN3903,"Environmental Sensing, Mapping and Modelling",Second Semester,Undergraduate,6.0,In Person,2022
1148,SOCY2022,Environmental Sociology,First Semester,Undergraduate,6.0,In Person,2022
1149,SOCY6062,Environmental Sociology,First Semester,Postgraduate,6.0,In Person,2022
1150,LAWS8335,Equity and Contemporary Issues,,Postgraduate,6.0,Online or In Person,2022
1151,LAWS6205,Equity and Trusts,Second Semester,Postgraduate,6.0,Online or In Person,2022
1152,LAWS2205,Equity and Trusts,Second Semester,Undergraduate,6.0,Online or In Person,2022
1153,ENVS3015,Essentials of Environmental Law,,Undergraduate,6.0,Online or In Person,2022
1154,ENVS6315,Essentials of Environmental Law,,Postgraduate,6.0,Online or In Person,2022
1155,NSPO8008,Ethical Challenges for National Security,First Semester,Postgraduate,6.0,In Person,2022
1156,PSYC8512,Ethics and Professional Practice,First Semester,Postgraduate,6.0,In Person,2022
1157,NSPO8014,Ethics and Technologies of War,,Postgraduate,6.0,In Person,2022
1158,INTR8053,Ethics of Peace and War,,Postgraduate,6.0,In Person,2022
1159,INTR8040,Ethnicity and Conflict in Asia and the Pacific,,Postgraduate,6.0,In Person,2022
1160,POLS4020,Ethnicity and Conflict in Asia and the Pacific,,Undergraduate,6.0,In Person,2022
1161,LAWS8579,Ethno-Political Conflicts and International Law,,Postgraduate,6.0,In Person,2022
1162,HIST2205,"Europe and the Atlantic World, c.1492–1776.",,Undergraduate,6.0,In Person,2022
1163,HIST6205,"Europe and the Atlantic World, c.1492—1776.",,Postgraduate,6.0,In Person,2022
1164,EURO1004,Europe in the Modern Era,First Semester,Undergraduate,6.0,In Person,2022
1165,ARCH2058,European Prehistory from Cultivation to the Celts,,Undergraduate,6.0,In Person,2022
1166,ARCH6058,European Prehistory from Cultivation to the Celts,,Postgraduate,6.0,In Person,2022
1167,LAWS6207,Evidence,Second Semester,Postgraduate,6.0,Online or In Person,2022
1168,LAWS2207,Evidence,Second Semester,Undergraduate,6.0,Online or In Person,2022
1169,POGO8240,Evidence Based Thinking (EBT): Decision Making and Policy Development,Winter Session,Postgraduate,3.0,In Person,2022
1170,POGO8500,Evidence and Analysis in Public Policy,First Semester,Postgraduate,6.0,In Person,2022
1171,PSYC8520,Evidence in Professional Psychology,Second Semester,Postgraduate,6.0,In Person,2022
1172,MGMT8007,Evidence-Based Decision-Making and Practice in Organisations Capstone,First Semester,Postgraduate,6.0,In Person,2022
1173,MGMT7250,Evidence-Based Management,First Semester/Autumn Session/Second Semester,Postgraduate,6.0,Online or In Person,2022
1174,PASI8010,Evidence-based program design and implementation in the Pacific,Autumn Session,Postgraduate,6.0,Online or In Person,2022
1175,BIOL2114,Evolution,Second Semester,Undergraduate,6.0,In Person,2022
1176,BIOL6114,Evolution,Second Semester,Postgraduate,6.0,In Person,2022
1177,BIAN6124,Evolution and Human Behaviour,First Semester,Postgraduate,6.0,In Person,2022
1178,BIAN3124,Evolution and Human Behaviour,First Semester,Undergraduate,6.0,In Person,2022
1179,PHIL3079,Evolution and Human Nature,First Semester,Undergraduate,6.0,Online or In Person,2022
1180,BIOL3206,Evolution of Biodiversity,Second Semester,Undergraduate,6.0,In Person,2022
1181,BIOL6206,Evolution of Biodiversity,Second Semester,Postgraduate,6.0,In Person,2022
1182,INTR8046,Evolution of the International System,Second Semester,Postgraduate,6.0,In Person,2022
1183,GEND2036,Excessive Appetites: Sociocultural Perspectives on Addiction and Drug Use,,Undergraduate,6.0,In Person,2022
1184,SOCY2026,Excessive Appetites: Sociocultural Perspectives on Addiction and Drug Use,,Undergraduate,6.0,In Person,2022
1185,CBEA5922,ExchExchange Program ANU College of Business and Economics - Band 3,,Postgraduate,6.0,In Person,2022
1186,CBEA5920,Exchange Program ANU College of Business and Economics - Band 2,Second Semester,Postgraduate,6.0,In Person,2022
1187,CBEA8820,Exchange Program for  ANU College of Business and Economics (PG),,Postgraduate,6.0,In Person,2022
1188,ARTS5920,Exchange Program for Arts Students,First Semester/Second Semester,Undergraduate,6.0,In Person,2022
1189,ARTS8820,Exchange Program for Graduate Arts Students,First Semester/Second Semester,Postgraduate,6.0,In Person,2022
1190,SCNC8820,Exchange Program for Graduate Science Students,Summer Session/First Semester/Autumn Session/Winter Session/Second Semester/Spring Session,Postgraduate,6.0,In Person,2022
1191,COMP8820,Exchange Program for Graduate Students in Computer Science,First Semester/Second Semester,Postgraduate,6.0,In Person,2022
1192,ENGN8820,Exchange Program for Graduate Students in Engineering,,Postgraduate,6.0,In Person,2022
1193,LAWS5920,Exchange Program for Law Students,First Semester/Second Semester,Undergraduate,6.0,In Person,2022
1194,SCNC5921,Exchange Program for Science Students (Band 1),First Semester/Second Semester,Undergraduate,6.0,In Person,2022
1195,SCNC5920,Exchange Program for Science Students (Band 2),First Semester/Winter Session/Second Semester,Undergraduate,6.0,In Person,2022
1196,COMP5920,Exchange Program in Computer Science,First Semester/Winter Session/Second Semester/Spring Session,Undergraduate,6.0,In Person,2022
1197,ENGN5920,Exchange Program in Engineering,First Semester/Winter Session/Second Semester/Spring Session,Undergraduate,6.0,In Person,2022
1198,CBEA5921,Exchange – ANU College of Business and Economics _ Bachelor of Social Sciences (Honours),First Semester/Second Semester,Postgraduate,6.0,In Person,2022
1199,LAWS8241,Executive Power,,Postgraduate,6.0,Online or In Person,2022
1200,DESN4012,Exegesis,,Undergraduate,6.0,In Person,2022
1201,MUSC8018,Exhibition Design and Delivery,Second Semester,Postgraduate,6.0,In Person,2022
1202,ARTV1611,Expanded Studio Practice: Constructing Worlds,,Undergraduate,6.0,In Person,2022
1203,BIOL6202,Experimental Design and Analysis in Biology,Second Semester,Postgraduate,6.0,In Person,2022
1204,BIOL2202,Experimental Design and Analysis in Biology,Second Semester,Undergraduate,6.0,In Person,2022
1205,HIST6235,Exploration: Columbus to the Moon,,Postgraduate,6.0,In Person,2022
1206,HIST2231,Exploration: From Captain Cook to the Astronauts,First Semester,Undergraduate,6.0,Online or In Person,2022
1207,MEDN2222,Exquisite Corpse - Insight into the Human Body,Winter Session,Undergraduate,6.0,In Person,2022
1208,LAWS4217,Family Law,Winter Session,Undergraduate,6.0,Online or In Person,2022
1209,LAWS8417,Family Law,Winter Session,Postgraduate,6.0,In Person,2022
1210,LAWS4275,Federal Judicial System,,Undergraduate,6.0,In Person,2022
1211,LAWS4218,Feminist and Critical Legal Theory,,Undergraduate,6.0,Online or In Person,2022
1212,PHYS3060,Fibre Optic Communication Systems,First Semester,Undergraduate,6.0,In Person,2022
1213,PHYS6501,Fibre Optic Communication Systems,First Semester,Postgraduate,6.0,In Person,2022
1214,ENGN6513,Fibre Optics Communication Systems,First Semester,Postgraduate,6.0,In Person,2022
1215,ENGN4513,Fibre Optics Communications Systems,First Semester,Undergraduate,6.0,In Person,2022
1216,LING3012,Field Methods in Linguistics,Winter Session,Undergraduate,6.0,Online or In Person,2022
1217,LING6009,Field Methods in Linguistics,Winter Session,Postgraduate,6.0,Online or In Person,2022
1218,BIOL3132,Field Studies in Behavioural Ecology,,Undergraduate,6.0,In Person,2022
1219,BIOL6010,Field Studies in Behavioural Ecology,,Postgraduate,6.0,In Person,2022
1220,BIOL2203,Field Studies in Functional Ecology,Winter Session,Undergraduate,6.0,In Person,2022
1221,ANTH9902,Fieldwork in the Pacific,Winter Session,Postgraduate,6.0,Online or In Person,2022
1222,ARTV1020,Figure & Life,First Semester/Second Semester,Undergraduate,6.0,In Person,2022
1223,ARTV6020,Figure & Life,First Semester/Second Semester,Postgraduate,6.0,In Person,2022
1224,SCRN2003,Film and History: Hollywood and Beyond,Second Semester,Undergraduate,6.0,In Person,2022
1225,HONS4602,Final Honours Grade,Summer Session/First Semester/Second Semester/Spring Session,Undergraduate,0.0,In Person,2022
1226,HONS4601,Final Honours Grade,Summer Session/First Semester/Second Semester,Undergraduate,0.0,In Person,2022
1227,HONS4100,Final Honours Grade,Summer Session/First Semester/Second Semester,Undergraduate,0.0,In Person,2022
1228,FINM4500,Finance Honours Thesis,First Semester/Second Semester,Undergraduate,6.0,In Person,2022
1229,FINM7046,Finance for Business,First Semester,Postgraduate,6.0,In Person,2022
1230,ECON4437,Financial Economics,,Undergraduate,6.0,In Person,2022
1231,ECON8037,Financial Economics,Second Semester,Postgraduate,6.0,In Person,2022
1232,ECON3006,Financial Economics(P),,Undergraduate,6.0,In Person,2022
1233,FINM3006,Financial Intermediation and Debt Markets,First Semester,Undergraduate,6.0,In Person,2022
1234,IDEC8083,Financial Markets and Instruments,,Postgraduate,6.0,In Person,2022
1235,LAWS8437,Financial Markets and Takeovers,,Postgraduate,6.0,In Person,2022
1236,LAWS4237,Financial Markets and Takeovers,,Undergraduate,6.0,In Person,2022
1237,STAT2032,Financial Mathematics,First Semester/Second Semester,Undergraduate,6.0,In Person,2022
1238,STAT6046,Financial Mathematics,First Semester/Second Semester,Postgraduate,6.0,In Person,2022
1239,BUSN3008,Financial Reporting By Corporations,First Semester,Undergraduate,6.0,In Person,2022
1240,BUSN8181,Financial Reporting and Analysis,First Semester,Postgraduate,6.0,In Person,2022
1241,BUSN2036,Financial Statement Analysis,First Semester,Undergraduate,6.0,In Person,2022
1242,BUSN7036,Financial Statement Analysis,First Semester,Postgraduate,6.0,In Person,2022
1243,BUSN7008,Financial Statements and Reporting,First Semester/Second Semester,Postgraduate,6.0,In Person,2022
1244,ENGN4615,Finite Element Analysis,,Undergraduate,6.0,In Person,2022
1245,ENGN6615,Finite Element Analysis,,Postgraduate,6.0,In Person,2022
1246,ENVS3008,Fire in the Environment,Summer Session,Undergraduate,6.0,In Person,2022
1247,ENVS6308,Fire in the Environment,Summer Session,Postgraduate,6.0,In Person,2022
1248,ENVS6204,"Fire, Flood and Drought",First Semester,Postgraduate,6.0,In Person,2022
1249,ENVS2004,"Fire, Flood and Drought",First Semester,Undergraduate,6.0,In Person,2022
1250,INDG8004,First Nations Peoples and Public Policy in Australia,Autumn Session,Postgraduate,6.0,Online or In Person,2022
1251,INDG8005,First Nations Peoples and Public Policy in Australia (Advanced),Autumn Session,Postgraduate,12.0,Online or In Person,2022
1252,INDG3001,"First Nations Peoples, the State and Public Policy in Australia",Second Semester,Undergraduate,6.0,Online or In Person,2022
1253,INDG1002,"First Peoples' experiences and ways of being: resilience, agency, resurgence and rights",Second Semester,Undergraduate,6.0,In Person,2022
1254,ENGN4337,Flight Dynamics,,Undergraduate,6.0,In Person,2022
1255,ENGN3224,Fluid Mechanics and Heat Transfer,First Semester,Undergraduate,6.0,In Person,2022
1256,ENGN6224,Fluid Mechanics and Heat Transfer,First Semester,Postgraduate,6.0,In Person,2022
1257,PHYS3202,Fluids and Plasma,Second Semester,Undergraduate,6.0,In Person,2022
1258,EMDV8082,Food Wars: Food Security and Agricultural Policy,Second Semester,Postgraduate,6.0,Online or In Person,2022
1259,ANTH2132,Food for Thought: Anthropological Theories of Food and Eating,Second Semester,Undergraduate,6.0,In Person,2022
1260,ANTH6518,Food for Thought: Anthropological theories of food and eating,Second Semester,Postgraduate,6.0,In Person,2022
1261,POGO8015,Foreign Direct Investment Policy,Second Semester,Postgraduate,6.0,In Person,2022
1262,INTR8068,Foreign Policy Analysis,First Semester,Postgraduate,6.0,Online or In Person,2022
1263,POLS3001,Foreign Policy Analysis,First Semester,Undergraduate,6.0,In Person,2022
1264,BIAN6515,Forensic Anthropology and Archaeology,,Postgraduate,6.0,In Person,2022
1265,BIAN2128,Forensic Anthropology and Archaeology,,Undergraduate,6.0,In Person,2022
1266,LING3032,Forensic Linguistics: Forensic Voice and Text Comparison,,Undergraduate,6.0,Online or In Person,2022
1267,LING6032,Forensic Linguistics: Forensic Voice and Text Comparison,,Postgraduate,6.0,In Person,2022
1268,LING6105,Forensic Linguistics: Language and the Law,First Semester,Postgraduate,6.0,Online or In Person,2022
1269,LING2105,Forensic Linguistics: Language and the Law,First Semester,Undergraduate,6.0,Online or In Person,2022
1270,ENVS8105,Forestry Research Essay,First Semester/Second Semester,Postgraduate,6.0,In Person,2022
1271,CRWF9000,Fostering Public Policy Research,Summer Session,Postgraduate,0.0,In Person,2022
1272,POGO8401,Foundations in Public Policy,First Semester,Postgraduate,6.0,Online or In Person,2022
1273,ARTV1613,Foundations of Animation,,Undergraduate,6.0,In Person,2022
1274,ARTV6613,Foundations of Animation,,Postgraduate,6.0,In Person,2022
1275,ASTR2013,Foundations of Astrophysics,Second Semester,Undergraduate,6.0,In Person,2022
1276,LAWS1201,Foundations of Australian Law,First Semester/Second Semester,Undergraduate,6.0,Online or In Person,2022
1277,LAWS6101,Foundations of Australian Law,First Semester/Second Semester,Postgraduate,6.0,Online or In Person,2022
1278,ASIA2366,Foundations of Chinese Culture,,Undergraduate,6.0,Online or In Person,2022
1279,COMP6260,Foundations of Computing,Second Semester,Postgraduate,6.0,In Person,2022
1280,COMP1600,Foundations of Computing,Second Semester,Undergraduate,6.0,In Person,2022
1281,DESN2002,Foundations of Creative Code,First Semester,Undergraduate,6.0,In Person,2022
1282,DESN6002,Foundations of Creative Code,First Semester,Postgraduate,6.0,In Person,2022
1283,EMET1001,Foundations of Economic and Financial Models,First Semester/Second Semester,Undergraduate,6.0,In Person,2022
1284,FINM1001,Foundations of Finance,First Semester/Second Semester,Undergraduate,6.0,In Person,2022
1285,MATH6203,Foundations of Mathematics,First Semester,Postgraduate,6.0,In Person,2022
1286,CHEM2212,Foundations of Physical Chemistry,,Undergraduate,6.0,In Person,2022
1287,PHYS1001,Foundations of Physics,First Semester,Undergraduate,6.0,In Person,2022
1288,POLS2120,Foundations of Political Theory,,Undergraduate,6.0,In Person,2022
1289,PSYC8410,Foundations of Professional Psychology,First Semester,Postgraduate,6.0,In Person,2022
1290,SOCR1001,Foundations of Social Research,Second Semester,Undergraduate,6.0,In Person,2022
1291,LING8004,Foundations of the Study of Language,First Semester,Postgraduate,6.0,Online or In Person,2022
1292,MATH3062,Fractal Geometry and Chaotic Dynamics,First Semester,Undergraduate,6.0,In Person,2022
1293,MATH6116,Fractal Geometry and Chaotic Dynamics,First Semester,Postgraduate,6.0,In Person,2022
1294,CECS6001,Framing Questions about Cyber-physical Systems,First Semester,Postgraduate,6.0,In Person,2022
1295,COMP8440,Free and Open Source Software Development,,Postgraduate,6.0,In Person,2022
1296,LAWS8243,Freedom of Information and Privacy,,Postgraduate,6.0,Online or In Person,2022
1297,ASIA2113,From Australia to the world: Landscapes of politics and power,,Undergraduate,6.0,In Person,2022
1298,SCRN2108,From Colonialism to Cinéma-monde: Films of the French-speaking World,,Undergraduate,6.0,In Person,2022
1299,SCRN6108,From Colonialism to Cinéma-monde: Films of the French-speaking World,,Postgraduate,6.0,In Person,2022
1300,FREN3108,From Colonialism to Cinéma-monde: Films of the French-speaking World,,Undergraduate,6.0,In Person,2022
1301,ARCH6037,From Empire to Invasions: The Archaeology of Europe from the Romans to the Vikings,First Semester,Postgraduate,6.0,Online or In Person,2022
1302,ARCH2037,From Empire to Invasions: the Archaeology of Europe from the Romans to the Vikings,First Semester,Undergraduate,6.0,Online or In Person,2022
1303,ARCH1112,From Origins to Civilizations,Second Semester,Undergraduate,6.0,In Person,2022
1304,DESN2006,Front-End Web: Crafting Online Experience,Second Semester,Undergraduate,6.0,In Person,2022
1305,DESN6006,Front-End Web: Crafting Online Experience,Second Semester,Postgraduate,6.0,In Person,2022
1306,PHIL1004,Fundamental Ideas in Philosophy: An Introduction,First Semester,Undergraduate,6.0,In Person,2022
1307,EMSC6021,Fundamentals of Climate Science,Second Semester,Postgraduate,6.0,In Person,2022
1308,EMSC2021,Fundamentals of Climate Science,Second Semester,Undergraduate,6.0,In Person,2022
1309,LAWS8189,Fundamentals of Environmental and Sustainability Law,Summer Session,Postgraduate,6.0,Online or In Person,2022
1310,POPH4100,Fundamentals of Epidemiology,First Semester,Undergraduate,6.0,Online or In Person,2022
1311,POPH8100,Fundamentals of Epidemiology,First Semester,Postgraduate,6.0,Online or In Person,2022
1312,EMSC2023,Fundamentals of Geology,First Semester,Undergraduate,6.0,In Person,2022
1313,EMSC6123,Fundamentals of Geology,First Semester,Postgraduate,6.0,In Person,2022
1314,POGO8238,Fundamentals of Intergovernmental Management,,Postgraduate,3.0,In Person,2022
1315,PHYS6711,Fundamentals of Noise and Measurement,First Semester,Postgraduate,6.0,In Person,2022
1316,PHYS3711,Fundamentals of Noise and Measurement,First Semester,Undergraduate,6.0,In Person,2022
1317,PHYS8204,Fundamentals of Nuclear Radiation,First Semester,Postgraduate,6.0,In Person,2022
1318,PHYS8201,Fundamentals of Nuclear Science,First Semester,Postgraduate,6.0,In Person,2022
1319,REGN8021,Fundamentals of Quantitative Analysis for Regulators,Autumn Session,Postgraduate,3.0,In Person,2022
1320,ASIA4001,"Fundamentals of Research Design in Asia-Pacific Culture, History and Languages",First Semester,Undergraduate,12.0,In Person,2022
1321,STST4001,Fundamentals of Research Design in Security Studies,First Semester,Undergraduate,12.0,In Person,2022
1322,REGN9021,Fundamentals of quantitative analysis for regulators,Autumn Session,Postgraduate,3.0,In Person,2022
1323,ARTV2206,Furniture: Bend/Curve,,Undergraduate,6.0,In Person,2022
1324,ARTV2209,Furniture: Collect/Treasure,,Undergraduate,6.0,In Person,2022
1325,ARTV2208,Furniture: Contain/Display,,Undergraduate,6.0,In Person,2022
1326,ARTV1202,Furniture: Elevate/Surface,,Undergraduate,6.0,In Person,2022
1327,ARTV1201,Furniture: Shape/Structure,,Undergraduate,6.0,In Person,2022
1328,ARTV2207,Furniture: Support/Body,,Undergraduate,6.0,In Person,2022
1329,ENGN8625,"Future Energy Grids: Integrating Battery Storage, Electric Vehicles & Solar Energy",,Postgraduate,6.0,In Person,2022
1330,ENVS2015,GIS and Spatial Analysis,Second Semester,Undergraduate,6.0,In Person,2022
1331,ENVS6015,GIS and Spatial Analysis,Second Semester,Postgraduate,6.0,In Person,2022
1332,ASTR8006,Galaxies,First Semester,Postgraduate,6.0,In Person,2022
1333,ASTR4006,Galaxies,First Semester,Undergraduate,6.0,In Person,2022
1334,ASTR3002,Galaxies and Cosmology,Second Semester,Undergraduate,6.0,In Person,2022
1335,ASTR6002,Galaxies and Cosmology,Second Semester,Postgraduate,6.0,In Person,2022
1336,MEAS2006,Gallipoli: A transnational history,,Undergraduate,6.0,In Person,2022
1337,ECON3152,Game Theory,Second Semester,Undergraduate,6.0,In Person,2022
1338,ECON8053,Game Theory,Second Semester,Postgraduate,6.0,In Person,2022
1339,ECON4453,Game Theory,Second Semester,Undergraduate,6.0,In Person,2022
1340,POLS2125,Game Theory and Social Sciences,First Semester,Undergraduate,6.0,Online or In Person,2022
1341,MATH2301,"Games, Graphs and Machines",Second Semester,Undergraduate,6.0,In Person,2022
1342,INDG2003,Gamilaraay - introduction to an Australian Indigenous Language,First Semester,Undergraduate,6.0,Online or In Person,2022
1343,ANTH8038,Gender & Development: Critical Issues in Policy & Practice,Second Semester,Postgraduate,6.0,Online or In Person,2022
1344,ANTH8039,Gender & Development: Critical Issues in Policy & Practice (Advanced),Second Semester,Postgraduate,12.0,Online or In Person,2022
1345,POGO8230,Gender Analysis in Public Policy,Winter Session,Postgraduate,3.0,In Person,2022
1346,ASIA2311,Gender and Cultural Studies in Asia and the Pacific,Second Semester,Undergraduate,6.0,Online or In Person,2022
1347,GEND2001,Gender and Cultural Studies in Asia and the Pacific,Second Semester,Undergraduate,6.0,Online or In Person,2022
1348,MEAS2005,Gender and Culture In Iran and the Middle East,First Semester,Undergraduate,6.0,In Person,2022
1349,PASI8314,Gender and Leadership in the Pacific,,Postgraduate,3.0,Online or In Person,2022
1350,POLS2134,Gender and Politics,,Undergraduate,6.0,In Person,2022
1351,DEMO8048,Gender and Population,,Postgraduate,6.0,In Person,2022
1352,NSPO8040,Gender and Security,Spring Session,Postgraduate,3.0,In Person,2022
1353,PASI3002,Gender and Sexuality in the Pacific,Winter Session,Undergraduate,6.0,In Person,2022
1354,PASI8008,Gender and Sexuality in the Pacific,Winter Session,Postgraduate,6.0,In Person,2022
1355,GEND3002,Gender and Sexuality in the Pacific,Winter Session,Undergraduate,6.0,In Person,2022
1356,ANTH6025,Gender in Cross-Cultural Perspective,Second Semester,Postgraduate,6.0,In Person,2022
1357,ANTH2025,Gender in Cross-Cultural Perspective,Second Semester,Undergraduate,6.0,In Person,2022
1358,GEND2035,Gender in Cross-Cultural Perspective,Second Semester,Undergraduate,6.0,In Person,2022
1359,GEND2002,Gender in Korean History,,Undergraduate,6.0,Online or In Person,2022
1360,ASIA6106,Gender in Korean History,,Postgraduate,6.0,Online or In Person,2022
1361,ASIA2006,Gender in Korean History,,Undergraduate,6.0,Online or In Person,2022
1362,ANTH8060,Gender in Resource and Environmental Management,,Postgraduate,6.0,Online or In Person,2022
1363,LAWS8329,"Gender, Law and Development",Winter Session,Postgraduate,6.0,Online or In Person,2022
1364,GEND2023,"Gender, Sex and Sexuality: An Introduction to Feminist Theory",,Undergraduate,6.0,In Person,2022
1365,ANTH8106,"Gender, Violence and Development",Second Semester,Postgraduate,6.0,Online or In Person,2022
1366,INTR8064,"Gender, War, and Justice in South and Southeast Asia",,Postgraduate,6.0,In Person,2022
1367,BIOL2142,General Microbiology,Second Semester,Undergraduate,6.0,In Person,2022
1368,BIOL6142,General Microbiology,Second Semester,Postgraduate,6.0,In Person,2022
1369,PHYS3203,General Relativity,Second Semester,Undergraduate,6.0,In Person,2022
1370,PHYS6203,General Relativity,Second Semester,Postgraduate,6.0,In Person,2022
1371,STAT3015,Generalised Linear Models,Second Semester,Undergraduate,6.0,In Person,2022
1372,STAT4030,Generalised Linear Models,Second Semester,Undergraduate,6.0,In Person,2022
1373,STAT7030,Generalised Linear Models,Summer Session/Second Semester,Postgraduate,6.0,In Person,2022
1374,BIOL2161,Genes: Replication and Expression,First Semester,Undergraduate,6.0,In Person,2022
1375,BIOL6161,Genes: Replication and Expression,First Semester,Postgraduate,6.0,In Person,2022
1376,BIOL2151,Genetics,First Semester,Undergraduate,6.0,In Person,2022
1377,BIOL6006,Genetics,First Semester,Postgraduate,6.0,In Person,2022
1378,BIOL6204,Genetics of Human Disease 1,First Semester,Postgraduate,6.0,In Person,2022
1379,BIOL3204,Genetics of Human Disease 1,First Semester,Undergraduate,6.0,In Person,2022
1380,BIOL3205,Genetics of Human Disease 2,Second Semester,Undergraduate,6.0,In Person,2022
1381,BIOL6205,Genetics of Human Disease 2,Second Semester,Postgraduate,6.0,In Person,2022
1382,POLS2100,Genocide in the Modern World,First Semester,Undergraduate,6.0,In Person,2022
1383,BIOL3161,Genomics and its Applications,First Semester,Undergraduate,6.0,In Person,2022
1384,BIOL6163,Genomics and its Applications,First Semester,Postgraduate,6.0,In Person,2022
1385,EMSC3020,Geobiology and Evolution of Life on Earth,First Semester,Undergraduate,6.0,In Person,2022
1386,EMSC6019,Geobiology and Evolution of Life on Earth,First Semester,Postgraduate,6.0,In Person,2022
1387,EMSC2024,Geochemical Cycles,Second Semester,Undergraduate,6.0,In Person,2022
1388,EMSC6124,Geochemical Cycles,Second Semester,Postgraduate,6.0,In Person,2022
1389,NSPO8032,Geoeconomics and National Security,First Semester,Postgraduate,6.0,Online or In Person,2022
1390,MEAS4114,Geopolitics of Central Asia,,Undergraduate,6.0,In Person,2022
1391,MEAS8114,Geopolitics of Central Asia,,Postgraduate,6.0,In Person,2022
1392,GERM2114,German Cultural Studies,Second Semester,Undergraduate,6.0,In Person,2022
1393,GERM3114,German Cultural Studies Advanced,Second Semester,Undergraduate,6.0,In Person,2022
1394,GERM2113,"German Film Since the Wall: Identity, History and Belonging",,Undergraduate,6.0,In Person,2022
1395,SCRN6113,"German Film Since the Wall: Identity, History and Belonging",,Postgraduate,6.0,In Person,2022
1396,SCRN2113,"German Film Since the Wall: Identity, History and Belonging",,Undergraduate,6.0,In Person,2022
1397,GERM3051,German Literature and Culture,First Semester,Undergraduate,6.0,In Person,2022
1398,GERM3007,German Studies: Advanced German 1,First Semester,Undergraduate,6.0,In Person,2022
1399,GERM3008,German Studies: Advanced German 2,Second Semester,Undergraduate,6.0,In Person,2022
1400,GERM2103,German Studies: Continuing German 1,First Semester,Undergraduate,6.0,Online or In Person,2022
1401,GERM2104,German Studies: Continuing German 2,Second Semester,Undergraduate,6.0,In Person,2022
1402,GERM2105,German Studies: Intermediate German 1,First Semester,Undergraduate,6.0,Online or In Person,2022
1403,GERM3106,German Studies: Intermediate German 2,Second Semester,Undergraduate,6.0,In Person,2022
1404,GERM1021,German Studies: Introduction to German 1,First Semester,Undergraduate,6.0,In Person,2022
1405,GERM1022,German Studies: Introduction to German 2,Second Semester,Undergraduate,6.0,In Person,2022
1406,ARTV2314,Glass Blowing for Contemporary Practice: Materiality and Form,Second Semester,Undergraduate,6.0,In Person,2022
1407,ARTV2316,Glass Blowing for Contemporary Practice: Utility and Narrative,,Undergraduate,6.0,In Person,2022
1408,ARTV1301,Glass Hot Forming Introduction: Fundamentals for Contemporary Practice,First Semester,Undergraduate,6.0,In Person,2022
1409,ARTV2313,Glass Kiln Casting for Contemporary Practice,,Undergraduate,6.0,In Person,2022
1410,ARTV1302,Glass Kiln Forming Introduction: Fundamentals for Contemporary Practice,Second Semester,Undergraduate,6.0,In Person,2022
1411,ARTV2315,Glass Kiln Forming for Contemporary Practice,First Semester,Undergraduate,6.0,In Person,2022
1412,CBEA3066,Global Business Immersion,,Undergraduate,6.0,In Person,2022
1413,REGN8054,Global Business Regulation,Autumn Session,Postgraduate,3.0,Online or In Person,2022
1414,ANTH6003,"Global Citizen: Culture, Development and Inequality",Second Semester,Postgraduate,6.0,In Person,2022
1415,ANTH1003,"Global Citizen: Culture, Development and Inequality",Second Semester,Undergraduate,6.0,In Person,2022
1416,INTR8080,Global Ethics,First Semester,Postgraduate,6.0,Online or In Person,2022
1417,SCNC1002,Global Experiences in Science,Summer Session/Winter Session/Spring Session,Undergraduate,6.0,In Person,2022
1418,INTR8045,Global Governance,Second Semester,Postgraduate,6.0,In Person,2022
1419,BAPA3002,Global Governance in the Asia-Pacific,Spring Session,Undergraduate,6.0,In Person,2022
1420,INTR3002,Global Governance in the Asia-Pacific,Second Semester,Undergraduate,6.0,In Person,2022
1421,LAWS8582,Global Health Law,,Postgraduate,6.0,Online or In Person,2022
1422,CHMD8006,Global Health and Development,First Semester,Postgraduate,6.0,Online or In Person,2022
1423,PHIL2113,Global Justice,,Undergraduate,6.0,In Person,2022
1424,ASIA2097,Global Learning,,Undergraduate,6.0,In Person,2022
1425,LAWS4303,Global Learning,,Undergraduate,6.0,In Person,2022
1426,ASIA8097,Global Learning,First Semester,Postgraduate,6.0,In Person,2022
1427,MKTG7035,Global Marketing,Second Semester,Postgraduate,6.0,In Person,2022
1428,FREN3012,"Global Paris: Culture, History and Identity in the French Capital",,Undergraduate,6.0,In Person,2022
1429,POPH8102,Global Population Health,Second Semester,Postgraduate,6.0,Online or In Person,2022
1430,HUMN2021,Global Rome: Culture and Identity in the Italian Capital,,Undergraduate,6.0,In Person,2022
1431,ITAL3021,Global Rome: Culture and Identity in the Italian Capital,,Undergraduate,6.0,In Person,2022
1432,INTR8032,Global Security,First Semester,Postgraduate,6.0,In Person,2022
1433,ASIA5925,Global Semester,First Semester/Second Semester,Undergraduate,6.0,In Person,2022
1434,POGO8044,Global Social Policy,,Postgraduate,6.0,In Person,2022
1435,HUMN6004,"Global Vietnam: Gender, Labour and Migration",,Postgraduate,6.0,In Person,2022
1436,HUMN2004,"Global Vietnam: Gender, Labour and Migration",,Undergraduate,6.0,In Person,2022
1437,ANTH8107,Global governance and the role of Multilateral Development Banks,Second Semester,Postgraduate,6.0,Online or In Person,2022
1438,DEMO1001,Global population challenges,First Semester,Undergraduate,6.0,In Person,2022
1439,POLS3037,"Globalisation: Communications, Culture and Democracy",,Undergraduate,6.0,In Person,2022
1440,POLS4032,Globalisation: the Interaction of Economics and Politics,,Undergraduate,6.0,In Person,2022
1441,POLS8032,Globalisation: the Interaction of Economics and Politics,,Postgraduate,6.0,In Person,2022
1442,SOCY2010,"Going Public: Sex, Sexuality and Feminism",,Undergraduate,6.0,In Person,2022
1443,GEND6034,"Going Public: Sex, Sexuality and Feminism",Second Semester,Postgraduate,6.0,In Person,2022
1444,GEND2034,"Going Public: Sex, Sexuality and Feminism",Second Semester,Undergraduate,6.0,In Person,2022
1445,REGN8002,Governance and Social Theory,Autumn Session,Postgraduate,6.0,Online or In Person,2022
1446,REGN9053,Governance and Social Theory,Autumn Session,Postgraduate,6.0,In Person,2022
1447,POGO8504,Governing Contemporary Public Policy,,Postgraduate,6.0,In Person,2022
1448,POGO8066,Governing by the Rules,Summer Session,Postgraduate,6.0,In Person,2022
1449,POGO8212,Governing the Energy Transition,Second Semester,Postgraduate,6.0,Online or In Person,2022
1450,LAWS8220,Government Contracts,,Postgraduate,6.0,Online or In Person,2022
1451,MGMT7067,Government Decision Making and Indigenous Communities in Contemporary Society,Summer Session,Postgraduate,6.0,Online or In Person,2022
1452,POGO8064,Government in a Market Economy,Autumn Session,Postgraduate,6.0,In Person,2022
1453,CRWF8000,"Government, Markets and Global Change",First Semester,Postgraduate,6.0,In Person,2022
1454,CRWF7900,Graduate Academic and Research Skills for Public Policy,Summer Session/Winter Session,Postgraduate,0.0,In Person,2022
1455,MUSI8005,"Graduate Composition, Arranging, and Sound Design 2",First Semester,Postgraduate,12.0,In Person,2022
1456,MUSI8006,"Graduate Composition, Arranging, and Sound Design 3",First Semester/Second Semester,Postgraduate,12.0,In Person,2022
1457,EMET4316,Graduate Computational Economics,,Undergraduate,6.0,In Person,2022
1458,EMET8016,Graduate Computational Economics,,Postgraduate,6.0,In Person,2022
1459,IDEC7904,Graduate Preparatory Econometrics,Winter Session,Postgraduate,0.0,In Person,2022
1460,POGO7901,"Graduate Preparatory Economic, Social and Political Analysis",Summer Session/Winter Session,Postgraduate,0.0,In Person,2022
1461,EMDV7902,Graduate Preparatory Environmental Economics,Summer Session/Winter Session,Postgraduate,0.0,In Person,2022
1462,EMDV7901,Graduate Preparatory Environmental Science,Summer Session/Winter Session,Postgraduate,0.0,In Person,2022
1463,IDEC7903,Graduate Preparatory Macroeconomics,Winter Session,Postgraduate,0.0,In Person,2022
1464,IDEC7902,Graduate Preparatory Mathematical Methods,Summer Session,Postgraduate,0.0,In Person,2022
1465,IDEC7901,Graduate Preparatory Microeconomics,Summer Session,Postgraduate,0.0,In Person,2022
1466,ANTH8001,Graduate Reading Course (Anthropology),First Semester/Second Semester,Postgraduate,6.0,Online or In Person,2022
1467,LING8001,Graduate Reading Course (Linguistics),First Semester/Second Semester,Postgraduate,6.0,Online or In Person,2022
1468,CLAS8002,Graduate Reading Course A,,Postgraduate,6.0,In Person,2022
1469,ARCH8038,Graduate Reading Course in Archaeological Science,Summer Session/First Semester/Autumn Session/Winter Session/Second Semester/Spring Session,Postgraduate,6.0,Online or In Person,2022
1470,LAWS8301,Graduate Research Unit,First Semester/Second Semester,Postgraduate,12.0,Online or In Person,2022
1471,LING6003,Grammar of the World's Languages,Second Semester,Postgraduate,6.0,In Person,2022
1472,LING2003,Grammar of the World's Languages,Second Semester,Undergraduate,6.0,In Person,2022
1473,STAT7026,Graphical Data Analysis,Autumn Session/Second Semester,Postgraduate,6.0,In Person,2022
1474,STAT3011,Graphical Data Analysis,Second Semester,Undergraduate,6.0,In Person,2022
1475,STAT4026,Graphical Data Analysis,Second Semester,Undergraduate,6.0,In Person,2022
1476,ENGL2222,"Great Writers: Gender, Authorship and History",,Undergraduate,6.0,In Person,2022
1477,ENGL6222,"Great Writers: Gender, Authorship and History",,Postgraduate,6.0,In Person,2022
1478,ENGN4547,Grid Integration of Renewable and Storage Technologies,Second Semester,Undergraduate,6.0,In Person,2022
1479,EMSC6025,Groundwater,Second Semester,Postgraduate,6.0,In Person,2022
1480,EMSC3025,Groundwater,Second Semester,Undergraduate,6.0,In Person,2022
1481,ENGN8170,Group Project,First Semester/Second Semester,Postgraduate,12.0,In Person,2022
1482,VCPG6100,Group Research and Innovation Project (GRIP),First Semester,Postgraduate,6.0,In Person,2022
1483,VCUG3100,Group Research and Innovation Project (GRIP),First Semester/Second Semester,Undergraduate,6.0,In Person,2022
1484,BIOL6108,Hallmarks of Cancer,Second Semester,Postgraduate,6.0,In Person,2022
1485,BIOL3108,Hallmarks of Cancer,Second Semester,Undergraduate,6.0,In Person,2022
1486,ARTV2057,Hands On: Material Language,,Undergraduate,6.0,Online or In Person,2022
1487,ARTV6057,Hands On: Material Language,,Postgraduate,6.0,Online or In Person,2022
1488,DIPL8010,Harnessing Diplomacy for International Development,Second Semester,Postgraduate,6.0,In Person,2022
1489,ECON3004,Health Economics,Second Semester,Undergraduate,6.0,In Person,2022
1490,ECON6039,Health Economics,Second Semester,Postgraduate,6.0,In Person,2022
1491,LAWS8237,Health Law and Bioethics,,Postgraduate,6.0,In Person,2022
1492,LAWS4219,"Health Law, Bioethics and Human Rights",,Undergraduate,6.0,In Person,2022
1493,SCOM3033,Health Promotion Principles and Practice,Second Semester,Undergraduate,6.0,In Person,2022
1494,POPH6115,Health Promotion and Protection,Second Semester,Postgraduate,6.0,Online or In Person,2022
1495,PSYC3020,Health Psychology,Second Semester,Undergraduate,6.0,In Person,2022
1496,HLTH2001,Health Systems and Policy: An Introduction,First Semester,Undergraduate,6.0,In Person,2022
1497,BIOL8021,Health and Disease in a Changing World,First Semester,Postgraduate,6.0,Online,2022
1498,HLTH4001,Health and Medicine Honours,First Semester/Second Semester,Undergraduate,6.0,In Person,2022
1499,HLTH1001,Health in the 21st Century,First Semester,Undergraduate,6.0,In Person,2022
1500,LAWS4290,High Court of Australia,,Undergraduate,6.0,Online or In Person,2022
1501,ASTR4003,High Energy Astrophysics,,Undergraduate,6.0,In Person,2022
1502,ASTR8003,High Energy Astrophysics,,Postgraduate,6.0,In Person,2022
1503,COMP3320,High Performance Scientific Computation,Second Semester,Undergraduate,6.0,In Person,2022
1504,COMP6464,High Performance Scientific Computing,Second Semester,Postgraduate,6.0,In Person,2022
1505,MGMT7061,High Performance Teams,First Semester,Postgraduate,6.0,In Person,2022
1506,HIND1100,Hindi 1,First Semester,Undergraduate,6.0,Online or In Person,2022
1507,HIND1200,Hindi 2,Second Semester,Undergraduate,6.0,Online or In Person,2022
1508,HIND2300,Hindi 3,First Semester,Undergraduate,6.0,Online or In Person,2022
1509,HIND2400,Hindi 4,Second Semester,Undergraduate,6.0,Online or In Person,2022
1510,HIND3500,Hindi 5,First Semester,Undergraduate,6.0,Online or In Person,2022
1511,HIND3600,Hindi 6,Second Semester,Undergraduate,6.0,Online or In Person,2022
1512,HIST8023,"History Incorporated: Early Modern Bodies, 1550-1750",,Postgraduate,6.0,Online or In Person,2022
1513,NSPO8028,History for Policymakers,First Semester,Postgraduate,6.0,In Person,2022
1514,ANTH4011,History of Anthropological Theory Extended,Autumn Session,Undergraduate,12.0,In Person,2022
1515,ANTH8035,History of Anthropological Theory Extended,,Postgraduate,12.0,In Person,2022
1516,ARCH3026,History of Archaeology: Discovering the Past,Second Semester,Undergraduate,6.0,In Person,2022
1517,ASIA2307,History of Empire in Asia,Winter Session,Undergraduate,6.0,Online or In Person,2022
1518,ASIA2017,History of International Relations in Northeast Asia,First Semester,Undergraduate,6.0,Online or In Person,2022
1519,ASIA6037,History of Modern China,First Semester,Postgraduate,6.0,Online or In Person,2022
1520,ASIA2037,History of Modern China,First Semester,Undergraduate,6.0,Online or In Person,2022
1521,SPAN2603,History of the Spanish language. A linguistic time travel,,Undergraduate,6.0,In Person,2022
1522,ASIA3030,History of the State System in Southeast Asia,First Semester,Undergraduate,6.0,Online or In Person,2022
1523,ASIA6030,History of the State System in Southeast Asia,First Semester,Postgraduate,6.0,Online or In Person,2022
1524,ARTV1033,Hold Everything: Studio Foundation,,Undergraduate,6.0,Online or In Person,2022
1525,STST3003,Honeypots and Overcoats: Australian Intelligence in the World,First Semester,Undergraduate,6.0,In Person,2022
1526,PHYS4110,Honours Research Project,First Semester/Second Semester,Undergraduate,6.0,In Person,2022
1527,ENVS4001,Honours Research Skills,First Semester/Second Semester,Undergraduate,6.0,In Person,2022
1528,ENVS4000,Honours Thesis,First Semester/Second Semester,Undergraduate,6.0,In Person,2022
1529,NSPO8047,How Canberra works: a guide for security policymakers,Autumn Session,Postgraduate,3.0,In Person,2022
1530,PASI8301,How Papua New Guinea Works,,Postgraduate,3.0,Online or In Person,2022
1531,HIST2233,How the Camera Changed History: A century of photography and cinema,,Undergraduate,6.0,In Person,2022
1532,HIST6233,How the Camera Changed History: A century of photography and cinema,,Postgraduate,6.0,Online or In Person,2022
1533,MEDN3186,Human Anatomy,,Undergraduate,6.0,In Person,2022
1534,BIOL1008,Human Biology,First Semester,Undergraduate,6.0,In Person,2022
1535,ENVS2011,Human Ecology,First Semester,Undergraduate,6.0,In Person,2022
1536,ENVS6020,Human Ecology,First Semester,Postgraduate,6.0,In Person,2022
1537,BIAN3113,Human Evolution,First Semester,Undergraduate,6.0,In Person,2022
1538,BIAN6013,Human Evolution,First Semester,Postgraduate,6.0,In Person,2022
1539,POPH8318,"Human Health, Environment and Climate Change",First Semester,Postgraduate,6.0,Online or In Person,2022
1540,ASIA2301,Human Migration and Expansion in the Rise of the Asia-Pacific,First Semester,Undergraduate,6.0,Online or In Person,2022
1541,SOCR8015,Human Research Ethics & Integrity: Principles & Practice,,Postgraduate,6.0,In Person,2022
1542,MGMT2030,Human Resource Management and Strategy,First Semester,Undergraduate,6.0,In Person,2022
1543,POLS2113,Human Rights,Winter Session,Undergraduate,6.0,In Person,2022
1544,LAWS4220,Human Rights Law in Australia,,Undergraduate,6.0,Online or In Person,2022
1545,LAWS8420,Human Rights Law in Australia,,Postgraduate,6.0,In Person,2022
1546,POLS4036,Human Rights and Human Responsibility,,Undergraduate,6.0,In Person,2022
1547,ASIA2081,Human Rights in Asia,,Undergraduate,6.0,In Person,2022
1548,HIST2238,Human Rights in History,,Undergraduate,6.0,In Person,2022
1549,INTR8073,Human Security,,Postgraduate,6.0,In Person,2022
1550,INTR2047,"Human Security: Conflict, Displacement and Peace Building",First Semester,Undergraduate,6.0,Online or In Person,2022
1551,BIAN2015,Human Skeletal Analysis,First Semester,Undergraduate,6.0,In Person,2022
1552,BIAN6517,Human Skeletal Analysis,First Semester,Postgraduate,6.0,In Person,2022
1553,COMP3900,Human-Computer Interaction,Second Semester,Undergraduate,6.0,In Person,2022
1554,COMP6390,Human-Computer Interaction,Second Semester,Postgraduate,6.0,In Person,2022
1555,INTR8062,Humanitarianism in World Politics,,Postgraduate,6.0,In Person,2022
1556,BAPA3001,"Humanitarianism: Principles, Politics and Practice",Autumn Session,Undergraduate,6.0,Online or In Person,2022
1557,INTR3001,"Humanitarianism: Principles, Politics and Practice",Second Semester,Undergraduate,6.0,In Person,2022
1558,PHYS3010,Hydrogen Economy,,Undergraduate,6.0,In Person,2022
1559,PHYS6010,Hydrogen Economy,,Postgraduate,6.0,In Person,2022
1560,ARTV6601,Hyperanalogue: the alchemy of darkroom photography,First Semester,Postgraduate,6.0,In Person,2022
1561,ARTV1601,Hyperanalogue: the alchemy of darkroom photography,First Semester,Undergraduate,6.0,In Person,2022
1562,COMP7310,ICT Sustainability,,Postgraduate,6.0,In Person,2022
1563,MEDI3004,IMU Clinical Experience Bridging Course,Summer Session,Undergraduate,3.0,In Person,2022
1564,POLS2119,Ideas in Politics,First Semester,Undergraduate,6.0,In Person,2022
1565,SOCY2163,"Identity, Difference and Racism",,Undergraduate,6.0,In Person,2022
1566,ARTV1021,Image and Object,Second Semester,Undergraduate,6.0,In Person,2022
1567,ENGL2111,Imaginary Journeys: Writing Travel in Australian Literature and Film,Summer Session,Undergraduate,6.0,In Person,2022
1568,ENGL6111,Imaginary Journeys: Writing Travel in Australian Literature and Film,Summer Session,Postgraduate,6.0,In Person,2022
1569,SOCY2053,Imagining the Future: A Sociology of Utopias,,Undergraduate,6.0,In Person,2022
1570,ARTV2059,Immersive Media,Second Semester,Undergraduate,6.0,In Person,2022
1571,ARTV6059,Immersive Media,Second Semester,Postgraduate,6.0,In Person,2022
1572,ANCH3504,"Imperialism, Conquest and Colonisation in the Ancient Mediterranean World",Second Semester,Undergraduate,6.0,In Person,2022
1573,PASI8316,Inclusive Research Methodologies for Pacific Development,Spring Session,Postgraduate,3.0,Online or In Person,2022
1574,LAWS4221,Income Tax,Second Semester,Undergraduate,6.0,Online or In Person,2022
1575,LAWS8421,Income Tax,Winter Session,Postgraduate,6.0,Online or In Person,2022
1576,INDG3004,Independent Research Project in Australian Indigenous Studies,First Semester/Autumn Session/Second Semester,Undergraduate,6.0,In Person,2022
1577,ASIA6270,India Past and Present: The impact of pre-colonial history on India today,,Postgraduate,6.0,Online or In Person,2022
1578,ASIA2270,India Past and Present: The impact of pre-colonial history on India today,,Undergraduate,6.0,Online or In Person,2022
1579,ASIA6176,India's Culture Wars,,Postgraduate,6.0,Online or In Person,2022
1580,INTR2014,Indian Foreign and Security Policy,,Undergraduate,6.0,In Person,2022
1581,ASIA2116,India’s Culture Wars,,Undergraduate,6.0,Online or In Person,2022
1582,MUSC8006,Indigenous Collections and Exhibitions,Spring Session,Postgraduate,6.0,In Person,2022
1583,LAWS4278,Indigenous Community Legal Clinic,,Undergraduate,6.0,In Person,2022
1584,LAWS6278,Indigenous Community Legal Clinic,,Postgraduate,6.0,In Person,2022
1585,INDG2001,Indigenous Cultural and Natural Resource Management,First Semester,Undergraduate,6.0,In Person,2022
1586,ENVS2025,Indigenous Cultural and Natural Resource Management,First Semester,Undergraduate,6.0,In Person,2022
1587,HUMN8039,Indigenous Heritage Management and Debates in Digital Heritage,,Postgraduate,6.0,In Person,2022
1588,CHMD8021,"Indigenous Medicines, Health and Healing",First Semester,Postgraduate,6.0,Online or In Person,2022
1589,INDG8002,Indigenous Peoples and Development in Australia (Extended),Second Semester,Postgraduate,12.0,Online or In Person,2022
1590,INDG8001,Indigenous Peoples and Development in Australia: principles and practices for Indigenous-led change,Second Semester,Postgraduate,6.0,Online or In Person,2022
1591,LAWS4238,Indigenous Peoples and Law,Second Semester,Undergraduate,6.0,Online or In Person,2022
1592,LAWS8438,Indigenous Peoples and the Law,,Postgraduate,6.0,In Person,2022
1593,INDG3006,"Indigenous Research: Practice, Collaboration and Ethics",Second Semester,Undergraduate,6.0,In Person,2022
1594,ANTH3017,"Indigenous Worlds: Challenges of Emergence, Recognition, and Change",,Undergraduate,6.0,In Person,2022
1595,HIST2142,"Indigenous memory and history: On page, stage and screen",,Undergraduate,6.0,Online or In Person,2022
1596,COMP8755,Individual Computing Project,First Semester/Second Semester,Postgraduate,6.0,In Person,2022
1597,ENGN4200,Individual Project,First Semester/Second Semester,Undergraduate,6.0,In Person,2022
1598,ENGN4350,Individual Project,First Semester/Second Semester,Undergraduate,12.0,In Person,2022
1599,COMP3770,Individual Research Project,First Semester/Second Semester,Undergraduate,6.0,In Person,2022
1600,ARTH2166,Individual Research Unit,First Semester/Second Semester,Undergraduate,6.0,In Person,2022
1601,ANTH6065,Indonesia Field School : Contemporary Change in Indonesia,,Postgraduate,6.0,In Person,2022
1602,ANTH6066,Indonesia Field School Extension,,Postgraduate,6.0,In Person,2022
1603,ANTH3016,Indonesia Field School Extension,,Undergraduate,6.0,Online or In Person,2022
1604,ANTH3014,Indonesia Field School: Contemporary Change in Indonesia,,Undergraduate,6.0,In Person,2022
1605,ASIA3035,"Indonesia in the Malay World: Culture, Media and Everyday Life",First Semester,Undergraduate,6.0,Online or In Person,2022
1606,ASIA2516,"Indonesia: Politics, Society and Development",Second Semester,Undergraduate,6.0,In Person,2022
1607,ASIA6516,"Indonesia:Politics, Society and Development",Second Semester,Postgraduate,6.0,In Person,2022
1608,INDN1002,Indonesian 1,First Semester,Undergraduate,6.0,Online or In Person,2022
1609,INDN1003,Indonesian 2,Second Semester,Undergraduate,6.0,Online or In Person,2022
1610,INDN2002,Indonesian 3,First Semester,Undergraduate,6.0,Online or In Person,2022
1611,INDN2003,Indonesian 4,Second Semester,Undergraduate,6.0,Online or In Person,2022
1612,INDN3002,Indonesian 5,First Semester,Undergraduate,6.0,Online or In Person,2022
1613,INDN3003,Indonesian 6,Second Semester,Undergraduate,6.0,Online or In Person,2022
1614,ASIA2111,Indonesian Foreign and Security Policy,First Semester,Undergraduate,6.0,Online or In Person,2022
1615,LING3104,Indonesian and Interdisciplinary Linguistics (L),First Semester,Undergraduate,6.0,Online or In Person,2022
1616,ENGN8833,Industrial Energy Efficiency and Decarbonisation,First Semester,Postgraduate,6.0,In Person,2022
1617,COMP4800,Industrial Experience,First Semester/Second Semester,Undergraduate,0.0,In Person,2022
1618,ECON4438,Industrial Organisation,First Semester,Undergraduate,6.0,In Person,2022
1619,ECON3057,Industrial Organisation,First Semester,Undergraduate,6.0,In Person,2022
1620,ECON8038,Industrial Organisation,First Semester,Postgraduate,6.0,In Person,2022
1621,PSYC3028,Industrial and Organisational Psychology,Second Semester,Undergraduate,6.0,In Person,2022
1622,INFS8202,Industry Research Project,First Semester/Second Semester,Postgraduate,6.0,In Person,2022
1623,BIOL6141,Infection and Immunity,First Semester,Postgraduate,6.0,In Person,2022
1624,BIOL3141,Infection and Immunity,First Semester,Undergraduate,6.0,In Person,2022
1625,LAWS4283,Information Law,,Undergraduate,6.0,Online or In Person,2022
1626,INFS2024,Information Systems Analysis,First Semester,Undergraduate,6.0,In Person,2022
1627,INFS3024,Information Systems Management,First Semester,Undergraduate,6.0,In Person,2022
1628,INFT4005F,Information Technology IV Honours(S),,Undergraduate,12.0,In Person,2022
1629,INFT4005P,Information Technology IV Honours(S),,Undergraduate,12.0,In Person,2022
1630,LAWS4245,Information Technology Law,First Semester,Undergraduate,6.0,Online or In Person,2022
1631,LAWS8445,Information Technology Law,First Semester,Postgraduate,6.0,Online or In Person,2022
1632,COMP6261,Information Theory,Second Semester,Postgraduate,6.0,In Person,2022
1633,ENGN8534,Information Theory,,Postgraduate,6.0,In Person,2022
1634,COMP2610,Information Theory,Second Semester,Undergraduate,6.0,In Person,2022
1635,ENGN4903,Infrastructure System Design,,Undergraduate,6.0,In Person,2022
1636,MGMT7165,Innovation,Summer Session/First Semester,Postgraduate,6.0,In Person,2022
1637,STST8027,Insurgency & Counterinsurgency in Modern Warfare,,Postgraduate,6.0,In Person,2022
1638,ENGN8831,Integration of Renewable Energy into Power Systems and Microgrids,First Semester,Postgraduate,6.0,In Person,2022
1639,LAWS4222,Intellectual Property,Summer Session,Undergraduate,6.0,Online or In Person,2022
1640,LAWS8422,Intellectual Property,,Postgraduate,6.0,In Person,2022
1641,STST8021,Intelligence and Security,,Postgraduate,6.0,In Person,2022
1642,INFS7007,"Intelligent Business Analysis: Models, Processes and Techniques",Second Semester,Postgraduate,6.0,In Person,2022
1643,HUMN9001,"Interdisciplinary Humanities Research: Methods, Theories and Skills",Autumn Session,Postgraduate,6.0,In Person,2022
1644,HUMN9002,"Interdisciplinary Research: Frameworks, Connections and Dissemination",,Postgraduate,6.0,In Person,2022
1645,POLS8046,"Interest Groups, Advocacy and Public Policy",,Postgraduate,6.0,In Person,2022
1646,GREK2121,Intermediate Ancient Greek I,First Semester,Undergraduate,6.0,In Person,2022
1647,GREK2122,Intermediate Ancient Greek II,Second Semester,Undergraduate,6.0,In Person,2022
1648,ARAB2011,Intermediate Arabic 1,First Semester,Undergraduate,6.0,Online or In Person,2022
1649,ARAB2012,Intermediate Arabic 2,Second Semester,Undergraduate,6.0,Online or In Person,2022
1650,FREN3006,Intermediate French I,First Semester,Undergraduate,6.0,In Person,2022
1651,FREN3007,Intermediate French II,Second Semester,Undergraduate,6.0,In Person,2022
1652,LATN2121,Intermediate Latin I,First Semester,Undergraduate,6.0,In Person,2022
1653,LATN2122,Intermediate Latin II,,Undergraduate,6.0,In Person,2022
1654,PERS2003,Intermediate Persian A,First Semester,Undergraduate,6.0,Online,2022
1655,PERS2004,Intermediate Persian B,Second Semester,Undergraduate,6.0,Online,2022
1656,POLS4048,Intermediate Quantitative Research in Politics,Second Semester,Undergraduate,6.0,In Person,2022
1657,POLS8048,Intermediate Quantitative Research in Politics,,Postgraduate,6.0,In Person,2022
1658,SPAN3001,Intermediate Spanish I,First Semester,Undergraduate,6.0,In Person,2022
1659,SPAN3012,Intermediate Spanish II,Second Semester,Undergraduate,6.0,In Person,2022
1660,TURK2001,Intermediate Turkish A,,Undergraduate,6.0,Online,2022
1661,TURK2002,Intermediate Turkish B,,Undergraduate,6.0,Online,2022
1662,ASIA2110,International Affairs Internship,Second Semester,Undergraduate,6.0,Online or In Person,2022
1663,LAWS4266,International Arbitration and Negotiation Moot Competition in Japan,Winter Session,Undergraduate,6.0,In Person,2022
1664,ARCH2059,International Archaeological Field School,,Undergraduate,6.0,In Person,2022
1665,ARCH2060,International Archaeological Field School Extension,,Undergraduate,6.0,In Person,2022
1666,LAWS8585,International Aviation Law,Spring Session,Postgraduate,6.0,Online or In Person,2022
1667,BUSI2025,International Business,First Semester/Second Semester,Undergraduate,6.0,In Person,2022
1668,BUSI4500,International Business Honours Thesis,First Semester/Second Semester,Undergraduate,6.0,In Person,2022
1669,BUSI7033,International Business Strategies,First Semester,Postgraduate,6.0,Online or In Person,2022
1670,EMDV8080,International Climate Change Policy and Economics,Second Semester,Postgraduate,6.0,Online or In Person,2022
1671,LAWS8180,International Climate Law,,Postgraduate,6.0,Online or In Person,2022
1672,LAWS8418,International Commercial Arbitration,Spring Session,Postgraduate,6.0,Online or In Person,2022
1673,POLS4012,International Cooperation,,Undergraduate,6.0,In Person,2022
1674,LAWS8566,International Criminal Law,Winter Session,Postgraduate,6.0,Online or In Person,2022
1675,LAWS8567,International Dispute Resolution,Spring Session,Postgraduate,6.0,Online or In Person,2022
1676,LAWS4223,International Dispute Resolution,,Undergraduate,6.0,In Person,2022
1677,LAWS8407,International Economic Law and the Digital Economy - Do not use,,Postgraduate,6.0,Online,2022
1678,ECON8015,International Economics,First Semester,Postgraduate,6.0,In Person,2022
1679,ECON3103,International Economics,First Semester,Undergraduate,6.0,In Person,2022
1680,ECON4415,International Economics,First Semester,Undergraduate,6.0,In Person,2022
1681,ENVS3033,International Environmental Policy,Summer Session,Undergraduate,6.0,In Person,2022
1682,ENVS6033,International Environmental Policy,Summer Session,Postgraduate,6.0,In Person,2022
1683,ASIA8049,International History from Asia and the Pacific: Framing Critical Perspectives,,Postgraduate,6.0,Online or In Person,2022
1684,MGMT3025,International Human Resource Management,First Semester,Undergraduate,6.0,In Person,2022
1685,LAWS8268,International Humanitarian Law,,Postgraduate,6.0,In Person,2022
1686,INDG8006,International Indigenous Studies Research Project,First Semester/Second Semester,Postgraduate,6.0,In Person,2022
1687,LAWS8136,International Intellectual Property Law,,Postgraduate,6.0,Online or In Person,2022
1688,LAWS8177,International Internship,,Postgraduate,24.0,In Person,2022
1689,LAWS4306,International Investment Treaty Law and Arbitration,,Undergraduate,6.0,Online or In Person,2022
1690,LAWS8336,International Investment Treaty Law and Arbitration,,Postgraduate,6.0,Online or In Person,2022
1691,LAWS8330,International Labour Law,,Postgraduate,6.0,In Person,2022
1692,LAWS2250,International Law,Second Semester,Undergraduate,6.0,Online or In Person,2022
1693,LAWS6250,International Law,Second Semester,Postgraduate,6.0,Online or In Person,2022
1694,LAWS4302,International Law Clinic,First Semester/Second Semester,Undergraduate,6.0,In Person,2022
1695,LAWS6302,International Law Clinic,First Semester/Second Semester,Postgraduate,6.0,In Person,2022
1696,LAWS8297,International Law and Australian Government,Summer Session,Postgraduate,6.0,In Person,2022
1697,LAWS8023,International Law and United Nations Peace Operations,,Postgraduate,6.0,In Person,2022
1698,LAWS8178,International Law and Use of Force,,Postgraduate,6.0,Online,2022
1699,LAWS4225,International Law of Human Rights,Spring Session,Undergraduate,6.0,Online or In Person,2022
1700,LAWS8264,International Law of The Environment,Spring Session,Postgraduate,6.0,Online or In Person,2022
1701,LAWS4224,International Law of the Sea,,Undergraduate,6.0,Online or In Person,2022
1702,BUSI3024,International Marketing,Second Semester,Undergraduate,6.0,In Person,2022
1703,DEMO8047,International Migration,,Postgraduate,6.0,In Person,2022
1704,ECON3021,International Monetary Economics,First Semester,Undergraduate,6.0,In Person,2022
1705,ECON8009,International Monetary Economics,First Semester,Postgraduate,6.0,In Person,2022
1706,INTR8070,International Organisation,,Postgraduate,6.0,In Person,2022
1707,LAWS8458,International Organisations (Geneva),,Postgraduate,6.0,Online or In Person,2022
1708,LAWS4258,International Organisations (Geneva),,Undergraduate,6.0,Online or In Person,2022
1709,POLS2133,International Organisations in World Politics,First Semester,Undergraduate,6.0,Online or In Person,2022
1710,POGO8045,International Policy Making in the Shadow of the Future,,Postgraduate,6.0,In Person,2022
1711,INTR8013,International Political Economy,Second Semester,Postgraduate,6.0,In Person,2022
1712,LAWS8252,International Refugee Law,Winter Session,Postgraduate,6.0,Online or In Person,2022
1713,POLS3017,International Relations Theory,Second Semester,Undergraduate,6.0,In Person,2022
1714,POLS4013,International Relations Theory,,Undergraduate,6.0,In Person,2022
1715,INTR8011,International Relations Theory,First Semester,Postgraduate,6.0,Online or In Person,2022
1716,INTR8022,International Relations in the Asia-Pacific,Second Semester,Postgraduate,6.0,In Person,2022
1717,INTR2010,International Relations in the Asia-Pacific,Second Semester,Undergraduate,6.0,In Person,2022
1718,INTR8066,International Relations in the Information Age,,Postgraduate,6.0,Online or In Person,2022
1719,LAWS8179,International Security Law,,Postgraduate,6.0,In Person,2022
1720,BUSI3020,International Strategic Management,First Semester,Undergraduate,6.0,In Person,2022
1721,BUSI3030,International Supply Chain Management,First Semester,Undergraduate,6.0,In Person,2022
1722,POLS3036,International Terrorism,Second Semester,Undergraduate,6.0,In Person,2022
1723,LAWS8229,International Trade Law,Second Semester,Postgraduate,6.0,Online or In Person,2022
1724,LAWS4226,International Trade Law,Second Semester,Undergraduate,6.0,Online or In Person,2022
1725,ECON4406,International Trade Theory,,Undergraduate,6.0,In Person,2022
1726,ECON8006,International Trade Theory,,Postgraduate,6.0,In Person,2022
1727,LAWS8234,International and Comparative Human Rights Law,Summer Session,Postgraduate,6.0,Online or In Person,2022
1728,MUSC8004,Internship 1,Summer Session/First Semester/Autumn Session/Winter Session/Second Semester/Spring Session,Postgraduate,6.0,In Person,2022
1729,MUSC8005,Internship 2,Summer Session/First Semester/Autumn Session/Winter Session/Second Semester/Spring Session,Postgraduate,6.0,In Person,2022
1730,POLS4047,"Interpretation, Method, Critique: Interpretivist Methods in the Social Sciences",First Semester,Undergraduate,6.0,In Person,2022
1731,POLS8047,"Interpretation, Method, Critique: Interpretivist Methods in the Social Sciences",First Semester,Postgraduate,6.0,In Person,2022
1732,INTR8078,Interventions and Statebuilding: From Fragility to Resilience,,Postgraduate,6.0,In Person,2022
1733,ARTH2169,Introducing Asian Modernisms,Second Semester,Undergraduate,6.0,In Person,2022
1734,ARTH6169,Introducing Asian Modernisms,Second Semester,Postgraduate,6.0,In Person,2022
1735,ASIA9021,Introduction to Academic Skills for HDR Research - Part A,Autumn Session,Postgraduate,3.0,In Person,2022
1736,ASIA9022,Introduction to Academic Skills for HDR Research - Part B,Spring Session,Postgraduate,3.0,In Person,2022
1737,ARCH8032,Introduction to Archaeological and Evolutionary Science,First Semester,Postgraduate,12.0,In Person,2022
1738,ASIA1035,Introduction to Asian Politics,First Semester,Undergraduate,6.0,Online or In Person,2022
1739,STAT4116,Introduction to Bayesian Data Analysis,Second Semester,Undergraduate,6.0,In Person,2022
1740,STAT7016,Introduction to Bayesian Data Analysis,Second Semester,Postgraduate,6.0,In Person,2022
1741,STAT3016,Introduction to Bayesian Data Analysis,Second Semester,Undergraduate,6.0,In Person,2022
1742,BUSN1101,Introduction to Commercial Law,Second Semester,Undergraduate,6.0,In Person,2022
1743,CRIM6014,Introduction to Crime Science,Second Semester,Postgraduate,6.0,In Person,2022
1744,CRIM2014,Introduction to Crime Science,Second Semester,Undergraduate,6.0,In Person,2022
1745,HUMN6051,Introduction to Cultural Heritage Management,First Semester,Postgraduate,6.0,In Person,2022
1746,HUMN2051,Introduction to Cultural Heritage Management,First Semester,Undergraduate,6.0,In Person,2022
1747,COMP2420,"Introduction to Data Management, Analysis and Security",First Semester,Undergraduate,6.0,In Person,2022
1748,COMP6420,"Introduction to Data Management, Analysis and Security",First Semester,Postgraduate,6.0,In Person,2022
1749,COMP7240,Introduction to Database Concepts,Autumn Session,Postgraduate,6.0,In Person,2022
1750,HUMN6001,"Introduction to Digital Humanities and Public Culture - Tools, Theories and Methods",Second Semester,Postgraduate,6.0,In Person,2022
1751,HUMN2001,"Introduction to Digital Humanities and Public Culture -&nbsp;Tools, Theories and Methods",Second Semester,Undergraduate,6.0,In Person,2022
1752,ENGN1218,Introduction to Electronics,Second Semester,Undergraduate,6.0,In Person,2022
1753,ARCH2041,Introduction to Environmental Archaeology,,Undergraduate,6.0,In Person,2022
1754,ARCH6041,Introduction to Environmental Archaeology,,Postgraduate,6.0,In Person,2022
1755,EMDV8078,Introduction to Environmental and Resource Economics,Second Semester,Postgraduate,6.0,In Person,2022
1756,ENVS1003,Introduction to Environmental and Social Research,First Semester,Undergraduate,6.0,In Person,2022
1757,ENVS6103,Introduction to Environmental and Social Research,First Semester,Postgraduate,6.0,In Person,2022
1758,PHIL1008,Introduction to Ethics,First Semester,Undergraduate,6.0,In Person,2022
1759,MUSI1113,Introduction to Ethnomusicology,First Semester,Undergraduate,6.0,In Person,2022
1760,PSYC2011,Introduction to Forensic and Criminal Psychology,Second Semester,Undergraduate,6.0,In Person,2022
1761,MATH2242,Introduction to Geometry: Curves and Surfaces,,Undergraduate,6.0,In Person,2022
1762,MATH6242,Introduction to Geometry: Curves and Surfaces,,Postgraduate,6.0,In Person,2022
1763,EMSC2022,Introduction to Global Geophysics,First Semester,Undergraduate,6.0,In Person,2022
1764,EMSC6122,Introduction to Global Geophysics,First Semester,Postgraduate,6.0,In Person,2022
1765,HLTH2002,"Introduction to Global Health: Issues, Theories and Practices",Second Semester,Undergraduate,6.0,In Person,2022
1766,POPH8103,Introduction to Health Services Research and Policy,First Semester,Postgraduate,6.0,Online or In Person,2022
1767,HUMN2000,Introduction to Heritage and Museum Studies,Second Semester,Undergraduate,6.0,In Person,2022
1768,ANTH8056,Introduction to Humanitarian Action,First Semester,Postgraduate,6.0,Online or In Person,2022
1769,POLS1006,Introduction to International Relations:  Contemporary Global Issues,First Semester,Undergraduate,6.0,In Person,2022
1770,POLS1005,Introduction to International Relations: Foundations and Concepts,Second Semester,Undergraduate,6.0,In Person,2022
1771,STST1001,Introduction to International Security Studies,First Semester,Undergraduate,6.0,Online or In Person,2022
1772,BAPA1004,Introduction to International Security Studies,Autumn Session,Undergraduate,6.0,In Person,2022
1773,CHEM8034,Introduction to Laboratory Work in Chemistry,First Semester/Second Semester,Postgraduate,6.0,In Person,2022
1774,LAWS8001,"Introduction to Law, Governance and Development",Summer Session,Postgraduate,6.0,Online or In Person,2022
1775,COMP6670,Introduction to Machine Learning,Second Semester,Postgraduate,6.0,In Person,2022
1776,COMP3670,Introduction to Machine Learning,Second Semester,Undergraduate,6.0,In Person,2022
1777,MATH6222,Introduction to Mathematical Thinking: Problem-Solving and Proofs,First Semester,Postgraduate,6.0,In Person,2022
1778,MATH2222,Introduction to Mathematical Thinking: Problem-Solving and Proofs,First Semester,Undergraduate,6.0,In Person,2022
1779,ENGN1217,Introduction to Mechanics,Second Semester,Undergraduate,6.0,In Person,2022
1780,MUSI1110,Introduction to Music Technology,First Semester/Second Semester,Undergraduate,6.0,In Person,2022
1781,MUSI6110,Introduction to Music Technology,First Semester/Second Semester,Postgraduate,6.0,In Person,2022
1782,EMSC4706,Introduction to Natural Hazards,First Semester,Undergraduate,6.0,In Person,2022
1783,EMSC8706,Introduction to Natural Hazards,First Semester,Postgraduate,6.0,In Person,2022
1784,POLS1002,Introduction to Politics,First Semester,Undergraduate,6.0,In Person,2022
1785,POPH3000,Introduction to Population Health,Second Semester,Undergraduate,6.0,In Person,2022
1786,COMP7230,Introduction to Programming for Data Scientists,Winter Session,Postgraduate,6.0,In Person,2022
1787,SOCY2043,Introduction to Qualitative Research Methods,Second Semester,Undergraduate,6.0,In Person,2022
1788,BIOL2001,Introduction to Quantitative Biology,First Semester,Undergraduate,6.0,In Person,2022
1789,BIOL6200,Introduction to Quantitative Biology,First Semester,Postgraduate,6.0,In Person,2022
1790,SOCY2038,Introduction to Quantitative Research Methods,First Semester,Undergraduate,6.0,In Person,2022
1791,PASI9001,Introduction to Research in the Pacific: Methods and Research Design,Spring Session,Postgraduate,6.0,Online or In Person,2022
1792,SCRN1001,Introduction to Screen Studies,First Semester,Undergraduate,6.0,In Person,2022
1793,SOCR8201,Introduction to Social Science Methods and Types of Data,First Semester/Spring Session,Postgraduate,6.0,Online or In Person,2022
1794,SPAN1001,Introduction to Spanish I,First Semester,Undergraduate,6.0,In Person,2022
1795,SPAN1002,Introduction to Spanish II,Second Semester,Undergraduate,6.0,Online or In Person,2022
1796,STAT2005,Introduction to Stochastic Processes,Second Semester,Undergraduate,6.0,In Person,2022
1797,STAT7004,Introduction to Stochastic Processes,Second Semester,Postgraduate,6.0,In Person,2022
1798,ENGN8100,Introduction to Systems Engineering,First Semester,Postgraduate,6.0,In Person,2022
1799,INDG2005,Introduction to an Australian Indigenous Language,,Undergraduate,6.0,Online or In Person,2022
1800,MEAS1001,Introduction to the Modern Middle East,First Semester,Undergraduate,6.0,In Person,2022
1801,LING1001,Introduction to the Study of Language,First Semester,Undergraduate,6.0,In Person,2022
1802,LING6001,Introduction to the Study of Language,,Postgraduate,6.0,In Person,2022
1803,ARAB1002,Introductory Arabic 1,First Semester,Undergraduate,6.0,Online or In Person,2022
1804,ARAB1003,Introductory Arabic 2,Second Semester,Undergraduate,6.0,Online or In Person,2022
1805,FREN1003,Introductory French I,First Semester,Undergraduate,6.0,In Person,2022
1806,FREN1004,Introductory French II,Second Semester,Undergraduate,6.0,In Person,2022
1807,STAT2001,Introductory Mathematical Statistics,First Semester/Second Semester,Undergraduate,6.0,In Person,2022
1808,STAT2013,Introductory Mathematical Statistics for Actuarial Studies,First Semester/Second Semester,Undergraduate,6.0,In Person,2022
1809,PERS1001,Introductory Persian A,First Semester,Undergraduate,6.0,Online,2022
1810,PERS1002,Introductory Persian B,Second Semester,Undergraduate,6.0,Online,2022
1811,PORT1001,Introductory Portuguese I,First Semester,Undergraduate,6.0,Online,2022
1812,PORT1002,Introductory Portuguese II,Second Semester,Undergraduate,6.0,Online,2022
1813,STAT7055,Introductory Statistics for Business and Finance,First Semester/Second Semester/Spring Session,Postgraduate,6.0,In Person,2022
1814,ACST4033,Investment and Asset Modelling,,Undergraduate,6.0,In Person,2022
1815,ACST8033,Investment and Asset Modelling,,Postgraduate,6.0,In Person,2022
1816,FINM2003,Investments,First Semester/Second Semester,Undergraduate,6.0,In Person,2022
1817,MEAS3004,Iran in World Politics,Second Semester,Undergraduate,6.0,In Person,2022
1818,MEAS6004,Iran in World Politics,Second Semester,Postgraduate,6.0,In Person,2022
1819,MEAS2000,Iranian History and Culture,First Semester,Undergraduate,6.0,In Person,2022
1820,MEAS1002,Islam : History and Institutions,Second Semester,Undergraduate,6.0,In Person,2022
1821,MEAS4117,Islam in Central Asia,First Semester,Undergraduate,6.0,In Person,2022
1822,MEAS8117,Islam in Central Asia,First Semester,Postgraduate,6.0,In Person,2022
1823,ASIA6165,Islam in Southeast Asia,,Postgraduate,6.0,In Person,2022
1824,ASIA2165,Islam in Southeast Asia,,Undergraduate,6.0,In Person,2022
1825,MEAS4115,Islam in World Politics,,Undergraduate,6.0,In Person,2022
1826,MEAS8115,Islam in World Politics,,Postgraduate,6.0,In Person,2022
1827,INTR8058,"Islam, Politics and Conflict in Southeast Asia",,Postgraduate,6.0,In Person,2022
1828,POLS4058,"Islam, Politics and Conflict in Southeast Asia",,Undergraduate,6.0,In Person,2022
1829,MEAS8124,Islamic Banking: Debates and Development,,Postgraduate,6.0,In Person,2022
1830,MEAS4102,Islamic Radicalism,,Undergraduate,6.0,In Person,2022
1831,MEAS8102,Islamic Radicalism,,Postgraduate,6.0,In Person,2022
1832,ENVS6205,Island Sustainable Development: Fiji Field School,Winter Session,Postgraduate,6.0,In Person,2022
1833,ENVS2005,Island Sustainable Development: Fiji Field School,Winter Session,Undergraduate,6.0,In Person,2022
1834,INTR8071,Issues and Concepts in International Relations,First Semester/Second Semester,Postgraduate,12.0,Online or In Person,2022
1835,IDEC8030,Issues in Applied Macroeconomics,Second Semester,Postgraduate,6.0,In Person,2022
1836,IDEC8029,Issues in Applied Microeconomics,First Semester,Postgraduate,6.0,In Person,2022
1837,INTR8017,Issues in Australian Foreign Policy,,Postgraduate,6.0,Online or In Person,2022
1838,PSYC2595,Issues in Contemporary Clinical Psychology,,Undergraduate,6.0,In Person,2022
1839,ARTH6167,Issues in Contemporary Craft and Design,Winter Session,Postgraduate,6.0,In Person,2022
1840,ARTH2167,Issues in Contemporary Craft and Design,Winter Session,Undergraduate,6.0,In Person,2022
1841,IDEC8003,Issues in Development Policy,First Semester,Postgraduate,6.0,In Person,2022
1842,POLS2094,Issues in International Political Economy,Second Semester,Undergraduate,6.0,Online or In Person,2022
1843,POGO8220,Issues in Japanese Policy,Winter Session,Postgraduate,6.0,In Person,2022
1844,ASIA3027,Issues in Japanese Policy in their global context,Winter Session,Undergraduate,6.0,In Person,2022
1845,MEAS8108,Issues of Development in the Middle East,Second Semester,Postgraduate,6.0,In Person,2022
1846,ITAL2006,Italian Studies - Continuing 2,Second Semester,Undergraduate,6.0,In Person,2022
1847,ITAL3505,Italian Studies - Intermediate I,First Semester,Undergraduate,6.0,In Person,2022
1848,ITAL3506,Italian Studies - Intermediate II,Second Semester,Undergraduate,6.0,In Person,2022
1849,ITAL1003,Italian Studies - Introductory 2,Second Semester,Undergraduate,6.0,In Person,2022
1850,ITAL1002,Italian Studies - Introductory I,First Semester,Undergraduate,6.0,In Person,2022
1851,ITAL2005,Italian Studies Continuing 1,First Semester,Undergraduate,6.0,In Person,2022
1852,ITAL3020,Italy on Screen,,Undergraduate,6.0,In Person,2022
1853,SCRN2020,Italy on Screen,,Undergraduate,6.0,In Person,2022
1854,GEND2074,Jane Austen History and Fiction,Second Semester,Undergraduate,6.0,In Person,2022
1855,ENGL2074,Jane Austen History and Fiction,Second Semester,Undergraduate,6.0,In Person,2022
1856,INTR8063,"Japan and the World: Politics, Identity and Security",,Postgraduate,6.0,In Person,2022
1857,JPNS3013,Japanese - English Translation,,Undergraduate,6.0,Online or In Person,2022
1858,JPNS1012,Japanese 1: Spoken,First Semester,Undergraduate,6.0,Online or In Person,2022
1859,JPNS1014,Japanese 1: Written,First Semester,Undergraduate,6.0,Online or In Person,2022
1860,JPNS2003,Japanese 2: Spoken,Second Semester,Undergraduate,6.0,Online or In Person,2022
1861,JPNS2005,Japanese 2: Written,Second Semester,Undergraduate,6.0,Online or In Person,2022
1862,JPNS2012,Japanese 3,First Semester,Undergraduate,6.0,Online or In Person,2022
1863,JPNS2013,Japanese 4,Second Semester,Undergraduate,6.0,Online or In Person,2022
1864,JPNS3001,Japanese 5,First Semester,Undergraduate,6.0,Online or In Person,2022
1865,JPNS3002,Japanese 6,Second Semester,Undergraduate,6.0,Online or In Person,2022
1866,ECON2108,Japanese Economy and Economic Policy,Second Semester,Undergraduate,6.0,In Person,2022
1867,INTR2018,Japanese Foreign and Security Policy,Second Semester,Undergraduate,6.0,In Person,2022
1868,JPNS2024,Japanese Grammar and Expressions,First Semester,Undergraduate,6.0,Online or In Person,2022
1869,LAWS4227,Japanese Law and Society,,Undergraduate,6.0,In Person,2022
1870,LING6028,Japanese Linguistics,Second Semester,Postgraduate,6.0,Online or In Person,2022
1871,LING2028,Japanese Linguistics,Second Semester,Undergraduate,6.0,Online or In Person,2022
1872,ASIA6031,Japanese Politics,Summer Session,Postgraduate,6.0,Online or In Person,2022
1873,ASIA2031,Japanese Politics,Summer Session,Undergraduate,6.0,Online or In Person,2022
1874,ASIA2058,"Japanese Popular Culture: Manga, Anime, Film & the Visual Arts",,Undergraduate,6.0,Online or In Person,2022
1875,COMP2140,Java Programming,,Undergraduate,6.0,In Person,2022
1876,LAWS4010,Jessup Moot,Summer Session,Undergraduate,6.0,In Person,2022
1877,LAWS6010,Jessup Moot,Summer Session,Postgraduate,6.0,In Person,2022
1878,ARTV2410,Jewellery & Object: Experimenting with process,,Undergraduate,6.0,In Person,2022
1879,ARTV2421,Jewellery & Object: Hollow Construction,,Undergraduate,6.0,In Person,2022
1880,ARTV1403,Jewellery & Object: Introduction to Precise Miniature Construction,,Undergraduate,6.0,In Person,2022
1881,ARTV1404,"Jewellery & Object: Maker, Wearer, Viewer, User",,Undergraduate,6.0,In Person,2022
1882,ARTV2401,Jewellery & Object: Making with machines,,Undergraduate,6.0,In Person,2022
1883,ARTV2402,Jewellery & Object: Utility as Context,,Undergraduate,6.0,In Person,2022
1884,BUSN8200,Judgement and Decision Making Research in Accounting,First Semester,Postgraduate,6.0,In Person,2022
1885,LAWS8141,Judicial Review of Government Action,,Postgraduate,6.0,Online or In Person,2022
1886,ANTH8007,Key Concepts in Anthropology of Development,Second Semester,Postgraduate,6.0,Online or In Person,2022
1887,HIST4013,Key Issues in History,Second Semester,Undergraduate,12.0,In Person,2022
1888,LAWS4313,Kimberley Aboriginal Justice Clinic,,Undergraduate,6.0,In Person,2022
1889,LAWS6313,Kimberley Aboriginal Justice Clinic,,Postgraduate,6.0,In Person,2022
1890,KORE1020,Korean 1,First Semester,Undergraduate,6.0,Online or In Person,2022
1891,KORE1021,Korean 2,Second Semester,Undergraduate,6.0,Online or In Person,2022
1892,KORE2521,Korean 3,First Semester,Undergraduate,6.0,Online or In Person,2022
1893,KORE2522,Korean 4,Second Semester,Undergraduate,6.0,Online or In Person,2022
1894,KORE3012,Korean 5,First Semester,Undergraduate,6.0,Online or In Person,2022
1895,KORE3013,Korean 6,Second Semester,Undergraduate,6.0,Online or In Person,2022
1896,LAWS4171,Kyoto Seminar: Japanese Law and Society,,Undergraduate,6.0,In Person,2022
1897,LAWS8171,Kyoto Seminar: Japanese Law and Society,,Postgraduate,6.0,In Person,2022
1898,ECON4441,Labour Economics & Industrial Relations,First Semester,Undergraduate,6.0,In Person,2022
1899,ECON8041,Labour Economics and Industrial Relations,First Semester,Postgraduate,6.0,In Person,2022
1900,ECON2009,Labour Economics and Industrial Relations(P),First Semester,Undergraduate,6.0,In Person,2022
1901,LAWS8428,Labour Law,,Postgraduate,6.0,In Person,2022
1902,LAWS4228,Labour Law,Second Semester,Undergraduate,6.0,Online or In Person,2022
1903,ANTH8047,Land Rights and Resource Development,First Semester,Postgraduate,6.0,Online or In Person,2022
1904,ANTH8044,Land Rights and Resource Development (Advanced),First Semester,Postgraduate,12.0,Online or In Person,2022
1905,ENVS6304,Land and Catchment Management,,Postgraduate,6.0,In Person,2022
1906,ENVS3004,Land and Catchment Management,,Undergraduate,6.0,In Person,2022
1907,LAWS8280,"Land, Water and Biodiversity",,Postgraduate,6.0,Online or In Person,2022
1908,LING6005,Language Across Time,,Postgraduate,6.0,Online or In Person,2022
1909,LING2005,Language Across Time,,Undergraduate,6.0,Online or In Person,2022
1910,ASIA8051,Language and Power in Asia and the Pacific,Summer Session,Postgraduate,6.0,Online or In Person,2022
1911,LING6311,Language and Social Interaction,First Semester,Postgraduate,6.0,In Person,2022
1912,LING2106,Language and Social Interaction,First Semester,Undergraduate,6.0,In Person,2022
1913,LING8013,Language and Society,Second Semester,Postgraduate,6.0,Online or In Person,2022
1914,LING6002,Language and Society,,Postgraduate,6.0,In Person,2022
1915,LING1002,Language and Society,Second Semester,Undergraduate,6.0,In Person,2022
1916,LING6016,Language and Society in Indigenous Australia,Winter Session,Postgraduate,6.0,In Person,2022
1917,LING2016,Language and Society in Indigenous Australia,Winter Session,Undergraduate,6.0,In Person,2022
1918,LING2027,Language and Society in Latin America,,Undergraduate,6.0,In Person,2022
1919,ASIA2001,Language in Asia and the Pacific,First Semester,Undergraduate,6.0,Online or In Person,2022
1920,ASIA2103,Language in Asia and the Pacific (L),First Semester,Undergraduate,6.0,Online or In Person,2022
1921,LING6029,"Language, Assessment and Policy",First Semester,Postgraduate,6.0,Online or In Person,2022
1922,LING2029,"Language, Assessment and Policy",First Semester,Undergraduate,6.0,Online or In Person,2022
1923,LING6015,"Language, Culture and Translation",Second Semester,Postgraduate,6.0,In Person,2022
1924,LING2015,"Language, Culture, Translation",Second Semester,Undergraduate,6.0,In Person,2022
1925,LING6018,Languages in Contact,,Postgraduate,6.0,In Person,2022
1926,LING2018,Languages in Contact,,Undergraduate,6.0,In Person,2022
1927,HIST2230,Latin America: Conquest and Colonisation,,Undergraduate,6.0,In Person,2022
1928,LAWS8570,Law & Economics of Regulation,,Postgraduate,6.0,In Person,2022
1929,LAWS6700,Law Capstone Project,First Semester/Second Semester,Postgraduate,6.0,Online or In Person,2022
1930,LAWS4430,Law Internship,,Undergraduate,6.0,Online or In Person,2022
1931,LAWS8430,Law Internship,,Postgraduate,6.0,In Person,2022
1932,LAWS4230,Law Internship (Capstone),Summer Session/First Semester/Winter Session/Second Semester/Spring Session,Undergraduate,6.0,In Person,2022
1933,LAWS6230,Law Internship (Capstone),Summer Session/First Semester/Winter Session/Second Semester/Spring Session,Postgraduate,6.0,In Person,2022
1934,LAWS4700,Law Research Capstone Project,,Undergraduate,6.0,Online or In Person,2022
1935,LAWS4239,Law and Armed Conflict,,Undergraduate,6.0,In Person,2022
1936,LAWS4231,Law and Art: Representation and Critique,,Undergraduate,6.0,In Person,2022
1937,LAWS6301,Law and Development Clinic,Summer Session,Postgraduate,6.0,Online or In Person,2022
1938,LAWS4301,Law and Development Clinic,Summer Session,Undergraduate,6.0,Online or In Person,2022
1939,LAWS4315,Law and Development in the Contemporary South Pacific,Winter Session,Undergraduate,6.0,Online or In Person,2022
1940,LAWS8006,Law and Development in the Contemporary South Pacific,,Postgraduate,6.0,Online or In Person,2022
1941,ECON4447,Law and Economics,,Undergraduate,6.0,In Person,2022
1942,ECON8047,Law and Economics,,Postgraduate,6.0,In Person,2022
1943,LAWS8228,Law and Economics,,Postgraduate,6.0,In Person,2022
1944,ECON2120,Law and Economics(P),,Undergraduate,6.0,In Person,2022
1945,PASI8312,Law and Justice in the Pacific,Winter Session,Postgraduate,3.0,Online or In Person,2022
1946,LAWS8586,Law and Legal Institutions,Summer Session/Winter Session,Postgraduate,6.0,Online or In Person,2022
1947,LAWS4279,Law and Politics of European Integration,,Undergraduate,6.0,Online or In Person,2022
1948,LAWS8460,Law and Psychology,,Postgraduate,6.0,In Person,2022
1949,LAWS4260,Law and Psychology,,Undergraduate,6.0,In Person,2022
1950,LAWS8594,Law and Society in South East Asia,First Semester,Postgraduate,6.0,Online or In Person,2022
1951,LAWS4229,Law and Society in South East Asia,First Semester,Undergraduate,6.0,Online or In Person,2022
1952,LAWS4280,Law and the Humanities,First Semester,Undergraduate,6.0,In Person,2022
1953,LAWS8480,Law and the Humanities,First Semester,Postgraduate,6.0,In Person,2022
1954,BUSN2101,Law of Business Entities,First Semester,Undergraduate,6.0,In Person,2022
1955,LAWS8253,Law of The Sea,Winter Session,Postgraduate,6.0,Online or In Person,2022
1956,LAWS4256,"Law, Gender Identities and Sexualities",Second Semester,Undergraduate,6.0,Online or In Person,2022
1957,LAWS4341,"Law, Markets and Justice",First Semester,Undergraduate,6.0,Online or In Person,2022
1958,LAWS1202,Lawyers Justice and Ethics,Second Semester,Undergraduate,6.0,Online or In Person,2022
1959,LAWS6102,"Lawyers, Justice and Ethics",Second Semester,Postgraduate,6.0,Online or In Person,2022
1960,MGMT3021,Leadership,Second Semester,Undergraduate,6.0,In Person,2022
1961,STST8117,Leadership Theory,Autumn Session,Postgraduate,12.0,In Person,2022
1962,DIPL2000,Leadership and Diplomacy,First Semester,Undergraduate,6.0,In Person,2022
1963,VCUG2002,Leadership and Influence in a Complex World,First Semester,Undergraduate,6.0,In Person,2022
1964,VCPG6003,Leadership and Influence in a Complex World,First Semester,Postgraduate,6.0,In Person,2022
1965,NSPO8012,"Leadership, Risk and National Security Crisis Management",First Semester,Postgraduate,6.0,In Person,2022
1966,MGMT8270,Leading People and Change,First Semester/Second Semester,Postgraduate,6.0,Online or In Person,2022
1967,POGO8067,Leading Public Sector Change,Autumn Session,Postgraduate,6.0,In Person,2022
1968,POGO8505,Leading and Influencing Public Policy,,Postgraduate,6.0,In Person,2022
1969,MGMT7062,Leading for Social Impact,Second Semester,Postgraduate,6.0,In Person,2022
1970,POGO8231,Leading in Public Administration,,Postgraduate,3.0,In Person,2022
1971,CHIN2525,Learning Language Locally: China,,Undergraduate,6.0,In Person,2022
1972,HIND2525,Learning Language Locally: India,,Undergraduate,6.0,In Person,2022
1973,INDN2525,Learning Language Locally: Indonesia,,Undergraduate,6.0,In Person,2022
1974,JPNS2525,Learning Language Locally: Japan,Summer Session,Undergraduate,6.0,In Person,2022
1975,KORE2525,Learning Language Locally: Korea,,Undergraduate,6.0,In Person,2022
1976,AUST1001,Learning an Indigenous Australian Language,,Undergraduate,6.0,Online or In Person,2022
1977,LAWS6307,Legal Education for True Justice: Indigenous Perspectives and Deep Listening on Country,First Semester,Postgraduate,6.0,Online or In Person,2022
1978,LAWS4307,Legal Education for True Justice: Indigenous Perspectives and Deep Listening on Country,First Semester,Undergraduate,6.0,Online or In Person,2022
1979,LAWS8587,Legal Framework of Regulation,Spring Session,Postgraduate,6.0,Online or In Person,2022
1980,LAWS2248,Legal Research and Writing,Second Semester,Undergraduate,6.0,In Person,2022
1981,LAWS2249,Legal Theory,Second Semester,Undergraduate,6.0,Online or In Person,2022
1982,LAWS6249,Legal Theory,Second Semester,Postgraduate,6.0,Online or In Person,2022
1983,LAWS8104,Legislation and Legislative Drafting,Spring Session,Postgraduate,6.0,Online,2022
1984,LAWS8451,Legislative Drafting and Technology,,Postgraduate,6.0,In Person,2022
1985,PHIL2289,"Leviathan, Art and Law: Constituting the Body Politic",Second Semester,Undergraduate,6.0,In Person,2022
1986,LAWS4289,"Leviathan, Art, and Law: Constituting the Body Politic",Second Semester,Undergraduate,6.0,Online or In Person,2022
1987,ASIA6145,"Lies, Conspiracies and Propaganda",,Postgraduate,6.0,In Person,2022
1988,ASIA2045,"Lies, Conspiracy and Propaganda",,Undergraduate,6.0,In Person,2022
1989,STAT3037,Life Contingencies,Second Semester,Undergraduate,6.0,In Person,2022
1990,STAT6043,Life Contingencies,Second Semester,Postgraduate,6.0,In Person,2022
1991,DEMO4092,Life Course Analytics,,Undergraduate,6.0,In Person,2022
1992,DEMO8092,Life Course Analytics,Second Semester,Postgraduate,6.0,Online or In Person,2022
1993,POPH8918,Life Course Approaches to Human Ageing,,Postgraduate,6.0,Online or In Person,2022
1994,PHYS1004,Life Physics,Second Semester,Undergraduate,6.0,In Person,2022
1995,ASIA6308,Linguistic Histories in Asia and the Pacific,First Semester,Postgraduate,6.0,Online or In Person,2022
1996,ASIA2308,Linguistic Histories in Asia and the Pacific,First Semester,Undergraduate,6.0,Online or In Person,2022
1997,ASIA2100,Linguistic Histories in Asia and the Pacific (L),First Semester,Undergraduate,6.0,Online or In Person,2022
1998,LING9045,Linguistic theory and practice,First Semester/Second Semester,Postgraduate,6.0,In Person,2022
1999,CHIN2019,Literary Chinese 1,First Semester,Undergraduate,6.0,Online or In Person,2022
2000,CHIN2021,Literary Chinese 2,Second Semester,Undergraduate,6.0,Online or In Person,2022
2001,ASIA6040,Literary and Cultural Discourse in Modern Japan,Second Semester,Postgraduate,6.0,Online or In Person,2022
2002,ASIA3040,Literary and Cultural Discourse in Modern Japan,Second Semester,Undergraduate,6.0,Online or In Person,2022
2003,ENGL3022,Literature and Modernity,,Undergraduate,6.0,In Person,2022
2004,ENGL6022,Literature and Modernity,,Postgraduate,6.0,In Person,2022
2005,ENGL2086,"Literature in the Digital Age: Theories, Texts, Methods",,Undergraduate,6.0,Online or In Person,2022
2006,CLAS1004,Literature of the Classical World (Texts in Translation),,Undergraduate,6.0,In Person,2022
2007,ENGL3037,"Literature, Law and Human Rights",,Undergraduate,6.0,In Person,2022
2008,LAWS4286,"Literature, Law and Human Rights",,Undergraduate,6.0,Online or In Person,2022
2009,LAWS2244,Litigation and Dispute Management,First Semester,Undergraduate,6.0,Online or In Person,2022
2010,LAWS6244,Litigation and Dispute Management,First Semester,Postgraduate,6.0,Online or In Person,2022
2011,COMP6262,Logic,First Semester,Postgraduate,6.0,In Person,2022
2012,COMP2620,Logic,First Semester,Undergraduate,6.0,In Person,2022
2013,PHIL2080,Logic,First Semester,Undergraduate,6.0,In Person,2022
2014,PHIL1005,Logic and Critical Thinking,Second Semester,Undergraduate,6.0,In Person,2022
2015,PHIL2059,Love Death and Freedom (20th Century French Phenomenology),,Undergraduate,6.0,In Person,2022
2016,ECON7074,Macroeconomic Analysis,First Semester/Second Semester,Postgraduate,6.0,In Person,2022
2017,IDEC8002,Macroeconomic Analysis and Policy,Second Semester,Postgraduate,6.0,In Person,2022
2018,ECON4422,Macroeconomic Theory,First Semester,Undergraduate,6.0,In Person,2022
2019,ECON8022,Macroeconomic Theory (Master),First Semester/Second Semester,Postgraduate,6.0,In Person,2022
2020,ECON1102,Macroeconomics 1,First Semester/Second Semester,Undergraduate,6.0,In Person,2022
2021,ECON2102,Macroeconomics 2,First Semester/Second Semester,Undergraduate,6.0,In Person,2022
2022,ECON3102,Macroeconomics 3,Second Semester,Undergraduate,6.0,In Person,2022
2023,EMSC6024,Magmatism and Metamorphism,First Semester,Postgraduate,6.0,In Person,2022
2024,EMSC3024,Magmatism and Metamorphism,First Semester,Undergraduate,6.0,In Person,2022
2025,ASIA2041,Mainland Southeast Asia: Colonial and Postcolonial Predicaments,Second Semester,Undergraduate,6.0,Online or In Person,2022
2026,DESN2010,Making Creative and Critical Technologies: physical computing for art and design,First Semester,Undergraduate,6.0,In Person,2022
2027,STST8055,Making Grand Strategy,,Postgraduate,6.0,In Person,2022
2028,HIST3007,Making History,Second Semester,Undergraduate,6.0,In Person,2022
2029,SCOM3032,Making Modern Science,,Undergraduate,6.0,Online or In Person,2022
2030,SCOM6032,Making Modern Science,,Postgraduate,6.0,Online or In Person,2022
2031,ARTV3031,Making Research for a Studio Practice in the Visual Arts,,Undergraduate,6.0,In Person,2022
2032,BUSN2011,Management Accounting,First Semester/Second Semester,Undergraduate,6.0,In Person,2022
2033,BUSN7031,Management Accounting and Cost Analysis,First Semester/Second Semester,Postgraduate,6.0,In Person,2022
2034,MGMT4500,Management Honours Thesis,First Semester/Second Semester,Undergraduate,6.0,In Person,2022
2035,MGMT4006,Management Research Methods,First Semester,Undergraduate,6.0,In Person,2022
2036,MGMT8006,Management Research Methods,First Semester,Postgraduate,6.0,In Person,2022
2037,MGMT1003,"Management, People and Organisations",First Semester/Second Semester,Undergraduate,6.0,In Person,2022
2038,ECON6014,Managerial Economics,First Semester,Postgraduate,6.0,In Person,2022
2039,ECON2014,Managerial Economics,First Semester,Undergraduate,6.0,In Person,2022
2040,MGMT7107,Managing Across Cultures,Second Semester,Postgraduate,6.0,In Person,2022
2041,ENVS3041,Managing Forested Landscapes,First Semester,Undergraduate,6.0,In Person,2022
2042,ENVS6026,Managing Forested Landscapes,First Semester,Postgraduate,6.0,In Person,2022
2043,POGO8057,Managing Government Finances,Second Semester,Postgraduate,6.0,Online or In Person,2022
2044,MGMT8062,Managing Major Projects,First Semester,Postgraduate,6.0,In Person,2022
2045,MGMT2035,Managing Organisational Change,Second Semester,Undergraduate,6.0,In Person,2022
2046,POGO8300,Managing Public Sector Organisations,Spring Session,Postgraduate,6.0,Online or In Person,2022
2047,COMP3120,Managing Software Development,First Semester,Undergraduate,6.0,In Person,2022
2048,COMP8110,Managing Software Projects in a System Context,First Semester,Postgraduate,6.0,In Person,2022
2049,COMP4130,Managing Software Quality and Process,First Semester,Undergraduate,6.0,In Person,2022
2050,BUSI7280,Managing in a Global Context,First Semester/Second Semester,Postgraduate,6.0,Online or In Person,2022
2051,BUSI7001,Managing the Global Supply Chain,First Semester,Postgraduate,6.0,In Person,2022
2052,ENGN4212,Manufacturing Technologies,Second Semester,Undergraduate,6.0,In Person,2022
2053,ENGN6212,Manufacturing Technologies,,Postgraduate,6.0,In Person,2022
2054,ASIA6018,Maps and Mapping in Asia and the Pacific,Second Semester,Postgraduate,6.0,Online or In Person,2022
2055,ASIA2018,Maps and Mapping in Asia and the Pacific,Second Semester,Undergraduate,6.0,Online or In Person,2022
2056,EMSC6023,Marine Biogeochemistry,First Semester,Postgraduate,6.0,In Person,2022
2057,EMSC3023,Marine Biogeochemistry,First Semester,Undergraduate,6.0,In Person,2022
2058,LAWS8315,Maritime Security Law,,Postgraduate,6.0,Online,2022
2059,MKTG2004,Marketing,First Semester/Second Semester,Undergraduate,6.0,In Person,2022
2060,MKTG4500,Marketing Honours Thesis,First Semester/Second Semester,Undergraduate,6.0,In Person,2022
2061,MKTG2001,Marketing Research,Second Semester,Undergraduate,6.0,In Person,2022
2062,MKTG7260,Marketing and Stakeholder Communications,First Semester/Second Semester/Spring Session,Postgraduate,6.0,Online or In Person,2022
2063,MKTG2003,Marketing for Financial Services,Second Semester,Undergraduate,6.0,In Person,2022
2064,MKTG7001,Marketing for Leaders,First Semester,Postgraduate,6.0,In Person,2022
2065,BUSN8802,Master Research Project (Commerce),,Postgraduate,12.0,In Person,2022
2066,BUSN8803,Master Sub-Thesis (Commerce),,Postgraduate,18.0,In Person,2022
2067,BUSN8804,Master Sub-Thesis (Commerce),First Semester/Second Semester,Postgraduate,6.0,In Person,2022
2068,ENGN8180,Master Thesis Project,,Postgraduate,12.0,In Person,2022
2069,PHYS8207,Master of Nuclear Science Research Project,Summer Session/First Semester/Autumn Session/Winter Session/Second Semester/Spring Session,Postgraduate,6.0,In Person,2022
2070,SCOM8000,Master of Science Communication Research Project,First Semester/Second Semester,Postgraduate,6.0,Online or In Person,2022
2071,MMIB8006,Master's Thesis (Business Studies),First Semester/Second Semester,Postgraduate,6.0,In Person,2022
2072,ARCH8037,Masterclass in Archaeological and Evolutionary Science,Winter Session,Postgraduate,6.0,In Person,2022
2073,IDEC8064,Masters Microeconomics,First Semester,Postgraduate,6.0,Online or In Person,2022
2074,IDEC8011,Masters Research Essay,First Semester/Second Semester,Postgraduate,6.0,In Person,2022
2075,PHYS8000,Masters Research Project,First Semester/Second Semester,Postgraduate,12.0,In Person,2022
2076,MATH8705,Masters Special Topics in Mathematics,First Semester/Second Semester,Postgraduate,6.0,In Person,2022
2077,PHYS8750,Masters Special Topics in Physics,Summer Session/First Semester/Second Semester,Postgraduate,6.0,Online or In Person,2022
2078,ENVS8000,Masters Thesis,First Semester/Second Semester,Postgraduate,12.0,In Person,2022
2079,ENVS8000P,Masters Thesis,,Postgraduate,12.0,In Person,2022
2080,CHEM2213,Materials Chemistry,Second Semester,Undergraduate,6.0,In Person,2022
2081,CHEM6213,Materials Chemistry,Second Semester,Postgraduate,6.0,In Person,2022
2082,MUSI1510,"Materials of Music: Sound, Perception and Documentation",Second Semester,Undergraduate,6.0,Online or In Person,2022
2083,MATH1113,Mathematical Foundations for Actuarial Studies,Second Semester,Undergraduate,6.0,In Person,2022
2084,IDEC8015,Mathematical Methods in Applied Economics,First Semester,Postgraduate,6.0,In Person,2022
2085,EMET7001,Mathematical Techniques for Economic Analysis,First Semester/Second Semester,Postgraduate,6.0,In Person,2022
2086,MATH8702,Mathematics Reading Course,Summer Session/First Semester/Second Semester,Postgraduate,6.0,In Person,2022
2087,MATH8701,Mathematics Research Project,Summer Session/First Semester/Second Semester,Postgraduate,6.0,In Person,2022
2088,MATH1013,Mathematics and Applications 1,First Semester/Second Semester,Undergraduate,6.0,In Person,2022
2089,MATH1014,Mathematics and Applications 2,First Semester/Second Semester/Spring Session,Undergraduate,6.0,In Person,2022
2090,MATH3512,Matrix Computations,,Undergraduate,6.0,In Person,2022
2091,MATH6112,Matrix Computations,,Postgraduate,6.0,In Person,2022
2092,POLS2137,"Meaning in Politics: Interpretation, Method and Critique",First Semester,Undergraduate,6.0,In Person,2022
2093,ENGN2217,Mechanical Systems and Design,First Semester,Undergraduate,6.0,In Person,2022
2094,ARAB3011,Media Arabic 1,First Semester,Undergraduate,6.0,Online or In Person,2022
2095,ARAB3008,Media Arabic 2,Second Semester,Undergraduate,6.0,Online or In Person,2022
2096,LAWS4202,Media Law,Second Semester,Undergraduate,6.0,Online or In Person,2022
2097,LAWS8402,Media Law,Second Semester,Postgraduate,6.0,Online or In Person,2022
2098,POLS3038,Media and Politics,,Undergraduate,6.0,In Person,2022
2099,SOCY2165,Media in the Public Sphere,,Undergraduate,6.0,In Person,2022
2100,SOCY6170,"Media, Technology and Society",,Postgraduate,6.0,In Person,2022
2101,SOCY2170,"Media, Technology and Society",Second Semester,Undergraduate,6.0,In Person,2022
2102,LAWS4343,Mediation Skills Clinic,Summer Session,Undergraduate,6.0,In Person,2022
2103,MEDN2001,Medical Physiology and Pharmacology,First Semester,Undergraduate,6.0,In Person,2022
2104,MEDN6001,Medical Physiology and Pharmacology,First Semester,Postgraduate,6.0,In Person,2022
2105,MEDN4001,Medical Research Honours,First Semester/Second Semester,Undergraduate,12.0,In Person,2022
2106,MEDN8701,Medical Research Project,First Semester/Second Semester,Postgraduate,12.0,In Person,2022
2107,BIOL3190,Medical Science in the Workplace,Second Semester,Undergraduate,6.0,In Person,2022
2108,MEDI8011,Medicine 1A,First Semester,Postgraduate,24.0,In Person,2022
2109,MEDI8012,Medicine 1B,Second Semester,Postgraduate,24.0,In Person,2022
2110,MEDI8020A,Medicine 2,,Postgraduate,21.0,In Person,2022
2111,MEDI8020B,Medicine 2,,Postgraduate,21.0,In Person,2022
2112,MEDI8020,Medicine 2,First Semester/Second Semester,Postgraduate,21.0,In Person,2022
2113,MEDI8030,Medicine 3,First Semester/Second Semester,Postgraduate,24.0,In Person,2022
2114,MEDI8030A,Medicine 3,,Postgraduate,24.0,In Person,2022
2115,MEDI8030B,Medicine 3,,Postgraduate,24.0,In Person,2022
2116,MEDI8040B,Medicine 4,,Postgraduate,24.0,In Person,2022
2117,MEDI8040A,Medicine 4,,Postgraduate,24.0,In Person,2022
2118,MEDI8040,Medicine 4,First Semester/Second Semester,Postgraduate,24.0,In Person,2022
2119,ANTH2026,"Medicine, Healing and the Body",,Undergraduate,6.0,In Person,2022
2120,ANTH6026,"Medicine, Healing and the Body",,Postgraduate,6.0,In Person,2022
2121,EMSC6032,"Melting Polar Ice Sheets, Sea Level Variations and Climate Change",First Semester,Postgraduate,6.0,In Person,2022
2122,EMSC3032,"Melting Polar Ice Sheets, Sea Level Variations and Climate Change",First Semester,Undergraduate,6.0,In Person,2022
2123,PHIL2129,Meta-ethics: The Nature of Moral Judgment,,Undergraduate,6.0,Online or In Person,2022
2124,ARTH4017,Methodologies of Art History,First Semester,Undergraduate,12.0,In Person,2022
2125,ARTH8012,Methodologies of Art History,First Semester,Postgraduate,12.0,In Person,2022
2126,ARTV8041,Methodologies of Contemporary Art Practices,First Semester,Postgraduate,12.0,In Person,2022
2127,REGN8001,Methods in Interdisciplinary Research,Winter Session,Postgraduate,6.0,In Person,2022
2128,REGN9076,Methods in Interdisciplinary Research,Winter Session,Postgraduate,6.0,In Person,2022
2129,ARCH8040,Microanalysis in Archaeological Science,First Semester,Postgraduate,6.0,In Person,2022
2130,ECON7073,Microeconomic Analysis,First Semester/Second Semester,Postgraduate,6.0,In Person,2022
2131,IDEC8016,Microeconomic Analysis and Policy,First Semester,Postgraduate,6.0,In Person,2022
2132,ECON4411,Microeconomic Theory,First Semester,Undergraduate,6.0,In Person,2022
2133,ECON8011,Microeconomic Theory,First Semester/Second Semester,Postgraduate,6.0,In Person,2022
2134,ECON1101,Microeconomics 1,First Semester/Second Semester,Undergraduate,6.0,In Person,2022
2135,ECON2101,Microeconomics 2,First Semester/Second Semester,Undergraduate,6.0,In Person,2022
2136,ECON3101,Microeconomics 3,First Semester,Undergraduate,6.0,In Person,2022
2137,LAWS8176,Migration Law,,Postgraduate,6.0,In Person,2022
2138,DEMO2003,Migration in the Modern World,Second Semester,Undergraduate,6.0,In Person,2022
2139,SOCR8011,Mixed methods social research,Winter Session,Postgraduate,6.0,In Person,2022
2140,COMP8190,Model-Driven Software Development,,Postgraduate,6.0,In Person,2022
2141,IDEC8127,Modelling the Global Economy: techniques and policy implications,Second Semester,Postgraduate,6.0,In Person,2022
2142,ENGL2006,Modern American Fiction,,Undergraduate,6.0,In Person,2022
2143,CHIN1012,Modern Chinese 1: Spoken,First Semester,Undergraduate,6.0,Online or In Person,2022
2144,CHIN1013,Modern Chinese 1: Written,First Semester,Undergraduate,6.0,Online or In Person,2022
2145,CHIN2022,Modern Chinese 2: Spoken,Second Semester,Undergraduate,6.0,Online or In Person,2022
2146,CHIN2023,Modern Chinese 2: Written,Second Semester,Undergraduate,6.0,Online or In Person,2022
2147,CHIN2014,Modern Chinese 3,First Semester,Undergraduate,6.0,Online or In Person,2022
2148,CHIN2017,Modern Chinese 4,Second Semester,Undergraduate,6.0,Online or In Person,2022
2149,CHIN3022,Modern Chinese 5,First Semester,Undergraduate,6.0,Online or In Person,2022
2150,CHIN3023,Modern Chinese 6,Second Semester,Undergraduate,6.0,Online or In Person,2022
2151,MEAS3005,"Modern Iraq: State, Politics and Society",Second Semester,Undergraduate,6.0,Online or In Person,2022
2152,MEAS6005,"Modern Iraq: State, Politics and Society",Second Semester,Postgraduate,6.0,In Person,2022
2153,CHEM8032,Modern Materials Applications,First Semester,Postgraduate,6.0,In Person,2022
2154,CHEM8030,Modern Materials Characterisation,First Semester,Postgraduate,6.0,In Person,2022
2155,PHIL2074,Modern Theories of Knowledge,,Undergraduate,6.0,In Person,2022
2156,MEAS2003,"Modern Turkey: History, Politics and Culture",,Undergraduate,6.0,In Person,2022
2157,MEAS6503,"Modern Turkey: History, Politics and Culture",,Postgraduate,6.0,In Person,2022
2158,BIOL2162,Molecular Gene Technology,Second Semester,Undergraduate,6.0,In Person,2022
2159,BIOL6162,Molecular Gene Technology,Second Semester,Postgraduate,6.0,In Person,2022
2160,CHEM3208,Molecular Modeling and Computational Chemistry,Second Semester,Undergraduate,6.0,In Person,2022
2161,CHEM6208,Molecular Modelling and Computational Chemistry,Second Semester,Postgraduate,6.0,In Person,2022
2162,ECON2026,Money and Banking,First Semester,Undergraduate,6.0,In Person,2022
2163,MNGL1002,Mongolian 1,First Semester,Undergraduate,6.0,Online,2022
2164,MNGL1003,Mongolian 2,Second Semester,Undergraduate,6.0,Online,2022
2165,MNGL2002,Mongolian 3,First Semester,Undergraduate,6.0,Online,2022
2166,MNGL2003,Mongolian 4,Second Semester,Undergraduate,6.0,Online,2022
2167,LAWS4305,"Mooting, Advocacy and Process",,Undergraduate,6.0,In Person,2022
2168,SCRN2001,Moving Pictures: Genre and Theory in Screen Studies,,Undergraduate,6.0,In Person,2022
2169,SPAN2604,Multilingualism and indigenous peoples in the Americas,,Undergraduate,6.0,In Person,2022
2170,MUSC8017,Museums and Collections: Key Concepts and Practices,First Semester,Postgraduate,6.0,Online or In Person,2022
2171,MUSC8011,Museums and Heritage Extended Research Project,Summer Session/First Semester/Autumn Session/Winter Session/Second Semester/Spring Session,Postgraduate,12.0,Online or In Person,2022
2172,MUSC8009,Museums and Heritage Research Project,Summer Session/First Semester/Autumn Session/Winter Session/Second Semester/Spring Session,Postgraduate,6.0,Online or In Person,2022
2173,MUSI2220,Music Ensemble,First Semester/Second Semester,Undergraduate,6.0,In Person,2022
2174,MUSI8014,Music Graduate Chamber Ensemble,,Postgraduate,6.0,In Person,2022
2175,MUSI8012,Music Graduate Exegesis,First Semester/Second Semester,Postgraduate,6.0,In Person,2022
2176,MUSI4412,Music Honours Ensemble,First Semester/Second Semester,Undergraduate,6.0,In Person,2022
2177,MUSI4410,Music Honours Exegesis,Second Semester,Undergraduate,6.0,In Person,2022
2178,MUSI4411,Music Honours Extended Exegesis,Second Semester,Undergraduate,12.0,In Person,2022
2179,MUSI1101,Music Performance 1,First Semester,Undergraduate,6.0,In Person,2022
2180,MUSI1102,Music Performance 2,First Semester/Second Semester,Undergraduate,6.0,In Person,2022
2181,MUSI2201,Music Performance 3,First Semester/Second Semester,Undergraduate,6.0,In Person,2022
2182,MUSI2202,Music Performance 4,First Semester/Second Semester,Undergraduate,6.0,In Person,2022
2183,MUSI3301,Music Performance 5,First Semester/Second Semester,Undergraduate,6.0,In Person,2022
2184,MUSI3302,Music Performance 6,First Semester/Second Semester,Undergraduate,6.0,In Person,2022
2185,MUSI2205,Music Project,First Semester/Second Semester,Undergraduate,6.0,In Person,2022
2186,MUSI2209,Music Recording and Production Techniques,Second Semester,Undergraduate,6.0,In Person,2022
2187,MUSI6209,Music Recording and Production Techniques,Second Semester,Postgraduate,6.0,In Person,2022
2188,MUSI1105,Music Theory & Aural Skills 1,,Undergraduate,6.0,In Person,2022
2189,MUSI1106,Music Theory & Aural Skills 2,,Undergraduate,6.0,In Person,2022
2190,MUSI3309,Music and Digital Media,First Semester,Undergraduate,6.0,In Person,2022
2191,MUSI6009,Music and Digital Media,First Semester,Postgraduate,6.0,In Person,2022
2192,MUSI6007,Music and Globalisation,Second Semester,Postgraduate,6.0,In Person,2022
2193,MUSI3310,Music and Globalisation,Second Semester,Undergraduate,6.0,In Person,2022
2194,MUSI1109,Music from 1900 to the Present: A Century of Crisis and Change,Second Semester,Undergraduate,6.0,In Person,2022
2195,MUSI2222,Music in the Long 19th Century: From Classicism to Modernism,,Undergraduate,6.0,In Person,2022
2196,MUSI2227,"Music, Sound and the Moving Image",First Semester,Undergraduate,6.0,In Person,2022
2197,SPAN2102,Más que palabras: A Literary Journey around the Hispanic World,,Undergraduate,6.0,Online or In Person,2022
2198,CHEM6313,NMR Spectroscopy and Mass Spectrometry of Small and Large Molecules,First Semester,Postgraduate,6.0,In Person,2022
2199,CHEM3013,NMR spectroscopy and mass spectrometry of small and large molecules,First Semester,Undergraduate,6.0,In Person,2022
2200,ENGN4810,Nanotechnology and Applications,Second Semester,Undergraduate,6.0,In Person,2022
2201,NSPO8006,National Security Policymaking,Second Semester,Postgraduate,6.0,In Person,2022
2202,NSPO8007,National Security: Concepts and Methods,First Semester,Postgraduate,6.0,In Person,2022
2203,ASIA8020,National and Transnational Histories in Asia and the Pacific,First Semester,Postgraduate,6.0,Online or In Person,2022
2204,ASIA2093,Natural Resource Conflicts in Asia and the Pacific,Second Semester,Undergraduate,6.0,Online or In Person,2022
2205,HIST2226,Nazi Germany,,Undergraduate,6.0,In Person,2022
2206,HIST8026,Nazism: The Politics and Practices of Memory,,Postgraduate,6.0,Online or In Person,2022
2207,MGMT2004,Negotiation,Second Semester,Undergraduate,6.0,In Person,2022
2208,DIPL8044,Negotiation and Conflict Resolution,First Semester,Postgraduate,6.0,In Person,2022
2209,ENGN6628,Network Optimisation and Control,Second Semester,Postgraduate,6.0,In Person,2022
2210,COMP3704,Network Security,Second Semester,Undergraduate,6.0,In Person,2022
2211,COMP2410,Networked Information Systems,First Semester,Undergraduate,6.0,In Person,2022
2212,COMP6340,Networked Information Systems,First Semester,Postgraduate,6.0,In Person,2022
2213,COMP8420,"Neural Networks, Deep Learning and Bio-inspired Computing",Autumn Session,Postgraduate,6.0,In Person,2022
2214,COMP8920,"Neural Networks, Deep Learning and Bio-inspired Computing",,Postgraduate,6.0,In Person,2022
2215,COMP4660,"Neural Networks, Deep Learning and Bio-inspired Computing",,Undergraduate,6.0,In Person,2022
2216,PSYC3016,Neuropsychology and Cognitive Neuroscience,First Semester,Undergraduate,6.0,In Person,2022
2217,PSYC6016,Neuropsychology and Cognitive Neuroscience,First Semester,Postgraduate,6.0,In Person,2022
2218,NEUR8704,Neuroscience Essay,Summer Session/First Semester/Autumn Session/Winter Session/Second Semester/Spring Session,Postgraduate,6.0,In Person,2022
2219,NEUR4005,Neuroscience IV Honours (S),,Undergraduate,6.0,In Person,2022
2220,NEUR8010,Neuroscience Research Project,Summer Session/First Semester/Autumn Session/Winter Session/Second Semester/Spring Session,Postgraduate,6.0,In Person,2022
2221,NEUR8700,Neuroscience Research proposal,Summer Session/First Semester/Autumn Session/Winter Session/Second Semester/Spring Session,Postgraduate,6.0,In Person,2022
2222,MEAS2001,New States of Eurasia: Emerging Issues in Politics and Security,Second Semester,Undergraduate,6.0,In Person,2022
2223,MGMT7161,New Venture Creation,Summer Session/First Semester/Autumn Session/Winter Session,Postgraduate,6.0,In Person,2022
2224,PHIL2087,Nietzsche,First Semester,Undergraduate,6.0,In Person,2022
2225,ENGN9820,Non Award Engineering and Computer Science Research Exchange,,Postgraduate,3.0,In Person,2022
2226,PHYS4303,Nonlinear Dynamics in Physics,First Semester,Undergraduate,6.0,In Person,2022
2227,PHYS8303,Nonlinear Dynamics in Physics,First Semester,Postgraduate,6.0,In Person,2022
2228,ASIA2096,"North Korea: History, Culture, Politics",,Undergraduate,6.0,Online or In Person,2022
2229,PHYS8205,Nuclear Fuel Cycle,Second Semester,Postgraduate,6.0,In Person,2022
2230,PHYS8206,Nuclear Measurement,Second Semester,Postgraduate,6.0,In Person,2022
2231,INTR2024,Nuclear Politics in Asia: Challenges and Opportunities,,Undergraduate,6.0,In Person,2022
2232,LAWS8316,Nuclear Security Law,Autumn Session,Postgraduate,6.0,In Person,2022
2233,STST8026,Nuclear Strategy,First Semester,Postgraduate,6.0,Online or In Person,2022
2234,LAWS8013,Nuclear Weapons Law,Summer Session/Spring Session,Postgraduate,6.0,Online or In Person,2022
2235,MATH3301,Number Theory and Cryptography,Second Semester,Undergraduate,6.0,In Person,2022
2236,MATH6114,Number Theory and Cryptography,Second Semester,Postgraduate,6.0,In Person,2022
2237,MATH6119,Numerical Optimisation,Second Semester,Postgraduate,6.0,In Person,2022
2238,MATH3514,Numerical Optimisation,Second Semester,Undergraduate,6.0,In Person,2022
2239,BIAN2119,"Nutrition, Disease and the Environment",,Undergraduate,6.0,In Person,2022
2240,ASTR4011,Observational Techniques,First Semester,Undergraduate,6.0,In Person,2022
2241,ASTR8011,Observational Techniques,First Semester,Postgraduate,6.0,In Person,2022
2242,COMP3702,Offensive Cyber Security Operations,,Undergraduate,6.0,In Person,2022
2243,SOCR8006,Online Research Methods,Second Semester,Postgraduate,6.0,Online or In Person,2022
2244,SOCR4006,Online Research Methods,Second Semester,Undergraduate,6.0,Online or In Person,2022
2245,SOCY2169,Online Research Methods,Second Semester,Undergraduate,6.0,Online or In Person,2022
2246,IDEC8008,"Open Economy Macroeconomics, Finance, and Development",Second Semester,Postgraduate,6.0,In Person,2022
2247,ARTV6507,Open to Influence: Studio Research,First Semester,Postgraduate,6.0,In Person,2022
2248,ARTV3507,Open to Influence: Studio Research,First Semester,Undergraduate,6.0,In Person,2022
2249,COMP3300,Operating Systems Implementation,,Undergraduate,6.0,In Person,2022
2250,COMP6330,Operating Systems Implementation,,Postgraduate,6.0,In Person,2022
2251,STST8106,Operations I,Autumn Session,Postgraduate,12.0,In Person,2022
2252,STST8104,Operations II,Autumn Session,Postgraduate,12.0,In Person,2022
2253,STST8105,Operations III,Autumn Session,Postgraduate,12.0,In Person,2022
2254,ASTR8016,Optical Instrumentation,Second Semester,Postgraduate,6.0,In Person,2022
2255,PHYS3057,Optical Physics,First Semester,Undergraduate,6.0,In Person,2022
2256,PHYS6500,Optical Physics,First Semester,Postgraduate,6.0,In Person,2022
2257,ENGN3512,Optical Physics,First Semester,Undergraduate,6.0,In Person,2022
2258,ENGN6512,Optical Physics,First Semester,Postgraduate,6.0,In Person,2022
2259,COMP4691,Optimisation,Second Semester,Undergraduate,6.0,In Person,2022
2260,COMP8691,Optimisation,Second Semester,Postgraduate,6.0,In Person,2022
2261,ENGN4628,Optimisation and Control with Uncertainty and Constraints,Second Semester,Undergraduate,6.0,In Person,2022
2262,ECON2125,Optimisation for Economics and Financial Economics,First Semester/Second Semester,Undergraduate,6.0,In Person,2022
2263,ECON8013,Optimisation for Economics and Financial Economics,First Semester/Second Semester,Postgraduate,6.0,In Person,2022
2264,SCNC2201,Optimism and Agency in Times of Change,Second Semester,Undergraduate,6.0,Online or In Person,2022
2265,PHYS8017,Optoelectronics and Integrated Optics,Second Semester,Postgraduate,6.0,In Person,2022
2266,HUMN8038,Oral History and Heritage Practice and Theory,First Semester,Postgraduate,6.0,In Person,2022
2267,CRIM6008,Order in the Courts: An Introduction to the Australian Judicial System,,Postgraduate,6.0,In Person,2022
2268,CRIM2007,Order in the Courts: An Introduction to the Australian Judicial System,,Undergraduate,6.0,Online or In Person,2022
2269,MATH6405,Ordinary Differential Equations and Advanced Vector Calculus,First Semester,Postgraduate,6.0,In Person,2022
2270,MGMT2007,Organisational Behaviour,Second Semester,Undergraduate,6.0,In Person,2022
2271,MGMT8003,Organisational Behaviour,Summer Session/First Semester/Second Semester,Postgraduate,6.0,In Person,2022
2272,ECON4492,Organisational Economics,First Semester,Undergraduate,6.0,In Person,2022
2273,ECON8078,Organisational Economics,First Semester,Postgraduate,6.0,In Person,2022
2274,POGO8080,Organisational Finance and Budgeting,,Postgraduate,6.0,In Person,2022
2275,MGMT8010,Organisational and Ethical Dimensions in Digital Transformation,,Postgraduate,6.0,In Person,2022
2276,CRIM6002,Organised Crime: Understanding a Global Phenomenon,Second Semester,Postgraduate,6.0,In Person,2022
2277,CRIM2002,Organised Crime: Understanding the Underworld,Second Semester,Undergraduate,6.0,In Person,2022
2278,CHEM3203,Organometallic Chemistry,First Semester,Undergraduate,6.0,In Person,2022
2279,CHEM6323,Organometallic Chemistry,First Semester,Postgraduate,6.0,In Person,2022
2280,PHIL2100,Origins of Analytical Philosophy,,Undergraduate,6.0,In Person,2022
2281,POPH8316,Outbreak Investigation,,Postgraduate,6.0,In Person,2022
2282,COMP4630,Overview of Logic and Computation,Second Semester,Undergraduate,6.0,In Person,2022
2283,PPEI4000,PPE Honours Research Methods,First Semester,Undergraduate,12.0,In Person,2022
2284,POLS1008,PPE Integration 1,Second Semester,Undergraduate,6.0,In Person,2022
2285,PHIL2116,PPE Integration 2,Second Semester,Undergraduate,6.0,In Person,2022
2286,ECON3056,"PPE Integration 3: Classic Literature in Politics, Philosophy and Economics",Second Semester,Undergraduate,6.0,In Person,2022
2287,DIPL8013,Pacific Diplomacy,First Semester,Postgraduate,6.0,Online or In Person,2022
2288,BAPA1003,Pacific Encounters: An introduction to Pacific Studies,Autumn Session,Undergraduate,6.0,In Person,2022
2289,PASI1011,Pacific Encounters: An introduction to Pacific Studies,First Semester,Undergraduate,6.0,In Person,2022
2290,PASI3010,Pacific Engagement Project,Second Semester,Undergraduate,6.0,Online or In Person,2022
2291,PASI8305,Pacific Feminisms,Spring Session,Postgraduate,3.0,Online or In Person,2022
2292,PASI8002,Pacific Foundations: From Maritime Societies to Global Cultures,First Semester,Postgraduate,6.0,Online or In Person,2022
2293,PASI8004,Pacific Health Development Post-Covid,Winter Session,Postgraduate,6.0,Online or In Person,2022
2294,PASI3005,Pacific Islands Field School,,Undergraduate,6.0,In Person,2022
2295,PASI6005,Pacific Islands Field School,,Postgraduate,6.0,In Person,2022
2296,POLS2055,Pacific Politics,Second Semester,Undergraduate,6.0,In Person,2022
2297,PASI8315,Pacific Research Methodologies for Development,Spring Session,Postgraduate,3.0,Online or In Person,2022
2298,PASI2001,Pacific Studies in a Globalizing World,First Semester,Undergraduate,6.0,Online or In Person,2022
2299,PASI6001,Pacific Studies in a Globalizing World,First Semester,Postgraduate,6.0,Online or In Person,2022
2300,PASI1012,Pacific Worlds: critical inquiry in Oceania,Second Semester,Undergraduate,6.0,Online or In Person,2022
2301,ARTV2506,Painting: Approaches to Abstraction,First Semester,Undergraduate,6.0,In Person,2022
2302,ARTV2509,Painting: Approaches to Composition and Colour,,Undergraduate,6.0,In Person,2022
2303,ARTV1502,Painting: Composition & Space,Second Semester,Undergraduate,6.0,In Person,2022
2304,ARTV3510,Painting: Critical Analysis and Reflection in the Studio,,Undergraduate,6.0,In Person,2022
2305,ARTV1501,Painting: Introducing Painting,First Semester,Undergraduate,6.0,In Person,2022
2306,ARTV6508,Painting: Materiality and Meaning,,Postgraduate,6.0,In Person,2022
2307,ARTV3508,Painting: Materiality and Meaning,,Undergraduate,6.0,In Person,2022
2308,ARTV2507,Painting: Painting in the Photo Digital Age,Second Semester,Undergraduate,6.0,In Person,2022
2309,ARTV2508,Painting: Taking Your Own Direction,Second Semester,Undergraduate,6.0,In Person,2022
2310,ENVS3029,Palaeo-Environmental Reconstruction,First Semester,Undergraduate,6.0,In Person,2022
2311,ENVS6529,Palaeo-Environmental Reconstruction,First Semester,Postgraduate,6.0,In Person,2022
2312,EMSC3027,Palaeoclimatology and Climate Change,Second Semester,Undergraduate,6.0,Online or In Person,2022
2313,EMSC6027,Palaeoclimatology and Climate Change,Second Semester,Postgraduate,6.0,In Person,2022
2314,NSPO8043,"Pandemics, Infectious Diseases and National Security",Winter Session,Postgraduate,3.0,In Person,2022
2315,LING3031,Papuan Languages,First Semester,Undergraduate,6.0,Online or In Person,2022
2316,LING6031,Papuan languages,First Semester,Postgraduate,6.0,Online or In Person,2022
2317,COMP8300,Parallel Systems,First Semester,Postgraduate,6.0,In Person,2022
2318,COMP4300,Parallel Systems,First Semester,Undergraduate,6.0,In Person,2022
2319,MATH6406,"Partial Differential Equations,  Fourier Analysis and Complex Analysis",Second Semester,Postgraduate,6.0,In Person,2022
2320,POGO8136,Participating in Public Policy: Citizen Engagement and Public Talk,Winter Session,Postgraduate,6.0,In Person,2022
2321,ENVS3007,Participatory Resource Management: Working with Communities and Stakeholders,Winter Session,Undergraduate,6.0,In Person,2022
2322,ENVS6021,Participatory Resource Management: Working with Communities and Stakeholders,Winter Session,Postgraduate,6.0,In Person,2022
2323,ENVS8018,Partnership Research for Agricultural and Natural Resource-Based Development,First Semester,Postgraduate,6.0,In Person,2022
2324,MEDN2002,Pathogenesis of Human Disease,Second Semester,Undergraduate,6.0,In Person,2022
2325,MEDN6002,Pathogenesis of Human Disease,Second Semester,Postgraduate,6.0,In Person,2022
2326,EMDV8011,Payments for Environmental Services,,Postgraduate,6.0,Online or In Person,2022
2327,ASIA2087,Peace Building in the Pacific and Asia,,Undergraduate,6.0,In Person,2022
2328,INTR8052,Peace and Conflict Studies,Second Semester,Postgraduate,6.0,In Person,2022
2329,POLS2123,Peace and Conflict Studies,Second Semester,Undergraduate,6.0,In Person,2022
2330,INTR1022,Peacebuilding and Conflict Resolution,Second Semester,Undergraduate,6.0,In Person,2022
2331,PSYC3011,Perception,,Undergraduate,6.0,In Person,2022
2332,MGMT2006,Personal Leadership,,Undergraduate,6.0,In Person,2022
2333,PSYC3026,Personality Psychology,Second Semester,Undergraduate,6.0,In Person,2022
2334,CHMD8014,"Perspectives on Culture, Health and Medicine",Second Semester,Postgraduate,6.0,Online or In Person,2022
2335,POGO8232,Persuasion for Policymakers,Spring Session,Postgraduate,3.0,In Person,2022
2336,PHIL2122,Philosophy and Public Policy,First Semester,Undergraduate,6.0,In Person,2022
2337,PHIL2123,Philosophy and Science Fiction,,Undergraduate,6.0,In Person,2022
2338,PHIL2061,Philosophy of Mind,First Semester,Undergraduate,6.0,In Person,2022
2339,PHIL2128,Philosophy of Physics,Second Semester,Undergraduate,6.0,In Person,2022
2340,PHIL2057,Philosophy of Science,First Semester,Undergraduate,6.0,Online or In Person,2022
2341,MATH1042,Philosophy of the Cosmos,First Semester,Undergraduate,6.0,In Person,2022
2342,PHIL2042,Philosophy of the Cosmos,First Semester,Undergraduate,6.0,In Person,2022
2343,PHIL3076,Philosophy of the Life Sciences,,Undergraduate,6.0,In Person,2022
2344,PHIL2290,"Philosophy, AI and Society",,Undergraduate,6.0,Online or In Person,2022
2345,ARTV6610,PhotoVideo: Interrogating the Camera,Second Semester,Postgraduate,6.0,In Person,2022
2346,ARTV1610,PhotoVideo: Interrogating the Camera,Second Semester,Undergraduate,6.0,In Person,2022
2347,ARTH6050,Photography and Art,,Postgraduate,6.0,In Person,2022
2348,ARTH2050,Photography and Art,,Undergraduate,6.0,In Person,2022
2349,ARTV1602,Photomedia: Colour Photography and Digital Skills,,Undergraduate,6.0,In Person,2022
2350,ARTV6602,Photomedia: Colour Photography and Digital Skills,,Postgraduate,6.0,In Person,2022
2351,ARTV6606,Photomedia: Digital Photography and Studio Lighting,,Postgraduate,6.0,In Person,2022
2352,ARTV2606,Photomedia: Digital Photography and Studio Lighting,,Undergraduate,6.0,In Person,2022
2353,ARTV2608,Photomedia: Experimental Processes,First Semester,Undergraduate,6.0,In Person,2022
2354,ARTV6608,Photomedia: Experimental Processes,First Semester,Postgraduate,6.0,In Person,2022
2355,PHYS3051,Photonic Sensing Systems,Second Semester,Undergraduate,6.0,In Person,2022
2356,ENGN4613,Photonic Sensing Systems,Second Semester,Undergraduate,6.0,In Person,2022
2357,ENGN6613,Photonic Sensing Systems,Second Semester,Postgraduate,6.0,In Person,2022
2358,PHYS6502,Photonic Sensing Systems,Second Semester,Postgraduate,6.0,In Person,2022
2359,PHYS3005,Photonics Laboratory,First Semester,Undergraduate,6.0,In Person,2022
2360,PHYS8015,Photonics Laboratory,First Semester,Postgraduate,6.0,In Person,2022
2361,PHYS8014,Photonics in Biotechnology and Nanotechnology,First Semester,Postgraduate,6.0,In Person,2022
2362,ENGN8830,Photovoltaic Power Plants,Second Semester,Postgraduate,6.0,In Person,2022
2363,ENGN4524,Photovoltaic Technologies,First Semester,Undergraduate,6.0,In Person,2022
2364,ENGN6524,Photovoltaic Technologies,First Semester,Postgraduate,6.0,In Person,2022
2365,PHYS1201,Physics 2,Second Semester,Undergraduate,6.0,In Person,2022
2366,PHYS3104,Physics Advanced Laboratory,First Semester/Second Semester,Undergraduate,6.0,In Person,2022
2367,PHYS1101,Physics I,First Semester/Second Semester,Undergraduate,6.0,In Person,2022
2368,PHYS6205,Physics for Future Leaders,Second Semester,Postgraduate,6.0,In Person,2022
2369,PHYS2205,Physics for Future Leaders,Second Semester,Undergraduate,6.0,In Person,2022
2370,PHYS1013,Physics of Materials,,Undergraduate,6.0,In Person,2022
2371,PHYS3105,Physics of Matter,First Semester,Undergraduate,6.0,In Person,2022
2372,PHYS6105,Physics of Matter,First Semester,Postgraduate,6.0,In Person,2022
2373,PHYS6070,Physics of the Earth,Second Semester,Postgraduate,6.0,In Person,2022
2374,PHYS3070,Physics of the Earth,Second Semester,Undergraduate,6.0,In Person,2022
2375,EMSC4008,Physics of the Earth Honours Reseach Project,First Semester/Second Semester,Undergraduate,3.0,In Person,2022
2376,ARTV6824,"Place, Time and Wood",,Postgraduate,6.0,In Person,2022
2377,ARTV1804,"Place, time, and wood",,Undergraduate,6.0,In Person,2022
2378,HIST6112,"Plagues, Pandemics and Public Health in History",,Postgraduate,6.0,In Person,2022
2379,HIST2112,"Plagues, Pandemics and Public Health in History",First Semester,Undergraduate,6.0,In Person,2022
2380,EMSC3022,Planetary Science,Second Semester,Undergraduate,6.0,In Person,2022
2381,EMSC6022,Planetary Science,Second Semester,Postgraduate,6.0,In Person,2022
2382,LAWS8146,Planning and Environmental Impact Assessment,Autumn Session,Postgraduate,6.0,Online or In Person,2022
2383,BIOL3125,Plants and Global Climate Change,Second Semester,Undergraduate,6.0,In Person,2022
2384,BIOL6125,Plants and Global Climate Change,Second Semester,Postgraduate,6.0,In Person,2022
2385,BIOL3002,Plants: Genes and the Environment,,Undergraduate,6.0,In Person,2022
2386,BIOL6002,Plants: Genes to Environment,,Postgraduate,6.0,In Person,2022
2387,ARTH8022,Points of View: Developing Strategies for Independent Research in Art & Design,First Semester,Postgraduate,12.0,In Person,2022
2388,CRIM2013,Policing,First Semester,Undergraduate,6.0,In Person,2022
2389,CRIM6013,Policing,First Semester,Postgraduate,6.0,In Person,2022
2390,POGO8083,Policy Advocacy,Winter Session,Postgraduate,6.0,In Person,2022
2391,CRWF7002,Policy Field School,,Postgraduate,6.0,In Person,2022
2392,POGO8096,Policy Research,Second Semester,Postgraduate,6.0,In Person,2022
2393,POGO8233,Policy Tools & Mixes,Autumn Session,Postgraduate,3.0,In Person,2022
2394,POLS2102,Political Belief and Deceit,Second Semester,Undergraduate,6.0,In Person,2022
2395,POLS8052,Political Economy of Development,Second Semester,Postgraduate,6.0,In Person,2022
2396,PASI8009,Political Economy of Elections in Melanesia,Summer Session,Postgraduate,6.0,Online or In Person,2022
2397,POLS3039,Political Leadership and Executive Government,First Semester,Undergraduate,6.0,In Person,2022
2398,PASI3001,Politics and Development in the Contemporary Pacific,First Semester,Undergraduate,6.0,Online or In Person,2022
2399,BAPA3003,Politics and Development in the Contemporary Pacific,Autumn Session,Undergraduate,6.0,Online or In Person,2022
2400,ASIA2049,Politics and Society in Contemporary Korea,Second Semester,Undergraduate,6.0,Online or In Person,2022
2401,POLS3070,Politics in Central Asia,First Semester,Undergraduate,6.0,In Person,2022
2402,POLS2095,Politics in Latin America,,Undergraduate,6.0,In Person,2022
2403,POLS2069,Politics in Russia,First Semester,Undergraduate,6.0,In Person,2022
2404,POLS2031,Politics in the Middle East,Second Semester,Undergraduate,6.0,In Person,2022
2405,ARTV2810,"Politics of Bodies: Sculpture, Figure Modelling, Performance and Choreography",Second Semester,Undergraduate,6.0,In Person,2022
2406,ARTV6810,"Politics of Bodies: Sculpture, Figure Modelling, Performance and Choreography",,Postgraduate,6.0,In Person,2022
2407,ARTV2802,"Politics of Memory: Video Installation, Sculpture, Documentary and Monuments",,Undergraduate,6.0,In Person,2022
2408,ARTV6822,"Politics of Memory: Video Installation, Sculpture, Documentary and Monuments",,Postgraduate,6.0,In Person,2022
2409,STST2124,Politics of Nuclear Weapons,First Semester,Undergraduate,6.0,Online or In Person,2022
2410,ARTV2820,"Politics of Spaces: Installation, Sculpture and Spatial Practice",,Undergraduate,6.0,In Person,2022
2411,ARTV6820,"Politics of Spaces: Installation, Sculpture and Spatial Practice",,Postgraduate,6.0,In Person,2022
2412,ASIA2074,Popular Culture in East Asia,,Undergraduate,6.0,Online or In Person,2022
2413,ASIA6074,Popular Culture in East Asia,,Postgraduate,6.0,Online or In Person,2022
2414,MUSI6006,Popular Music: In Culture and in Context,First Semester,Postgraduate,6.0,Online or In Person,2022
2415,MUSI3317,Popular Music: In Culture and in Context,First Semester,Undergraduate,6.0,In Person,2022
2416,DEMO2002,Population Analysis,First Semester,Undergraduate,6.0,Online or In Person,2022
2417,POPH4005,Population Health Honours project,First Semester/Second Semester,Undergraduate,6.0,Online or In Person,2022
2418,DEMO8090,Population Issues in Asia and their Implications for World Development,,Postgraduate,6.0,In Person,2022
2419,DEMO3001,Population Policy Case Studies,Second Semester,Undergraduate,6.0,In Person,2022
2420,DEMO8091,Population Projections and Dynamics,,Postgraduate,6.0,In Person,2022
2421,DEMO4091,Population Projections and Dynamics,,Undergraduate,6.0,In Person,2022
2422,DEMO9024,Population and Society,First Semester,Postgraduate,6.0,In Person,2022
2423,DEMO8024,Population and Society: Theory and Empirical Perspectives,First Semester,Postgraduate,6.0,In Person,2022
2424,DEMO8088,"Population, Climate Change and Sustainable Development",,Postgraduate,6.0,In Person,2022
2425,SOCY2167,"Populism in Media, Culture and Society",Second Semester,Undergraduate,6.0,In Person,2022
2426,FINM3008,Portfolio Construction,First Semester/Second Semester,Undergraduate,6.0,In Person,2022
2427,LAWS8314,Post Conflict Situations and International Law,Spring Session,Postgraduate,6.0,In Person,2022
2428,ARTV1614,Post-Digital Photography: Bending the Image,First Semester,Undergraduate,6.0,Online or In Person,2022
2429,ARTV6614,Post-Digital Photography: Bending the Image,First Semester,Postgraduate,6.0,Online or In Person,2022
2430,PHIL9011,Postgraduate Training in Philosophy: Foundations Seminar,First Semester/Autumn Session/Second Semester/Spring Session,Postgraduate,12.0,In Person,2022
2431,SOCY3010,Posthuman Bodies,,Undergraduate,6.0,In Person,2022
2432,GEND3001,Posthuman Bodies,,Undergraduate,6.0,In Person,2022
2433,ARTV2821,"Posthuman Sculpture Practice with Active Materials: Bronze Casting, 3D Modelling and Bio Art",Second Semester,Undergraduate,6.0,In Person,2022
2434,ARTV6821,"Posthuman Sculpture Practice with Active Materials: Bronze Casting, 3D Modelling and Bio Art",Second Semester,Postgraduate,6.0,In Person,2022
2435,GEND6501,Posthuman bodies,,Postgraduate,6.0,In Person,2022
2436,POGO8004,Poverty Reduction,Summer Session,Postgraduate,6.0,Online or In Person,2022
2437,ENGN4625,Power Systems and Power Electronics,Second Semester,Undergraduate,6.0,In Person,2022
2438,ENGN6625,Power Systems and Power Electronics,Second Semester,Postgraduate,6.0,In Person,2022
2439,POLS2136,Power and influence in world politics,,Undergraduate,6.0,In Person,2022
2440,ENGN3100,Practical Experience,Summer Session/First Semester/Winter Session/Second Semester,Undergraduate,0.0,In Person,2022
2441,POGO8140,Practice-Based Project,,Postgraduate,12.0,In Person,2022
2442,ARTV8038,Practice-led Research Project,First Semester/Second Semester,Postgraduate,6.0,In Person,2022
2443,ARTV8040,Practice-led Research Project - Extended,,Postgraduate,18.0,In Person,2022
2444,ARTV8039,Practice-led Research Project - Major,,Postgraduate,12.0,In Person,2022
2445,DESA1021,Precise Drawing and Model Making,First Semester,Undergraduate,6.0,In Person,2022
2446,PSYC8513,Preparation for Professional Psychology Placement,First Semester,Postgraduate,6.0,In Person,2022
2447,POLS2043,Pressure Groups and Political Lobbying,,Undergraduate,6.0,In Person,2022
2448,BIAN6514,Primate Behaviour and Conservation,Second Semester,Postgraduate,6.0,Online or In Person,2022
2449,BIAN3127,Primate Behaviour and Conservation,Second Semester,Undergraduate,6.0,Online or In Person,2022
2450,PHYS8013,Principles of Energy Generation and Transformation,First Semester,Postgraduate,6.0,In Person,2022
2451,LAWS8182,Principles of International Law,Summer Session/Winter Session,Postgraduate,6.0,Online or In Person,2022
2452,MGMT8999,Principles of Management,Autumn Session/Spring Session,Postgraduate,0.0,In Person,2022
2453,STAT6039,Principles of Mathematical Statistics,First Semester/Second Semester,Postgraduate,6.0,In Person,2022
2454,STAT6013,Principles of Mathematical Statistics for Actuarial Studies,First Semester/Second Semester,Postgraduate,6.0,In Person,2022
2455,DEMO9008,Principles of Population Analysis,First Semester,Postgraduate,6.0,In Person,2022
2456,DEMO8008,Principles of Population Analysis,First Semester,Postgraduate,6.0,Online,2022
2457,COMP3610,Principles of Programming Languages,,Undergraduate,6.0,In Person,2022
2458,COMP6361,Principles of Programming Languages,,Postgraduate,6.0,In Person,2022
2459,POGO8084,Principles of Social Policy,Autumn Session,Postgraduate,6.0,In Person,2022
2460,BUSN3014,Principles of Tax Law,First Semester/Second Semester,Undergraduate,6.0,In Person,2022
2461,ARTV2708,Printmedia and Drawing: Construct Meaning with Drawing,Second Semester,Undergraduate,6.0,In Person,2022
2462,ARTV2706,Printmedia and Drawing: Drawing Beyond the Line,First Semester,Undergraduate,6.0,In Person,2022
2463,ARTV2707,Printmedia and Drawing: Extended Etching and Relief Printing,Second Semester,Undergraduate,6.0,In Person,2022
2464,ARTV2723,Printmedia and Drawing: Extended Screen Printing,First Semester,Undergraduate,6.0,In Person,2022
2465,ARTV2727,Printmedia and Drawing: Lithography,First Semester,Undergraduate,6.0,In Person,2022
2466,ARTV2717,Printmedia and Drawing: The Book as Art,,Undergraduate,6.0,In Person,2022
2467,ARTV6717,Printmedia and Drawing: The Book as Art,,Postgraduate,6.0,In Person,2022
2468,ARTV2715,Printmedia and Drawing: Typography,,Undergraduate,6.0,In Person,2022
2469,LAWS6304,Prison Legal Literacy Clinic,First Semester/Second Semester,Postgraduate,6.0,In Person,2022
2470,LAWS4304,Prison Legal Literacy Clinic,First Semester/Second Semester,Undergraduate,6.0,In Person,2022
2471,MATH6109,Probability Theory with Applications,First Semester,Postgraduate,6.0,In Person,2022
2472,MATH3029,Probability Theory with Applications,First Semester,Undergraduate,6.0,In Person,2022
2473,ENGN8538,Probability and Stochastic Processes in Engineering,First Semester,Postgraduate,6.0,In Person,2022
2474,ARCH3006,Professional Archaeology,Autumn Session,Undergraduate,6.0,In Person,2022
2475,ANUC1101,Professional Communication,,Undergraduate,6.0,In Person,2022
2476,CRIM3001,Professional Perspectives on Crime and Prevention,Second Semester,Undergraduate,6.0,Online or In Person,2022
2477,COMP6250,Professional Practice 1,First Semester/Second Semester,Postgraduate,6.0,In Person,2022
2478,MEDI8015B,Professional Practice 1,,Postgraduate,0.0,In Person,2022
2479,MEDI8015,Professional Practice 1,First Semester/Second Semester,Postgraduate,0.0,In Person,2022
2480,MEDI8015A,Professional Practice 1,,Postgraduate,0.0,In Person,2022
2481,ENGN6250,Professional Practice 1,First Semester/Second Semester,Postgraduate,6.0,In Person,2022
2482,MEDI8025A,Professional Practice 2,,Postgraduate,0.0,In Person,2022
2483,MEDI8025B,Professional Practice 2,,Postgraduate,0.0,In Person,2022
2484,ENGN8260,Professional Practice 2,First Semester/Second Semester,Postgraduate,6.0,In Person,2022
2485,COMP8260,Professional Practice 2,First Semester/Second Semester,Postgraduate,6.0,In Person,2022
2486,MEDI8025,Professional Practice 2,First Semester/Second Semester,Postgraduate,0.0,In Person,2022
2487,MEDI8035,Professional Practice 3,First Semester/Second Semester,Postgraduate,0.0,In Person,2022
2488,MEDI8035A,Professional Practice 3,,Postgraduate,0.0,In Person,2022
2489,MEDI8035B,Professional Practice 3,,Postgraduate,0.0,In Person,2022
2490,MEDI8045,Professional Practice 4,First Semester/Second Semester,Postgraduate,0.0,In Person,2022
2491,MEDI8045A,Professional Practice 4,,Postgraduate,0.0,In Person,2022
2492,MEDI8045B,Professional Practice 4,,Postgraduate,0.0,In Person,2022
2493,HLTH3002,Professional Practice in Health Science,First Semester/Second Semester,Undergraduate,6.0,In Person,2022
2494,ARTV2027,Professional Practice: Economies and Ecologies in the Australian Cultural Sector,Second Semester,Undergraduate,6.0,In Person,2022
2495,ARTV6027,Professional Practice: Economies and Ecologies in the Australian Cultural Sector,Second Semester,Postgraduate,6.0,In Person,2022
2496,ARTV2028,Professional Practices Internship,,Undergraduate,6.0,In Person,2022
2497,PSYC8522,Professional Psychology Placement,Second Semester,Postgraduate,12.0,In Person,2022
2498,PSYC8412,Professional Psychology Research Project,First Semester/Second Semester,Postgraduate,6.0,In Person,2022
2499,CRIM6001,Professional perspectives on crime and prevention,Second Semester,Postgraduate,6.0,Online or In Person,2022
2500,COMP1100,Programming as Problem Solving,First Semester/Second Semester,Undergraduate,6.0,In Person,2022
2501,COMP1130,Programming as Problem Solving (Advanced),First Semester,Undergraduate,6.0,In Person,2022
2502,COMP1730,Programming for Scientists,First Semester/Second Semester,Undergraduate,6.0,In Person,2022
2503,COMP6730,Programming for Scientists,First Semester/Second Semester,Postgraduate,6.0,In Person,2022
2504,HUMN4005,Project Development and Critical Theory in Digital Humanities,First Semester/Second Semester,Undergraduate,6.0,Online or In Person,2022
2505,MGMT8170,Project Management Masters Thesis,First Semester/Second Semester,Postgraduate,6.0,In Person,2022
2506,INFS3059,Project Management and Information Systems,Second Semester,Undergraduate,6.0,In Person,2022
2507,MGMT7024,Project Monitoring and Control,First Semester,Postgraduate,6.0,In Person,2022
2508,MGMT8005,Project Risk and Issues Management,Second Semester,Postgraduate,6.0,In Person,2022
2509,COMP3740,Project Work in Computing,First Semester/Second Semester,Undergraduate,6.0,In Person,2022
2510,COMP6715,Project Work in Computing,First Semester,Postgraduate,6.0,In Person,2022
2511,CECS8002,Projects in Applied Cybernetics,Summer Session/First Semester/Autumn Session/Winter Session/Second Semester/Spring Session,Postgraduate,6.0,In Person,2022
2512,NSPO8045,Propaganda and information war,Spring Session,Postgraduate,3.0,In Person,2022
2513,LAWS2204,Property,First Semester,Undergraduate,6.0,Online or In Person,2022
2514,LAWS6204,Property,First Semester,Postgraduate,6.0,Online or In Person,2022
2515,ENGN4338,Propulsion Systems,,Undergraduate,6.0,In Person,2022
2516,PHYS8702,Prototyping and Systems Integration,Second Semester,Postgraduate,6.0,In Person,2022
2517,PSYC8413,Psychological Assessment,First Semester,Postgraduate,6.0,In Person,2022
2518,PSYC8421,Psychological Interventions,Second Semester,Postgraduate,6.0,In Person,2022
2519,PSYC1003,"Psychology 1: Understanding Mind, Brain and Behaviour",First Semester,Undergraduate,6.0,In Person,2022
2520,PSYC1004,Psychology 2: Understanding People in Context,Second Semester,Undergraduate,6.0,In Person,2022
2521,PSYC4011,Psychology Honours,Summer Session/First Semester/Second Semester,Undergraduate,12.0,In Person,2022
2522,PSYC3030,Psychology Undergraduate Research Experience,Summer Session/First Semester/Second Semester,Undergraduate,6.0,In Person,2022
2523,PSYC2201,Psychology: From Problems to Solutions,,Undergraduate,6.0,Online or In Person,2022
2524,PSYC3025,Psychopathology Across the Lifespan,First Semester,Undergraduate,6.0,In Person,2022
2525,POGO8137,Public Administration Foundations,First Semester,Postgraduate,6.0,Online or In Person,2022
2526,POLS2130,Public Choice and Politics,Second Semester,Undergraduate,6.0,Online or In Person,2022
2527,POGO8048,Public Finance,,Postgraduate,6.0,In Person,2022
2528,POGO8301,Public Financial Management,Winter Session,Postgraduate,6.0,In Person,2022
2529,POPH8106,Public Health Research Project,First Semester/Autumn Session/Winter Session/Second Semester/Spring Session,Postgraduate,6.0,Online or In Person,2022
2530,POPH8317,Public Health Surveillance,Second Semester,Postgraduate,6.0,In Person,2022
2531,LAWS4284,Public Interest Law Clinic,,Undergraduate,6.0,In Person,2022
2532,LAWS6284,Public Interest Law Clinic,,Postgraduate,6.0,In Person,2022
2533,CRWF8020,Public Policy Professional Experience,Summer Session/First Semester/Autumn Session/Winter Session/Second Semester/Spring Session,Postgraduate,0.0,In Person,2022
2534,CRWF8019,Public Policy and Professional Internship,Summer Session/First Semester/Autumn Session/Winter Session/Second Semester/Spring Session,Postgraduate,6.0,In Person,2022
2535,POGO8132,Public Policy in Cities - Integrating and Governing Change,Summer Session,Postgraduate,3.0,Online or In Person,2022
2536,POLS2002,Public Policy: Theory and Practice,Second Semester,Undergraduate,6.0,In Person,2022
2537,BUSN3006,Public Sector Accounting,,Undergraduate,6.0,In Person,2022
2538,BUSN7006,Public Sector Accounting and Reporting,,Postgraduate,6.0,In Person,2022
2539,ECON4434,Public Sector Economics,First Semester,Undergraduate,6.0,In Person,2022
2540,ECON8034,Public Sector Economics,First Semester,Postgraduate,6.0,In Person,2022
2541,ECON2131,Public Sector Economics (P),First Semester,Undergraduate,6.0,In Person,2022
2542,LAWS8522,Public Sector Employment Law,,Postgraduate,6.0,Online or In Person,2022
2543,POGO8021,Public Sector Ethics,Second Semester,Postgraduate,6.0,Online or In Person,2022
2544,POGO8062,Public Sector Management,Second Semester,Postgraduate,6.0,In Person,2022
2545,POGO8236,Public Strategy,Winter Session,Postgraduate,3.0,Online or In Person,2022
2546,CRIM2008,Punishment and Society: An Introduction to Penology,Second Semester,Undergraduate,6.0,In Person,2022
2547,CHMD8004,Qualitative Methodologies for Health Research,First Semester,Postgraduate,6.0,Online or In Person,2022
2548,POLS3045,Qualitative Methods in Political Science Research,First Semester,Undergraduate,6.0,In Person,2022
2549,SOCR8003,Qualitative Research Analysis,,Postgraduate,6.0,In Person,2022
2550,SOCR4003,Qualitative Research Analysis,,Undergraduate,6.0,In Person,2022
2551,MGMT4018,Qualitative Research Methods,First Semester,Undergraduate,6.0,In Person,2022
2552,MGMT8018,Qualitative Research Methods,First Semester,Postgraduate,6.0,In Person,2022
2553,ENVS2014,Qualitative Research Methods for Sustainability,,Undergraduate,6.0,In Person,2022
2554,ENVS6014,Qualitative Research Methods for Sustainability,,Postgraduate,6.0,In Person,2022
2555,LING9026,Qualitative Research Methods in Language Studies,First Semester,Postgraduate,6.0,In Person,2022
2556,LING8026,Qualitative Research Methods in Language Studies,First Semester,Postgraduate,6.0,In Person,2022
2557,POLS4044,Qualitative Research in Politics,Second Semester,Undergraduate,6.0,In Person,2022
2558,POLS8044,Qualitative Research in Politics,Second Semester,Postgraduate,6.0,In Person,2022
2559,SOCR4008,Qualitative Social Research,First Semester,Undergraduate,6.0,In Person,2022
2560,SOCR8008,Qualitative data collection,First Semester,Postgraduate,6.0,In Person,2022
2561,IDEC8014,Quantitative Financial Economics,Summer Session,Postgraduate,6.0,In Person,2022
2562,IDEC8010,Quantitative International Economics,Second Semester,Postgraduate,6.0,In Person,2022
2563,IDEC8012,Quantitative Methods for Monetary Policy Analysis,Winter Session,Postgraduate,6.0,In Person,2022
2564,PSYC2009,Quantitative Methods in Psychology,First Semester,Undergraduate,6.0,In Person,2022
2565,IDEC8026,Quantitative Policy Impact Evaluation,Second Semester,Postgraduate,6.0,In Person,2022
2566,STAT1008,Quantitative Research Methods,First Semester/Second Semester,Undergraduate,6.0,In Person,2022
2567,LING8027,Quantitative Research Methods in Linguistics,Second Semester,Postgraduate,6.0,In Person,2022
2568,LING9027,Quantitative Research Methods in Linguistics,Second Semester,Postgraduate,6.0,In Person,2022
2569,MGMT4019,Quantitative Research Methods in Management,First Semester,Undergraduate,6.0,In Person,2022
2570,MGMT8019,Quantitative Research Methods in Management,First Semester,Postgraduate,6.0,In Person,2022
2571,POLS8042,Quantitative Research for Political Science,Second Semester,Postgraduate,12.0,In Person,2022
2572,SOCR4009,Quantitative Social Research,,Undergraduate,6.0,In Person,2022
2573,SOCR8009,Quantitative data collection,,Postgraduate,6.0,In Person,2022
2574,PHYS6201,Quantum Field Theory,Second Semester,Postgraduate,6.0,In Person,2022
2575,PHYS3201,Quantum Field Theory,Second Semester,Undergraduate,6.0,In Person,2022
2576,PHYS8302,Quantum Field Theory II,First Semester,Postgraduate,6.0,In Person,2022
2577,PHYS8752,Quantum Industry,Second Semester,Postgraduate,6.0,In Person,2022
2578,PHYS2013,Quantum Mechanics,First Semester,Undergraduate,6.0,In Person,2022
2579,PHYS6013,Quantum Mechanics,First Semester,Postgraduate,6.0,In Person,2022
2580,PHYS4304,Quantum Scattering,First Semester,Undergraduate,6.0,In Person,2022
2581,PHYS8304,Quantum Scattering,First Semester,Postgraduate,6.0,In Person,2022
2582,PHYS8751,Quantum Technology,Second Semester,Postgraduate,6.0,In Person,2022
2583,FINM8500,RSFAS Masters Thesis,First Semester/Second Semester,Postgraduate,12.0,In Person,2022
2584,ACST8500,RSFAS Masters Thesis,First Semester/Second Semester,Postgraduate,12.0,In Person,2022
2585,STAT8500,RSFAS Masters Thesis,First Semester/Second Semester,Postgraduate,6.0,In Person,2022
2586,INTR8083,Race and Global Politics: Re-imagining a Discipline,,Postgraduate,6.0,In Person,2022
2587,HIST2133,"Race and Racism in Western Culture, c.1450–1950",,Undergraduate,6.0,In Person,2022
2588,HIST6133,"Race and Racism in Western Culture, c.1450–1950",,Postgraduate,6.0,Online or In Person,2022
2589,ASIA8023,"Race, Culture, and the Asian Body in the Age of Biotech",Spring Session,Postgraduate,6.0,Online or In Person,2022
2590,POLS2135,"Race, Ethnicity and Representation",,Undergraduate,6.0,Online,2022
2591,INTR8079,Radical and Reactionary Ideas in International Politics,,Postgraduate,6.0,In Person,2022
2592,PHYS6701,Rapid Prototyping,First Semester,Postgraduate,6.0,In Person,2022
2593,PHIL2125,Rationality and Social Cooperation,,Undergraduate,6.0,In Person,2022
2594,PHYS8202,Reactor Science,First Semester,Postgraduate,6.0,In Person,2022
2595,CHST3211,Reading China: Past and Present,First Semester,Undergraduate,6.0,Online or In Person,2022
2596,CHST3212,Reading Chinese Literature: Theory and Criticism,Second Semester,Undergraduate,6.0,Online or In Person,2022
2597,ENGL4019,Reading Context: Topics in Production and Reception of Texts,Second Semester,Undergraduate,12.0,Online or In Person,2022
2598,ENGL8019,Reading Context: Topics in Production and Reception of Texts,Second Semester,Postgraduate,12.0,Online or In Person,2022
2599,GEND6002,Reading Popular Culture: An Introduction to Cultural Studies,,Postgraduate,6.0,In Person,2022
2600,GEND1002,Reading Popular Culture: An Introduction to Cultural Studies,Second Semester,Undergraduate,6.0,In Person,2022
2601,RUSS1003,Reading Russian for Academic Purposes I,First Semester,Undergraduate,6.0,In Person,2022
2602,RUSS1004,Reading Russian for Academic Purposes II,Second Semester,Undergraduate,6.0,In Person,2022
2603,ENGL1013,Reading across Time and Space: Literary Contexts,Second Semester,Undergraduate,6.0,In Person,2022
2604,INTR9072,"Reading, thinking, Doing International Relations",Second Semester,Postgraduate,6.0,Online or In Person,2022
2605,LING8003,Readings in Applied Linguistics,First Semester/Second Semester,Postgraduate,6.0,Online or In Person,2022
2606,ARTH8016,Readings in Art History and Curatorial Studies,First Semester,Postgraduate,6.0,Online or In Person,2022
2607,ASIA3012,Readings in Asian Societies and Histories,First Semester/Second Semester,Undergraduate,6.0,In Person,2022
2608,CLAS4008,Readings in Classics,,Undergraduate,6.0,In Person,2022
2609,CLAS8008,Readings in Classics,,Postgraduate,6.0,In Person,2022
2610,HIST8021,Readings in History,First Semester/Second Semester,Postgraduate,6.0,Online or In Person,2022
2611,INDG9002,Readings in Indigenous Studies,First Semester/Second Semester,Postgraduate,6.0,In Person,2022
2612,PASI3012,Readings in Indigenous Studies,First Semester/Second Semester,Undergraduate,6.0,In Person,2022
2613,NEUR8701,Readings in Neuroscience,First Semester/Second Semester,Postgraduate,6.0,In Person,2022
2614,PHIL4009,Readings in Philosophy,First Semester/Second Semester,Undergraduate,6.0,In Person,2022
2615,BIAN8003,Readings in Primatology/Palaeoanthropology,First Semester/Second Semester,Postgraduate,6.0,In Person,2022
2616,COMP4330,Real-Time & Embedded Systems,,Undergraduate,6.0,In Person,2022
2617,COMP8330,Real-Time Embedded Systems,,Postgraduate,6.0,In Person,2022
2618,ENGL2087,"Reality Effects: Truth, Representation and Narrative Form",,Undergraduate,6.0,In Person,2022
2619,ENGL6087,"Reality Effects: Truth, Representation and Narrative Form",,Postgraduate,6.0,In Person,2022
2620,ASIA6042,Reconciliation and the Memory of Conflict in Asia,First Semester,Postgraduate,6.0,Online or In Person,2022
2621,ASIA3029,Reconciliation and the memory of conflict in Asia,First Semester,Undergraduate,6.0,Online or In Person,2022
2622,BIOL3178,Recovering Threatened Species and Ecosystems,First Semester,Undergraduate,6.0,In Person,2022
2623,BIOL6178,Recovering Threatened Species and Ecosystems,First Semester,Postgraduate,6.0,In Person,2022
2624,CHMD8011,Refugee Health: From Displacement to Resettlement,First Semester,Postgraduate,6.0,Online or In Person,2022
2625,LAWS8471,Refugee Law,First Semester,Postgraduate,6.0,Online or In Person,2022
2626,LAWS4271,Refugee Law,First Semester,Undergraduate,6.0,Online or In Person,2022
2627,POLS6101,Refugee Politics: Displacement and Exclusion in the 20th and 21st Centuries,,Postgraduate,6.0,In Person,2022
2628,POLS2101,Refugee Politics: Displacement and Exclusion in the 20th and 21st Centuries,,Undergraduate,6.0,In Person,2022
2629,INTR8082,Regionalism and Southeast Asia,,Postgraduate,6.0,In Person,2022
2630,INTR2028,"Regionalism, Rights and Order in Southeast Asia",Second Semester,Undergraduate,6.0,In Person,2022
2631,STAT2008,Regression Modelling,First Semester/Second Semester,Undergraduate,6.0,In Person,2022
2632,STAT6038,Regression Modelling,First Semester/Autumn Session/Second Semester,Postgraduate,6.0,In Person,2022
2633,STAT4038,Regression Modelling,First Semester/Second Semester,Undergraduate,6.0,In Person,2022
2634,STAT6014,Regression Modelling for Actuarial Studies,First Semester/Second Semester,Postgraduate,6.0,In Person,2022
2635,STAT2014,Regression Modelling for Actuarial Studies,First Semester/Second Semester,Undergraduate,6.0,In Person,2022
2636,REGN8051,Regulating Asia,,Postgraduate,3.0,In Person,2022
2637,REGN8049,Regulating Disruptive Technologies,Winter Session,Postgraduate,3.0,In Person,2022
2638,REGN9052,Regulation and Governance,Summer Session,Postgraduate,6.0,In Person,2022
2639,REGN8052,Regulation and Governance,Summer Session,Postgraduate,6.0,In Person,2022
2640,REGN8009,Regulation and Governance Research Project,First Semester/Second Semester,Postgraduate,6.0,In Person,2022
2641,REGN8057,Regulation and Governance Research and Practice Clinic,Second Semester,Postgraduate,6.0,In Person,2022
2642,LAWS8589,Regulation of Religious Activities,,Postgraduate,6.0,In Person,2022
2643,COMP2400,Relational Databases,Second Semester,Undergraduate,6.0,In Person,2022
2644,COMP6240,Relational Databases,Second Semester,Postgraduate,6.0,In Person,2022
2645,SOCY2057,"Relationships, Marriage and Family",,Undergraduate,6.0,In Person,2022
2646,GEND2057,"Relationships, Marriage and Family",,Undergraduate,6.0,In Person,2022
2647,HIST2172,"Remembering Anzac: A study tour of commemorative landscapes, museums and memorials across Australia",Winter Session,Undergraduate,12.0,In Person,2022
2648,ARTH2168,Renaissance and Baroque Art,,Undergraduate,6.0,In Person,2022
2649,ARTH6168,Renaissance and Baroque Art,,Postgraduate,6.0,In Person,2022
2650,MUSC8019,"Repatriation: Principles, Policy and Practice",Winter Session,Postgraduate,6.0,Online or In Person,2022
2651,ARTV1902,"Repeat: Pattern and Disintegration - Textile, Print, Painting",Second Semester,Undergraduate,6.0,In Person,2022
2652,CHMD8005,"Representing Medicine: Performance, Drama and Identity",Second Semester,Postgraduate,6.0,Online or In Person,2022
2653,COMP8100,Requirements Elicitation and Analysis Techniques,,Postgraduate,6.0,In Person,2022
2654,POGO9098,Research Analysis and Statistics,,Postgraduate,6.0,In Person,2022
2655,BIAN6019,Research Design and Analysis in Archaeological and Evolutionary Science,Second Semester,Postgraduate,6.0,In Person,2022
2656,BIAN3014,Research Design and Analysis in Biological Anthropology,Second Semester,Undergraduate,6.0,In Person,2022
2657,ANTH8070,Research Design and Field Methods in Anthropology,,Postgraduate,6.0,In Person,2022
2658,POPH4315,Research Design and Methods,First Semester,Undergraduate,6.0,Online or In Person,2022
2659,POPH8315,Research Design and Methods,First Semester,Postgraduate,6.0,Online or In Person,2022
2660,ARCH9106,Research Design and Research Proposal,First Semester/Second Semester,Postgraduate,12.0,In Person,2022
2661,ASIA9075,"Research Design and Writing in International, Political and Strategic Studies",First Semester,Postgraduate,6.0,In Person,2022
2662,POGO9097,Research Design for Public Policy,Summer Session,Postgraduate,6.0,In Person,2022
2663,POLS8058,Research Design in Political Science,First Semester,Postgraduate,6.0,In Person,2022
2664,ACST8050,Research Essay in Actuarial Studies,First Semester/Second Semester,Postgraduate,6.0,In Person,2022
2665,STAT8053,Research Essay in Statistics,First Semester/Second Semester,Postgraduate,6.0,In Person,2022
2666,SOCY3001,Research Internship,Second Semester,Undergraduate,6.0,In Person,2022
2667,PSYC8411,Research Methods and Statistics in Professional Psychology,First Semester,Postgraduate,6.0,In Person,2022
2668,EMSC4017,Research Methods for Earth Sciences,First Semester/Second Semester,Undergraduate,6.0,In Person,2022
2669,EMSC8017,Research Methods for Earth Sciences,First Semester/Second Semester,Postgraduate,6.0,In Person,2022
2670,EMDV8102,Research Methods for Environmental Management and Development,First Semester,Postgraduate,6.0,Online or In Person,2022
2671,SCOM4019,Research Methods for Science Communication,First Semester,Undergraduate,6.0,Online or In Person,2022
2672,ASIA4044,Research Methods in Chinese Studies,First Semester,Undergraduate,6.0,In Person,2022
2673,ASIA9044,Research Methods in Chinese Studies,First Semester,Postgraduate,6.0,In Person,2022
2674,NSPO9020,Research Methods in National Security Policy,,Postgraduate,6.0,In Person,2022
2675,SCOM8019,Research Methods in Science Communication,First Semester,Postgraduate,6.0,Online or In Person,2022
2676,HLTH1002,Research Methods in the Health Sciences,Second Semester,Undergraduate,6.0,In Person,2022
2677,EMSC8034,Research Orientation: Big Questions in the Earth Sciences,First Semester/Second Semester,Postgraduate,6.0,In Person,2022
2678,BIOL8291,Research Presentation Skills,First Semester/Second Semester,Postgraduate,6.0,In Person,2022
2679,ARTV4022,Research Principles and Methods 1,First Semester,Undergraduate,12.0,Online or In Person,2022
2680,DESA4002,Research Principles and Methods 2,,Undergraduate,12.0,Online or In Person,2022
2681,ARTV4023,Research Principles and Methods 2,Second Semester,Undergraduate,12.0,Online or In Person,2022
2682,COMP8604,Research Project,First Semester/Second Semester,Postgraduate,6.0,In Person,2022
2683,MEDI8022,Research Project,First Semester/Second Semester,Postgraduate,3.0,In Person,2022
2684,EMDV8066,Research Project,Second Semester,Postgraduate,12.0,In Person,2022
2685,MEDI8013A,Research Project,,Postgraduate,3.0,In Person,2022
2686,MEDI8013B,Research Project,,Postgraduate,3.0,In Person,2022
2687,NSPO8037,Research Project,First Semester/Second Semester,Postgraduate,6.0,In Person,2022
2688,BIOL8701,Research Project,First Semester/Second Semester,Postgraduate,6.0,In Person,2022
2689,ENGN8601,Research Project,First Semester/Second Semester,Postgraduate,6.0,In Person,2022
2690,ENGN8602,Research Project,First Semester/Second Semester,Postgraduate,6.0,In Person,2022
2691,COMP8603,Research Project,First Semester/Second Semester,Postgraduate,24.0,In Person,2022
2692,IDEC8033,Research Project,First Semester/Second Semester,Postgraduate,12.0,In Person,2022
2693,POGO8135,Research Project (12 units),First Semester/Second Semester,Postgraduate,12.0,In Person,2022
2694,POGO8035,Research Project (6 units),Second Semester,Postgraduate,6.0,In Person,2022
2695,MEDI8023,Research Project (Advanced),First Semester/Second Semester,Postgraduate,3.0,In Person,2022
2696,CHEM8003,Research Project in Chemistry,Second Semester,Postgraduate,6.0,In Person,2022
2697,CHEM3060,Research Project in Chemistry,Summer Session/First Semester/Second Semester,Undergraduate,6.0,In Person,2022
2698,CHEM8033,Research Project in Materials Science,First Semester/Second Semester,Postgraduate,6.0,In Person,2022
2699,PHYS8170,Research Project in Photonics,First Semester/Second Semester,Postgraduate,6.0,In Person,2022
2700,EMDV8008,Research Proposal,First Semester,Postgraduate,6.0,Online or In Person,2022
2701,BIOL8700,Research Proposal,First Semester/Second Semester,Postgraduate,12.0,In Person,2022
2702,LANG4004,Research Tools in Advanced Language Studies,First Semester,Undergraduate,12.0,In Person,2022
2703,PHYS3042,Research Topics Physics,Summer Session/First Semester/Second Semester,Undergraduate,6.0,In Person,2022
2704,ASIA3108,Research Topics in Asian and Pacific Languages (L),First Semester/Second Semester,Undergraduate,6.0,Online or In Person,2022
2705,JPNS3023,Research Topics in Japanese: History & Society,Second Semester,Undergraduate,6.0,In Person,2022
2706,JPNS3024,Research Topics in Japanese: International Relations & Politics,First Semester,Undergraduate,6.0,Online or In Person,2022
2707,PHYS8505,Research Topics in Photonics,First Semester/Winter Session/Second Semester,Postgraduate,6.0,In Person,2022
2708,POLS4011,Research Training: Scope and Methods,First Semester,Undergraduate,12.0,Online or In Person,2022
2709,POLS1009,Research and Writing in Political Science,Second Semester,Undergraduate,6.0,Online or In Person,2022
2710,ENVS8013,Research in Climate Change Vulnerability and Adaptation,First Semester,Postgraduate,6.0,In Person,2022
2711,EMDV8014,Research in Environmental and Climate Change Policy,Second Semester,Postgraduate,6.0,Online or In Person,2022
2712,POPM8001,"Research, Treatment, Policy: Current Issues in Mental Health",Second Semester,Postgraduate,6.0,In Person,2022
2713,INTR8072,"Researching International Relations: Curiosity, Methods and Ethics in the Study of Global Politics",Second Semester,Postgraduate,6.0,In Person,2022
2714,ENGL4020,Researching and Writing the Thesis: A Workshop,First Semester,Undergraduate,6.0,In Person,2022
2715,ENGL8020,Researching and Writing the Thesis: A Workshop,First Semester,Postgraduate,6.0,In Person,2022
2716,ARTV3029,Resolving a Body of Original Contemporary Craft Work,Second Semester,Undergraduate,6.0,In Person,2022
2717,ECON3128,Resource and Environmental Economics,Second Semester,Undergraduate,6.0,In Person,2022
2718,ECON6040,Resource and Environmental Economics,Second Semester,Postgraduate,6.0,In Person,2022
2719,EMDV8018,"Resources, environment and politics in Australia",,Postgraduate,6.0,In Person,2022
2720,LAWS4254,Restitution,Second Semester,Undergraduate,6.0,Online or In Person,2022
2721,LAWS8454,Restitution,Second Semester,Postgraduate,6.0,Online or In Person,2022
2722,REGN8005,Restorative Justice in the World,Spring Session,Postgraduate,6.0,In Person,2022
2723,ASIA3033,"Rethinking Northeast Asia: Region, Culture and Society",Second Semester,Undergraduate,6.0,Online or In Person,2022
2724,ASIA8011,"Rethinking Northeast Asia: Region, Culture and Society",Second Semester,Postgraduate,6.0,Online or In Person,2022
2725,INTR8081,Revolutions and World Politics,,Postgraduate,6.0,In Person,2022
2726,CLAS3000,Rhetoric: The Art of Persuasion in the Ancient and Modern Worlds,,Undergraduate,6.0,In Person,2022
2727,CLAS6000,Rhetoric: The Art of Persuasion in the Ancient and Modern Worlds,,Postgraduate,6.0,In Person,2022
2728,LAWS4319,Rhetoric: The Art of Persuasion in the Ancient and Modern Worlds,,Undergraduate,6.0,Online or In Person,2022
2729,STAT6057,Risk Modelling 1,First Semester,Postgraduate,6.0,In Person,2022
2730,STAT3057,Risk Modelling 1,First Semester,Undergraduate,6.0,In Person,2022
2731,STAT3058,Risk Modelling 2,Second Semester,Undergraduate,6.0,In Person,2022
2732,STAT6058,Risk Modelling 2,Second Semester,Postgraduate,6.0,In Person,2022
2733,SOCY2008,Risk and Society,,Undergraduate,6.0,In Person,2022
2734,ASIA3053,Rituals of Life and Death in Asia and the Pacific,,Undergraduate,6.0,Online or In Person,2022
2735,ASIA8047,Rituals of Life and Death in Asia and the Pacific,,Postgraduate,6.0,Online or In Person,2022
2736,ENGN4627,Robotics,Second Semester,Undergraduate,6.0,In Person,2022
2737,ENGN6627,Robotics,Second Semester,Postgraduate,6.0,In Person,2022
2738,HIST2239,"Rock, Sex and War: Australia's 1960s - 1970s",,Undergraduate,6.0,In Person,2022
2739,LANG3007,Romance Linguistics,First Semester,Undergraduate,6.0,Online or In Person,2022
2740,ANCH6026,Rome: After Empire (Europe 400—800 AD),Second Semester,Postgraduate,6.0,In Person,2022
2741,ANCH2026,Rome: After Empire (Europe 400—800 AD),Second Semester,Undergraduate,6.0,In Person,2022
2742,ANCH2027,Rome: Crisis and Consolidation (193-313 AD),,Undergraduate,12.0,In Person,2022
2743,ANCH1014,Rome: Republic to Empire,Second Semester,Undergraduate,6.0,In Person,2022
2744,ANCH6104,Rome: Republic to Empire,Second Semester,Postgraduate,6.0,In Person,2022
2745,CECS8004,"SCALING SYSTEMS SAFELY: ASSURANCE, ETHICS AND GOVERNANCE",,Postgraduate,6.0,In Person,2022
2746,ASIA3011,Samurai Society and Social Control in Japan,Second Semester,Undergraduate,6.0,Online or In Person,2022
2747,ASIA6511,Samurai Society and Social Control in Japan,Second Semester,Postgraduate,6.0,Online or In Person,2022
2748,SKRT1002,Sanskrit 1,First Semester,Undergraduate,6.0,Online or In Person,2022
2749,SKRT1003,Sanskrit 2,Second Semester,Undergraduate,6.0,Online or In Person,2022
2750,SKRT2103,Sanskrit 3,First Semester,Undergraduate,6.0,Online or In Person,2022
2751,SKRT2104,Sanskrit 4,Second Semester,Undergraduate,6.0,Online or In Person,2022
2752,SKRT3004,Sanskrit 5,First Semester,Undergraduate,6.0,Online or In Person,2022
2753,SKRT3005,Sanskrit 6,Second Semester,Undergraduate,6.0,Online or In Person,2022
2754,SKRT3002,Sanskrit 7,First Semester,Undergraduate,6.0,Online or In Person,2022
2755,SKRT3003,Sanskrit 8,Second Semester,Undergraduate,6.0,Online or In Person,2022
2756,SCOM1001,Science Communication 1: Science and Public Awareness,First Semester,Undergraduate,6.0,In Person,2022
2757,SCOM1002,Science Communication 2: Scientific Evidence and Social Change,Second Semester,Undergraduate,6.0,In Person,2022
2758,SCOM8004,Science Communication Fieldwork Placement,First Semester/Second Semester,Postgraduate,12.0,In Person,2022
2759,SCOM3004,Science Communication Internship,Summer Session/First Semester/Autumn Session/Winter Session/Second Semester/Spring Session,Undergraduate,6.0,Online or In Person,2022
2760,SCOM6004,Science Communication Internship,Summer Session/First Semester/Autumn Session/Winter Session/Second Semester/Spring Session,Postgraduate,6.0,Online or In Person,2022
2761,SCOM6007,Science Communication Project Design and Delivery,Winter Session,Postgraduate,6.0,In Person,2022
2762,SCOM3007,Science Communication Project Design and Delivery,Winter Session,Undergraduate,6.0,In Person,2022
2763,SCOM3003,Science Communication Research Project,First Semester/Second Semester,Undergraduate,6.0,Online or In Person,2022
2764,SCOM3012,Science Communication and the Web,Winter Session,Undergraduate,6.0,In Person,2022
2765,SCOM6012,Science Communication and the Web,Autumn Session,Postgraduate,6.0,Online or In Person,2022
2766,SCOM3030,Science Dialogue Theory and Practice,,Undergraduate,6.0,In Person,2022
2767,SCOM6030,Science Dialogue Theory and Practice,,Postgraduate,6.0,Online or In Person,2022
2768,SCNC8001,Science Higher Degree by Research Internship,Summer Session/First Semester/Autumn Session/Winter Session/Second Semester/Spring Session,Postgraduate,3.0,In Person,2022
2769,SCNC4000,Science Honours,First Semester,Undergraduate,6.0,In Person,2022
2770,SCNC8000,Science Internship,Summer Session/First Semester/Autumn Session/Winter Session/Second Semester/Spring Session,Postgraduate,6.0,In Person,2022
2771,SCNC2000,Science Internship,Summer Session/First Semester/Autumn Session/Winter Session/Second Semester/Spring Session,Undergraduate,6.0,In Person,2022
2772,SCNC3000,Science Internship,Summer Session/First Semester/Autumn Session/Winter Session/Second Semester/Spring Session,Undergraduate,6.0,In Person,2022
2773,SCOM6027,Science Politics,,Postgraduate,6.0,Online or In Person,2022
2774,SCOM3027,Science Politics,,Undergraduate,6.0,Online or In Person,2022
2775,SCNC2021,Science Research Project,Summer Session/First Semester/Autumn Session/Winter Session/Second Semester/Spring Session,Undergraduate,6.0,In Person,2022
2776,SCNC8021,Science Research Project,Summer Session/First Semester/Autumn Session/Winter Session/Second Semester/Spring Session,Postgraduate,3.0,In Person,2022
2777,SCNC3021,Science Research Project,Summer Session/First Semester/Autumn Session/Winter Session/Second Semester/Spring Session,Undergraduate,6.0,In Person,2022
2778,SCOM2006,Science and Humour,Winter Session,Undergraduate,6.0,Online,2022
2779,SCOM6006,Science and Humour,Winter Session,Postgraduate,6.0,Online,2022
2780,SCOM2003,Science in Popular Fiction,Summer Session,Undergraduate,6.0,Online or In Person,2022
2781,SCOM6003,Science in Popular Fiction,Summer Session,Postgraduate,6.0,Online or In Person,2022
2782,PHIL2126,"Science in Society: Ethics, Public Policy and Scientific Practice",Second Semester,Undergraduate,6.0,Online or In Person,2022
2783,SCOM6016,Science in the Media,Autumn Session,Postgraduate,6.0,Online or In Person,2022
2784,SCOM2016,Science in the Media,,Undergraduate,6.0,In Person,2022
2785,SCOM6031,"Science, Risk and Ethics",First Semester,Postgraduate,6.0,Online or In Person,2022
2786,SCOM2031,"Science, Risk and Ethics",First Semester,Undergraduate,6.0,In Person,2022
2787,POGO8138,"Science, Technology and Public Policy",Autumn Session,Postgraduate,6.0,In Person,2022
2788,VCPG8138,"Science, Technology and Public Policy",Autumn Session,Postgraduate,6.0,In Person,2022
2789,MATH6111,Scientific Computing,First Semester,Postgraduate,6.0,In Person,2022
2790,MATH3511,Scientific Computing,First Semester,Undergraduate,6.0,In Person,2022
2791,ARCH3042,Scientific Dating in Archaeology and Palaeoenvironmental Studies,First Semester,Undergraduate,6.0,In Person,2022
2792,ARCH6042,Scientific Dating in Archaeology and Palaeoenvironmental Studies,First Semester,Postgraduate,6.0,In Person,2022
2793,MATH3501,Scientific and Industrial Modelling,Second Semester,Undergraduate,6.0,In Person,2022
2794,MATH6103,Scientific and Industrial Modelling,Second Semester,Postgraduate,6.0,In Person,2022
2795,SCRN3003,Screen Studies Capstone Project,First Semester/Second Semester,Undergraduate,6.0,In Person,2022
2796,SCRN3002,Screening the Real,,Undergraduate,6.0,In Person,2022
2797,LING6101,Second Language Acquisition,,Postgraduate,6.0,In Person,2022
2798,LING3101,Second Language Acquisition,,Undergraduate,6.0,In Person,2022
2799,STST2001,Security Concepts in the Asia-Pacific,First Semester,Undergraduate,6.0,Online or In Person,2022
2800,NSPO8049,Security in the Indo-Pacific,Autumn Session,Postgraduate,3.0,In Person,2022
2801,POGO8102,Selected Themes in Public Policy,,Postgraduate,6.0,In Person,2022
2802,LING4012,Selected Topics in Analysis of a Subsystem of Language,First Semester/Second Semester,Undergraduate,6.0,In Person,2022
2803,LAWS4257,Selected Topics in Australian-United States Comparative Law (ANU),Summer Session,Undergraduate,6.0,Online or In Person,2022
2804,LAWS8457,Selected Topics in Australian-United States Comparative Law (ANU),,Postgraduate,6.0,In Person,2022
2805,LAWS4248,Selected Topics in Australian-United States Comparative Law (Alabama),,Undergraduate,6.0,In Person,2022
2806,LING4010,Selected Topics in Empirical Approaches to Linguistics,First Semester/Second Semester,Undergraduate,6.0,In Person,2022
2807,FREN2021,Selected Topics in French Studies,First Semester,Undergraduate,6.0,In Person,2022
2808,LING4009,Selected Topics in Methodologies for Researching Language,First Semester/Second Semester,Undergraduate,12.0,In Person,2022
2809,LING4011,Selected Topics in Theory and Analysis in Linguistics,First Semester/Second Semester,Undergraduate,12.0,In Person,2022
2810,SOCY1002,Self and Society,First Semester,Undergraduate,6.0,Online or In Person,2022
2811,LING3035,Semantic Typology,,Undergraduate,6.0,In Person,2022
2812,LING6035,Semantic Typology,,Postgraduate,6.0,In Person,2022
2813,LING2008,Semantics,First Semester,Undergraduate,6.0,In Person,2022
2814,LING6008,Semantics,First Semester,Postgraduate,6.0,Online or In Person,2022
2815,ASIA5920,Semester in Asia,First Semester/Second Semester,Undergraduate,6.0,In Person,2022
2816,ENGN6334,Semiconductors,,Postgraduate,6.0,In Person,2022
2817,ENGN3334,Semiconductors,,Undergraduate,6.0,In Person,2022
2818,BUSN4111,Seminal Research in Accounting,Second Semester,Undergraduate,6.0,In Person,2022
2819,BUSN8111,Seminal Research in Accounting,Second Semester,Postgraduate,6.0,In Person,2022
2820,HIST8027,Seminar in Advanced Historical Research,,Postgraduate,12.0,Online or In Person,2022
2821,HIST8037,Seminar in Advanced Historical Research,Second Semester,Postgraduate,6.0,Online or In Person,2022
2822,HIST4011,Seminar in Advanced Historiography,First Semester,Undergraduate,12.0,In Person,2022
2823,HIST8024,Seminar in Advanced Historiography,First Semester,Postgraduate,6.0,Online or In Person,2022
2824,HIST8234,Seminar in Public History,Second Semester,Postgraduate,6.0,Online or In Person,2022
2825,BUSN8013,Seminar in Research Method in Commerce,First Semester/Second Semester,Postgraduate,6.0,In Person,2022
2826,BUSN4013,Seminar in Research Method in Commerce,First Semester/Second Semester,Undergraduate,6.0,In Person,2022
2827,LAWS4314,Sentencing,,Undergraduate,6.0,Online or In Person,2022
2828,MKTG7023,Services Marketing,,Postgraduate,6.0,In Person,2022
2829,MKTG2023,Services Marketing,Second Semester,Undergraduate,6.0,Online or In Person,2022
2830,PHIL2082,Sex and Death: the Philosophy of Biology,,Undergraduate,6.0,In Person,2022
2831,GEND1001,"Sex, Gender and Identity: An Introduction to Gender Studies",First Semester,Undergraduate,6.0,In Person,2022
2832,POLS3029,Sharing Power: Federalism in Comparative Perspective,First Semester,Undergraduate,6.0,In Person,2022
2833,ENGN2228,Signals and Systems,Second Semester,Undergraduate,6.0,In Person,2022
2834,HIST8014,Sites of Memory: the uses of Indigenous history,,Postgraduate,6.0,Online or In Person,2022
2835,ARTV8042,Situating Contemporary Art Practices with Independent Research,Second Semester,Postgraduate,12.0,In Person,2022
2836,ANTH8019,Social Analysis and Community Politics,First Semester,Postgraduate,6.0,Online or In Person,2022
2837,ASIA8050,Social Conflict and Environmental Challenges in Asia and the Pacific,Winter Session,Postgraduate,6.0,Online or In Person,2022
2838,CBEA3002,Social Enterprise Experience,,Undergraduate,6.0,In Person,2022
2839,MGMT2008,Social Enterprises and Social Business,Second Semester,Undergraduate,6.0,In Person,2022
2840,ANTH8028,Social Impact Assessment: Theory and Methods,Second Semester,Postgraduate,6.0,Online or In Person,2022
2841,SOCY6045,Social Inequalities and Development,Second Semester,Postgraduate,6.0,Online or In Person,2022
2842,SOCY2030,Social Inequalities and Development,Second Semester,Undergraduate,6.0,In Person,2022
2843,DEMO2004,Social Inequalities in Health,Second Semester,Undergraduate,6.0,In Person,2022
2844,POGO8025,Social Policy Analysis,Winter Session,Postgraduate,6.0,Online or In Person,2022
2845,SOCY2101,Social Policy: Principles and Practice,First Semester,Undergraduate,6.0,In Person,2022
2846,ASIA6099,Social Power in China: Family and Connections,First Semester,Postgraduate,6.0,Online or In Person,2022
2847,ASIA2099,Social Power in China: Family and Connections,First Semester,Undergraduate,6.0,Online or In Person,2022
2848,PSYC2001,Social Psychology,Second Semester,Undergraduate,6.0,In Person,2022
2849,SOCR8082,Social Research Practice,Second Semester,Postgraduate,6.0,Online or In Person,2022
2850,SOCY9001,Social Research Theory and Design,First Semester/Second Semester,Postgraduate,6.0,In Person,2022
2851,SOCY6066,Social Science of the Internet,Winter Session,Postgraduate,6.0,In Person,2022
2852,SOCY2166,Social Science of the Internet,Winter Session,Undergraduate,6.0,In Person,2022
2853,POPH8108,Social and Cultural Determinants of Health,Second Semester,Postgraduate,6.0,Online or In Person,2022
2854,ARTV2801,"Socially Engaged Art Practice: Authorship, Dialogue and Community",,Undergraduate,6.0,In Person,2022
2855,ARTV6811,"Socially Engaged Art Practice: Authorship, Dialogue and Community",,Postgraduate,6.0,In Person,2022
2856,SOCY1006,Society & Technological Change,First Semester,Undergraduate,6.0,In Person,2022
2857,ENVS2013,Society and Environmental Change,Second Semester,Undergraduate,6.0,In Person,2022
2858,ENVS6013,Society and Environmental Change,Second Semester,Postgraduate,6.0,In Person,2022
2859,SOCY4010,Sociology Honours Methods Seminar,First Semester,Undergraduate,12.0,In Person,2022
2860,SOCY4009,Sociology Honours Theory Seminar,First Semester,Undergraduate,12.0,In Person,2022
2861,SOCY2162,Sociology of Health and Illness,,Undergraduate,6.0,In Person,2022
2862,SOCY2059,Sociology of Resistance,First Semester,Undergraduate,6.0,In Person,2022
2863,PHYS2204,Soft Condensed Matter: Understanding squishy materials from food to biology,Second Semester,Undergraduate,6.0,In Person,2022
2864,PHYS6204,Soft Condensed Matter: Understanding squishy materials from food to biology,Second Semester,Postgraduate,6.0,In Person,2022
2865,COMP6442,Software Construction,First Semester/Second Semester,Postgraduate,6.0,In Person,2022
2866,COMP2100,Software Design Methodologies,First Semester/Second Semester,Undergraduate,6.0,In Person,2022
2867,COMP2120,Software Engineering,Second Semester,Undergraduate,6.0,In Person,2022
2868,COMP6120,Software Engineering,Second Semester,Postgraduate,6.0,In Person,2022
2869,COMP4500,Software Engineering Practice,First Semester/Second Semester,Undergraduate,6.0,In Person,2022
2870,COMP8173,Software Engineering Processes,,Postgraduate,6.0,In Person,2022
2871,COMP3500,Software Engineering Project,First Semester/Second Semester,Undergraduate,6.0,In Person,2022
2872,COMP4540,Software Engineering Research Project,First Semester/Second Semester,Undergraduate,6.0,In Person,2022
2873,COMP3703,Software Security,First Semester,Undergraduate,6.0,In Person,2022
2874,SOCY8015,Software Studies and Platform Sociology,,Postgraduate,6.0,In Person,2022
2875,ENGN6525,Solar Thermal Technologies,,Postgraduate,6.0,In Person,2022
2876,ENGN4525,Solar Thermal Technologies,,Undergraduate,6.0,In Person,2022
2877,PHYS3032,Solid State Physics,Second Semester,Undergraduate,6.0,In Person,2022
2878,PHYS6032,Solid State Physics,Second Semester,Postgraduate,6.0,In Person,2022
2879,MUSI3321,Songwriting: Concepts and Craft,First Semester,Undergraduate,6.0,In Person,2022
2880,MUSI3318,Sound Archiving,,Undergraduate,6.0,In Person,2022
2881,MUSI6008,Sound Archiving,,Postgraduate,6.0,In Person,2022
2882,LING2010,Sounds of the World's Languages: Phonetics and Phonology,Second Semester,Undergraduate,6.0,In Person,2022
2883,LING6010,Sounds of the World's Languages: Phonetics and Phonology,Second Semester,Postgraduate,6.0,In Person,2022
2884,ECON4449,South East Asian Economic Policy & Development,,Undergraduate,6.0,In Person,2022
2885,ECON8049,Southeast Asian Economic Policy and Development,,Postgraduate,6.0,In Person,2022
2886,ECON3009,Southeast Asian Economic Policy and Development(P),,Undergraduate,6.0,In Person,2022
2887,ASIA6060,Southeast Asian Security,First Semester,Postgraduate,6.0,In Person,2022
2888,ASIA2060,Southeast Asian Security,First Semester,Undergraduate,6.0,Online or In Person,2022
2889,LAWS4340,Space Law and Governance,,Undergraduate,6.0,Online,2022
2890,LAWS8340,Space Law and Governance,,Postgraduate,6.0,Online,2022
2891,DEMO8063,Spatial Population Data Analysis,,Postgraduate,6.0,In Person,2022
2892,DEMO4063,Spatial Population Data Analysis,,Undergraduate,6.0,In Person,2022
2893,ARTV2911,Spatial/Temporal Methods,,Undergraduate,6.0,In Person,2022
2894,SCOM6015,Speaking of Science,Second Semester,Postgraduate,6.0,In Person,2022
2895,SCOM2015,Speaking of Science,Second Semester,Undergraduate,6.0,In Person,2022
2896,MGMT8172,Special Management Topic,Autumn Session/Winter Session,Postgraduate,6.0,In Person,2022
2897,MMIB8003,Special Research Topic 1,First Semester/Autumn Session/Second Semester,Postgraduate,6.0,In Person,2022
2898,MMIB8004,Special Research Topic 2,First Semester/Second Semester,Postgraduate,18.0,In Person,2022
2899,ENVS3016,Special Topic,Summer Session/First Semester/Autumn Session/Winter Session/Second Semester/Spring Session,Undergraduate,6.0,In Person,2022
2900,STST2004,Special Topic in International Security,,Undergraduate,6.0,In Person,2022
2901,MATH6209,Special Topic in Mathematical Sciences,Summer Session/First Semester/Second Semester,Postgraduate,6.0,In Person,2022
2902,MEAS8105,Special Topic in Middle Eastern and Central Asian Studies,,Postgraduate,6.0,In Person,2022
2903,SOCR8004,Special Topic in Social Research,Second Semester,Postgraduate,6.0,In Person,2022
2904,EMSC3050,Special Topics,Summer Session/First Semester/Autumn Session/Winter Session/Second Semester/Spring Session,Undergraduate,6.0,In Person,2022
2905,ECON8112,Special Topics  in Macroeconomics,,Postgraduate,6.0,In Person,2022
2906,ECON3112,Special Topics  in Macroeconomics,,Undergraduate,6.0,In Person,2022
2907,FINM8002,Special Topics - Finance (Corporate and Behavioural Finance),,Postgraduate,6.0,In Person,2022
2908,ENGN6521,Special Topics In  Engineering II,First Semester,Postgraduate,6.0,In Person,2022
2909,BUSN3060,Special Topics In Commerce,First Semester/Second Semester,Undergraduate,6.0,In Person,2022
2910,BUSN6060,Special Topics In Commerce,First Semester/Second Semester,Postgraduate,6.0,In Person,2022
2911,POLS8041,Special Topics In Comparative Politics,,Postgraduate,6.0,In Person,2022
2912,ACST3001,Special Topics in Actuarial Studies,,Undergraduate,6.0,In Person,2022
2913,ACST8051,Special Topics in Actuarial Studies 1,First Semester,Postgraduate,6.0,In Person,2022
2914,ACST8052,Special Topics in Actuarial Studies 2,,Postgraduate,6.0,In Person,2022
2915,STAT8024,Special Topics in Applied Statistics 1,,Postgraduate,6.0,In Person,2022
2916,STAT8025,Special Topics in Applied Statistics 2,,Postgraduate,6.0,In Person,2022
2917,ARAB3006,Special Topics in Arabic,Winter Session,Undergraduate,6.0,In Person,2022
2918,ASIA2112,Special Topics in Asian and Pacific Studies,Summer Session/First Semester/Winter Session/Second Semester,Undergraduate,6.0,In Person,2022
2919,ASIA6022,Special Topics in Asian and Pacific Studies,Summer Session/First Semester/Winter Session/Second Semester,Postgraduate,6.0,In Person,2022
2920,INDG3005,Special Topics in Australian Indigenous Studies,Winter Session/Spring Session,Undergraduate,6.0,In Person,2022
2921,BUSN4101,Special Topics in Commerce,,Undergraduate,6.0,In Person,2022
2922,BUSN8010,Special Topics in Commerce,,Postgraduate,6.0,In Person,2022
2923,BUSN4010,Special Topics in Commerce,,Undergraduate,6.0,In Person,2022
2924,BUSN8101,Special Topics in Commerce,First Semester/Second Semester,Postgraduate,6.0,In Person,2022
2925,POLS4041,Special Topics in Comparative Politics,,Undergraduate,6.0,In Person,2022
2926,COMP2710,Special Topics in Computer Science,First Semester/Second Semester,Undergraduate,6.0,In Person,2022
2927,COMP6470,Special Topics in Computing,Second Semester,Postgraduate,6.0,In Person,2022
2928,CRIM2011,Special Topics in Criminology,,Undergraduate,6.0,In Person,2022
2929,DIPL8012,Special Topics in Diplomacy,Spring Session,Postgraduate,6.0,Online or In Person,2022
2930,EMSC8014,Special Topics in Earth Science,Summer Session/First Semester/Autumn Session/Winter Session/Second Semester/Spring Session,Postgraduate,6.0,In Person,2022
2931,EMET3020,Special Topics in Econometrics,,Undergraduate,6.0,In Person,2022
2932,ECON8099,Special Topics in Economic Dynamics,,Postgraduate,6.0,In Person,2022
2933,ECON3099,Special Topics in Economic Dynamics,,Undergraduate,6.0,In Person,2022
2934,ECON3020,Special Topics in Economics: Computing and Data Skills,,Undergraduate,6.0,In Person,2022
2935,ENGN4521,Special Topics in Engineering 2,,Undergraduate,6.0,In Person,2022
2936,ENGN4522,Special Topics in Engineering 3,,Undergraduate,6.0,In Person,2022
2937,ENGN4523,Special Topics in Engineering 4,,Undergraduate,6.0,In Person,2022
2938,ENGN4520,Special Topics in Engineering I,Summer Session/First Semester/Winter Session/Second Semester,Undergraduate,6.0,In Person,2022
2939,ENGN6520,Special Topics in Engineering I,,Postgraduate,6.0,In Person,2022
2940,EMDV8041,Special Topics in Environmental Management and Development,,Postgraduate,6.0,In Person,2022
2941,FINM4600,Special Topics in Finance,,Undergraduate,6.0,In Person,2022
2942,FINM3004,Special Topics in Finance,,Undergraduate,6.0,In Person,2022
2943,INTR8018,Special Topics in International Relations,,Postgraduate,6.0,Online or In Person,2022
2944,LAWS8148,Special Topics in Law,Spring Session,Postgraduate,6.0,Online or In Person,2022
2945,LAWS4148,Special Topics in Law,,Undergraduate,6.0,Online or In Person,2022
2946,LAWS8028,"Special Topics in Law, Governance and Development",,Postgraduate,6.0,Online or In Person,2022
2947,LING6525,Special Topics in Linguistics,Second Semester,Postgraduate,6.0,In Person,2022
2948,LING3025,Special Topics in Linguistics,Second Semester,Undergraduate,6.0,In Person,2022
2949,MATH4349,Special Topics in Mathematics,Summer Session/First Semester/Autumn Session/Second Semester,Undergraduate,6.0,In Person,2022
2950,MATH3349,Special Topics in Mathematics,Summer Session/First Semester/Autumn Session/Winter Session/Second Semester/Spring Session,Undergraduate,6.0,In Person,2022
2951,ECON8110,Special Topics in Microeconomics,,Postgraduate,6.0,In Person,2022
2952,ECON3110,Special Topics in Microeconomics,,Undergraduate,6.0,In Person,2022
2953,MEAS4001,Special Topics in Middle Eastern and Central Asian Studies,,Undergraduate,6.0,In Person,2022
2954,POLS4009,Special Topics in Politics and International Relations 1,,Undergraduate,6.0,In Person,2022
2955,POLS4010,Special Topics in Politics and International Relations 2,,Undergraduate,6.0,In Person,2022
2956,PSYC3023,Special Topics in Psychology,Summer Session/First Semester/Autumn Session/Winter Session/Second Semester/Spring Session,Undergraduate,6.0,In Person,2022
2957,REGN8012,Special Topics in Regulation and Governance,First Semester/Second Semester,Postgraduate,6.0,In Person,2022
2958,SCNC3022,Special Topics in Science,Summer Session/First Semester/Autumn Session/Winter Session,Undergraduate,6.0,In Person,2022
2959,SCNC2022,Special Topics in Science,Summer Session/Spring Session,Undergraduate,6.0,In Person,2022
2960,SCNC8022,Special Topics in Science,Summer Session/First Semester/Autumn Session,Postgraduate,6.0,In Person,2022
2961,SCNC1022,Special Topics in Science,Summer Session/First Semester/Autumn Session,Undergraduate,6.0,In Person,2022
2962,SCOM3005,Special Topics in Science Communication,Summer Session/First Semester/Autumn Session/Winter Session/Second Semester/Spring Session,Undergraduate,6.0,Online or In Person,2022
2963,SCOM6005,Special Topics in Science Communication,Summer Session/First Semester/Autumn Session/Winter Session/Second Semester/Spring Session,Postgraduate,6.0,Online or In Person,2022
2964,SOCY2168,Special Topics in Sociology,,Undergraduate,6.0,In Person,2022
2965,STAT3039,Special Topics in Statistics,,Undergraduate,6.0,In Person,2022
2966,STAT8016,Special Topics in Statistics 1,,Postgraduate,6.0,In Person,2022
2967,STST8017,Special Topics in Strategic Studies,,Postgraduate,6.0,In Person,2022
2968,EMDV8127,Special Topics in Water Governance,,Postgraduate,6.0,Online or In Person,2022
2969,ASTR4008,Star Formation,Second Semester,Undergraduate,6.0,In Person,2022
2970,ASTR8008,Star Formation,Second Semester,Postgraduate,6.0,In Person,2022
2971,ASTR3007,Stars,First Semester,Undergraduate,6.0,In Person,2022
2972,ASTR6007,Stars,First Semester,Postgraduate,6.0,In Person,2022
2973,LAWS8410,Start-Ups Law Lab,,Postgraduate,6.0,Online,2022
2974,EMDV8101,"State, Society and Natural Resources",Second Semester,Postgraduate,6.0,In Person,2022
2975,ANTH2134,States and Citizens: Anthropological Perspectives,First Semester,Undergraduate,6.0,In Person,2022
2976,ANTH6134,States and Citizens: Anthropological Perspectives,First Semester,Postgraduate,6.0,In Person,2022
2977,INTR8050,"States, Globalisation and the Movement of Peoples",,Postgraduate,6.0,In Person,2022
2978,STAT3013,Statistical Inference,First Semester,Undergraduate,6.0,In Person,2022
2979,STAT4027,Statistical Inference,First Semester,Undergraduate,6.0,In Person,2022
2980,STAT8027,Statistical Inference,First Semester,Postgraduate,6.0,In Person,2022
2981,ENGN8536,Statistical Inference in Mechatronics,Second Semester,Postgraduate,6.0,In Person,2022
2982,STAT3040,Statistical Learning,First Semester,Undergraduate,6.0,In Person,2022
2983,STAT4040,Statistical Learning,First Semester,Undergraduate,6.0,In Person,2022
2984,STAT7040,Statistical Learning,First Semester,Postgraduate,6.0,In Person,2022
2985,COMP4670,Statistical Machine Learning,First Semester,Undergraduate,6.0,In Person,2022
2986,COMP8960,Statistical Machine Learning,,Postgraduate,6.0,In Person,2022
2987,COMP8600,Statistical Machine Learning,First Semester,Postgraduate,6.0,In Person,2022
2988,STAT1003,Statistical Techniques,First Semester,Undergraduate,6.0,In Person,2022
2989,STAT4500,Statistics Honours Thesis,First Semester/Second Semester,Undergraduate,6.0,In Person,2022
2990,SOCR4001,Statistics for Social Scientists,First Semester,Undergraduate,6.0,In Person,2022
2991,SOCR8001,Statistics for Social Scientists,First Semester,Postgraduate,6.0,Online or In Person,2022
2992,LAWS8072,Statutory Interpretation,Winter Session,Postgraduate,6.0,Online or In Person,2022
2993,MATH6115,Stochastic Analysis with Financial Applications,Second Semester,Postgraduate,6.0,In Person,2022
2994,MATH3015,Stochastic Analysis with Financial Applications,Second Semester,Undergraduate,6.0,In Person,2022
2995,STAT3004,Stochastic Modelling,First Semester,Undergraduate,6.0,In Person,2022
2996,STAT7018,Stochastic Modelling,First Semester,Postgraduate,6.0,In Person,2022
2997,STAT4018,Stochastic Modelling,First Semester,Undergraduate,6.0,In Person,2022
2998,ENGL6085,Strange Home: Rethinking Australian Literature,First Semester,Postgraduate,6.0,In Person,2022
2999,ENGL2085,Strange Home: Rethinking Australian Literature,First Semester,Undergraduate,6.0,In Person,2022
3000,MGMT7171,Strategic Human Resource Management,,Postgraduate,6.0,In Person,2022
3001,LAWS8409,Strategic Issues in the Law of Armed Conflict,Summer Session/Winter Session,Postgraduate,6.0,Online or In Person,2022
3002,MGMT8022,Strategic Management,First Semester/Autumn Session/Second Semester,Postgraduate,6.0,In Person,2022
3003,MKTG3023,Strategic Marketing,First Semester,Undergraduate,6.0,In Person,2022
3004,POGO8506,Strategic Policymaking,Winter Session,Postgraduate,6.0,Online or In Person,2022
3005,STST8001,Strategic Studies,First Semester,Postgraduate,6.0,Online or In Person,2022
3006,STST8010,Strategic Studies Concepts and Asia Pacific Conflict,Second Semester,Postgraduate,6.0,In Person,2022
3007,STST9010,Strategic Studies Concepts and Asia Pacific Conflict,Second Semester,Postgraduate,6.0,Online or In Person,2022
3008,STST8064,Strategic Studies Experience,,Postgraduate,0.0,In Person,2022
3009,STST8059,Strategic Studies Internship,,Postgraduate,6.0,In Person,2022
3010,ECON2141,Strategic Thinking: An introduction to Game Theory,First Semester/Second Semester,Undergraduate,6.0,In Person,2022
3011,SCOM6501,Strategies in Science Communication,Winter Session,Postgraduate,6.0,Online or In Person,2022
3012,SCOM3501,Strategies in Science Communication,Winter Session,Undergraduate,6.0,In Person,2022
3013,STST8102,Strategy,Summer Session,Postgraduate,12.0,In Person,2022
3014,STST8056,Strategy and Southeast Asia: Defence and Security Dynamics,,Postgraduate,6.0,In Person,2022
3015,STST8066,"Strategy, Statecraft and Diplomacy for the 21st Century",Second Semester,Postgraduate,6.0,In Person,2022
3016,EMSC6030,Structural Geology and Tectonics,Second Semester,Postgraduate,6.0,In Person,2022
3017,EMSC3002,Structural Geology and Tectonics,Second Semester,Undergraduate,6.0,In Person,2022
3018,CHEM3204,Structural Methods in Chemical Biology,Winter Session,Undergraduate,6.0,In Person,2022
3019,CHEM6210,Structure Elucidation in Chemistry,First Semester,Postgraduate,6.0,In Person,2022
3020,CHEM2210,Structure Elucidation in Chemistry,Summer Session/First Semester,Undergraduate,6.0,In Person,2022
3021,LING2020,Structure of English,First Semester,Undergraduate,6.0,In Person,2022
3022,COMP1110,Structured Programming,First Semester/Second Semester,Undergraduate,6.0,In Person,2022
3023,COMP6710,Structured Programming,First Semester/Second Semester,Postgraduate,6.0,In Person,2022
3024,COMP1140,Structured Programming (Advanced),Second Semester,Undergraduate,6.0,In Person,2022
3025,FINM6009,Student Managed Fund,First Semester/Second Semester,Postgraduate,6.0,In Person,2022
3026,FINM3009,Student Managed Fund,First Semester/Second Semester,Undergraduate,6.0,In Person,2022
3027,FINM6010,Student Managed Fund Extension,First Semester/Second Semester,Postgraduate,6.0,In Person,2022
3028,FINM3010,Student Managed Fund Extension,First Semester/Second Semester,Undergraduate,6.0,In Person,2022
3029,COMP2560,Studies in Advanced Computing R&D,Second Semester,Undergraduate,6.0,In Person,2022
3030,DESN4013,Studio Inquiry: Application of Research,,Undergraduate,12.0,In Person,2022
3031,ARCH2022,Study Tour: Cultural Landscapes and Environmental Change,,Undergraduate,6.0,In Person,2022
3032,ARCH6022,Study Tour: Cultural Landscapes and Environmental Change,,Postgraduate,6.0,In Person,2022
3033,EMDV8015,Study Tour: Eco-Cultural Tourism,,Postgraduate,6.0,In Person,2022
3034,ASIA2084,"Study Tour: Modern Mongolia - Challenges to the Environment, Economy and Empire",,Undergraduate,6.0,In Person,2022
3035,PASI2030,Study Tour: Regional Policymaking for Pacific Development,Winter Session,Undergraduate,6.0,In Person,2022
3036,PASI6030,Study Tour: Regional Policymaking for Pacific Development,Winter Session,Postgraduate,6.0,In Person,2022
3037,ASIA3014,Study Tour: Southeast Asian Frontiers – Thailand and Burma/Myanmar,,Undergraduate,12.0,In Person,2022
3038,ASIA6114,Study Tour: Southeast Asian Frontiers – Thailand and Burma/Myanmar,,Postgraduate,12.0,In Person,2022
3039,ASIA2090,Study Tour: The Political Economy of Myanmar,,Undergraduate,6.0,Online or In Person,2022
3040,WARS6001,Study Tour: Walking the Ground - War Studies in the Field,,Postgraduate,6.0,In Person,2022
3041,WARS3001,Study Tour: Walking the Ground - War Studies in the Field,,Undergraduate,6.0,In Person,2022
3042,STST2020,Study tour: Southeast Asia's Security Choices,,Undergraduate,6.0,In Person,2022
3043,INTR8069,Studying International Relations,First Semester/Second Semester,Postgraduate,12.0,In Person,2022
3044,ARTV2907,Subverting Stitch,First Semester,Undergraduate,6.0,In Person,2022
3045,LAWS4236,Succession,Second Semester,Undergraduate,6.0,Online or In Person,2022
3046,LAWS8436,Succession,Second Semester,Postgraduate,6.0,Online or In Person,2022
3047,ARTV6607,Super Massive Photography: The Politics of Scale,,Postgraduate,6.0,In Person,2022
3048,ARTV2607,Super Massive Photography: The Politics of Scale,,Undergraduate,6.0,In Person,2022
3049,ARCH8029,Supervised Field School Project in Archaeological Science,Winter Session,Postgraduate,6.0,In Person,2022
3050,ASIA8512,Supervised Project in Asia-Pacific Studies,First Semester/Second Semester,Postgraduate,6.0,Online or In Person,2022
3051,LAWS4300,Supervised Research Paper,First Semester/Second Semester,Undergraduate,12.0,Online or In Person,2022
3052,ANTH3010,Supervised Research in Anthropology,First Semester/Second Semester,Undergraduate,6.0,In Person,2022
3053,BIAN3129,Supervised Research in Biological Anthropology,First Semester/Second Semester,Undergraduate,6.0,In Person,2022
3054,ANTH8037,Supervised Special Project,,Postgraduate,12.0,Online or In Person,2022
3055,ARTV1803,Supports: Conceptual and Material,First Semester,Undergraduate,6.0,In Person,2022
3056,ARTV6823,Supports: Conceptual and Material,First Semester,Postgraduate,6.0,In Person,2022
3057,SOCY2157,Surveillance and Society,Summer Session,Undergraduate,6.0,In Person,2022
3058,SOCY6064,Surveillance and Society,Summer Session,Postgraduate,6.0,In Person,2022
3059,SOCR8002,Survey Data Analysis,Second Semester,Postgraduate,6.0,In Person,2022
3060,SOCR4002,Survey Data Analysis,Second Semester,Undergraduate,6.0,In Person,2022
3061,LAWS4247,Survey of United States Law,,Undergraduate,6.0,In Person,2022
3062,STAT4072,Survival Models,First Semester,Undergraduate,6.0,In Person,2022
3063,STAT7042,Survival Models,First Semester,Postgraduate,6.0,In Person,2022
3064,STAT3032,Survival Models,First Semester,Undergraduate,6.0,In Person,2022
3065,BUSN7017,"Sustainability and Corporate Social Responsibility, Accountability and Reporting",Second Semester,Postgraduate,6.0,In Person,2022
3066,ENVS6223,Sustainable Agricultural Systems,Second Semester,Postgraduate,6.0,Online or In Person,2022
3067,ENVS2023,Sustainable Agricultural Systems,Second Semester,Undergraduate,6.0,Online or In Person,2022
3068,MGMT7007,Sustainable Business Strategy: Net Zero and Beyond ,Second Semester,Postgraduate,6.0,In Person,2022
3069,ENVS1008,Sustainable Development,Second Semester,Undergraduate,6.0,In Person,2022
3070,ENVS6108,Sustainable Development,Second Semester,Postgraduate,6.0,In Person,2022
3071,LAWS8037,Sustainable Energy Law,,Postgraduate,6.0,Online or In Person,2022
3072,ENVS8019,Sustainable Futures: Staying on Track,Second Semester,Postgraduate,6.0,Online or In Person,2022
3073,MKTG2002,Sustainable Marketing,First Semester,Undergraduate,6.0,In Person,2022
3074,ENGN4027,Sustainable Nanomaterials,,Undergraduate,6.0,In Person,2022
3075,ENGN6420,Sustainable Product Development,,Postgraduate,6.0,In Person,2022
3076,ENGN4420,Sustainable Product Development,,Undergraduate,6.0,In Person,2022
3077,ENVS2012,Sustainable Urban Systems,,Undergraduate,6.0,In Person,2022
3078,ENVS6005,Sustainable Urban Systems,,Postgraduate,6.0,In Person,2022
3079,CHEM3201,Synthetic Aspects of Medicinal Chemistry,First Semester,Undergraduate,6.0,In Person,2022
3080,MEAS3007,"Syria in the Levant: State, Society, and the Current Turmoil",Second Semester,Undergraduate,6.0,In Person,2022
3081,MEAS6007,"Syria in the Levant: State, Society, and the Current Turmoil",Second Semester,Postgraduate,6.0,In Person,2022
3082,ENGN3331,System Dynamics,First Semester,Undergraduate,6.0,In Person,2022
3083,ENGN6331,Systems Dynamics,First Semester,Postgraduate,6.0,In Person,2022
3084,ENGN2226,Systems Engineering Analysis,,Undergraduate,6.0,In Person,2022
3085,ENGN2225,Systems Engineering Design,,Undergraduate,6.0,In Person,2022
3086,ENGN4221,Systems Engineering Project,,Undergraduate,6.0,In Person,2022
3087,COMP3530,Systems Engineering for Software Engineers,,Undergraduate,6.0,In Person,2022
3088,COMP6353,Systems Engineering for Software Engineers,,Postgraduate,6.0,In Person,2022
3089,ENGN8120,Systems Modelling,Second Semester,Postgraduate,6.0,In Person,2022
3090,NEUR3112,Systems Neuroscience,Second Semester,Undergraduate,6.0,In Person,2022
3091,NEUR6102,Systems Neuroscience,Second Semester,Postgraduate,6.0,In Person,2022
3092,COMP8180,Systems and Software Safety,,Postgraduate,6.0,In Person,2022
3093,COMP6310,"Systems, Networks and Concurrency",Second Semester,Postgraduate,6.0,In Person,2022
3094,COMP2310,"Systems, Networks, and Concurrency",Second Semester,Undergraduate,6.0,Online or In Person,2022
3095,ASIA2072,Taiwan: History and Culture,,Undergraduate,6.0,Online or In Person,2022
3096,ASIA6072,Taiwan: History and Culture,,Postgraduate,6.0,Online or In Person,2022
3097,CHIN2013,Taiwanese (Southern Min),Winter Session,Undergraduate,6.0,In Person,2022
3098,ASIA2222,Taiwanese Society and Politics,Summer Session,Undergraduate,6.0,In Person,2022
3099,CRIM2015,Targeted Violence: Criminological Approaches to Understanding and Prevention,,Undergraduate,6.0,In Person,2022
3100,CRIM6015,Targeted Violence: Criminological Approaches to Understanding and Prevention,,Postgraduate,6.0,In Person,2022
3101,BUSN7021,Taxation Law,First Semester/Second Semester,Postgraduate,6.0,In Person,2022
3102,JPNS3012,Teaching Japanese: Content,First Semester,Undergraduate,6.0,Online or In Person,2022
3103,JPNS3014,Teaching Japanese: Method,,Undergraduate,6.0,In Person,2022
3104,LING6013,Teaching Languages,Second Semester,Postgraduate,6.0,In Person,2022
3105,LING2013,Teaching Languages,Second Semester,Undergraduate,6.0,In Person,2022
3106,MGMT3002,Techniques for Business Project Management,Second Semester,Undergraduate,6.0,In Person,2022
3107,MGMT7020,Technology and Project Management,First Semester/Winter Session/Second Semester,Postgraduate,6.0,Online or In Person,2022
3108,ENGL2116,Televisual: Investigating Narrative Television,Second Semester,Undergraduate,6.0,In Person,2022
3109,ENGL6116,Televisual: Investigating Narrative Television,Second Semester,Postgraduate,6.0,In Person,2022
3110,HIST1209,Terror to Terrorism: A History,,Undergraduate,6.0,In Person,2022
3111,POLS4027,Terrorism & Counter Terrorism,First Semester,Undergraduate,6.0,In Person,2022
3112,POLS8027,Terrorism and Counter Terrorism,First Semester,Postgraduate,6.0,In Person,2022
3113,NSPO8046,Terrorism and national security,,Postgraduate,3.0,In Person,2022
3114,TETM1002,Tetum 1,First Semester,Undergraduate,6.0,Online,2022
3115,TETM1003,Tetum 2,Second Semester,Undergraduate,6.0,Online,2022
3116,TETM2004,Tetum 3,First Semester,Undergraduate,6.0,Online,2022
3117,TETM2005,Tetum 4,Second Semester,Undergraduate,6.0,Online,2022
3118,ARTV2906,Textiles: Approaches to Drawing for Craft and Design,,Undergraduate,6.0,In Person,2022
3119,ARTV1901,Textiles: Plants and Place,First Semester,Undergraduate,6.0,In Person,2022
3120,ENGL2020,Texts in Performance,Second Semester,Undergraduate,6.0,In Person,2022
3121,THAI1002,Thai 1,First Semester,Undergraduate,6.0,Online,2022
3122,THAI1003,Thai 2,Second Semester,Undergraduate,6.0,Online,2022
3123,THAI2002,Thai 3,First Semester,Undergraduate,6.0,Online,2022
3124,THAI2003,Thai 4,Second Semester,Undergraduate,6.0,Online,2022
3125,THAI3002,Thai 5,First Semester,Undergraduate,6.0,Online,2022
3126,THAI3008,Thai 6,Second Semester,Undergraduate,6.0,Online,2022
3127,HIST2206,"The Anzac Battlefields and Beyond: A Study Tour of Gallipoli, London, Paris and the Western Front",,Undergraduate,12.0,In Person,2022
3128,ARCH6050,The Archaeology of South East Asia,Second Semester,Postgraduate,6.0,In Person,2022
3129,ARTH6057,The Art and Politics of Collecting,,Postgraduate,12.0,In Person,2022
3130,ECHI1006,The Australian Economy: Past and Present,First Semester,Undergraduate,6.0,In Person,2022
3131,HIST2221,The Birth of Modernity: Britain 1688-1848,,Undergraduate,6.0,In Person,2022
3132,HIST6221,The Birth of Modernity: Britain 1688-1848,,Postgraduate,6.0,In Person,2022
3133,EMSC1006,The Blue Planet: An Introduction to Earth System Science,First Semester,Undergraduate,6.0,In Person,2022
3134,EMSC6107,The Blue Planet: an Introduction to Earth System Science,First Semester,Postgraduate,6.0,In Person,2022
3135,PASI8306,The China Alternative? Changing Geopolitics in the Pacific,Summer Session/Spring Session,Postgraduate,3.0,Online or In Person,2022
3136,IDEC8021,The Chinese Economy,First Semester,Postgraduate,6.0,In Person,2022
3137,HIST2141,The Cold War: 1945-1989,Second Semester,Undergraduate,6.0,In Person,2022
3138,ASIA3034,The Contemporary Chinese World,Second Semester,Undergraduate,6.0,Online or In Person,2022
3139,HIST9101,"The Craft of History: Approaches, Themes, Methods",First Semester,Postgraduate,6.0,In Person,2022
3140,POGO8016,The Economic Way of Thinking,First Semester,Postgraduate,6.0,In Person,2022
3141,IDEC8081,The Economics of Incentives and Institutions,First Semester,Postgraduate,6.0,In Person,2022
3142,ECON8091,"The Economy, Politics and the State",,Postgraduate,6.0,In Person,2022
3143,ECON2091,"The Economy, Politics and the State",,Undergraduate,6.0,In Person,2022
3144,ECON4491,"The Economy, Politics and the State",,Undergraduate,6.0,In Person,2022
3145,HIST8228,The Enlightenment and Its Critics: 1700 to the Present,,Postgraduate,6.0,Online or In Person,2022
3146,HIST2228,The Enlightenment: Europe and the World 1660-1800,,Undergraduate,6.0,In Person,2022
3147,ENGN4902,The Environmental Impacts of Engineered Systems,,Undergraduate,6.0,In Person,2022
3148,DESN6012,The Ethics of Making: Design for Reuse and Repair,,Postgraduate,6.0,In Person,2022
3149,DESN2012,The Ethics of Making: Design for Reuse and Repair,,Undergraduate,6.0,In Person,2022
3150,BUSI7020,The European Business System,,Postgraduate,6.0,In Person,2022
3151,NSPO8018,The Evolution of National Security Policy since 1945,,Postgraduate,6.0,In Person,2022
3152,HIST6223,The French Revolution and Napoleon,,Postgraduate,6.0,In Person,2022
3153,HIST2223,The French Revolution and Napoleon,,Undergraduate,6.0,In Person,2022
3154,NSPO8048,The Future of Intelligence,Winter Session,Postgraduate,3.0,In Person,2022
3155,POGO8213,The Global Trading System,Second Semester,Postgraduate,6.0,In Person,2022
3156,HIST1210,The Great Acceleration: People and Planet Since 1945,Second Semester,Undergraduate,6.0,In Person,2022
3157,HIST2214,"The Great War, 1914-1918",,Undergraduate,6.0,In Person,2022
3158,HIST6214,"The Great War, 1914-1919",,Postgraduate,6.0,In Person,2022
3159,MEAS4113,The Gulf Strategic Environment,First Semester,Undergraduate,6.0,In Person,2022
3160,MEAS8113,The Gulf Strategic Environment,First Semester,Postgraduate,6.0,In Person,2022
3161,ARCH6006,The History of Archaeology: Discovering the Past,Second Semester,Postgraduate,6.0,In Person,2022
3162,INTR8076,The History of International Thought,,Postgraduate,6.0,In Person,2022
3163,LING6529,The History of the English Language,,Postgraduate,6.0,In Person,2022
3164,LING2104,The History of the English Language,,Undergraduate,6.0,In Person,2022
3165,BIAN1001,The Human Voyage: Introduction to Biological Anthropology,Second Semester,Undergraduate,6.0,In Person,2022
3166,CRIM2000,The Illicit Economy,Summer Session,Undergraduate,6.0,Online,2022
3167,CRIM6000,The Illicit Economy,Summer Session,Postgraduate,6.0,In Person,2022
3168,INDG3003,The Indigenous Economy,,Undergraduate,6.0,In Person,2022
3169,WARS6088,The Korean War,,Postgraduate,6.0,Online or In Person,2022
3170,WARS2003,The Korean War,,Undergraduate,6.0,Online or In Person,2022
3171,LAWS8125,The Law of Corporate Governance,Second Semester,Postgraduate,6.0,Online or In Person,2022
3172,LAWS4312,The Law of Money,Second Semester,Undergraduate,6.0,Online or In Person,2022
3173,LAWS8401,The Law of Weaponry and Targeting,Summer Session/Winter Session,Postgraduate,6.0,Online or In Person,2022
3174,ENGL2040,The Making of Literature: Topics in Literary Production and Reception,,Undergraduate,6.0,In Person,2022
3175,ENGL6040,The Making of Literature: Topics in Literary Production and Reception,,Postgraduate,6.0,In Person,2022
3176,ASIA6010,The Making of Modern Japan: From Samurai to Economic Superpower and Beyond,First Semester,Postgraduate,6.0,Online or In Person,2022
3177,ASIA2009,The Making of Modern Japan: From Samurai to Economic Superpower and Beyond,First Semester,Undergraduate,6.0,Online or In Person,2022
3178,ASIA6006,The Making of Modern Korea,Second Semester,Postgraduate,6.0,Online or In Person,2022
3179,ASIA2040,The Making of Modern Korea,Second Semester,Undergraduate,6.0,Online or In Person,2022
3180,ASIA2271,The Making of South Asia,Summer Session,Undergraduate,6.0,Online or In Person,2022
3181,ASIA6271,The Making of South Asia,Summer Session,Postgraduate,6.0,Online or In Person,2022
3182,PHIL3077,The Metaphysics of David Lewis,,Undergraduate,6.0,In Person,2022
3183,IDEC8028,The Microeconomics of Development,,Postgraduate,6.0,In Person,2022
3184,ASIA2016,The Mongol Empire in World History,,Undergraduate,6.0,Online or In Person,2022
3185,ASIA6116,The Mongol Empire in World History,,Postgraduate,6.0,Online or In Person,2022
3186,CLAS1003,"The Myths of Greece and Rome: Mortals, Immortals, and Monsters",First Semester,Undergraduate,6.0,In Person,2022
3187,STST8002,The New Power Politics of Asia,,Postgraduate,6.0,In Person,2022
3188,BAPA1001,The Origins of Political Order in Asia,Spring Session,Undergraduate,6.0,In Person,2022
3189,ASIA1999,The Origins of Political Order in Asia,Second Semester,Undergraduate,6.0,In Person,2022
3190,DESN1004,"The Past as Prototype: History, Ethics and Concepts for Design in the Twenty-First Century",First Semester,Undergraduate,6.0,In Person,2022
3191,PHIL3078,The Philosophy of Emotions,Second Semester,Undergraduate,6.0,In Person,2022
3192,PHIL3075,"The Philosophy of Gender: Knowledge, Power, Bodies",,Undergraduate,6.0,In Person,2022
3193,PHIL2127,The Philosophy of Time,,Undergraduate,6.0,In Person,2022
3194,ARTV2605,The Photographic Document: Materiality and Form,,Undergraduate,6.0,In Person,2022
3195,ARTV6605,The Photographic Document: Materiality and Form,,Postgraduate,6.0,In Person,2022
3196,ASIA2275,The Pleasures and Powers of Stories in South and Southeast Asia,Winter Session,Undergraduate,6.0,Online or In Person,2022
3197,REGN8050,The Policy and Practice of Regulation,Winter Session,Postgraduate,6.0,In Person,2022
3198,PASI8307,The Political Economy of Service Delivery in Melanesia,Spring Session,Postgraduate,3.0,Online or In Person,2022
3199,MEAS2105,The Political Economy of the Middle East,Second Semester,Undergraduate,6.0,In Person,2022
3200,POGO8402,The Political and Institutional Architecture of Public Policy,Second Semester,Postgraduate,6.0,In Person,2022
3201,PASI8005,The Politics of Aid and Development in the Pacific,Second Semester,Postgraduate,6.0,In Person,2022
3202,ASIA6026,The Politics of China,Second Semester,Postgraduate,6.0,In Person,2022
3203,ASIA2026,The Politics of China,Second Semester,Undergraduate,6.0,In Person,2022
3204,POLS3032,The Politics of Empire,Second Semester,Undergraduate,6.0,In Person,2022
3205,POLS6100,The Politics of Empire,Second Semester,Postgraduate,6.0,In Person,2022
3206,POLS3035,The Politics of International Law,Second Semester,Undergraduate,6.0,Online or In Person,2022
3207,INTR8043,The Post-Colonial Pacific and Global Change,First Semester,Postgraduate,6.0,Online or In Person,2022
3208,ARTH6061,"The Postmodern and the Contemporary: World Art, 1970 to the Present",First Semester,Postgraduate,6.0,In Person,2022
3209,ARTH2061,"The Postmodern and the Contemporary: World art, 1970 to the present",First Semester,Undergraduate,6.0,In Person,2022
3210,PHIL2094,The Problem of Free Will,,Undergraduate,6.0,In Person,2022
3211,HIST9102,The Professional Historian: Advanced Training,Second Semester,Postgraduate,6.0,In Person,2022
3212,ARTV2909,"The Public Project: engagement strategies for artists, designers, institutions and communities",,Undergraduate,6.0,In Person,2022
3213,STST8052,The Resort to Force: Understanding Military Power,Second Semester,Postgraduate,6.0,In Person,2022
3214,INTR8020,The Responsibility to Protect,,Postgraduate,6.0,In Person,2022
3215,ANCH2022,The Rise of the Roman Empire,,Undergraduate,6.0,In Person,2022
3216,DIPL2001,The Role of Non-State Actors in Asia-Pacific Diplomacy,,Undergraduate,6.0,In Person,2022
3217,DIPL8016,The Role of Non-State Actors in East Asian Diplomacy,,Postgraduate,6.0,In Person,2022
3218,MUSI4401,The Scholar Musician 1,First Semester,Undergraduate,6.0,In Person,2022
3219,MUSI7003,The Scholar Musician 1,First Semester,Postgraduate,6.0,In Person,2022
3220,MUSI8001,The Scholar Musician 2,Second Semester,Postgraduate,6.0,In Person,2022
3221,MUSI4402,The Scholar Musician 2,Second Semester,Undergraduate,6.0,In Person,2022
3222,PSYC3002,The Social Psychology of Group Processes and Social Change,First Semester,Undergraduate,6.0,In Person,2022
3223,SPAN2601,The Sounds of Spanish,Second Semester,Undergraduate,6.0,In Person,2022
3224,HIST2242,The Soviet Union: From the Russian Revolution to the Collapse of Communism,,Undergraduate,6.0,In Person,2022
3225,HIST6242,The Soviet Union: From the Russian Revolution to the Collapse of Communism,,Postgraduate,6.0,Online or In Person,2022
3226,LING6020,The Structure of English,First Semester,Postgraduate,6.0,Online or In Person,2022
3227,WARS2002,The Vietnam Wars: 1941-1989,Second Semester,Undergraduate,6.0,Online or In Person,2022
3228,PSYC1005,The Wellbeing Formula: The Science and Practice of Making a Good Life,Second Semester,Undergraduate,6.0,Online or In Person,2022
3229,ECHI6009,The World Economy Since 1800,Second Semester,Postgraduate,6.0,In Person,2022
3230,ECHI2006,The World Economy Since 1800 (P),,Undergraduate,6.0,In Person,2022
3231,FREN3515,The sounds of French: Phonetics and Pronunciation,Second Semester,Undergraduate,6.0,In Person,2022
3232,ENGL6008,Theories and Methodologies for Literary Studies,,Postgraduate,6.0,In Person,2022
3233,ENGL3008,Theories and Methodologies for Literary Studies,,Undergraduate,6.0,In Person,2022
3234,CRIM4001,Theories of Crime and Justice,First Semester,Undergraduate,6.0,In Person,2022
3235,PHIL2020,Theories of Social Justice,,Undergraduate,6.0,In Person,2022
3236,WARS2001,Theories of War: An historical and global perspective,Second Semester,Undergraduate,6.0,In Person,2022
3237,BIAN8005,Theory Seminar in Biological Anthropology,First Semester,Postgraduate,6.0,In Person,2022
3238,BIAN4010,Theory Seminar in Biological Anthropology and Archaeology,First Semester,Undergraduate,12.0,In Person,2022
3239,ANTH4012,Theory and Ethnography in the Analysis of Cultures,,Undergraduate,12.0,In Person,2022
3240,MMIB8008,Theory in Management: Process and Content,Second Semester,Postgraduate,6.0,Online or In Person,2022
3241,COMP3630,Theory of Computation,First Semester,Undergraduate,6.0,In Person,2022
3242,COMP6363,Theory of Computation,First Semester,Postgraduate,6.0,In Person,2022
3243,MATH6202,Theory of Partial Differential Equations,Second Semester,Postgraduate,6.0,In Person,2022
3244,MATH4202,Theory of Partial Differential Equations Honours,Second Semester,Undergraduate,6.0,In Person,2022
3245,PHYS6020,Thermal and Statistical Physics,First Semester,Postgraduate,6.0,In Person,2022
3246,PHYS2020,Thermal and Statistical Physics,First Semester,Undergraduate,6.0,In Person,2022
3247,REGN8008,Thesis,First Semester/Second Semester,Postgraduate,24.0,Online or In Person,2022
3248,THES4100,Thesis,First Semester/Second Semester,Undergraduate,6.0,In Person,2022
3249,THES4501,Thesis,First Semester/Second Semester,Undergraduate,6.0,In Person,2022
3250,ANTH8050,Thesis,First Semester/Second Semester,Postgraduate,6.0,Online or In Person,2022
3251,THES4102,Thesis,First Semester/Second Semester,Undergraduate,6.0,In Person,2022
3252,THES4103,Thesis,Summer Session/First Semester/Second Semester,Undergraduate,6.0,In Person,2022
3253,THES4105,Thesis,First Semester/Second Semester,Undergraduate,6.0,In Person,2022
3254,THES4502,Thesis,First Semester/Second Semester,Undergraduate,6.0,In Person,2022
3255,THES8102,Thesis,First Semester/Second Semester,Postgraduate,6.0,In Person,2022
3256,THES8103,Thesis,First Semester/Second Semester,Postgraduate,6.0,In Person,2022
3257,EMDV8016,Thesis,Second Semester,Postgraduate,12.0,Online or In Person,2022
3258,DIPL8011,Thesis,First Semester/Second Semester,Postgraduate,24.0,Online or In Person,2022
3259,THES8100,Thesis,First Semester/Second Semester,Postgraduate,6.0,In Person,2022
3260,THES8105,Thesis,First Semester/Second Semester,Postgraduate,6.0,In Person,2022
3261,INTR8038,Thesis,First Semester/Second Semester,Postgraduate,24.0,Online or In Person,2022
3262,NSPO8031,Thesis,First Semester/Second Semester,Postgraduate,12.0,Online or In Person,2022
3263,ASIA8500,Thesis (24 units),First Semester/Second Semester,Postgraduate,24.0,Online or In Person,2022
3264,THES8113,Thesis (Online),First Semester/Second Semester,Postgraduate,6.0,Online,2022
3265,INTR8039,Thesis (Part Time),First Semester/Second Semester,Postgraduate,12.0,Online or In Person,2022
3266,DIPL8017,Thesis (Part-time),First Semester/Second Semester,Postgraduate,12.0,Online or In Person,2022
3267,STST8162,Thesis - Full-time,First Semester/Second Semester,Postgraduate,24.0,In Person,2022
3268,STST8071,Thesis - Full-time,First Semester/Second Semester,Postgraduate,24.0,In Person,2022
3269,STST8072,Thesis - Part-time,First Semester/Second Semester,Postgraduate,12.0,In Person,2022
3270,STST8163,Thesis Part-time,First Semester/Second Semester/Spring Session,Postgraduate,12.0,In Person,2022
3271,HUMN9104,Thesis Writing Workshop: The Five Essential Elements of a Thesis,Second Semester,Postgraduate,6.0,In Person,2022
3272,MATH4005,Thesis and Presentations in Mathematics,Summer Session/First Semester/Second Semester,Undergraduate,6.0,In Person,2022
3273,SCOM4005,Thesis and Seminar in Science Communication,First Semester/Second Semester,Undergraduate,6.0,In Person,2022
3274,ARCH6023,Thinking Through the Past: Archaeological Theory from 1950,,Postgraduate,6.0,In Person,2022
3275,ARCH3023,Thinking Through the Past: Archaeological Theory from 1950,,Undergraduate,6.0,In Person,2022
3276,MGMT7060,Thought Leadership in Organisations,Second Semester,Postgraduate,6.0,In Person,2022
3277,TIBN1002,Tibetan 1,First Semester,Undergraduate,6.0,Online,2022
3278,TIBN1003,Tibetan 2,Second Semester,Undergraduate,6.0,Online,2022
3279,TOKP1002,Tok Pisin 1,First Semester,Undergraduate,6.0,Online,2022
3280,TOKP1003,Tok Pisin 2,Second Semester,Undergraduate,6.0,Online,2022
3281,TOKP2001,Tok Pisin 3,First Semester,Undergraduate,6.0,Online,2022
3282,TOKP2002,Tok Pisin 4,Second Semester,Undergraduate,6.0,Online,2022
3283,MGMT7170,Tools and Techniques for Business Project Management,First Semester/Autumn Session,Postgraduate,6.0,Online or In Person,2022
3284,LANG4002,Topics in Advanced Language Studies 1,First Semester/Second Semester,Undergraduate,6.0,In Person,2022
3285,LANG4003,Topics in Advanced Language Studies 2,First Semester/Second Semester,Undergraduate,6.0,In Person,2022
3286,LING3126,Topics in Advanced Syntax and Morphology,Second Semester,Undergraduate,6.0,In Person,2022
3287,LING6026,Topics in Advanced Syntax and Morphology,Second Semester,Postgraduate,6.0,In Person,2022
3288,ASIA9051,Topics in Asia and Pacific Research,First Semester/Second Semester,Postgraduate,6.0,In Person,2022
3289,MATH6201,Topics in Computational Mathematics,First Semester,Postgraduate,6.0,In Person,2022
3290,MATH4201,Topics in Computational Maths Honours,First Semester,Undergraduate,6.0,In Person,2022
3291,COMP3710,Topics in Computer Science,Second Semester,Undergraduate,6.0,In Person,2022
3292,ENVS8048,Topics in Environment & Society,Summer Session/First Semester/Autumn Session/Winter Session/Second Semester/Spring Session,Postgraduate,6.0,In Person,2022
3293,ECON4476,Topics in Game Theory,,Undergraduate,6.0,In Person,2022
3294,ECON8076,Topics in Game Theory,,Postgraduate,6.0,In Person,2022
3295,FINM8007,Topics in International Finance,First Semester/Second Semester,Postgraduate,6.0,In Person,2022
3296,LING9001,Topics in Linguistics,First Semester,Postgraduate,6.0,In Person,2022
3297,ECON8001,Topics in Macroeconomics,,Postgraduate,6.0,In Person,2022
3298,ECON4401,Topics in Macroeconomics,,Undergraduate,6.0,In Person,2022
3299,MATH6211,Topics in Mathematical Physics,First Semester,Postgraduate,6.0,In Person,2022
3300,ECON8021,Topics in Microeconomic Theory,Second Semester,Postgraduate,6.0,In Person,2022
3301,ECON4421,Topics in Microeconomic Theory,Second Semester,Undergraduate,6.0,In Person,2022
3302,NEUR8001,Topics in Neuroscience,,Postgraduate,6.0,In Person,2022
3303,PHIL4012,Topics in Philosophy,First Semester/Second Semester,Undergraduate,6.0,In Person,2022
3304,LAWS8142,Tort Liability and Public Authorities,Winter Session,Postgraduate,6.0,Online or In Person,2022
3305,LAWS1203,Torts,First Semester,Undergraduate,6.0,Online or In Person,2022
3306,LAWS6103,Torts,First Semester,Postgraduate,6.0,Online or In Person,2022
3307,HUMN8033,"Tourism, Heritage and Globalisation",Winter Session,Postgraduate,6.0,In Person,2022
3308,EMDV8017,Toxic: Environmental Pollution and Waste,First Semester,Postgraduate,6.0,Online or In Person,2022
3309,IDEC8009,"Trade, Development and the Asia Pacific Economy",,Postgraduate,6.0,In Person,2022
3310,FINM4017,Trading and Markets,Second Semester,Undergraduate,6.0,In Person,2022
3311,FINM8017,Trading and Markets,Second Semester,Postgraduate,6.0,In Person,2022
3312,ANTH2005,"Traditional Australian Indigenous Cultures, Societies and Environment",Second Semester,Undergraduate,6.0,In Person,2022
3313,ANTH6005,"Traditional Australian Indigenous Cultures, Societies and Environment",Second Semester,Postgraduate,6.0,In Person,2022
3314,CLAS6001,Traditional Grammar,First Semester,Postgraduate,6.0,In Person,2022
3315,CLAS1001,Traditional Grammar,First Semester,Undergraduate,6.0,In Person,2022
3316,CLAS2011,Traditional Grammar (L),First Semester,Undergraduate,6.0,In Person,2022
3317,SOCY3124,Transforming Society: Towards a Public Sociology,Second Semester,Undergraduate,6.0,In Person,2022
3318,LANG8016,Translation Project,First Semester/Second Semester,Postgraduate,6.0,In Person,2022
3319,LANG6016,Translation Project,,Postgraduate,6.0,In Person,2022
3320,LANG6002,Translation across Languages: Specialised Materials,First Semester,Postgraduate,6.0,In Person,2022
3321,LANG6001,Translation across Languages: The Translation of Literary Texts,,Postgraduate,6.0,In Person,2022
3322,LANG3002,Translation across Languages: specialised material,,Undergraduate,6.0,In Person,2022
3323,LANG3001,Translation across Languages: the translation of literary texts,,Undergraduate,6.0,In Person,2022
3324,LAWS8009,Transnational Anti-Corruption Laws,Spring Session,Postgraduate,6.0,Online or In Person,2022
3325,DIPL8001,Transnational Diplomacy,First Semester,Postgraduate,6.0,Online or In Person,2022
3326,SCRN3001,Transnational Screens: Crossing Borders and Identities,Second Semester,Undergraduate,6.0,In Person,2022
3327,ANCH6501,Travellers and Geographers in Antiquity,,Postgraduate,6.0,In Person,2022
3328,ANCH2015,Travellers and Geographers in Antiquity,,Undergraduate,6.0,In Person,2022
3329,ASIA3272,Truth and Falsity in Indian History and Politics,Summer Session,Undergraduate,6.0,Online or In Person,2022
3330,ASIA6272,Truth and Falsity in Indian History and Politics,Summer Session,Postgraduate,6.0,Online or In Person,2022
3331,MMIB8007,Tsinghua Research Project,Summer Session,Postgraduate,6.0,Online or In Person,2022
3332,HIST6509,"Tudor-Stuart England c.1485-1714: Politics, Society, Culture",First Semester,Postgraduate,6.0,In Person,2022
3333,HIST2219,"Tudor-Stuart England, c.1485-1714: Politics, Society and Culture",First Semester,Undergraduate,6.0,In Person,2022
3334,MEAS3006,Turkish History: Ottoman State to Modern Turkey,First Semester,Undergraduate,6.0,In Person,2022
3335,MEAS6006,Turkish History: Ottoman State to Modern Turkey,First Semester,Postgraduate,6.0,In Person,2022
3336,MEAS2004,Turkish Politics and Foreign Policy,Second Semester,Undergraduate,6.0,In Person,2022
3337,MEAS6504,Turkish Politics and Foreign Policy,Second Semester,Postgraduate,6.0,In Person,2022
3338,DESN2009,Typography in Context: digital typographic design,Second Semester,Undergraduate,6.0,In Person,2022
3339,ARTV6100,Typography: Textual use in Visual Arts,,Postgraduate,6.0,In Person,2022
3340,POLS2127,U.S. Politics,,Undergraduate,6.0,In Person,2022
3341,HUMN8019,UNESCO and World Heritage: Conserving Heritage Values,Autumn Session,Postgraduate,6.0,Online,2022
3342,INTR2016,US Foreign and Security Policy in Asia,,Undergraduate,6.0,In Person,2022
3343,INTR8067,US Foreign and Security Policy in the Asia-Pacific,,Postgraduate,6.0,In Person,2022
3344,INDG8003,Understanding Indigenous Wellbeing: Demographic and Socioeconomic Change,,Postgraduate,6.0,Online or In Person,2022
3345,MUSC8012,Understanding Learning in Museums and Heritage,First Semester,Postgraduate,6.0,Online or In Person,2022
3346,INTR1021,Understanding Peace and Conflict,First Semester,Undergraduate,6.0,Online or In Person,2022
3347,BAPA1002,Understanding Peace and Conflict,Spring Session,Undergraduate,6.0,In Person,2022
3348,DEMO2001,Understanding Population Change,Second Semester,Undergraduate,6.0,In Person,2022
3349,PASI8303,"Understanding the Pacific 1: Foundational Concepts, Critical Perspectives",,Postgraduate,3.0,Online or In Person,2022
3350,PASI8304,"Understanding the Pacific 2: New Actors, Contemporary Issues",,Postgraduate,3.0,Online or In Person,2022
3351,EURO2012,"Uniting Europe: history, politics, theory",First Semester,Undergraduate,6.0,In Person,2022
3352,POGO8234,Unpacking Policy Capacity,,Postgraduate,3.0,In Person,2022
3353,LAWS4001,Unravelling Complexity,Second Semester,Undergraduate,6.0,In Person,2022
3354,VCUG3001,Unravelling Complexity,Second Semester,Undergraduate,6.0,In Person,2022
3355,VCPG6001,Unravelling Complexity,Second Semester,Postgraduate,6.0,In Person,2022
3356,ENGN8832,Urban Energy and Energy Efficiency,Second Semester,Postgraduate,6.0,Online,2022
3357,SOCR8202,Using Data to Answer Policy Questions and Evaluate Policy,Autumn Session/Second Semester,Postgraduate,6.0,Online or In Person,2022
3358,SOCR8012,Using Quantitative Text Analysis in Social Research,,Postgraduate,6.0,In Person,2022
3359,ENGL3036,Victorian Literature,First Semester,Undergraduate,6.0,In Person,2022
3360,ENGL6036,Victorian Literature,First Semester,Postgraduate,6.0,In Person,2022
3361,ARTV6003,Video Art,,Postgraduate,6.0,In Person,2022
3362,ARTV1612,Video Art: Editing & Montage,,Undergraduate,6.0,In Person,2022
3363,ARTV6612,Video Art: Editing and Montage,,Postgraduate,6.0,In Person,2022
3364,ARTV2617,Video: Creative Possibilities,,Undergraduate,6.0,In Person,2022
3365,ENVS2017,Vietnam Field School,,Undergraduate,6.0,In Person,2022
3366,ENVS6017,Vietnam Field School,,Postgraduate,6.0,In Person,2022
3367,VIET1002,Vietnamese 1,First Semester,Undergraduate,6.0,Online,2022
3368,VIET1003,Vietnamese 2,Second Semester,Undergraduate,6.0,Online,2022
3369,VIET2002,Vietnamese 3,First Semester,Undergraduate,6.0,Online,2022
3370,VIET2003,Vietnamese 4,Second Semester,Undergraduate,6.0,Online,2022
3371,VIET3002,Vietnamese 5,First Semester,Undergraduate,6.0,Online,2022
3372,VIET3003,Vietnamese 6,Second Semester,Undergraduate,6.0,Online,2022
3373,VIET3015,Vietnamese-English Translation,,Undergraduate,6.0,In Person,2022
3374,HIST6243,"Vikings, Crusades, Mongols: Shaping Medieval Europe, c. 850—1300",,Postgraduate,6.0,In Person,2022
3375,HIST2243,"Vikings, Crusades, Mongols: Shaping Medieval Europe, c. 850—1300",,Undergraduate,6.0,In Person,2022
3376,REGN8007,"Violence Against Women in Australia, Asia and the Pacific",,Postgraduate,6.0,In Person,2022
3377,POLS4043,Violence and Political Order,Second Semester,Undergraduate,6.0,In Person,2022
3378,POLS8043,Violence and Political Order,Second Semester,Postgraduate,6.0,In Person,2022
3379,SPAN3100,Violence and Power in Hispanic Literature: Crímenes Perfectos,First Semester,Undergraduate,6.0,Online or In Person,2022
3380,ANTH6516,Violence and Terror,,Postgraduate,6.0,In Person,2022
3381,ANTH2130,Violence and Terror,,Undergraduate,6.0,In Person,2022
3382,ASIA2109,"Violence, Poverty, and Politics in India",,Undergraduate,6.0,In Person,2022
3383,DESN1002,Visual Communication: Design and Production,First Semester,Undergraduate,6.0,In Person,2022
3384,PSYC3015,Visual and Cognitive Neuroscience,Second Semester,Undergraduate,6.0,In Person,2022
3385,FREN3107,Voyages littéraires: Modern Literature in French,,Undergraduate,6.0,In Person,2022
3386,WARS1003,War and Society in Modern History,,Undergraduate,6.0,In Person,2022
3387,WARS2004,War in the Islands: The Second World War in the Pacific,Second Semester,Undergraduate,6.0,In Person,2022
3388,WARS6006,War in the Islands: The Second World War in the Pacific,Second Semester,Postgraduate,6.0,Online or In Person,2022
3389,WARS1001,"War in the Modern World, 1789 to today",First Semester,Undergraduate,6.0,Online or In Person,2022
3390,POLS3022,Washington DC Internship,,Undergraduate,12.0,In Person,2022
3391,EMDV8079,"Water Justice, Management and Governance",Winter Session,Postgraduate,6.0,Online or In Person,2022
3392,ENVS3005,Water Management,First Semester,Undergraduate,6.0,In Person,2022
3393,ENVS6555,Water Management,First Semester,Postgraduate,6.0,In Person,2022
3394,ENVS2020,Water Science,Summer Session,Undergraduate,6.0,In Person,2022
3395,ENVS6022,Water Science,Summer Session,Postgraduate,6.0,In Person,2022
3396,ENGN4901,Water Systems Engineering,,Undergraduate,6.0,In Person,2022
3397,MEAS4002,"Ways of Reading the Middle East, Central Asia and their Diasporas: the Big Issues",First Semester,Undergraduate,6.0,In Person,2022
3398,COMP1710,Web Development and Design,Second Semester,Undergraduate,6.0,In Person,2022
3399,COMP6780,Web Development and Design,Second Semester,Postgraduate,6.0,In Person,2022
3400,HIST2220,"Western Europe in the Later Middle Ages, c. 1348-1500",,Undergraduate,6.0,In Person,2022
3401,PHIL1007,What is Humanity?,,Undergraduate,6.0,In Person,2022
3402,ASIA2304,What is Literature? Asian Perspectives,First Semester,Undergraduate,6.0,Online or In Person,2022
3403,MUSC8022,When Justice Goes to the Museum,,Postgraduate,6.0,In Person,2022
3404,HUMN8036,Who do we think we are? Using Archives and Special Collections,,Postgraduate,6.0,In Person,2022
3405,ENGN4548,Wind Energy,Second Semester,Undergraduate,6.0,In Person,2022
3406,ENGN6548,Wind Energy,Second Semester,Postgraduate,6.0,In Person,2022
3407,ENGN4536,Wireless Communications,Second Semester,Undergraduate,6.0,In Person,2022
3408,ENGN6536,Wireless Communications,Second Semester,Postgraduate,6.0,In Person,2022
3409,INTR8077,"Women, Peace and Security: Defining and Addressing Complex Security Challenges of the 21st Century",First Semester,Postgraduate,6.0,Online or In Person,2022
3410,POGO8068,Work Based Research Project,Winter Session,Postgraduate,12.0,In Person,2022
3411,PHYS3058,Work Experience in Photonics,First Semester/Second Semester,Undergraduate,6.0,In Person,2022
3412,LAWS8341,Work and the Gig Economy,Autumn Session,Postgraduate,6.0,Online or In Person,2022
3413,ARTV2038,Workshop Atelier,First Semester/Second Semester,Undergraduate,6.0,Online or In Person,2022
3414,ECHI3009,World Economy Since 1800,Second Semester,Undergraduate,6.0,In Person,2022
3415,HIST2136,"World at War, 1939-1945",,Undergraduate,6.0,Online or In Person,2022
3416,ARTV2908,Woven Worlds,Second Semester,Undergraduate,6.0,In Person,2022
3417,ARTH8021,Writing About Art and Creative Practice,Autumn Session,Postgraduate,6.0,In Person,2022
3418,ARTH9021,Writing About Art and Creative Practice,Autumn Session,Postgraduate,6.0,In Person,2022
3419,GEND3016,Writing Lives: Autobiography in Fiction and Memoir,,Undergraduate,6.0,In Person,2022
3420,MUSI2211,Writing about Music 1: Styles and Theories,First Semester,Undergraduate,6.0,In Person,2022
3421,MUSI6211,Writing about Music 1: Styles and Theories,First Semester,Postgraduate,6.0,In Person,2022
3422,MUSI6313,Writing about Music 2: Sources and Methods,Second Semester,Postgraduate,6.0,In Person,2022
3423,MUSI3313,Writing about Music 2: Sources and Methods,Second Semester,Undergraduate,6.0,In Person,2022
3424,ENGL9002,Writing for Publication: Developing an Academic Paper,First Semester,Postgraduate,6.0,In Person,2022
3425,HUMN8032,Writing for the Research Process,,Postgraduate,6.0,In Person,2022
3426,HUMN4001,Writing for the Research Process,,Undergraduate,6.0,In Person,2022
3427,HUMN8026,Writing in the Public Sphere,Second Semester,Postgraduate,6.0,Online or In Person,2022
3428,ENGL9020,Writing the Thesis,First Semester,Postgraduate,6.0,In Person,2022
3429,HUMN8012,"Writing, World Histories and Lives: Research Project",First Semester,Postgraduate,6.0,In Person,2022
3430,ASIA3551,Year in Asia,First Semester/Second Semester,Undergraduate,24.0,In Person,2022
3431,CRIM6006,Young People and Crime: Developmental Criminology and its Discontents,Autumn Session,Postgraduate,6.0,In Person,2022
3432,CRIM2006,Young People and Crime: Developmental Criminology and its Discontents,Autumn Session,Undergraduate,6.0,In Person,2022
3433,GEND2037,Young People and Sex,,Undergraduate,6.0,In Person,2022
3434,LAWS4267,Youth Law Clinic,First Semester/Second Semester,Undergraduate,6.0,In Person,2022
3435,LAWS6267,Youth Law Clinic,First Semester/Second Semester,Postgraduate,6.0,In Person,2022
3436,MEAS8100,,,Postgraduate,,In Person,2022
3437,ARCH8103,,,Postgraduate,,In Person,2022
3438,MEAS8010,,,Postgraduate,,In Person,2022
