,CourseCode,Name,Session,Career,Units,ModeOfDelivery,Year
0,MEAS8127,"'Sectarianism' in the Middle East: Theology, Politics and Identity",,Postgraduate,6.0,In Person,2023
1,INTR2020,(In)Stability on the Korean Peninsula,,Undergraduate,6.0,In Person,2023
2,MGMT7169,A Management Framework For Business Projects,Second Semester,Postgraduate,6.0,In Person,2023
3,CBEA6070,ANU College of Business and Economics Internship Program (PG),First Semester/Second Semester,Postgraduate,6.0,In Person,2023
4,CBEA3070,ANU College of Business and Economics Internship Program (UG),First Semester/Second Semester,Undergraduate,6.0,In Person,2023
5,EXTN1007A,ANU Extension Advanced Japanese A,Autumn Session,Undergraduate,0.0,In Person,2023
6,EXTN1007B,ANU Extension Advanced Japanese B,Autumn Session,Undergraduate,6.0,In Person,2023
7,EXTN1001A,ANU Extension Astrophysics A,Autumn Session,Undergraduate,0.0,In Person,2023
8,EXTN1001B,ANU Extension Astrophysics B,Autumn Session,Undergraduate,6.0,In Person,2023
9,EXTN1004A,ANU Extension Biodiversity A,Autumn Session,Undergraduate,0.0,In Person,2023
10,EXTN1004B,ANU Extension Biodiversity B,Autumn Session,Undergraduate,6.0,In Person,2023
11,EXTN1002A,ANU Extension Chemistry A,Autumn Session,Undergraduate,0.0,In Person,2023
12,EXTN1002B,ANU Extension Chemistry B,Autumn Session,Undergraduate,6.0,In Person,2023
13,EXTN1003A,ANU Extension Continuing Chinese A,Autumn Session,Undergraduate,0.0,In Person,2023
14,EXTN1003B,ANU Extension Continuing Chinese B,Autumn Session,Undergraduate,6.0,In Person,2023
15,EXTN1006A,ANU Extension Continuing Japanese A,Autumn Session,Undergraduate,0.0,In Person,2023
16,EXTN1006B,ANU Extension Continuing Japanese B,Autumn Session,Undergraduate,6.0,In Person,2023
17,EXTN1019A,ANU Extension Creative Computing A,Autumn Session,Undergraduate,0.0,In Person,2023
18,EXTN1019B,ANU Extension Creative Computing B,Autumn Session,Undergraduate,6.0,In Person,2023
19,EXTN1005A,ANU Extension Discovering Engineering A,Autumn Session,Undergraduate,0.0,In Person,2023
20,EXTN1005B,ANU Extension Discovering Engineering B,Autumn Session,Undergraduate,6.0,In Person,2023
21,EXTN1020A,ANU Extension Global Perspectives in Commerce A,Autumn Session,Undergraduate,0.0,In Person,2023
22,EXTN1020B,ANU Extension Global Perspectives in Commerce B,Autumn Session,Undergraduate,6.0,In Person,2023
23,EXTN1010A,ANU Extension Indonesian Politics and Culture A,,Undergraduate,0.0,In Person,2023
24,EXTN1010B,ANU Extension Indonesian Politics and Culture B,Autumn Session,Undergraduate,6.0,In Person,2023
25,EXTN1008A,ANU Extension Korean Language and Culture A,Autumn Session,Undergraduate,0.0,In Person,2023
26,EXTN1008B,ANU Extension Korean Language and Culture B,Autumn Session,Undergraduate,6.0,In Person,2023
27,EXTN1011A,ANU Extension Physics A,Autumn Session,Undergraduate,0.0,In Person,2023
28,EXTN1011B,ANU Extension Physics B,Autumn Session,Undergraduate,6.0,In Person,2023
29,EXTN1012A,ANU Extension Specialist Mathematics A,Autumn Session,Undergraduate,0.0,In Person,2023
30,EXTN1012B,ANU Extension Specialist Mathematics B,Autumn Session,Undergraduate,6.0,In Person,2023
31,BIOL3188,ANU SynBio Challenge Team Project,Second Semester,Undergraduate,6.0,In Person,2023
32,BIOL6188,ANU SynBio Challenge Team Project,Second Semester,Postgraduate,6.0,In Person,2023
33,SCNC5922,ANU/NUS JD (Band 2 NP),First Semester/Second Semester,Undergraduate,6.0,In Person,2023
34,HLTH3001,Aboriginal and Torres Strait Islander Health,First Semester,Undergraduate,6.0,In Person,2023
35,HIST2022,Aboriginal and Torres Strait Islander History,,Undergraduate,6.0,In Person,2023
36,HIST6022,Aboriginal and Torres Strait Islander History,,Postgraduate,6.0,In Person,2023
37,PHYS8203,Accelerators and their Application,First Semester,Postgraduate,6.0,In Person,2023
38,BUSN7051,Accounting Analytics,,Postgraduate,6.0,In Person,2023
39,BUSN3051,Accounting Analytics,First Semester/Second Semester,Undergraduate,6.0,In Person,2023
40,BUSN6051,Accounting Analytics,First Semester/Second Semester,Postgraduate,6.0,In Person,2023
41,BUSN4500,Accounting Honours Thesis,First Semester/Second Semester,Undergraduate,6.0,In Person,2023
42,INFS7004,Accounting Information Systems,First Semester/Second Semester,Postgraduate,6.0,In Person,2023
43,INFS2005,Accounting Information Systems,First Semester/Second Semester,Undergraduate,6.0,In Person,2023
44,BUSN1002,Accounting Processes and Systems,First Semester/Second Semester,Undergraduate,6.0,In Person,2023
45,BUSN3001,Accounting Theory,First Semester/Second Semester,Undergraduate,6.0,In Person,2023
46,BUSN8068,Accounting for Sustainability,Second Semester,Postgraduate,6.0,In Person,2023
47,ARTH2175,Across the Pacific: Australian Interactions with American Art and Art-Worlds,,Undergraduate,6.0,In Person,2023
48,ASIA8021,Activism and Social Change in Asia and the Pacific,,Postgraduate,6.0,Online or In Person,2023
49,ACST8040,Actuarial Control Cycle 1,First Semester,Postgraduate,6.0,In Person,2023
50,ACST4031,Actuarial Control Cycle 1,First Semester,Undergraduate,6.0,In Person,2023
51,ACST8041,Actuarial Control Cycle 2,Second Semester,Postgraduate,6.0,In Person,2023
52,ACST4032,Actuarial Control Cycle 2,Second Semester,Undergraduate,6.0,In Person,2023
53,ACST3032,Actuarial Data Analysis,Second Semester,Undergraduate,6.0,In Person,2023
54,ACST6032,Actuarial Data Analysis,Second Semester,Postgraduate,6.0,In Person,2023
55,ACST4062,Actuarial Data Analysis,Second Semester,Undergraduate,6.0,In Person,2023
56,ACST8032,Actuarial Data Analysis,,Postgraduate,6.0,In Person,2023
57,ACST4500,Actuarial Honours Thesis,First Semester/Second Semester,Undergraduate,6.0,In Person,2023
58,ACST4600,Actuarial Research Essay,,Undergraduate,6.0,In Person,2023
59,STAT6045,Actuarial Techniques,Second Semester,Postgraduate,6.0,In Person,2023
60,STAT3038,Actuarial Techniques,Second Semester,Undergraduate,6.0,In Person,2023
61,ENGL6067,Adaptation: From Text to Screen,Second Semester,Postgraduate,6.0,In Person,2023
62,ENGL2067,Adaptation: From Text to Screen,Second Semester,Undergraduate,6.0,In Person,2023
63,LAWS2201,Administrative Law,First Semester,Undergraduate,6.0,In Person,2023
64,LAWS6201,Administrative Law,First Semester,Postgraduate,6.0,Online or In Person,2023
65,LING6030,Advanced Academic English,,Postgraduate,6.0,In Person,2023
66,LING2107,Advanced Academic English,,Undergraduate,6.0,In Person,2023
67,LAWS4262,Advanced Administrative Law,Winter Session,Undergraduate,6.0,Online or In Person,2023
68,LAWS8462,Advanced Administrative Law,Winter Session,Postgraduate,6.0,Online or In Person,2023
69,MATH2322,"Advanced Algebra 1: Groups, Rings and Linear Algebra",Second Semester,Undergraduate,6.0,In Person,2023
70,MATH3345,Advanced Algebra 2: Field extensions and Galois Theory,First Semester,Undergraduate,6.0,In Person,2023
71,COMP4600,Advanced Algorithms,,Undergraduate,6.0,In Person,2023
72,COMP8460,Advanced Algorithms,,Postgraduate,6.0,In Person,2023
73,MATH2320,Advanced Analysis 1: Metric Spaces and Applications,First Semester,Undergraduate,6.0,In Person,2023
74,MATH3320,Advanced Analysis 2: Lebesgue Integration and Hilbert Spaces,First Semester,Undergraduate,6.0,In Person,2023
75,PHIL3072,Advanced Analytic Philosophy,,Undergraduate,6.0,In Person,2023
76,GREK3125,Advanced Ancient Greek,First Semester,Undergraduate,6.0,In Person,2023
77,PSYC8521,Advanced Applications in Psychological Practice,Second Semester,Postgraduate,6.0,In Person,2023
78,ARAB3001,Advanced Arabic 1,First Semester,Undergraduate,6.0,Online or In Person,2023
79,ARAB3002,Advanced Arabic 2,Second Semester,Undergraduate,6.0,Online or In Person,2023
80,PSYC8510,Advanced Assessment in Professional Psychology,First Semester,Postgraduate,6.0,In Person,2023
81,ECON3180,Advanced Behavioral Economics,,Undergraduate,6.0,In Person,2023
82,ECON6080,Advanced Behavioral Economics,,Postgraduate,6.0,In Person,2023
83,ECON8080,Advanced Behavioral Economics,,Postgraduate,6.0,In Person,2023
84,ECON4480,Advanced Behavioral Economics,,Undergraduate,6.0,In Person,2023
85,EMET8020,Advanced Case Studies in Applied Econometrics and Applied Economics,,Postgraduate,6.0,In Person,2023
86,MATH3228,Advanced Complex Analysis,Second Semester,Undergraduate,6.0,In Person,2023
87,COMP4810,Advanced Computing Group Project,First Semester/Second Semester,Undergraduate,6.0,In Person,2023
88,COMP4820,Advanced Computing Internship,First Semester/Second Semester,Undergraduate,12.0,In Person,2023
89,COMP4560,Advanced Computing Project,First Semester/Second Semester,Undergraduate,6.0,In Person,2023
90,COMP2550,Advanced Computing R&D Methods,First Semester,Undergraduate,6.0,In Person,2023
91,COMP3550,Advanced Computing R&D Project,First Semester/Second Semester,Undergraduate,6.0,In Person,2023
92,COMP4450,Advanced Computing Research Methods,First Semester,Undergraduate,6.0,In Person,2023
93,COMP6445,Advanced Computing Research Methods,First Semester,Postgraduate,6.0,In Person,2023
94,COMP4550,Advanced Computing Research Project,First Semester/Second Semester,Undergraduate,12.0,In Person,2023
95,LAWS8218,Advanced Contracts,Summer Session,Postgraduate,6.0,Online or In Person,2023
96,ENGN8224,Advanced Control Systems,Second Semester,Postgraduate,6.0,In Person,2023
97,FINM4015,Advanced Corporate Finance,First Semester/Second Semester,Undergraduate,6.0,In Person,2023
98,FINM8004,Advanced Corporate Finance,First Semester/Second Semester,Postgraduate,6.0,In Person,2023
99,FINM3007,Advanced Derivatives Pricing and Applications,Second Semester,Undergraduate,6.0,In Person,2023
100,MATH3342,Advanced Differential Geometry,First Semester,Undergraduate,6.0,In Person,2023
101,EMET4314,Advanced Econometrics I,First Semester,Undergraduate,6.0,In Person,2023
102,EMET8014,Advanced Econometrics I,First Semester,Postgraduate,6.0,In Person,2023
103,EMET4308,Advanced Econometrics II,,Undergraduate,6.0,In Person,2023
104,EMET8008,Advanced Econometrics II,,Postgraduate,6.0,In Person,2023
105,PHYS3102,Advanced Electromagnetism,First Semester,Undergraduate,6.0,In Person,2023
106,PHYS6102,Advanced Electromagnetism,First Semester,Postgraduate,6.0,In Person,2023
107,PHIL3073,"Advanced Ethics, Social and Political Philosophy",First Semester,Undergraduate,6.0,In Person,2023
108,BIOL6303,Advanced Field Studies in Functional Ecology,Spring Session,Postgraduate,6.0,In Person,2023
109,BIOL3303,Advanced Field Studies in Functional Ecology,Spring Session,Undergraduate,6.0,In Person,2023
110,ARCH8002,Advanced Field Training in Archaeological Science,Winter Session,Postgraduate,6.0,In Person,2023
111,FREN3010,Advanced French I,First Semester,Undergraduate,6.0,In Person,2023
112,FREN3011,Advanced French II,Second Semester,Undergraduate,6.0,In Person,2023
113,MATH3325,"Advanced Functional Analysis, Spectral theory and Applications",Second Semester,Undergraduate,6.0,In Person,2023
114,MATH6214,"Advanced Functional Analysis, Spectral theory and Applications",Second Semester,Postgraduate,6.0,In Person,2023
115,PHYS8721,Advanced Imaging Methods and Systems,First Semester,Postgraduate,6.0,In Person,2023
116,INDN3015,Advanced Indonesian: Translation into English,,Undergraduate,6.0,Online or In Person,2023
117,LAWS4264,Advanced International Law,First Semester,Undergraduate,6.0,Online or In Person,2023
118,FINM8006,Advanced Investments,First Semester/Second Semester,Postgraduate,6.0,In Person,2023
119,FINM4106,Advanced Investments,First Semester/Second Semester,Undergraduate,6.0,In Person,2023
120,ITAL3016,Advanced Italian Topics in Language and Literary Studies,Second Semester,Undergraduate,6.0,In Person,2023
121,ITAL3015,"Advanced Italian Topics in Language, Culture and Society",First Semester,Undergraduate,6.0,In Person,2023
122,JPNS3005,Advanced Japanese: Issues in Contemporary Japan,Second Semester,Undergraduate,6.0,Online or In Person,2023
123,JPNS3006,Advanced Japanese: Language in Context,,Undergraduate,6.0,Online or In Person,2023
124,JPNS3007,Advanced Japanese: Readings in Culture and Society,First Semester,Undergraduate,6.0,Online or In Person,2023
125,JPNS3008,Advanced Japanese: Readings in Literature,,Undergraduate,6.0,Online or In Person,2023
126,MUSI2507,Advanced Jazz Studies 1,First Semester,Undergraduate,6.0,In Person,2023
127,MUSI2508,Advanced Jazz Studies 2,Second Semester,Undergraduate,6.0,In Person,2023
128,KORE3018,Advanced Korean: Culture and History,First Semester,Undergraduate,6.0,Online or In Person,2023
129,KORE3015,Advanced Korean: Film and Society,Second Semester,Undergraduate,6.0,Online or In Person,2023
130,LATN3125,Advanced Latin,First Semester/Second Semester,Undergraduate,6.0,In Person,2023
131,LAWS9800,Advanced Legal Methods and Legal Writing,First Semester,Postgraduate,6.0,Online or In Person,2023
132,LAWS8800,Advanced Legal Methods and Legal Writing,First Semester,Postgraduate,6.0,Online or In Person,2023
133,CHIN3015,Advanced Literary Chinese,First Semester/Second Semester,Undergraduate,6.0,Online or In Person,2023
134,ECON8026,Advanced Macroeconomic Analysis,First Semester/Second Semester,Postgraduate,6.0,In Person,2023
135,BUSN6003,Advanced Management Accounting,Second Semester,Postgraduate,6.0,In Person,2023
136,BUSN3003,Advanced Management Accounting,Second Semester,Undergraduate,6.0,In Person,2023
137,BUSN8003,Advanced Managerial Decision Making,,Postgraduate,6.0,In Person,2023
138,CHEM6202,Advanced Materials,First Semester,Postgraduate,6.0,In Person,2023
139,CHEM3202,Advanced Materials,First Semester,Undergraduate,6.0,In Person,2023
140,CHEM8031,Advanced Materials Manufacturing,Second Semester,Postgraduate,6.0,In Person,2023
141,MATH3353,Advanced Mathematical Bioinformatics,First Semester,Undergraduate,6.0,In Person,2023
142,MATH6208,Advanced Mathematical Bioinformatics,First Semester,Postgraduate,6.0,In Person,2023
143,STAT3056,Advanced Mathematical Statistics,Second Semester,Undergraduate,6.0,In Person,2023
144,STAT6056,Advanced Mathematical Statistics,Second Semester,Postgraduate,6.0,In Person,2023
145,MATH1115,Advanced Mathematics and Applications 1,First Semester,Undergraduate,6.0,In Person,2023
146,MATH1116,Advanced Mathematics and Applications 2,Second Semester,Undergraduate,6.0,In Person,2023
147,ECON8025,Advanced Microeconomic Analysis,First Semester/Second Semester,Postgraduate,6.0,In Person,2023
148,BIOL6203,Advanced Microscopy in Biosciences,Winter Session,Postgraduate,6.0,In Person,2023
149,BIOL3203,Advanced Microscopy in Biosciences,Winter Session,Undergraduate,6.0,In Person,2023
150,CHIN3024,Advanced Modern Chinese A,First Semester,Undergraduate,6.0,Online or In Person,2023
151,CHIN3025,Advanced Modern Chinese B,Second Semester,Undergraduate,6.0,Online or In Person,2023
152,PERS3005,Advanced Persian A,Winter Session,Undergraduate,6.0,Online,2023
153,PERS3006,Advanced Persian B,Spring Session,Undergraduate,6.0,Online,2023
154,PHIL3074,Advanced Philosophical Topics,First Semester/Second Semester,Undergraduate,6.0,In Person,2023
155,LAWS8183,Advanced Principles of International Law,Autumn Session,Postgraduate,6.0,Online or In Person,2023
156,PSYC8511,Advanced Psychological Interventions,First Semester,Postgraduate,6.0,In Person,2023
157,PHYS3101,Advanced Quantum Mechanics,First Semester,Undergraduate,6.0,In Person,2023
158,PHYS6101,Advanced Quantum Mechanics,First Semester,Postgraduate,6.0,In Person,2023
159,PHYS8212,Advanced Reactor Science,Second Semester,Postgraduate,6.0,In Person,2023
160,CLAS9001,Advanced Readings in Classical Studies,Second Semester,Postgraduate,6.0,In Person,2023
161,LING4106,Advanced Readings in Linguistics,First Semester/Second Semester,Undergraduate,6.0,In Person,2023
162,ENVS6319,Advanced Remote Sensing and GIS,,Postgraduate,6.0,In Person,2023
163,ENVS3019,Advanced Remote Sensing and GIS,,Undergraduate,6.0,In Person,2023
164,ECON8887,Advanced Research Essay,First Semester/Second Semester,Postgraduate,6.0,In Person,2023
165,ECON8888,Advanced Research Essay B,,Postgraduate,6.0,In Person,2023
166,PSYC3018,Advanced Research Methods,First Semester,Undergraduate,6.0,In Person,2023
167,EMDV9066,Advanced Research Project in Environmental Management & Development,Second Semester,Postgraduate,12.0,Online or In Person,2023
168,BIOL8702,Advanced Research Techniques,First Semester,Postgraduate,12.0,In Person,2023
169,SOCY9002,Advanced Social Research Methods,Second Semester,Postgraduate,6.0,In Person,2023
170,LING6036,Advanced Sociolinguistics,Second Semester,Postgraduate,6.0,In Person,2023
171,LING3036,Advanced Sociolinguistics,Second Semester,Undergraduate,6.0,In Person,2023
172,SPAN3031,Advanced Spanish Topics in Language and Linguistics,,Undergraduate,6.0,In Person,2023
173,SPAN3030,Advanced Spanish topics in Language and Culture,,Undergraduate,6.0,In Person,2023
174,STAT4050,Advanced Statistical Learning,Second Semester,Undergraduate,6.0,In Person,2023
175,STAT3050,Advanced Statistical Learning,Second Semester,Undergraduate,6.0,In Person,2023
176,STAT6050,Advanced Statistical Learning,Second Semester,Postgraduate,6.0,In Person,2023
177,PHYS3103,Advanced Statistical Mechanics,Second Semester,Undergraduate,6.0,In Person,2023
178,PHYS6103,Advanced Statistical Mechanics,Second Semester,Postgraduate,6.0,In Person,2023
179,STAT6060,Advanced Stochastic Processes,Second Semester,Postgraduate,6.0,In Person,2023
180,STAT3006,Advanced Stochastic Processes,Second Semester,Undergraduate,6.0,In Person,2023
181,ARTS2101,Advanced Studies 3,Summer Session/First Semester/Autumn Session/Winter Session/Second Semester/Spring Session,Undergraduate,6.0,In Person,2023
182,ARTS2102,Advanced Studies 4,Summer Session/First Semester/Autumn Session/Winter Session/Second Semester/Spring Session,Undergraduate,6.0,In Person,2023
183,ARTS3101,Advanced Studies 5,Summer Session/First Semester/Autumn Session/Winter Session/Second Semester/Spring Session,Undergraduate,6.0,In Person,2023
184,ARTS3102,Advanced Studies 6,Summer Session/First Semester/Autumn Session/Winter Session/Second Semester/Spring Session,Undergraduate,6.0,In Person,2023
185,SCNC2101,Advanced Studies Course,Summer Session/First Semester/Autumn Session/Winter Session/Second Semester/Spring Session,Undergraduate,6.0,In Person,2023
186,SCNC3101,Advanced Studies Course,Summer Session/First Semester/Autumn Session/Winter Session/Second Semester/Spring Session,Undergraduate,6.0,In Person,2023
187,BPHB1114,Advanced Studies in the Social Sciences and Humanities 1,Second Semester,Undergraduate,6.0,In Person,2023
188,BPHB2114,Advanced Studies in the Social Sciences and Humanities 2,Summer Session/First Semester/Autumn Session/Winter Session/Second Semester/Spring Session,Undergraduate,6.0,In Person,2023
189,BPHB3114,Advanced Studies in the Social Sciences and Humanities 3,Summer Session/First Semester/Autumn Session/Winter Session/Second Semester/Spring Session,Undergraduate,12.0,In Person,2023
190,SOCR8010,Advanced Survey Data Analysis,Second Semester,Postgraduate,6.0,In Person,2023
191,SOCR8203,Advanced Techniques in the Creation of Social Science Data,Winter Session,Postgraduate,6.0,Online or In Person,2023
192,MATH6216,Advanced Topics in Algebra,Second Semester,Postgraduate,6.0,In Person,2023
193,MATH3354,Advanced Topics in Algebra,Second Semester,Undergraduate,6.0,In Person,2023
194,COMP4620,Advanced Topics in Artificial Intelligence,Second Semester,Undergraduate,6.0,In Person,2023
195,COMP8620,Advanced Topics in Artificial intelligence,Second Semester,Postgraduate,6.0,In Person,2023
196,BIAN8010,Advanced Topics in Biological Anthropology,,Postgraduate,6.0,Online or In Person,2023
197,ENGN8637,Advanced Topics in Communications and Signal Processing,,Postgraduate,6.0,In Person,2023
198,COMP8539,Advanced Topics in Computer Vision,Second Semester,Postgraduate,6.0,In Person,2023
199,ENGN8501,Advanced Topics in Computer Vision,Second Semester,Postgraduate,6.0,In Person,2023
200,COMP8536,Advanced Topics in Deep Learning for Computer Vision,,Postgraduate,6.0,In Person,2023
201,COMP8670,Advanced Topics in Logic and Computation,Second Semester,Postgraduate,6.0,In Person,2023
202,COMP4680,Advanced Topics in Machine Learning,Second Semester,Undergraduate,6.0,In Person,2023
203,COMP8650,Advanced Topics in Machine Learning,Second Semester,Postgraduate,6.0,In Person,2023
204,MATH3351,Advanced Topics in Mathematical Physics,Second Semester,Undergraduate,6.0,In Person,2023
205,PHIL4012,Advanced Topics in Philosophy 2,First Semester/Second Semester,Undergraduate,6.0,In Person,2023
206,PHIL4011,Advanced Topics in Philosophy I,First Semester/Second Semester,Undergraduate,6.0,In Person,2023
207,ECON8901,"Advanced Topics in Poverty, Public Policy and Development",Second Semester,Postgraduate,6.0,In Person,2023
208,BIOL8002,Advanced Topics in Quantitative Biology and Bioinformatics,Second Semester,Postgraduate,6.0,In Person,2023
209,BIOL3144,Advanced and Applied Immunology,Second Semester,Undergraduate,6.0,In Person,2023
210,BIOL6144,Advanced and Applied Immunology,Second Semester,Postgraduate,6.0,In Person,2023
211,BIOL6107,Advances in Medical and Plant Biochemistry,First Semester,Postgraduate,6.0,In Person,2023
212,BIOL3107,Advances in Medical and Plant Biochemistry,First Semester,Undergraduate,6.0,In Person,2023
213,BIOL3177,Advances in Molecular Plant Science,Second Semester,Undergraduate,6.0,In Person,2023
214,BIOL6177,Advances in Molecular Plant Science,Second Semester,Postgraduate,6.0,In Person,2023
215,MKTG2033,Advertising,,Undergraduate,6.0,In Person,2023
216,ENGN3338,Aerodynamics,First Semester,Undergraduate,6.0,Online or In Person,2023
217,ENGN3339,Aerospace Structures and Materials,First Semester,Undergraduate,6.0,In Person,2023
218,HIST2315,Africans and Afro-descendants,Second Semester,Undergraduate,6.0,In Person,2023
219,ARTH2043,After the Bauhaus: Design from the Interwar Period to the Age of Climate Crisis,Second Semester,Undergraduate,6.0,In Person,2023
220,ARTH6043,After the Bauhaus: Design from the Interwar Period to the Age of Climate Crisis,Second Semester,Postgraduate,6.0,In Person,2023
221,ENVS8020,Agricultural Advocacy and Policy,First Semester,Postgraduate,6.0,In Person,2023
222,ENVS6342,Agricultural Innovation,Second Semester,Postgraduate,6.0,In Person,2023
223,ENVS3042,Agricultural Innovation,Second Semester,Undergraduate,6.0,In Person,2023
224,ENVS2024,Agricultural Systems,Winter Session,Undergraduate,6.0,In Person,2023
225,ENVS6224,Agricultural Systems,Winter Session,Postgraduate,6.0,In Person,2023
226,IDEC8018,Agricultural and Resource Economics,Second Semester,Postgraduate,6.0,Online or In Person,2023
227,IDEC8007,Aid and Development Policy,,Postgraduate,6.0,In Person,2023
228,ENGN4339,Aircraft Design and Performance,Second Semester,Undergraduate,6.0,In Person,2023
229,ASIA2747,"Airlines in Asia and the Pacific: Histories, Technologies, Cultures, and Geographies",Second Semester,Undergraduate,6.0,In Person,2023
230,CRIM2005,"Alcohol, Drugs and Crime: Promoting Health and Preventing Consequences",,Undergraduate,6.0,Online,2023
231,CRIM6005,"Alcohol, Drugs and Crime: Promoting Health and Preventing Consequences",,Postgraduate,6.0,In Person,2023
232,MATH6118,"Algebra 1:  Groups, Rings and Advanced Linear Algebra",Second Semester,Postgraduate,6.0,In Person,2023
233,MATH6215,Algebra 2: Field extensions and Galois Theory,First Semester,Postgraduate,6.0,In Person,2023
234,MATH1003,Algebra and Calculus Methods,First Semester,Undergraduate,6.0,In Person,2023
235,MATH8204,Algebraic Topology,Second Semester,Postgraduate,6.0,In Person,2023
236,MATH4204,Algebraic Topology Honours,Second Semester,Undergraduate,6.0,In Person,2023
237,COMP3600,Algorithms,Second Semester,Undergraduate,6.0,In Person,2023
238,COMP6466,Algorithms,Second Semester,Postgraduate,6.0,In Person,2023
239,STST8053,"Alliances in Asia: theory, history and practice",Second Semester,Postgraduate,6.0,In Person,2023
240,ENGL6021,"American Literature: Nature, Retreat, Experiment",First Semester,Postgraduate,6.0,In Person,2023
241,ENGL3021,"American Literature: Nature, Retreat, Experiment",First Semester,Undergraduate,6.0,In Person,2023
242,MATH6110,Analysis 1: Metric spaces and Applications,First Semester,Postgraduate,6.0,In Person,2023
243,MATH6212,Analysis 2: Lebesgue Integration and Hilbert Spaces,First Semester,Postgraduate,6.0,In Person,2023
244,BUSN8007,Analysis of Financial Reporting,First Semester/Second Semester,Postgraduate,6.0,In Person,2023
245,BUSN4007,Analysis of Financial Reporting,First Semester/Second Semester,Undergraduate,6.0,In Person,2023
246,POPH8313,Analysis of Public Health Data,Second Semester,Postgraduate,6.0,Online or In Person,2023
247,ARCH3043,Analysis of Vertebrate Remains,Second Semester,Undergraduate,6.0,In Person,2023
248,ARCH6043,Analysis of Vertebrate Remains,Second Semester,Postgraduate,6.0,In Person,2023
249,EMSC4122,Analytical Techniques,First Semester,Undergraduate,6.0,In Person,2023
250,EMSC8022,Analytical Techniques,First Semester,Postgraduate,6.0,In Person,2023
251,INFS8211,Analytics for Digital Transformation,,Postgraduate,6.0,In Person,2023
252,ANCH6103,Ancient Athens: democracy and empire,,Postgraduate,6.0,In Person,2023
253,ARCH8044,Ancient Biomolecules And Our Past,Winter Session,Postgraduate,6.0,In Person,2023
254,BIAN3125,Ancient Health and Disease,,Undergraduate,6.0,In Person,2023
255,BIAN6512,Ancient Health and Disease,,Postgraduate,6.0,In Person,2023
256,BIAN2130,Ancient Medicine,,Undergraduate,6.0,In Person,2023
257,BIAN6519,Ancient Medicine,,Postgraduate,6.0,In Person,2023
258,ARCH2030,Angkor: Power and Glory. The Rise of States in Southeast Asia,Second Semester,Undergraduate,6.0,Online or In Person,2023
259,ARCH6108,Animal and Plant Domestication,Second Semester,Postgraduate,6.0,In Person,2023
260,ARCH3108,Animal and Plant Domestication,Second Semester,Undergraduate,6.0,In Person,2023
261,ARTV6000,Animation,,Postgraduate,6.0,In Person,2023
262,ARTV2610,Animation and Video: Character development,,Undergraduate,6.0,In Person,2023
263,ARTV1104,Animation and Video: Digital Equipment and Studios,,Undergraduate,6.0,In Person,2023
264,ARTV2613,Animation and Video: Landscape and Environment,,Undergraduate,6.0,In Person,2023
265,ARTV2614,Animation and Video: Non-linear Forms,,Undergraduate,6.0,In Person,2023
266,ARTV1103,Animation and Video: The Digital Workspace,,Undergraduate,6.0,In Person,2023
267,ARTV2609,Animation and Video: Visual Storytelling,,Undergraduate,6.0,In Person,2023
268,ARTV2615,Animation: Creative Possibilities,,Undergraduate,6.0,In Person,2023
269,CHMD8009,Anthropological Approaches to Health Interventions,Second Semester,Postgraduate,6.0,Online or In Person,2023
270,ANTH9112,Anthropological Field Methods,Autumn Session,Postgraduate,12.0,In Person,2023
271,ANTH9949,Anthropological Methods for PhD students,Autumn Session,Postgraduate,12.0,Online or In Person,2023
272,ANTH9901,Anthropology PhD Thesis Writing Workshop,First Semester/Second Semester,Postgraduate,12.0,Online or In Person,2023
273,ASIA2280,Anthropology and Technology in India,,Undergraduate,6.0,In Person,2023
274,CHMD8022,Anthropology of Biomedical Technologies in Practice,,Postgraduate,6.0,Online or In Person,2023
275,ANTH6064,Anthropology of Environmental Disasters,,Postgraduate,6.0,In Person,2023
276,BIAN2064,Anthropology of Environmental Disasters,,Undergraduate,6.0,In Person,2023
277,ARAB3010,Applied Arabic,Spring Session,Undergraduate,12.0,In Person,2023
278,FINM7007,Applied Corporate Finance,First Semester/Second Semester,Postgraduate,6.0,In Person,2023
279,CECS8005,Applied Cybernetics Professional Experience,Summer Session/First Semester/Autumn Session/Winter Session/Second Semester/Spring Session,Postgraduate,0.0,In Person,2023
280,FINM6041,Applied Derivatives,First Semester/Second Semester,Postgraduate,6.0,In Person,2023
281,IDEC8020,Applied Economic Dynamics,,Postgraduate,6.0,In Person,2023
282,MGMT8020,Applied Entrepreneurship and Innovation,,Postgraduate,6.0,In Person,2023
283,FINM8014,Applied Financial Intermediation and Debt Markets,First Semester,Postgraduate,6.0,In Person,2023
284,FINM7006,Applied Foundations of Finance,First Semester/Second Semester,Postgraduate,6.0,In Person,2023
285,FINM6015,Applied Foundations of Fintech,Second Semester,Postgraduate,6.0,In Person,2023
286,EMSC3033,Applied Geophysics,,Undergraduate,6.0,In Person,2023
287,FINM7008,Applied Investments,First Semester/Second Semester,Postgraduate,6.0,In Person,2023
288,EMET4310,Applied Macro & Financial Econometrics,Second Semester,Undergraduate,6.0,In Person,2023
289,EMET3008,Applied Macro and Financial Econometrics,Second Semester,Undergraduate,6.0,In Person,2023
290,EMET8010,Applied Macro and Financial Econometrics,Second Semester,Postgraduate,6.0,In Person,2023
291,MKTG7060,Applied Market Research,Second Semester,Postgraduate,6.0,In Person,2023
292,PHYS4301,Applied Mathematical Methods in Physics,First Semester,Undergraduate,6.0,In Person,2023
293,PHYS8301,Applied Mathematical Methods in Physics,First Semester,Postgraduate,6.0,In Person,2023
294,MATH2305,Applied Mathematics I,First Semester,Undergraduate,6.0,In Person,2023
295,MATH2306,Applied Mathematics II,Second Semester,Undergraduate,6.0,In Person,2023
296,EMET3006,Applied Micro-econometrics,First Semester/Second Semester,Undergraduate,6.0,In Person,2023
297,EMET4301,Applied Micro-econometrics,First Semester/Second Semester,Undergraduate,6.0,In Person,2023
298,EMET6001,Applied Micro-econometrics,,Postgraduate,6.0,In Person,2023
299,CRWF7000,Applied Policy Project,Second Semester,Postgraduate,6.0,In Person,2023
300,POLS3041,Applied Policy Project,Second Semester,Undergraduate,6.0,In Person,2023
301,FINM6016,Applied Portfolio Construction,First Semester/Second Semester,Postgraduate,6.0,In Person,2023
302,FINM8100,Applied Project in Finance,First Semester/Second Semester,Postgraduate,6.0,In Person,2023
303,STAT3008,Applied Statistics,,Undergraduate,6.0,In Person,2023
304,STAT7001,Applied Statistics,,Postgraduate,6.0,In Person,2023
305,STAT4102,Applied Time Series Analysis,First Semester,Undergraduate,6.0,In Person,2023
306,STAT8002,Applied Time Series Analysis,First Semester,Postgraduate,6.0,In Person,2023
307,MMIB4001,Applied Topics in Business Honours Studies,First Semester/Second Semester,Undergraduate,6.0,In Person,2023
308,MMIB8001,Applied Topics in Business Studies,First Semester/Second Semester,Postgraduate,6.0,In Person,2023
309,MMIB8002,Applied Topics in Business Studies 2,,Postgraduate,12.0,In Person,2023
310,FINM7044,Applied Valuation,First Semester/Second Semester,Postgraduate,6.0,In Person,2023
311,ECON4040,Applied Welfare Economics,,Undergraduate,6.0,In Person,2023
312,ECON8113,Applied Welfare Economics,,Postgraduate,6.0,In Person,2023
313,EMET8001,Applied micro-econometrics,First Semester/Second Semester,Postgraduate,6.0,In Person,2023
314,BIOL3210,Appreciating Parasites: From Molecules to Ecosystems,Spring Session,Undergraduate,6.0,In Person,2023
315,BIOL6210,Appreciating Parasites: From Molecules to Ecosystems,Spring Session,Postgraduate,6.0,In Person,2023
316,HIST2110,Approaches to History,First Semester,Undergraduate,6.0,In Person,2023
317,ASIA8022,"Approaching Asia and the Pacific: Concepts, Tools, and Methods",Second Semester,Postgraduate,6.0,Online or In Person,2023
318,ARCH2061,Archaeological Field Methods,Winter Session,Undergraduate,6.0,In Person,2023
319,ARCH2055,Archaeological Fieldschools &amp; Fieldwork Practice,Autumn Session,Undergraduate,6.0,In Person,2023
320,ARCH2007,Archaeological Laboratory Methods,,Undergraduate,6.0,In Person,2023
321,ARCH8043,Archaeological Science Extended Internship,Summer Session/First Semester/Autumn Session/Winter Session/Second Semester/Spring Session,Postgraduate,12.0,In Person,2023
322,ARCH8042,Archaeological Science Internship,Summer Session/First Semester/Autumn Session/Winter Session/Second Semester/Spring Session,Postgraduate,6.0,In Person,2023
323,ARCH8031,Archaeological Science Research Project 2,Summer Session/First Semester/Autumn Session/Winter Session/Second Semester/Spring Session,Postgraduate,6.0,In Person,2023
324,ARCH8030,Archaeological and Evolutionary Science Research Project 1,Summer Session/First Semester/Autumn Session/Winter Session/Second Semester/Spring Session,Postgraduate,6.0,Online or In Person,2023
325,ARCH1111,Archaeology Uncovered,First Semester,Undergraduate,6.0,In Person,2023
326,ARCH4003,Archaeology and Biological Anthropology Honours Writing Seminar,Second Semester,Undergraduate,6.0,In Person,2023
327,ARCH2052,Archaeology in Film and Fiction,,Undergraduate,6.0,In Person,2023
328,ASIA2203,Archaeology of China,Second Semester,Undergraduate,6.0,In Person,2023
329,ASIA6202,Archaeology of China,Second Semester,Postgraduate,6.0,Online or In Person,2023
330,ARCH3028,Archaeology of Death and Mortuary Practices,,Undergraduate,6.0,In Person,2023
331,ARCH6521,Archaeology of Death and Mortuary Practices,,Postgraduate,6.0,In Person,2023
332,ARCH3030,Archaeology of Ritual and Religion,,Undergraduate,6.0,In Person,2023
333,ARCH6030,Archaeology of Ritual and Religion,,Postgraduate,6.0,In Person,2023
334,ARCH2050,Archaeology of Southeast Asia,,Undergraduate,6.0,In Person,2023
335,ARCH2005,Archaeology of the Pacific Islanders,Second Semester,Undergraduate,6.0,In Person,2023
336,ARCH6005,Archaeology of the Pacific Islanders,Second Semester,Postgraduate,6.0,In Person,2023
337,ARCH8033,"Archaeology, Climate Change and Society",,Postgraduate,6.0,Online or In Person,2023
338,ARTH8020,Arguing Objects,,Postgraduate,6.0,In Person,2023
339,ARTH9020,Arguing Objects,,Postgraduate,6.0,In Person,2023
340,ARTH8014,Art Museum Internship,Summer Session/First Semester/Autumn Session/Winter Session/Second Semester/Spring Session,Postgraduate,6.0,In Person,2023
341,ARTH8015,Art Museum Internship: Audience Development,,Postgraduate,6.0,In Person,2023
342,ARTH4016,Art Museum Internship: Audience Development,Second Semester,Undergraduate,6.0,In Person,2023
343,ARTH4015,Art Museum Internship: Collection Management,First Semester,Undergraduate,6.0,In Person,2023
344,ARTH2056,Art and Architecture of Southeast Asia: Tradition and Transformation,,Undergraduate,6.0,In Person,2023
345,ARTH6056,Art and Architecture of Southeast Asia: Tradition and Transformation,,Postgraduate,6.0,Online or In Person,2023
346,ARTH1006,Art and Design Histories 1: Cultures and Meaning,First Semester,Undergraduate,6.0,Online or In Person,2023
347,ARTH1007,Art and Design Histories: Making and Meaning,Second Semester,Undergraduate,6.0,Online or In Person,2023
348,COMP1720,Art and Interaction Computing,Second Semester,Undergraduate,6.0,In Person,2023
349,COMP6720,Art and Interaction Computing,Second Semester,Postgraduate,6.0,In Person,2023
350,ARTH6044,Art and Its Context: Materials Techniques Display,,Postgraduate,6.0,In Person,2023
351,ARTH2044,"Art and Its Context: Materials, Techniques, Display",,Undergraduate,6.0,In Person,2023
352,ARTH3057,Art and Politics of Collecting,First Semester,Undergraduate,6.0,In Person,2023
353,ARTH2080,"Art and Visual Culture of the Long Eighteenth Century, 1660-1815",,Undergraduate,6.0,In Person,2023
354,ARTH6080,"Art and Visual Culture of the Long Eighteenth Century, 1660-1815",,Postgraduate,6.0,In Person,2023
355,ARTH2173,Art and the Moving Image,,Undergraduate,6.0,In Person,2023
356,ARTH6173,Art and the Moving Image,,Postgraduate,6.0,In Person,2023
357,ARTH6162,Art in the Digital Age,,Postgraduate,6.0,In Person,2023
358,ARTH2162,Art in the Digital Age,,Undergraduate,6.0,In Person,2023
359,ARTH2059,Art of Asia: Histories and Traditions,,Undergraduate,6.0,In Person,2023
360,ARTH6059,Art of Asia: Histories and Traditions,,Postgraduate,6.0,In Person,2023
361,STST8123,Art of War III,,Postgraduate,6.0,In Person,2023
362,ARTH6081,"Art of the European Courts, 1500-1815",,Postgraduate,12.0,In Person,2023
363,ARTH2081,"Art of the European Courts, 1500-1815",,Undergraduate,12.0,In Person,2023
364,ARTH6097,Art of the Long Nineteenth Century,,Postgraduate,6.0,Online or In Person,2023
365,ARTH2097,Art of the Long Nineteenth Century,,Undergraduate,6.0,In Person,2023
366,ARTH2052,Art of the Multiple,First Semester,Undergraduate,6.0,In Person,2023
367,ARTH6052,Art of the Multiple,First Semester,Postgraduate,6.0,Online or In Person,2023
368,ARTH2174,"Art, Medicine, Gender from the Renaissance until Today",,Undergraduate,6.0,In Person,2023
369,ARTH6174,"Art, Medicine, Gender from the Renaissance until Today",,Postgraduate,6.0,In Person,2023
370,ARTH2082,"Art, War and Conflict",,Undergraduate,6.0,In Person,2023
371,ARTH6082,"Art, War and Conflict",,Postgraduate,6.0,In Person,2023
372,COMP6320,Artificial Intelligence,First Semester,Postgraduate,6.0,In Person,2023
373,COMP3620,Artificial Intelligence,First Semester,Undergraduate,6.0,In Person,2023
374,LAWS4251,Artificial Intelligence and the Law,Second Semester,Undergraduate,6.0,In Person,2023
375,LAWS8405,"Artificial Intelligence, Law & Society",Second Semester,Postgraduate,6.0,Online,2023
376,ASIA6220,Asia Pacific In-Country Learning,Summer Session/Winter Session,Postgraduate,6.0,Online or In Person,2023
377,ASIA3023,Asia Pacific Week Internship,First Semester,Undergraduate,6.0,In Person,2023
378,ASIA1030,Asia and the Pacific in Motion,Second Semester,Undergraduate,6.0,In Person,2023
379,ASIA1025,"Asia and the Pacific: Power, diversity and change",First Semester,Undergraduate,6.0,Online or In Person,2023
380,EMDV8009,Asia-Pacific Environmental Conflicts,Second Semester,Postgraduate,6.0,Online or In Person,2023
381,ASIA2220,Asia-Pacific In-Country Learning,Summer Session/Winter Session/Spring Session,Undergraduate,6.0,In Person,2023
382,ARTH2104,Asian Art In-Country,,Undergraduate,12.0,In Person,2023
383,BUSI7055,Asian Business Systems,Second Semester,Postgraduate,6.0,In Person,2023
384,FINM3045,Asian Capital Markets,First Semester/Second Semester,Undergraduate,6.0,In Person,2023
385,FINM6045,Asian Capital Markets,First Semester/Second Semester,Postgraduate,6.0,In Person,2023
386,ASIA2067,Asian Economies,Second Semester,Undergraduate,6.0,In Person,2023
387,STST8068,"Asian Strategy and Security: History, Theory and Practice",First Semester,Postgraduate,6.0,Online or In Person,2023
388,ASIA2098,Asian and Pacific Studies Internship,First Semester/Second Semester,Undergraduate,6.0,In Person,2023
389,ASIA2065,Asia’s Changing Politics in Comparative Perspective,Second Semester,Undergraduate,6.0,In Person,2023
390,ASTR4004,Astronomical Computing,Second Semester,Undergraduate,6.0,In Person,2023
391,ASTR8004,Astronomical Computing,Second Semester,Postgraduate,6.0,In Person,2023
392,ASTR4005,Astronomy and Astrophysics IV Honours Research Project,First Semester/Second Semester,Undergraduate,6.0,In Person,2023
393,ASTR8001,Astronomy and Astrophysics Research Project,First Semester/Second Semester,Postgraduate,6.0,In Person,2023
394,ASTR1003,Astronomy and Space,Summer Session/First Semester/Winter Session/Second Semester,Undergraduate,6.0,Online,2023
395,ASTR3013,Astrophysical Processes,First Semester,Undergraduate,6.0,In Person,2023
396,ASTR6013,Astrophysical Processes,First Semester,Postgraduate,6.0,In Person,2023
397,ASTR8021,Astrophysical Processes II,,Postgraduate,6.0,In Person,2023
398,ASTR4021,Astrophysical Processes II,,Undergraduate,6.0,In Person,2023
399,ASTR1001,Astrophysics,Summer Session/First Semester/Winter Session/Second Semester,Undergraduate,6.0,Online or In Person,2023
400,ASTR8010,Astrophysics Research Project,First Semester/Second Semester,Postgraduate,6.0,In Person,2023
401,ASTR3005,Astrophysics Research Topic,Summer Session/First Semester/Second Semester,Undergraduate,6.0,In Person,2023
402,BUSN3002,Auditing,First Semester/Second Semester,Undergraduate,6.0,In Person,2023
403,BUSN7054,Auditing and Assurance Services,First Semester/Second Semester,Postgraduate,6.0,In Person,2023
404,MUSI1501,Aural Skills and Music Theory 1,First Semester,Undergraduate,6.0,In Person,2023
405,MUSI1502,Aural Skills and Music Theory 2,Second Semester,Undergraduate,6.0,In Person,2023
406,MUSI2503,Aural Skills and Music Theory 3,First Semester,Undergraduate,6.0,In Person,2023
407,MUSI2504,Aural Skills and Music Theory 4,Second Semester,Undergraduate,6.0,In Person,2023
408,STST2003,Australia and Security in the Pacific Islands,First Semester,Undergraduate,6.0,Online or In Person,2023
409,PASI2002,Australia in Oceania in the 19th and 20th centuries,First Semester,Undergraduate,6.0,Online or In Person,2023
410,PASI6002,Australia in Oceania in the 19th and 20th centuries,First Semester,Postgraduate,6.0,Online or In Person,2023
411,ENVS1004,Australia's Environment,Second Semester,Undergraduate,6.0,In Person,2023
412,STST3002,Australia's Security in the Asian Century,Second Semester,Undergraduate,6.0,Online or In Person,2023
413,BAPA3004,Australia's Security in the Asian Century,Spring Session,Undergraduate,6.0,In Person,2023
414,STST8201,Australia's Strategic Environment,,Postgraduate,12.0,In Person,2023
415,HIST8144,"Australia, the Region and the World: 1901-2010",,Postgraduate,6.0,Online or In Person,2023
416,ARCH2004,Australian Archaeology,First Semester,Undergraduate,6.0,In Person,2023
417,ARCH6004,Australian Archaeology,First Semester,Postgraduate,6.0,In Person,2023
418,ARTH2171,Australian Art: The Modern Period,,Undergraduate,6.0,In Person,2023
419,SCRN2002,Australian Cinema,,Undergraduate,6.0,In Person,2023
420,ECHI2102,Australian Economic History(P),,Undergraduate,6.0,In Person,2023
421,ARTH2098,Australian First Nations Art and Culture,,Undergraduate,6.0,In Person,2023
422,ARTH6598,Australian First Nations Art and Culture,,Postgraduate,6.0,In Person,2023
423,INDG9004,Australian Indigenous Policy,,Postgraduate,6.0,Online or In Person,2023
424,ARTH8009,Australian Interactions with American and European Art and Art-Worlds During the Modernist Period.,Second Semester,Postgraduate,12.0,In Person,2023
425,ARTH4009,Australian Interactions with European and American Art and Art-Worlds During the Modernist Period,,Undergraduate,6.0,In Person,2023
426,LAWS8328,Australian Legal Responses to National Security and Counter Terrorism,,Postgraduate,6.0,Online or In Person,2023
427,MUSI2225,Australian Music Culture Studies,,Undergraduate,6.0,In Person,2023
428,ANIP3003,Australian National Internships Program A,First Semester/Second Semester,Undergraduate,6.0,In Person,2023
429,ANIP6503,Australian National Internships Program A,First Semester/Second Semester,Postgraduate,6.0,In Person,2023
430,ANIP3005,Australian National Internships Program B,First Semester/Second Semester,Undergraduate,12.0,In Person,2023
431,ANIP6505,Australian National Internships Program B,First Semester/Second Semester,Postgraduate,12.0,In Person,2023
432,ANIP6507,Australian National Internships Program D,First Semester/Second Semester,Postgraduate,24.0,In Person,2023
433,ANIP3007,Australian National Internships Program D,First Semester/Second Semester,Undergraduate,24.0,In Person,2023
434,LAWS8485,Australian National Security Law,,Postgraduate,6.0,In Person,2023
435,LAWS4285,Australian National Security Law,Second Semester,Undergraduate,6.0,Online or In Person,2023
436,NSPO8036,Australian National Security Law: An introduction for policymakers,First Semester,Postgraduate,6.0,Online or In Person,2023
437,HIST2227,Australian Political History,Second Semester,Undergraduate,6.0,In Person,2023
438,POLS2114,Australian Political Institutions,Second Semester,Undergraduate,6.0,In Person,2023
439,LAWS1205,Australian Public Law,First Semester,Undergraduate,6.0,In Person,2023
440,LAWS6105,Australian Public Law,First Semester/Second Semester,Postgraduate,6.0,Online or In Person,2023
441,STST8004,Australian Strategic and Defence Policy,Second Semester,Postgraduate,6.0,In Person,2023
442,BIOL6213,Australian Wildlife,Second Semester,Postgraduate,6.0,In Person,2023
443,BIOL3213,Australian Wildlife,Second Semester,Undergraduate,6.0,In Person,2023
444,NSPO8035,Australia’s Strategic Environment and future security challenges,Second Semester,Postgraduate,6.0,In Person,2023
445,LING2040,Austronesian languages,First Semester,Undergraduate,6.0,Online or In Person,2023
446,LING6040,Austronesian languages,First Semester,Postgraduate,6.0,Online or In Person,2023
447,POLS8051,Authoritarian Politics: Comparative Perspectives,Second Semester,Postgraduate,6.0,In Person,2023
448,MEAS4116,"Authoritarianism, Democratisation and Protest in the Muslim Middle East",Second Semester,Undergraduate,6.0,In Person,2023
449,MEAS8116,"Authoritarianism, Democratisation and Protest in the Muslim Middle East",Second Semester,Postgraduate,6.0,In Person,2023
450,ARTV6830,Automation and Autonomy,,Postgraduate,6.0,In Person,2023
451,ARTV2830,"Automation and Autonomy: Process, Accident, Sculpture",,Undergraduate,6.0,In Person,2023
452,SPAN2005,"Beasts, Monsters, Humans: Alterity and Hybridity in Hispanic Literature",,Undergraduate,6.0,Online or In Person,2023
453,ECON2013,Behavioral Economics,Second Semester,Undergraduate,6.0,In Person,2023
454,BIOL6631,Behavioural Ecology,First Semester,Postgraduate,6.0,In Person,2023
455,BIOL3131,Behavioural Ecology,First Semester,Undergraduate,6.0,In Person,2023
456,HUMN8006,Best Practice in Managing Heritage Places,,Postgraduate,6.0,In Person,2023
457,LAWS4005,Beyond Chaos,,Undergraduate,6.0,Online or In Person,2023
458,VCPG6005,Beyond Chaos,,Postgraduate,6.0,In Person,2023
459,VCUG3005,Beyond Chaos,,Undergraduate,6.0,In Person,2023
460,STAT3017,Big Data Statistics,Second Semester,Undergraduate,6.0,In Person,2023
461,STAT6017,Big Data Statistics,Second Semester,Postgraduate,6.0,In Person,2023
462,BIOL3201,Big Questions in Biology,,Undergraduate,6.0,In Person,2023
463,BIOL6201,Big Questions in Biology,,Postgraduate,6.0,In Person,2023
464,ENGN4820,Bio Micro and Nano Electro-Mechanical Systems (BioMEMS and BioNEMS),Second Semester,Undergraduate,6.0,In Person,2023
465,BIOL2171,Biochemistry and Nutrition,First Semester,Undergraduate,6.0,In Person,2023
466,BIOL6171,Biochemistry and Nutrition,First Semester,Postgraduate,6.0,In Person,2023
467,ENVS3039,Biodiversity Conservation,Second Semester,Undergraduate,6.0,In Person,2023
468,ENVS6024,Biodiversity Conservation,Second Semester,Postgraduate,6.0,In Person,2023
469,ENVS2001,"Biodiversity Science: Wildlife, Vegetation and Landscape Ecology",Second Semester,Undergraduate,6.0,Online or In Person,2023
470,ENVS6201,"Biodiversity Science: Wildlife, Vegetation and Landscape Ecology",Second Semester,Postgraduate,6.0,Online or In Person,2023
471,HLTH3003,Bioethics and Beyond,,Undergraduate,6.0,In Person,2023
472,BIOL3191,Bioethics and Society,First Semester,Undergraduate,6.0,In Person,2023
473,BIOL6191,Bioethics and Society,First Semester,Postgraduate,6.0,In Person,2023
474,HIST8011,Biography and History,Second Semester,Postgraduate,6.0,In Person,2023
475,MATH2307,Bioinformatics and Biological Modelling,Second Semester,Undergraduate,6.0,In Person,2023
476,MATH6100,Bioinformatics and Biological Modelling,Second Semester,Postgraduate,6.0,In Person,2023
477,BIOL3157,Bioinformatics and its Applications,First Semester,Undergraduate,6.0,In Person,2023
478,BIOL6243,Bioinformatics and its Applications,First Semester,Postgraduate,6.0,In Person,2023
479,PSYC2007,Biological Basis of Behaviour,Second Semester,Undergraduate,6.0,In Person,2023
480,PSYC6010,Biological Basis of Behaviour,Second Semester,Postgraduate,6.0,In Person,2023
481,BIOL6194,Biological Sciences in the Workplace,Second Semester,Postgraduate,6.0,In Person,2023
482,BIOL3194,Biological Sciences in the Workplace ,Second Semester,Undergraduate,6.0,In Person,2023
483,BIOL1003,"Biology 1: Evolution, Ecology and Genetics",First Semester,Undergraduate,6.0,In Person,2023
484,BIOL6035,"Biology 1: Evolution, Ecology and Genetics",First Semester,Postgraduate,6.0,In Person,2023
485,BIOL6036,Biology 2: Molecular & Cell Biology,Second Semester,Postgraduate,6.0,In Person,2023
486,BIOL1004,Biology 2: Molecular and Cell Biology,Second Semester,Undergraduate,6.0,In Person,2023
487,BIOL4001,Biology IV Honours,First Semester/Second Semester,Undergraduate,12.0,In Person,2023
488,BIOL8704,Biology Literature Research Project,First Semester/Second Semester,Postgraduate,6.0,Online,2023
489,BIOL3208,Biology Research Project,Summer Session/First Semester/Autumn Session/Winter Session/Second Semester/Spring Session,Undergraduate,6.0,In Person,2023
490,BIOL3209,Biology Research Project,Summer Session/First Semester/Autumn Session/Winter Session/Second Semester/Spring Session,Undergraduate,12.0,In Person,2023
491,BIOL8706,Biology Research Project,First Semester/Second Semester,Postgraduate,6.0,In Person,2023
492,ENGN4811,Biomechanics and Biomaterials,,Undergraduate,6.0,In Person,2023
493,MEDN3820,"Biomedical Imaging: Principles, Technologies and Applications in Health Sciences",Second Semester,Undergraduate,6.0,In Person,2023
494,MEDN6820,"Biomedical Imaging: Principles, Technologies and Applications in Health Sciences",Second Semester,Postgraduate,6.0,In Person,2023
495,ENGN3820,"Biomedical Imaging: Principles, Technologies and Applications in Health Sciences",Second Semester,Undergraduate,6.0,In Person,2023
496,BIOL6143,Biomedical Parasitology,First Semester,Postgraduate,6.0,In Person,2023
497,BIOL3142,Biomedical Parasitology,First Semester,Undergraduate,6.0,In Person,2023
498,BIOL6106,Biosecurity,First Semester,Postgraduate,6.0,In Person,2023
499,BIOL3106,Biosecurity,First Semester,Undergraduate,6.0,In Person,2023
500,POPH4101,Biostatistics in Population Health,First Semester,Undergraduate,6.0,Online or In Person,2023
501,POPH8101,Biostatistics in Population Health,First Semester,Postgraduate,6.0,Online or In Person,2023
502,REGN8019,Biyam-burru-wa-la-nha: Indigenous Peoples and Self-Governing Systems,,Postgraduate,3.0,Online or In Person,2023
503,LAWS8101,Blockchain & Legal Innovation I,First Semester,Postgraduate,6.0,Online,2023
504,LAWS8102,Blockchain & Legal Innovation II,,Postgraduate,6.0,Online,2023
505,HIST8023,"Body and Society in Early Modern England, c. 1500–1800",First Semester,Postgraduate,6.0,Online or In Person,2023
506,ASIA2167,Borders and their Transgressions in Mainland Southeast Asia,,Undergraduate,6.0,Online or In Person,2023
507,NSPO8041,"Borders, Migration And Security",Summer Session,Postgraduate,3.0,In Person,2023
508,PASI8302,Bougainville in Transition,,Postgraduate,3.0,Online or In Person,2023
509,MKTG7027,Brand Strategy,First Semester,Postgraduate,6.0,In Person,2023
510,PHIL2012,Buddhist Philosophy,,Undergraduate,6.0,In Person,2023
511,POGO8237,"Budgeting for Outcomes: Purposes, Programs and Performance",,Postgraduate,3.0,In Person,2023
512,CECS8001,Building Cyber-Physical Systems,First Semester/Second Semester,Postgraduate,12.0,In Person,2023
513,STST8054,Building a defence force: Defence force structure planning and acquisition,,Postgraduate,6.0,In Person,2023
514,POLS2009,"Bureaucracy, Politics and Power",First Semester,Undergraduate,6.0,In Person,2023
515,ASIA2039,Burma/Myanmar - a Country in Crisis,First Semester,Undergraduate,6.0,Online or In Person,2023
516,ASIA6039,Burma/Myanmar: a Country in Crisis,First Semester,Postgraduate,6.0,Online or In Person,2023
517,BURM1002,Burmese 1,First Semester,Undergraduate,6.0,Online,2023
518,BURM1003,Burmese 2,Second Semester,Undergraduate,6.0,Online,2023
519,BURM2001,Burmese 3,First Semester,Undergraduate,6.0,Online,2023
520,BURM2002,Burmese 4,Second Semester,Undergraduate,6.0,Online,2023
521,EMET4312,Business & Economic Forecasting,Second Semester,Undergraduate,6.0,In Person,2023
522,INFS8210,Business Analytics for Managers,First Semester,Postgraduate,6.0,In Person,2023
523,BUSN7057,Business Association Law,First Semester/Second Semester,Postgraduate,6.0,In Person,2023
524,MGMT2003,Business Decision Making,Second Semester,Undergraduate,6.0,In Person,2023
525,ECON8069,Business Economics,First Semester/Second Semester,Postgraduate,6.0,In Person,2023
526,MGMT3016,Business Ethics,Second Semester,Undergraduate,6.0,In Person,2023
527,MGMT8242,Business Growth Strategies,,Postgraduate,6.0,In Person,2023
528,INFS1001,Business Information Systems,First Semester/Second Semester,Undergraduate,6.0,In Person,2023
529,INFS4500,Business Information Systems Honours Thesis,First Semester/Second Semester,Undergraduate,6.0,In Person,2023
530,BUSI7152,Business Negotiations and Conflict Resolution,,Postgraduate,6.0,In Person,2023
531,BUSN1001,Business Reporting and Analysis,First Semester/Second Semester,Undergraduate,6.0,In Person,2023
532,EMET8012,Business and Economic Forecasting,Second Semester,Postgraduate,6.0,In Person,2023
533,EMET3007,Business and Economic Forecasting,Second Semester,Undergraduate,6.0,In Person,2023
534,MGMT3102,Business and its Social Stakeholders,Second Semester,Undergraduate,6.0,In Person,2023
535,BUSI3028,Business in China,,Undergraduate,6.0,In Person,2023
536,LAWS8254,"Business, Human Rights and Corporate Responsibility",Winter Session,Postgraduate,6.0,Online or In Person,2023
537,SOCR9005,CSRM Thesis Design,Second Semester,Postgraduate,12.0,In Person,2023
538,CHIN2024,Cantonese 1,First Semester,Undergraduate,6.0,Online or In Person,2023
539,CHIN2025,Cantonese 2,Second Semester,Undergraduate,6.0,Online or In Person,2023
540,CHIN3203,Cantonese 3,,Undergraduate,6.0,In Person,2023
541,ENGN4300,Capstone Design Project,First Semester/Second Semester,Undergraduate,6.0,In Person,2023
542,MGMT2005,Career Planning and Management,First Semester,Undergraduate,6.0,In Person,2023
543,IDEC8023,Case Studies in Applied Econometrics,,Postgraduate,6.0,Online or In Person,2023
544,EMET8002,Case Studies in Applied Economic Analysis and Econometrics,First Semester/Second Semester,Postgraduate,6.0,In Person,2023
545,POGO8210,Case Studies in Economic Policy,,Postgraduate,6.0,In Person,2023
546,POGO8403,Cases in Contemporary Public Policy,Winter Session,Postgraduate,6.0,In Person,2023
547,CHEM3206,Catalysis in Chemistry,Second Semester,Undergraduate,6.0,In Person,2023
548,CHEM6206,Catalysis in Chemistry,Second Semester,Postgraduate,6.0,In Person,2023
549,SOCR8204,Causal Inference,Summer Session,Postgraduate,6.0,Online or In Person,2023
550,HIST2143,Celebrity: An Unauthorised History,,Undergraduate,6.0,In Person,2023
551,BIOL2117,Cell Biology,Second Semester,Undergraduate,6.0,In Person,2023
552,BIOL6117,Cell Biology,Second Semester,Postgraduate,6.0,In Person,2023
553,BIOL2174,Cell Physiology in Health and Disease,Second Semester,Undergraduate,6.0,In Person,2023
554,BIOL6174,Cell Physiology in Health and Disease,Second Semester,Postgraduate,6.0,In Person,2023
555,NEUR3101,Cellular Neuroscience,First Semester,Undergraduate,6.0,In Person,2023
556,NEUR6101,Cellular Neuroscience,First Semester,Postgraduate,6.0,In Person,2023
557,ARTV2120,Ceramics: Designing for the Table and Home,,Undergraduate,6.0,In Person,2023
558,ARTV2119,Ceramics: Experimental Methods and Meanings,,Undergraduate,6.0,In Person,2023
559,ARTV2117,Ceramics: Glaze & Colour Development,Winter Session,Undergraduate,6.0,In Person,2023
560,ARTV1101,Ceramics: Introduction to Clay Forming and Technology,Second Semester,Undergraduate,6.0,In Person,2023
561,ARTV2125,"Ceramics: Moulding, Casting & Digital Technologies",First Semester,Undergraduate,6.0,In Person,2023
562,ARTV2124,"Ceramics: Surface, Form and Connectivity",,Undergraduate,6.0,In Person,2023
563,ARTV1102,Ceramics: Throwing & Surface Decoration,First Semester,Undergraduate,6.0,In Person,2023
564,CHEM2211,Chemical Biology 1,First Semester,Undergraduate,6.0,In Person,2023
565,CHEM2208,Chemical Biology 2,Second Semester,Undergraduate,6.0,In Person,2023
566,CHEM2202,Chemical Structure and Reactivity 1,First Semester,Undergraduate,6.0,In Person,2023
567,CHEM6203,Chemical Structure and Reactivity 2,Second Semester,Postgraduate,6.0,In Person,2023
568,CHEM2203,Chemical Structure and Reactivity 2,Second Semester,Undergraduate,6.0,In Person,2023
569,CHEM1101,Chemistry 1,First Semester,Undergraduate,6.0,In Person,2023
570,CHEM1201,Chemistry 2,Second Semester,Undergraduate,6.0,In Person,2023
571,CHEM4005,Chemistry IV Honours (S),First Semester/Second Semester,Undergraduate,12.0,In Person,2023
572,LING2521,Child Language Acquisition,Second Semester,Undergraduate,6.0,In Person,2023
573,LING6521,Child Language Acquisition,Second Semester,Postgraduate,6.0,In Person,2023
574,STST8013,China's Defence and Strategic Challenges,,Postgraduate,6.0,In Person,2023
575,INTR8060,China's Global Engagement,Second Semester,Postgraduate,6.0,In Person,2023
576,NSPO8034,"China, America and National Security",Second Semester,Postgraduate,6.0,In Person,2023
577,ASIA6014,"China: Language, Discourse, and Political Culture",,Postgraduate,6.0,Online or In Person,2023
578,ASIA2014,"China: Language, Discourse, and Political Culture",,Undergraduate,6.0,Online or In Person,2023
579,ASIA2073,Chinese Calligraphy: History and Practice,,Undergraduate,6.0,In Person,2023
580,INTR2012,Chinese Foreign and Security Policy,,Undergraduate,6.0,In Person,2023
581,ASIA2044,Chinese History: The Imperial Period (221 BC - 1800),,Undergraduate,6.0,Online or In Person,2023
582,ASIA6044,Chinese History: The Imperial Period (221 BC - 1800),,Postgraduate,6.0,Online or In Person,2023
583,LAWS4276,Chinese Law and Society,Winter Session,Undergraduate,6.0,In Person,2023
584,LING2017,Chinese Linguistics,First Semester,Undergraduate,6.0,In Person,2023
585,LING6017,Chinese Linguistics,First Semester,Postgraduate,6.0,In Person,2023
586,ASIA2003,Chinese Literature,First Semester,Undergraduate,6.0,Online or In Person,2023
587,ASIA2054,Chinese Philosophy: Creation and Development,First Semester,Undergraduate,6.0,Online or In Person,2023
588,CHIN3216,Chinese-English Interpreting,First Semester,Undergraduate,6.0,In Person,2023
589,CHIN3041,Chinese-English Translation,Second Semester,Undergraduate,6.0,In Person,2023
590,SOCY2035,Cities and urban transformation,First Semester,Undergraduate,6.0,In Person,2023
591,LAWS8175,Citizenship Law in Context,,Postgraduate,6.0,Online or In Person,2023
592,ARTH3004,"City Sites: studies in art, design and urbanity",,Undergraduate,6.0,In Person,2023
593,ARTH6004,City Sites: studies in art. design and urbanity,,Postgraduate,6.0,In Person,2023
594,NSPO8042,Civil-Military Coordination,Spring Session,Postgraduate,3.0,In Person,2023
595,POLS4021,Civilian Protection in Conflict and Post-Conflict Zones,,Undergraduate,6.0,In Person,2023
596,PHYS2201,Classical Mechanics,Second Semester,Undergraduate,6.0,In Person,2023
597,SOCY2040,Classical Social Theory,,Undergraduate,6.0,Online,2023
598,CLAS4006,Classical Studies: Methods and Evidence,,Undergraduate,12.0,In Person,2023
599,CLAS8019,Classics Methods and Evidence,,Postgraduate,12.0,In Person,2023
600,ENVS8003,Climate Change Vulnerability and Adaptation,Spring Session,Postgraduate,6.0,Online or In Person,2023
601,ENVS6303,"Climate Change: Past, Present and Future",First Semester,Postgraduate,6.0,In Person,2023
602,ENVS3013,"Climate Change: Past, Present and Future",First Semester,Undergraduate,6.0,In Person,2023
603,ENVS6307,"Climate Change: Science, Society, and Policy",Second Semester,Postgraduate,6.0,In Person,2023
604,ENVS3020,"Climate Change: Science, Society, and Policy",Second Semester,Undergraduate,6.0,In Person,2023
605,LAWS8474,Climate Law,Winter Session,Postgraduate,6.0,Online or In Person,2023
606,LAWS4274,Climate Law,,Undergraduate,6.0,In Person,2023
607,NSPO8033,"Climate, the Environment and National Security",Second Semester,Postgraduate,6.0,In Person,2023
608,PSYC8101,Clinical Coursework I,First Semester,Postgraduate,12.0,In Person,2023
609,PSYC8102,Clinical Coursework II,Second Semester,Postgraduate,12.0,In Person,2023
610,PSYC8103,Clinical Coursework III,First Semester,Postgraduate,12.0,In Person,2023
611,PSYC8104,Clinical Coursework IV,Second Semester,Postgraduate,12.0,In Person,2023
612,PSYC8201,Clinical Field Placement I,Autumn Session,Postgraduate,6.0,In Person,2023
613,PSYC8202,Clinical Field Placement II,Second Semester/Spring Session,Postgraduate,6.0,In Person,2023
614,PSYC8203,Clinical Field Placement III,Summer Session,Postgraduate,6.0,In Person,2023
615,PSYC8204,Clinical Field Placement IV,Winter Session/Second Semester,Postgraduate,6.0,In Person,2023
616,PSYC8301,Clinical Research,Summer Session/First Semester/Autumn Session/Winter Session/Second Semester/Spring Session,Postgraduate,6.0,In Person,2023
617,PSYC8303,Clinical Research III,,Postgraduate,6.0,In Person,2023
618,PSYC8304,Clinical Research IV,,Postgraduate,6.0,In Person,2023
619,ENGL1014,Close Encounters: How to Read Literature,First Semester,Undergraduate,6.0,In Person,2023
620,NSPO8030,Coercion and National Security,First Semester,Postgraduate,6.0,In Person,2023
621,PSYC2008,Cognition,Second Semester,Undergraduate,6.0,In Person,2023
622,HUMN8034,Collaborative Curating and Storytelling,First Semester,Postgraduate,6.0,In Person,2023
623,MUSC8021,Collections Management Workshop,,Postgraduate,6.0,In Person,2023
624,CBEA3001,College of Business and Economics Special Industry Project,First Semester/Second Semester,Undergraduate,6.0,In Person,2023
625,HIST8015,Colonial Australia in an Imperial World,,Postgraduate,6.0,Online or In Person,2023
626,HIST8016,Colonial Encounters,Second Semester,Postgraduate,6.0,Online or In Person,2023
627,ASIA2120,Colonialism and the rule of law,,Undergraduate,6.0,In Person,2023
628,LAWS4309,Colonialism and the rule of law,,Undergraduate,6.0,In Person,2023
629,BUSN8801,Commerce Research Report,First Semester,Postgraduate,6.0,In Person,2023
630,LAWS8131,Commercial Drafting,,Postgraduate,6.0,Online or In Person,2023
631,BUSN7052,Commercial Law,First Semester/Second Semester,Postgraduate,6.0,In Person,2023
632,LAWS8140,Commercial Law,Spring Session,Postgraduate,6.0,Online or In Person,2023
633,LAWS4210,Commercial Law,Second Semester,Undergraduate,6.0,Online or In Person,2023
634,LAWS8078,Common Law Reasoning,First Semester,Postgraduate,6.0,Online or In Person,2023
635,LAWS2202,Commonwealth Constitutional Law,Second Semester,Undergraduate,6.0,In Person,2023
636,LAWS6202,Commonwealth Constitutional Law,Second Semester,Postgraduate,6.0,Online or In Person,2023
637,SCOM8014,Communicating Science with the Public,First Semester,Postgraduate,6.0,Online or In Person,2023
638,SCOM4014,Communicating Science with the Public,First Semester,Undergraduate,6.0,In Person,2023
639,EMDV8007,Communicating for Environment and Climate Policy,First Semester,Postgraduate,6.0,Online or In Person,2023
640,MGMT2100,Communication for Business,First Semester/Second Semester,Undergraduate,6.0,In Person,2023
641,LING6034,Communication in Health Care,First Semester,Postgraduate,6.0,In Person,2023
642,LING2034,Communication in Health Care,First Semester,Undergraduate,6.0,In Person,2023
643,POGO8242,Community Development Strategies,Spring Session,Postgraduate,3.0,Online or In Person,2023
644,LAWS6268,Community Law Clinic,First Semester/Second Semester,Postgraduate,6.0,In Person,2023
645,LAWS4268,Community Law Clinic,First Semester/Second Semester,Undergraduate,6.0,In Person,2023
646,BUSN2015,Company Accounting,First Semester/Second Semester,Undergraduate,6.0,In Person,2023
647,MGMT8008,Company Consultancy Project,,Postgraduate,6.0,In Person,2023
648,LAWS8016,Comparative Constitutional Law,Summer Session,Postgraduate,6.0,Online or In Person,2023
649,EURO3002,Comparative European Politics,Second Semester,Undergraduate,6.0,In Person,2023
650,POLS3031,Comparative Judicial Politics,,Undergraduate,6.0,In Person,2023
651,BIOL2115,Comparative Physiology,Second Semester,Undergraduate,6.0,In Person,2023
652,BIOL6115,Comparative Physiology,Second Semester,Postgraduate,6.0,In Person,2023
653,POLS4039,Comparative Political Behavior,First Semester,Undergraduate,6.0,In Person,2023
654,POLS8039,Comparative Political Behaviour,First Semester,Postgraduate,6.0,In Person,2023
655,POLS4038,Comparative Political Institutions,First Semester,Undergraduate,6.0,In Person,2023
656,POLS8038,Comparative Political Institutions,First Semester,Postgraduate,6.0,In Person,2023
657,LAWS4255,Competition Law,,Undergraduate,6.0,Online or In Person,2023
658,LAWS8154,Competition Law,Winter Session,Postgraduate,6.0,Online or In Person,2023
659,ECON3181,Competition Policy and Regulation,First Semester,Undergraduate,6.0,In Person,2023
660,ECON6181,Competition Policy and Regulation,First Semester,Postgraduate,6.0,In Person,2023
661,MATH6213,Complex Analysis,Second Semester,Postgraduate,6.0,In Person,2023
662,ENVS6025,Complex Environmental Problems in Action,Second Semester,Postgraduate,6.0,In Person,2023
663,ENVS3040,Complex Environmental Problems in Action,Second Semester,Undergraduate,6.0,In Person,2023
664,REGN8056,"Complexity, Catastrophe and Resilience",,Postgraduate,3.0,Online or In Person,2023
665,REGN8055,Compliance and Defiance,Winter Session,Postgraduate,3.0,Online or In Person,2023
666,ENGN4511,Composite Materials,,Undergraduate,6.0,In Person,2023
667,MUSI2226,Composition for Film and Video Games,Second Semester,Undergraduate,6.0,In Person,2023
668,MUSI1111,"Composition, Arranging, and Sound Design 1",First Semester,Undergraduate,6.0,In Person,2023
669,MUSI1112,"Composition, Arranging, and Sound Design 2",Second Semester,Undergraduate,6.0,In Person,2023
670,MUSI2223,"Composition, Arranging, and Sound Design 3",First Semester,Undergraduate,6.0,In Person,2023
671,MUSI2224,"Composition, Arranging, and Sound Design 4",Second Semester,Undergraduate,6.0,In Person,2023
672,MUSI3314,"Composition, Arranging, and Sound Design 5",First Semester,Undergraduate,6.0,In Person,2023
673,MUSI3315,"Composition, Arranging, and Sound Design 6",Second Semester,Undergraduate,6.0,In Person,2023
674,MEDN3007,Computational Biomedicine Project,Second Semester,Undergraduate,6.0,In Person,2023
675,MEDN8007,Computational Biomedicine Project,Second Semester,Postgraduate,6.0,In Person,2023
676,EMSC4033,"Computational Geosciences: Problem-solving, Logical Thinking and Programming.",First Semester,Undergraduate,6.0,In Person,2023
677,EMSC8033,"Computational Geosciences: Problem-solving, Logical Thinking and Programming.",First Semester,Postgraduate,6.0,In Person,2023
678,COMP8980,Computational Methods for Network Science,,Postgraduate,6.0,In Person,2023
679,COMP8880,Computational Methods for Network Science,,Postgraduate,6.0,In Person,2023
680,COMP4880,Computational Methods for Network Science,,Undergraduate,6.0,In Person,2023
681,ECON8014,Computational Methods in Economics,,Postgraduate,6.0,In Person,2023
682,ECON3127,Computational Methods in Economics,,Undergraduate,6.0,In Person,2023
683,ECON4414,Computational Methods in Economics,,Undergraduate,6.0,In Person,2023
684,COMP4610,Computer Graphics,Second Semester,Undergraduate,6.0,In Person,2023
685,COMP8610,Computer Graphics,Second Semester,Postgraduate,6.0,In Person,2023
686,COMP6331,Computer Networks,First Semester,Postgraduate,6.0,In Person,2023
687,COMP3310,Computer Networks,First Semester,Undergraduate,6.0,In Person,2023
688,ENGN3539,Computer Networks,First Semester,Undergraduate,6.0,In Person,2023
689,ENGN6539,Computer Networks,First Semester,Postgraduate,6.0,In Person,2023
690,COMP2300,Computer Organisation and Program Execution,First Semester,Undergraduate,6.0,In Person,2023
691,COMP6300,Computer Organisation and Program Execution,First Semester,Postgraduate,6.0,In Person,2023
692,COMP4006,Computer Science Honours,First Semester/Second Semester,Undergraduate,24.0,In Person,2023
693,COMP4005F,Computer Science IV Honours,First Semester/Second Semester,Undergraduate,12.0,In Person,2023
694,COMP4005P,Computer Science IV Honours,First Semester/Second Semester,Undergraduate,12.0,In Person,2023
695,COMP6719,Computer Systems & Organisation,,Postgraduate,6.0,In Person,2023
696,ENGN2219,Computer Systems & Organisation,First Semester,Undergraduate,6.0,In Person,2023
697,ENGN6528,Computer Vision,First Semester,Postgraduate,6.0,In Person,2023
698,COMP4528,Computer Vision,First Semester,Undergraduate,6.0,In Person,2023
699,ENGN4528,Computer Vision,First Semester,Undergraduate,6.0,In Person,2023
700,COMP6528,Computer Vision,First Semester,Postgraduate,6.0,In Person,2023
701,COMP3820,Computing Internship,First Semester/Second Semester,Undergraduate,12.0,In Person,2023
702,COMP8830,Computing Internship,First Semester/Second Semester,Postgraduate,12.0,In Person,2023
703,COMP8715,Computing Project,First Semester/Second Semester,Postgraduate,6.0,In Person,2023
704,COMP8800,Computing Research Project,First Semester/Second Semester,Postgraduate,12.0,In Person,2023
705,POLS3040,Conflict and change in sub-Saharan Africa,Second Semester,Undergraduate,6.0,In Person,2023
706,LAWS8144,Conflict of Laws,First Semester,Postgraduate,6.0,Online or In Person,2023
707,LAWS4212,Conflict of Laws,First Semester,Undergraduate,6.0,Online or In Person,2023
708,ARTV6611,Constructing Worlds: Expanded Studio Practice,Second Semester,Postgraduate,6.0,In Person,2023
709,BIOL8001,Consulting in Quantitative Biology,Second Semester,Postgraduate,6.0,In Person,2023
710,MKTG2031,Consumer Behaviour,First Semester,Undergraduate,6.0,In Person,2023
711,MKTG7050,Consumer Behaviour & Analysis,First Semester,Postgraduate,6.0,In Person,2023
712,LAWS4259,Consumer Protection and Product Liability Law,,Undergraduate,6.0,In Person,2023
713,LAWS8459,Consumer Protection and Product Liability Law - Do not use,,Postgraduate,6.0,In Person,2023
714,ANTH8101,Contemporary Anthropological Theory,Autumn Session,Postgraduate,12.0,In Person,2023
715,ANTH9101,Contemporary Anthropological Theory,Autumn Session,Postgraduate,12.0,Online or In Person,2023
716,ARTH6170,Contemporary Asian Art,Spring Session,Postgraduate,6.0,In Person,2023
717,ARTH2170,Contemporary Asian Art,Spring Session,Undergraduate,6.0,In Person,2023
718,INDG2002,Contemporary Australian Indigenous Music Studies,Second Semester,Undergraduate,6.0,In Person,2023
719,DIPL8002,Contemporary Challenges in Diplomacy,First Semester,Postgraduate,6.0,In Person,2023
720,POGO8239,Contemporary Challenges in Indigenous Policy,Winter Session,Postgraduate,3.0,In Person,2023
721,SOCY2023,Contemporary Chinese Society: Inequality and Social Stratification,,Undergraduate,6.0,Online or In Person,2023
722,DESN1003,Contemporary Design In Context,Second Semester,Undergraduate,6.0,In Person,2023
723,ANTH9103,Contemporary Development Theory,Summer Session/First Semester/Autumn Session/Winter Session/Second Semester/Spring Session,Postgraduate,12.0,In Person,2023
724,BUSN7005,Contemporary Issues in Accounting,First Semester/Second Semester,Postgraduate,6.0,In Person,2023
725,LAWS8271,Contemporary Issues in Administrative Law,,Postgraduate,6.0,In Person,2023
726,LAWS8128,Contemporary Issues in Constitutional Law,Second Semester,Postgraduate,6.0,Online or In Person,2023
727,LAWS4213,Contemporary Issues in Constitutional Law,Second Semester,Undergraduate,6.0,Online or In Person,2023
728,REGN8014,Contemporary Issues in Technology Governance,First Semester,Postgraduate,6.0,Online or In Person,2023
729,ENVS8016,Contemporary Perspectives in Environment-Society Interaction,First Semester,Postgraduate,6.0,Online or In Person,2023
730,POLS2044,Contemporary Political Analysis,Second Semester,Undergraduate,6.0,In Person,2023
731,POLS2063,Contemporary Political Theory,,Undergraduate,6.0,Online or In Person,2023
732,SOCY2161,Contemporary Social Theory,First Semester,Undergraduate,6.0,In Person,2023
733,ASIA8042,Contemporary Taiwan and its Histories,Second Semester,Postgraduate,6.0,In Person,2023
734,ARTV2060,Contexts of Making: Globalisation and Change,,Undergraduate,6.0,In Person,2023
735,ARTV6060,Contexts of Making: Globalisation and Change,,Postgraduate,6.0,In Person,2023
736,ARTV2061,Contexts of Making: Materiality and Situation,Second Semester,Undergraduate,6.0,In Person,2023
737,ARTV6061,Contexts of Making: Materiality and Situation,,Postgraduate,6.0,In Person,2023
738,PSYC8422,Contextualizing Professional Psychology,Second Semester,Postgraduate,6.0,In Person,2023
739,GREK1102,Continuing Ancient Greek,Second Semester,Undergraduate,6.0,In Person,2023
740,GREK2119,Continuing Ancient Greek (L),Second Semester,Undergraduate,6.0,In Person,2023
741,FREN2024,Continuing French I,First Semester,Undergraduate,6.0,In Person,2023
742,FREN2025,Continuing French II,Second Semester,Undergraduate,6.0,In Person,2023
743,INDG2004,Continuing Gamilaraay,Winter Session,Undergraduate,6.0,Online or In Person,2023
744,LATN1102,Continuing Latin,Second Semester,Undergraduate,6.0,In Person,2023
745,LATN2119,Continuing Latin (L),Second Semester,Undergraduate,6.0,In Person,2023
746,PORT2001,Continuing Portuguese I,,Undergraduate,6.0,In Person,2023
747,PORT2002,Continuing Portuguese II,,Undergraduate,6.0,In Person,2023
748,SPAN2001,Continuing Spanish I,First Semester,Undergraduate,6.0,In Person,2023
749,SPAN2002,Continuing Spanish II,Second Semester,Undergraduate,6.0,In Person,2023
750,FINM3003,Continuous Time Finance,First Semester,Undergraduate,6.0,In Person,2023
751,FINM6006,Continuous Time Finance,First Semester,Postgraduate,6.0,In Person,2023
752,LAWS6104,Contracts,First Semester/Second Semester,Postgraduate,6.0,Online or In Person,2023
753,LAWS1204,Contracts,Second Semester,Undergraduate,6.0,In Person,2023
754,ENGN3223,Control Systems,Second Semester,Undergraduate,6.0,In Person,2023
755,ENGN6223,Control Systems,Second Semester,Postgraduate,6.0,In Person,2023
756,CRIM2003,Controversies in Crime Control,,Undergraduate,6.0,In Person,2023
757,CRIM6003,Controversies in Crime Control,,Postgraduate,6.0,In Person,2023
758,HIST2128,Convicts and Settlers: Australia 1770s to 1870s,,Undergraduate,6.0,In Person,2023
759,STST1003,Coping with Crisis: The Practice of International Security,Second Semester,Undergraduate,6.0,In Person,2023
760,EMSC6119,Coral Reef Field Studies,Winter Session,Postgraduate,6.0,In Person,2023
761,EMSC3019,Coral Reef Field Studies,Winter Session,Undergraduate,6.0,In Person,2023
762,MGMT7153,Core Leadership,First Semester,Postgraduate,6.0,In Person,2023
763,BUSN7050,Corporate Accounting,First Semester/Second Semester,Postgraduate,6.0,In Person,2023
764,FINM2001,Corporate Finance,First Semester/Second Semester,Undergraduate,6.0,In Person,2023
765,BUSN7049,Corporate Financial Reporting,,Postgraduate,6.0,In Person,2023
766,BUSN8045,Corporate Governance,Second Semester,Postgraduate,6.0,In Person,2023
767,BUSN4045,Corporate Governance (Honours),Second Semester,Undergraduate,6.0,In Person,2023
768,BUSN8145,Corporate Governance: Research Preparation,Second Semester,Postgraduate,6.0,In Person,2023
769,LAWS8584,Corporate Insolvency,Winter Session,Postgraduate,6.0,Online,2023
770,LAWS4282,Corporate Insolvency,,Undergraduate,6.0,In Person,2023
771,BUSN6017,"Corporate Social Responsibility, Accountability and Reporting",,Postgraduate,6.0,Online or In Person,2023
772,BUSN3017,"Corporate Social Responsibility, Accountability and Reporting",Second Semester,Undergraduate,6.0,In Person,2023
773,MGMT3015,Corporate Strategy,First Semester,Undergraduate,6.0,In Person,2023
774,MGMT2001,Corporate Sustainability,First Semester,Undergraduate,6.0,In Person,2023
775,FINM3005,Corporate Valuation,First Semester/Second Semester,Undergraduate,6.0,In Person,2023
776,LAWS2203,Corporations Law,First Semester,Undergraduate,6.0,In Person,2023
777,LAWS6203,Corporations Law,First Semester,Postgraduate,6.0,In Person,2023
778,LAWS8597,"Corporations, Law and Technology",Second Semester,Postgraduate,6.0,Online,2023
779,REGN8054,"Corporations, Power, Regulation",Autumn Session,Postgraduate,3.0,Online or In Person,2023
780,LING6038,Corpus Linguistics,,Postgraduate,6.0,Online or In Person,2023
781,LING3038,Corpus Linguistics,,Undergraduate,6.0,Online or In Person,2023
782,POGO8076,Corruption and Anti-corruption,Winter Session,Postgraduate,6.0,In Person,2023
783,CRIM3002,Corruption in Sport,,Undergraduate,6.0,Online or In Person,2023
784,CRIM2009,Corruption in our world,Summer Session,Undergraduate,6.0,In Person,2023
785,CRIM6009,Corruption in our world,Summer Session,Postgraduate,6.0,In Person,2023
786,ECON4418,Cost Benefit Analysis,,Undergraduate,6.0,In Person,2023
787,IDEC8088,Cost-Benefit Analysis: Principles and Practice,,Postgraduate,6.0,In Person,2023
788,INDG1001,"Country, Kinship and Continuities: An Introduction to Australian Indigenous Studies",First Semester,Undergraduate,6.0,In Person,2023
789,DESN2003,Creative Data Visualisation: Representing Data in Visual and Material Form,,Undergraduate,6.0,In Person,2023
790,DESN6003,Creative Data Visualisation: Representing Data in Visual and Material Form,,Postgraduate,6.0,In Person,2023
791,ASIA3031,Creative Industries in Korea,First Semester,Undergraduate,6.0,Online or In Person,2023
792,MUSI4404,Creative Practice as Research,First Semester,Undergraduate,6.0,In Person,2023
793,MUSI8011,Creative Practice as Research,First Semester,Postgraduate,6.0,In Person,2023
794,ENGL4021,"Creative Reading: Topics in Theory, Methodology and Interpretation",First Semester,Undergraduate,6.0,Online or In Person,2023
795,ENGL8021,"Creative Reading: Topics in Theory, Methodology and Interpretation",First Semester,Postgraduate,6.0,Online or In Person,2023
796,ARTV3033,Creative Research Practice: Developing an Independent Work Proposal,First Semester,Undergraduate,6.0,In Person,2023
797,ARTV3035,Creative Research Practice: Extending and Consolidating an Independent Project,Second Semester,Undergraduate,12.0,In Person,2023
798,ARTV3034,Creative Research Practice: Extending and Consolidating an Independent Work Proposal,Second Semester,Undergraduate,6.0,In Person,2023
799,ENGL2015,Creative Writing,,Undergraduate,6.0,In Person,2023
800,ENGL6015,Creative Writing,,Postgraduate,6.0,In Person,2023
801,ENGL2077,Creative Writing 2: Story to Script to Performance,First Semester,Undergraduate,6.0,In Person,2023
802,ENGL6026,Creative Writing 3 Advanced Fiction,Second Semester,Postgraduate,6.0,In Person,2023
803,ENGL2078,Creative Writing 3: Advanced Fiction,Second Semester,Undergraduate,6.0,In Person,2023
804,CRIM3006,Crime Prevention: Evaluation Theory and Practice,Summer Session,Undergraduate,6.0,Online or In Person,2023
805,HIST2232,Crime and Justice: Historical Dilemmas,,Undergraduate,6.0,In Person,2023
806,REGN8013,"Crime, Governance and Security",,Postgraduate,6.0,Online or In Person,2023
807,LAWS6106,Criminal Law and Procedure,First Semester,Postgraduate,6.0,Online or In Person,2023
808,LAWS1206,Criminal Law and Procedure,First Semester,Undergraduate,6.0,Online or In Person,2023
809,CRIM1001,Criminological Imaginations: Understanding Criminality,First Semester,Undergraduate,6.0,Online or In Person,2023
810,CRIM1002,Criminological Perspectives: Understanding Crime,Second Semester,Undergraduate,6.0,In Person,2023
811,CRIM3003,Criminology at the Scene 1,Winter Session,Undergraduate,6.0,In Person,2023
812,CRIM3004,Criminology at the scene - extended,,Undergraduate,12.0,Online or In Person,2023
813,MEAS9001,Critical Approaches and Methods in the Study of the Middle East and Central Asia,First Semester,Postgraduate,12.0,In Person,2023
814,MEAS8001,Critical Approaches and Methods in the Study of the Middle East and Central Asia,First Semester,Postgraduate,12.0,In Person,2023
815,LAWS8595,Critical Approaches to International Law,Autumn Session,Postgraduate,6.0,Online or In Person,2023
816,HUMN8027,Critical Issues in Heritage and Museum Studies,Second Semester,Postgraduate,6.0,Online or In Person,2023
817,HUMN8035,Critical Issues in Intangible Heritage,Second Semester,Postgraduate,6.0,In Person,2023
818,MEAS3003,Critical Perspectives on Arabic Culture,,Undergraduate,6.0,In Person,2023
819,MEAS6003,Critical Perspectives on Arabic Culture,,Postgraduate,6.0,In Person,2023
820,LING2021,Cross Cultural Communication,First Semester,Undergraduate,6.0,Online or In Person,2023
821,LING6021,Cross Cultural Communication,First Semester,Postgraduate,6.0,Online or In Person,2023
822,SCOM6029,Cross Cultural Perspectives in Science Communication,Winter Session,Postgraduate,6.0,Online or In Person,2023
823,SCOM3029,Cross Cultural Perspectives in Science Communication,Winter Session,Undergraduate,6.0,In Person,2023
824,ARTH6176,Cross Currents in Australian First Nations and Non-Indigenous Art and Culture,First Semester,Postgraduate,6.0,In Person,2023
825,ARTH2176,Cross Currents in Australian First Nations and Non-Indigenous Art and Culture,First Semester,Undergraduate,6.0,In Person,2023
826,BUSI3029,Cross-Cultural Management,Second Semester,Undergraduate,6.0,In Person,2023
827,ANTH6515,"Crossing Borders: Migration, Identity and Livelihood",First Semester,Postgraduate,6.0,In Person,2023
828,ANTH2129,"Crossing Borders: Migration, Identity and Livelihood",First Semester,Undergraduate,6.0,In Person,2023
829,ASIA8038,Cultural Creativity and Research in Asia and the Pacific,First Semester,Postgraduate,6.0,Online or In Person,2023
830,HUMN8018,Cultural and Environmental Heritage: Extended Research Project,Summer Session/First Semester/Autumn Session/Winter Session/Second Semester/Spring Session,Postgraduate,12.0,In Person,2023
831,ANTH6009,Culture and Development,First Semester,Postgraduate,6.0,Online or In Person,2023
832,ANTH2009,Culture and Development,First Semester,Undergraduate,6.0,In Person,2023
833,HUMN8037,Culture and Heritage in China Field School,,Postgraduate,6.0,In Person,2023
834,ANTH1002,Culture and Human Diversity: Introducing Anthropology,First Semester,Undergraduate,6.0,In Person,2023
835,ANTH6002,Culture and Human Diversity: Introducing Anthropology,First Semester,Postgraduate,6.0,In Person,2023
836,ASIA2302,Culture and Modernity in Asia: Anthropological Perspectives,Second Semester,Undergraduate,6.0,In Person,2023
837,PSYC2012,Culture and Psychology,First Semester,Undergraduate,6.0,In Person,2023
838,ANTH2017,"Culture, Social Justice and Aboriginal Society Today",First Semester,Undergraduate,6.0,Online or In Person,2023
839,ANTH6017,"Culture, Social Justice and Aboriginal Society Today",First Semester,Postgraduate,6.0,In Person,2023
840,ARTH3001,Curatorial Practice,,Undergraduate,12.0,In Person,2023
841,ARTH2045,Curatorship History and Evolution,,Undergraduate,6.0,In Person,2023
842,ARTH6045,Curatorship History and Evolution,,Postgraduate,12.0,In Person,2023
843,POLS2132,Current Issues in International Security,Second Semester,Undergraduate,6.0,Online or In Person,2023
844,CHEM3207,Current Topics in Chemical Biology,Second Semester,Undergraduate,6.0,In Person,2023
845,LAWS8077,Cyber Law,Autumn Session,Postgraduate,6.0,Online or In Person,2023
846,COMP2700,Cyber Security Foundations,Second Semester,Undergraduate,6.0,In Person,2023
847,LAWS8035,Cyber Warfare Law,Summer Session/Winter Session,Postgraduate,6.0,Online or In Person,2023
848,NSPO8009,Cyber and Emerging Technologies in National Security,Second Semester,Postgraduate,6.0,In Person,2023
849,CRIM6010,Cybercrime: an introduction,Winter Session,Postgraduate,6.0,In Person,2023
850,CRIM2010,Cybercrime: an introduction,Winter Session,Undergraduate,6.0,In Person,2023
851,CECS6002,Cybernetics Practice for Cyber-Physical Systems,Second Semester,Postgraduate,6.0,In Person,2023
852,CECS8003,Cybernetics and Cyber-Physcial Systems,,Postgraduate,6.0,In Person,2023
853,BIAN4011,Data Analysis and Methods in Biological Anthropology,First Semester,Undergraduate,6.0,Online or In Person,2023
854,BUSN8066,Data Analytics in Contemporary Accounting,First Semester/Second Semester,Postgraduate,6.0,In Person,2023
855,COMP3425,Data Mining,First Semester,Undergraduate,6.0,In Person,2023
856,COMP8410,Data Mining,First Semester,Postgraduate,6.0,In Person,2023
857,COMP8910,Data Mining,Winter Session,Postgraduate,6.0,In Person,2023
858,EMSC8023,Data Science,Second Semester,Postgraduate,6.0,In Person,2023
859,EMSC4123,Data Science,Second Semester,Undergraduate,6.0,In Person,2023
860,BIOL3207,Data Science for Biologists,Second Semester,Undergraduate,6.0,In Person,2023
861,BIOL6207,Data Science for Biologists,Second Semester,Postgraduate,6.0,In Person,2023
862,COMP8430,Data Wrangling,Second Semester,Postgraduate,6.0,In Person,2023
863,COMP8930,Data Wrangling,Summer Session,Postgraduate,6.0,In Person,2023
864,COMP3430,Data Wrangling,Second Semester,Undergraduate,6.0,In Person,2023
865,SOCR3001,Data for Decision Making,First Semester,Undergraduate,6.0,In Person,2023
866,HIST8040,Debating ANZAC,,Postgraduate,6.0,Online or In Person,2023
867,JPNS3102,Debating Japan: Contemporary Intellectual Debates,,Undergraduate,6.0,Online or In Person,2023
868,POGO8065,Decision Making Under Uncertainty,Winter Session,Postgraduate,6.0,In Person,2023
869,INDG4001,Decolonising Methodologies and other Indigenous Perspectives on Research,First Semester,Undergraduate,6.0,In Person,2023
870,HIST8030,"Decolonising history? Indigenous perspectives, deep history, and postcolonial challenges",,Postgraduate,6.0,Online or In Person,2023
871,STST8057,Defence Leadership in ASEAN A,,Postgraduate,6.0,In Person,2023
872,STST8058,Defence Leadership in ASEAN B,First Semester,Postgraduate,6.0,In Person,2023
873,COMP3701,Defensive Cyber Security Operations,,Undergraduate,6.0,In Person,2023
874,POGO8123,Delivering Public Value,Autumn Session,Postgraduate,6.0,In Person,2023
875,POLS2126,Democracy and Dictatorship,Second Semester,Undergraduate,6.0,In Person,2023
876,HIST2240,Democracy and Dissent: Europe Since 1945,,Undergraduate,6.0,In Person,2023
877,POLS8019,Democracy and its Discontents,First Semester,Postgraduate,6.0,In Person,2023
878,POLS4019,Democracy and its Discontents,First Semester,Undergraduate,6.0,In Person,2023
879,ASIA2070,Democracy in Southeast Asia,,Undergraduate,6.0,In Person,2023
880,ASIA6070,Democracy in Southeast Asia,,Postgraduate,6.0,In Person,2023
881,DEMO3002,Demographic Research Internship,First Semester/Second Semester,Undergraduate,6.0,In Person,2023
882,DEMO4011,Demography Honours Seminar in Theory and Methods,,Undergraduate,12.0,In Person,2023
883,ARTV3032,Demonstrating Research Methods for a Studio Practice in Art and Design,,Undergraduate,6.0,In Person,2023
884,ARTV6032,Demonstrating Research Methods for a Studio Practice in Art and Design,,Postgraduate,6.0,In Person,2023
885,FINM2002,Derivatives,First Semester/Second Semester,Undergraduate,6.0,In Person,2023
886,DESN2007,Design Fiction: Speculative and Critical Design,Second Semester,Undergraduate,6.0,In Person,2023
887,DESN4010,Design Practice: Impact and Engagement,,Undergraduate,12.0,In Person,2023
888,DESN4012,Design Research: Communication and Presentation,Second Semester,Undergraduate,12.0,In Person,2023
889,DESN4011,Design Research: Theory and Methods,First Semester,Undergraduate,12.0,In Person,2023
890,DESN6011,Design Studio: Engagement and Collaboration,Second Semester,Postgraduate,6.0,In Person,2023
891,DESN3011,Design Studio: Engagement and Collaboration,Second Semester,Undergraduate,6.0,In Person,2023
892,DESN3010,Design Studio: Independent Practice,First Semester,Undergraduate,6.0,In Person,2023
893,DESN6010,Design Studio: Independent Practice,First Semester,Postgraduate,6.0,In Person,2023
894,DESN2008,Design Thinking: Human-Centred Design Methodologies,Second Semester,Undergraduate,6.0,In Person,2023
895,MGMT2009,Design Thinking: Human-Centred Innovation,,Undergraduate,6.0,In Person,2023
896,STAT6029,Design of Experiments and Surveys,First Semester,Postgraduate,6.0,In Person,2023
897,STAT3012,Design of Experiments and Surveys,First Semester,Undergraduate,6.0,In Person,2023
898,STAT4029,Design of Experiments and Surveys,First Semester,Undergraduate,6.0,In Person,2023
899,POGO8063,Designing Public Policies and Programs,Winter Session,Postgraduate,6.0,In Person,2023
900,ARTV3028,Developing a Contemporary Craft Practice,,Undergraduate,6.0,In Person,2023
901,ECON4409,Development Poverty & Famine,Second Semester,Undergraduate,6.0,In Person,2023
902,ECON2900,Development Poverty and Famine,Second Semester,Undergraduate,6.0,In Person,2023
903,POGO8072,Development Theories and Themes,Second Semester,Postgraduate,6.0,Online or In Person,2023
904,POLS2011,Development and Change,Second Semester,Undergraduate,6.0,Online or In Person,2023
905,EMDV8013,Development and Environment in the Anthropocene,First Semester,Postgraduate,6.0,Online or In Person,2023
906,IDEC8031,Development and Environmental Planning in Developing Economies,,Postgraduate,6.0,In Person,2023
907,ANTH8009,Development in Practice,First Semester,Postgraduate,6.0,Online or In Person,2023
908,BIOL3109,Developmental Biology,First Semester,Undergraduate,6.0,In Person,2023
909,BIOL6109,Developmental Biology,First Semester,Postgraduate,6.0,In Person,2023
910,PSYC3202,Developmental Psychology,First Semester,Undergraduate,6.0,In Person,2023
911,PSYC2002,Developmental Psychology,First Semester,Undergraduate,6.0,In Person,2023
912,LING6023,Dictionaries and Dictionary-Making,Second Semester,Postgraduate,6.0,In Person,2023
913,LING2023,Dictionaries and Dictionary-Making,Second Semester,Undergraduate,6.0,In Person,2023
914,MATH6205,Differential Geometry,First Semester,Postgraduate,6.0,In Person,2023
915,ASTR8020,Diffuse Matter and Star Formation,First Semester,Postgraduate,6.0,In Person,2023
916,ASTR4020,Diffuse Matter and Star Formation,First Semester,Undergraduate,6.0,In Person,2023
917,ASIA3032,Digital Asia: Technology and Society,First Semester,Undergraduate,6.0,Online or In Person,2023
918,MGMT7008,Digital Business Model Generation,,Postgraduate,6.0,In Person,2023
919,ENGN6626,Digital Communications,First Semester,Postgraduate,6.0,In Person,2023
920,ENGN3226,Digital Communications,First Semester,Undergraduate,6.0,In Person,2023
921,HUMN8028,Digital Culture and Society & Critical Theories and Methodologies,,Postgraduate,6.0,Online or In Person,2023
922,HUMN4028,Digital Culture and Society - Critical Theories and Methodologies,,Undergraduate,6.0,Online or In Person,2023
923,HUMN1001,Digital Culture: Being Human in the Information Age,Second Semester,Undergraduate,6.0,Online or In Person,2023
924,LAWS8407,Digital Economies and the Law,Winter Session,Postgraduate,6.0,Online,2023
925,DESN6001,Digital Form and Fabrication,,Postgraduate,6.0,Online or In Person,2023
926,DESN2001,Digital Form and Fabrication,First Semester,Undergraduate,6.0,Online or In Person,2023
927,HUMN8029,Digital Humanities and Public Culture - Issues and Debates,First Semester,Postgraduate,6.0,Online or In Person,2023
928,HUMN4029,Digital Humanities and Public Culture - Issues and Debates,First Semester,Undergraduate,6.0,Online or In Person,2023
929,HUMN8030,Digital Humanities and Public Culture Research Project,First Semester/Second Semester,Postgraduate,6.0,In Person,2023
930,HUMN8031,Digital Humanities and Public Culture Research Project (Advanced),First Semester/Second Semester,Postgraduate,12.0,In Person,2023
931,HUMN3001,Digital Humanities and Public Culture: Projects and Engagement,First Semester,Undergraduate,6.0,In Person,2023
932,HUMN6003,Digital Humanities and Public Culture: Projects and Engagement,First Semester,Postgraduate,6.0,In Person,2023
933,MKTG7029,Digital Marketing,,Postgraduate,6.0,In Person,2023
934,ENGN6537,Digital Signal Processing,Second Semester,Postgraduate,6.0,In Person,2023
935,ENGN4537,Digital Signal Processing,Second Semester,Undergraduate,6.0,In Person,2023
936,INFS8205,"Digital Strategy, Executive and Operations",First Semester,Postgraduate,6.0,In Person,2023
937,ENGN6213,Digital Systems and Microprocessors,First Semester,Postgraduate,6.0,In Person,2023
938,ENGN4213,Digital Systems and Microprocessors,First Semester,Undergraduate,6.0,In Person,2023
939,INFS7040,Digital Transformation,First Semester/Second Semester,Postgraduate,6.0,In Person,2023
940,MGMT8009,Digital Transformation & Business Strategy,,Postgraduate,6.0,In Person,2023
941,DIPL8015,Diplomacy Internship,Autumn Session,Postgraduate,6.0,Online or In Person,2023
942,DIPL8018,Diplomacy Research Project,First Semester/Second Semester,Postgraduate,12.0,Online or In Person,2023
943,DIPL8006,"Diplomacy, Politics and the United Nations",Second Semester,Postgraduate,6.0,Online or In Person,2023
944,DIPL8009,Diplomacy: from cuneiform clay to digital tablets,,Postgraduate,6.0,Online,2023
945,CHMD8001,"Directed Readings in Culture, Health and Medicine",First Semester/Second Semester,Postgraduate,6.0,Online,2023
946,EMDV8124,Disaster Risk Reduction and Management,Winter Session,Postgraduate,6.0,Online or In Person,2023
947,ASIA8048,Disasters and Epidemics in Asia and the Pacific,Second Semester,Postgraduate,6.0,Online or In Person,2023
948,HIST8045,Disasters: Aftermath and Legacy,First Semester,Postgraduate,6.0,In Person,2023
949,ENGN1211,Discovering Engineering,First Semester,Undergraduate,6.0,In Person,2023
950,MATH1005,Discrete Mathematical Models,First Semester/Second Semester,Undergraduate,6.0,In Person,2023
951,MATH6005,Discrete Mathematical Models,First Semester/Second Semester,Postgraduate,6.0,In Person,2023
952,NSPO8013,"Disease, Security and Biological Weapons",,Postgraduate,6.0,In Person,2023
953,CRIM3005,Diversity and Crime: Equality in the Criminal Justice System,First Semester,Undergraduate,6.0,In Person,2023
954,BIOL1009,Diversity of Life,Second Semester,Undergraduate,6.0,In Person,2023
955,FINM8018,Doctoral Studies in Asset Pricing,Second Semester,Postgraduate,6.0,In Person,2023
956,FINM8020,Doctoral Studies in Asset Pricing 2,First Semester,Postgraduate,6.0,In Person,2023
957,FINM8019,Doctoral Studies in Corporate Finance,Second Semester,Postgraduate,6.0,In Person,2023
958,FINM8021,Doctoral Studies in Corporate Finance Empirical,First Semester,Postgraduate,6.0,In Person,2023
959,COMP6490,Document Analysis,Second Semester,Postgraduate,6.0,In Person,2023
960,COMP6990,Document Analysis,,Postgraduate,6.0,In Person,2023
961,COMP4650,Document Analysis,Second Semester,Undergraduate,6.0,In Person,2023
962,CRIM2001,Doing Criminology: Research and Practice in Crime and Criminal Justice,First Semester,Undergraduate,6.0,Online or In Person,2023
963,CRIM6007,Doing Criminology: Research and Practice in Crime and Criminal Justice,First Semester,Postgraduate,6.0,In Person,2023
964,ANTH3059,Doing Ethnography: Practicum in Applied Anthropology,Second Semester,Undergraduate,6.0,Online or In Person,2023
965,ANTH8059,Doing Ethnography: Research Practicum on Applied Anthropology,Second Semester,Postgraduate,12.0,Online or In Person,2023
966,EMDV8081,Domestic Climate Change Policy and Economics,Autumn Session,Postgraduate,6.0,Online or In Person,2023
967,ARTV6703,Drawing into Print: Etching and Relief,First Semester,Postgraduate,6.0,In Person,2023
968,ARTV6704,Drawing into Print: Screen Printing and Stencils,Second Semester,Postgraduate,6.0,In Person,2023
969,ARTV1704,Drawing into Print: Screen Printing and Stencils,Second Semester,Undergraduate,6.0,In Person,2023
970,ARTV1020,Drawn from life: Techniques and Perspectives of Observational Drawing,Second Semester,Undergraduate,6.0,In Person,2023
971,MEAS4111,Drivers of Violent Extremism: The Local and the Global in the Middle East,,Undergraduate,6.0,Online,2023
972,MEAS8111,Drivers of Violent Extremism: The Local and the Global in the Middle East,,Postgraduate,6.0,Online,2023
973,DESN6004,Dynamic Design and Generative Systems,,Postgraduate,6.0,In Person,2023
974,DESN2004,Dynamic Design and Generative Systems,,Undergraduate,6.0,In Person,2023
975,EMSC6034,"Dynamic Earth: Plates, Plumes and Mantle Convection",Second Semester,Postgraduate,6.0,In Person,2023
976,EMSC3034,"Dynamic Earth: Plates, Plumes and Mantle Convection",Second Semester,Undergraduate,6.0,In Person,2023
977,BUSI2023,Dynamics of Asian Business,Second Semester,Undergraduate,6.0,In Person,2023
978,BUSI2024,Dynamics of Business in the Middle East,First Semester,Undergraduate,6.0,In Person,2023
979,BUSI2034,Dynamics of European Business,First Semester,Undergraduate,6.0,In Person,2023
980,MEAS8112,Dynamics of Israeli-Palestinian Conflict,,Postgraduate,6.0,In Person,2023
981,MKTG2032,E-Marketing,,Undergraduate,6.0,In Person,2023
982,EMSC6008,EARTH: The Chemistry and Physics of our Planet,Second Semester,Postgraduate,6.0,In Person,2023
983,EMSC1008,EARTH: The Chemistry and Physics of our Planet,Second Semester,Undergraduate,6.0,In Person,2023
984,ENGL6020,Early Modern to Eighteenth Century Literature,,Postgraduate,6.0,In Person,2023
985,ENGL3005,Early Modern to Eighteenth Century Literature,,Undergraduate,6.0,In Person,2023
986,EMSC8030,Earth Science Research Project,First Semester/Second Semester,Postgraduate,6.0,In Person,2023
987,EMSC8032,Earth Science Research Proposal & Presentation,First Semester/Second Semester,Postgraduate,6.0,In Person,2023
988,EMSC4005,Earth and Marine Sciences Honours Thesis,First Semester/Second Semester,Undergraduate,3.0,In Person,2023
989,ENVS3014,Ecological Assessment and Management,,Undergraduate,6.0,In Person,2023
990,ENVS6514,Ecological Assessment and Management,,Postgraduate,6.0,In Person,2023
991,EMDV8012,Ecological Economics and Policy,,Postgraduate,6.0,Online or In Person,2023
992,BIOL6004,Ecology,First Semester,Postgraduate,6.0,In Person,2023
993,BIOL2131,Ecology,First Semester,Undergraduate,6.0,In Person,2023
994,EMET8005,Econometric Methods and Modelling,First Semester/Second Semester,Postgraduate,6.0,In Person,2023
995,IDEC8017,Econometric Techniques,Second Semester,Postgraduate,6.0,In Person,2023
996,EMET2007,Econometrics I: Econometric Methods,First Semester,Undergraduate,6.0,In Person,2023
997,EMET4007,Econometrics I: Econometric Methods,First Semester,Undergraduate,6.0,In Person,2023
998,EMET6007,Econometrics I: Econometric Methods,First Semester,Postgraduate,6.0,In Person,2023
999,EMET3004,Econometrics II: Econometric Modelling,,Undergraduate,6.0,In Person,2023
1000,EMET6008,Econometrics II: Econometric Modelling,,Postgraduate,6.0,In Person,2023
1001,ECON8180,Economic Analysis of the Digital Economy,,Postgraduate,6.0,In Person,2023
1002,ECON2080,Economic Analysis of the Digital Economy,,Undergraduate,6.0,In Person,2023
1003,IDEC8022,Economic Development,Second Semester,Postgraduate,6.0,Online or In Person,2023
1004,EMSC3007,Economic Geology,Second Semester,Undergraduate,6.0,In Person,2023
1005,EMSC6007,Economic Geology,Second Semester,Postgraduate,6.0,In Person,2023
1006,ECON8050,Economic Growth,First Semester,Postgraduate,6.0,In Person,2023
1007,ECON3023,Economic Policy Issues,Second Semester,Undergraduate,6.0,In Person,2023
1008,ECON4403,Economic Policy Issues,Second Semester,Undergraduate,6.0,In Person,2023
1009,ECON6003,Economic Policy Issues,Second Semester,Postgraduate,6.0,In Person,2023
1010,ECON8003,Economic Policy Issues,,Postgraduate,6.0,In Person,2023
1011,ECON2060,Economic Reasoning for Government,,Undergraduate,6.0,In Person,2023
1012,ECON3100,Economics 3 (H),Second Semester,Undergraduate,6.0,In Person,2023
1013,ECON4488,Economics Honours Research Essay,First Semester/Second Semester,Undergraduate,6.0,In Person,2023
1014,ECON1100,Economics I (H),Second Semester,Undergraduate,6.0,In Person,2023
1015,ECON2016,Economics II (H),,Undergraduate,6.0,In Person,2023
1016,IDEC9024,Economics Seminars,Second Semester,Postgraduate,6.0,In Person,2023
1017,POGO8081,Economics for Government,Second Semester,Postgraduate,6.0,In Person,2023
1018,ECON8077,Economics for Leaders,First Semester,Postgraduate,6.0,In Person,2023
1019,ENVS2007,Economics for the Environment,First Semester,Undergraduate,6.0,In Person,2023
1020,SOCY1004,Economy and Society,Second Semester,Undergraduate,6.0,In Person,2023
1021,SOCY2021,Education and Society,,Undergraduate,6.0,In Person,2023
1022,MEAS6008,Egypt: Social and Political Dynamics in a Changing Middle East,Second Semester,Postgraduate,6.0,In Person,2023
1023,MEAS3008,Egypt: Social and Political Dynamics in a Changing Middle East,Second Semester,Undergraduate,6.0,In Person,2023
1024,POLS2111,"Elections, Political Behaviour and Public Opinion in Australia",Winter Session,Undergraduate,6.0,In Person,2023
1025,PHYS2016,Electromagnetism,Second Semester,Undergraduate,6.0,In Person,2023
1026,ENGN2218,Electronic Systems and Design,First Semester,Undergraduate,6.0,In Person,2023
1027,EMSC4712,Electronics and Data Analysis,Second Semester,Undergraduate,6.0,In Person,2023
1028,EMSC8712,Electronics and Data Analysis,Second Semester,Postgraduate,6.0,In Person,2023
1029,TURK1001,Elementary Turkish A,First Semester,Undergraduate,6.0,Online,2023
1030,TURK1002,Elementary Turkish B,Second Semester,Undergraduate,6.0,Online,2023
1031,ENGN8537,Embedded Systems and Real Time Digital Signal Processing,,Postgraduate,6.0,In Person,2023
1032,POLS3004,Emotions in International Politics,Second Semester,Undergraduate,6.0,In Person,2023
1033,ENGL6027,Empire and its Fictions,,Postgraduate,6.0,In Person,2023
1034,ENGL2068,Empire and its Fictions,,Undergraduate,6.0,In Person,2023
1035,HIST1214,Empires in Global History,First Semester,Undergraduate,6.0,In Person,2023
1036,IDEC8025,Empirical Public Finance,Second Semester,Postgraduate,6.0,In Person,2023
1037,BUSN8100,Empirical Research in Financial Accounting,Second Semester,Postgraduate,6.0,In Person,2023
1038,CBEA2000,Employability Fundamentals for Professional Practice,Second Semester,Undergraduate,6.0,Online or In Person,2023
1039,IDEC8089,Energy Economics,Second Semester,Postgraduate,6.0,In Person,2023
1040,ENGN3516,Energy Resources and Renewable Technologies,Second Semester,Undergraduate,6.0,In Person,2023
1041,ENGN6516,Energy Resources and Renewable Technologies,Second Semester,Postgraduate,6.0,In Person,2023
1042,NSPO8044,Energy Security,,Postgraduate,3.0,In Person,2023
1043,MEAS8109,Energy and Security in Central Asia and the Caucasus,First Semester,Postgraduate,6.0,In Person,2023
1044,MEAS4109,Energy and Security in Central Asia and the Caucasus,First Semester,Undergraduate,6.0,In Person,2023
1045,SCOM8088,Engagement for Policy Impact,,Postgraduate,6.0,Online or In Person,2023
1046,ASIA3021,Engaging Asia: Australia and the Asian Century,Autumn Session,Undergraduate,6.0,Online or In Person,2023
1047,ASIA8040,Engaging Asia: Australia and the Asian Century,Autumn Session,Postgraduate,6.0,Online or In Person,2023
1048,POGO8235,Engaging China: Working with Policy in the PRC,Autumn Session,Postgraduate,3.0,Online or In Person,2023
1049,COMP8535,Engineering Data Analytics,First Semester,Postgraduate,6.0,In Person,2023
1050,ENGN8535,Engineering Data Analytics,First Semester,Postgraduate,6.0,In Person,2023
1051,ENGN2300,Engineering Design 2: Systems Approaches for Design,First Semester,Undergraduate,6.0,In Person,2023
1052,ENGN2301,Engineering Design 3: Systems Approaches for Analysis,Second Semester,Undergraduate,6.0,In Person,2023
1053,ENGN3300,Engineering Design 4A: Systems Approaches for Management,First Semester,Undergraduate,6.0,In Person,2023
1054,ENGN3301,Engineering Design 4B: Systems Approaches for Operations,Second Semester,Undergraduate,6.0,In Person,2023
1055,ENGN3230,Engineering Innovation,,Undergraduate,6.0,In Person,2023
1056,ENGN3200,Engineering Internship,Summer Session/First Semester/Autumn Session/Winter Session/Second Semester/Spring Session,Undergraduate,6.0,In Person,2023
1057,ENGN6200,Engineering Internship,Summer Session/First Semester/Autumn Session/Winter Session/Second Semester/Spring Session,Postgraduate,6.0,In Person,2023
1058,ENGN3221,Engineering Management,,Undergraduate,6.0,In Person,2023
1059,ENGN3601,Engineering Materials,,Undergraduate,6.0,In Person,2023
1060,ENGN6601,Engineering Materials,,Postgraduate,6.0,In Person,2023
1061,ENGN3706,Engineering Research & Development Project,First Semester/Second Semester,Undergraduate,6.0,In Person,2023
1062,ENGN8104,Engineering Research Project,,Postgraduate,12.0,In Person,2023
1063,ENGN3712,Engineering Research and Development Project,First Semester/Second Semester,Undergraduate,6.0,In Person,2023
1064,ENGN4712,Engineering Research and Development Project,First Semester/Second Semester,Undergraduate,6.0,In Person,2023
1065,ENGN4718,Engineering Research and Development Project,First Semester/Second Semester,Undergraduate,6.0,In Person,2023
1066,ENGN2707,Engineering Research and Development Project,First Semester/Second Semester,Undergraduate,6.0,In Person,2023
1067,ENGN4706,Engineering Research and Development Project,First Semester/Second Semester,Undergraduate,6.0,In Person,2023
1068,ENGN2706,Engineering Research and Development Project (Methods),First Semester,Undergraduate,6.0,In Person,2023
1069,ENGN1215,Engineering Sciences,,Undergraduate,6.0,In Person,2023
1070,ENGN3410,Engineering Sustainable Systems,Second Semester,Undergraduate,6.0,In Person,2023
1071,ENGN6410,Engineering Sustainable Systems,Second Semester,Postgraduate,6.0,In Person,2023
1072,ENGN2222,Engineering Thermodynamics,Second Semester,Undergraduate,6.0,In Person,2023
1073,ENGN6013,Engineering for a Humanitarian Context,,Postgraduate,6.0,Online or In Person,2023
1074,ENGN3013,Engineering for a Humanitarian Context,Summer Session/Winter Session,Undergraduate,6.0,In Person,2023
1075,ACST4060,Enterprise Risk Management 1,,Undergraduate,6.0,In Person,2023
1076,ACST8060,Enterprise Risk Management 1,,Postgraduate,6.0,In Person,2023
1077,ACST4061,Enterprise Risk Management 2,,Undergraduate,6.0,In Person,2023
1078,ACST8061,Enterprise Risk Management 2,,Postgraduate,6.0,In Person,2023
1079,INFS8004,Enterprise Systems and Strategy,First Semester,Postgraduate,6.0,In Person,2023
1080,INFS3002,Enterprise Systems in Business,Second Semester,Undergraduate,6.0,In Person,2023
1081,MGMT3027,Entrepreneurship and Innovation,Second Semester,Undergraduate,6.0,In Person,2023
1082,MGMT8015,Entrepreneurship and Innovation,First Semester/Second Semester,Postgraduate,6.0,Online or In Person,2023
1083,ARTV2921,Environment Studio: field based research and studio practice in visual arts,First Semester/Second Semester,Undergraduate,6.0,In Person,2023
1084,ARTV6921,Environment Studio: field based research and studio practice in visual arts,First Semester/Second Semester,Postgraduate,6.0,In Person,2023
1085,PASI3013,Environment and Development in the Pacific,Second Semester,Undergraduate,6.0,In Person,2023
1086,HIST1210,Environment and History from 1945,Second Semester,Undergraduate,6.0,In Person,2023
1087,ENVS1001,Environment and Society: Geography of Sustainability,First Semester,Undergraduate,6.0,In Person,2023
1088,ENVS6101,Environment and Society: Geography of Sustainability,First Semester,Postgraduate,6.0,In Person,2023
1089,POLS3033,"Environment, Human Security, and Conflict",,Undergraduate,6.0,In Person,2023
1090,EMDV8103,Environmental Assessment,,Postgraduate,6.0,Online or In Person,2023
1091,ENGN3902,Environmental Chemistry and Systems,Second Semester,Undergraduate,6.0,In Person,2023
1092,IDEC8053,Environmental Economics,Second Semester,Postgraduate,6.0,In Person,2023
1093,ENGN3901,Environmental Fluid Mechanics,First Semester,Undergraduate,6.0,In Person,2023
1094,EMDV8104,Environmental Governance,First Semester,Postgraduate,6.0,Online or In Person,2023
1095,LAWS4215,Environmental Law,Summer Session/Second Semester,Undergraduate,6.0,Online or In Person,2023
1096,LAWS8415,Environmental Law,,Postgraduate,6.0,In Person,2023
1097,LAWS4281,Environmental Law Clinic,First Semester/Second Semester,Undergraduate,6.0,In Person,2023
1098,LAWS6281,Environmental Law Clinic,First Semester/Second Semester,Postgraduate,6.0,In Person,2023
1099,MATH3133,Environmental Mathematics,Second Semester,Undergraduate,6.0,In Person,2023
1100,ENVS2002,"Environmental Measurement, Modelling and Monitoring",Spring Session,Undergraduate,6.0,In Person,2023
1101,ENVS6202,"Environmental Measurement, Modelling and Monitoring",Spring Session,Postgraduate,6.0,In Person,2023
1102,MATH6102,Environmental Modelling and Integrated Assessment,Second Semester,Postgraduate,6.0,In Person,2023
1103,ENVS3028,Environmental Policy,First Semester,Undergraduate,6.0,In Person,2023
1104,ENVS6528,Environmental Policy,First Semester,Postgraduate,6.0,In Person,2023
1105,ENVS2018,Environmental Science Field School,Winter Session,Undergraduate,6.0,In Person,2023
1106,ENVS6218,Environmental Science Field School,Winter Session,Postgraduate,6.0,In Person,2023
1107,ENGN3903,"Environmental Sensing, Mapping and Modelling",Second Semester,Undergraduate,6.0,In Person,2023
1108,SOCY2022,Environmental Sociology,,Undergraduate,6.0,In Person,2023
1109,SOCY6062,Environmental Sociology,,Postgraduate,6.0,In Person,2023
1110,LAWS8189,Environmental and Sustainability Law,Second Semester,Postgraduate,6.0,Online or In Person,2023
1111,LAWS8335,Equity and Contemporary Issues,Summer Session,Postgraduate,6.0,Online or In Person,2023
1112,LAWS2205,Equity and Trusts,Second Semester,Undergraduate,6.0,In Person,2023
1113,LAWS6205,Equity and Trusts,Second Semester,Postgraduate,6.0,Online or In Person,2023
1114,LING4013,Essentials for Thesis Writing in Linguistics,First Semester,Undergraduate,12.0,In Person,2023
1115,LING8032,Essentials for Thesis Writing in Linguistics&nbsp;,First Semester,Postgraduate,6.0,In Person,2023
1116,LING9032,Essentials for Thesis Writing in Linguistics&nbsp;,First Semester,Postgraduate,6.0,In Person,2023
1117,ENVS3015,Essentials of Environmental Law,Winter Session,Undergraduate,6.0,Online or In Person,2023
1118,ENVS6315,Essentials of Environmental Law,Winter Session,Postgraduate,6.0,Online or In Person,2023
1119,NSPO8008,Ethical Challenges for National Security,First Semester,Postgraduate,6.0,In Person,2023
1120,PSYC8512,Ethics and Professional Practice,First Semester,Postgraduate,6.0,In Person,2023
1121,NSPO8014,Ethics and Technologies of War,,Postgraduate,6.0,In Person,2023
1122,INTR8053,Ethics of Peace and War,,Postgraduate,6.0,In Person,2023
1123,INTR8040,Ethnicity and Conflict in Asia and the Pacific,,Postgraduate,6.0,In Person,2023
1124,POLS4020,Ethnicity and Conflict in Asia and the Pacific,,Undergraduate,6.0,In Person,2023
1125,HIST2205,"Europe and the Atlantic World, c.1492–1776.",First Semester,Undergraduate,6.0,In Person,2023
1126,EURO1004,Europe in the Modern Era,First Semester,Undergraduate,6.0,In Person,2023
1127,ARCH6058,European Prehistory from Cultivation to the Celts,First Semester,Postgraduate,6.0,In Person,2023
1128,ARCH2058,European Prehistory from Cultivation to the Celts,First Semester,Undergraduate,6.0,In Person,2023
1129,LAWS2207,Evidence,Second Semester,Undergraduate,6.0,In Person,2023
1130,LAWS6207,Evidence,Second Semester,Postgraduate,6.0,Online or In Person,2023
1131,POGO8240,Evidence Based Thinking (EBT): Decision Making and Policy Development,Winter Session,Postgraduate,3.0,In Person,2023
1132,POGO8500,Evidence and Analysis in Public Policy,First Semester,Postgraduate,6.0,In Person,2023
1133,PSYC8520,Evidence in Professional Psychology,Second Semester,Postgraduate,6.0,In Person,2023
1134,MGMT8007,Evidence-Based Decision-Making and Practice in Organisations Capstone,First Semester,Postgraduate,6.0,In Person,2023
1135,MGMT7250,Evidence-Based Management,First Semester/Autumn Session/Second Semester,Postgraduate,6.0,Online or In Person,2023
1136,PASI8010,Evidence-based program design and implementation in the Pacific,,Postgraduate,6.0,Online or In Person,2023
1137,BIOL2114,Evolution,Second Semester,Undergraduate,6.0,In Person,2023
1138,BIOL6114,Evolution,Second Semester,Postgraduate,6.0,In Person,2023
1139,BIAN3124,Evolution and Human Behaviour,First Semester,Undergraduate,6.0,In Person,2023
1140,BIAN6124,Evolution and Human Behaviour,First Semester,Postgraduate,6.0,In Person,2023
1141,PHIL3079,Evolution and Human Nature,,Undergraduate,6.0,Online or In Person,2023
1142,BIOL3206,Evolution of Biodiversity,Second Semester,Undergraduate,6.0,In Person,2023
1143,BIOL6206,Evolution of Biodiversity,Second Semester,Postgraduate,6.0,In Person,2023
1144,INTR8046,Evolution of the International System,Second Semester,Postgraduate,6.0,In Person,2023
1145,SOCY2026,Excessive Appetites: Sociocultural Perspectives on Addiction and Drug Use,First Semester,Undergraduate,6.0,In Person,2023
1146,GEND2036,Excessive Appetites: Sociocultural Perspectives on Addiction and Drug Use,First Semester,Undergraduate,6.0,In Person,2023
1147,CBEA5922,ExchExchange Program ANU College of Business and Economics - Band 3,,Postgraduate,6.0,In Person,2023
1148,CBEA5920,Exchange Program ANU College of Business and Economics - Band 2,First Semester/Second Semester,Postgraduate,6.0,In Person,2023
1149,CBEA8820,Exchange Program for  ANU College of Business and Economics (PG),,Postgraduate,6.0,In Person,2023
1150,ARTS5920,Exchange Program for Arts Students,First Semester/Second Semester,Undergraduate,6.0,In Person,2023
1151,ARTS5921,Exchange Program for Arts Students (Band 1),Second Semester,Undergraduate,6.0,In Person,2023
1152,ARTS5912,Exchange Program for Arts Students (Band 12),Second Semester,Undergraduate,6.0,In Person,2023
1153,ARTS5924,Exchange Program for Arts Students (Band 14),Second Semester,Undergraduate,6.0,In Person,2023
1154,ARTS5922,Exchange Program for Arts Students (Band 2),Second Semester,Undergraduate,6.0,In Person,2023
1155,ARTS8820,Exchange Program for Graduate Arts Students,First Semester/Second Semester,Postgraduate,6.0,In Person,2023
1156,SCNC8820,Exchange Program for Graduate Science Students,Summer Session/First Semester/Autumn Session/Winter Session/Second Semester/Spring Session,Postgraduate,6.0,In Person,2023
1157,COMP8820,Exchange Program for Graduate Students in Computer Science,First Semester/Second Semester,Postgraduate,6.0,In Person,2023
1158,ENGN8820,Exchange Program for Graduate Students in Engineering,,Postgraduate,6.0,In Person,2023
1159,LAWS5920,Exchange Program for Law Students,First Semester/Second Semester,Undergraduate,6.0,In Person,2023
1160,SCNC5921,Exchange Program for Science Students (Band 1),First Semester/Second Semester,Undergraduate,6.0,In Person,2023
1161,SCNC5920,Exchange Program for Science Students (Band 2),First Semester/Winter Session/Second Semester,Undergraduate,6.0,In Person,2023
1162,COMP5920,Exchange Program in Computer Science,First Semester/Second Semester,Undergraduate,6.0,In Person,2023
1163,ENGN5920,Exchange Program in Engineering,First Semester/Winter Session/Second Semester/Spring Session,Undergraduate,6.0,In Person,2023
1164,CBEA5921,Exchange – ANU College of Business and Economics _ Bachelor of Social Sciences (Honours),First Semester/Second Semester,Postgraduate,6.0,In Person,2023
1165,LAWS8241,Executive Power,Spring Session,Postgraduate,6.0,Online or In Person,2023
1166,MUSC8018,Exhibition Design and Delivery,First Semester,Postgraduate,6.0,In Person,2023
1167,ARTV1611,Expanded Studio Practice: Constructing Worlds,Second Semester,Undergraduate,6.0,In Person,2023
1168,BIOL6202,Experimental Design and Analysis in Biology,Second Semester,Postgraduate,6.0,In Person,2023
1169,BIOL2202,Experimental Design and Analysis in Biology,Second Semester,Undergraduate,6.0,In Person,2023
1170,HIST2231,Exploration: From Captain Cook to the Astronauts,,Undergraduate,6.0,Online or In Person,2023
1171,BUSI3024,Export Business Planning,Second Semester,Undergraduate,6.0,In Person,2023
1172,MEDN2222,Exquisite Corpse - Insight into the Human Body,Winter Session,Undergraduate,6.0,In Person,2023
1173,ACST6500,Extension Topics in Actuarial Studies,First Semester/Second Semester,Postgraduate,6.0,In Person,2023
1174,LAWS4217,Family Law,,Undergraduate,6.0,Online or In Person,2023
1175,LAWS8417,Family Law,,Postgraduate,6.0,In Person,2023
1176,LAWS4275,Federal Judicial System,Second Semester,Undergraduate,6.0,In Person,2023
1177,LAWS4218,Feminist and Critical Legal Theory,,Undergraduate,6.0,Online or In Person,2023
1178,LING6009,Field Methods in Linguistics,Winter Session,Postgraduate,6.0,Online or In Person,2023
1179,LING3012,Field Methods in Linguistics,Winter Session,Undergraduate,6.0,Online or In Person,2023
1180,BIOL6010,Field Studies in Behavioural Ecology,,Postgraduate,6.0,In Person,2023
1181,BIOL3132,Field Studies in Behavioural Ecology,,Undergraduate,6.0,In Person,2023
1182,BIOL2203,Field Studies in Functional Ecology,Spring Session,Undergraduate,6.0,In Person,2023
1183,ANTH9902,Fieldwork in the Pacific,Winter Session,Postgraduate,6.0,Online or In Person,2023
1184,ARTV6020,Figure & Life,,Postgraduate,6.0,In Person,2023
1185,SCRN2003,Film and History: Hollywood and Beyond,,Undergraduate,6.0,In Person,2023
1186,HONS4100,Final Honours Grade,First Semester/Second Semester,Undergraduate,0.0,In Person,2023
1187,HONS4601,Final Honours Grade,Summer Session/First Semester/Second Semester,Undergraduate,0.0,In Person,2023
1188,HONS4602,Final Honours Grade,Summer Session/First Semester/Autumn Session/Winter Session/Second Semester,Undergraduate,0.0,In Person,2023
1189,FINM4500,Finance Honours Thesis,First Semester/Second Semester,Undergraduate,6.0,In Person,2023
1190,FINM7046,Finance for Business,First Semester,Postgraduate,6.0,In Person,2023
1191,LAWS8596,Financial Crime Law,Autumn Session,Postgraduate,6.0,Online or In Person,2023
1192,ECON4437,Financial Economics,Second Semester,Undergraduate,6.0,In Person,2023
1193,ECON8037,Financial Economics,Second Semester,Postgraduate,6.0,In Person,2023
1194,ECON3006,Financial Economics,Second Semester,Undergraduate,6.0,In Person,2023
1195,FINM3006,Financial Intermediation and Debt Markets,First Semester,Undergraduate,6.0,In Person,2023
1196,IDEC8083,Financial Markets and Instruments,,Postgraduate,6.0,In Person,2023
1197,LAWS4237,Financial Markets and Takeovers,Second Semester,Undergraduate,6.0,In Person,2023
1198,LAWS8437,Financial Markets and Takeovers,Second Semester,Postgraduate,6.0,Online or In Person,2023
1199,STAT2032,Financial Mathematics,First Semester/Second Semester,Undergraduate,6.0,In Person,2023
1200,STAT6046,Financial Mathematics,First Semester/Second Semester,Postgraduate,6.0,In Person,2023
1201,BUSN3008,Financial Reporting By Corporations,First Semester,Undergraduate,6.0,In Person,2023
1202,BUSN6008,Financial Reporting By Corporations,First Semester,Postgraduate,6.0,In Person,2023
1203,BUSN8181,Financial Reporting and Analysis,First Semester,Postgraduate,6.0,In Person,2023
1204,BUSN2036,Financial Statement Analysis,First Semester,Undergraduate,6.0,In Person,2023
1205,BUSN7036,Financial Statement Analysis,First Semester,Postgraduate,6.0,In Person,2023
1206,BUSN7008,Financial Statements and Reporting,First Semester/Second Semester,Postgraduate,6.0,In Person,2023
1207,ENGN6615,Finite Element Analysis,,Postgraduate,6.0,In Person,2023
1208,ENGN4615,Finite Element Analysis,,Undergraduate,6.0,In Person,2023
1209,ENVS3008,Fire in the Environment,,Undergraduate,6.0,In Person,2023
1210,ENVS6308,Fire in the Environment,,Postgraduate,6.0,In Person,2023
1211,ENVS2004,"Fire, Flood and Drought",,Undergraduate,6.0,In Person,2023
1212,ENVS6204,"Fire, Flood and Drought",,Postgraduate,6.0,In Person,2023
1213,INDG8004,First Nations Peoples and Public Policy in Australia,Second Semester,Postgraduate,6.0,Online or In Person,2023
1214,INDG8005,First Nations Peoples and Public Policy in Australia (Advanced),Second Semester,Postgraduate,12.0,Online or In Person,2023
1215,INDG3001,"First Nations Peoples, the State and Public Policy in Australia",Second Semester,Undergraduate,6.0,Online or In Person,2023
1216,INDG3006,"First Peoples and Research Methods: Practice, Collaboration and Ethics",,Undergraduate,6.0,In Person,2023
1217,INDG3007,First Peoples' Social Justice Internship,,Undergraduate,6.0,In Person,2023
1218,INDG3003,First Peoples' economic self-determination and prosperity in the Australian economy,Second Semester,Undergraduate,6.0,In Person,2023
1219,ENGN4337,Flight Dynamics,First Semester,Undergraduate,6.0,In Person,2023
1220,ENGN6224,Fluid Mechanics and Heat Transfer,First Semester,Postgraduate,6.0,In Person,2023
1221,ENGN3224,Fluid Mechanics and Heat Transfer,First Semester,Undergraduate,6.0,In Person,2023
1222,PHYS3202,Fluids and Plasma,,Undergraduate,6.0,In Person,2023
1223,EMDV8082,Food Wars: Food Security and Agricultural Policy,Second Semester,Postgraduate,6.0,Online or In Person,2023
1224,ANTH2132,Food for Thought: Anthropological Theories of Food and Eating,,Undergraduate,6.0,In Person,2023
1225,ANTH6518,Food for Thought: Anthropological theories of food and eating,,Postgraduate,6.0,In Person,2023
1226,POGO8015,Foreign Direct Investment Policy,Second Semester,Postgraduate,6.0,In Person,2023
1227,INTR8068,Foreign Policy Analysis,First Semester/Second Semester,Postgraduate,6.0,Online or In Person,2023
1228,POLS3001,Foreign Policy Analysis,First Semester,Undergraduate,6.0,In Person,2023
1229,BUSN8067,Forensic Accounting,First Semester,Postgraduate,6.0,In Person,2023
1230,BIAN2128,Forensic Anthropology and Archaeology,Second Semester,Undergraduate,6.0,In Person,2023
1231,BIAN6515,Forensic Anthropology and Archaeology,Second Semester,Postgraduate,6.0,In Person,2023
1232,LING3032,Forensic Linguistics: Forensic Voice and Text Comparison,First Semester,Undergraduate,6.0,Online or In Person,2023
1233,LING6032,Forensic Linguistics: Forensic Voice and Text Comparison,First Semester,Postgraduate,6.0,In Person,2023
1234,LING6105,Forensic Linguistics: Language and the Law,,Postgraduate,6.0,Online or In Person,2023
1235,LING2105,Forensic Linguistics: Language and the Law,,Undergraduate,6.0,Online or In Person,2023
1236,ENVS8105,Forestry Research Essay,First Semester/Second Semester,Postgraduate,6.0,In Person,2023
1237,POGO8401,Foundations in Public Policy,First Semester,Postgraduate,6.0,Online or In Person,2023
1238,ARTV6613,Foundations of Animation,,Postgraduate,6.0,In Person,2023
1239,ARTV1613,Foundations of Animation,,Undergraduate,6.0,In Person,2023
1240,ASTR2013,Foundations of Astrophysics,Second Semester,Undergraduate,6.0,In Person,2023
1241,LAWS6101,Foundations of Australian Law,First Semester/Second Semester,Postgraduate,6.0,Online or In Person,2023
1242,LAWS1201,Foundations of Australian Law,First Semester/Second Semester,Undergraduate,6.0,In Person,2023
1243,ASIA2366,Foundations of Chinese Culture,Second Semester,Undergraduate,6.0,In Person,2023
1244,COMP6260,Foundations of Computing,Second Semester,Postgraduate,6.0,In Person,2023
1245,COMP1600,Foundations of Computing,Second Semester,Undergraduate,6.0,In Person,2023
1246,ARTV1034,Foundations of Contemporary Arts Practices,First Semester,Undergraduate,6.0,In Person,2023
1247,DESN2002,Foundations of Creative Code,First Semester,Undergraduate,6.0,In Person,2023
1248,DESN6002,Foundations of Creative Code,First Semester,Postgraduate,6.0,In Person,2023
1249,EMET1001,Foundations of Economic and Financial Models,First Semester/Second Semester,Undergraduate,6.0,In Person,2023
1250,FINM1001,Foundations of Finance,First Semester/Second Semester,Undergraduate,6.0,In Person,2023
1251,FINM3015,Foundations of Fintech,Second Semester,Undergraduate,6.0,In Person,2023
1252,MATH8343,Foundations of Mathematics,First Semester,Postgraduate,6.0,In Person,2023
1253,MATH4343,Foundations of Mathematics,First Semester,Undergraduate,6.0,In Person,2023
1254,CHEM2212,Foundations of Physical Chemistry,,Undergraduate,6.0,In Person,2023
1255,PHYS1001,Foundations of Physics,First Semester,Undergraduate,6.0,In Person,2023
1256,PSYC8410,Foundations of Professional Psychology,First Semester,Postgraduate,6.0,In Person,2023
1257,SOCR1001,Foundations of Social Research,Second Semester,Undergraduate,6.0,In Person,2023
1258,LING8004,Foundations of the Study of Language,First Semester,Postgraduate,6.0,Online or In Person,2023
1259,MATH3062,Fractal Geometry and Chaotic Dynamics,First Semester,Undergraduate,6.0,In Person,2023
1260,MATH6116,Fractal Geometry and Chaotic Dynamics,First Semester,Postgraduate,6.0,In Person,2023
1261,CECS6001,Framing Questions about Cybernetic Systems,First Semester,Postgraduate,6.0,In Person,2023
1262,LAWS8243,Freedom of Information and Privacy,First Semester,Postgraduate,6.0,Online or In Person,2023
1263,FREN3108,From Colonialism to Cinéma-monde: Films of the French-speaking World,Second Semester,Undergraduate,6.0,In Person,2023
1264,SCRN2108,From Colonialism to Cinéma-monde: Films of the French-speaking World,,Undergraduate,6.0,In Person,2023
1265,ARCH6037,From Empire to Invasions: The Archaeology of Europe from the Romans to the Vikings,,Postgraduate,6.0,Online or In Person,2023
1266,ARCH2037,From Empire to Invasions: the Archaeology of Europe from the Romans to the Vikings,,Undergraduate,6.0,Online or In Person,2023
1267,ARCH1112,From Origins to Civilizations,Second Semester,Undergraduate,6.0,In Person,2023
1268,DESN6006,Front-End Web: Crafting Online Experience,Second Semester,Postgraduate,6.0,In Person,2023
1269,DESN2006,Front-End Web: Crafting Online Experience,Second Semester,Undergraduate,6.0,In Person,2023
1270,PHIL1004,Fundamental Ideas in Philosophy: An Introduction,First Semester,Undergraduate,6.0,In Person,2023
1271,EMSC2021,Fundamentals of Climate Science,Second Semester,Undergraduate,6.0,In Person,2023
1272,EMSC6021,Fundamentals of Climate Science,Second Semester,Postgraduate,6.0,In Person,2023
1273,POPH8100,Fundamentals of Epidemiology,First Semester,Postgraduate,6.0,Online or In Person,2023
1274,POPH4100,Fundamentals of Epidemiology,First Semester,Undergraduate,6.0,Online or In Person,2023
1275,EMSC2023,Fundamentals of Geology,First Semester,Undergraduate,6.0,In Person,2023
1276,EMSC6123,Fundamentals of Geology,First Semester,Postgraduate,6.0,In Person,2023
1277,POGO8238,Fundamentals of Intergovernmental Management,,Postgraduate,3.0,In Person,2023
1278,PHYS3711,Fundamentals of Noise and Measurement,First Semester,Undergraduate,6.0,In Person,2023
1279,PHYS6711,Fundamentals of Noise and Measurement,First Semester,Postgraduate,6.0,In Person,2023
1280,PHYS8204,Fundamentals of Nuclear Radiation,First Semester,Postgraduate,6.0,In Person,2023
1281,PHYS8201,Fundamentals of Nuclear Science,First Semester,Postgraduate,6.0,In Person,2023
1282,REGN8021,Fundamentals of Quantitative Analysis for Regulators,Autumn Session,Postgraduate,3.0,Online or In Person,2023
1283,ASIA4001,"Fundamentals of Research Design in Asia-Pacific Culture, History and Languages",First Semester,Undergraduate,12.0,In Person,2023
1284,STST4001,Fundamentals of Research Design in Security Studies,First Semester,Undergraduate,12.0,In Person,2023
1285,POGO8097,Fundamentals of child-centred policy-making,,Postgraduate,3.0,Online or In Person,2023
1286,REGN9021,Fundamentals of quantitative analysis for regulators,Autumn Session,Postgraduate,3.0,In Person,2023
1287,ARTV2209,Furniture: Collect/Treasure,,Undergraduate,6.0,In Person,2023
1288,ARTV2208,Furniture: Contain/Display,,Undergraduate,6.0,In Person,2023
1289,ARTV1202,Furniture: Elevate/Surface,,Undergraduate,6.0,In Person,2023
1290,ARTV1201,Furniture: Shape/Structure,,Undergraduate,6.0,In Person,2023
1291,ARTV2207,Furniture: Support/Body,,Undergraduate,6.0,In Person,2023
1292,ENVS6015,GIS and Spatial Analysis,Second Semester,Postgraduate,6.0,In Person,2023
1293,ENVS2015,GIS and Spatial Analysis,Second Semester,Undergraduate,6.0,In Person,2023
1294,ASTR4006,Galaxies,,Undergraduate,6.0,In Person,2023
1295,ASTR8006,Galaxies,,Postgraduate,6.0,In Person,2023
1296,ASTR3002,Galaxies and Cosmology,Second Semester,Undergraduate,6.0,In Person,2023
1297,ASTR6002,Galaxies and Cosmology,Second Semester,Postgraduate,6.0,In Person,2023
1298,MEAS2006,Gallipoli: A transnational history,,Undergraduate,6.0,In Person,2023
1299,COMP3540,Game Development,Second Semester,Undergraduate,6.0,In Person,2023
1300,COMP6540,Game Development,Second Semester,Postgraduate,6.0,In Person,2023
1301,ECON4453,Game Theory,,Undergraduate,6.0,In Person,2023
1302,ECON8053,Game Theory,,Postgraduate,6.0,In Person,2023
1303,ECON3152,Game Theory,,Undergraduate,6.0,In Person,2023
1304,POLS2125,Game Theory and Social Sciences,First Semester,Undergraduate,6.0,Online or In Person,2023
1305,MATH2301,"Games, Graphs and Machines",Second Semester,Undergraduate,6.0,In Person,2023
1306,INDG2003,Gamilaraay - introduction to an Australian Indigenous Language,First Semester,Undergraduate,6.0,Online or In Person,2023
1307,ANTH8038,Gender & Development: Critical Issues in Policy & Practice,First Semester,Postgraduate,6.0,Online or In Person,2023
1308,ANTH8039,Gender & Development: Critical Issues in Policy & Practice (Advanced),First Semester,Postgraduate,12.0,Online or In Person,2023
1309,POGO8230,Gender Analysis in Public Policy,Winter Session,Postgraduate,3.0,In Person,2023
1310,GEND2001,Gender and Cultural Studies in Asia and the Pacific,First Semester,Undergraduate,6.0,Online or In Person,2023
1311,ASIA2311,Gender and Cultural Studies in Asia and the Pacific,First Semester,Undergraduate,6.0,Online or In Person,2023
1312,MEAS2005,Gender and Culture In Iran and the Middle East,First Semester,Undergraduate,6.0,In Person,2023
1313,PASI8314,Gender and Leadership in the Pacific,,Postgraduate,3.0,Online or In Person,2023
1314,POLS2134,Gender and Politics,,Undergraduate,6.0,In Person,2023
1315,DEMO8048,Gender and Population,,Postgraduate,6.0,In Person,2023
1316,NSPO8040,Gender and Security,,Postgraduate,3.0,In Person,2023
1317,GEND3002,Gender and Sexuality in the Pacific,Winter Session,Undergraduate,6.0,Online or In Person,2023
1318,PASI3002,Gender and Sexuality in the Pacific,Winter Session,Undergraduate,6.0,Online or In Person,2023
1319,PASI8008,Gender and Sexuality in the Pacific,Winter Session,Postgraduate,6.0,Online or In Person,2023
1320,ANTH6025,Gender in Cross-Cultural Perspective,Second Semester,Postgraduate,6.0,In Person,2023
1321,ANTH2025,Gender in Cross-Cultural Perspective,Second Semester,Undergraduate,6.0,In Person,2023
1322,GEND2035,Gender in Cross-Cultural Perspective,Second Semester,Undergraduate,6.0,In Person,2023
1323,ASIA2006,Gender in Korean History,Second Semester,Undergraduate,6.0,In Person,2023
1324,ASIA6106,Gender in Korean History,Second Semester,Postgraduate,6.0,Online or In Person,2023
1325,GEND2002,Gender in Korean History,Second Semester,Undergraduate,6.0,Online or In Person,2023
1326,ANTH8060,Gender in Resource and Environmental Management,,Postgraduate,6.0,Online or In Person,2023
1327,LAWS8329,"Gender, Law and Development",Summer Session,Postgraduate,6.0,Online or In Person,2023
1328,GEND2023,"Gender, Sex and Sexuality: An Introduction to Feminist Theory",Second Semester,Undergraduate,6.0,In Person,2023
1329,ANTH8106,"Gender, Violence and Development",,Postgraduate,6.0,Online or In Person,2023
1330,INTR8064,"Gender, War, and Justice in South and Southeast Asia",First Semester,Postgraduate,6.0,In Person,2023
1331,BIOL6142,General Microbiology,Second Semester,Postgraduate,6.0,In Person,2023
1332,BIOL2142,General Microbiology,Second Semester,Undergraduate,6.0,In Person,2023
1333,PHYS3203,General Relativity,Second Semester,Undergraduate,6.0,In Person,2023
1334,PHYS6203,General Relativity,Second Semester,Postgraduate,6.0,In Person,2023
1335,STAT6030,Generalised Linear Modelling,Summer Session/Second Semester,Postgraduate,6.0,In Person,2023
1336,STAT4030,Generalised Linear Models,Second Semester,Undergraduate,6.0,In Person,2023
1337,STAT3015,Generalised Linear Models,Second Semester,Undergraduate,6.0,In Person,2023
1338,BIOL6161,Genes: Replication and Expression,First Semester,Postgraduate,6.0,In Person,2023
1339,BIOL2161,Genes: Replication and Expression,First Semester,Undergraduate,6.0,In Person,2023
1340,BIOL2151,Genetics,First Semester,Undergraduate,6.0,In Person,2023
1341,BIOL6006,Genetics,First Semester,Postgraduate,6.0,In Person,2023
1342,BIOL3204,Genetics of Human Disease 1,First Semester,Undergraduate,6.0,In Person,2023
1343,BIOL6204,Genetics of Human Disease 1,First Semester,Postgraduate,6.0,In Person,2023
1344,BIOL6205,Genetics of Human Disease 2,Second Semester,Postgraduate,6.0,In Person,2023
1345,BIOL3205,Genetics of Human Disease 2,Second Semester,Undergraduate,6.0,In Person,2023
1346,POLS2100,Genocide in the Modern World,,Undergraduate,6.0,In Person,2023
1347,BIOL3161,Genomics and its Applications,First Semester,Undergraduate,6.0,In Person,2023
1348,BIOL6163,Genomics and its Applications,First Semester,Postgraduate,6.0,In Person,2023
1349,EMSC3020,Geobiology and Evolution of Life on Earth,First Semester,Undergraduate,6.0,In Person,2023
1350,EMSC6019,Geobiology and Evolution of Life on Earth,First Semester,Postgraduate,6.0,In Person,2023
1351,EMSC6124,Geochemical Cycles,Second Semester,Postgraduate,6.0,In Person,2023
1352,EMSC2024,Geochemical Cycles,Second Semester,Undergraduate,6.0,In Person,2023
1353,NSPO8032,Geoeconomics and National Security,First Semester,Postgraduate,6.0,Online or In Person,2023
1354,MEAS8114,Geopolitics of Central Asia,Second Semester,Postgraduate,6.0,In Person,2023
1355,GERM2114,German Cultural Studies,,Undergraduate,6.0,In Person,2023
1356,GERM3114,German Cultural Studies Advanced,,Undergraduate,6.0,In Person,2023
1357,GERM2113,"German Film Since the Wall: Identity, History and Belonging",Second Semester,Undergraduate,6.0,In Person,2023
1358,SCRN2113,"German Film Since the Wall: Identity, History and Belonging",Second Semester,Undergraduate,6.0,In Person,2023
1359,SCRN6113,"German Film Since the Wall: Identity, History and Belonging",Second Semester,Postgraduate,6.0,In Person,2023
1360,GERM3051,German Literature and Culture,First Semester,Undergraduate,6.0,In Person,2023
1361,GERM3007,German Studies: Advanced German 1,First Semester,Undergraduate,6.0,In Person,2023
1362,GERM3008,German Studies: Advanced German 2,Second Semester,Undergraduate,6.0,In Person,2023
1363,GERM2103,German Studies: Continuing German 1,First Semester,Undergraduate,6.0,Online or In Person,2023
1364,GERM2104,German Studies: Continuing German 2,Second Semester,Undergraduate,6.0,In Person,2023
1365,GERM2105,German Studies: Intermediate German 1,First Semester,Undergraduate,6.0,Online or In Person,2023
1366,GERM3106,German Studies: Intermediate German 2,Second Semester,Undergraduate,6.0,In Person,2023
1367,GERM1021,German Studies: Introduction to German 1,First Semester,Undergraduate,6.0,In Person,2023
1368,GERM1022,German Studies: Introduction to German 2,Second Semester,Undergraduate,6.0,In Person,2023
1369,ARTV2314,Glass Blowing for Contemporary Practice: Materiality and Form,,Undergraduate,6.0,In Person,2023
1370,ARTV2316,Glass Blowing for Contemporary Practice: Utility and Narrative,Second Semester,Undergraduate,6.0,In Person,2023
1371,ARTV1301,Glass Hot Forming Introduction: Fundamentals for Contemporary Practice,First Semester,Undergraduate,6.0,In Person,2023
1372,ARTV2313,Glass Kiln Casting for Contemporary Practice,First Semester,Undergraduate,6.0,In Person,2023
1373,ARTV1302,Glass Kiln Forming Introduction: Fundamentals for Contemporary Practice,Second Semester,Undergraduate,6.0,In Person,2023
1374,ARTV2315,Glass Kiln Forming for Contemporary Practice,,Undergraduate,6.0,In Person,2023
1375,CBEA3066,Global Business Immersion,,Undergraduate,6.0,In Person,2023
1376,ANTH1003,"Global Citizen: Culture, Development and Inequality",Second Semester,Undergraduate,6.0,In Person,2023
1377,ANTH6003,"Global Citizen: Culture, Development and Inequality",Second Semester,Postgraduate,6.0,In Person,2023
1378,INTR8080,Global Ethics,First Semester,Postgraduate,6.0,Online or In Person,2023
1379,SCNC1002,Global Experiences in Science,Summer Session/Autumn Session/Spring Session,Undergraduate,6.0,In Person,2023
1380,INTR8045,Global Governance,,Postgraduate,6.0,In Person,2023
1381,BAPA3002,Global Governance in the Asia-Pacific,Spring Session,Undergraduate,6.0,In Person,2023
1382,INTR3002,Global Governance in the Asia-Pacific,Second Semester,Undergraduate,6.0,In Person,2023
1383,LAWS8582,Global Health Law,Autumn Session,Postgraduate,6.0,Online or In Person,2023
1384,CHMD8006,Global Health and Development,,Postgraduate,6.0,Online or In Person,2023
1385,PHIL2113,Global Justice,,Undergraduate,6.0,In Person,2023
1386,ASIA2097,Global Learning,Winter Session,Undergraduate,6.0,In Person,2023
1387,ASIA8097,Global Learning,First Semester/Winter Session,Postgraduate,6.0,In Person,2023
1388,MKTG7035,Global Marketing,Second Semester,Postgraduate,6.0,In Person,2023
1389,FREN3012,"Global Paris: Culture, History and Identity in the French Capital",Spring Session,Undergraduate,6.0,In Person,2023
1390,POPH8102,Global Population Health,Second Semester,Postgraduate,6.0,Online or In Person,2023
1391,HUMN2021,Global Rome: Culture and Identity in the Italian Capital,,Undergraduate,6.0,In Person,2023
1392,ITAL3021,Global Rome: Culture and Identity in the Italian Capital,,Undergraduate,6.0,In Person,2023
1393,INTR8032,Global Security,First Semester,Postgraduate,6.0,In Person,2023
1394,ASIA5925,Global Semester,First Semester/Second Semester,Undergraduate,6.0,In Person,2023
1395,POGO8044,Global Social Policy,Summer Session,Postgraduate,6.0,In Person,2023
1396,HUMN2004,"Global Vietnam: Gender, Labour and Migration",Spring Session,Undergraduate,6.0,In Person,2023
1397,HUMN6004,"Global Vietnam: Gender, Labour and Migration",Spring Session,Postgraduate,6.0,In Person,2023
1398,ANTH8107,Global governance and the role of Multilateral Development Banks,,Postgraduate,6.0,Online or In Person,2023
1399,DEMO1001,Global population challenges,First Semester,Undergraduate,6.0,In Person,2023
1400,INTR8043,Globalisation and Development in the Contemporary Pacific,First Semester,Postgraduate,6.0,Online or In Person,2023
1401,POLS4032,Globalisation: the Interaction of Economics and Politics,First Semester,Undergraduate,6.0,In Person,2023
1402,POLS8032,Globalisation: the Interaction of Economics and Politics,First Semester,Postgraduate,6.0,In Person,2023
1403,GEND6034,"Going Public: Sex, Sexuality and Feminism",,Postgraduate,6.0,In Person,2023
1404,GEND2034,"Going Public: Sex, Sexuality and Feminism",,Undergraduate,6.0,In Person,2023
1405,SOCY2010,"Going Public: Sex, Sexuality and Feminism",,Undergraduate,6.0,In Person,2023
1406,REGN8002,Governance and Social Theory,Autumn Session,Postgraduate,6.0,Online or In Person,2023
1407,REGN9053,Governance and Social Theory,Autumn Session,Postgraduate,6.0,In Person,2023
1408,REGN8022,Governance in a Complex and Uncertain World,,Postgraduate,6.0,Online or In Person,2023
1409,REGN8018,Governing Consumptagenic Systems,Winter Session,Postgraduate,3.0,Online or In Person,2023
1410,POGO8504,Governing Contemporary Public Policy,,Postgraduate,6.0,In Person,2023
1411,REGN8023,Governing Global Migration,Second Semester,Postgraduate,6.0,Online or In Person,2023
1412,POGO8066,Governing by the Rules,Autumn Session,Postgraduate,6.0,In Person,2023
1413,POGO8212,Governing the Energy Transition,Second Semester,Postgraduate,6.0,Online or In Person,2023
1414,LAWS8220,Government Contracts,,Postgraduate,6.0,Online or In Person,2023
1415,MGMT7067,Government Decision Making and Indigenous Communities in Contemporary Society,Summer Session,Postgraduate,6.0,Online or In Person,2023
1416,POGO8064,Government in a Market Economy,Autumn Session,Postgraduate,6.0,In Person,2023
1417,CRWF8000,"Government, Markets and Global Change",First Semester,Postgraduate,6.0,In Person,2023
1418,CRWF7900,Graduate Academic and Research Skills for Public Policy,Summer Session/Winter Session,Postgraduate,0.0,In Person,2023
1419,MUSI8005,"Graduate Composition, Arranging, and Sound Design 2",,Postgraduate,12.0,In Person,2023
1420,MUSI8006,"Graduate Composition, Arranging, and Sound Design 3",Second Semester,Postgraduate,12.0,In Person,2023
1421,EMET4316,Graduate Computational Economics,,Undergraduate,6.0,In Person,2023
1422,EMET8016,Graduate Computational Economics,,Postgraduate,6.0,In Person,2023
1423,IDEC7904,Graduate Preparatory Econometrics,Winter Session,Postgraduate,0.0,In Person,2023
1424,CRWF7902,Graduate Preparatory Economics for Public Policy,Summer Session/Winter Session,Postgraduate,0.0,Online or In Person,2023
1425,EMDV7901,"Graduate Preparatory Environment, Development and Climate Studies",Summer Session/Winter Session,Postgraduate,0.0,Online or In Person,2023
1426,EMDV7902,Graduate Preparatory Environmental Economics,,Postgraduate,0.0,In Person,2023
1427,IDEC7903,Graduate Preparatory Macroeconomics,Winter Session,Postgraduate,0.0,In Person,2023
1428,IDEC7902,Graduate Preparatory Mathematical Methods,Summer Session,Postgraduate,0.0,Online or In Person,2023
1429,IDEC7901,Graduate Preparatory Microeconomics,Summer Session,Postgraduate,0.0,In Person,2023
1430,POGO7901,"Graduate Preparatory Social, Political and Policy Analysis",Summer Session/Winter Session,Postgraduate,0.0,Online or In Person,2023
1431,ANTH8001,Graduate Reading Course (Anthropology),First Semester/Second Semester,Postgraduate,6.0,Online or In Person,2023
1432,LING8001,Graduate Reading Course (Linguistics),First Semester/Second Semester,Postgraduate,6.0,Online or In Person,2023
1433,CLAS8002,Graduate Reading Course A,,Postgraduate,6.0,In Person,2023
1434,ARCH8038,Graduate Reading Course in Archaeological Science,Summer Session/First Semester/Autumn Session/Winter Session/Second Semester/Spring Session,Postgraduate,6.0,Online or In Person,2023
1435,LAWS8301,Graduate Research Unit,First Semester/Second Semester,Postgraduate,12.0,In Person,2023
1436,LING6003,Grammar of the World's Languages,Second Semester,Postgraduate,6.0,In Person,2023
1437,LING2003,Grammar of the World's Languages,Second Semester,Undergraduate,6.0,In Person,2023
1438,STAT4026,Graphical Data Analysis,Second Semester,Undergraduate,6.0,In Person,2023
1439,STAT3011,Graphical Data Analysis,Second Semester,Undergraduate,6.0,In Person,2023
1440,STAT6026,Graphical Data Analysis,Autumn Session/Second Semester,Postgraduate,6.0,In Person,2023
1441,ENGL6222,"Great Writers: Gender, Authorship and History",Second Semester,Postgraduate,6.0,In Person,2023
1442,ENGL2222,"Great Writers: Gender, Authorship and History",Second Semester,Undergraduate,6.0,In Person,2023
1443,ENGN4547,Grid Integration of Renewable and Storage Technologies,Second Semester,Undergraduate,6.0,In Person,2023
1444,EMSC3025,Groundwater,Second Semester,Undergraduate,6.0,In Person,2023
1445,EMSC6025,Groundwater,Second Semester,Postgraduate,6.0,In Person,2023
1446,ENGN8170,Group Project,First Semester/Second Semester,Postgraduate,12.0,In Person,2023
1447,VCPG6100,Group Research and Innovation Project (GRIP),First Semester,Postgraduate,6.0,In Person,2023
1448,VCUG3100,Group Research and Innovation Project (GRIP),First Semester/Second Semester,Undergraduate,6.0,In Person,2023
1449,BIOL3108,Hallmarks of Cancer,Second Semester,Undergraduate,6.0,In Person,2023
1450,BIOL6108,Hallmarks of Cancer,Second Semester,Postgraduate,6.0,In Person,2023
1451,ARTV2057,Hands On: Emerging Material Language,Second Semester,Undergraduate,6.0,In Person,2023
1452,ARTV6057,Hands On: Material Language,,Postgraduate,6.0,Online or In Person,2023
1453,DIPL8010,Harnessing Diplomacy for International Development,,Postgraduate,6.0,In Person,2023
1454,ECON6039,Health Economics,Second Semester,Postgraduate,6.0,In Person,2023
1455,ECON3004,Health Economics,Second Semester,Undergraduate,6.0,In Person,2023
1456,LAWS8237,Health Law and Bioethics,,Postgraduate,6.0,In Person,2023
1457,LAWS4219,"Health Law, Bioethics and Human Rights",,Undergraduate,6.0,In Person,2023
1458,SCOM3033,Health Promotion Principles and Practice,Second Semester,Undergraduate,6.0,In Person,2023
1459,POPH6115,Health Promotion and Protection,Second Semester,Postgraduate,6.0,Online or In Person,2023
1460,PSYC3020,Health Psychology,Second Semester,Undergraduate,6.0,In Person,2023
1461,HLTH2001,Health Systems and Policy: An Introduction,First Semester,Undergraduate,6.0,In Person,2023
1462,BIOL8021,Health and Disease in a Changing World,First Semester,Postgraduate,6.0,Online,2023
1463,HLTH4001,Health and Medicine Honours,First Semester/Second Semester,Undergraduate,6.0,In Person,2023
1464,HLTH1001,Health in the 21st Century,First Semester,Undergraduate,6.0,In Person,2023
1465,COMP3320,High Performance Scientific Computation,Second Semester,Undergraduate,6.0,In Person,2023
1466,COMP6464,High Performance Scientific Computing,Second Semester,Postgraduate,6.0,In Person,2023
1467,MGMT7061,High Performance Teams,First Semester,Postgraduate,6.0,In Person,2023
1468,HIND1100,Hindi 1,First Semester,Undergraduate,6.0,Online or In Person,2023
1469,HIND1200,Hindi 2,Second Semester,Undergraduate,6.0,Online or In Person,2023
1470,HIND2300,Hindi 3,First Semester,Undergraduate,6.0,Online or In Person,2023
1471,HIND2400,Hindi 4,Second Semester,Undergraduate,6.0,Online or In Person,2023
1472,HIND3500,Hindi 5,First Semester,Undergraduate,6.0,Online or In Person,2023
1473,HIND3600,Hindi 6,Second Semester,Undergraduate,6.0,Online or In Person,2023
1474,NSPO8028,History for Policymakers,Second Semester,Postgraduate,6.0,In Person,2023
1475,ANTH4011,History of Anthropological Theory Extended,Autumn Session,Undergraduate,12.0,In Person,2023
1476,ANTH8035,History of Anthropological Theory Extended,,Postgraduate,12.0,In Person,2023
1477,ARCH3026,History of Archaeology: Discovering the Past,,Undergraduate,6.0,In Person,2023
1478,ASIA2307,History of Empire in Asia,First Semester,Undergraduate,6.0,Online or In Person,2023
1479,ASIA2017,History of International Relations in Northeast Asia,First Semester,Undergraduate,6.0,Online or In Person,2023
1480,ASIA2037,History of Modern China,First Semester,Undergraduate,6.0,Online or In Person,2023
1481,ASIA6037,History of Modern China,First Semester,Postgraduate,6.0,Online or In Person,2023
1482,SPAN2603,History of the Spanish language. A linguistic time travel,Second Semester,Undergraduate,6.0,In Person,2023
1483,ASIA3030,History of the State System in Southeast Asia,Second Semester,Undergraduate,6.0,In Person,2023
1484,ASIA6030,History of the State System in Southeast Asia,Second Semester,Postgraduate,6.0,Online or In Person,2023
1485,ARTV1033,Hold Everything: Studio Foundation,,Undergraduate,6.0,Online or In Person,2023
1486,STST3003,Honeypots and Overcoats: Australian Intelligence in the World,First Semester,Undergraduate,6.0,In Person,2023
1487,PHYS4110,Honours Research Project,First Semester/Second Semester,Undergraduate,6.0,In Person,2023
1488,ENVS4001,Honours Research Skills,First Semester/Second Semester,Undergraduate,6.0,In Person,2023
1489,PHIL4010,Honours Seminar in Philosophy,First Semester/Second Semester,Undergraduate,6.0,In Person,2023
1490,ENVS4000,Honours Thesis,First Semester/Second Semester,Undergraduate,6.0,In Person,2023
1491,NSPO8047,How Canberra works: a guide for security policymakers,Autumn Session,Postgraduate,3.0,In Person,2023
1492,PASI8301,How Papua New Guinea Works,,Postgraduate,3.0,Online or In Person,2023
1493,MEDN3186,Human Anatomy,First Semester,Undergraduate,6.0,In Person,2023
1494,BIOL1008,Human Biology,First Semester,Undergraduate,6.0,In Person,2023
1495,ENVS6020,Human Ecology,First Semester,Postgraduate,6.0,In Person,2023
1496,ENVS2011,Human Ecology,First Semester,Undergraduate,6.0,In Person,2023
1497,BIAN3113,Human Evolution,First Semester,Undergraduate,6.0,In Person,2023
1498,BIAN6013,Human Evolution,First Semester,Postgraduate,6.0,In Person,2023
1499,POPH8318,"Human Health, Environment and Climate Change",First Semester,Postgraduate,6.0,Online or In Person,2023
1500,ASIA2301,Human Migration and Expansion in the Rise of the Asia-Pacific,First Semester,Undergraduate,6.0,Online or In Person,2023
1501,SOCR8015,Human Research Ethics & Integrity: Principles & Practice,Second Semester,Postgraduate,6.0,In Person,2023
1502,MGMT2030,Human Resource Management and Strategy,First Semester,Undergraduate,6.0,In Person,2023
1503,POLS2113,Human Rights,Winter Session,Undergraduate,6.0,In Person,2023
1504,LAWS4220,Human Rights Law in Australia,,Undergraduate,6.0,Online or In Person,2023
1505,LAWS8420,Human Rights Law in Australia,,Postgraduate,6.0,In Person,2023
1506,ASIA2081,Human Rights in Asia,First Semester,Undergraduate,6.0,In Person,2023
1507,HIST2238,Human Rights in History,,Undergraduate,6.0,In Person,2023
1508,INTR8073,Human Security,,Postgraduate,6.0,In Person,2023
1509,INTR2047,"Human Security: Conflict, Displacement and Peace Building",,Undergraduate,6.0,Online or In Person,2023
1510,BIAN2015,Human Skeletal Analysis,First Semester,Undergraduate,6.0,In Person,2023
1511,BIAN6517,Human Skeletal Analysis,First Semester,Postgraduate,6.0,In Person,2023
1512,COMP6390,Human-Computer Interaction,Second Semester,Postgraduate,6.0,In Person,2023
1513,COMP3900,Human-Computer Interaction,Second Semester,Undergraduate,6.0,In Person,2023
1514,INTR8062,Humanitarianism in World Politics,,Postgraduate,6.0,In Person,2023
1515,BAPA3001,"Humanitarianism: Principles, Politics and Practice",Autumn Session,Undergraduate,6.0,Online or In Person,2023
1516,INTR3001,"Humanitarianism: Principles, Politics and Practice",Second Semester,Undergraduate,6.0,In Person,2023
1517,PHYS3010,Hydrogen Economy,,Undergraduate,6.0,In Person,2023
1518,PHYS6010,Hydrogen Economy,,Postgraduate,6.0,In Person,2023
1519,ARTV1601,Hyperanalogue: the alchemy of darkroom photography,,Undergraduate,6.0,In Person,2023
1520,ARTV6601,Hyperanalogue: the alchemy of darkroom photography,,Postgraduate,6.0,In Person,2023
1521,MEDI3004,IMU Clinical Experience Bridging Course,Summer Session,Undergraduate,3.0,In Person,2023
1522,POLS2119,Ideas in Politics,First Semester,Undergraduate,6.0,In Person,2023
1523,ARTV1021,Image and Object,,Undergraduate,6.0,In Person,2023
1524,ENGL2111,Imaginary Journeys: Writing Travel in Australian Literature and Film,Summer Session,Undergraduate,6.0,In Person,2023
1525,ENGL6111,Imaginary Journeys: Writing Travel in Australian Literature and Film,Summer Session,Postgraduate,6.0,In Person,2023
1526,SOCY2053,Imagining the Future: A Sociology of Utopias,,Undergraduate,6.0,In Person,2023
1527,ARTV6059,Immersive Media,,Postgraduate,6.0,In Person,2023
1528,ARTV2059,Immersive Media,Second Semester,Undergraduate,6.0,In Person,2023
1529,ANCH3504,"Imperialism, Conquest and Colonisation in the Ancient Mediterranean World",,Undergraduate,6.0,In Person,2023
1530,PASI8316,Inclusive Research Methodologies for Pacific Development,,Postgraduate,3.0,Online or In Person,2023
1531,LAWS8421,Income Tax,Winter Session,Postgraduate,6.0,Online or In Person,2023
1532,LAWS4221,Income Tax,Second Semester,Undergraduate,6.0,Online or In Person,2023
1533,INDG3004,Independent Research Project in Australian Indigenous Studies ,First Semester/Second Semester/Spring Session,Undergraduate,6.0,In Person,2023
1534,ASIA6270,India Past and Present: The impact of pre-colonial history on India today,Second Semester,Postgraduate,6.0,Online or In Person,2023
1535,ASIA2270,India Past and Present: The impact of pre-colonial history on India today,Second Semester,Undergraduate,6.0,In Person,2023
1536,ASIA6176,India's Culture Wars,First Semester,Postgraduate,6.0,Online or In Person,2023
1537,INTR2014,Indian Foreign and Security Policy,,Undergraduate,6.0,In Person,2023
1538,ASIA2116,India’s Culture Wars,First Semester,Undergraduate,6.0,Online or In Person,2023
1539,MUSC8006,Indigenous Collections and Exhibitions,Spring Session,Postgraduate,6.0,In Person,2023
1540,LAWS4278,Indigenous Community Legal Clinic,Second Semester,Undergraduate,6.0,In Person,2023
1541,LAWS6278,Indigenous Community Legal Clinic,Second Semester,Postgraduate,6.0,In Person,2023
1542,ENVS2025,Indigenous Cultural and Natural Resource Management,First Semester,Undergraduate,6.0,In Person,2023
1543,INDG2001,Indigenous Cultural and Natural Resource Management,First Semester,Undergraduate,6.0,In Person,2023
1544,DIPL8019,Indigenous Diplomacy and Sovereignty ,,Postgraduate,6.0,In Person,2023
1545,HUMN8039,Indigenous Heritage Management and Debates in Digital Heritage,Autumn Session,Postgraduate,6.0,In Person,2023
1546,CHMD8021,"Indigenous Medicines, Health and Healing",,Postgraduate,6.0,Online or In Person,2023
1547,INDG8002,Indigenous Peoples and Development in Australia (Extended),Second Semester,Postgraduate,12.0,Online or In Person,2023
1548,INDG8001,Indigenous Peoples and Development in Australia: principles and practices for Indigenous-led change,Second Semester,Postgraduate,6.0,Online or In Person,2023
1549,LAWS4238,Indigenous Peoples and the Law,Second Semester,Undergraduate,6.0,In Person,2023
1550,LAWS8438,Indigenous Peoples and the Law,Winter Session,Postgraduate,6.0,Online or In Person,2023
1551,ANTH3017,"Indigenous Worlds: Challenges of Emergence, Recognition, and Change",First Semester,Undergraduate,6.0,In Person,2023
1552,HIST2142,"Indigenous memory and history: On page, stage and screen",,Undergraduate,6.0,Online or In Person,2023
1553,COMP8755,Individual Computing Project,First Semester/Second Semester,Postgraduate,6.0,In Person,2023
1554,ENGN4200,Individual Project,First Semester/Second Semester,Undergraduate,6.0,In Person,2023
1555,ENGN4350,Individual Project,First Semester/Second Semester,Undergraduate,6.0,In Person,2023
1556,COMP3770,Individual Research Project,First Semester/Second Semester,Undergraduate,6.0,In Person,2023
1557,ARTH2166,Individual Research Unit,,Undergraduate,6.0,In Person,2023
1558,ANTH6065,Indonesia Field School : Contemporary Change in Indonesia,,Postgraduate,6.0,In Person,2023
1559,ANTH3016,Indonesia Field School Extension,,Undergraduate,6.0,Online or In Person,2023
1560,ANTH6066,Indonesia Field School Extension,,Postgraduate,6.0,In Person,2023
1561,ANTH3014,Indonesia Field School: Contemporary Change in Indonesia,,Undergraduate,6.0,In Person,2023
1562,ASIA3035,"Indonesia in the Malay World: Culture, Media and Everyday Life",First Semester,Undergraduate,6.0,Online or In Person,2023
1563,ASIA2516,"Indonesia: Politics, Society and Development",First Semester,Undergraduate,6.0,In Person,2023
1564,ASIA6516,"Indonesia:Politics, Society and Development",First Semester,Postgraduate,6.0,In Person,2023
1565,INDN1002,Indonesian 1,First Semester,Undergraduate,6.0,Online or In Person,2023
1566,INDN1003,Indonesian 2,Second Semester,Undergraduate,6.0,Online or In Person,2023
1567,INDN2002,Indonesian 3,First Semester,Undergraduate,6.0,Online or In Person,2023
1568,INDN2003,Indonesian 4,Second Semester,Undergraduate,6.0,Online or In Person,2023
1569,INDN3002,Indonesian 5,First Semester,Undergraduate,6.0,Online or In Person,2023
1570,INDN3003,Indonesian 6,Second Semester,Undergraduate,6.0,Online or In Person,2023
1571,ASIA2111,Indonesian Foreign and Security Policy,First Semester,Undergraduate,6.0,Online or In Person,2023
1572,LING2110,Indonesian and Interdisciplinary Linguistics,,Undergraduate,6.0,Online or In Person,2023
1573,LING2111,Indonesian and Interdisciplinary Linguistics (L),,Undergraduate,6.0,Online or In Person,2023
1574,ENGN8833,Industrial Energy Efficiency and Decarbonisation,First Semester,Postgraduate,6.0,In Person,2023
1575,COMP4800,Industrial Experience,First Semester/Second Semester,Undergraduate,0.0,In Person,2023
1576,ECON4438,Industrial Organisation,First Semester,Undergraduate,6.0,In Person,2023
1577,ECON3057,Industrial Organisation,First Semester,Undergraduate,6.0,In Person,2023
1578,ECON8038,Industrial Organisation,First Semester,Postgraduate,6.0,In Person,2023
1579,PSYC3028,Industrial and Organisational Psychology,,Undergraduate,6.0,In Person,2023
1580,INFS8202,Industry Research Project,First Semester/Second Semester,Postgraduate,6.0,In Person,2023
1581,BIOL6141,Infection and Immunity,First Semester,Postgraduate,6.0,In Person,2023
1582,BIOL3141,Infection and Immunity,First Semester,Undergraduate,6.0,In Person,2023
1583,LAWS4283,Information Law,,Undergraduate,6.0,Online or In Person,2023
1584,INFS2024,Information Systems Analysis,First Semester,Undergraduate,6.0,In Person,2023
1585,INFS3024,Information Systems Management,First Semester,Undergraduate,6.0,In Person,2023
1586,INFT4005F,Information Technology IV Honours(S),,Undergraduate,12.0,In Person,2023
1587,INFT4005P,Information Technology IV Honours(S),,Undergraduate,12.0,In Person,2023
1588,LAWS4245,Information Technology Law,First Semester,Undergraduate,6.0,Online or In Person,2023
1589,LAWS8445,Information Technology Law,First Semester,Postgraduate,6.0,Online or In Person,2023
1590,ENGN8534,Information Theory,,Postgraduate,6.0,In Person,2023
1591,COMP2610,Information Theory,Second Semester,Undergraduate,6.0,In Person,2023
1592,COMP6261,Information Theory,Second Semester,Postgraduate,6.0,In Person,2023
1593,ENGN4903,Infrastructure System Design,Second Semester,Undergraduate,6.0,In Person,2023
1594,MGMT7165,Innovation,First Semester,Postgraduate,6.0,In Person,2023
1595,MGMT7251,Innovation in Emerging Markets,,Postgraduate,6.0,In Person,2023
1596,STST8027,Insurgency & Counterinsurgency in Modern Warfare,,Postgraduate,6.0,In Person,2023
1597,ARTV1703,Intaglio Print: Etching and Monoprinting,First Semester,Undergraduate,6.0,In Person,2023
1598,ENGN8831,Integration of Renewable Energy into Power Systems and Microgrids,First Semester,Postgraduate,6.0,In Person,2023
1599,LAWS4222,Intellectual Property,Summer Session,Undergraduate,6.0,Online or In Person,2023
1600,LAWS8422,Intellectual Property,,Postgraduate,6.0,In Person,2023
1601,STST8021,Intelligence and Security,First Semester,Postgraduate,6.0,In Person,2023
1602,INFS7007,"Intelligent Business Analysis: Models, Processes and Techniques",Second Semester,Postgraduate,6.0,In Person,2023
1603,HUMN9001,"Interdisciplinary Humanities Research: Methods, Theories and Skills",,Postgraduate,6.0,In Person,2023
1604,HUMN9002,"Interdisciplinary Research: Frameworks, Connections and Dissemination",,Postgraduate,6.0,In Person,2023
1605,POLS8046,"Interest Groups, Advocacy and Public Policy",,Postgraduate,6.0,In Person,2023
1606,GREK2121,Intermediate Ancient Greek I,First Semester,Undergraduate,6.0,In Person,2023
1607,GREK2122,Intermediate Ancient Greek II,Second Semester,Undergraduate,6.0,In Person,2023
1608,ARAB2011,Intermediate Arabic 1,First Semester,Undergraduate,6.0,Online or In Person,2023
1609,ARAB2012,Intermediate Arabic 2,Second Semester,Undergraduate,6.0,Online or In Person,2023
1610,FREN3006,Intermediate French I,First Semester,Undergraduate,6.0,In Person,2023
1611,FREN3007,Intermediate French II,Second Semester,Undergraduate,6.0,In Person,2023
1612,LATN2121,Intermediate Latin I,First Semester,Undergraduate,6.0,In Person,2023
1613,LATN2122,Intermediate Latin II,Second Semester,Undergraduate,6.0,In Person,2023
1614,PERS2003,Intermediate Persian A,First Semester,Undergraduate,6.0,Online,2023
1615,PERS2004,Intermediate Persian B,Second Semester,Undergraduate,6.0,Online,2023
1616,POLS8048,Intermediate Quantitative Research in Politics,,Postgraduate,6.0,In Person,2023
1617,POLS4048,Intermediate Quantitative Research in Politics,,Undergraduate,6.0,In Person,2023
1618,SPAN3001,Intermediate Spanish I,First Semester,Undergraduate,6.0,In Person,2023
1619,SPAN3012,Intermediate Spanish II,Second Semester,Undergraduate,6.0,In Person,2023
1620,TURK2001,Intermediate Turkish A,First Semester,Undergraduate,6.0,Online,2023
1621,TURK2002,Intermediate Turkish B,Second Semester,Undergraduate,6.0,Online,2023
1622,POGO8098,International Aid Programs and Politics,Second Semester,Postgraduate,6.0,Online or In Person,2023
1623,LAWS4266,International Arbitration and Negotiation Moot Competition in Japan,Spring Session,Undergraduate,6.0,In Person,2023
1624,ARCH2059,International Archaeological Field School,,Undergraduate,6.0,In Person,2023
1625,ARCH2060,International Archaeological Field School Extension,,Undergraduate,6.0,In Person,2023
1626,LAWS8585,International Aviation Law,,Postgraduate,6.0,Online or In Person,2023
1627,BUSI2025,International Business,First Semester/Second Semester,Undergraduate,6.0,In Person,2023
1628,BUSI4500,International Business Honours Thesis,First Semester/Second Semester,Undergraduate,6.0,In Person,2023
1629,BUSI7033,International Business Strategies,First Semester,Postgraduate,6.0,Online or In Person,2023
1630,EMDV8080,International Climate Change Policy and Economics,Second Semester,Postgraduate,6.0,Online or In Person,2023
1631,LAWS8418,International Commercial Arbitration,Second Semester,Postgraduate,6.0,Online or In Person,2023
1632,LAWS8566,International Criminal Law,Summer Session,Postgraduate,6.0,Online or In Person,2023
1633,LAWS8567,International Dispute Resolution,Spring Session,Postgraduate,6.0,Online or In Person,2023
1634,LAWS4223,International Dispute Resolution,Second Semester,Undergraduate,6.0,In Person,2023
1635,ECON8015,International Economics,First Semester,Postgraduate,6.0,In Person,2023
1636,ECON3103,International Economics,First Semester,Undergraduate,6.0,In Person,2023
1637,ECON4415,International Economics,First Semester,Undergraduate,6.0,In Person,2023
1638,ENVS6033,International Environmental Policy,Summer Session,Postgraduate,6.0,In Person,2023
1639,ENVS3033,International Environmental Policy,Summer Session,Undergraduate,6.0,In Person,2023
1640,ASIA8049,International History from Asia and the Pacific: Framing Critical Perspectives,Winter Session,Postgraduate,6.0,Online or In Person,2023
1641,MGMT3025,International Human Resource Management,Second Semester,Undergraduate,6.0,In Person,2023
1642,LAWS8268,International Humanitarian Law,Winter Session,Postgraduate,6.0,In Person,2023
1643,INDG8006,International Indigenous Studies Research Project,First Semester/Second Semester,Postgraduate,6.0,In Person,2023
1644,LAWS8136,International Intellectual Property Law,,Postgraduate,6.0,Online or In Person,2023
1645,LAWS8177,International Internship,First Semester,Postgraduate,24.0,In Person,2023
1646,LAWS4306,International Investment Treaty Law and Arbitration,,Undergraduate,6.0,Online or In Person,2023
1647,LAWS8336,International Investment Treaty Law and Arbitration,Summer Session,Postgraduate,6.0,Online or In Person,2023
1648,LAWS6250,International Law,Second Semester,Postgraduate,6.0,Online or In Person,2023
1649,LAWS2250,International Law,Second Semester,Undergraduate,6.0,In Person,2023
1650,LAWS4302,International Law Clinic,First Semester/Second Semester,Undergraduate,6.0,In Person,2023
1651,LAWS6302,International Law Clinic,First Semester/Second Semester,Postgraduate,6.0,In Person,2023
1652,LAWS8297,International Law and Australian Government,,Postgraduate,6.0,In Person,2023
1653,LAWS8023,International Law and United Nations Peace Operations,,Postgraduate,6.0,In Person,2023
1654,LAWS8178,International Law and Use of Force,,Postgraduate,6.0,Online,2023
1655,LAWS4225,International Law of Human Rights,Spring Session,Undergraduate,6.0,Online or In Person,2023
1656,LAWS8264,International Law of The Environment,,Postgraduate,6.0,Online or In Person,2023
1657,LAWS4224,International Law of the Sea,,Undergraduate,6.0,Online or In Person,2023
1658,DEMO8047,International Migration,First Semester,Postgraduate,6.0,In Person,2023
1659,ECON8009,International Monetary Economics,First Semester,Postgraduate,6.0,In Person,2023
1660,ECON3021,International Monetary Economics,First Semester,Undergraduate,6.0,In Person,2023
1661,LAWS8316,International Nuclear Energy Law,Autumn Session,Postgraduate,6.0,Online or In Person,2023
1662,INTR8070,International Organisation,,Postgraduate,6.0,In Person,2023
1663,LAWS4258,International Organisations (Geneva),,Undergraduate,6.0,Online or In Person,2023
1664,LAWS8458,International Organisations (Geneva),,Postgraduate,6.0,Online or In Person,2023
1665,POLS2133,International Organisations in World Politics,First Semester,Undergraduate,6.0,Online or In Person,2023
1666,POGO8045,International Policy Making in the Shadow of the Future,First Semester,Postgraduate,6.0,In Person,2023
1667,INTR8013,International Political Economy,Second Semester,Postgraduate,6.0,In Person,2023
1668,LAWS8252,International Refugee Law,,Postgraduate,6.0,Online or In Person,2023
1669,INTR8011,International Relations Theory,First Semester,Postgraduate,6.0,Online or In Person,2023
1670,POLS3017,International Relations Theory,First Semester,Undergraduate,6.0,In Person,2023
1671,POLS4013,International Relations Theory,First Semester,Undergraduate,6.0,In Person,2023
1672,INTR2010,International Relations in the Asia-Pacific,Second Semester,Undergraduate,6.0,In Person,2023
1673,INTR8022,International Relations in the Asia-Pacific,Second Semester,Postgraduate,6.0,Online or In Person,2023
1674,INTR8066,International Relations in the Information Age,Second Semester,Postgraduate,6.0,Online or In Person,2023
1675,BUSI3020,International Strategic Management,First Semester,Undergraduate,6.0,In Person,2023
1676,BUSI3030,International Supply Chain Management,,Undergraduate,6.0,In Person,2023
1677,POLS3036,International Terrorism,,Undergraduate,6.0,In Person,2023
1678,LAWS4226,International Trade Law,First Semester,Undergraduate,6.0,Online or In Person,2023
1679,LAWS8229,International Trade Law,First Semester,Postgraduate,6.0,Online or In Person,2023
1680,LAWS8234,International and Comparative Human Rights Law,Spring Session,Postgraduate,6.0,Online or In Person,2023
1681,MUSC8004,Internship 1,First Semester/Second Semester,Postgraduate,6.0,In Person,2023
1682,MUSC8005,Internship 2,,Postgraduate,6.0,In Person,2023
1683,POLS8047,"Interpretation, Method, Critique: Interpretivist Methods in the Social Sciences",First Semester,Postgraduate,6.0,In Person,2023
1684,POLS4047,"Interpretation, Method, Critique: Interpretivist Methods in the Social Sciences",First Semester,Undergraduate,6.0,In Person,2023
1685,INTR8078,Interventions and Statebuilding: From Fragility to Resilience,First Semester,Postgraduate,6.0,Online or In Person,2023
1686,ARTH6169,Introducing Asian Modernisms,,Postgraduate,6.0,In Person,2023
1687,ARTH2169,Introducing Asian Modernisms,,Undergraduate,6.0,In Person,2023
1688,ASIA9021,Introduction to Academic Skills for HDR Research - Part A,Autumn Session,Postgraduate,3.0,Online or In Person,2023
1689,ASIA9022,Introduction to Academic Skills for HDR Research - Part B,Spring Session,Postgraduate,3.0,Online or In Person,2023
1690,ARCH8032,Introduction to Archaeological and Evolutionary Science,First Semester,Postgraduate,12.0,In Person,2023
1691,ASIA1035,Introduction to Asian Politics,First Semester,Undergraduate,6.0,Online or In Person,2023
1692,STAT3016,Introduction to Bayesian Data Analysis,Second Semester,Undergraduate,6.0,In Person,2023
1693,STAT4116,Introduction to Bayesian Data Analysis,Second Semester,Undergraduate,6.0,In Person,2023
1694,STAT6016,Introduction to Bayesian Data Analysis,Second Semester,Postgraduate,6.0,In Person,2023
1695,BUSN1101,Introduction to Commercial Law,Second Semester,Undergraduate,6.0,In Person,2023
1696,CRIM2014,Introduction to Crime Science,,Undergraduate,6.0,In Person,2023
1697,CRIM6014,Introduction to Crime Science,,Postgraduate,6.0,In Person,2023
1698,HUMN6051,Introduction to Cultural Heritage Management,First Semester,Postgraduate,6.0,In Person,2023
1699,HUMN2051,Introduction to Cultural Heritage Management,First Semester,Undergraduate,6.0,In Person,2023
1700,COMP6420,"Introduction to Data Management, Analysis and Security",First Semester,Postgraduate,6.0,In Person,2023
1701,COMP2420,"Introduction to Data Management, Analysis and Security",First Semester,Undergraduate,6.0,In Person,2023
1702,COMP7240,Introduction to Database Concepts,Autumn Session,Postgraduate,6.0,In Person,2023
1703,HUMN2001,"Introduction to Digital Humanities and Public Culture -Tools, Theories and Methods",Second Semester,Undergraduate,6.0,In Person,2023
1704,HUMN6001,"Introduction to Digital Humanities and Public Culture, Theories and Methods",Second Semester,Postgraduate,6.0,In Person,2023
1705,ENGN1218,Introduction to Electronics,Second Semester,Undergraduate,6.0,In Person,2023
1706,ARCH2041,Introduction to Environmental Archaeology,Second Semester,Undergraduate,6.0,In Person,2023
1707,ARCH6041,Introduction to Environmental Archaeology,Second Semester,Postgraduate,6.0,In Person,2023
1708,EMDV8078,Introduction to Environmental and Resource Economics,Second Semester,Postgraduate,6.0,Online or In Person,2023
1709,ENVS1003,Introduction to Environmental and Social Research,First Semester,Undergraduate,6.0,In Person,2023
1710,ENVS6103,Introduction to Environmental and Social Research,First Semester,Postgraduate,6.0,In Person,2023
1711,PHIL1008,Introduction to Ethics,First Semester,Undergraduate,6.0,In Person,2023
1712,MUSI1113,Introduction to Ethnomusicology,First Semester,Undergraduate,6.0,In Person,2023
1713,PSYC2011,Introduction to Forensic and Criminal Psychology,Second Semester,Undergraduate,6.0,In Person,2023
1714,EMSC6122,Introduction to Global Geophysics,First Semester,Postgraduate,6.0,In Person,2023
1715,EMSC2022,Introduction to Global Geophysics,First Semester,Undergraduate,6.0,In Person,2023
1716,HLTH2002,"Introduction to Global Health: Issues, Theories and Practices",Second Semester,Undergraduate,6.0,In Person,2023
1717,POPH8103,Introduction to Health Services Research and Policy,First Semester,Postgraduate,6.0,Online or In Person,2023
1718,HUMN2000,Introduction to Heritage and Museum Studies,Second Semester,Undergraduate,6.0,In Person,2023
1719,ANTH8056,Introduction to Humanitarian Action,First Semester,Postgraduate,6.0,Online or In Person,2023
1720,POLS1006,Introduction to International Relations:  Contemporary Global Issues,First Semester,Undergraduate,6.0,In Person,2023
1721,POLS1005,Introduction to International Relations: Foundations and Concepts,Second Semester,Undergraduate,6.0,In Person,2023
1722,STST1001,Introduction to International Security Studies,First Semester,Undergraduate,6.0,Online or In Person,2023
1723,BAPA1004,Introduction to International Security Studies,Autumn Session,Undergraduate,6.0,In Person,2023
1724,CHEM8034,Introduction to Laboratory Work in Chemistry,Second Semester,Postgraduate,6.0,In Person,2023
1725,LAWS8001,"Introduction to Law, Governance and Development",Summer Session,Postgraduate,6.0,Online or In Person,2023
1726,COMP3670,Introduction to Machine Learning,Second Semester,Undergraduate,6.0,In Person,2023
1727,COMP6670,Introduction to Machine Learning,Second Semester,Postgraduate,6.0,In Person,2023
1728,MATH2222,Introduction to Mathematical Thinking: Problem-Solving and Proofs,First Semester,Undergraduate,6.0,In Person,2023
1729,MATH6222,Introduction to Mathematical Thinking: Problem-Solving and Proofs,First Semester,Postgraduate,6.0,In Person,2023
1730,ENGN1217,Introduction to Mechanics,Second Semester,Undergraduate,6.0,In Person,2023
1731,MEAS1003,Introduction to Middle East International Relations and Security ,,Undergraduate,6.0,In Person,2023
1732,MUSI1110,Introduction to Music Technology,First Semester/Second Semester,Undergraduate,6.0,In Person,2023
1733,MUSI6110,Introduction to Music Technology,First Semester/Second Semester,Postgraduate,6.0,In Person,2023
1734,EMSC4706,Introduction to Natural Hazards,First Semester,Undergraduate,6.0,In Person,2023
1735,EMSC8706,Introduction to Natural Hazards,First Semester,Postgraduate,6.0,In Person,2023
1736,POLS1002,Introduction to Politics,First Semester,Undergraduate,6.0,In Person,2023
1737,POPH3000,Introduction to Population Health,Second Semester,Undergraduate,6.0,In Person,2023
1738,COMP7230,Introduction to Programming for Data Scientists,Winter Session,Postgraduate,6.0,In Person,2023
1739,SOCY2043,Introduction to Qualitative Research Methods,Second Semester,Undergraduate,6.0,In Person,2023
1740,BIOL2001,Introduction to Quantitative Biology,First Semester,Undergraduate,6.0,In Person,2023
1741,BIOL6200,Introduction to Quantitative Biology,First Semester,Postgraduate,6.0,In Person,2023
1742,SOCY2038,Introduction to Quantitative Research Methods,First Semester,Undergraduate,6.0,In Person,2023
1743,PASI9001,Introduction to Research in the Pacific: Methods and Research Design,Summer Session,Postgraduate,6.0,Online or In Person,2023
1744,RUSS1003,Introduction to Russian I,First Semester,Undergraduate,6.0,In Person,2023
1745,RUSS1004,Introduction to Russian II,Second Semester,Undergraduate,6.0,In Person,2023
1746,SCRN1001,Introduction to Screen Studies,Second Semester,Undergraduate,6.0,In Person,2023
1747,SOCR8201,Introduction to Social Science Methods and Types of Data,First Semester/Spring Session,Postgraduate,6.0,Online or In Person,2023
1748,SPAN1001,Introduction to Spanish I,First Semester,Undergraduate,6.0,In Person,2023
1749,SPAN1002,Introduction to Spanish II,Second Semester,Undergraduate,6.0,Online or In Person,2023
1750,STAT2005,Introduction to Stochastic Processes,Second Semester,Undergraduate,6.0,In Person,2023
1751,STAT7004,Introduction to Stochastic Processes,Second Semester,Postgraduate,6.0,In Person,2023
1752,ENGN8100,Introduction to Systems Engineering,First Semester,Postgraduate,6.0,In Person,2023
1753,INDG2005,Introduction to an Australian Indigenous Language,First Semester,Undergraduate,6.0,Online or In Person,2023
1754,MEAS1001,Introduction to the Modern Middle East,First Semester,Undergraduate,6.0,In Person,2023
1755,LING1001,Introduction to the Study of Language,First Semester,Undergraduate,6.0,In Person,2023
1756,LING6001,Introduction to the Study of Language,,Postgraduate,6.0,In Person,2023
1757,ARAB1002,Introductory Arabic 1,First Semester,Undergraduate,6.0,Online or In Person,2023
1758,ARAB1003,Introductory Arabic 2,Second Semester,Undergraduate,6.0,Online or In Person,2023
1759,FREN1003,Introductory French I,First Semester,Undergraduate,6.0,In Person,2023
1760,FREN1004,Introductory French II,Second Semester,Undergraduate,6.0,In Person,2023
1761,STAT2001,Introductory Mathematical Statistics,First Semester/Second Semester,Undergraduate,6.0,In Person,2023
1762,STAT2013,Introductory Mathematical Statistics for Actuarial Studies,First Semester/Second Semester,Undergraduate,6.0,In Person,2023
1763,PERS1001,Introductory Persian A,First Semester,Undergraduate,6.0,Online,2023
1764,PERS1002,Introductory Persian B,Second Semester,Undergraduate,6.0,Online,2023
1765,PORT1001,Introductory Portuguese I,First Semester,Undergraduate,6.0,Online,2023
1766,PORT1002,Introductory Portuguese II,,Undergraduate,6.0,Online,2023
1767,STAT7055,Introductory Statistics for Business and Finance,First Semester/Second Semester/Spring Session,Postgraduate,6.0,In Person,2023
1768,ACST4033,Investment and Asset Modelling,,Undergraduate,6.0,In Person,2023
1769,ACST8033,Investment and Asset Modelling,,Postgraduate,6.0,In Person,2023
1770,FINM2003,Investments,First Semester/Second Semester,Undergraduate,6.0,In Person,2023
1771,MEAS3004,Iran in World Politics,Second Semester,Undergraduate,6.0,In Person,2023
1772,MEAS6004,Iran in World Politics,Second Semester,Postgraduate,6.0,In Person,2023
1773,MEAS2000,Iranian History and Culture,,Undergraduate,6.0,In Person,2023
1774,MEAS1002,Islam : History and Institutions,Second Semester,Undergraduate,6.0,In Person,2023
1775,MEAS8117,Islam in Central Asia,First Semester,Postgraduate,6.0,In Person,2023
1776,MEAS4117,Islam in Central Asia,First Semester,Undergraduate,6.0,In Person,2023
1777,ASIA2165,Islam in Southeast Asia,,Undergraduate,6.0,In Person,2023
1778,ASIA6165,Islam in Southeast Asia,,Postgraduate,6.0,In Person,2023
1779,MEAS8115,Islam in World Politics,,Postgraduate,6.0,In Person,2023
1780,MEAS4115,Islam in World Politics,,Undergraduate,6.0,In Person,2023
1781,INTR8058,"Islam, Politics and Conflict in Southeast Asia",,Postgraduate,6.0,In Person,2023
1782,POLS4058,"Islam, Politics and Conflict in Southeast Asia",,Undergraduate,6.0,In Person,2023
1783,MEAS8124,Islamic Banking: Debates and Development,,Postgraduate,6.0,In Person,2023
1784,IDEC8035,Islamic Economies in Practice,Second Semester,Postgraduate,6.0,Online or In Person,2023
1785,MEAS4102,Islamic Radicalism,,Undergraduate,6.0,In Person,2023
1786,MEAS8102,Islamic Radicalism,,Postgraduate,6.0,In Person,2023
1787,ENVS2005,Island Sustainable Development: Fiji Field School,Winter Session,Undergraduate,6.0,In Person,2023
1788,ENVS6205,Island Sustainable Development: Fiji Field School,Winter Session,Postgraduate,6.0,In Person,2023
1789,INTR8071,Issues and Concepts in International Relations,First Semester/Second Semester,Postgraduate,6.0,Online or In Person,2023
1790,IDEC8030,Issues in Applied Macroeconomics,Second Semester,Postgraduate,6.0,Online or In Person,2023
1791,IDEC8029,Issues in Applied Microeconomics,First Semester,Postgraduate,6.0,In Person,2023
1792,INTR8017,Issues in Australian Foreign Policy,,Postgraduate,6.0,Online or In Person,2023
1793,PSYC2595,Issues in Contemporary Clinical Psychology,,Undergraduate,6.0,In Person,2023
1794,ARTH6167,Issues in Contemporary Craft and Design,,Postgraduate,6.0,In Person,2023
1795,ARTH2167,Issues in Contemporary Craft and Design,,Undergraduate,6.0,In Person,2023
1796,IDEC8003,Issues in Development Policy,First Semester,Postgraduate,6.0,In Person,2023
1797,POLS2094,Issues in International Political Economy,Second Semester,Undergraduate,6.0,Online or In Person,2023
1798,POGO8220,Issues in Japanese Policy,Winter Session,Postgraduate,6.0,In Person,2023
1799,ASIA3027,Issues in Japanese Policy in their global context,Winter Session,Undergraduate,6.0,In Person,2023
1800,MEAS8108,Issues of Development in the Middle East,,Postgraduate,6.0,In Person,2023
1801,ITAL2006,Italian Studies - Continuing 2,Second Semester,Undergraduate,6.0,In Person,2023
1802,ITAL3505,Italian Studies - Intermediate I,First Semester,Undergraduate,6.0,In Person,2023
1803,ITAL3506,Italian Studies - Intermediate II,Second Semester,Undergraduate,6.0,In Person,2023
1804,ITAL1003,Italian Studies - Introductory 2,Second Semester,Undergraduate,6.0,In Person,2023
1805,ITAL1002,Italian Studies - Introductory I,First Semester,Undergraduate,6.0,In Person,2023
1806,ITAL2005,Italian Studies Continuing 1,First Semester,Undergraduate,6.0,In Person,2023
1807,ITAL3020,Italy on Screen,,Undergraduate,6.0,In Person,2023
1808,SCRN2020,Italy on Screen,,Undergraduate,6.0,In Person,2023
1809,INTR8063,"Japan and the World: Politics, Identity and Security",First Semester,Postgraduate,6.0,In Person,2023
1810,JPNS3013,Japanese - English Translation,First Semester,Undergraduate,6.0,Online or In Person,2023
1811,JPNS1012,Japanese 1: Spoken,First Semester,Undergraduate,6.0,Online or In Person,2023
1812,JPNS1014,Japanese 1: Written,First Semester,Undergraduate,6.0,Online or In Person,2023
1813,JPNS2003,Japanese 2: Spoken,Second Semester,Undergraduate,6.0,Online or In Person,2023
1814,JPNS2005,Japanese 2: Written,Second Semester,Undergraduate,6.0,Online or In Person,2023
1815,JPNS2012,Japanese 3,First Semester,Undergraduate,6.0,Online or In Person,2023
1816,JPNS2013,Japanese 4,Second Semester,Undergraduate,6.0,Online or In Person,2023
1817,JPNS3001,Japanese 5,First Semester,Undergraduate,6.0,Online or In Person,2023
1818,JPNS3002,Japanese 6,Second Semester,Undergraduate,6.0,Online or In Person,2023
1819,ECON2108,Japanese Economy and Economic Policy,Second Semester,Undergraduate,6.0,In Person,2023
1820,INTR2018,Japanese Foreign and Security Policy,Second Semester,Undergraduate,6.0,In Person,2023
1821,JPNS2024,Japanese Grammar and Expressions,First Semester,Undergraduate,6.0,Online or In Person,2023
1822,LAWS4227,Japanese Law and Society,First Semester,Undergraduate,6.0,In Person,2023
1823,LING2028,Japanese Linguistics,Second Semester,Undergraduate,6.0,Online or In Person,2023
1824,LING6028,Japanese Linguistics,Second Semester,Postgraduate,6.0,Online or In Person,2023
1825,ASIA2031,Japanese Politics,First Semester,Undergraduate,6.0,Online or In Person,2023
1826,ASIA6031,Japanese Politics,First Semester,Postgraduate,6.0,Online or In Person,2023
1827,ASIA2058,"Japanese Popular Culture: Manga, Anime, Film & the Visual Arts",First Semester,Undergraduate,6.0,Online or In Person,2023
1828,LAWS4010,Jessup Moot,Summer Session,Undergraduate,6.0,In Person,2023
1829,LAWS6010,Jessup Moot,Summer Session,Postgraduate,6.0,In Person,2023
1830,ARTV2410,Jewellery & Object: Experimenting with process,,Undergraduate,6.0,In Person,2023
1831,ARTV1403,Jewellery & Object: Introduction to Precise Miniature Construction,,Undergraduate,6.0,In Person,2023
1832,ARTV1404,"Jewellery & Object: Maker, Wearer, Viewer, User",,Undergraduate,6.0,In Person,2023
1833,ARTV2401,Jewellery & Object: Making with machines,,Undergraduate,6.0,In Person,2023
1834,ARTV2402,Jewellery & Object: Utility as Context,,Undergraduate,6.0,In Person,2023
1835,BUSN8200,Judgement and Decision Making Research in Accounting,First Semester,Postgraduate,6.0,In Person,2023
1836,LAWS4351,Judicial Reasoning,,Undergraduate,6.0,Online or In Person,2023
1837,LAWS8141,Judicial Review of Government Action,Spring Session,Postgraduate,6.0,Online or In Person,2023
1838,ANTH8007,Key Concepts in Anthropology of Development,Second Semester,Postgraduate,6.0,Online or In Person,2023
1839,INTR8052,Key Debates in Peace and Conflict Studies,Second Semester,Postgraduate,6.0,Online or In Person,2023
1840,HIST4013,Key Issues in History,Second Semester,Undergraduate,12.0,In Person,2023
1841,LAWS4313,Kimberley Aboriginal Justice Clinic,,Undergraduate,6.0,In Person,2023
1842,LAWS6313,Kimberley Aboriginal Justice Clinic,,Postgraduate,6.0,In Person,2023
1843,POGO8241,Knowledge Systems and Public Policy,Summer Session,Postgraduate,3.0,Online or In Person,2023
1844,KORE1020,Korean 1,First Semester,Undergraduate,6.0,Online or In Person,2023
1845,KORE1021,Korean 2,Second Semester,Undergraduate,6.0,Online or In Person,2023
1846,KORE2521,Korean 3,First Semester,Undergraduate,6.0,Online or In Person,2023
1847,KORE2522,Korean 4,Second Semester,Undergraduate,6.0,Online or In Person,2023
1848,KORE3012,Korean 5,First Semester,Undergraduate,6.0,Online or In Person,2023
1849,KORE3013,Korean 6,Second Semester,Undergraduate,6.0,Online or In Person,2023
1850,LAWS4171,Kyoto Seminar: Japanese Law and Society,,Undergraduate,6.0,In Person,2023
1851,LAWS8171,Kyoto Seminar: Japanese Law and Society,,Postgraduate,6.0,In Person,2023
1852,ECON4441,Labour Economics & Industrial Relations,First Semester,Undergraduate,6.0,In Person,2023
1853,ECON2009,Labour Economics and Industrial Relations,First Semester,Undergraduate,6.0,In Person,2023
1854,ECON8041,Labour Economics and Industrial Relations,First Semester,Postgraduate,6.0,In Person,2023
1855,LAWS4228,Labour Law,First Semester,Undergraduate,6.0,Online or In Person,2023
1856,ANTH8047,Land Rights and Resource Development,First Semester,Postgraduate,6.0,Online or In Person,2023
1857,ANTH8044,Land Rights and Resource Development (Advanced),First Semester,Postgraduate,12.0,Online or In Person,2023
1858,ENVS3004,Land and Catchment Management,Second Semester,Undergraduate,6.0,In Person,2023
1859,ENVS6304,Land and Catchment Management,Second Semester,Postgraduate,6.0,In Person,2023
1860,LAWS8280,"Land, Water and Biodiversity Law",,Postgraduate,6.0,Online or In Person,2023
1861,LING6005,Language Across Time,Second Semester,Postgraduate,6.0,Online or In Person,2023
1862,LING2005,Language Across Time,Second Semester,Undergraduate,6.0,Online or In Person,2023
1863,ASIA8051,Language and Power in Asia and the Pacific,Summer Session,Postgraduate,6.0,Online or In Person,2023
1864,LING6311,Language and Social Interaction,,Postgraduate,6.0,In Person,2023
1865,LING2106,Language and Social Interaction,,Undergraduate,6.0,In Person,2023
1866,LING8013,Language and Society,Second Semester,Postgraduate,6.0,Online or In Person,2023
1867,LING6002,Language and Society,,Postgraduate,6.0,In Person,2023
1868,LING1002,Language and Society,Second Semester,Undergraduate,6.0,In Person,2023
1869,LING6016,Language and Society in Indigenous Australia,Winter Session,Postgraduate,6.0,In Person,2023
1870,LING2016,Language and Society in Indigenous Australia,Winter Session,Undergraduate,6.0,In Person,2023
1871,ASIA2001,Language in Asia and the Pacific,First Semester,Undergraduate,6.0,Online or In Person,2023
1872,ASIA2103,Language in Asia and the Pacific (L),First Semester,Undergraduate,6.0,Online or In Person,2023
1873,LING6029,"Language, Assessment and Policy",,Postgraduate,6.0,Online or In Person,2023
1874,LING2029,"Language, Assessment and Policy",,Undergraduate,6.0,Online or In Person,2023
1875,LING6015,"Language, Culture and Translation",Second Semester,Postgraduate,6.0,In Person,2023
1876,LING2015,"Language, Culture, Translation",Second Semester,Undergraduate,6.0,In Person,2023
1877,LING6018,Languages in Contact,,Postgraduate,6.0,In Person,2023
1878,LING2018,Languages in Contact,,Undergraduate,6.0,In Person,2023
1879,HIST2230,Latin America: Conquest and Colonisation,,Undergraduate,6.0,In Person,2023
1880,LAWS6700,Law Capstone Project,First Semester/Second Semester,Postgraduate,6.0,In Person,2023
1881,LAWS4430,Law Internship,Summer Session/First Semester/Winter Session/Second Semester,Undergraduate,6.0,In Person,2023
1882,LAWS8430,Law Internship,First Semester/Winter Session/Second Semester,Postgraduate,6.0,In Person,2023
1883,LAWS4230,Law Internship (Capstone),Summer Session/First Semester/Winter Session/Second Semester,Undergraduate,6.0,In Person,2023
1884,LAWS6230,Law Internship (Capstone),Summer Session/First Semester/Winter Session/Second Semester,Postgraduate,6.0,In Person,2023
1885,LAWS4700,Law Research Capstone Project,,Undergraduate,6.0,Online or In Person,2023
1886,LAWS4239,Law and Armed Conflict,,Undergraduate,6.0,In Person,2023
1887,LAWS4231,Law and Art: Representation and Critique,Second Semester,Undergraduate,6.0,In Person,2023
1888,LAWS4301,Law and Development Clinic,Summer Session,Undergraduate,6.0,Online or In Person,2023
1889,LAWS6301,Law and Development Clinic,Summer Session,Postgraduate,6.0,Online or In Person,2023
1890,LAWS8006,Law and Development in the Contemporary South Pacific,,Postgraduate,6.0,Online or In Person,2023
1891,LAWS4315,Law and Development in the Contemporary South Pacific,,Undergraduate,6.0,Online or In Person,2023
1892,ECON8047,Law and Economics,,Postgraduate,6.0,In Person,2023
1893,ECON4447,Law and Economics,,Undergraduate,6.0,In Person,2023
1894,ECON2120,Law and Economics,,Undergraduate,6.0,In Person,2023
1895,LAWS8228,Law and Economics,,Postgraduate,6.0,In Person,2023
1896,PASI8312,Law and Justice in the Pacific,,Postgraduate,3.0,Online or In Person,2023
1897,LAWS8586,Law and Legal Institutions,Summer Session/Winter Session,Postgraduate,6.0,Online or In Person,2023
1898,LAWS4279,Law and Politics of European Integration,,Undergraduate,6.0,Online or In Person,2023
1899,LAWS4260,Law and Psychology,,Undergraduate,6.0,In Person,2023
1900,LAWS4229,Law and Society in South East Asia,First Semester,Undergraduate,6.0,Online or In Person,2023
1901,LAWS8594,Law and Society in South East Asia,First Semester,Postgraduate,6.0,Online or In Person,2023
1902,LAWS4280,Law and the Humanities,,Undergraduate,6.0,In Person,2023
1903,LAWS8480,Law and the Humanities,,Postgraduate,6.0,In Person,2023
1904,BUSN2101,Law of Business Entities,First Semester,Undergraduate,6.0,In Person,2023
1905,LAWS8253,Law of The Sea,,Postgraduate,6.0,Online or In Person,2023
1906,LAWS4256,"Law, Gender Identities and Sexualities",Winter Session,Undergraduate,6.0,Online or In Person,2023
1907,LAWS4341,"Law, Markets and Justice",,Undergraduate,6.0,Online or In Person,2023
1908,LAWS4350,"Law, Work and Technology",,Undergraduate,6.0,Online or In Person,2023
1909,LAWS1202,Lawyers Justice and Ethics,Second Semester,Undergraduate,6.0,In Person,2023
1910,LAWS6102,"Lawyers, Justice and Ethics",Second Semester,Postgraduate,6.0,Online or In Person,2023
1911,MGMT3021,Leadership,Second Semester,Undergraduate,6.0,In Person,2023
1912,DIPL2000,Leadership and Diplomacy,,Undergraduate,6.0,In Person,2023
1913,VCUG2002,Leadership and Influence in a Complex World,First Semester,Undergraduate,6.0,In Person,2023
1914,VCPG6003,Leadership and Influence in a Complex World,First Semester,Postgraduate,6.0,In Person,2023
1915,NSPO8012,"Leadership, Risk and National Security Crisis Management",First Semester,Postgraduate,6.0,In Person,2023
1916,MGMT8270,Leading People and Change,First Semester/Second Semester,Postgraduate,6.0,Online or In Person,2023
1917,POGO8067,Leading Public Sector Change,Summer Session,Postgraduate,6.0,In Person,2023
1918,POGO8505,Leading and Influencing Public Policy,,Postgraduate,6.0,In Person,2023
1919,MGMT7062,Leading for Social Impact,Second Semester,Postgraduate,6.0,In Person,2023
1920,POGO8231,Leading in Public Administration,,Postgraduate,3.0,In Person,2023
1921,CHIN2525,Learning Language Locally: China,Winter Session,Undergraduate,6.0,In Person,2023
1922,HIND2525,Learning Language Locally: India,,Undergraduate,6.0,In Person,2023
1923,INDN2525,Learning Language Locally: Indonesia,Summer Session,Undergraduate,6.0,In Person,2023
1924,JPNS2525,Learning Language Locally: Japan,Summer Session,Undergraduate,6.0,In Person,2023
1925,KORE2525,Learning Language Locally: Korea,Summer Session,Undergraduate,6.0,In Person,2023
1926,LAWS4307,Legal Education for True Justice: Indigenous Perspectives and Deep Listening on Country,First Semester,Undergraduate,6.0,Online or In Person,2023
1927,LAWS6307,Legal Education for True Justice: Indigenous Perspectives and Deep Listening on Country,First Semester,Postgraduate,6.0,Online or In Person,2023
1928,LAWS8587,Legal Framework of Regulation,,Postgraduate,6.0,Online or In Person,2023
1929,LAWS2248,Legal Research and Writing,Second Semester,Undergraduate,6.0,In Person,2023
1930,LAWS6249,Legal Theory,Second Semester,Postgraduate,6.0,Online or In Person,2023
1931,LAWS2249,Legal Theory,Second Semester,Undergraduate,6.0,In Person,2023
1932,LAWS8104,Legislation and Legislative Drafting,Spring Session,Postgraduate,6.0,Online,2023
1933,PHIL2289,"Leviathan, Art and Law: Constituting the Body Politic",,Undergraduate,6.0,In Person,2023
1934,LAWS4289,"Leviathan, Art, and Law: Constituting the Body Politic",,Undergraduate,6.0,Online or In Person,2023
1935,ASIA6145,"Lies, Conspiracies and Propaganda",,Postgraduate,6.0,In Person,2023
1936,ASIA2045,"Lies, Conspiracy and Propaganda",,Undergraduate,6.0,In Person,2023
1937,STAT3037,Life Contingencies,Second Semester,Undergraduate,6.0,In Person,2023
1938,STAT6043,Life Contingencies,Second Semester,Postgraduate,6.0,In Person,2023
1939,DEMO8092,Life Course Analytics,Second Semester,Postgraduate,6.0,Online or In Person,2023
1940,DEMO4092,Life Course Analytics,,Undergraduate,6.0,In Person,2023
1941,POPH8918,Life Course Approaches to Human Ageing,,Postgraduate,6.0,Online or In Person,2023
1942,PHYS1004,Life Physics,Second Semester,Undergraduate,6.0,In Person,2023
1943,ASIA6308,Linguistic Histories in Asia and the Pacific,,Postgraduate,6.0,Online or In Person,2023
1944,ASIA2308,Linguistic Histories in Asia and the Pacific,,Undergraduate,6.0,Online or In Person,2023
1945,ASIA2100,Linguistic Histories in Asia and the Pacific (L),,Undergraduate,6.0,Online or In Person,2023
1946,LING9045,Linguistic theory and practice,First Semester/Second Semester,Postgraduate,6.0,In Person,2023
1947,CHIN2019,Literary Chinese 1,First Semester,Undergraduate,6.0,Online or In Person,2023
1948,CHIN2021,Literary Chinese 2,Second Semester,Undergraduate,6.0,Online or In Person,2023
1949,ASIA3040,Literary and Cultural Discourse in Modern Japan,First Semester,Undergraduate,6.0,Online or In Person,2023
1950,ASIA6040,Literary and Cultural Discourse in Modern Japan,First Semester,Postgraduate,6.0,Online or In Person,2023
1951,ENGL3022,Literature and Modernity,Second Semester,Undergraduate,6.0,In Person,2023
1952,ENGL6022,Literature and Modernity,Second Semester,Postgraduate,6.0,In Person,2023
1953,ENGL3037,"Literature, Law and Human Rights",,Undergraduate,6.0,In Person,2023
1954,LAWS4286,"Literature, Law and Human Rights",,Undergraduate,6.0,Online or In Person,2023
1955,LAWS2244,Litigation and Dispute Management,First Semester,Undergraduate,6.0,In Person,2023
1956,LAWS6244,Litigation and Dispute Management,First Semester,Postgraduate,6.0,Online or In Person,2023
1957,COMP6262,Logic,First Semester,Postgraduate,6.0,In Person,2023
1958,PHIL2080,Logic,First Semester,Undergraduate,6.0,In Person,2023
1959,COMP2620,Logic,First Semester,Undergraduate,6.0,In Person,2023
1960,PHIL1005,Logic and Critical Thinking,Second Semester,Undergraduate,6.0,In Person,2023
1961,PHIL2059,Love Death and Freedom (20th Century French Phenomenology),,Undergraduate,6.0,In Person,2023
1962,ECON7074,Macroeconomic Analysis,First Semester/Second Semester,Postgraduate,6.0,In Person,2023
1963,IDEC8002,Macroeconomic Analysis and Policy,Second Semester,Postgraduate,6.0,In Person,2023
1964,ECON4422,Macroeconomic Theory,First Semester/Second Semester,Undergraduate,6.0,In Person,2023
1965,ECON8022,Macroeconomic Theory (Master),First Semester/Second Semester,Postgraduate,6.0,In Person,2023
1966,ECON1102,Macroeconomics 1,First Semester/Second Semester,Undergraduate,6.0,In Person,2023
1967,ECON2102,Macroeconomics 2,First Semester/Second Semester,Undergraduate,6.0,In Person,2023
1968,ECON3102,Macroeconomics 3,Second Semester,Undergraduate,6.0,In Person,2023
1969,EMSC3024,Magmatism and Metamorphism,First Semester,Undergraduate,6.0,In Person,2023
1970,EMSC6024,Magmatism and Metamorphism,First Semester,Postgraduate,6.0,In Person,2023
1971,ASIA2041,Mainland Southeast Asia: Colonial and Postcolonial Predicaments,Second Semester,Undergraduate,6.0,In Person,2023
1972,DESN2010,Making Creative and Critical Technologies: physical computing for art and design,First Semester,Undergraduate,6.0,In Person,2023
1973,HIST3007,Making History,Second Semester,Undergraduate,6.0,In Person,2023
1974,SCOM3032,Making Modern Science,,Undergraduate,6.0,Online or In Person,2023
1975,SCOM6032,Making Modern Science,,Postgraduate,6.0,Online or In Person,2023
1976,ARTV3031,Making Research for a Studio Practice in the Visual Arts,,Undergraduate,6.0,In Person,2023
1977,BUSN2011,Management Accounting,First Semester/Second Semester,Undergraduate,6.0,In Person,2023
1978,BUSN7031,Management Accounting and Cost Analysis,First Semester/Second Semester,Postgraduate,6.0,In Person,2023
1979,MGMT4500,Management Honours Thesis,First Semester/Second Semester,Undergraduate,6.0,In Person,2023
1980,MGMT4006,Management Research Methods,First Semester,Undergraduate,6.0,In Person,2023
1981,MGMT8006,Management Research Methods,First Semester/Spring Session,Postgraduate,6.0,In Person,2023
1982,MGMT1003,"Management, People and Organisations",First Semester/Second Semester,Undergraduate,6.0,In Person,2023
1983,ECON2014,Managerial Economics,First Semester,Undergraduate,6.0,In Person,2023
1984,ECON6014,Managerial Economics,First Semester,Postgraduate,6.0,In Person,2023
1985,MGMT7107,Managing Across Cultures,Second Semester,Postgraduate,6.0,In Person,2023
1986,ENVS3041,Managing Forested Landscapes,First Semester,Undergraduate,6.0,In Person,2023
1987,ENVS6026,Managing Forested Landscapes,First Semester,Postgraduate,6.0,In Person,2023
1988,POGO8057,Managing Government Finances,Second Semester,Postgraduate,6.0,Online or In Person,2023
1989,MGMT8062,Managing Major Projects,First Semester,Postgraduate,6.0,In Person,2023
1990,MGMT2035,Managing Organisational Change,,Undergraduate,6.0,In Person,2023
1991,POGO8300,Managing Public Sector Organisations,Spring Session,Postgraduate,6.0,Online or In Person,2023
1992,COMP3120,Managing Software Development,First Semester,Undergraduate,6.0,In Person,2023
1993,COMP8110,Managing Software Projects in a System Context,First Semester,Postgraduate,6.0,In Person,2023
1994,COMP4130,Managing Software Quality and Process,First Semester,Undergraduate,6.0,In Person,2023
1995,BUSI7280,Managing in a Global Context,First Semester/Second Semester,Postgraduate,6.0,Online or In Person,2023
1996,BUSI7001,Managing the Global Supply Chain,First Semester,Postgraduate,6.0,In Person,2023
1997,ENGN4212,Manufacturing Technologies,Second Semester,Undergraduate,6.0,In Person,2023
1998,ENGN6212,Manufacturing Technologies,Second Semester,Postgraduate,6.0,In Person,2023
1999,ASIA2018,Maps and Mapping in Asia and the Pacific,,Undergraduate,6.0,Online or In Person,2023
2000,ASIA6018,Maps and Mapping in Asia and the Pacific,,Postgraduate,6.0,Online or In Person,2023
2001,EMSC3023,Marine Biogeochemistry,First Semester,Undergraduate,6.0,In Person,2023
2002,EMSC6023,Marine Biogeochemistry,First Semester,Postgraduate,6.0,In Person,2023
2003,LAWS8315,Maritime Security Law,,Postgraduate,6.0,Online,2023
2004,MKTG2004,Marketing,First Semester/Second Semester,Undergraduate,6.0,In Person,2023
2005,MKTG4500,Marketing Honours Thesis,First Semester/Second Semester,Undergraduate,6.0,In Person,2023
2006,MKTG7260,Marketing Management,First Semester/Second Semester/Spring Session,Postgraduate,6.0,Online or In Person,2023
2007,MKTG2001,Marketing Research,Second Semester,Undergraduate,6.0,In Person,2023
2008,MKTG2003,Marketing for Financial Services,,Undergraduate,6.0,In Person,2023
2009,MKTG7001,Marketing for Leaders,First Semester,Postgraduate,6.0,In Person,2023
2010,BUSN8802,Master Research Project (Commerce),,Postgraduate,12.0,In Person,2023
2011,BUSN8803,Master Sub-Thesis (Commerce),,Postgraduate,18.0,In Person,2023
2012,BUSN8804,Master Sub-Thesis (Commerce),First Semester/Second Semester,Postgraduate,6.0,In Person,2023
2013,ENGN8180,Master Thesis Project,,Postgraduate,12.0,In Person,2023
2014,PHYS8207,Master of Nuclear Science Research Project,Summer Session/First Semester/Autumn Session/Winter Session/Second Semester/Spring Session,Postgraduate,6.0,In Person,2023
2015,SCOM8000,Master of Science Communication Research Project,First Semester/Second Semester,Postgraduate,6.0,Online or In Person,2023
2016,MMIB8006,Master's Thesis (Business Studies),First Semester/Second Semester,Postgraduate,6.0,In Person,2023
2017,ARCH8037,Masterclass in Archaeological and Evolutionary Science,Winter Session/Spring Session,Postgraduate,6.0,In Person,2023
2018,IDEC8064,Masters Microeconomics,First Semester,Postgraduate,6.0,Online or In Person,2023
2019,IDEC8011,Masters Research Essay,First Semester/Second Semester,Postgraduate,6.0,In Person,2023
2020,PHYS8000,Masters Research Project,First Semester/Second Semester,Postgraduate,12.0,In Person,2023
2021,MATH8705,Masters Special Topics in Mathematics,First Semester/Second Semester,Postgraduate,6.0,In Person,2023
2022,PHYS8750,Masters Special Topics in Physics,Summer Session/First Semester/Second Semester,Postgraduate,6.0,Online or In Person,2023
2023,ENVS8000,Masters Thesis,First Semester/Second Semester,Postgraduate,12.0,In Person,2023
2024,ENVS8000P,Masters Thesis,,Postgraduate,12.0,In Person,2023
2025,CHEM2213,Materials Chemistry,Second Semester,Undergraduate,6.0,In Person,2023
2026,CHEM6213,Materials Chemistry,Second Semester,Postgraduate,6.0,In Person,2023
2027,MUSI1510,"Materials of Music: Sound, Perception and Documentation",Second Semester,Undergraduate,6.0,Online or In Person,2023
2028,MATH1113,Mathematical Foundations for Actuarial Studies,Second Semester,Undergraduate,6.0,In Person,2023
2029,IDEC8015,Mathematical Methods in Applied Economics,First Semester,Postgraduate,6.0,In Person,2023
2030,EMET7001,Mathematical Techniques for Economic Analysis,First Semester/Second Semester,Postgraduate,6.0,In Person,2023
2031,MATH8702,Mathematics Reading Course,Summer Session/First Semester/Second Semester,Postgraduate,6.0,In Person,2023
2032,MATH8701,Mathematics Research Project,Summer Session/First Semester/Second Semester,Postgraduate,6.0,In Person,2023
2033,MATH1013,Mathematics and Applications 1,First Semester/Second Semester,Undergraduate,6.0,In Person,2023
2034,MATH1014,Mathematics and Applications 2,First Semester/Second Semester/Spring Session,Undergraduate,6.0,In Person,2023
2035,MATH3512,Matrix Computations,Second Semester,Undergraduate,6.0,In Person,2023
2036,MATH6112,Matrix Computations,Second Semester,Postgraduate,6.0,In Person,2023
2037,POLS2137,"Meaning in Politics: Interpretation, Method and Critique",First Semester,Undergraduate,6.0,In Person,2023
2038,ENGN2217,Mechanical Systems and Design,First Semester,Undergraduate,6.0,In Person,2023
2039,ARAB3011,Media Arabic 1,,Undergraduate,6.0,Online or In Person,2023
2040,ARAB3008,Media Arabic 2,,Undergraduate,6.0,Online or In Person,2023
2041,LAWS8402,Media Law,Second Semester,Postgraduate,6.0,Online or In Person,2023
2042,LAWS4202,Media Law,Second Semester,Undergraduate,6.0,Online or In Person,2023
2043,POLS3038,Media and Politics,,Undergraduate,6.0,In Person,2023
2044,SOCY2170,"Media, Technology and Society",,Undergraduate,6.0,In Person,2023
2045,SOCY6170,"Media, Technology and Society",,Postgraduate,6.0,In Person,2023
2046,LAWS4343,Mediation Skills Practicum,Winter Session,Undergraduate,6.0,In Person,2023
2047,MEDN6001,Medical Physiology and Pharmacology,First Semester,Postgraduate,6.0,In Person,2023
2048,MEDN2001,Medical Physiology and Pharmacology,First Semester,Undergraduate,6.0,In Person,2023
2049,MEDN4001,Medical Research Honours,First Semester/Autumn Session/Second Semester,Undergraduate,12.0,In Person,2023
2050,MEDN8701,Medical Research Project,First Semester/Second Semester,Postgraduate,12.0,In Person,2023
2051,BIOL3190,Medical Science in the Workplace,Second Semester,Undergraduate,6.0,In Person,2023
2052,MEDI8011,Medicine 1A,First Semester,Postgraduate,24.0,In Person,2023
2053,MEDI8012,Medicine 1B,Second Semester,Postgraduate,24.0,In Person,2023
2054,MEDI8020,Medicine 2,First Semester/Second Semester,Postgraduate,21.0,In Person,2023
2055,MEDI8020B,Medicine 2,,Postgraduate,21.0,In Person,2023
2056,MEDI8020A,Medicine 2,,Postgraduate,21.0,In Person,2023
2057,MEDI8030,Medicine 3,First Semester/Second Semester,Postgraduate,24.0,In Person,2023
2058,MEDI8030A,Medicine 3,,Postgraduate,24.0,In Person,2023
2059,MEDI8030B,Medicine 3,,Postgraduate,24.0,In Person,2023
2060,MEDI8040,Medicine 4,First Semester/Second Semester,Postgraduate,24.0,In Person,2023
2061,MEDI8040A,Medicine 4,,Postgraduate,24.0,In Person,2023
2062,MEDI8040B,Medicine 4,,Postgraduate,24.0,In Person,2023
2063,ANTH6026,"Medicine, Healing and the Body",Second Semester,Postgraduate,6.0,In Person,2023
2064,ANTH2026,"Medicine, Healing and the Body",Second Semester,Undergraduate,6.0,In Person,2023
2065,EMSC6032,"Melting Polar Ice Sheets, Sea Level Variations and Climate Change",First Semester,Postgraduate,6.0,In Person,2023
2066,EMSC3032,"Melting Polar Ice Sheets, Sea Level Variations and Climate Change",First Semester,Undergraduate,6.0,In Person,2023
2067,PHIL2129,Meta-ethics: The Nature of Moral Judgment,Second Semester,Undergraduate,6.0,In Person,2023
2068,ARTH8012,Methodologies of Art History,First Semester,Postgraduate,12.0,In Person,2023
2069,ARTH4017,Methodologies of Art History,First Semester,Undergraduate,12.0,In Person,2023
2070,ARTV8041,Methodologies of Contemporary Art Practices,First Semester,Postgraduate,12.0,In Person,2023
2071,REGN9076,Methods in Interdisciplinary Research,Winter Session,Postgraduate,6.0,Online or In Person,2023
2072,REGN8001,Methods in Interdisciplinary Research,Winter Session,Postgraduate,6.0,Online or In Person,2023
2073,ARCH8040,Microanalysis in Archaeological Science,First Semester,Postgraduate,6.0,In Person,2023
2074,ECON7073,Microeconomic Analysis,First Semester/Second Semester,Postgraduate,6.0,In Person,2023
2075,IDEC8016,Microeconomic Analysis and Policy,First Semester,Postgraduate,6.0,In Person,2023
2076,ECON8011,Microeconomic Theory,First Semester/Second Semester,Postgraduate,6.0,In Person,2023
2077,ECON4411,Microeconomic Theory,First Semester,Undergraduate,6.0,In Person,2023
2078,ECON1101,Microeconomics 1,First Semester/Second Semester,Undergraduate,6.0,In Person,2023
2079,ECON2101,Microeconomics 2,First Semester/Second Semester,Undergraduate,6.0,In Person,2023
2080,ECON3101,Microeconomics 3,First Semester,Undergraduate,6.0,In Person,2023
2081,IDEC8034,Middle Eastern Economies,First Semester,Postgraduate,6.0,Online or In Person,2023
2082,DEMO2003,Migration in the Modern World,Second Semester,Undergraduate,6.0,In Person,2023
2083,SOCR8011,Mixed Methods Social Research,Winter Session,Postgraduate,6.0,In Person,2023
2084,IDEC8127,Modelling the Global Economy: techniques and policy implications,Second Semester,Postgraduate,6.0,Online or In Person,2023
2085,CHIN1012,Modern Chinese 1: Spoken,First Semester,Undergraduate,6.0,Online or In Person,2023
2086,CHIN1013,Modern Chinese 1: Written,First Semester,Undergraduate,6.0,Online or In Person,2023
2087,CHIN2022,Modern Chinese 2: Spoken,Second Semester,Undergraduate,6.0,Online or In Person,2023
2088,CHIN2023,Modern Chinese 2: Written,Second Semester,Undergraduate,6.0,Online or In Person,2023
2089,CHIN2014,Modern Chinese 3,First Semester,Undergraduate,6.0,Online or In Person,2023
2090,CHIN2017,Modern Chinese 4,Second Semester,Undergraduate,6.0,Online or In Person,2023
2091,CHIN3022,Modern Chinese 5,First Semester,Undergraduate,6.0,Online or In Person,2023
2092,CHIN3023,Modern Chinese 6,Second Semester,Undergraduate,6.0,Online or In Person,2023
2093,MEAS3005,"Modern Iraq: State, Politics and Society",First Semester,Undergraduate,6.0,Online or In Person,2023
2094,MEAS6005,"Modern Iraq: State, Politics and Society",First Semester,Postgraduate,6.0,In Person,2023
2095,CHEM8032,Modern Materials Applications,First Semester,Postgraduate,6.0,In Person,2023
2096,CHEM8030,Modern Materials Characterisation,First Semester,Postgraduate,6.0,In Person,2023
2097,PHIL2074,Modern Theories of Knowledge,First Semester,Undergraduate,6.0,In Person,2023
2098,MEAS6503,"Modern Turkey: History, Society and Culture",First Semester,Postgraduate,6.0,In Person,2023
2099,MEAS2003,"Modern Turkey: History, Society and Culture",First Semester,Undergraduate,6.0,In Person,2023
2100,BIOL6162,Molecular Gene Technology,Second Semester,Postgraduate,6.0,In Person,2023
2101,BIOL2162,Molecular Gene Technology,Second Semester,Undergraduate,6.0,In Person,2023
2102,CHEM3208,Molecular Modeling and Computational Chemistry,Second Semester,Undergraduate,6.0,In Person,2023
2103,CHEM6208,Molecular Modelling and Computational Chemistry,Second Semester,Postgraduate,6.0,In Person,2023
2104,ECON2026,Money and Banking,First Semester,Undergraduate,6.0,In Person,2023
2105,MNGL1002,Mongolian 1,First Semester,Undergraduate,6.0,Online,2023
2106,MNGL1003,Mongolian 2,Second Semester,Undergraduate,6.0,Online,2023
2107,MNGL2002,Mongolian 3,First Semester,Undergraduate,6.0,Online,2023
2108,MNGL2003,Mongolian 4,Second Semester,Undergraduate,6.0,Online,2023
2109,SCRN2001,Moving Pictures: Genre and Theory in Screen Studies,,Undergraduate,6.0,In Person,2023
2110,SPAN2604,Multilingualism and indigenous peoples in the Americas,,Undergraduate,6.0,In Person,2023
2111,MUSC8017,Museums and Collections: Key Concepts and Practices,First Semester,Postgraduate,6.0,Online or In Person,2023
2112,MUSC8011,Museums and Heritage Extended Research Project,Summer Session/First Semester/Autumn Session/Winter Session/Second Semester/Spring Session,Postgraduate,12.0,Online or In Person,2023
2113,MUSC8009,Museums and Heritage Research Project,Summer Session/First Semester/Autumn Session/Winter Session/Second Semester/Spring Session,Postgraduate,6.0,Online or In Person,2023
2114,MUSI2220,Music Ensemble,First Semester/Second Semester,Undergraduate,6.0,In Person,2023
2115,MUSI8012,Music Graduate Exegesis,,Postgraduate,6.0,In Person,2023
2116,MUSI4412,Music Honours Ensemble,First Semester/Second Semester,Undergraduate,6.0,In Person,2023
2117,MUSI4410,Music Honours Exegesis,Second Semester,Undergraduate,6.0,In Person,2023
2118,MUSI4411,Music Honours Extended Exegesis,Second Semester,Undergraduate,12.0,In Person,2023
2119,MUSI1101,Music Performance 1,First Semester,Undergraduate,6.0,In Person,2023
2120,MUSI1102,Music Performance 2,First Semester/Second Semester,Undergraduate,6.0,In Person,2023
2121,MUSI2201,Music Performance 3,First Semester/Second Semester,Undergraduate,6.0,In Person,2023
2122,MUSI2202,Music Performance 4,First Semester/Second Semester,Undergraduate,6.0,In Person,2023
2123,MUSI3301,Music Performance 5,First Semester/Second Semester,Undergraduate,6.0,In Person,2023
2124,MUSI3302,Music Performance 6,First Semester/Second Semester,Undergraduate,6.0,In Person,2023
2125,MUSI2205,Music Project,First Semester/Second Semester,Undergraduate,6.0,In Person,2023
2126,MUSI2209,Music Recording and Production Techniques,Second Semester,Undergraduate,6.0,In Person,2023
2127,MUSI6209,Music Recording and Production Techniques,Second Semester,Postgraduate,6.0,In Person,2023
2128,MUSI6009,Music and Digital Media,First Semester,Postgraduate,6.0,In Person,2023
2129,MUSI3309,Music and Digital Media,First Semester,Undergraduate,6.0,In Person,2023
2130,MUSI3310,Music and Globalisation,,Undergraduate,6.0,In Person,2023
2131,MUSI6007,Music and Globalisation,,Postgraduate,6.0,In Person,2023
2132,MUSI2228,Music from 1900 to the Present: A Century of Crisis and Change,Second Semester,Undergraduate,6.0,In Person,2023
2133,MUSI2222,Music in the Long 19th Century: From Classicism to Modernism,First Semester,Undergraduate,6.0,In Person,2023
2134,MUSI2227,"Music, Sound and the Moving Image",First Semester,Undergraduate,6.0,In Person,2023
2135,SPAN2102,Más que palabras: A Journey around the Hispanic World,Second Semester,Undergraduate,6.0,In Person,2023
2136,CHEM6313,NMR Spectroscopy and Mass Spectrometry of Small and Large Molecules,First Semester,Postgraduate,6.0,In Person,2023
2137,CHEM3013,NMR spectroscopy and mass spectrometry of small and large molecules,First Semester,Undergraduate,6.0,In Person,2023
2138,ENGN4810,Nanotechnology and Applications,Second Semester,Undergraduate,6.0,In Person,2023
2139,HIST8026,Nation and Memory: The Purposes and Politics of Remembrance,First Semester,Postgraduate,6.0,Online or In Person,2023
2140,NSPO8006,National Security Policymaking,Second Semester,Postgraduate,6.0,In Person,2023
2141,NSPO8050,"National Security, Human Rights, and International Law",,Postgraduate,6.0,Online or In Person,2023
2142,NSPO8007,National Security: Concepts and Methods,First Semester,Postgraduate,6.0,In Person,2023
2143,ASIA8020,National and Transnational Histories in Asia and the Pacific,First Semester,Postgraduate,6.0,Online or In Person,2023
2144,ASIA2093,Natural Resource Conflicts in Asia and the Pacific,Second Semester,Undergraduate,6.0,Online or In Person,2023
2145,HIST2226,Nazi Germany,First Semester,Undergraduate,6.0,In Person,2023
2146,MGMT2004,Negotiation,Second Semester,Undergraduate,6.0,In Person,2023
2147,DIPL8044,Negotiation and Conflict Resolution,First Semester,Postgraduate,6.0,In Person,2023
2148,ENGN6628,Network Optimisation and Control,Second Semester,Postgraduate,6.0,In Person,2023
2149,COMP3704,Network Security,Second Semester,Undergraduate,6.0,In Person,2023
2150,COMP2410,Networked Information Systems,First Semester,Undergraduate,6.0,In Person,2023
2151,COMP6340,Networked Information Systems,First Semester,Postgraduate,6.0,In Person,2023
2152,COMP4660,"Neural Networks, Deep Learning and Bio-inspired Computing",Second Semester,Undergraduate,6.0,In Person,2023
2153,COMP8920,"Neural Networks, Deep Learning and Bio-inspired Computing",,Postgraduate,6.0,In Person,2023
2154,COMP8420,"Neural Networks, Deep Learning and Bio-inspired Computing",Second Semester,Postgraduate,6.0,In Person,2023
2155,PSYC3016,Neuropsychology and Cognitive Neuroscience,First Semester,Undergraduate,6.0,In Person,2023
2156,PSYC6016,Neuropsychology and Cognitive Neuroscience,First Semester,Postgraduate,6.0,In Person,2023
2157,NEUR8704,Neuroscience Essay,Summer Session/First Semester/Autumn Session/Winter Session/Second Semester/Spring Session,Postgraduate,6.0,In Person,2023
2158,NEUR4005,Neuroscience IV Honours (S),,Undergraduate,6.0,In Person,2023
2159,NEUR8010,Neuroscience Research Project,Summer Session/First Semester/Autumn Session/Winter Session/Second Semester/Spring Session,Postgraduate,6.0,In Person,2023
2160,NEUR8700,Neuroscience Research proposal,Summer Session/First Semester/Autumn Session/Winter Session/Second Semester/Spring Session,Postgraduate,6.0,In Person,2023
2161,MEAS2001,New States of Eurasia: Emerging Issues in Politics and Security,Second Semester,Undergraduate,6.0,In Person,2023
2162,MGMT7161,New Venture Creation,First Semester,Postgraduate,6.0,In Person,2023
2163,PHIL2087,Nietzsche,,Undergraduate,6.0,In Person,2023
2164,ENGN9820,Non Award Engineering and Computer Science Research Exchange,Summer Session/First Semester/Autumn Session/Winter Session/Second Semester/Spring Session,Postgraduate,3.0,In Person,2023
2165,PHYS4303,Nonlinear Dynamics in Physics,First Semester,Undergraduate,6.0,In Person,2023
2166,PHYS8303,Nonlinear Dynamics in Physics,First Semester,Postgraduate,6.0,In Person,2023
2167,ASIA2096,"North Korea: History, Culture, Politics",Summer Session,Undergraduate,6.0,Online or In Person,2023
2168,PHYS8205,Nuclear Fuel Cycle,Second Semester,Postgraduate,6.0,In Person,2023
2169,PHYS8206,Nuclear Measurement,Second Semester,Postgraduate,6.0,In Person,2023
2170,INTR2024,Nuclear Politics in Asia: Challenges and Opportunities,Second Semester,Undergraduate,6.0,In Person,2023
2171,STST8026,Nuclear Strategy,First Semester,Postgraduate,6.0,Online or In Person,2023
2172,LAWS8013,Nuclear Weapons Law,Summer Session/Spring Session,Postgraduate,6.0,Online or In Person,2023
2173,MATH3301,Number Theory and Cryptography,Second Semester,Undergraduate,6.0,In Person,2023
2174,MATH6114,Number Theory and Cryptography,Second Semester,Postgraduate,6.0,In Person,2023
2175,MATH6119,Numerical Optimisation,,Postgraduate,6.0,In Person,2023
2176,MATH3514,Numerical Optimisation,,Undergraduate,6.0,In Person,2023
2177,BIAN2119,"Nutrition, Disease and the Environment",First Semester,Undergraduate,6.0,In Person,2023
2178,ASTR4011,Observational Techniques,First Semester,Undergraduate,6.0,In Person,2023
2179,ASTR8011,Observational Techniques,First Semester,Postgraduate,6.0,In Person,2023
2180,COMP3702,Offensive Cyber Security Operations,,Undergraduate,6.0,In Person,2023
2181,SOCR4006,Online Research Methods,Second Semester,Undergraduate,6.0,Online or In Person,2023
2182,SOCR8006,Online Research Methods,Second Semester,Postgraduate,6.0,Online or In Person,2023
2183,SOCY2169,Online Research Methods,Second Semester,Undergraduate,6.0,Online or In Person,2023
2184,IDEC8008,"Open Economy Macroeconomics, Finance, and Development",Second Semester,Postgraduate,6.0,In Person,2023
2185,ARTV3507,Open to Influence: Studio Research,,Undergraduate,6.0,In Person,2023
2186,ARTV6507,Open to Influence: Studio Research,,Postgraduate,6.0,In Person,2023
2187,COMP6330,Operating Systems Implementation,Second Semester,Postgraduate,6.0,In Person,2023
2188,COMP3300,Operating Systems Implementation,Second Semester,Undergraduate,6.0,In Person,2023
2189,ASTR8016,Optical Instrumentation,Second Semester,Postgraduate,6.0,In Person,2023
2190,ENGN6512,Optical Physics,First Semester,Postgraduate,6.0,In Person,2023
2191,PHYS3057,Optical Physics,First Semester,Undergraduate,6.0,In Person,2023
2192,ENGN3512,Optical Physics,First Semester,Undergraduate,6.0,In Person,2023
2193,PHYS6500,Optical Physics,First Semester,Postgraduate,6.0,In Person,2023
2194,COMP8691,Optimisation,Second Semester,Postgraduate,6.0,In Person,2023
2195,COMP4691,Optimisation,Second Semester,Undergraduate,6.0,In Person,2023
2196,ENGN4628,Optimisation and Control with Uncertainty and Constraints,Second Semester,Undergraduate,6.0,In Person,2023
2197,ECON6012,Optimisation for Economics and Financial Economics,First Semester/Second Semester,Postgraduate,6.0,In Person,2023
2198,ECON8013,Optimisation for Economics and Financial Economics,,Postgraduate,6.0,In Person,2023
2199,ECON2125,Optimisation for Economics and Financial Economics,First Semester/Second Semester,Undergraduate,6.0,In Person,2023
2200,SCNC2201,Optimism and Agency in Times of Change,Second Semester,Undergraduate,6.0,Online or In Person,2023
2201,PHYS8017,Optoelectronics and Integrated Optics,Second Semester,Postgraduate,6.0,In Person,2023
2202,HUMN8038,Oral History and Heritage Practice and Theory,,Postgraduate,6.0,In Person,2023
2203,CRIM2007,Order in the Courts: An Introduction to the Australian Judicial System,First Semester,Undergraduate,6.0,Online or In Person,2023
2204,CRIM6008,Order in the Courts: An Introduction to the Australian Judicial System,First Semester,Postgraduate,6.0,In Person,2023
2205,MATH6405,Ordinary Differential Equations and Advanced Vector Calculus,First Semester,Postgraduate,6.0,In Person,2023
2206,MGMT2007,Organisational Behaviour,Second Semester,Undergraduate,6.0,In Person,2023
2207,MGMT8003,Organisational Behaviour,First Semester/Second Semester,Postgraduate,6.0,In Person,2023
2208,ECON4492,Organisational Economics,First Semester,Undergraduate,6.0,In Person,2023
2209,ECON8078,Organisational Economics,First Semester,Postgraduate,6.0,In Person,2023
2210,MGMT8010,Organisational and Ethical Dimensions in Digital Transformation,,Postgraduate,6.0,In Person,2023
2211,CRIM6002,Organised Crime: Understanding a Global Phenomenon,,Postgraduate,6.0,In Person,2023
2212,CRIM2002,Organised Crime: Understanding the Underworld,,Undergraduate,6.0,In Person,2023
2213,CHEM6323,Organometallic Chemistry,First Semester,Postgraduate,6.0,In Person,2023
2214,CHEM3203,Organometallic Chemistry,First Semester,Undergraduate,6.0,In Person,2023
2215,PHIL2100,Origins of Analytical Philosophy,,Undergraduate,6.0,In Person,2023
2216,POPH8316,Outbreak Investigation,Second Semester,Postgraduate,6.0,In Person,2023
2217,COMP4630,Overview of Logic and Computation,Second Semester,Undergraduate,6.0,In Person,2023
2218,PPEI4000,PPE Honours Research Methods,First Semester,Undergraduate,12.0,In Person,2023
2219,POLS1008,PPE Integration 1,Second Semester,Undergraduate,6.0,In Person,2023
2220,PHIL2116,PPE Integration 2,Second Semester,Undergraduate,6.0,In Person,2023
2221,ECON3056,"PPE Integration 3: Classic Literature in Politics, Philosophy and Economics",Second Semester,Undergraduate,6.0,In Person,2023
2222,DIPL8013,Pacific Diplomacy,First Semester,Postgraduate,6.0,Online or In Person,2023
2223,BAPA1003,Pacific Encounters: An introduction to Pacific Studies,Autumn Session,Undergraduate,6.0,In Person,2023
2224,PASI1011,Pacific Encounters: An introduction to Pacific Studies,First Semester,Undergraduate,6.0,In Person,2023
2225,PASI3010,Pacific Engagement Project,Second Semester,Undergraduate,6.0,Online or In Person,2023
2226,PASI8305,Pacific Feminisms,Spring Session,Postgraduate,3.0,Online or In Person,2023
2227,PASI8002,Pacific Foundations: From Maritime Societies to Global Cultures,First Semester,Postgraduate,6.0,Online or In Person,2023
2228,PASI8004,Pacific Health Development Post-Covid,Winter Session,Postgraduate,6.0,Online or In Person,2023
2229,PASI6005,Pacific Islands Field School,Spring Session,Postgraduate,6.0,In Person,2023
2230,PASI3005,Pacific Islands Field School,Spring Session,Undergraduate,6.0,In Person,2023
2231,POLS2055,Pacific Politics,Second Semester,Undergraduate,6.0,In Person,2023
2232,PASI8315,Pacific Research Methodologies for Development,Spring Session,Postgraduate,3.0,Online or In Person,2023
2233,PASI6001,Pacific Studies in a Globalising World,First Semester,Postgraduate,6.0,Online or In Person,2023
2234,PASI2001,Pacific Studies in a Globalising World,First Semester,Undergraduate,6.0,Online or In Person,2023
2235,PASI1012,Pacific Worlds: critical inquiry in Oceania,Second Semester,Undergraduate,6.0,Online or In Person,2023
2236,ARTV2506,Painting: Approaches to Abstraction,First Semester,Undergraduate,6.0,In Person,2023
2237,ARTV2509,Painting: Approaches to Composition and Colour,,Undergraduate,6.0,In Person,2023
2238,ARTV1502,Painting: Composition & Space,Second Semester,Undergraduate,6.0,In Person,2023
2239,ARTV3510,Painting: Critical Analysis and Reflection in the Studio,,Undergraduate,6.0,In Person,2023
2240,ARTV1501,Painting: Introducing Painting,First Semester,Undergraduate,6.0,In Person,2023
2241,ARTV3508,Painting: Materiality and Meaning,,Undergraduate,6.0,In Person,2023
2242,ARTV6508,Painting: Materiality and Meaning,,Postgraduate,6.0,In Person,2023
2243,ARTV2507,Painting: Painting in the Photo Digital Age,Second Semester,Undergraduate,6.0,In Person,2023
2244,ARTV2508,Painting: Taking Your Own Direction,Second Semester,Undergraduate,6.0,In Person,2023
2245,ENVS3029,Palaeo-Environmental Reconstruction,First Semester,Undergraduate,6.0,In Person,2023
2246,ENVS6529,Palaeo-Environmental Reconstruction,First Semester,Postgraduate,6.0,In Person,2023
2247,EMSC3027,Palaeoclimatology and Climate Change,,Undergraduate,6.0,Online or In Person,2023
2248,EMSC6027,Palaeoclimatology and Climate Change,,Postgraduate,6.0,In Person,2023
2249,NSPO8043,"Pandemics, Infectious Diseases and National Security",Winter Session,Postgraduate,3.0,In Person,2023
2250,LING3031,Papuan Languages,,Undergraduate,6.0,Online or In Person,2023
2251,LING6031,Papuan languages,,Postgraduate,6.0,Online or In Person,2023
2252,COMP4300,Parallel Systems,First Semester,Undergraduate,6.0,In Person,2023
2253,COMP8300,Parallel Systems,First Semester,Postgraduate,6.0,In Person,2023
2254,MATH6406,"Partial Differential Equations,  Fourier Analysis and Complex Analysis",Second Semester,Postgraduate,6.0,In Person,2023
2255,POGO8136,Participating in Public Policy: Citizen Engagement and Public Talk,Winter Session,Postgraduate,6.0,In Person,2023
2256,ENVS6021,Participatory Resource Management: Working with Communities and Stakeholders,Spring Session,Postgraduate,6.0,In Person,2023
2257,ENVS3007,Participatory Resource Management: Working with Communities and Stakeholders,Spring Session,Undergraduate,6.0,In Person,2023
2258,ENVS8018,Partnership Research for Agricultural and Natural Resource-Based Development,First Semester,Postgraduate,6.0,In Person,2023
2259,MEDN6002,Pathogenesis of Human Disease,Second Semester,Postgraduate,6.0,In Person,2023
2260,MEDN2002,Pathogenesis of Human Disease,Second Semester,Undergraduate,6.0,In Person,2023
2261,EMDV8011,Payments for Environmental Services,Autumn Session,Postgraduate,6.0,Online or In Person,2023
2262,POLS2123,Peace and Conflict Studies,Second Semester,Undergraduate,6.0,In Person,2023
2263,INTR1022,Peacebuilding and Conflict Resolution,Second Semester,Undergraduate,6.0,In Person,2023
2264,MGMT2006,Personal Leadership,,Undergraduate,6.0,In Person,2023
2265,PSYC3026,Personality Psychology,Second Semester,Undergraduate,6.0,In Person,2023
2266,CHMD8014,"Perspectives on Culture, Health and Medicine",Second Semester,Postgraduate,6.0,Online or In Person,2023
2267,POGO8232,Persuasion for Policymakers,,Postgraduate,3.0,In Person,2023
2268,PHIL2122,Philosophy and Public Policy,,Undergraduate,6.0,In Person,2023
2269,PHIL2123,Philosophy and Science Fiction,,Undergraduate,6.0,In Person,2023
2270,PHIL2061,Philosophy of Mind,,Undergraduate,6.0,In Person,2023
2271,PHIL2128,Philosophy of Physics,,Undergraduate,6.0,In Person,2023
2272,PHIL2057,Philosophy of Science,,Undergraduate,6.0,Online or In Person,2023
2273,MATH1042,Philosophy of the Cosmos,First Semester,Undergraduate,6.0,In Person,2023
2274,PHIL2042,Philosophy of the Cosmos,First Semester,Undergraduate,6.0,In Person,2023
2275,PHIL3076,Philosophy of the Life Sciences,,Undergraduate,6.0,In Person,2023
2276,PHIL2290,"Philosophy, AI and Society",,Undergraduate,6.0,Online or In Person,2023
2277,ARTV6610,PhotoVideo: Interrogating the Camera,Winter Session,Postgraduate,6.0,In Person,2023
2278,ARTV1610,PhotoVideo: Interrogating the Camera,Winter Session,Undergraduate,6.0,In Person,2023
2279,ARTH6050,Photography and Art,Second Semester,Postgraduate,6.0,In Person,2023
2280,ARTH2050,Photography and Art,Second Semester,Undergraduate,6.0,In Person,2023
2281,ARTV1602,Photomedia: Colour Photography and Digital Skills,,Undergraduate,6.0,In Person,2023
2282,ARTV6602,Photomedia: Colour Photography and Digital Skills,,Postgraduate,6.0,In Person,2023
2283,ARTV2606,Photomedia: Digital Photography and Studio Lighting,,Undergraduate,6.0,In Person,2023
2284,ARTV6606,Photomedia: Digital Photography and Studio Lighting,,Postgraduate,6.0,In Person,2023
2285,ARTV6608,Photomedia: Experimental Processes,,Postgraduate,6.0,In Person,2023
2286,ARTV2608,Photomedia: Experimental Processes,Second Semester,Undergraduate,6.0,In Person,2023
2287,PHYS3051,Photonic Sensing Systems,Second Semester,Undergraduate,6.0,In Person,2023
2288,PHYS6502,Photonic Sensing Systems,Second Semester,Postgraduate,6.0,In Person,2023
2289,ENGN4613,Photonic Sensing Systems,Second Semester,Undergraduate,6.0,In Person,2023
2290,ENGN6613,Photonic Sensing Systems,Second Semester,Postgraduate,6.0,In Person,2023
2291,ENGN8830,Photovoltaic Power Plants,Second Semester,Postgraduate,6.0,In Person,2023
2292,ENGN4524,Photovoltaic Technologies,First Semester,Undergraduate,6.0,In Person,2023
2293,ENGN6524,Photovoltaic Technologies,First Semester,Postgraduate,6.0,In Person,2023
2294,PHYS1201,Physics 2,Second Semester,Undergraduate,6.0,In Person,2023
2295,PHYS3104,Physics Advanced Laboratory,First Semester/Second Semester,Undergraduate,6.0,In Person,2023
2296,PHYS1101,Physics I,First Semester/Second Semester,Undergraduate,6.0,In Person,2023
2297,PHYS2205,Physics for Future Leaders,Second Semester,Undergraduate,6.0,In Person,2023
2298,PHYS6205,Physics for Future Leaders,Second Semester,Postgraduate,6.0,In Person,2023
2299,PHYS6105,Physics of Matter,First Semester,Postgraduate,6.0,In Person,2023
2300,PHYS3105,Physics of Matter,First Semester,Undergraduate,6.0,In Person,2023
2301,PHYS6070,Physics of the Earth,Second Semester,Postgraduate,6.0,In Person,2023
2302,PHYS3070,Physics of the Earth,Second Semester,Undergraduate,6.0,In Person,2023
2303,EMSC4008,Physics of the Earth Honours Reseach Project,First Semester/Second Semester,Undergraduate,3.0,In Person,2023
2304,SPAN2107,Picturing Latin America and Spain,First Semester,Undergraduate,6.0,In Person,2023
2305,SCRN2107,Picturing Latin America and Spain,First Semester,Undergraduate,6.0,In Person,2023
2306,ARTV1804,"Place, time, and wood",,Undergraduate,6.0,In Person,2023
2307,HIST2112,"Plagues, Pandemics and Public Health in History",First Semester,Undergraduate,6.0,In Person,2023
2308,EMSC6022,Planetary Science,Second Semester,Postgraduate,6.0,In Person,2023
2309,EMSC3022,Planetary Science,Second Semester,Undergraduate,6.0,In Person,2023
2310,LAWS8146,Planning and Environmental Impact Assessment,,Postgraduate,6.0,Online or In Person,2023
2311,BIOL3125,Plants and Global Climate Change,Second Semester,Undergraduate,6.0,In Person,2023
2312,BIOL6125,Plants and Global Climate Change,Second Semester,Postgraduate,6.0,In Person,2023
2313,BIOL3002,Plants: Genes and the Environment,Second Semester,Undergraduate,6.0,In Person,2023
2314,BIOL6002,Plants: Genes to Environment,Second Semester,Postgraduate,6.0,In Person,2023
2315,ARTH8022,Points of View: Developing Strategies for Independent Research in Art & Design,,Postgraduate,12.0,In Person,2023
2316,CRIM6013,Policing,,Postgraduate,6.0,In Person,2023
2317,CRIM2013,Policing,,Undergraduate,6.0,In Person,2023
2318,POGO8083,Policy Advocacy,Winter Session,Postgraduate,6.0,In Person,2023
2319,CRWF7002,Policy Field School ,,Postgraduate,6.0,In Person,2023
2320,POGO8096,Policy Research,Second Semester,Postgraduate,6.0,In Person,2023
2321,POGO8233,Policy Tools & Mixes,Winter Session,Postgraduate,3.0,In Person,2023
2322,POLS2102,Political Belief and Deceit,,Undergraduate,6.0,In Person,2023
2323,POLS8052,Political Economy of Development,,Postgraduate,6.0,In Person,2023
2324,PASI8009,Political Economy of Elections in Melanesia,Summer Session,Postgraduate,6.0,Online or In Person,2023
2325,POLS3039,Political Leadership and Executive Government,First Semester,Undergraduate,6.0,In Person,2023
2326,BAPA3003,Politics and Development in the Contemporary Pacific,Autumn Session,Undergraduate,6.0,Online or In Person,2023
2327,PASI3001,Politics and Development in the Contemporary Pacific,First Semester,Undergraduate,6.0,Online or In Person,2023
2328,ASIA2049,Politics and Society in Contemporary Korea,,Undergraduate,6.0,Online or In Person,2023
2329,POLS3070,Politics in Central Asia,,Undergraduate,6.0,In Person,2023
2330,POLS2095,Politics in Latin America,First Semester,Undergraduate,6.0,In Person,2023
2331,POLS2069,Politics in Russia,First Semester,Undergraduate,6.0,In Person,2023
2332,POLS2031,Politics in the Middle East,Second Semester,Undergraduate,6.0,In Person,2023
2333,ARTV2810,"Politics of Bodies: Sculpture, Figure Modelling, Performance and Choreography",,Undergraduate,6.0,In Person,2023
2334,ARTV2802,"Politics of Memory: Video Installation, Sculpture, Documentary and Monuments",Second Semester,Undergraduate,6.0,In Person,2023
2335,ARTV6822,"Politics of Memory: Video Installation, Sculpture, Documentary and Monuments",,Postgraduate,6.0,In Person,2023
2336,STST2124,Politics of Nuclear Weapons,,Undergraduate,6.0,Online or In Person,2023
2337,ARTV2820,"Politics of Spaces: Installation, Sculpture and Spatial Practice",,Undergraduate,6.0,In Person,2023
2338,ARTV6820,"Politics of Spaces: Installation, Sculpture and Spatial Practice",,Postgraduate,6.0,In Person,2023
2339,ASIA2074,Popular Culture in East Asia,Summer Session,Undergraduate,6.0,Online or In Person,2023
2340,ASIA6074,Popular Culture in East Asia,Summer Session,Postgraduate,6.0,Online or In Person,2023
2341,MUSI6006,Popular Music: In Culture and in Context,First Semester,Postgraduate,6.0,Online or In Person,2023
2342,MUSI3317,Popular Music: In Culture and in Context,First Semester,Undergraduate,6.0,In Person,2023
2343,DEMO2002,Population Analysis,First Semester,Undergraduate,6.0,Online or In Person,2023
2344,POPH4005,Population Health Honours project,First Semester/Second Semester,Undergraduate,6.0,Online or In Person,2023
2345,DEMO8090,Population Issues in Asia and their Implications for World Development,Second Semester,Postgraduate,6.0,In Person,2023
2346,DEMO3001,Population Policy Case Studies,Second Semester,Undergraduate,6.0,In Person,2023
2347,DEMO9024,Population and Society,First Semester,Postgraduate,12.0,In Person,2023
2348,DEMO8024,Population and Society: Theory and Empirical Perspectives,First Semester,Postgraduate,6.0,In Person,2023
2349,SOCY2167,"Populism: Gender, Race, Class and Backlash",First Semester,Undergraduate,6.0,In Person,2023
2350,FINM3008,Portfolio Construction,First Semester/Second Semester,Undergraduate,6.0,In Person,2023
2351,LAWS8314,Post Conflict Situations and International Law,,Postgraduate,6.0,In Person,2023
2352,ARTV1614,Post-Digital Photography: Bending the Image,First Semester,Undergraduate,6.0,Online or In Person,2023
2353,ARTV6614,Post-Digital Photography: Bending the Image,First Semester,Postgraduate,6.0,Online or In Person,2023
2354,PHIL9011,Postgraduate Training in Philosophy: Foundations Seminar,First Semester/Autumn Session/Second Semester/Spring Session,Postgraduate,12.0,In Person,2023
2355,GEND3001,Posthuman Bodies,First Semester,Undergraduate,6.0,In Person,2023
2356,SOCY3010,Posthuman Bodies,First Semester,Undergraduate,6.0,In Person,2023
2357,ARTV2821,"Posthuman Sculpture Practice with Active Materials: Bronze Casting, 3D Modelling and Bio Art",,Undergraduate,6.0,In Person,2023
2358,ARTV6821,"Posthuman Sculpture Practice with Active Materials: Bronze Casting, 3D Modelling and Bio Art",,Postgraduate,6.0,In Person,2023
2359,GEND6501,Posthuman bodies,First Semester,Postgraduate,6.0,In Person,2023
2360,POGO8004,Poverty Reduction,First Semester,Postgraduate,6.0,Online or In Person,2023
2361,ENGN6625,Power Systems and Power Electronics,Second Semester,Postgraduate,6.0,In Person,2023
2362,ENGN4625,Power Systems and Power Electronics,Second Semester,Undergraduate,6.0,In Person,2023
2363,POLS2136,Power and influence in world politics,Spring Session,Undergraduate,6.0,In Person,2023
2364,ENGN3100,Practical Experience,Summer Session/First Semester/Winter Session/Second Semester,Undergraduate,0.0,In Person,2023
2365,POGO8140,Practice-Based Project,,Postgraduate,12.0,In Person,2023
2366,ARTV8038,Practice-led Research Project,First Semester/Second Semester,Postgraduate,6.0,In Person,2023
2367,ARTV8040,Practice-led Research Project - Extended,First Semester/Second Semester,Postgraduate,18.0,In Person,2023
2368,ARTV8039,Practice-led Research Project - Major,First Semester/Second Semester,Postgraduate,12.0,In Person,2023
2369,DESA1021,Precise Drawing and Model Making,,Undergraduate,6.0,In Person,2023
2370,PSYC8513,Preparation for Professional Psychology Placement,First Semester,Postgraduate,6.0,In Person,2023
2371,POLS2043,Pressure Groups and Political Lobbying,,Undergraduate,6.0,In Person,2023
2372,BIAN6514,Primate Behaviour and Conservation,Second Semester,Postgraduate,6.0,Online or In Person,2023
2373,BIAN3127,Primate Behaviour and Conservation,Second Semester,Undergraduate,6.0,Online or In Person,2023
2374,PHYS8013,Principles of Energy Generation and Transformation,First Semester,Postgraduate,6.0,In Person,2023
2375,LAWS8182,Principles of International Law,Summer Session/Winter Session,Postgraduate,6.0,Online or In Person,2023
2376,MGMT8999,Principles of Management,Autumn Session/Spring Session,Postgraduate,0.0,In Person,2023
2377,STAT6039,Principles of Mathematical Statistics,First Semester/Second Semester,Postgraduate,6.0,In Person,2023
2378,STAT6013,Principles of Mathematical Statistics for Actuarial Studies,First Semester/Second Semester,Postgraduate,6.0,In Person,2023
2379,DEMO9008,Principles of Population Analysis,First Semester,Postgraduate,12.0,In Person,2023
2380,DEMO8008,Principles of Population Analysis,First Semester,Postgraduate,6.0,Online or In Person,2023
2381,COMP3610,Principles of Programming Languages,Second Semester,Undergraduate,6.0,In Person,2023
2382,COMP6361,Principles of Programming Languages,Second Semester,Postgraduate,6.0,In Person,2023
2383,POGO8084,Principles of Social Policy,Winter Session,Postgraduate,6.0,In Person,2023
2384,BUSN3014,Principles of Tax Law,First Semester/Second Semester,Undergraduate,6.0,In Person,2023
2385,ARTV2708,Printmedia and Drawing: Construct Meaning with Drawing,Second Semester,Undergraduate,6.0,In Person,2023
2386,ARTV2706,Printmedia and Drawing: Drawing Beyond the Line,First Semester,Undergraduate,6.0,In Person,2023
2387,ARTV2707,Printmedia and Drawing: Extended Etching and Relief Printing,,Undergraduate,6.0,In Person,2023
2388,ARTV2723,Printmedia and Drawing: Extended Screen Printing,,Undergraduate,6.0,In Person,2023
2389,ARTV2727,Printmedia and Drawing: Lithography,,Undergraduate,6.0,In Person,2023
2390,ARTV2717,Printmedia and Drawing: The Book as Art,,Undergraduate,6.0,In Person,2023
2391,ARTV6717,Printmedia and Drawing: The Book as Art,,Postgraduate,6.0,In Person,2023
2392,ARTV2715,Printmedia and Drawing: Typography,,Undergraduate,6.0,In Person,2023
2393,LAWS6304,Prison Legal Literacy Clinic,First Semester/Second Semester,Postgraduate,6.0,In Person,2023
2394,LAWS4304,Prison Legal Literacy Clinic,First Semester/Second Semester,Undergraduate,6.0,In Person,2023
2395,MATH3029,Probability Theory with Applications,First Semester,Undergraduate,6.0,In Person,2023
2396,MATH6109,Probability Theory with Applications,First Semester,Postgraduate,6.0,In Person,2023
2397,ENGN8538,Probability and Stochastic Processes in Engineering,First Semester,Postgraduate,6.0,In Person,2023
2398,ARCH3006,Professional Archaeology,,Undergraduate,6.0,In Person,2023
2399,CRIM3001,Professional Perspectives on Crime and Prevention,Second Semester,Undergraduate,6.0,Online or In Person,2023
2400,COMP6250,Professional Practice 1,First Semester/Second Semester,Postgraduate,6.0,In Person,2023
2401,ENGN6250,Professional Practice 1,First Semester/Second Semester,Postgraduate,6.0,In Person,2023
2402,MEDI8015A,Professional Practice 1,,Postgraduate,0.0,In Person,2023
2403,MEDI8015B,Professional Practice 1,,Postgraduate,0.0,In Person,2023
2404,MEDI8015,Professional Practice 1,First Semester/Second Semester,Postgraduate,0.0,In Person,2023
2405,ENGN8260,Professional Practice 2,First Semester/Autumn Session/Winter Session,Postgraduate,6.0,In Person,2023
2406,MEDI8025B,Professional Practice 2,,Postgraduate,0.0,In Person,2023
2407,MEDI8025,Professional Practice 2,First Semester/Second Semester,Postgraduate,0.0,In Person,2023
2408,MEDI8025A,Professional Practice 2,,Postgraduate,0.0,In Person,2023
2409,COMP8260,Professional Practice 2,First Semester/Autumn Session/Winter Session,Postgraduate,6.0,In Person,2023
2410,MEDI8035A,Professional Practice 3,,Postgraduate,0.0,In Person,2023
2411,MEDI8035B,Professional Practice 3,,Postgraduate,0.0,In Person,2023
2412,MEDI8035,Professional Practice 3,First Semester/Second Semester,Postgraduate,0.0,In Person,2023
2413,MEDI8045A,Professional Practice 4,,Postgraduate,0.0,In Person,2023
2414,MEDI8045,Professional Practice 4,First Semester/Second Semester,Postgraduate,0.0,In Person,2023
2415,MEDI8045B,Professional Practice 4,,Postgraduate,0.0,In Person,2023
2416,ARTV2028,Professional Practice Internship,First Semester/Second Semester,Undergraduate,6.0,In Person,2023
2417,HLTH3002,Professional Practice in Health Science,First Semester/Second Semester,Undergraduate,6.0,In Person,2023
2418,ARTV2027,Professional Practice: Economies and Ecologies in the Australian Cultural Sector,Second Semester,Undergraduate,6.0,In Person,2023
2419,ARTV6027,Professional Practice: Economies and Ecologies in the Australian Cultural Sector,,Postgraduate,6.0,In Person,2023
2420,PSYC8522,Professional Psychology Placement,Second Semester,Postgraduate,12.0,In Person,2023
2421,PSYC8412,Professional Psychology Research Project,First Semester/Second Semester,Postgraduate,6.0,In Person,2023
2422,CRIM6001,Professional perspectives on crime and prevention,,Postgraduate,6.0,Online or In Person,2023
2423,COMP1100,Programming as Problem Solving,First Semester/Second Semester,Undergraduate,6.0,In Person,2023
2424,COMP1130,Programming as Problem Solving (Advanced),First Semester,Undergraduate,6.0,In Person,2023
2425,COMP1730,Programming for Scientists,First Semester/Second Semester,Undergraduate,6.0,In Person,2023
2426,COMP6730,Programming for Scientists,First Semester/Second Semester,Postgraduate,6.0,In Person,2023
2427,HUMN4005,Project Development and Critical Theory in Digital Humanities,First Semester/Second Semester,Undergraduate,6.0,Online or In Person,2023
2428,MGMT8170,Project Management Masters Thesis,First Semester/Second Semester,Postgraduate,6.0,In Person,2023
2429,INFS3059,Project Management and Information Systems,Second Semester,Undergraduate,6.0,In Person,2023
2430,MGMT7024,Project Monitoring and Control,First Semester,Postgraduate,6.0,In Person,2023
2431,MGMT8005,Project Risk and Issues Management,Second Semester,Postgraduate,6.0,In Person,2023
2432,COMP6715,Project Work in Computing,First Semester/Second Semester,Postgraduate,6.0,In Person,2023
2433,COMP3740,Project Work in Computing,First Semester/Second Semester,Undergraduate,6.0,In Person,2023
2434,CECS8002,Projects in Applied Cybernetics,Summer Session/First Semester/Autumn Session/Winter Session/Second Semester/Spring Session,Postgraduate,6.0,In Person,2023
2435,NSPO8045,Propaganda and information war,Spring Session,Postgraduate,3.0,In Person,2023
2436,LAWS6204,Property,First Semester,Postgraduate,6.0,Online or In Person,2023
2437,LAWS2204,Property,First Semester,Undergraduate,6.0,In Person,2023
2438,ENGN4338,Propulsion Systems,First Semester,Undergraduate,6.0,In Person,2023
2439,PHYS8702,Prototyping and Systems Integration,Second Semester,Postgraduate,6.0,In Person,2023
2440,PSYC8413,Psychological Assessment,First Semester,Postgraduate,6.0,In Person,2023
2441,PSYC8421,Psychological Interventions,Second Semester,Postgraduate,6.0,In Person,2023
2442,PSYC1003,"Psychology 1: Understanding Mind, Brain and Behaviour",First Semester,Undergraduate,6.0,In Person,2023
2443,PSYC1004,Psychology 2: Understanding People in Context,Second Semester,Undergraduate,6.0,In Person,2023
2444,PSYC4011,Psychology Honours,First Semester/Second Semester,Undergraduate,12.0,In Person,2023
2445,PSYC3030,Psychology Undergraduate Research Experience,Summer Session/First Semester/Second Semester,Undergraduate,6.0,In Person,2023
2446,PSYC3025,Psychopathology Across the Lifespan,First Semester,Undergraduate,6.0,In Person,2023
2447,POGO8137,Public Administration Foundations,First Semester,Postgraduate,6.0,Online or In Person,2023
2448,POLS2130,Public Choice and Politics,First Semester,Undergraduate,6.0,In Person,2023
2449,POGO8048,Public Finance,,Postgraduate,6.0,In Person,2023
2450,POGO8301,Public Financial Management,Winter Session,Postgraduate,6.0,In Person,2023
2451,POPH8106,Public Health Research Project,Summer Session/First Semester/Autumn Session/Winter Session/Second Semester/Spring Session,Postgraduate,6.0,Online or In Person,2023
2452,POPH8317,Public Health Surveillance,,Postgraduate,6.0,In Person,2023
2453,LAWS4284,Public Interest Law Clinic,,Undergraduate,6.0,In Person,2023
2454,LAWS6284,Public Interest Law Clinic,,Postgraduate,6.0,In Person,2023
2455,CRWF8020,Public Policy Professional Experience,Summer Session/First Semester/Spring Session,Postgraduate,0.0,In Person,2023
2456,CRWF8019,Public Policy and Professional Internship,Summer Session/Winter Session,Postgraduate,6.0,In Person,2023
2457,POGO8132,Public Policy in Cities - Integrating and Governing Change,Summer Session,Postgraduate,3.0,Online or In Person,2023
2458,POLS2002,Public Policy: Theory and Practice,,Undergraduate,6.0,In Person,2023
2459,BUSN3006,Public Sector Accounting,,Undergraduate,6.0,In Person,2023
2460,BUSN7006,Public Sector Accounting and Reporting,,Postgraduate,6.0,In Person,2023
2461,ECON2131,Public Sector Economics,First Semester,Undergraduate,6.0,In Person,2023
2462,ECON4434,Public Sector Economics,First Semester,Undergraduate,6.0,In Person,2023
2463,ECON8034,Public Sector Economics,First Semester,Postgraduate,6.0,In Person,2023
2464,LAWS8522,Public Sector Employment Law,,Postgraduate,6.0,Online or In Person,2023
2465,POGO8021,Public Sector Ethics,Spring Session,Postgraduate,6.0,Online or In Person,2023
2466,POGO8062,Public Sector Management,Second Semester,Postgraduate,6.0,In Person,2023
2467,POGO8236,Public Strategy,,Postgraduate,3.0,Online or In Person,2023
2468,CRIM2008,Punishment and Society: An Introduction to Penology,Second Semester,Undergraduate,6.0,In Person,2023
2469,CHMD8004,Qualitative Methodologies for Health Research,First Semester,Postgraduate,6.0,Online or In Person,2023
2470,POLS3045,Qualitative Methods in Political Science Research,First Semester,Undergraduate,6.0,In Person,2023
2471,SOCR4003,Qualitative Research Analysis,Second Semester,Undergraduate,6.0,In Person,2023
2472,SOCR8003,Qualitative Research Analysis,Second Semester,Postgraduate,6.0,In Person,2023
2473,MGMT8018,Qualitative Research Methods,First Semester,Postgraduate,6.0,In Person,2023
2474,MGMT4018,Qualitative Research Methods,First Semester,Undergraduate,6.0,In Person,2023
2475,ENVS2014,Qualitative Research Methods for Sustainability,,Undergraduate,6.0,In Person,2023
2476,ENVS6014,Qualitative Research Methods for Sustainability,,Postgraduate,6.0,In Person,2023
2477,LING4103,Qualitative Research Methods in Language Studies,First Semester,Undergraduate,6.0,Online or In Person,2023
2478,LING8026,Qualitative Research Methods in Language Studies,First Semester,Postgraduate,6.0,Online or In Person,2023
2479,LING9026,Qualitative Research Methods in Language Studies,First Semester,Postgraduate,6.0,In Person,2023
2480,POLS4044,Qualitative Research in Politics,Second Semester,Undergraduate,6.0,In Person,2023
2481,POLS8044,Qualitative Research in Politics,Second Semester,Postgraduate,6.0,In Person,2023
2482,SOCR4008,Qualitative Social Research,First Semester,Undergraduate,6.0,In Person,2023
2483,SOCR8008,Qualitative data collection,First Semester,Postgraduate,6.0,In Person,2023
2484,IDEC8014,Quantitative Financial Economics,,Postgraduate,6.0,In Person,2023
2485,IDEC8010,Quantitative International Economics,Second Semester,Postgraduate,6.0,Online or In Person,2023
2486,IDEC8012,Quantitative Methods for Monetary Policy Analysis,Winter Session,Postgraduate,6.0,In Person,2023
2487,PSYC2009,Quantitative Methods in Psychology,First Semester,Undergraduate,6.0,In Person,2023
2488,IDEC8026,Quantitative Policy Impact Evaluation,Second Semester,Postgraduate,6.0,In Person,2023
2489,STAT1008,Quantitative Research Methods,First Semester/Second Semester,Undergraduate,6.0,In Person,2023
2490,LING4100,Quantitative Research Methods in Linguistics,Second Semester,Undergraduate,6.0,In Person,2023
2491,LING8027,Quantitative Research Methods in Linguistics,Second Semester,Postgraduate,6.0,In Person,2023
2492,LING9027,Quantitative Research Methods in Linguistics,Second Semester,Postgraduate,6.0,In Person,2023
2493,MGMT8019,Quantitative Research Methods in Management,First Semester,Postgraduate,6.0,In Person,2023
2494,MGMT4019,Quantitative Research Methods in Management,First Semester,Undergraduate,6.0,In Person,2023
2495,POLS8042,Quantitative Research for Political Science,Second Semester,Postgraduate,6.0,In Person,2023
2496,SOCR4009,Quantitative Social Research,,Undergraduate,6.0,In Person,2023
2497,SOCR8009,Quantitative data collection,,Postgraduate,6.0,In Person,2023
2498,PHYS6201,Quantum Field Theory,Second Semester,Postgraduate,6.0,In Person,2023
2499,PHYS3201,Quantum Field Theory,Second Semester,Undergraduate,6.0,In Person,2023
2500,PHYS8302,Quantum Field Theory II,First Semester,Postgraduate,6.0,In Person,2023
2501,PHYS8752,Quantum Industry,Second Semester,Postgraduate,6.0,In Person,2023
2502,PHYS6013,Quantum Mechanics,First Semester,Postgraduate,6.0,In Person,2023
2503,PHYS2013,Quantum Mechanics,First Semester,Undergraduate,6.0,In Person,2023
2504,PHYS4304,Quantum Scattering,First Semester,Undergraduate,6.0,In Person,2023
2505,PHYS8304,Quantum Scattering,First Semester,Postgraduate,6.0,In Person,2023
2506,PHYS8751,Quantum Technology,Second Semester,Postgraduate,6.0,In Person,2023
2507,STAT8500,RSFAS Masters Thesis,First Semester/Second Semester,Postgraduate,6.0,In Person,2023
2508,ACST8500,RSFAS Masters Thesis,First Semester/Second Semester,Postgraduate,12.0,In Person,2023
2509,FINM8500,RSFAS Masters Thesis,First Semester/Second Semester,Postgraduate,12.0,In Person,2023
2510,INTR8083,Race and Global Politics: Re-imagining a Discipline,Second Semester,Postgraduate,6.0,In Person,2023
2511,HIST2133,"Race and Racism in Western Culture, c.1450–1950",,Undergraduate,6.0,In Person,2023
2512,ASIA8023,"Race, Culture, and the Asian Body in the Age of Biotech",Spring Session,Postgraduate,6.0,Online or In Person,2023
2513,POLS2135,"Race, Ethnicity and Representation",,Undergraduate,6.0,Online,2023
2514,INTR8079,Radical and Reactionary Ideas in International Politics,,Postgraduate,6.0,In Person,2023
2515,PHYS6701,Rapid Prototyping,First Semester,Postgraduate,6.0,In Person,2023
2516,PHIL2125,Rationality and Social Cooperation,First Semester,Undergraduate,6.0,In Person,2023
2517,PHYS8202,Reactor Science,First Semester,Postgraduate,6.0,In Person,2023
2518,CHST3211,Reading China: Past and Present,First Semester,Undergraduate,6.0,Online or In Person,2023
2519,CHST3212,Reading Chinese Literature: Theory and Criticism,Second Semester,Undergraduate,6.0,Online or In Person,2023
2520,ENGL4019,Reading Context: Topics in Production and Reception of Texts,Second Semester,Undergraduate,12.0,In Person,2023
2521,ENGL8019,Reading Context: Topics in Production and Reception of Texts,Second Semester,Postgraduate,12.0,Online or In Person,2023
2522,GEND6002,Reading Popular Culture: An Introduction to Cultural Studies,,Postgraduate,6.0,In Person,2023
2523,GEND1002,Reading Popular Culture: An Introduction to Cultural Studies,Second Semester,Undergraduate,6.0,In Person,2023
2524,ENGL1013,Reading across Time and Space: Literary Contexts,Second Semester,Undergraduate,6.0,In Person,2023
2525,INTR9072,"Reading, Thinking, Doing International Relations",,Postgraduate,6.0,Online or In Person,2023
2526,LING8003,Readings in Applied Linguistics,First Semester/Second Semester,Postgraduate,6.0,Online or In Person,2023
2527,ARTH8016,Readings in Art History and Curatorial Studies,,Postgraduate,6.0,Online or In Person,2023
2528,ASIA3012,Readings in Asian Societies and Histories,First Semester/Second Semester,Undergraduate,6.0,In Person,2023
2529,CLAS4008,Readings in Classics,,Undergraduate,6.0,In Person,2023
2530,CLAS8008,Readings in Classics,,Postgraduate,6.0,In Person,2023
2531,HIST8021,Readings in History,First Semester/Second Semester,Postgraduate,6.0,Online or In Person,2023
2532,INDG9002,Readings in Indigenous Studies,First Semester/Second Semester,Postgraduate,6.0,In Person,2023
2533,PASI3012,Readings in Indigenous Studies,First Semester/Second Semester,Undergraduate,6.0,In Person,2023
2534,NEUR8701,Readings in Neuroscience,First Semester/Second Semester,Postgraduate,6.0,In Person,2023
2535,BIAN8003,Readings in Primatology/Palaeoanthropology,First Semester/Second Semester,Postgraduate,6.0,In Person,2023
2536,COMP4330,Real-Time & Embedded Systems,,Undergraduate,6.0,In Person,2023
2537,COMP8330,Real-Time Embedded Systems,,Postgraduate,6.0,In Person,2023
2538,ENGL6087,"Reality Effects: Truth, Representation and Narrative Form",,Postgraduate,6.0,In Person,2023
2539,ENGL2087,"Reality Effects: Truth, Representation and Narrative Form",,Undergraduate,6.0,In Person,2023
2540,ASIA3029,Reconciliation and the Memory of Conflict in Asia,First Semester,Undergraduate,6.0,Online or In Person,2023
2541,ASIA6042,Reconciliation and the Memory of Conflict in Asia,First Semester,Postgraduate,6.0,Online or In Person,2023
2542,BIOL3178,Recovering Threatened Species and Ecosystems,First Semester,Undergraduate,6.0,In Person,2023
2543,BIOL6178,Recovering Threatened Species and Ecosystems,First Semester,Postgraduate,6.0,In Person,2023
2544,CHMD8011,Refugee Health: From Displacement to Resettlement,First Semester,Postgraduate,6.0,Online or In Person,2023
2545,LAWS4271,Refugee Law,Second Semester,Undergraduate,6.0,Online or In Person,2023
2546,LAWS8471,Refugee Law,,Postgraduate,6.0,Online or In Person,2023
2547,POLS6101,Refugee Politics: Displacement and Exclusion in the 20th and 21st Centuries,,Postgraduate,6.0,In Person,2023
2548,POLS2101,Refugee Politics: Displacement and Exclusion in the 20th and 21st Centuries,Spring Session,Undergraduate,6.0,In Person,2023
2549,INTR8082,Regionalism and Southeast Asia,,Postgraduate,6.0,In Person,2023
2550,INTR2028,"Regionalism, Rights and Order in Southeast Asia",,Undergraduate,6.0,In Person,2023
2551,STAT4038,Regression Modelling,First Semester/Second Semester,Undergraduate,6.0,In Person,2023
2552,STAT2008,Regression Modelling,First Semester/Second Semester,Undergraduate,6.0,In Person,2023
2553,STAT6038,Regression Modelling,First Semester/Autumn Session/Second Semester,Postgraduate,6.0,In Person,2023
2554,STAT6014,Regression Modelling for Actuarial Studies,First Semester/Second Semester,Postgraduate,6.0,In Person,2023
2555,STAT2014,Regression Modelling for Actuarial Studies,First Semester/Second Semester,Undergraduate,6.0,In Person,2023
2556,REGN8049,Regulating Disruptive Technologies,Winter Session,Postgraduate,3.0,Online or In Person,2023
2557,REGN8024,Regulating Nuclear Capabilities,Autumn Session,Postgraduate,6.0,Online or In Person,2023
2558,REGN8052,Regulation and Governance,Summer Session,Postgraduate,6.0,Online or In Person,2023
2559,REGN9052,Regulation and Governance,Summer Session,Postgraduate,6.0,Online or In Person,2023
2560,REGN8009,Regulation and Governance Research Project,First Semester/Second Semester,Postgraduate,6.0,Online or In Person,2023
2561,REGN8057,Regulation and Governance Research and Practice Clinic,Second Semester,Postgraduate,6.0,Online or In Person,2023
2562,LAWS8589,Regulation of Religious Activities,,Postgraduate,6.0,In Person,2023
2563,REGN8051,Regulatory Complexity in Asia,Autumn Session,Postgraduate,3.0,Online or In Person,2023
2564,COMP6240,Relational Databases,Second Semester,Postgraduate,6.0,In Person,2023
2565,COMP2400,Relational Databases,Second Semester,Undergraduate,6.0,In Person,2023
2566,GEND2057,"Relationships, Marriage and Family",Second Semester,Undergraduate,6.0,In Person,2023
2567,SOCY2057,"Relationships, Marriage and Family",Second Semester,Undergraduate,6.0,In Person,2023
2568,ARTV1705,Relief print: Image and text,,Undergraduate,6.0,In Person,2023
2569,HIST2172,"Remembering Anzac: A study tour of commemorative landscapes, museums and memorials across Australia",,Undergraduate,12.0,In Person,2023
2570,CLAS3100,Remembering and Forgetting in the Roman Empire,Second Semester,Undergraduate,6.0,In Person,2023
2571,ARTH6168,Renaissance and Baroque Art,,Postgraduate,6.0,In Person,2023
2572,ARTH2168,Renaissance and Baroque Art,,Undergraduate,6.0,In Person,2023
2573,MUSC8022,"Repatriation, Social Justice and Museums",,Postgraduate,6.0,Online or In Person,2023
2574,MUSC8019,"Repatriation: Principles, Policy and Practice",Winter Session,Postgraduate,6.0,Online,2023
2575,ARTV1902,"Repeat: Pattern and Disintegration - Textile, Print, Painting",,Undergraduate,6.0,In Person,2023
2576,CHMD8005,"Representing Medicine: Performance, Drama and Identity",Second Semester,Postgraduate,6.0,Online or In Person,2023
2577,COMP8100,Requirements Elicitation and Analysis Techniques,,Postgraduate,6.0,In Person,2023
2578,POGO9098,Research Analysis and Statistics,Second Semester,Postgraduate,6.0,In Person,2023
2579,BIAN6019,Research Design and Analysis in Archaeological and Evolutionary Science,Second Semester,Postgraduate,6.0,In Person,2023
2580,BIAN3014,Research Design and Analysis in Biological Anthropology,Second Semester,Undergraduate,6.0,In Person,2023
2581,ANTH8070,Research Design and Field Methods in Anthropology,,Postgraduate,6.0,In Person,2023
2582,POPH8315,Research Design and Methods,First Semester,Postgraduate,6.0,Online or In Person,2023
2583,POPH4315,Research Design and Methods,First Semester,Undergraduate,6.0,Online or In Person,2023
2584,INTR8072,Research Design and Methods in Global Politics,Second Semester,Postgraduate,6.0,Online or In Person,2023
2585,ARCH9106,Research Design and Research Proposal,First Semester/Second Semester,Postgraduate,12.0,In Person,2023
2586,ASIA9075,"Research Design and Writing in International, Political, and Strategic Studies",First Semester,Postgraduate,6.0,Online or In Person,2023
2587,POGO9097,Research Design for Public Policy,First Semester,Postgraduate,6.0,In Person,2023
2588,PHIL4009,Research Design in Philosophy,First Semester/Second Semester,Undergraduate,6.0,In Person,2023
2589,POLS8058,Research Design in Political Science,First Semester,Postgraduate,6.0,In Person,2023
2590,ACST8050,Research Essay in Actuarial Studies,First Semester/Second Semester,Postgraduate,6.0,In Person,2023
2591,STAT8053,Research Essay in Statistics,First Semester/Second Semester,Postgraduate,6.0,In Person,2023
2592,SOCY3001,Research Internship,Second Semester,Undergraduate,6.0,In Person,2023
2593,PSYC8411,Research Methods and Statistics in Professional Psychology,First Semester,Postgraduate,6.0,In Person,2023
2594,EMSC4017,Research Methods for Earth Sciences,First Semester/Second Semester,Undergraduate,6.0,In Person,2023
2595,EMSC8017,Research Methods for Earth Sciences,First Semester/Second Semester,Postgraduate,6.0,In Person,2023
2596,EMDV8102,Research Methods for Environmental Management and Development,First Semester,Postgraduate,6.0,Online or In Person,2023
2597,SCOM4019,Research Methods for Science Communication,First Semester,Undergraduate,6.0,Online or In Person,2023
2598,ASIA4044,Research Methods in Chinese Studies,,Undergraduate,6.0,In Person,2023
2599,ASIA9044,Research Methods in Chinese Studies,,Postgraduate,6.0,In Person,2023
2600,SCOM8019,Research Methods in Science Communication,First Semester,Postgraduate,6.0,Online or In Person,2023
2601,HLTH1002,Research Methods in the Health Sciences,Second Semester,Undergraduate,6.0,In Person,2023
2602,EMSC8034,Research Orientation: Big Questions in the Earth Sciences,First Semester/Second Semester,Postgraduate,6.0,In Person,2023
2603,BIOL8291,Research Presentation Skills,First Semester/Second Semester,Postgraduate,6.0,In Person,2023
2604,ARTV4022,Research Principles and Methods 1,First Semester,Undergraduate,12.0,Online or In Person,2023
2605,ARTV4023,Research Principles and Methods 2,Second Semester,Undergraduate,12.0,Online or In Person,2023
2606,COMP8603,Research Project,First Semester/Second Semester,Postgraduate,12.0,In Person,2023
2607,COMP8604,Research Project,First Semester/Second Semester,Postgraduate,6.0,In Person,2023
2608,ENGN8602,Research Project,First Semester/Second Semester,Postgraduate,6.0,In Person,2023
2609,IDEC8033,Research Project,First Semester/Second Semester,Postgraduate,12.0,In Person,2023
2610,MEDI8022,Research Project,First Semester/Second Semester,Postgraduate,3.0,In Person,2023
2611,NSPO8037,Research Project,First Semester,Postgraduate,6.0,In Person,2023
2612,BIOL8701,Research Project,First Semester/Second Semester,Postgraduate,6.0,In Person,2023
2613,EMDV8066,Research Project,Second Semester,Postgraduate,12.0,In Person,2023
2614,MEDI8013A,Research Project,,Postgraduate,3.0,In Person,2023
2615,MEDI8013B,Research Project,,Postgraduate,3.0,In Person,2023
2616,ENGN8601,Research Project,First Semester/Second Semester,Postgraduate,6.0,In Person,2023
2617,POGO8135,Research Project (12 units),Second Semester,Postgraduate,12.0,In Person,2023
2618,POGO8035,Research Project (6 units),First Semester/Second Semester,Postgraduate,6.0,In Person,2023
2619,MEDI8023,Research Project (Advanced),First Semester/Second Semester,Postgraduate,3.0,In Person,2023
2620,CHEM3060,Research Project in Chemistry,Summer Session/First Semester/Second Semester,Undergraduate,6.0,In Person,2023
2621,CHEM8003,Research Project in Chemistry,Second Semester,Postgraduate,6.0,In Person,2023
2622,CHEM8033,Research Project in Materials Science,First Semester/Second Semester,Postgraduate,6.0,In Person,2023
2623,EMDV8008,Research Proposal,First Semester,Postgraduate,6.0,Online or In Person,2023
2624,BIOL8700,Research Proposal,First Semester/Second Semester,Postgraduate,12.0,In Person,2023
2625,LANG4004,Research Tools in Advanced Language Studies,First Semester/Second Semester,Undergraduate,12.0,In Person,2023
2626,PHYS3042,Research Topics Physics,Summer Session/First Semester/Second Semester,Undergraduate,6.0,In Person,2023
2627,ASIA3108,Research Topics in Asian and Pacific Languages (L),First Semester/Second Semester,Undergraduate,6.0,Online or In Person,2023
2628,JPNS3023,Research Topics in Japanese: History & Society,Second Semester,Undergraduate,6.0,In Person,2023
2629,JPNS3024,Research Topics in Japanese: International Relations & Politics,First Semester,Undergraduate,6.0,Online or In Person,2023
2630,POLS4011,Research Training: Scope and Methods,First Semester,Undergraduate,12.0,Online or In Person,2023
2631,POLS1009,Research and Writing in Political Science,Second Semester,Undergraduate,6.0,Online or In Person,2023
2632,ENVS8013,Research in Climate Change Vulnerability and Adaptation,First Semester,Postgraduate,6.0,In Person,2023
2633,EMDV8014,Research in Environmental and Climate Change Policy,Second Semester,Postgraduate,6.0,Online or In Person,2023
2634,POPM8001,"Research, Treatment, Policy: Current Issues in Mental Health",Second Semester,Postgraduate,6.0,In Person,2023
2635,ENGL4020,Researching and Writing the Thesis: A Workshop,First Semester,Undergraduate,6.0,In Person,2023
2636,ENGL8020,Researching and Writing the Thesis: A Workshop,First Semester,Postgraduate,6.0,In Person,2023
2637,INDG1002,"Resilience, rights, and resurgence: First Peoples' experiences and ways of being",Second Semester,Undergraduate,6.0,In Person,2023
2638,ARTV3029,Resolving a Body of Original Contemporary Craft Work,,Undergraduate,6.0,In Person,2023
2639,ECON3128,Resource and Environmental Economics,Second Semester,Undergraduate,6.0,In Person,2023
2640,ECON6040,Resource and Environmental Economics,Second Semester,Postgraduate,6.0,In Person,2023
2641,EMDV8018,"Resources, environment and politics in Australia",,Postgraduate,6.0,In Person,2023
2642,LAWS4254,Restitution,First Semester,Undergraduate,6.0,Online or In Person,2023
2643,LAWS8454,Restitution,First Semester,Postgraduate,6.0,Online or In Person,2023
2644,HUMN8036,Restitution and the archive? Using Archives and Special Collections,Winter Session,Postgraduate,6.0,Online or In Person,2023
2645,REGN8005,Restorative Justice in the World,Spring Session,Postgraduate,6.0,Online or In Person,2023
2646,ASIA3033,"Rethinking Northeast Asia: Region, Culture and Society",Second Semester,Undergraduate,6.0,In Person,2023
2647,ASIA8011,"Rethinking Northeast Asia: Region, Culture and Society",Second Semester,Postgraduate,6.0,Online or In Person,2023
2648,INTR8084,"Revolution, Resistance, Rebellion, Riot: Unruly Politics in the Contemporary World",,Postgraduate,6.0,In Person,2023
2649,INTR8081,Revolutions and World Politics,,Postgraduate,6.0,In Person,2023
2650,CLAS6000,Rhetoric: The Art of Persuasion in the Ancient and Modern Worlds,,Postgraduate,6.0,In Person,2023
2651,CLAS3000,Rhetoric: The Art of Persuasion in the Ancient and Modern Worlds,,Undergraduate,6.0,In Person,2023
2652,STAT6057,Risk Modelling 1,First Semester,Postgraduate,6.0,In Person,2023
2653,STAT3057,Risk Modelling 1,First Semester,Undergraduate,6.0,In Person,2023
2654,STAT6058,Risk Modelling 2,Second Semester,Postgraduate,6.0,In Person,2023
2655,STAT3058,Risk Modelling 2,Second Semester,Undergraduate,6.0,In Person,2023
2656,SOCY2008,Risk and Society,,Undergraduate,6.0,In Person,2023
2657,ENGN4627,Robotics,Second Semester,Undergraduate,6.0,In Person,2023
2658,ENGN6627,Robotics,Second Semester,Postgraduate,6.0,In Person,2023
2659,HIST2239,"Rock, Sex and War: Australia's 1960s - 1970s",,Undergraduate,6.0,In Person,2023
2660,LANG3007,Romance Linguistics,,Undergraduate,6.0,Online or In Person,2023
2661,ANCH2026,Rome: After Empire (Europe 400—800 AD),Second Semester,Undergraduate,6.0,In Person,2023
2662,ANCH1014,Rome: Republic to Empire,,Undergraduate,6.0,In Person,2023
2663,ANCH6104,Rome: Republic to Empire,,Postgraduate,6.0,In Person,2023
2664,CECS8004,"SCALING SYSTEMS SAFELY: ASSURANCE, ETHICS AND GOVERNANCE",,Postgraduate,6.0,In Person,2023
2665,ASIA3011,Samurai Society and Social Control in Japan,,Undergraduate,6.0,Online or In Person,2023
2666,ASIA6511,Samurai Society and Social Control in Japan,,Postgraduate,6.0,Online or In Person,2023
2667,SKRT1002,Sanskrit 1,First Semester,Undergraduate,6.0,Online,2023
2668,SKRT1003,Sanskrit 2,Second Semester,Undergraduate,6.0,Online,2023
2669,SKRT2103,Sanskrit 3,First Semester,Undergraduate,6.0,Online,2023
2670,SKRT2104,Sanskrit 4,Second Semester,Undergraduate,6.0,Online,2023
2671,SKRT3004,Sanskrit 5,First Semester,Undergraduate,6.0,Online,2023
2672,SKRT3005,Sanskrit 6,Second Semester,Undergraduate,6.0,Online,2023
2673,SKRT3002,Sanskrit 7,First Semester,Undergraduate,6.0,Online,2023
2674,SKRT3003,Sanskrit 8,Second Semester,Undergraduate,6.0,Online,2023
2675,SCOM1001,Science Communication 1: Science and Public Awareness,First Semester,Undergraduate,6.0,In Person,2023
2676,SCOM1002,Science Communication 2: Scientific Evidence and Social Change,Second Semester,Undergraduate,6.0,In Person,2023
2677,SCOM8004,Science Communication Fieldwork Placement,First Semester/Second Semester,Postgraduate,12.0,In Person,2023
2678,SCOM3004,Science Communication Internship,Summer Session/First Semester/Autumn Session/Winter Session/Second Semester/Spring Session,Undergraduate,6.0,Online or In Person,2023
2679,SCOM6004,Science Communication Internship,Summer Session/First Semester/Autumn Session/Winter Session/Second Semester/Spring Session,Postgraduate,6.0,Online or In Person,2023
2680,SCOM3007,Science Communication Project Design and Delivery,Winter Session,Undergraduate,6.0,In Person,2023
2681,SCOM6007,Science Communication Project Design and Delivery,Winter Session,Postgraduate,6.0,In Person,2023
2682,SCOM3003,Science Communication Research Project,First Semester/Second Semester,Undergraduate,6.0,Online or In Person,2023
2683,SCOM3012,Science Communication and the Web,Winter Session,Undergraduate,6.0,In Person,2023
2684,SCOM6012,Science Communication and the Web,Autumn Session,Postgraduate,6.0,Online or In Person,2023
2685,SCNC8001,Science Higher Degree by Research Internship,Summer Session/First Semester/Autumn Session/Winter Session/Second Semester/Spring Session,Postgraduate,3.0,In Person,2023
2686,SCNC4000,Science Honours,Second Semester,Undergraduate,6.0,In Person,2023
2687,SCNC2000,Science Internship,Summer Session/First Semester/Autumn Session/Winter Session/Second Semester/Spring Session,Undergraduate,6.0,In Person,2023
2688,SCNC3000,Science Internship,Summer Session/First Semester/Autumn Session/Winter Session/Second Semester/Spring Session,Undergraduate,6.0,In Person,2023
2689,SCNC8000,Science Internship,Summer Session/First Semester/Autumn Session/Winter Session/Second Semester/Spring Session,Postgraduate,6.0,In Person,2023
2690,SCOM3027,Science Politics,First Semester,Undergraduate,6.0,In Person,2023
2691,SCOM6027,Science Politics,First Semester,Postgraduate,6.0,Online or In Person,2023
2692,SCNC3021,Science Research Project,Summer Session/First Semester/Autumn Session/Winter Session/Second Semester/Spring Session,Undergraduate,6.0,In Person,2023
2693,SCNC8021,Science Research Project,Summer Session/First Semester/Autumn Session/Winter Session/Second Semester/Spring Session,Postgraduate,3.0,In Person,2023
2694,SCNC2021,Science Research Project,Summer Session/First Semester/Autumn Session/Winter Session/Second Semester/Spring Session,Undergraduate,6.0,In Person,2023
2695,SCOM2006,Science and Humour,Winter Session,Undergraduate,6.0,Online,2023
2696,SCOM6006,Science and Humour,Winter Session,Postgraduate,6.0,Online,2023
2697,SCOM2003,Science in Popular Fiction,Summer Session,Undergraduate,6.0,Online or In Person,2023
2698,SCOM6003,Science in Popular Fiction,Summer Session,Postgraduate,6.0,Online or In Person,2023
2699,PHIL2126,"Science in Society: Ethics, Public Policy and Scientific Practice",,Undergraduate,6.0,Online or In Person,2023
2700,SCOM2016,Science in the Media,First Semester,Undergraduate,6.0,In Person,2023
2701,SCOM6016,Science in the Media,First Semester,Postgraduate,6.0,Online or In Person,2023
2702,SCOM2031,"Science, Risk and Ethics",,Undergraduate,6.0,In Person,2023
2703,SCOM6031,"Science, Risk and Ethics",,Postgraduate,6.0,Online or In Person,2023
2704,POGO8138,"Science, Technology and Public Policy",,Postgraduate,6.0,In Person,2023
2705,VCPG8138,"Science, Technology and Public Policy",,Postgraduate,6.0,In Person,2023
2706,MATH3511,Scientific Computing,First Semester,Undergraduate,6.0,In Person,2023
2707,MATH6111,Scientific Computing,First Semester,Postgraduate,6.0,In Person,2023
2708,ARCH3042,Scientific Dating in Archaeology and Palaeoenvironmental Studies,Second Semester,Undergraduate,6.0,In Person,2023
2709,ARCH6042,Scientific Dating in Archaeology and Palaeoenvironmental Studies,Second Semester,Postgraduate,6.0,In Person,2023
2710,MATH6103,Scientific and Industrial Modelling,Second Semester,Postgraduate,6.0,In Person,2023
2711,MATH3501,Scientific and Industrial Modelling,Second Semester,Undergraduate,6.0,In Person,2023
2712,SCRN3003,Screen Studies Capstone Project,First Semester/Second Semester,Undergraduate,6.0,In Person,2023
2713,SCRN3002,Screening the Real,,Undergraduate,6.0,In Person,2023
2714,LING6101,Second Language Acquisition,First Semester,Postgraduate,6.0,In Person,2023
2715,LING3101,Second Language Acquisition,First Semester,Undergraduate,6.0,In Person,2023
2716,STST2001,Security Concepts in the Asia-Pacific,First Semester,Undergraduate,6.0,Online or In Person,2023
2717,MEAS3009,Security and Politics in the Persian Gulf,,Undergraduate,6.0,In Person,2023
2718,NSPO8049,Security in the Indo-Pacific,Autumn Session,Postgraduate,3.0,In Person,2023
2719,LAWS4257,Selected Topics in Australian-United States Comparative Law (ANU),,Undergraduate,6.0,Online or In Person,2023
2720,LAWS8457,Selected Topics in Australian-United States Comparative Law (ANU),,Postgraduate,6.0,In Person,2023
2721,LAWS4248,Selected Topics in Australian-United States Comparative Law (Alabama),,Undergraduate,6.0,In Person,2023
2722,FREN3021,Selected Topics in French Studies,,Undergraduate,6.0,In Person,2023
2723,SOCY1002,Self and Society,First Semester,Undergraduate,6.0,Online or In Person,2023
2724,LING6035,Semantic Typology,,Postgraduate,6.0,In Person,2023
2725,LING3035,Semantic Typology,,Undergraduate,6.0,In Person,2023
2726,LING2008,Semantics,First Semester,Undergraduate,6.0,In Person,2023
2727,LING6008,Semantics,First Semester,Postgraduate,6.0,Online or In Person,2023
2728,ASIA5920,Semester in Asia,First Semester/Second Semester,Undergraduate,6.0,In Person,2023
2729,ENGN6334,Semiconductors,,Postgraduate,6.0,In Person,2023
2730,BUSN8111,Seminal Research in Accounting,Second Semester,Postgraduate,6.0,In Person,2023
2731,BUSN4111,Seminal Research in Accounting,Second Semester,Undergraduate,6.0,In Person,2023
2732,HIST8027,Seminar in Advanced Historical Research,,Postgraduate,12.0,Online or In Person,2023
2733,HIST8037,Seminar in Advanced Historical Research,Second Semester,Postgraduate,6.0,Online or In Person,2023
2734,HIST8024,Seminar in Advanced Historiography,First Semester,Postgraduate,6.0,In Person,2023
2735,HIST4011,Seminar in Advanced Historiography,First Semester,Undergraduate,12.0,In Person,2023
2736,HIST8234,Seminar in Public History,Second Semester,Postgraduate,6.0,Online or In Person,2023
2737,BUSN4013,Seminar in Research Method in Commerce,First Semester/Second Semester,Undergraduate,6.0,In Person,2023
2738,BUSN8013,Seminar in Research Method in Commerce,First Semester/Second Semester,Postgraduate,6.0,In Person,2023
2739,LAWS4314,Sentencing,Second Semester,Undergraduate,6.0,Online or In Person,2023
2740,MKTG2023,Services Marketing,,Undergraduate,6.0,Online or In Person,2023
2741,MKTG7023,Services Marketing,Second Semester,Postgraduate,6.0,In Person,2023
2742,PHIL2082,Sex and Death: the Philosophy of Biology,Second Semester,Undergraduate,6.0,In Person,2023
2743,GEND1001,"Sex, Gender and Identity: An Introduction to Gender Studies",First Semester,Undergraduate,6.0,In Person,2023
2744,POLS3029,Sharing Power: Federalism in Comparative Perspective,First Semester,Undergraduate,6.0,In Person,2023
2745,ENGN2228,Signals and Systems,Second Semester,Undergraduate,6.0,In Person,2023
2746,HIST8014,Sites of Memory: The Uses of History,,Postgraduate,6.0,Online or In Person,2023
2747,ARTV8042,Situating Contemporary Art Practices with Independent Research,Second Semester,Postgraduate,12.0,In Person,2023
2748,ANTH8019,Social Analysis and Community Politics,First Semester,Postgraduate,6.0,Online or In Person,2023
2749,ASIA8050,Social Conflict and Environmental Challenges in Asia and the Pacific,Winter Session,Postgraduate,6.0,Online or In Person,2023
2750,CBEA3002,Social Enterprise Experience,,Undergraduate,6.0,In Person,2023
2751,MGMT2008,Social Enterprises and Social Business,,Undergraduate,6.0,In Person,2023
2752,ANTH8028,Social Impact Assessment: Theory and Methods,Second Semester,Postgraduate,6.0,Online or In Person,2023
2753,SOCY2030,Social Inequalities and Development,Second Semester,Undergraduate,6.0,In Person,2023
2754,SOCY6045,Social Inequalities and Development,Second Semester,Postgraduate,6.0,In Person,2023
2755,DEMO2004,Social Inequalities in Health,Second Semester,Undergraduate,6.0,In Person,2023
2756,POGO8025,Social Policy Analysis,Autumn Session,Postgraduate,6.0,Online or In Person,2023
2757,SOCY2101,Social Policy: Principles and Practice,,Undergraduate,6.0,In Person,2023
2758,ASIA6099,Social Power in China: Family to Family-State,First Semester,Postgraduate,6.0,In Person,2023
2759,ASIA2099,Social Power in China: Family to Family-State,First Semester,Undergraduate,6.0,In Person,2023
2760,PSYC2001,Social Psychology,Second Semester,Undergraduate,6.0,In Person,2023
2761,SOCR8082,Social Research Practice,,Postgraduate,6.0,Online or In Person,2023
2762,SOCY9001,Social Research Theory and Design,First Semester/Second Semester,Postgraduate,6.0,In Person,2023
2763,SOCY2166,Social Science of the Internet,Winter Session,Undergraduate,6.0,In Person,2023
2764,SOCY6066,Social Science of the Internet,Winter Session,Postgraduate,6.0,In Person,2023
2765,POPH8108,Social and Cultural Determinants of Health,Second Semester,Postgraduate,6.0,Online or In Person,2023
2766,ARTV6811,"Socially Engaged Art Practice: Authorship, Dialogue and Community",,Postgraduate,6.0,In Person,2023
2767,ARTV2801,"Socially Engaged Art Practice: Authorship, Dialogue and Community",,Undergraduate,6.0,In Person,2023
2768,SOCY1006,Society & Technological Change,First Semester,Undergraduate,6.0,In Person,2023
2769,ENVS2013,Society and Environmental Change,Second Semester,Undergraduate,6.0,In Person,2023
2770,ENVS6013,Society and Environmental Change,Second Semester,Postgraduate,6.0,In Person,2023
2771,SOCY4010,Sociology Honours Methods Seminar,First Semester,Undergraduate,12.0,In Person,2023
2772,SOCY4009,Sociology Honours Theory Seminar,First Semester,Undergraduate,12.0,In Person,2023
2773,SOCY2162,Sociology of Health and Illness,,Undergraduate,6.0,In Person,2023
2774,SOCY2059,Sociology of Resistance,,Undergraduate,6.0,In Person,2023
2775,COMP6442,Software Construction,First Semester/Second Semester,Postgraduate,6.0,In Person,2023
2776,COMP2100,Software Design Methodologies,First Semester/Second Semester,Undergraduate,6.0,In Person,2023
2777,COMP2120,Software Engineering,Second Semester,Undergraduate,6.0,In Person,2023
2778,COMP6120,Software Engineering,Second Semester,Postgraduate,6.0,In Person,2023
2779,COMP4500,Software Engineering Practice,First Semester/Second Semester,Undergraduate,6.0,In Person,2023
2780,COMP8173,Software Engineering Processes,,Postgraduate,6.0,In Person,2023
2781,COMP3500,Software Engineering Project,First Semester/Second Semester,Undergraduate,6.0,In Person,2023
2782,COMP4540,Software Engineering Research Project,First Semester/Second Semester,Undergraduate,6.0,In Person,2023
2783,COMP3703,Software Security,First Semester,Undergraduate,6.0,In Person,2023
2784,ENGN4525,Solar Thermal Technologies,,Undergraduate,6.0,In Person,2023
2785,ENGN6525,Solar Thermal Technologies,,Postgraduate,6.0,In Person,2023
2786,PHYS3032,Solid State Physics,Second Semester,Undergraduate,6.0,In Person,2023
2787,PHYS6032,Solid State Physics,Second Semester,Postgraduate,6.0,In Person,2023
2788,MUSI3321,Songwriting: Concepts and Craft,First Semester,Undergraduate,6.0,In Person,2023
2789,MUSI3318,Sound Archiving,Autumn Session,Undergraduate,6.0,In Person,2023
2790,MUSI6008,Sound Archiving,Autumn Session,Postgraduate,6.0,In Person,2023
2791,COMP4350,Sound and Music Computing,First Semester,Undergraduate,6.0,In Person,2023
2792,COMP8350,Sound and Music Computing,First Semester,Postgraduate,6.0,In Person,2023
2793,LING6010,Sounds of the World's Languages: Phonetics and Phonology,Second Semester,Postgraduate,6.0,In Person,2023
2794,LING2010,Sounds of the World's Languages: Phonetics and Phonology,Second Semester,Undergraduate,6.0,In Person,2023
2795,ASIA2060,Southeast Asian Security,First Semester,Undergraduate,6.0,Online or In Person,2023
2796,LAWS8340,Space Law and Governance,,Postgraduate,6.0,Online,2023
2797,LAWS4340,Space Law and Governance,,Undergraduate,6.0,Online,2023
2798,DEMO4063,Spatial Population Data Analysis,,Undergraduate,6.0,In Person,2023
2799,DEMO8063,Spatial Population Data Analysis,,Postgraduate,6.0,In Person,2023
2800,ARTV2911,Spatial/Temporal Methods,,Undergraduate,6.0,In Person,2023
2801,SCOM6015,Speaking of Science,Second Semester,Postgraduate,6.0,In Person,2023
2802,SCOM2015,Speaking of Science,Second Semester,Undergraduate,6.0,In Person,2023
2803,MGMT8172,Special Management Topic,,Postgraduate,6.0,In Person,2023
2804,MMIB8003,Special Research Topic 1,First Semester/Second Semester,Postgraduate,6.0,In Person,2023
2805,MMIB8004,Special Research Topic 2,First Semester/Second Semester,Postgraduate,18.0,In Person,2023
2806,ENVS3016,Special Topic,Summer Session/First Semester/Autumn Session/Winter Session/Second Semester/Spring Session,Undergraduate,6.0,In Person,2023
2807,STST2004,Special Topic in International Security,,Undergraduate,6.0,In Person,2023
2808,MATH6209,Special Topic in Mathematical Sciences,Summer Session/First Semester/Second Semester,Postgraduate,6.0,In Person,2023
2809,MEAS8105,Special Topic in Middle Eastern and Central Asian Studies,,Postgraduate,6.0,In Person,2023
2810,SOCR8004,Special Topic in Social Research,,Postgraduate,6.0,In Person,2023
2811,EMSC3050,Special Topics,Summer Session/First Semester/Autumn Session/Winter Session/Second Semester/Spring Session,Undergraduate,6.0,In Person,2023
2812,ECON3112,Special Topics  in Macroeconomics,,Undergraduate,6.0,In Person,2023
2813,ECON8112,Special Topics  in Macroeconomics,,Postgraduate,6.0,In Person,2023
2814,FINM8002,Special Topics - Finance (Corporate and Behavioural Finance),,Postgraduate,6.0,In Person,2023
2815,ENGN6521,Special Topics In  Engineering II,,Postgraduate,6.0,In Person,2023
2816,BUSN3060,Special Topics In Commerce,,Undergraduate,6.0,In Person,2023
2817,BUSN6060,Special Topics In Commerce,,Postgraduate,6.0,In Person,2023
2818,POLS8041,Special Topics In Comparative Politics,,Postgraduate,6.0,In Person,2023
2819,ACST3001,Special Topics in Actuarial Studies,,Undergraduate,6.0,In Person,2023
2820,ACST8051,Special Topics in Actuarial Studies 1,First Semester,Postgraduate,6.0,In Person,2023
2821,ACST8052,Special Topics in Actuarial Studies 2,,Postgraduate,6.0,In Person,2023
2822,STAT8024,Special Topics in Applied Statistics 1,,Postgraduate,6.0,In Person,2023
2823,STAT8025,Special Topics in Applied Statistics 2,,Postgraduate,6.0,In Person,2023
2824,ARAB3006,Special Topics in Arabic,,Undergraduate,6.0,In Person,2023
2825,ASIA2112,Special Topics in Asian and Pacific Studies,Winter Session/Second Semester,Undergraduate,6.0,In Person,2023
2826,ASIA6022,Special Topics in Asian and Pacific Studies,Winter Session/Second Semester,Postgraduate,6.0,In Person,2023
2827,ASTR8023,Special Topics in Astronomy and Astrophysics,,Postgraduate,6.0,In Person,2023
2828,INDG3005,Special Topics in Australian Indigenous Studies,Autumn Session/Second Semester/Spring Session,Undergraduate,6.0,In Person,2023
2829,BUSN4010,Special Topics in Commerce,,Undergraduate,6.0,In Person,2023
2830,BUSN8010,Special Topics in Commerce,,Postgraduate,6.0,In Person,2023
2831,BUSN8101,Special Topics in Commerce,,Postgraduate,6.0,In Person,2023
2832,BUSN4101,Special Topics in Commerce,,Undergraduate,6.0,In Person,2023
2833,POLS4041,Special Topics in Comparative Politics,,Undergraduate,6.0,In Person,2023
2834,COMP2710,Special Topics in Computer Science,Second Semester,Undergraduate,6.0,In Person,2023
2835,COMP6470,Special Topics in Computing,First Semester/Winter Session,Postgraduate,6.0,In Person,2023
2836,CRIM2011,Special Topics in Criminology,,Undergraduate,6.0,In Person,2023
2837,DIPL8012,Special Topics in Diplomacy,Second Semester,Postgraduate,6.0,Online or In Person,2023
2838,EMSC8014,Special Topics in Earth Science,Summer Session/First Semester/Autumn Session/Winter Session/Second Semester/Spring Session,Postgraduate,6.0,In Person,2023
2839,EMET3020,Special Topics in Econometrics,,Undergraduate,6.0,In Person,2023
2840,ECON3099,Special Topics in Economic Dynamics,,Undergraduate,6.0,In Person,2023
2841,ECON8099,Special Topics in Economic Dynamics,,Postgraduate,6.0,In Person,2023
2842,ECON3020,Special Topics in Economics: Computing and Data Skills,,Undergraduate,6.0,In Person,2023
2843,ENGN4521,Special Topics in Engineering 2,,Undergraduate,6.0,In Person,2023
2844,ENGN4522,Special Topics in Engineering 3,,Undergraduate,6.0,In Person,2023
2845,ENGN4523,Special Topics in Engineering 4,,Undergraduate,6.0,In Person,2023
2846,ENGN4520,Special Topics in Engineering I,,Undergraduate,6.0,In Person,2023
2847,ENGN6520,Special Topics in Engineering I,,Postgraduate,6.0,In Person,2023
2848,EMDV8041,Special Topics in Environmental Management and Development,,Postgraduate,6.0,In Person,2023
2849,FINM3004,Special Topics in Finance,,Undergraduate,6.0,In Person,2023
2850,FINM4600,Special Topics in Finance,,Undergraduate,6.0,In Person,2023
2851,INTR8018,Special Topics in International Relations,Second Semester,Postgraduate,6.0,Online or In Person,2023
2852,LAWS4148,Special Topics in Law,,Undergraduate,6.0,Online or In Person,2023
2853,LAWS8148,Special Topics in Law,Autumn Session/Spring Session,Postgraduate,6.0,Online or In Person,2023
2854,LING6525,Special Topics in Linguistics,,Postgraduate,6.0,In Person,2023
2855,LING3025,Special Topics in Linguistics,Second Semester,Undergraduate,6.0,In Person,2023
2856,MATH4349,Special Topics in Mathematics,Summer Session/First Semester/Autumn Session/Second Semester,Undergraduate,6.0,In Person,2023
2857,MATH3349,Special Topics in Mathematics,Summer Session/First Semester/Autumn Session/Second Semester,Undergraduate,6.0,In Person,2023
2858,ECON3110,Special Topics in Microeconomics,,Undergraduate,6.0,In Person,2023
2859,ECON8110,Special Topics in Microeconomics,,Postgraduate,6.0,In Person,2023
2860,MEAS4001,Special Topics in Middle Eastern and Central Asian Studies,,Undergraduate,6.0,In Person,2023
2861,POLS4009,Special Topics in Politics and International Relations 1,,Undergraduate,6.0,In Person,2023
2862,POLS4010,Special Topics in Politics and International Relations 2,,Undergraduate,6.0,In Person,2023
2863,DEMO8091,Special Topics in Population Change,First Semester,Postgraduate,6.0,In Person,2023
2864,DEMO4091,Special Topics in Population Change,,Undergraduate,6.0,In Person,2023
2865,PSYC3023,Special Topics in Psychology,Summer Session/First Semester/Autumn Session/Winter Session/Second Semester/Spring Session,Undergraduate,6.0,In Person,2023
2866,REGN8012,Special Topics in Regulation and Governance,First Semester/Second Semester,Postgraduate,6.0,Online or In Person,2023
2867,SCNC2022,Special Topics in Science,Autumn Session,Undergraduate,6.0,In Person,2023
2868,SCNC8022,Special Topics in Science,Autumn Session,Postgraduate,6.0,In Person,2023
2869,SCNC1022,Special Topics in Science,Autumn Session,Undergraduate,6.0,In Person,2023
2870,SCNC3022,Special Topics in Science,Autumn Session/Spring Session,Undergraduate,6.0,In Person,2023
2871,SCOM3005,Special Topics in Science Communication,Summer Session/First Semester/Autumn Session/Winter Session/Second Semester/Spring Session,Undergraduate,6.0,Online or In Person,2023
2872,SCOM6005,Special Topics in Science Communication,Summer Session/First Semester/Autumn Session/Winter Session/Second Semester/Spring Session,Postgraduate,6.0,Online or In Person,2023
2873,SOCY2168,Special Topics in Sociology,,Undergraduate,6.0,In Person,2023
2874,STAT3039,Special Topics in Statistics,,Undergraduate,6.0,In Person,2023
2875,STAT8016,Special Topics in Statistics 1,,Postgraduate,6.0,In Person,2023
2876,STST8017,Special Topics in Strategic Studies,,Postgraduate,6.0,In Person,2023
2877,EMDV8127,Special Topics in Water Governance,,Postgraduate,6.0,Online or In Person,2023
2878,ASTR6007,Stars,First Semester,Postgraduate,6.0,In Person,2023
2879,ASTR3007,Stars,First Semester,Undergraduate,6.0,In Person,2023
2880,ASTR4022,Stars II and Exoplanets,Second Semester,Undergraduate,6.0,In Person,2023
2881,ASTR8022,Stars II and Exoplanets,Second Semester,Postgraduate,6.0,In Person,2023
2882,POLS8043,State Formation and Contested Political Orders,,Postgraduate,6.0,Online or In Person,2023
2883,EMDV8101,"State, Society and Natural Resources",Second Semester,Postgraduate,6.0,Online or In Person,2023
2884,ANTH2134,States and Citizens: Anthropological Perspectives,,Undergraduate,6.0,In Person,2023
2885,ANTH6134,States and Citizens: Anthropological Perspectives,,Postgraduate,6.0,In Person,2023
2886,INTR8050,"States, Globalisation and the Movement of Peoples",,Postgraduate,6.0,In Person,2023
2887,STAT4027,Statistical Inference,First Semester,Undergraduate,6.0,In Person,2023
2888,STAT6027,Statistical Inference,First Semester,Postgraduate,6.0,In Person,2023
2889,STAT3013,Statistical Inference,First Semester,Undergraduate,6.0,In Person,2023
2890,ENGN8536,Statistical Inference in Mechatronics,Second Semester,Postgraduate,6.0,In Person,2023
2891,STAT3040,Statistical Learning,First Semester,Undergraduate,6.0,In Person,2023
2892,STAT4040,Statistical Learning,First Semester,Undergraduate,6.0,In Person,2023
2893,STAT6040,Statistical Learning,First Semester,Postgraduate,6.0,In Person,2023
2894,COMP8960,Statistical Machine Learning,,Postgraduate,6.0,In Person,2023
2895,COMP8600,Statistical Machine Learning,First Semester,Postgraduate,6.0,In Person,2023
2896,COMP4670,Statistical Machine Learning,First Semester,Undergraduate,6.0,In Person,2023
2897,STAT1003,Statistical Techniques,First Semester,Undergraduate,6.0,In Person,2023
2898,STAT4500,Statistics Honours Thesis,First Semester/Second Semester,Undergraduate,6.0,In Person,2023
2899,SOCR4001,Statistics for Social Scientists,First Semester,Undergraduate,6.0,In Person,2023
2900,SOCR8001,Statistics for Social Scientists,First Semester,Postgraduate,6.0,Online or In Person,2023
2901,LAWS8072,Statutory Interpretation,Autumn Session,Postgraduate,6.0,Online or In Person,2023
2902,MATH3015,Stochastic Analysis with Financial Applications,Second Semester,Undergraduate,6.0,In Person,2023
2903,MATH6115,Stochastic Analysis with Financial Applications,Second Semester,Postgraduate,6.0,In Person,2023
2904,STAT6018,Stochastic Modelling,First Semester,Postgraduate,6.0,In Person,2023
2905,STAT3004,Stochastic Modelling,First Semester,Undergraduate,6.0,In Person,2023
2906,STAT4018,Stochastic Modelling,First Semester,Undergraduate,6.0,In Person,2023
2907,ENGL6085,Strange Home: Rethinking Australian Literature,,Postgraduate,6.0,In Person,2023
2908,ENGL2085,Strange Home: Rethinking Australian Literature,,Undergraduate,6.0,In Person,2023
2909,MGMT7171,Strategic Human Resource Management,,Postgraduate,6.0,In Person,2023
2910,LAWS8409,Strategic Issues in the Law of Armed Conflict,Summer Session/Winter Session,Postgraduate,6.0,Online or In Person,2023
2911,MGMT8022,Strategic Management,First Semester/Second Semester,Postgraduate,6.0,In Person,2023
2912,MKTG3023,Strategic Marketing,First Semester,Undergraduate,6.0,In Person,2023
2913,MKTG7028,Strategic Marketing Communications,Second Semester,Postgraduate,6.0,In Person,2023
2914,POGO8506,Strategic Policymaking,,Postgraduate,6.0,Online or In Person,2023
2915,STST8001,Strategic Studies,First Semester,Postgraduate,6.0,Online or In Person,2023
2916,STST9010,Strategic Studies Concepts and Asia Pacific Conflict,First Semester,Postgraduate,6.0,Online or In Person,2023
2917,STST8010,Strategic Studies Concepts and Asia Pacific Conflict,First Semester,Postgraduate,6.0,Online or In Person,2023
2918,STST8064,Strategic Studies Experience,,Postgraduate,0.0,In Person,2023
2919,STST8059,Strategic Studies Internship,,Postgraduate,6.0,In Person,2023
2920,ECON2141,Strategic Thinking: An introduction to Game Theory,First Semester/Second Semester,Undergraduate,6.0,In Person,2023
2921,SCOM3501,Strategies in Science Communication,Winter Session,Undergraduate,6.0,In Person,2023
2922,SCOM6501,Strategies in Science Communication,Winter Session,Postgraduate,6.0,Online or In Person,2023
2923,STST8056,Strategy and Southeast Asia: Defence and Security Dynamics,,Postgraduate,6.0,In Person,2023
2924,STST8066,"Strategy, Statecraft and Diplomacy for the 21st Century",Second Semester,Postgraduate,6.0,In Person,2023
2925,EMSC3002,Structural Geology and Tectonics,Second Semester,Undergraduate,6.0,In Person,2023
2926,EMSC6030,Structural Geology and Tectonics,Second Semester,Postgraduate,6.0,In Person,2023
2927,CHEM3204,Structural Methods in Chemical Biology,Winter Session,Undergraduate,6.0,In Person,2023
2928,CHEM2210,Structure Elucidation in Chemistry,Summer Session/First Semester,Undergraduate,6.0,In Person,2023
2929,CHEM6210,Structure Elucidation in Chemistry,First Semester,Postgraduate,6.0,In Person,2023
2930,LING2020,Structure of English,First Semester,Undergraduate,6.0,In Person,2023
2931,COMP6710,Structured Programming,First Semester/Second Semester,Postgraduate,6.0,In Person,2023
2932,COMP1110,Structured Programming,First Semester/Second Semester,Undergraduate,6.0,In Person,2023
2933,COMP1140,Structured Programming (Advanced),Second Semester,Undergraduate,6.0,In Person,2023
2934,FINM3009,Student Managed Fund,First Semester/Second Semester,Undergraduate,6.0,In Person,2023
2935,FINM6009,Student Managed Fund,First Semester/Second Semester,Postgraduate,6.0,In Person,2023
2936,FINM3010,Student Managed Fund Extension,First Semester/Second Semester,Undergraduate,6.0,In Person,2023
2937,FINM6010,Student Managed Fund Extension,First Semester/Second Semester,Postgraduate,6.0,In Person,2023
2938,COMP2560,Studies in Advanced Computing R&D,Second Semester,Undergraduate,6.0,In Person,2023
2939,DESN4013,Studio Inquiry: Application of Research,,Undergraduate,12.0,In Person,2023
2940,ASIA2022,Study Tour: Cultural Landscapes and Environmental Change in Asia and the Pacific,,Undergraduate,6.0,In Person,2023
2941,ASIA6012,Study Tour: Cultural Landscapes and Environmental Change in Asia and the Pacific,,Postgraduate,6.0,In Person,2023
2942,EMDV8015,Study Tour: Eco-Cultural Tourism,,Postgraduate,6.0,In Person,2023
2943,ASIA2084,"Study Tour: Modern Mongolia - Challenges to the Environment, Economy and Empire",Winter Session,Undergraduate,6.0,In Person,2023
2944,PASI2030,Study Tour: Regional Policymaking for Pacific Development,,Undergraduate,6.0,In Person,2023
2945,PASI6030,Study Tour: Regional Policymaking for Pacific Development,,Postgraduate,6.0,In Person,2023
2946,ASIA3014,Study Tour: Southeast Asian Frontiers – Thailand and Burma/Myanmar,,Undergraduate,12.0,In Person,2023
2947,ASIA6114,Study Tour: Southeast Asian Frontiers – Thailand and Burma/Myanmar,,Postgraduate,12.0,In Person,2023
2948,WARS3001,Study Tour: Walking the Ground - War Studies in the Field,,Undergraduate,6.0,In Person,2023
2949,WARS6001,Study Tour: Walking the Ground - War Studies in the Field,,Postgraduate,6.0,In Person,2023
2950,STST2020,Study tour: Southeast Asia's Security Choices,Spring Session,Undergraduate,6.0,In Person,2023
2951,INTR8069,Studying International Relations,First Semester/Second Semester,Postgraduate,6.0,Online or In Person,2023
2952,ARTV2907,Subverting Stitch,,Undergraduate,6.0,In Person,2023
2953,LAWS4236,Succession,First Semester,Undergraduate,6.0,Online or In Person,2023
2954,LAWS8436,Succession,First Semester,Postgraduate,6.0,Online or In Person,2023
2955,ARTV2607,Super Massive Photography: The Politics of Scale,,Undergraduate,6.0,In Person,2023
2956,ARTV6607,Super Massive Photography: The Politics of Scale,,Postgraduate,6.0,In Person,2023
2957,ARCH8029,Supervised Field School Project in Archaeological Science,,Postgraduate,6.0,In Person,2023
2958,ASIA8512,Supervised Project in Asia-Pacific Studies,First Semester/Second Semester,Postgraduate,6.0,Online or In Person,2023
2959,LAWS4300,Supervised Research Paper,First Semester/Second Semester,Undergraduate,12.0,In Person,2023
2960,ANTH3010,Supervised Research in Anthropology,First Semester/Second Semester,Undergraduate,6.0,In Person,2023
2961,BIAN3129,Supervised Research in Biological Anthropology,First Semester/Second Semester,Undergraduate,6.0,In Person,2023
2962,ARTV6823,Supports: Conceptual and Material,,Postgraduate,6.0,In Person,2023
2963,ARTV1803,Supports: Conceptual and Material,,Undergraduate,6.0,In Person,2023
2964,SOCY2157,Surveillance and Society,,Undergraduate,6.0,In Person,2023
2965,SOCY6064,Surveillance and Society,,Postgraduate,6.0,In Person,2023
2966,SOCR8002,Survey Data Analysis,Second Semester,Postgraduate,6.0,In Person,2023
2967,SOCR4002,Survey Data Analysis,Second Semester,Undergraduate,6.0,In Person,2023
2968,LAWS4247,Survey of United States Law,,Undergraduate,6.0,In Person,2023
2969,STAT6042,Survival Models,First Semester,Postgraduate,6.0,In Person,2023
2970,STAT3032,Survival Models,First Semester,Undergraduate,6.0,In Person,2023
2971,STAT4072,Survival Models,First Semester,Undergraduate,6.0,In Person,2023
2972,BUSN7017,"Sustainability and Corporate Social Responsibility, Accountability and Reporting",Second Semester,Postgraduate,6.0,In Person,2023
2973,ENVS6223,Sustainable Agricultural Systems,Second Semester,Postgraduate,6.0,In Person,2023
2974,ENVS2023,Sustainable Agricultural Systems,Second Semester,Undergraduate,6.0,Online or In Person,2023
2975,MGMT7007,Sustainable Business Strategy: Net Zero and Beyond ,,Postgraduate,6.0,In Person,2023
2976,ENVS1008,Sustainable Development,Second Semester,Undergraduate,6.0,In Person,2023
2977,ENVS6108,Sustainable Development,Second Semester,Postgraduate,6.0,In Person,2023
2978,LAWS8037,Sustainable Energy Law,,Postgraduate,6.0,Online or In Person,2023
2979,ENVS8019,Sustainable Futures: Staying on Track,Second Semester,Postgraduate,6.0,Online or In Person,2023
2980,MKTG2002,Sustainable Marketing,First Semester,Undergraduate,6.0,In Person,2023
2981,ENGN4027,Sustainable Nanomaterials,,Undergraduate,6.0,In Person,2023
2982,ENVS2012,Sustainable Urban Systems,,Undergraduate,6.0,In Person,2023
2983,ENVS6005,Sustainable Urban Systems,,Postgraduate,6.0,In Person,2023
2984,CHEM3201,Synthetic Aspects of Medicinal Chemistry,First Semester,Undergraduate,6.0,In Person,2023
2985,MEAS3007,"Syria in the Levant: State, Society, and the Current Turmoil",First Semester,Undergraduate,6.0,In Person,2023
2986,MEAS6007,"Syria in the Levant: State, Society, and the Current Turmoil",First Semester,Postgraduate,6.0,In Person,2023
2987,ENGN3331,System Dynamics,First Semester,Undergraduate,6.0,In Person,2023
2988,ENGN6331,Systems Dynamics,First Semester,Postgraduate,6.0,In Person,2023
2989,ENGN4221,Systems Engineering Project,,Undergraduate,6.0,In Person,2023
2990,COMP6353,Systems Engineering for Software Engineers,,Postgraduate,6.0,In Person,2023
2991,ENGN8120,Systems Modelling,Second Semester,Postgraduate,6.0,In Person,2023
2992,NEUR6102,Systems Neuroscience,Second Semester,Postgraduate,6.0,In Person,2023
2993,NEUR3112,Systems Neuroscience,Second Semester,Undergraduate,6.0,In Person,2023
2994,COMP6310,"Systems, Networks and Concurrency",Second Semester,Postgraduate,6.0,In Person,2023
2995,COMP2310,"Systems, Networks, and Concurrency",Second Semester,Undergraduate,6.0,In Person,2023
2996,ASIA2072,Taiwan: History and Culture,Second Semester,Undergraduate,6.0,In Person,2023
2997,ASIA6072,Taiwan: History and Culture,Second Semester,Postgraduate,6.0,Online or In Person,2023
2998,CHIN2013,Taiwanese (Southern Min),Winter Session,Undergraduate,6.0,In Person,2023
2999,ASIA2222,Taiwanese Society and Politics,Summer Session,Undergraduate,6.0,In Person,2023
3000,CRIM2015,Targeted Violence: Criminological Approaches to Understanding and Prevention,Second Semester,Undergraduate,6.0,In Person,2023
3001,CRIM6015,Targeted Violence: Criminological Approaches to Understanding and Prevention,,Postgraduate,6.0,In Person,2023
3002,BUSN7021,Taxation Law,First Semester/Second Semester,Postgraduate,6.0,In Person,2023
3003,JPNS3012,Teaching Japanese: Content,,Undergraduate,6.0,Online or In Person,2023
3004,JPNS3014,Teaching Japanese: Method,Second Semester,Undergraduate,6.0,In Person,2023
3005,LING2013,Teaching Languages,,Undergraduate,6.0,Online or In Person,2023
3006,LING6013,Teaching Languages,,Postgraduate,6.0,Online or In Person,2023
3007,MGMT3002,Techniques for Business Project Management,Second Semester,Undergraduate,6.0,In Person,2023
3008,MGMT7020,Technology and Project Management,First Semester/Winter Session/Second Semester,Postgraduate,6.0,Online or In Person,2023
3009,ENGL6116,Televisual: Investigating Narrative Television,,Postgraduate,6.0,In Person,2023
3010,ENGL2116,Televisual: Investigating Narrative Television,,Undergraduate,6.0,In Person,2023
3011,HIST1209,Terror to Terrorism: A History,Second Semester,Undergraduate,6.0,In Person,2023
3012,POLS4027,Terrorism and Counter Terrorism,First Semester,Undergraduate,6.0,In Person,2023
3013,POLS8027,Terrorism and Counter Terrorism,First Semester,Postgraduate,6.0,In Person,2023
3014,NSPO8046,Terrorism and national security,,Postgraduate,3.0,In Person,2023
3015,TETM1002,Tetum 1,First Semester,Undergraduate,6.0,Online,2023
3016,TETM1003,Tetum 2,Second Semester,Undergraduate,6.0,Online,2023
3017,TETM2004,Tetum 3,First Semester,Undergraduate,6.0,Online,2023
3018,TETM2005,Tetum 4,Second Semester,Undergraduate,6.0,Online,2023
3019,ARTV1901,Textiles: Plants and Place,Second Semester,Undergraduate,6.0,In Person,2023
3020,ENGL2020,Texts in Performance,,Undergraduate,6.0,In Person,2023
3021,THAI1002,Thai 1,First Semester,Undergraduate,6.0,Online,2023
3022,THAI1003,Thai 2,Second Semester,Undergraduate,6.0,Online,2023
3023,THAI2002,Thai 3,First Semester,Undergraduate,6.0,Online,2023
3024,THAI2003,Thai 4,Second Semester,Undergraduate,6.0,Online,2023
3025,THAI3002,Thai 5,First Semester,Undergraduate,6.0,Online,2023
3026,THAI3008,Thai 6,Second Semester,Undergraduate,6.0,Online,2023
3027,HIST2206,"The Anzac Battlefields and Beyond: A Study Tour of Gallipoli, London, Paris and the Western Front",Winter Session,Undergraduate,12.0,In Person,2023
3028,ARCH6050,The Archaeology of South East Asia,,Postgraduate,6.0,In Person,2023
3029,ARTH6057,The Art and Politics of Collecting,First Semester,Postgraduate,12.0,In Person,2023
3030,ECHI1006,The Australian Economy: Past and Present,First Semester,Undergraduate,6.0,In Person,2023
3031,HIST2221,The Birth of Modernity: Britain 1688-1848,Second Semester,Undergraduate,6.0,In Person,2023
3032,EMSC1006,The Blue Planet: An Introduction to Earth System Science,First Semester,Undergraduate,6.0,In Person,2023
3033,EMSC6107,The Blue Planet: an Introduction to Earth System Science,First Semester,Postgraduate,6.0,In Person,2023
3034,PASI8306,The China Alternative? Changing Geopolitics in the Pacific,Spring Session,Postgraduate,3.0,Online or In Person,2023
3035,IDEC8021,The Chinese Economy,First Semester,Postgraduate,6.0,In Person,2023
3036,HIST2141,The Cold War: 1945-1989,,Undergraduate,6.0,In Person,2023
3037,ASIA3034,The Contemporary Chinese World,Second Semester,Undergraduate,6.0,Online or In Person,2023
3038,HIST9101,"The Craft of History: Approaches, Themes, Methods",Autumn Session,Postgraduate,6.0,In Person,2023
3039,POGO8016,The Economic Way of Thinking,First Semester,Postgraduate,6.0,In Person,2023
3040,IDEC8081,The Economics of Incentives and Institutions,First Semester,Postgraduate,6.0,In Person,2023
3041,ECON8091,"The Economy, Politics and the State",,Postgraduate,6.0,In Person,2023
3042,ECON2091,"The Economy, Politics and the State",,Undergraduate,6.0,In Person,2023
3043,ECON4491,"The Economy, Politics and the State",,Undergraduate,6.0,In Person,2023
3044,HIST8228,The Enlightenment and Its Critics: 1700 to the Present,,Postgraduate,6.0,Online or In Person,2023
3045,HIST2228,The Enlightenment: Europe and the World 1660-1800,,Undergraduate,6.0,In Person,2023
3046,ENGN4902,The Environmental Impacts of Engineered Systems,First Semester,Undergraduate,6.0,In Person,2023
3047,DESN2012,The Ethics of Making: Design for Reparative Practices,Second Semester,Undergraduate,6.0,In Person,2023
3048,DESN6012,The Ethics of Making: Design for Reparative Practices,Second Semester,Postgraduate,6.0,In Person,2023
3049,BUSI7020,The European Business System,,Postgraduate,6.0,In Person,2023
3050,NSPO8018,The Evolution of National Security Policy since 1945,,Postgraduate,6.0,In Person,2023
3051,NSPO8048,The Future of Intelligence,Winter Session,Postgraduate,3.0,In Person,2023
3052,POGO8213,The Global Trading System,Second Semester,Postgraduate,6.0,In Person,2023
3053,HIST2214,"The Great War, 1914-1918",,Undergraduate,6.0,In Person,2023
3054,MEAS8113,The Gulf Strategic Environment,First Semester,Postgraduate,6.0,In Person,2023
3055,MEAS4113,The Gulf Strategic Environment,First Semester,Undergraduate,6.0,In Person,2023
3056,ARCH6006,The History of Archaeology: Discovering the Past,,Postgraduate,6.0,In Person,2023
3057,LING6529,The History of the English Language,,Postgraduate,6.0,In Person,2023
3058,LING2104,The History of the English Language,,Undergraduate,6.0,In Person,2023
3059,BIAN1001,The Human Voyage: Introduction to Biological Anthropology,Second Semester,Undergraduate,6.0,In Person,2023
3060,CRIM6000,The Illicit Economy,,Postgraduate,6.0,In Person,2023
3061,CRIM2000,The Illicit Economy,,Undergraduate,6.0,Online,2023
3062,WARS2003,The Korean War,Winter Session,Undergraduate,6.0,Online or In Person,2023
3063,WARS6088,The Korean War,Winter Session,Postgraduate,6.0,Online or In Person,2023
3064,LAWS8125,The Law of Corporate Governance,Second Semester,Postgraduate,6.0,Online or In Person,2023
3065,LAWS4312,The Law of Money,,Undergraduate,6.0,Online or In Person,2023
3066,LAWS8401,The Law of Weaponry and Targeting,Summer Session/Winter Session,Postgraduate,6.0,Online or In Person,2023
3067,ENGL2040,The Making of Literature: Topics in Literary Production and Reception,,Undergraduate,6.0,In Person,2023
3068,ENGL6040,The Making of Literature: Topics in Literary Production and Reception,,Postgraduate,6.0,In Person,2023
3069,ASIA6010,The Making of Modern Japan: From Samurai to Economic Superpower and Beyond,First Semester,Postgraduate,6.0,Online or In Person,2023
3070,ASIA2009,The Making of Modern Japan: From Samurai to Economic Superpower and Beyond,First Semester,Undergraduate,6.0,Online or In Person,2023
3071,ASIA2040,The Making of Modern Korea,First Semester,Undergraduate,6.0,Online or In Person,2023
3072,ASIA6006,The Making of Modern Korea,First Semester,Postgraduate,6.0,Online or In Person,2023
3073,ASIA2271,The Making of South Asia,First Semester,Undergraduate,6.0,Online or In Person,2023
3074,ASIA6271,The Making of South Asia,First Semester,Postgraduate,6.0,Online or In Person,2023
3075,PHIL3077,The Metaphysics of David Lewis,First Semester,Undergraduate,6.0,In Person,2023
3076,IDEC8028,The Microeconomics of Development,,Postgraduate,6.0,In Person,2023
3077,ASIA6116,The Mongol Empire in World History,First Semester,Postgraduate,6.0,Online or In Person,2023
3078,ASIA2016,The Mongol Empire in World History,First Semester,Undergraduate,6.0,Online or In Person,2023
3079,CLAS1003,The Myths of Ancient Greece and Rome,First Semester,Undergraduate,6.0,In Person,2023
3080,STST8002,The New Power Politics of Asia,,Postgraduate,6.0,In Person,2023
3081,ASIA1999,The Origins of Political Order in Asia,Second Semester,Undergraduate,6.0,In Person,2023
3082,BAPA1001,The Origins of Political Order in Asia,Spring Session,Undergraduate,6.0,In Person,2023
3083,DESN1004,"The Past as Prototype: History, Ethics and Concepts for Design in the Twenty-First Century",First Semester,Undergraduate,6.0,In Person,2023
3084,PHIL3078,The Philosophy of Emotions,,Undergraduate,6.0,In Person,2023
3085,PHIL3075,"The Philosophy of Gender: Knowledge, Power, Bodies",Second Semester,Undergraduate,6.0,In Person,2023
3086,PHIL2127,The Philosophy of Time,Second Semester,Undergraduate,6.0,In Person,2023
3087,ARTV2605,The Photographic Document: Materiality and Form,,Undergraduate,6.0,In Person,2023
3088,ARTV6605,The Photographic Document: Materiality and Form,,Postgraduate,6.0,In Person,2023
3089,ASIA2275,The Pleasures and Powers of Stories in South and Southeast Asia,,Undergraduate,6.0,Online or In Person,2023
3090,REGN8050,The Policy and Practice of Regulation,Winter Session,Postgraduate,6.0,Online or In Person,2023
3091,PASI8307,The Political Economy of Service Delivery in Melanesia,Spring Session,Postgraduate,3.0,Online or In Person,2023
3092,MEAS2105,The Political Economy of the Middle East,Second Semester,Undergraduate,6.0,In Person,2023
3093,POGO8402,The Political and Institutional Architecture of Public Policy,Second Semester,Postgraduate,6.0,In Person,2023
3094,PASI8005,The Politics of Aid and Development in the Pacific,Second Semester,Postgraduate,6.0,In Person,2023
3095,ASIA6026,The Politics of China,Second Semester,Postgraduate,6.0,In Person,2023
3096,ASIA2026,The Politics of China,Second Semester,Undergraduate,6.0,In Person,2023
3097,POLS3032,The Politics of Empire,Second Semester,Undergraduate,6.0,In Person,2023
3098,POLS6100,The Politics of Empire,Second Semester,Postgraduate,6.0,In Person,2023
3099,POLS3035,The Politics of International Law,Second Semester,Undergraduate,6.0,Online or In Person,2023
3100,ARTH6061,"The Postmodern and the Contemporary: World Art, 1970 to the Present",,Postgraduate,6.0,In Person,2023
3101,ARTH2061,"The Postmodern and the Contemporary: World art, 1970 to the present",,Undergraduate,6.0,In Person,2023
3102,HIST9102,The Professional Historian: Advanced Training,Second Semester,Postgraduate,6.0,In Person,2023
3103,ARTV2909,"The Public Project: engagement strategies for artists, designers, institutions and communities",,Undergraduate,6.0,In Person,2023
3104,STST8052,The Resort to Force: Understanding Military Power,Second Semester,Postgraduate,6.0,In Person,2023
3105,INTR8020,The Responsibility to Protect,First Semester,Postgraduate,6.0,In Person,2023
3106,DIPL2001,The Role of Non-State Actors in Asia-Pacific Diplomacy,,Undergraduate,6.0,In Person,2023
3107,DIPL8016,The Role of Non-State Actors in East Asian Diplomacy,Second Semester,Postgraduate,6.0,In Person,2023
3108,ANCH2017,The Roman Empire,First Semester,Undergraduate,6.0,In Person,2023
3109,MUSI7003,The Scholar Musician 1,First Semester,Postgraduate,6.0,In Person,2023
3110,MUSI4401,The Scholar Musician 1,First Semester,Undergraduate,6.0,In Person,2023
3111,MUSI8001,The Scholar Musician 2,Second Semester,Postgraduate,6.0,In Person,2023
3112,MUSI4402,The Scholar Musician 2,Second Semester,Undergraduate,6.0,In Person,2023
3113,PSYC3002,The Social Psychology of Group Processes and Social Change,First Semester,Undergraduate,6.0,In Person,2023
3114,SPAN2601,The Sounds of Spanish,,Undergraduate,6.0,In Person,2023
3115,HIST2242,The Soviet Union: From the Russian Revolution to the Collapse of Communism,,Undergraduate,6.0,In Person,2023
3116,LING6020,The Structure of English,First Semester,Postgraduate,6.0,Online or In Person,2023
3117,WARS2002,The Vietnam Wars: 1941-1989,,Undergraduate,6.0,Online or In Person,2023
3118,PSYC1005,The Wellbeing Formula: The Science and Practice of Making a Good Life,Second Semester,Undergraduate,6.0,Online or In Person,2023
3119,ECHI6009,The World Economy Since 1800,Second Semester,Postgraduate,6.0,In Person,2023
3120,ANCH1013,The World of Ancient Greece,Second Semester,Undergraduate,6.0,In Person,2023
3121,FREN3515,The sounds of French: Phonetics and Pronunciation,Second Semester,Undergraduate,6.0,In Person,2023
3122,ENGL3008,Theories and Methodologies for Literary Studies,First Semester,Undergraduate,6.0,In Person,2023
3123,ENGL6008,Theories and Methodologies for Literary Studies,First Semester,Postgraduate,6.0,In Person,2023
3124,ARTH3007,Theories of Art History and Curatorial Studies,Second Semester,Undergraduate,6.0,In Person,2023
3125,CRIM4001,Theories of Crime and Justice,First Semester,Undergraduate,6.0,In Person,2023
3126,PHIL2020,Theories of Social Justice,Second Semester,Undergraduate,6.0,In Person,2023
3127,WARS2001,Theories of War: An historical and global perspective,Second Semester,Undergraduate,6.0,In Person,2023
3128,BIAN8005,Theory Seminar in Biological Anthropology,First Semester,Postgraduate,6.0,In Person,2023
3129,BIAN4010,Theory Seminar in Biological Anthropology and Archaeology,First Semester,Undergraduate,12.0,In Person,2023
3130,ANTH4012,Theory and Ethnography in the Analysis of Cultures,,Undergraduate,12.0,In Person,2023
3131,MMIB8008,Theory in Management: Process and Content,,Postgraduate,6.0,Online or In Person,2023
3132,COMP6363,Theory of Computation,First Semester,Postgraduate,6.0,In Person,2023
3133,COMP3630,Theory of Computation,First Semester,Undergraduate,6.0,In Person,2023
3134,MATH8202,Theory of Partial Differential Equations,Second Semester,Postgraduate,6.0,In Person,2023
3135,MATH4202,Theory of Partial Differential Equations Honours,Second Semester,Undergraduate,6.0,In Person,2023
3136,PHYS6020,Thermal and Statistical Physics,First Semester,Postgraduate,6.0,In Person,2023
3137,PHYS2020,Thermal and Statistical Physics,First Semester,Undergraduate,6.0,In Person,2023
3138,ANTH8050,Thesis,First Semester/Second Semester,Postgraduate,6.0,Online or In Person,2023
3139,THES4102,Thesis,First Semester/Second Semester,Undergraduate,6.0,In Person,2023
3140,THES4501,Thesis,First Semester/Second Semester,Undergraduate,6.0,In Person,2023
3141,THES4502,Thesis,First Semester/Second Semester,Undergraduate,6.0,In Person,2023
3142,EMDV8016,Thesis,First Semester/Second Semester,Postgraduate,12.0,Online or In Person,2023
3143,NSPO8031,Thesis,First Semester/Second Semester,Postgraduate,12.0,Online or In Person,2023
3144,INTR8038,Thesis,First Semester/Second Semester,Postgraduate,24.0,Online or In Person,2023
3145,DIPL8011,Thesis,First Semester/Second Semester,Postgraduate,24.0,Online or In Person,2023
3146,THES4100,Thesis,First Semester/Second Semester,Undergraduate,6.0,In Person,2023
3147,THES4105,Thesis,First Semester/Second Semester,Undergraduate,6.0,In Person,2023
3148,THES8100,Thesis,First Semester/Second Semester,Postgraduate,6.0,In Person,2023
3149,THES8102,Thesis,First Semester/Second Semester,Postgraduate,6.0,In Person,2023
3150,THES8105,Thesis,First Semester/Second Semester,Postgraduate,6.0,In Person,2023
3151,REGN8008,Thesis,First Semester/Second Semester,Postgraduate,24.0,Online or In Person,2023
3152,THES4103,Thesis,First Semester/Second Semester,Undergraduate,6.0,In Person,2023
3153,THES8103,Thesis,First Semester/Second Semester,Postgraduate,6.0,In Person,2023
3154,ASIA8500,Thesis (24 units),First Semester/Second Semester,Postgraduate,24.0,Online or In Person,2023
3155,THES8113,Thesis (Online),First Semester/Second Semester,Postgraduate,6.0,Online,2023
3156,INTR8039,Thesis (Part Time),First Semester/Second Semester,Postgraduate,12.0,Online or In Person,2023
3157,DIPL8017,Thesis (Part-time),First Semester/Second Semester,Postgraduate,12.0,Online or In Person,2023
3158,STST8071,Thesis - Full-time,First Semester/Second Semester,Postgraduate,24.0,In Person,2023
3159,REGN8025,Thesis - Part-time,First Semester/Second Semester,Postgraduate,12.0,Online or In Person,2023
3160,STST8072,Thesis - Part-time,First Semester/Second Semester,Postgraduate,12.0,In Person,2023
3161,HUMN9104,Thesis Writing Workshop: The Five Essential Elements of a Thesis,Second Semester,Postgraduate,6.0,In Person,2023
3162,MATH4005,Thesis and Presentations in Mathematics,Summer Session/First Semester/Autumn Session/Winter Session/Second Semester,Undergraduate,6.0,In Person,2023
3163,SCOM4005,Thesis and Seminar in Science Communication,First Semester/Second Semester,Undergraduate,6.0,In Person,2023
3164,ARCH6023,Thinking Through the Past: Archaeological Theory from 1950,First Semester,Postgraduate,6.0,In Person,2023
3165,ARCH3023,Thinking Through the Past: Archaeological Theory from 1950,First Semester,Undergraduate,6.0,In Person,2023
3166,MGMT7060,Thought Leadership in Organisations,Second Semester,Postgraduate,6.0,In Person,2023
3167,TIBN1002,Tibetan 1,First Semester,Undergraduate,6.0,Online,2023
3168,TIBN1003,Tibetan 2,Second Semester,Undergraduate,6.0,Online,2023
3169,TIBN2004,Tibetan 3,First Semester,Undergraduate,6.0,Online,2023
3170,TIBN2005,Tibetan 4,Second Semester,Undergraduate,6.0,Online,2023
3171,TOKP1002,Tok Pisin 1,First Semester,Undergraduate,6.0,Online,2023
3172,TOKP1003,Tok Pisin 2,Second Semester,Undergraduate,6.0,Online,2023
3173,TOKP2001,Tok Pisin 3,First Semester,Undergraduate,6.0,Online,2023
3174,TOKP2002,Tok Pisin 4,Second Semester,Undergraduate,6.0,Online,2023
3175,MGMT7170,Tools and Techniques for Business Project Management,First Semester,Postgraduate,6.0,Online or In Person,2023
3176,LANG4002,Topics in Advanced Language Studies 1,First Semester/Second Semester,Undergraduate,6.0,In Person,2023
3177,LANG4003,Topics in Advanced Language Studies 2,First Semester/Second Semester,Undergraduate,6.0,In Person,2023
3178,LING3126,Topics in Advanced Syntax and Morphology,,Undergraduate,6.0,In Person,2023
3179,LING6026,Topics in Advanced Syntax and Morphology,,Postgraduate,6.0,In Person,2023
3180,ASIA9051,Topics in Asia and Pacific Research,First Semester/Second Semester,Postgraduate,6.0,Online or In Person,2023
3181,MATH8201,Topics in Computational Maths,First Semester,Postgraduate,6.0,In Person,2023
3182,MATH4201,Topics in Computational Maths Honours,First Semester,Undergraduate,6.0,In Person,2023
3183,COMP3710,Topics in Computer Science,First Semester/Winter Session,Undergraduate,6.0,In Person,2023
3184,ENVS8048,Topics in Environment & Society,Summer Session/First Semester/Autumn Session/Winter Session/Second Semester/Spring Session,Postgraduate,6.0,In Person,2023
3185,FINM8007,Topics in International Finance,First Semester/Second Semester,Postgraduate,6.0,In Person,2023
3186,LING9001,Topics in Linguistics,Summer Session,Postgraduate,6.0,Online or In Person,2023
3187,ECON4401,Topics in Macroeconomics,,Undergraduate,6.0,In Person,2023
3188,ECON8001,Topics in Macroeconomics,,Postgraduate,6.0,In Person,2023
3189,MATH6211,Topics in Mathematical Physics,Second Semester,Postgraduate,6.0,In Person,2023
3190,ECON4421,Topics in Microeconomic Theory,Second Semester,Undergraduate,6.0,In Person,2023
3191,ECON8021,Topics in Microeconomic Theory,Second Semester,Postgraduate,6.0,In Person,2023
3192,LAWS4233,Tort Liability and Public Authorities,Second Semester,Undergraduate,6.0,Online or In Person,2023
3193,LAWS8142,Tort Liability and Public Authorities,Second Semester,Postgraduate,6.0,Online or In Person,2023
3194,LAWS1203,Torts,First Semester,Undergraduate,6.0,In Person,2023
3195,LAWS6103,Torts,First Semester,Postgraduate,6.0,Online or In Person,2023
3196,HUMN8033,"Tourism, Heritage and Globalisation",Winter Session,Postgraduate,6.0,In Person,2023
3197,EMDV8017,Toxic: Environmental Pollution and Waste,First Semester,Postgraduate,6.0,Online or In Person,2023
3198,IDEC8009,"Trade, Development and the Asia Pacific Economy",,Postgraduate,6.0,In Person,2023
3199,FINM8017,Trading and Markets,Second Semester,Postgraduate,6.0,In Person,2023
3200,FINM4017,Trading and Markets,Second Semester,Undergraduate,6.0,In Person,2023
3201,ANTH2005,"Traditional Australian Indigenous Cultures, Societies and Environment",Second Semester,Undergraduate,6.0,Online or In Person,2023
3202,ANTH6005,"Traditional Australian Indigenous Cultures, Societies and Environment",Second Semester,Postgraduate,6.0,In Person,2023
3203,CLAS1001,Traditional Grammar: An Introduction to Ancient Greek and Latin,First Semester,Undergraduate,6.0,In Person,2023
3204,CLAS2011,Traditional Grammar: An Introduction to Ancient Greek and Latin (L),First Semester,Undergraduate,6.0,In Person,2023
3205,SOCY3124,Transforming Society,Second Semester,Undergraduate,6.0,In Person,2023
3206,LANG8016,Translation Project,First Semester/Second Semester,Postgraduate,6.0,In Person,2023
3207,LANG6002,Translation across Languages: Specialised Materials,,Postgraduate,6.0,In Person,2023
3208,LANG6001,Translation across Languages: The Translation of Literary Texts,,Postgraduate,6.0,In Person,2023
3209,LANG3002,Translation across Languages: specialised material,,Undergraduate,6.0,In Person,2023
3210,LANG3001,Translation across Languages: the translation of literary texts,,Undergraduate,6.0,In Person,2023
3211,LAWS8009,Transnational Anti-Corruption Laws,Spring Session,Postgraduate,6.0,Online or In Person,2023
3212,LANG4100,Transnational Cultural Studies,Second Semester,Undergraduate,12.0,In Person,2023
3213,DIPL8001,Transnational Diplomacy,First Semester,Postgraduate,6.0,Online or In Person,2023
3214,SCRN3001,Transnational Screens: Crossing Borders and Identities,,Undergraduate,6.0,In Person,2023
3215,ANCH6501,Travellers and Geographers in Antiquity,,Postgraduate,6.0,In Person,2023
3216,ANCH2015,Travellers and Geographers in Antiquity,,Undergraduate,6.0,In Person,2023
3217,ASIA6272,Truth and Falsity in Indian History and Politics,First Semester,Postgraduate,6.0,Online or In Person,2023
3218,ASIA3272,Truth and Falsity in Indian History and Politics,First Semester,Undergraduate,6.0,Online or In Person,2023
3219,MMIB8007,Tsinghua Research Project,,Postgraduate,6.0,Online or In Person,2023
3220,HIST2219,"Tudor-Stuart England, c.1485-1714: Politics, Society and Culture",,Undergraduate,6.0,In Person,2023
3221,MEAS3006,Turkish History: Ottoman State to Modern Turkey,,Undergraduate,6.0,In Person,2023
3222,MEAS6006,Turkish History: Ottoman State to Modern Turkey,,Postgraduate,6.0,In Person,2023
3223,MEAS2004,Turkish Politics and Foreign Policy,,Undergraduate,6.0,In Person,2023
3224,MEAS6504,Turkish Politics and Foreign Policy,,Postgraduate,6.0,In Person,2023
3225,DESN2009,Typography in Context: digital typographic design,Second Semester,Undergraduate,6.0,In Person,2023
3226,ARTV6100,Typography: Textual use in Visual Arts,,Postgraduate,6.0,In Person,2023
3227,POLS2127,U.S. Politics,Second Semester,Undergraduate,6.0,In Person,2023
3228,HUMN8019,UNESCO and World Heritage: Conserving Heritage Values,Autumn Session,Postgraduate,6.0,Online,2023
3229,INTR2016,US Foreign and Security Policy in Asia,,Undergraduate,6.0,In Person,2023
3230,INTR8067,US Foreign and Security Policy in the Asia-Pacific,,Postgraduate,6.0,In Person,2023
3231,INDG8003,Understanding Indigenous Wellbeing: Demographic and Socioeconomic Change,,Postgraduate,6.0,Online or In Person,2023
3232,MUSC8012,Understanding Learning in Museums and Heritage,Spring Session,Postgraduate,6.0,Online or In Person,2023
3233,INTR1021,Understanding Peace and Conflict,First Semester,Undergraduate,6.0,Online or In Person,2023
3234,BAPA1002,Understanding Peace and Conflict,Spring Session,Undergraduate,6.0,In Person,2023
3235,DEMO2001,Understanding Population Change,Second Semester,Undergraduate,6.0,In Person,2023
3236,PASI8303,"Understanding the Pacific 1: Foundational Concepts, Critical Perspectives",,Postgraduate,3.0,Online or In Person,2023
3237,PASI8304,"Understanding the Pacific 2: New Actors, Contemporary Issues",,Postgraduate,3.0,Online or In Person,2023
3238,EURO2012,"Uniting Europe: history, politics, theory",First Semester,Undergraduate,6.0,In Person,2023
3239,POGO8234,Unpacking Policy Capacity,Spring Session,Postgraduate,3.0,In Person,2023
3240,VCPG6001,Unravelling Complexity,Second Semester,Postgraduate,6.0,In Person,2023
3241,LAWS4001,Unravelling Complexity,Second Semester,Undergraduate,6.0,In Person,2023
3242,VCUG3001,Unravelling Complexity,Second Semester,Undergraduate,6.0,In Person,2023
3243,ENGN8832,Urban Energy and Energy Efficiency,Second Semester,Postgraduate,6.0,Online,2023
3244,SOCR8202,Using Data to Answer Policy Questions and Evaluate Policy,Autumn Session/Second Semester,Postgraduate,6.0,Online or In Person,2023
3245,SOCR8012,Using Quantitative Text Analysis in Social Research,,Postgraduate,6.0,In Person,2023
3246,ENGL3036,Victorian Literature,,Undergraduate,6.0,In Person,2023
3247,ENGL6036,Victorian Literature,,Postgraduate,6.0,In Person,2023
3248,ARTV6003,Video Art,,Postgraduate,6.0,In Person,2023
3249,ARTV1612,Video Art: Editing & Montage,First Semester/Second Semester,Undergraduate,6.0,In Person,2023
3250,ARTV6612,Video Art: Editing and Montage,First Semester/Second Semester,Postgraduate,6.0,In Person,2023
3251,ARTV2617,Video: Creative Possibilities,,Undergraduate,6.0,In Person,2023
3252,ENVS2017,Vietnam Field School,,Undergraduate,6.0,In Person,2023
3253,ENVS6017,Vietnam Field School,,Postgraduate,6.0,In Person,2023
3254,VIET1002,Vietnamese 1,First Semester,Undergraduate,6.0,Online,2023
3255,VIET1003,Vietnamese 2,Second Semester,Undergraduate,6.0,Online,2023
3256,VIET2002,Vietnamese 3,First Semester,Undergraduate,6.0,Online,2023
3257,VIET2003,Vietnamese 4,Second Semester,Undergraduate,6.0,Online,2023
3258,VIET3002,Vietnamese 5,First Semester,Undergraduate,6.0,Online,2023
3259,VIET3003,Vietnamese 6,Second Semester,Undergraduate,6.0,Online,2023
3260,HIST2243,"Vikings, Crusades, Mongols: Shaping Medieval Europe, c. 850—1300",,Undergraduate,6.0,In Person,2023
3261,POLS4043,Violence and Political Order,,Undergraduate,6.0,In Person,2023
3262,SPAN3100,Violence and Power in Hispanic Literature: Crímenes Perfectos,,Undergraduate,6.0,Online or In Person,2023
3263,ANTH2130,Violence and Terror,First Semester,Undergraduate,6.0,In Person,2023
3264,ANTH6516,Violence and Terror,First Semester,Postgraduate,6.0,In Person,2023
3265,DESN1002,Visual Communication: Design and Production,First Semester,Undergraduate,6.0,In Person,2023
3266,PSYC3015,Visual and Cognitive Neuroscience,Second Semester,Undergraduate,6.0,In Person,2023
3267,FREN3107,Voyages littéraires: Literature in French,First Semester,Undergraduate,6.0,In Person,2023
3268,WARS1003,War and Society in Modern History,,Undergraduate,6.0,In Person,2023
3269,WARS2004,War in the Islands: The Second World War in the Pacific,Second Semester,Undergraduate,6.0,In Person,2023
3270,WARS6006,War in the Islands: The Second World War in the Pacific,Second Semester,Postgraduate,6.0,Online or In Person,2023
3271,WARS1001,"War in the Modern World, 1789 to today",First Semester,Undergraduate,6.0,Online or In Person,2023
3272,POLS3022,Washington DC Internship,,Undergraduate,12.0,In Person,2023
3273,EMDV8079,"Water Justice, Management and Governance",Spring Session,Postgraduate,6.0,Online or In Person,2023
3274,ENVS6555,Water Management,First Semester,Postgraduate,6.0,In Person,2023
3275,ENVS3005,Water Management,First Semester,Undergraduate,6.0,In Person,2023
3276,ENVS2020,Water Science,Summer Session,Undergraduate,6.0,In Person,2023
3277,ENVS6022,Water Science,Summer Session,Postgraduate,6.0,In Person,2023
3278,ENGN4901,Water Systems Engineering,First Semester,Undergraduate,6.0,In Person,2023
3279,MEAS4002,"Ways of Reading the Middle East, Central Asia and their Diasporas: the Big Issues",,Undergraduate,6.0,In Person,2023
3280,COMP1710,Web Development and Design,First Semester,Undergraduate,6.0,In Person,2023
3281,COMP6780,Web Development and Design,First Semester,Postgraduate,6.0,In Person,2023
3282,HIST2220,"Western Europe in the Later Middle Ages, c. 1348-1500",,Undergraduate,6.0,In Person,2023
3283,PHIL1007,What is Humanity?,,Undergraduate,6.0,In Person,2023
3284,ASIA2304,What is Literature? Asian Perspectives,,Undergraduate,6.0,Online or In Person,2023
3285,ENGN4548,Wind Energy,Second Semester,Undergraduate,6.0,In Person,2023
3286,ENGN6548,Wind Energy,Second Semester,Postgraduate,6.0,In Person,2023
3287,ENGN4536,Wireless Communications,Second Semester,Undergraduate,6.0,In Person,2023
3288,ENGN6536,Wireless Communications,Second Semester,Postgraduate,6.0,In Person,2023
3289,INTR8077,"Women, Peace and Security: Defining and Addressing Complex Security Challenges of the 21st Century",,Postgraduate,6.0,Online or In Person,2023
3290,POGO8068,Work Based Research Project,Autumn Session,Postgraduate,12.0,In Person,2023
3291,LAWS8341,Work and the Gig Economy,Autumn Session,Postgraduate,6.0,Online or In Person,2023
3292,ARTV2038,Workshop Atelier,First Semester,Undergraduate,6.0,Online or In Person,2023
3293,ECHI3009,World Economy Since 1800,Second Semester,Undergraduate,6.0,In Person,2023
3294,HIST2136,"World at War, 1939-1945",Second Semester,Undergraduate,6.0,Online or In Person,2023
3295,ARTV2908,Woven Worlds,,Undergraduate,6.0,In Person,2023
3296,ARTH9021,Writing About Art and Creative Practice,,Postgraduate,6.0,In Person,2023
3297,ARTH8021,Writing About Art and Creative Practice,,Postgraduate,6.0,In Person,2023
3298,GEND3016,Writing Lives: Autobiography in Fiction and Memoir,First Semester,Undergraduate,6.0,In Person,2023
3299,MUSI2211,Writing about Music 1: Styles and Theories,First Semester,Undergraduate,6.0,In Person,2023
3300,MUSI6211,Writing about Music 1: Styles and Theories,First Semester,Postgraduate,6.0,In Person,2023
3301,MUSI3313,Writing about Music 2: Sources and Methods,Second Semester,Undergraduate,6.0,In Person,2023
3302,ENGL9002,Writing for Publication: Developing an Academic Paper,First Semester,Postgraduate,6.0,In Person,2023
3303,HUMN9005,Writing for the Research Process,,Postgraduate,6.0,In Person,2023
3304,HUMN8026,Writing in the Public Sphere,,Postgraduate,6.0,Online or In Person,2023
3305,ENGL9020,Writing the Thesis,First Semester,Postgraduate,6.0,In Person,2023
3306,HUMN8012,"Writing, World Histories and Lives: Research Project",First Semester,Postgraduate,6.0,In Person,2023
3307,ASIA3551,Year in Asia,First Semester/Second Semester,Undergraduate,24.0,In Person,2023
3308,CRIM6006,Young People and Crime: Developmental Criminology and its Discontents,Autumn Session,Postgraduate,6.0,In Person,2023
3309,CRIM2006,Young People and Crime: Developmental Criminology and its Discontents,Autumn Session,Undergraduate,6.0,In Person,2023
3310,GEND2037,Young People and Sex,,Undergraduate,6.0,In Person,2023
3311,LAWS4267,Youth Law Clinic,First Semester/Second Semester,Undergraduate,6.0,In Person,2023
3312,LAWS6267,Youth Law Clinic,First Semester/Second Semester,Postgraduate,6.0,In Person,2023
