,CourseCode,Name,Session,Career,Units,ModeOfDelivery,Year
0,ARTV1901," Introduction to Textiles: Plants, Place, Fibre and Colour",Second Semester,Undergraduate,6.0,In Person,2024
1,ARAB1002, Introductory Arabic 1,First Semester,Undergraduate,6.0,Online or In Person,2024
2,MGMT7169,A Management Framework For Business Projects,Second Semester,Postgraduate,6.0,In Person,2024
3,CBEA6070,ANU College of Business and Economics Internship Program (PG),First Semester/Second Semester/Spring Session,Postgraduate,6.0,In Person,2024
4,CBEA3070,ANU College of Business and Economics Internship Program (UG),First Semester/Second Semester/Spring Session,Undergraduate,6.0,In Person,2024
5,EXTN1007A,ANU Extension Advanced Japanese A,Autumn Session,Undergraduate,0.0,In Person,2024
6,EXTN1007B,ANU Extension Advanced Japanese B,,Undergraduate,6.0,In Person,2024
7,EXTN1001A,ANU Extension Astrophysics A,Autumn Session,Undergraduate,0.0,In Person,2024
8,EXTN1001B,ANU Extension Astrophysics B,Autumn Session,Undergraduate,6.0,In Person,2024
9,EXTN1004A,ANU Extension Biodiversity A,Autumn Session,Undergraduate,0.0,In Person,2024
10,EXTN1004B,ANU Extension Biodiversity B,Autumn Session,Undergraduate,6.0,In Person,2024
11,EXTN1002A,ANU Extension Chemistry A,Autumn Session,Undergraduate,0.0,In Person,2024
12,EXTN1002B,ANU Extension Chemistry B,Autumn Session,Undergraduate,6.0,In Person,2024
13,EXTN1003A,ANU Extension Continuing Chinese A,Autumn Session,Undergraduate,0.0,In Person,2024
14,EXTN1003B,ANU Extension Continuing Chinese B,Autumn Session,Undergraduate,6.0,In Person,2024
15,EXTN1006A,ANU Extension Continuing Japanese A,Autumn Session,Undergraduate,0.0,In Person,2024
16,EXTN1006B,ANU Extension Continuing Japanese B,Autumn Session,Undergraduate,6.0,In Person,2024
17,EXTN1019A,ANU Extension Creative Computing A,Autumn Session,Undergraduate,0.0,In Person,2024
18,EXTN1019B,ANU Extension Creative Computing B,Autumn Session,Undergraduate,6.0,In Person,2024
19,EXTN1005A,ANU Extension Discovering Engineering A,Autumn Session,Undergraduate,0.0,In Person,2024
20,EXTN1005B,ANU Extension Discovering Engineering B,Autumn Session,Undergraduate,6.0,In Person,2024
21,EXTN1020A,ANU Extension Global Perspectives in Commerce A,Autumn Session,Undergraduate,0.0,In Person,2024
22,EXTN1020B,ANU Extension Global Perspectives in Commerce B,Autumn Session,Undergraduate,6.0,In Person,2024
23,EXTN1010A,ANU Extension Indonesian Politics and Culture A,Autumn Session,Undergraduate,0.0,In Person,2024
24,EXTN1010B,ANU Extension Indonesian Politics and Culture B,Autumn Session,Undergraduate,6.0,In Person,2024
25,EXTN1008A,ANU Extension Korean Language and Culture A,Autumn Session,Undergraduate,0.0,In Person,2024
26,EXTN1008B,ANU Extension Korean Language and Culture B,Autumn Session,Undergraduate,6.0,In Person,2024
27,EXTN1011A,ANU Extension Physics A,Autumn Session,Undergraduate,0.0,In Person,2024
28,EXTN1011B,ANU Extension Physics B,Autumn Session,Undergraduate,6.0,In Person,2024
29,EXTN1012A,ANU Extension Specialist Mathematics A,Autumn Session,Undergraduate,0.0,In Person,2024
30,EXTN1012B,ANU Extension Specialist Mathematics B,Autumn Session,Undergraduate,6.0,In Person,2024
31,BIOL3188,ANU SynBio Challenge Team Project,Second Semester,Undergraduate,6.0,In Person,2024
32,BIOL6188,ANU SynBio Challenge Team Project,Second Semester,Postgraduate,6.0,In Person,2024
33,SCNC5922,ANU/NUS JD (Band 2 NP),First Semester/Second Semester,Undergraduate,6.0,In Person,2024
34,HLTH3001,Aboriginal and Torres Strait Islander Health,First Semester,Undergraduate,6.0,In Person,2024
35,HIST2022,Aboriginal and Torres Strait Islander History,First Semester,Undergraduate,6.0,In Person,2024
36,PHYS8203,Accelerators and their Application,First Semester,Postgraduate,6.0,In Person,2024
37,BUSN6051,Accounting Analytics,First Semester/Second Semester,Postgraduate,6.0,In Person,2024
38,BUSN7051,Accounting Analytics,,Postgraduate,6.0,In Person,2024
39,BUSN3051,Accounting Analytics,First Semester/Second Semester,Undergraduate,6.0,In Person,2024
40,BUSN4500,Accounting Honours Thesis,First Semester/Second Semester,Undergraduate,6.0,In Person,2024
41,INFS7004,Accounting Information Systems,First Semester/Second Semester,Postgraduate,6.0,In Person,2024
42,INFS2005,Accounting Information Systems,First Semester/Second Semester,Undergraduate,6.0,In Person,2024
43,BUSN1002,Accounting Processes and Systems,First Semester/Second Semester,Undergraduate,6.0,In Person,2024
44,BUSN3001,Accounting Theory,First Semester/Second Semester,Undergraduate,6.0,In Person,2024
45,BUSN8068,Accounting for Sustainability,Second Semester,Postgraduate,6.0,In Person,2024
46,ARTV2821,"Active Materials: Posthuman Sculpture Practice with Casting, 3D Modelling and Bioart",,Undergraduate,6.0,In Person,2024
47,ASIA8021,Activism and Social Change in Asia and the Pacific,Second Semester,Postgraduate,6.0,Online or In Person,2024
48,ACST8040,Actuarial Control Cycle 1,First Semester,Postgraduate,6.0,In Person,2024
49,ACST4031,Actuarial Control Cycle 1,First Semester,Undergraduate,6.0,In Person,2024
50,ACST4032,Actuarial Control Cycle 2,Second Semester,Undergraduate,6.0,In Person,2024
51,ACST8041,Actuarial Control Cycle 2,Second Semester,Postgraduate,6.0,In Person,2024
52,ACST3032,Actuarial Data Analysis,Second Semester,Undergraduate,6.0,In Person,2024
53,ACST4062,Actuarial Data Analysis,Second Semester,Undergraduate,6.0,In Person,2024
54,ACST6032,Actuarial Data Analysis,Second Semester,Postgraduate,6.0,In Person,2024
55,ACST4500,Actuarial Honours Thesis,First Semester/Second Semester,Undergraduate,6.0,In Person,2024
56,ACST4600,Actuarial Research Essay,,Undergraduate,6.0,In Person,2024
57,STAT3038,Actuarial Techniques,Second Semester,Undergraduate,6.0,In Person,2024
58,STAT6045,Actuarial Techniques,Second Semester,Postgraduate,6.0,In Person,2024
59,ENGL6067,Adaptation: From Text to Screen,,Postgraduate,6.0,In Person,2024
60,ENGL2067,Adaptation: From Text to Screen,,Undergraduate,6.0,In Person,2024
61,LAWS2201,Administrative Law,First Semester,Undergraduate,6.0,In Person,2024
62,LAWS6201,Administrative Law,First Semester,Postgraduate,6.0,Online or In Person,2024
63,LING2107,Advanced Academic English,,Undergraduate,6.0,In Person,2024
64,LING6030,Advanced Academic English,,Postgraduate,6.0,In Person,2024
65,LAWS4262,Advanced Administrative Law,,Undergraduate,6.0,Online or In Person,2024
66,LAWS8462,Advanced Administrative Law,,Postgraduate,6.0,Online or In Person,2024
67,MATH2322,"Advanced Algebra 1: Groups, Rings and Linear Algebra",Second Semester,Undergraduate,6.0,In Person,2024
68,MATH3345,Advanced Algebra 2: Field extensions and Galois Theory,First Semester,Undergraduate,6.0,In Person,2024
69,COMP8460,Advanced Algorithms,First Semester,Postgraduate,6.0,In Person,2024
70,COMP4600,Advanced Algorithms,First Semester,Undergraduate,6.0,In Person,2024
71,ARTV2607,Advanced Analogue Photography,Second Semester,Undergraduate,6.0,In Person,2024
72,ARTV6607,Advanced Analogue Photography,,Postgraduate,6.0,In Person,2024
73,MATH2320,Advanced Analysis 1: Metric Spaces and Applications,First Semester,Undergraduate,6.0,In Person,2024
74,MATH3320,Advanced Analysis 2: Lebesgue Integration and Hilbert Spaces,First Semester,Undergraduate,6.0,In Person,2024
75,PHIL3072,Advanced Analytic Philosophy,,Undergraduate,6.0,In Person,2024
76,GREK3125,Advanced Ancient Greek,Second Semester,Undergraduate,6.0,In Person,2024
77,PSYC8521,Advanced Applications in Psychological Practice,Second Semester,Postgraduate,6.0,In Person,2024
78,ARAB3001,Advanced Arabic 1,First Semester,Undergraduate,6.0,Online or In Person,2024
79,ARAB3002,Advanced Arabic 2,Second Semester,Undergraduate,6.0,Online or In Person,2024
80,ARAB3100,Advanced Arabic 3 ,,Undergraduate,6.0,Online,2024
81,PSYC8510,Advanced Assessment in Professional Psychology,First Semester,Postgraduate,6.0,In Person,2024
82,ECON3180,Advanced Behavioral Economics,,Undergraduate,6.0,In Person,2024
83,ECON6080,Advanced Behavioral Economics,,Postgraduate,6.0,In Person,2024
84,ECON8080,Advanced Behavioral Economics,,Postgraduate,6.0,In Person,2024
85,ECON4480,Advanced Behavioral Economics,,Undergraduate,6.0,In Person,2024
86,EMET8020,Advanced Case Studies in Applied Econometrics and Applied Economics,,Postgraduate,6.0,In Person,2024
87,MATH3228,Advanced Complex Analysis,Second Semester,Undergraduate,6.0,In Person,2024
88,COMP4820,Advanced Computing Internship,First Semester/Second Semester,Undergraduate,12.0,In Person,2024
89,COMP4560,Advanced Computing Project,First Semester/Second Semester,Undergraduate,6.0,In Person,2024
90,COMP8800,Advanced Computing Research Project,First Semester/Second Semester,Postgraduate,12.0,In Person,2024
91,COMP8715,Advanced Computing Team Project,First Semester/Second Semester,Postgraduate,6.0,In Person,2024
92,LAWS8218,Advanced Contracts,Summer Session,Postgraduate,6.0,Online or In Person,2024
93,ENGN8224,Advanced Control Systems,Second Semester,Postgraduate,6.0,In Person,2024
94,FINM4015,Advanced Corporate Finance,First Semester/Second Semester,Undergraduate,6.0,In Person,2024
95,FINM8004,Advanced Corporate Finance,First Semester/Second Semester,Postgraduate,6.0,In Person,2024
96,FINM3007,Advanced Derivatives Pricing and Applications,Second Semester,Undergraduate,6.0,In Person,2024
97,MATH3342,Advanced Differential Geometry,First Semester,Undergraduate,6.0,In Person,2024
98,EMET4314,Advanced Econometrics I,First Semester,Undergraduate,6.0,In Person,2024
99,EMET8014,Advanced Econometrics I,First Semester,Postgraduate,6.0,In Person,2024
100,EMET4308,Advanced Econometrics II,,Undergraduate,6.0,In Person,2024
101,EMET8008,Advanced Econometrics II,,Postgraduate,6.0,In Person,2024
102,PHYS3102,Advanced Electromagnetism,First Semester,Undergraduate,6.0,In Person,2024
103,PHYS6102,Advanced Electromagnetism,First Semester,Postgraduate,6.0,In Person,2024
104,ARTV2707,Advanced Etching and Relief Printing,Second Semester,Undergraduate,6.0,In Person,2024
105,PHIL3073,"Advanced Ethics, Social and Political Philosophy",Second Semester,Undergraduate,6.0,In Person,2024
106,BIOL3303,Advanced Field Studies in Functional Ecology,Winter Session,Undergraduate,6.0,In Person,2024
107,BIOL6303,Advanced Field Studies in Functional Ecology,Winter Session,Postgraduate,6.0,In Person,2024
108,ARCH8002,Advanced Field Training in Archaeological Science,Winter Session,Postgraduate,6.0,In Person,2024
109,FREN3010,Advanced French I,First Semester,Undergraduate,6.0,In Person,2024
110,FREN3011,Advanced French II,Second Semester,Undergraduate,6.0,In Person,2024
111,MATH6214,"Advanced Functional Analysis, Spectral theory and Applications",Second Semester,Postgraduate,6.0,In Person,2024
112,MATH3325,"Advanced Functional Analysis, Spectral theory and Applications",Second Semester,Undergraduate,6.0,In Person,2024
113,PERS3002,Advanced Functional Persian,Winter Session,Undergraduate,6.0,Online,2024
114,PHYS8721,Advanced Imaging Methods and Systems,First Semester,Postgraduate,6.0,In Person,2024
115,LAWS4264,Advanced International Law,Second Semester,Undergraduate,6.0,Online or In Person,2024
116,FINM4106,Advanced Investments,First Semester/Second Semester,Undergraduate,6.0,In Person,2024
117,FINM8006,Advanced Investments,First Semester/Second Semester,Postgraduate,6.0,In Person,2024
118,ITAL3016,Advanced Italian Topics in Language and Cultural Studies,Second Semester,Undergraduate,6.0,In Person,2024
119,ITAL3015,"Advanced Italian Topics in Language, Culture and Society",First Semester,Undergraduate,6.0,In Person,2024
120,JPNS3006,Advanced Japanese:  Language in Context,First Semester,Undergraduate,6.0,In Person,2024
121,JPNS3005,Advanced Japanese: Issues in Contemporary Japan,,Undergraduate,6.0,In Person,2024
122,JPNS3007,Advanced Japanese: Readings in Culture and Society,,Undergraduate,6.0,In Person,2024
123,JPNS3008,Advanced Japanese: Readings in Literature,Second Semester,Undergraduate,6.0,In Person,2024
124,MUSI2507,Advanced Jazz Studies 1,First Semester,Undergraduate,6.0,In Person,2024
125,MUSI2508,Advanced Jazz Studies 2,Second Semester,Undergraduate,6.0,In Person,2024
126,KORE3018,Advanced Korean B: Culture and History,Second Semester,Undergraduate,6.0,In Person,2024
127,KORE3015,Advanced Korean: Film and Society,First Semester,Undergraduate,6.0,Online or In Person,2024
128,LATN3125,Advanced Latin,First Semester/Second Semester,Undergraduate,6.0,In Person,2024
129,LAWS9800,Advanced Legal Methods and Legal Writing,First Semester,Postgraduate,6.0,Online or In Person,2024
130,LAWS8800,Advanced Legal Methods and Legal Writing,First Semester,Postgraduate,6.0,Online or In Person,2024
131,CHIN3015,Advanced Literary Chinese,First Semester,Undergraduate,6.0,Online or In Person,2024
132,ECON8026,Advanced Macroeconomic Analysis,First Semester/Second Semester,Postgraduate,6.0,In Person,2024
133,BUSN6003,Advanced Management Accounting,Second Semester,Postgraduate,6.0,In Person,2024
134,BUSN3003,Advanced Management Accounting,Second Semester,Undergraduate,6.0,In Person,2024
135,BUSN8003,Advanced Managerial Decision Making,,Postgraduate,6.0,In Person,2024
136,CHEM3202,Advanced Materials,First Semester,Undergraduate,6.0,In Person,2024
137,CHEM6202,Advanced Materials,First Semester,Postgraduate,6.0,In Person,2024
138,CHEM8031,Advanced Materials Manufacturing,Second Semester,Postgraduate,6.0,In Person,2024
139,MATH3353,Advanced Mathematical Bioinformatics,First Semester,Undergraduate,6.0,In Person,2024
140,MATH6208,Advanced Mathematical Bioinformatics,First Semester,Postgraduate,6.0,In Person,2024
141,STAT3056,Advanced Mathematical Statistics,Second Semester,Undergraduate,6.0,In Person,2024
142,STAT6056,Advanced Mathematical Statistics,Second Semester,Postgraduate,6.0,In Person,2024
143,MATH1115,Advanced Mathematics and Applications 1,First Semester,Undergraduate,6.0,In Person,2024
144,MATH1116,Advanced Mathematics and Applications 2,Second Semester,Undergraduate,6.0,In Person,2024
145,ECON8025,Advanced Microeconomic Analysis,First Semester/Second Semester,Postgraduate,6.0,In Person,2024
146,BIOL3203,Advanced Microscopy in Biosciences,Winter Session,Undergraduate,6.0,In Person,2024
147,BIOL6203,Advanced Microscopy in Biosciences,Winter Session,Postgraduate,6.0,In Person,2024
148,CHIN3024,Advanced Modern Chinese A,First Semester,Undergraduate,6.0,Online or In Person,2024
149,CHIN3025,Advanced Modern Chinese B,Second Semester,Undergraduate,6.0,Online or In Person,2024
150,PERS3005,Advanced Persian A,,Undergraduate,6.0,Online,2024
151,PERS3006,Advanced Persian B,,Undergraduate,6.0,Online,2024
152,PHIL3074,Advanced Philosophical Topics,,Undergraduate,6.0,In Person,2024
153,LAWS8183,Advanced Principles of International Law,Spring Session,Postgraduate,6.0,Online or In Person,2024
154,PSYC8511,Advanced Psychological Interventions,First Semester,Postgraduate,6.0,In Person,2024
155,PHYS6101,Advanced Quantum Mechanics,First Semester,Postgraduate,6.0,In Person,2024
156,PHYS3101,Advanced Quantum Mechanics,First Semester,Undergraduate,6.0,In Person,2024
157,ENGN4222,Advanced Reactor Science,,Undergraduate,6.0,In Person,2024
158,PHYS8212,Advanced Reactor Science,Second Semester,Postgraduate,6.0,In Person,2024
159,CLAS9001,Advanced Readings in Classical Studies,First Semester/Second Semester,Postgraduate,6.0,In Person,2024
160,LING4106,Advanced Readings in Linguistics,First Semester/Second Semester,Undergraduate,6.0,In Person,2024
161,ECON8887,Advanced Research Essay,First Semester/Second Semester,Postgraduate,6.0,In Person,2024
162,ECON8888,Advanced Research Essay B,,Postgraduate,6.0,In Person,2024
163,PSYC3018,Advanced Research Methods,First Semester,Undergraduate,6.0,In Person,2024
164,EMDV9066,Advanced Research Project in Environmental Management & Development,Second Semester,Postgraduate,12.0,Online or In Person,2024
165,BIOL8702,Advanced Research Techniques,First Semester,Postgraduate,12.0,In Person,2024
166,ARTV2723,Advanced Screen Printing,First Semester,Undergraduate,6.0,In Person,2024
167,SOCY9002,Advanced Social Research Methods,Second Semester,Postgraduate,6.0,In Person,2024
168,LING3036,Advanced Sociolinguistics,,Undergraduate,6.0,In Person,2024
169,LING6036,Advanced Sociolinguistics,,Postgraduate,6.0,In Person,2024
170,SPAN3031,Advanced Spanish Topics in Language and Linguistics,,Undergraduate,6.0,In Person,2024
171,SPAN3030,Advanced Spanish topics in Language and Culture,First Semester,Undergraduate,6.0,In Person,2024
172,STAT3050,Advanced Statistical Learning,Second Semester,Undergraduate,6.0,In Person,2024
173,STAT4050,Advanced Statistical Learning,Second Semester,Undergraduate,6.0,In Person,2024
174,STAT6050,Advanced Statistical Learning,Second Semester,Postgraduate,6.0,In Person,2024
175,PHYS3103,Advanced Statistical Mechanics,Second Semester,Undergraduate,6.0,In Person,2024
176,PHYS6103,Advanced Statistical Mechanics,Second Semester,Postgraduate,6.0,In Person,2024
177,STAT6060,Advanced Stochastic Processes,Second Semester,Postgraduate,6.0,In Person,2024
178,STAT3006,Advanced Stochastic Processes,Second Semester,Undergraduate,6.0,In Person,2024
179,ARTS2101,Advanced Studies 3,,Undergraduate,6.0,In Person,2024
180,ARTS2102,Advanced Studies 4,,Undergraduate,6.0,In Person,2024
181,ARTS3101,Advanced Studies 5,,Undergraduate,6.0,In Person,2024
182,ARTS3102,Advanced Studies 6,,Undergraduate,6.0,In Person,2024
183,SCNC2101,Advanced Studies Course,Summer Session/First Semester/Autumn Session/Winter Session/Second Semester/Spring Session,Undergraduate,6.0,In Person,2024
184,SCNC3101,Advanced Studies Course,Summer Session/First Semester/Autumn Session/Winter Session/Second Semester/Spring Session,Undergraduate,6.0,In Person,2024
185,BPHB1114,Advanced Studies in the Social Sciences and Humanities 1,Second Semester,Undergraduate,6.0,In Person,2024
186,BPHB2114,Advanced Studies in the Social Sciences and Humanities 2,Summer Session/First Semester/Autumn Session/Winter Session/Second Semester/Spring Session,Undergraduate,6.0,In Person,2024
187,BPHB3114,Advanced Studies in the Social Sciences and Humanities 3,Summer Session/First Semester/Autumn Session/Winter Session/Second Semester/Spring Session,Undergraduate,12.0,In Person,2024
188,SOCR8010,Advanced Survey Data Analysis,Second Semester,Postgraduate,6.0,In Person,2024
189,SOCR8203,Advanced Techniques in the Creation of Social Science Data,Winter Session,Postgraduate,6.0,Online or In Person,2024
190,MATH3354,Advanced Topics in Algebra,Second Semester,Undergraduate,6.0,In Person,2024
191,MATH6216,Advanced Topics in Algebra,Second Semester,Postgraduate,6.0,In Person,2024
192,COMP4620,Advanced Topics in Artificial Intelligence,Second Semester,Undergraduate,6.0,In Person,2024
193,COMP8620,Advanced Topics in Artificial intelligence,Second Semester,Postgraduate,6.0,In Person,2024
194,BIAN8010,Advanced Topics in Biological Anthropology,Spring Session,Postgraduate,6.0,Online or In Person,2024
195,ENGN8637,Advanced Topics in Communications and Signal Processing,,Postgraduate,6.0,In Person,2024
196,COMP4045,Advanced Topics in Computer Systems,,Undergraduate,6.0,In Person,2024
197,COMP8045,Advanced Topics in Computer Systems & Architecture,,Postgraduate,6.0,In Person,2024
198,ENGN8501,Advanced Topics in Computer Vision,,Postgraduate,6.0,In Person,2024
199,COMP8539,Advanced Topics in Computer Vision,,Postgraduate,6.0,In Person,2024
200,COMP8536,Advanced Topics in Deep Learning for Computer Vision,Second Semester,Postgraduate,6.0,In Person,2024
201,COMP4011,Advanced Topics in Formal Methods and Programming Languages    ,Second Semester,Undergraduate,6.0,In Person,2024
202,COMP8011,Advanced Topics in Formal Methods and Programming Languages    ,Second Semester,Postgraduate,6.0,In Person,2024
203,COMP8670,Advanced Topics in Logic and Computation,,Postgraduate,6.0,In Person,2024
204,COMP4680,Advanced Topics in Machine Learning,Second Semester,Undergraduate,6.0,In Person,2024
205,COMP8650,Advanced Topics in Machine Learning,Second Semester,Postgraduate,6.0,In Person,2024
206,MATH3351,Advanced Topics in Mathematical Physics,Second Semester,Undergraduate,6.0,In Person,2024
207,PHIL4012,Advanced Topics in Philosophy 2,First Semester/Second Semester,Undergraduate,6.0,In Person,2024
208,PHIL4011,Advanced Topics in Philosophy I,First Semester/Second Semester,Undergraduate,6.0,In Person,2024
209,ECON8901,"Advanced Topics in Poverty, Public Policy and Development",,Postgraduate,6.0,In Person,2024
210,BIOL8002,Advanced Topics in Quantitative Biology,Second Semester,Postgraduate,6.0,In Person,2024
211,ENGN8536,Advanced Topics in Robotics and Autonomous Systems,Second Semester,Postgraduate,6.0,In Person,2024
212,BIOL3144,Advanced and Applied Immunology,Second Semester,Undergraduate,6.0,In Person,2024
213,BIOL6144,Advanced and Applied Immunology,Second Semester,Postgraduate,6.0,In Person,2024
214,BIOL3107,Advances in Medical and Plant Biochemistry,First Semester,Undergraduate,6.0,In Person,2024
215,BIOL6107,Advances in Medical and Plant Biochemistry,First Semester,Postgraduate,6.0,In Person,2024
216,BIOL3177,Advances in Molecular Plant Science,First Semester,Undergraduate,6.0,In Person,2024
217,BIOL6177,Advances in Molecular Plant Science,First Semester,Postgraduate,6.0,In Person,2024
218,ENGN3338,Aerodynamics,First Semester,Undergraduate,6.0,In Person,2024
219,ENGN3339,Aerospace Structures and Materials,First Semester,Undergraduate,6.0,In Person,2024
220,HIST2315,Africans and Afro-descendants,,Undergraduate,6.0,In Person,2024
221,ARTH2043,After the Bauhaus: Design from the Interwar Period to the Age of Climate Crisis,,Undergraduate,6.0,In Person,2024
222,ENVS3042,Agricultural Innovation,Second Semester,Undergraduate,6.0,In Person,2024
223,ENVS6342,Agricultural Innovation,Second Semester,Postgraduate,6.0,In Person,2024
224,ENVS2024,Agricultural Systems,Winter Session,Undergraduate,6.0,In Person,2024
225,ENVS6224,Agricultural Systems,Winter Session,Postgraduate,6.0,In Person,2024
226,IDEC8018,Agricultural and Resource Economics ,Second Semester,Postgraduate,6.0,Online or In Person,2024
227,IDEC8007,Aid and Development Policy,,Postgraduate,6.0,Online or In Person,2024
228,ENGN4339,Aircraft and Spacecraft - Design and Performance,Second Semester,Undergraduate,6.0,In Person,2024
229,ASIA2747,"Airlines in Asia and the Pacific: Histories, Technologies, Cultures, and Geographies",,Undergraduate,6.0,In Person,2024
230,CRIM2005,"Alcohol, Drugs and Crime: Promoting Health and Preventing Consequences",Second Semester,Undergraduate,6.0,In Person,2024
231,CLAS2015,Alexander the Great and the Hellenistic World: An Age of Transformation and Discovery,Second Semester,Undergraduate,6.0,In Person,2024
232,MATH6118,"Algebra 1:  Groups, Rings and Advanced Linear Algebra",Second Semester,Postgraduate,6.0,In Person,2024
233,MATH6215,Algebra 2: Field extensions and Galois Theory,First Semester,Postgraduate,6.0,In Person,2024
234,MATH1003,Algebra and Calculus Methods,First Semester,Undergraduate,6.0,In Person,2024
235,MATH8204,Algebraic Topology,Second Semester,Postgraduate,6.0,In Person,2024
236,MATH4204,Algebraic Topology Honours,Second Semester,Undergraduate,6.0,In Person,2024
237,COMP3600,Algorithms,Second Semester,Undergraduate,6.0,In Person,2024
238,COMP6466,Algorithms,Second Semester,Postgraduate,6.0,In Person,2024
239,STST8053,"Alliances in Asia: theory, history and practice",Second Semester,Postgraduate,6.0,In Person,2024
240,ARTV2315,Alternative Process in Glass Kiln Forming ,Summer Session,Undergraduate,6.0,In Person,2024
241,ENGL3021,"American Literature: Nature, Retreat, Experiment",,Undergraduate,6.0,In Person,2024
242,ENGL6021,"American Literature: Nature, Retreat, Experiment",,Postgraduate,6.0,In Person,2024
243,ARTV6601,Analogue Photography,,Postgraduate,6.0,In Person,2024
244,ARTV1601,Analogue Photography ,Winter Session,Undergraduate,6.0,In Person,2024
245,MATH6110,Analysis 1: Metric spaces and Applications,First Semester,Postgraduate,6.0,In Person,2024
246,MATH6212,Analysis 2: Lebesgue Integration and Hilbert Spaces,First Semester,Postgraduate,6.0,In Person,2024
247,BUSN8007,Analysis of Financial Reporting,First Semester/Second Semester,Postgraduate,6.0,In Person,2024
248,BUSN4007,Analysis of Financial Reporting,First Semester/Second Semester,Undergraduate,6.0,In Person,2024
249,POPH8313,Analysis of Public Health Data,Second Semester,Postgraduate,6.0,Online or In Person,2024
250,ARCH3043,Analysis of Vertebrate Remains,,Undergraduate,6.0,In Person,2024
251,ARCH6043,Analysis of Vertebrate Remains,,Postgraduate,6.0,In Person,2024
252,EMSC4122,Analytical Techniques,First Semester,Undergraduate,6.0,In Person,2024
253,EMSC8022,Analytical Techniques,First Semester,Postgraduate,6.0,In Person,2024
254,INFS8211,Analytics for Digital Transformation,,Postgraduate,6.0,In Person,2024
255,ARCH8044,Ancient Biomolecules And Our Past,,Postgraduate,6.0,In Person,2024
256,CLAS1006,"Ancient Greece: History, Culture and Society",,Undergraduate,6.0,In Person,2024
257,BIAN6512,Ancient Health and Disease,Second Semester,Postgraduate,6.0,In Person,2024
258,BIAN3125,Ancient Health and Disease,Second Semester,Undergraduate,6.0,In Person,2024
259,BIAN6519,Ancient Medicine,,Postgraduate,6.0,In Person,2024
260,BIAN2130,Ancient Medicine,,Undergraduate,6.0,In Person,2024
261,ARCH2030,Angkor: Power and Glory. The Rise of States in Southeast Asia,,Undergraduate,6.0,Online or In Person,2024
262,ARCH3108,Animal and Plant Domestication,,Undergraduate,6.0,In Person,2024
263,ARCH6108,Animal and Plant Domestication,,Postgraduate,6.0,In Person,2024
264,CHMD8009,Anthropological Approaches to Health Interventions,Second Semester,Postgraduate,6.0,Online or In Person,2024
265,ANTH9112,Anthropological Field Methods,Autumn Session,Postgraduate,12.0,In Person,2024
266,ANTH9949,Anthropological Methods for PhD students,Autumn Session,Postgraduate,12.0,In Person,2024
267,ANTH9901,Anthropology PhD Thesis Writing Workshop,First Semester/Second Semester,Postgraduate,12.0,In Person,2024
268,ANTH8061,Anthropology and Planetary Futures,First Semester,Postgraduate,6.0,Online or In Person,2024
269,CHMD8022,Anthropology of Biomedical Technologies in Practice,,Postgraduate,6.0,Online or In Person,2024
270,ANTH6064,Anthropology of Environmental Disasters,First Semester,Postgraduate,6.0,In Person,2024
271,BIAN2064,Anthropology of Environmental Disasters,First Semester,Undergraduate,6.0,In Person,2024
272,ARAB3010,Applied Arabic,,Undergraduate,12.0,In Person,2024
273,FINM7007,Applied Corporate Finance,First Semester/Second Semester,Postgraduate,6.0,In Person,2024
274,CYBN8005,Applied Cybernetics Professional Experience,Winter Session/Second Semester,Postgraduate,0.0,In Person,2024
275,CECS8005,Applied Cybernetics Professional Experience,,Postgraduate,0.0,In Person,2024
276,FINM6041,Applied Derivatives,First Semester/Second Semester,Postgraduate,6.0,In Person,2024
277,IDEC8020,Applied Economic Dynamics,First Semester,Postgraduate,6.0,Online or In Person,2024
278,MGMT8020,Applied Entrepreneurship and Innovation,,Postgraduate,6.0,In Person,2024
279,FINM8014,Applied Financial Intermediation and Debt Markets,,Postgraduate,6.0,In Person,2024
280,FINM7006,Applied Foundations of Finance,First Semester/Second Semester,Postgraduate,6.0,In Person,2024
281,FINM6015,Applied Foundations of Fintech,Second Semester,Postgraduate,6.0,In Person,2024
282,EMSC3033,Applied Geophysics,First Semester,Undergraduate,6.0,In Person,2024
283,FINM7008,Applied Investments,First Semester/Second Semester,Postgraduate,6.0,In Person,2024
284,EMET4310,Applied Macro & Financial Econometrics,Second Semester,Undergraduate,6.0,In Person,2024
285,EMET3008,Applied Macro and Financial Econometrics,Second Semester,Undergraduate,6.0,In Person,2024
286,EMET6010,Applied Macro and Financial Econometrics,Second Semester,Postgraduate,6.0,In Person,2024
287,EMET8010,Applied Macro and Financial Econometrics,,Postgraduate,6.0,In Person,2024
288,MKTG8060,Applied Market Research,Second Semester,Postgraduate,6.0,In Person,2024
289,PHYS4301,Applied Mathematical Methods in Physics,First Semester,Undergraduate,6.0,In Person,2024
290,PHYS8301,Applied Mathematical Methods in Physics,First Semester,Postgraduate,6.0,In Person,2024
291,MATH2305,Applied Mathematics I,First Semester,Undergraduate,6.0,In Person,2024
292,MATH2306,Applied Mathematics II,Second Semester,Undergraduate,6.0,In Person,2024
293,EMET4301,Applied Micro-econometrics,First Semester,Undergraduate,6.0,In Person,2024
294,EMET6001,Applied Micro-econometrics,Second Semester,Postgraduate,6.0,In Person,2024
295,EMET3006,Applied Micro-econometrics,First Semester/Second Semester,Undergraduate,6.0,In Person,2024
296,CRWF7000,Applied Policy Project,Second Semester,Postgraduate,6.0,In Person,2024
297,POLS3041,Applied Policy Project,Second Semester,Undergraduate,6.0,In Person,2024
298,FINM6016,Applied Portfolio Construction,First Semester/Second Semester,Postgraduate,6.0,In Person,2024
299,FINM8100,Applied Project in Finance,First Semester/Second Semester,Postgraduate,6.0,In Person,2024
300,STAT4102,Applied Time Series Analysis,First Semester,Undergraduate,6.0,In Person,2024
301,STAT8002,Applied Time Series Analysis,First Semester,Postgraduate,6.0,In Person,2024
302,MMIB4001,Applied Topics in Business Honours Studies,First Semester/Second Semester,Undergraduate,6.0,In Person,2024
303,MMIB8001,Applied Topics in Business Studies,First Semester/Second Semester,Postgraduate,6.0,In Person,2024
304,FINM6005,Applied Valuation,First Semester/Second Semester,Postgraduate,6.0,In Person,2024
305,FINM7044,Applied Valuation,,Postgraduate,6.0,In Person,2024
306,ECON8113,Applied Welfare Economics,,Postgraduate,6.0,In Person,2024
307,ECON4040,Applied Welfare Economics,,Undergraduate,6.0,In Person,2024
308,EMET8001,Applied micro-econometrics,First Semester,Postgraduate,6.0,In Person,2024
309,BIOL3210,Appreciating Parasites: From Molecules to Ecosystems,,Undergraduate,6.0,In Person,2024
310,BIOL6210,Appreciating Parasites: From Molecules to Ecosystems,,Postgraduate,6.0,In Person,2024
311,ARTV2506,Approaches to Abstraction in Painting,First Semester,Undergraduate,6.0,In Person,2024
312,HIST2110,Approaches to History,First Semester,Undergraduate,6.0,In Person,2024
313,ASIA8022,"Approaching Asia and the Pacific: Concepts, Tools, and Methods ",Second Semester,Postgraduate,6.0,Online or In Person,2024
314,ARCH2061,Archaeological Field Methods,,Undergraduate,6.0,In Person,2024
315,ARCH6008,Archaeological Field Methods,,Postgraduate,6.0,In Person,2024
316,ARCH2055,Archaeological Fieldschools &amp; Fieldwork Practice,Spring Session,Undergraduate,6.0,In Person,2024
317,ARCH2007,Archaeological Laboratory Methods,First Semester,Undergraduate,6.0,In Person,2024
318,ARCH8043,Archaeological Science Extended Internship,Summer Session/First Semester/Autumn Session/Winter Session/Second Semester/Spring Session,Postgraduate,12.0,In Person,2024
319,ARCH8042,Archaeological Science Internship,Summer Session/First Semester/Autumn Session/Winter Session/Second Semester/Spring Session,Postgraduate,6.0,In Person,2024
320,ARCH8031,Archaeological Science Research Project 2,Summer Session/First Semester/Autumn Session/Winter Session/Second Semester/Spring Session,Postgraduate,6.0,In Person,2024
321,ARCH8030,Archaeological and Evolutionary Science Research Project 1,Summer Session/First Semester/Autumn Session/Winter Session/Second Semester/Spring Session,Postgraduate,6.0,Online or In Person,2024
322,ARCH1111,Archaeology Uncovered,First Semester,Undergraduate,6.0,In Person,2024
323,ARCH4003,Archaeology and Biological Anthropology Honours Writing Seminar,Second Semester,Undergraduate,6.0,In Person,2024
324,ARCH2052,Archaeology in Film and Fiction,First Semester,Undergraduate,6.0,In Person,2024
325,ASIA2203,Archaeology of China,,Undergraduate,6.0,In Person,2024
326,ASIA6202,Archaeology of China,,Postgraduate,6.0,Online or In Person,2024
327,ARCH6030,Archaeology of Ritual and Religion,First Semester,Postgraduate,6.0,In Person,2024
328,ARCH3030,Archaeology of Ritual and Religion,First Semester,Undergraduate,6.0,In Person,2024
329,ARCH2050,Archaeology of Southeast Asia,First Semester,Undergraduate,6.0,In Person,2024
330,ARCH2005,Archaeology of the Pacific Islanders,,Undergraduate,6.0,In Person,2024
331,ARCH6005,Archaeology of the Pacific Islanders,,Postgraduate,6.0,In Person,2024
332,ARCH8033,"Archaeology, Climate Change and Society",Second Semester,Postgraduate,6.0,Online or In Person,2024
333,ARTH8020,Arguing Objects,,Postgraduate,6.0,In Person,2024
334,ARTH1006,Art History and Curatorial Studies 1: Cultures and Meaning,First Semester,Undergraduate,6.0,Online or In Person,2024
335,ARTH1007,Art History and Curatorial Studies 2: Vision and Materiality,Second Semester,Undergraduate,6.0,In Person,2024
336,ARTH2001,Art History and Curatorial Studies In-Country,,Undergraduate,12.0,In Person,2024
337,ARTH6001,Art History and Curatorial Studies In-Country,,Postgraduate,12.0,In Person,2024
338,ARTH8030,Art Museum Internship,Summer Session/First Semester/Autumn Session/Winter Session/Second Semester/Spring Session,Postgraduate,12.0,In Person,2024
339,ARTH4030,Art Museum Internship,Summer Session/First Semester/Autumn Session/Winter Session/Second Semester/Spring Session,Undergraduate,12.0,In Person,2024
340,COMP6720,Art and Interaction Computing,Second Semester,Postgraduate,6.0,In Person,2024
341,COMP1720,Art and Interaction Computing,Second Semester,Undergraduate,6.0,In Person,2024
342,ARTH6044,Art and Its Context: Materials Techniques Display,,Postgraduate,6.0,In Person,2024
343,ARTH2044,"Art and Its Context: Materials, Techniques, Display",Second Semester,Undergraduate,6.0,In Person,2024
344,ARTH3057,Art and Politics of Collecting,,Undergraduate,6.0,In Person,2024
345,ARTV2070,Art and Social Media,,Undergraduate,6.0,In Person,2024
346,ARTH2174,Art and the Body: Gender and Sexuality,Second Semester,Undergraduate,6.0,In Person,2024
347,ARTH6162,Art in the Digital Age,,Postgraduate,6.0,In Person,2024
348,ARTH2052,Art of the Multiple,,Undergraduate,6.0,In Person,2024
349,ARTH6052,Art of the Multiple,,Postgraduate,6.0,Online or In Person,2024
350,ARTH3005,"Art, Racial Politics, and the Public Sphere",,Undergraduate,6.0,In Person,2024
351,COMP6320,Artificial Intelligence,First Semester,Postgraduate,6.0,In Person,2024
352,COMP3620,Artificial Intelligence,First Semester,Undergraduate,6.0,In Person,2024
353,LAWS4251,Artificial Intelligence and the Law,Second Semester,Undergraduate,6.0,In Person,2024
354,LAWS8405,"Artificial Intelligence, Law & Society",Summer Session,Postgraduate,6.0,Online,2024
355,ASIA6220,Asia Pacific In-Country Learning,Summer Session/Winter Session/Spring Session,Postgraduate,6.0,Online or In Person,2024
356,ASIA3023,Asia Pacific Week Internship,First Semester,Undergraduate,6.0,In Person,2024
357,ASIA1030,Asia and the Pacific in Motion,Second Semester,Undergraduate,6.0,In Person,2024
358,ASIA1025,"Asia and the Pacific: Power, diversity and change",First Semester,Undergraduate,6.0,Online or In Person,2024
359,EMDV8009,Asia-Pacific Environmental Conflicts,,Postgraduate,6.0,Online or In Person,2024
360,ASIA2220,Asia-Pacific In-Country Learning,Summer Session/Winter Session/Spring Session,Undergraduate,6.0,In Person,2024
361,BUSI7055,Asian Business Systems,Second Semester,Postgraduate,6.0,In Person,2024
362,FINM6045,Asian Capital Markets,First Semester/Second Semester,Postgraduate,6.0,In Person,2024
363,FINM3045,Asian Capital Markets,First Semester/Second Semester,Undergraduate,6.0,In Person,2024
364,ASIA2067,Asian Economies,Second Semester,Undergraduate,6.0,In Person,2024
365,ARTH2169,"Asian Modernisms: Art, Nation and World, c.1860-1970",,Undergraduate,6.0,In Person,2024
366,STST8068,"Asian Strategy and Security: History, Theory and Practice",,Postgraduate,6.0,Online or In Person,2024
367,ASIA2098,Asian and Pacific Studies Internship,,Undergraduate,6.0,In Person,2024
368,ASIA2065,Asia’s Changing Politics in Comparative Perspective,Second Semester,Undergraduate,6.0,In Person,2024
369,ASTR8004,Astronomical Computing,Second Semester,Postgraduate,6.0,In Person,2024
370,ASTR4004,Astronomical Computing,Second Semester,Undergraduate,6.0,In Person,2024
371,ASTR4005,Astronomy and Astrophysics IV Honours Research Project,First Semester/Second Semester,Undergraduate,6.0,In Person,2024
372,ASTR8001,Astronomy and Astrophysics Research Project,First Semester/Second Semester,Postgraduate,6.0,In Person,2024
373,ASTR1003,Astronomy and Space,Summer Session/First Semester/Winter Session/Second Semester/Spring Session,Undergraduate,6.0,Online,2024
374,ASTR3013,Astrophysical Processes,First Semester,Undergraduate,6.0,In Person,2024
375,ASTR6013,Astrophysical Processes,First Semester,Postgraduate,6.0,In Person,2024
376,ASTR8021,Astrophysical Processes II,Second Semester,Postgraduate,6.0,In Person,2024
377,ASTR4021,Astrophysical Processes II,Second Semester,Undergraduate,6.0,In Person,2024
378,ASTR1001,Astrophysics,Summer Session/First Semester/Winter Session/Second Semester/Spring Session,Undergraduate,6.0,Online or In Person,2024
379,ASTR8010,Astrophysics Research Project,First Semester/Second Semester,Postgraduate,6.0,In Person,2024
380,ASTR3005,Astrophysics Research Topic,Summer Session/First Semester/Second Semester,Undergraduate,6.0,In Person,2024
381,ARTV2038,Atelier,Second Semester,Undergraduate,6.0,In Person,2024
382,INTR8020,Atrocity prevention in the 21st century,,Postgraduate,6.0,In Person,2024
383,BUSN3002,Auditing,First Semester/Second Semester,Undergraduate,6.0,In Person,2024
384,BUSN7054,Auditing and Assurance Services,First Semester/Second Semester,Postgraduate,6.0,In Person,2024
385,MUSI1501,Aural Skills and Music Theory 1,First Semester,Undergraduate,6.0,In Person,2024
386,MUSI1502,Aural Skills and Music Theory 2,Second Semester,Undergraduate,6.0,In Person,2024
387,MUSI2503,Aural Skills and Music Theory 3,First Semester,Undergraduate,6.0,In Person,2024
388,MUSI2504,Aural Skills and Music Theory 4,Second Semester,Undergraduate,6.0,In Person,2024
389,STST2003,Australia and Security in the Pacific Islands,First Semester,Undergraduate,6.0,Online or In Person,2024
390,PASI2002,Australia in Oceania in the 19th and 20th centuries,First Semester,Undergraduate,6.0,Online or In Person,2024
391,PASI6002,Australia in Oceania in the 19th and 20th centuries,First Semester,Postgraduate,6.0,Online or In Person,2024
392,ENVS1004,Australia's Environment,Second Semester,Undergraduate,6.0,In Person,2024
393,STST3002,Australia's Security in the Asian Century,Second Semester,Undergraduate,6.0,Online or In Person,2024
394,BAPA3004,Australia's Security in the Asian Century,Spring Session,Undergraduate,6.0,In Person,2024
395,HIST8144,"Australia, the Region and the World: 1901-2010",,Postgraduate,6.0,Online or In Person,2024
396,ARCH2004,Australian Archaeology,,Undergraduate,6.0,In Person,2024
397,ARCH6004,Australian Archaeology,,Postgraduate,6.0,In Person,2024
398,SCRN2002,Australian Cinema,,Undergraduate,6.0,In Person,2024
399,ARTH2098,Australian First Nations Art and Culture,,Undergraduate,6.0,In Person,2024
400,ARTH6598,Australian First Nations Art and Culture,,Postgraduate,6.0,In Person,2024
401,CBEA2001,Australian Indigenous Perspectives in Business and Economics,,Undergraduate,6.0,In Person,2024
402,INDG9004,Australian Indigenous Policy,Second Semester,Postgraduate,6.0,Online or In Person,2024
403,INDG3004,Australian Indigenous Studies Research Project,First Semester/Second Semester,Undergraduate,6.0,In Person,2024
404,LAWS8328,Australian Legal Responses to National Security and Counter Terrorism,Summer Session,Postgraduate,6.0,Online or In Person,2024
405,ANIP3003,Australian National Internships Program A,First Semester/Second Semester,Undergraduate,6.0,In Person,2024
406,ANIP6503,Australian National Internships Program A,First Semester/Second Semester,Postgraduate,6.0,In Person,2024
407,ANIP3005,Australian National Internships Program B,First Semester/Second Semester,Undergraduate,12.0,In Person,2024
408,ANIP6505,Australian National Internships Program B,First Semester/Second Semester,Postgraduate,12.0,In Person,2024
409,ANIP6507,Australian National Internships Program D,First Semester/Second Semester,Postgraduate,24.0,In Person,2024
410,ANIP3007,Australian National Internships Program D,First Semester/Second Semester,Undergraduate,24.0,In Person,2024
411,LAWS4285,Australian National Security Law,,Undergraduate,6.0,In Person,2024
412,LAWS8485,Australian National Security Law,,Postgraduate,6.0,Online or In Person,2024
413,NSPO8036,Australian National Security Law: An introduction for policymakers,Second Semester,Postgraduate,6.0,Online or In Person,2024
414,HIST2227,Australian Political History,Second Semester,Undergraduate,6.0,In Person,2024
415,POLS2114,Australian Political Institutions,Second Semester,Undergraduate,6.0,In Person,2024
416,LAWS6105,Australian Public Law,First Semester/Second Semester,Postgraduate,6.0,Online or In Person,2024
417,LAWS1205,Australian Public Law,First Semester,Undergraduate,6.0,In Person,2024
418,STST8004,Australian Strategic and Defence Policy,Second Semester,Postgraduate,6.0,In Person,2024
419,BIOL3213,Australian Wildlife,Second Semester,Undergraduate,6.0,In Person,2024
420,BIOL6213,Australian Wildlife,Second Semester,Postgraduate,6.0,In Person,2024
421,CBEA3003,Australian and First Nations Business Immersion ,,Undergraduate,6.0,In Person,2024
422,NSPO8035,Australia’s Strategic Environment and future security challenges,Second Semester,Postgraduate,6.0,Online or In Person,2024
423,LING2040,Austronesian languages,,Undergraduate,6.0,Online or In Person,2024
424,LING6040,Austronesian languages,,Postgraduate,6.0,Online or In Person,2024
425,POLS8051,Authoritarian Politics: Comparative Perspectives,Second Semester,Postgraduate,6.0,In Person,2024
426,MEAS4116,"Authoritarianism, Democratisation and Protest in the Muslim Middle East",,Undergraduate,6.0,In Person,2024
427,MEAS8116,"Authoritarianism, Democratisation and Protest in the Muslim Middle East",,Postgraduate,6.0,In Person,2024
428,DESN2004,Autonomous Agents: natural and algorithmic systems in art and design,Second Semester,Undergraduate,6.0,In Person,2024
429,SPAN2005,"Beasts, Monsters, Humans: Alterity and Hybridity in Hispanic Literature",,Undergraduate,6.0,Online or In Person,2024
430,ECON2013,Behavioral Economics,,Undergraduate,6.0,In Person,2024
431,BIOL3131,Behavioural Ecology,First Semester,Undergraduate,6.0,In Person,2024
432,BIOL6631,Behavioural Ecology,First Semester,Postgraduate,6.0,In Person,2024
433,VCPG6005,Beyond Chaos,,Postgraduate,6.0,In Person,2024
434,LAWS4005,Beyond Chaos,,Undergraduate,6.0,Online or In Person,2024
435,VCUG3005,Beyond Chaos,,Undergraduate,6.0,In Person,2024
436,STAT3017,Big Data Statistics,Second Semester,Undergraduate,6.0,In Person,2024
437,STAT6017,Big Data Statistics,Second Semester,Postgraduate,6.0,In Person,2024
438,BIOL3201,Big Questions in Biology,,Undergraduate,6.0,In Person,2024
439,BIOL6201,Big Questions in Biology,,Postgraduate,6.0,In Person,2024
440,ENGN4820,Bio Micro and Nano Electro-Mechanical Systems (BioMEMS and BioNEMS),,Undergraduate,6.0,In Person,2024
441,BIOL6171,Biochemistry and Nutrition,First Semester,Postgraduate,6.0,In Person,2024
442,BIOL2171,Biochemistry and Nutrition,First Semester,Undergraduate,6.0,In Person,2024
443,ENVS3039,Biodiversity Conservation,Second Semester,Undergraduate,6.0,In Person,2024
444,ENVS6024,Biodiversity Conservation,Second Semester,Postgraduate,6.0,In Person,2024
445,ENVS6201,"Biodiversity Science: Wildlife, Vegetation and Landscape Ecology",Second Semester,Postgraduate,6.0,Online or In Person,2024
446,ENVS2001,"Biodiversity Science: Wildlife, Vegetation and Landscape Ecology",Second Semester,Undergraduate,6.0,In Person,2024
447,HLTH3003,Bioethics and Beyond,,Undergraduate,6.0,In Person,2024
448,BIOL3191,Bioethics and Society,First Semester,Undergraduate,6.0,In Person,2024
449,BIOL6191,Bioethics and Society,First Semester,Postgraduate,6.0,In Person,2024
450,HIST8011,Biography and History,First Semester,Postgraduate,6.0,In Person,2024
451,MATH2307,Bioinformatics and Biological Modelling,Second Semester,Undergraduate,6.0,In Person,2024
452,MATH6100,Bioinformatics and Biological Modelling,Second Semester,Postgraduate,6.0,In Person,2024
453,BIOL3157,Bioinformatics and its Applications,First Semester,Undergraduate,6.0,In Person,2024
454,BIOL6243,Bioinformatics and its Applications,First Semester,Postgraduate,6.0,In Person,2024
455,PSYC6010,Biological Basis of Behaviour,Second Semester,Postgraduate,6.0,In Person,2024
456,PSYC2007,Biological Basis of Behaviour,Second Semester,Undergraduate,6.0,In Person,2024
457,BIOL6194,Biological Sciences in the Workplace,Second Semester,Postgraduate,6.0,In Person,2024
458,BIOL3194,Biological Sciences in the Workplace ,Second Semester,Undergraduate,6.0,In Person,2024
459,BIOL6035,"Biology 1: Evolution, Ecology and Genetics",First Semester,Postgraduate,6.0,In Person,2024
460,BIOL1003,"Biology 1: Evolution, Ecology and Genetics",First Semester,Undergraduate,6.0,In Person,2024
461,BIOL6036,Biology 2: Molecular & Cell Biology,Second Semester,Postgraduate,6.0,In Person,2024
462,BIOL1004,Biology 2: Molecular and Cell Biology,Second Semester,Undergraduate,6.0,In Person,2024
463,BIOL4001,Biology IV Honours,First Semester/Second Semester,Undergraduate,12.0,In Person,2024
464,BIOL8704,Biology Literature Research Project,First Semester/Second Semester,Postgraduate,6.0,In Person,2024
465,BIOL3208,Biology Research Project,Summer Session/First Semester/Autumn Session/Winter Session/Second Semester/Spring Session,Undergraduate,6.0,In Person,2024
466,BIOL3209,Biology Research Project,Summer Session/First Semester/Autumn Session/Winter Session/Second Semester/Spring Session,Undergraduate,12.0,In Person,2024
467,BIOL8706,Biology Research Project,First Semester/Second Semester,Postgraduate,6.0,In Person,2024
468,ENGN4811,Biomechanics and Biomaterials,,Undergraduate,6.0,In Person,2024
469,ENGN3820,"Biomedical Imaging: Principles, Technologies and Applications in Health Sciences",,Undergraduate,6.0,In Person,2024
470,MEDN3820,"Biomedical Imaging: Principles, Technologies and Applications in Health Sciences",Second Semester,Undergraduate,6.0,In Person,2024
471,MEDN6820,"Biomedical Imaging: Principles, Technologies and Applications in Health Sciences",Second Semester,Postgraduate,6.0,In Person,2024
472,BIOL3142,Biomedical Parasitology,First Semester,Undergraduate,6.0,In Person,2024
473,BIOL6143,Biomedical Parasitology,First Semester,Postgraduate,6.0,In Person,2024
474,BIOL3106,Biosecurity,First Semester,Undergraduate,6.0,In Person,2024
475,BIOL6106,Biosecurity,First Semester,Postgraduate,6.0,In Person,2024
476,POPH4101,Biostatistics in Population Health,First Semester,Undergraduate,6.0,Online or In Person,2024
477,POPH8101,Biostatistics in Population Health,First Semester,Postgraduate,6.0,Online or In Person,2024
478,REGN8019,Biyam-burru-wa-la-nha: Indigenous Peoples and Self-Governing Systems,,Postgraduate,3.0,Online or In Person,2024
479,LAWS8101,Blockchain Legal Innovation I,Summer Session,Postgraduate,6.0,Online,2024
480,LAWS8102,Blockchain and Legal Innovation II,,Postgraduate,6.0,Online,2024
481,ARTV2810,"Bodies in Art: Portraiture, Modelling, Performance, and Choreography",Second Semester,Undergraduate,6.0,In Person,2024
482,HIST8023,"Body and Society in Early Modern England, c. 1500–1800",First Semester,Postgraduate,6.0,Online or In Person,2024
483,ASIA2167,Borders and their Transgressions in Mainland Southeast Asia,,Undergraduate,6.0,In Person,2024
484,NSPO8041,"Borders, Migration And Security",Winter Session,Postgraduate,3.0,In Person,2024
485,PASI8302,Bougainville in Transition,,Postgraduate,3.0,Online or In Person,2024
486,PHIL2012,Buddhist Philosophy,Second Semester,Undergraduate,6.0,In Person,2024
487,POGO8237,"Budgeting for Outcomes: Purposes, Programs and Performance",Autumn Session,Postgraduate,3.0,In Person,2024
488,CYBN8001,Building Cyber-Physical Systems,First Semester/Second Semester,Postgraduate,12.0,In Person,2024
489,CECS8001,Building Cyber-Physical Systems,,Postgraduate,12.0,In Person,2024
490,STST8054,Building a defence force: Defence force structure planning and acquisition,,Postgraduate,6.0,In Person,2024
491,POLS2009,"Bureaucracy, Politics and Power",First Semester,Undergraduate,6.0,In Person,2024
492,ASIA2039,Burma/Myanmar - a Country in Crisis,,Undergraduate,6.0,Online or In Person,2024
493,ASIA6039,Burma/Myanmar: a Country in Crisis,,Postgraduate,6.0,Online or In Person,2024
494,BURM1002,Burmese 1,First Semester,Undergraduate,6.0,Online,2024
495,BURM1003,Burmese 2,,Undergraduate,6.0,Online,2024
496,BURM2001,Burmese 3,First Semester,Undergraduate,6.0,Online,2024
497,BURM2002,Burmese 4,Second Semester,Undergraduate,6.0,Online,2024
498,EMET4312,Business & Economic Forecasting,,Undergraduate,6.0,In Person,2024
499,INFS8210,Business Analytics for Managers,First Semester,Postgraduate,6.0,In Person,2024
500,BUSN7057,Business Association Law,First Semester/Second Semester,Postgraduate,6.0,In Person,2024
501,MGMT2003,Business Decision Making,Second Semester,Undergraduate,6.0,In Person,2024
502,ECON8069,Business Economics,First Semester/Second Semester,Postgraduate,6.0,In Person,2024
503,MGMT3016,Business Ethics,Second Semester,Undergraduate,6.0,In Person,2024
504,MGMT8242,Business Growth Strategies,,Postgraduate,6.0,In Person,2024
505,INFS1001,Business Information Systems,First Semester/Second Semester,Undergraduate,6.0,In Person,2024
506,INFS4500,Business Information Systems Honours Thesis,First Semester/Second Semester,Undergraduate,6.0,In Person,2024
507,BUSN1001,Business Reporting and Analysis,First Semester/Second Semester,Undergraduate,6.0,In Person,2024
508,MGMT8112,"Business Skills, Sustainable and Responsible Procurement Processes",,Postgraduate,3.0,In Person,2024
509,EMET8012,Business and Economic Forecasting,,Postgraduate,6.0,In Person,2024
510,EMET3007,Business and Economic Forecasting,Second Semester,Undergraduate,6.0,In Person,2024
511,EMET6012,Business and Economic Forecasting,Second Semester,Postgraduate,6.0,In Person,2024
512,MGMT3102,Business and its Social Stakeholders,First Semester,Undergraduate,6.0,In Person,2024
513,BUSI3028,Business in China,First Semester,Undergraduate,6.0,In Person,2024
514,LAWS8254,"Business, Human Rights and Corporate Responsibility",Second Semester,Postgraduate,6.0,Online or In Person,2024
515,SOCR9005,CSRM Thesis Design,Second Semester,Postgraduate,12.0,In Person,2024
516,CHIN2024,Cantonese 1,First Semester,Undergraduate,6.0,In Person,2024
517,CHIN2025,Cantonese 2,Second Semester,Undergraduate,6.0,In Person,2024
518,CHIN3203,Cantonese 3,,Undergraduate,6.0,In Person,2024
519,ENGN4300,Capstone Design Project,First Semester/Second Semester,Undergraduate,6.0,In Person,2024
520,MGMT2005,Career Planning and Management,First Semester,Undergraduate,6.0,In Person,2024
521,IDEC8023,Case Studies in Applied Econometrics,First Semester,Postgraduate,6.0,Online or In Person,2024
522,EMET8002,Case Studies in Applied Economic Analysis and Econometrics,First Semester/Second Semester,Postgraduate,6.0,In Person,2024
523,POGO8210,Case Studies in Economic Policy,,Postgraduate,6.0,In Person,2024
524,POGO8403,Cases in Contemporary Public Policy,Winter Session,Postgraduate,6.0,In Person,2024
525,CHEM6206,Catalysis in Chemistry,Second Semester,Postgraduate,6.0,In Person,2024
526,CHEM3206,Catalysis in Chemistry,Second Semester,Undergraduate,6.0,In Person,2024
527,SOCR8204,Causal Inference,Summer Session,Postgraduate,6.0,Online or In Person,2024
528,BIOL2117,Cell Biology,Second Semester,Undergraduate,6.0,In Person,2024
529,BIOL6117,Cell Biology,Second Semester,Postgraduate,6.0,In Person,2024
530,BIOL2174,Cell Physiology in Health and Disease,Second Semester,Undergraduate,6.0,In Person,2024
531,BIOL6174,Cell Physiology in Health and Disease,Second Semester,Postgraduate,6.0,In Person,2024
532,NEUR6101,Cellular Neuroscience,First Semester,Postgraduate,6.0,In Person,2024
533,NEUR3101,Cellular Neuroscience,First Semester,Undergraduate,6.0,In Person,2024
534,ARTV2120,Ceramic Design for Table and Home,First Semester,Undergraduate,6.0,In Person,2024
535,ARTV2124,"Ceramic Surface, Image and Narrative.	",,Undergraduate,6.0,In Person,2024
536,ANTH8125,"Challenges of Emergence, Recognition, and Futurity",,Postgraduate,6.0,Online or In Person,2024
537,CHEM2211,Chemical Biology 1,First Semester,Undergraduate,6.0,In Person,2024
538,CHEM2208,Chemical Biology 2,Second Semester,Undergraduate,6.0,In Person,2024
539,CHEM2202,Chemical Structure and Reactivity 1,First Semester,Undergraduate,6.0,In Person,2024
540,CHEM2203,Chemical Structure and Reactivity 2,Second Semester,Undergraduate,6.0,In Person,2024
541,CHEM6203,Chemical Structure and Reactivity 2,Second Semester,Postgraduate,6.0,In Person,2024
542,CHEM1101,Chemistry 1,First Semester,Undergraduate,6.0,In Person,2024
543,CHEM1201,Chemistry 2,Second Semester,Undergraduate,6.0,In Person,2024
544,CHEM4005,Chemistry IV Honours (S),First Semester/Second Semester,Undergraduate,12.0,In Person,2024
545,LING6521,Child Language Acquisition,,Postgraduate,6.0,In Person,2024
546,LING2521,Child Language Acquisition,,Undergraduate,6.0,In Person,2024
547,STST8013,China's Defence and Strategic Challenges,,Postgraduate,6.0,In Person,2024
548,INTR8060,China's Global Engagement ,Second Semester,Postgraduate,6.0,In Person,2024
549,NSPO8034,"China, America and National Security",First Semester,Postgraduate,6.0,In Person,2024
550,ASIA6014,"China: Language, Discourse, and Political Culture",First Semester,Postgraduate,6.0,Online or In Person,2024
551,ASIA2014,"China: Language, Discourse, and Political Culture",First Semester,Undergraduate,6.0,Online or In Person,2024
552,ASIA2073,Chinese Calligraphy: History and Practice,,Undergraduate,6.0,In Person,2024
553,INTR2012,Chinese Foreign and Security Policy,Second Semester,Undergraduate,6.0,In Person,2024
554,ASIA2044,Chinese History: The Imperial Period (221 BC - 1800),Second Semester,Undergraduate,6.0,In Person,2024
555,ASIA6044,Chinese History: The Imperial Period (221 BC - 1800),Second Semester,Postgraduate,6.0,Online or In Person,2024
556,LAWS8276,Chinese Law and Society,Second Semester,Postgraduate,6.0,Online or In Person,2024
557,LAWS4276,Chinese Law and Society,Second Semester,Undergraduate,6.0,In Person,2024
558,LING2017,Chinese Linguistics,,Undergraduate,6.0,In Person,2024
559,LING6017,Chinese Linguistics,,Postgraduate,6.0,In Person,2024
560,ASIA2003,Chinese Literature,,Undergraduate,6.0,Online or In Person,2024
561,ASIA2054,Chinese Philosophy: Creation and Development,First Semester,Undergraduate,6.0,Online or In Person,2024
562,CHIN3216,Chinese-English Interpreting,First Semester,Undergraduate,6.0,In Person,2024
563,CHIN3041,Chinese-English Translation,Second Semester,Undergraduate,6.0,In Person,2024
564,SOCY2035,Cities and urban transformation,,Undergraduate,6.0,In Person,2024
565,LAWS8175,Citizenship Law in Context,,Postgraduate,6.0,Online or In Person,2024
566,NSPO8042,Civil-Military Coordination,Spring Session,Postgraduate,3.0,In Person,2024
567,POLS4021,Civilian Protection in Conflict and Post-Conflict Zones,,Undergraduate,6.0,In Person,2024
568,PHYS2201,Classical Mechanics,Second Semester,Undergraduate,6.0,In Person,2024
569,CLAS1003,Classical Mythology,First Semester,Undergraduate,6.0,In Person,2024
570,SOCY2040,Classical Social Theory,Second Semester,Undergraduate,6.0,In Person,2024
571,CLAS4022,Classics Now!,First Semester,Undergraduate,12.0,In Person,2024
572,CLAS8022,Classics Now!,First Semester,Postgraduate,12.0,In Person,2024
573,ENVS8003,Climate Change Vulnerability and Adaptation,Spring Session,Postgraduate,6.0,Online or In Person,2024
574,INTR8087,"Climate Change, Peace and Security: Transforming Global Politics at a time of Multiple Crises",,Postgraduate,6.0,In Person,2024
575,ENVS6303,"Climate Change: Past, Present and Future",First Semester,Postgraduate,6.0,In Person,2024
576,ENVS3013,"Climate Change: Past, Present and Future",First Semester,Undergraduate,6.0,In Person,2024
577,ENVS6307,"Climate Change: Science, Society, and Policy",Winter Session,Postgraduate,6.0,Online or In Person,2024
578,ENVS3020,"Climate Change: Science, Society, and Policy",Winter Session,Undergraduate,6.0,In Person,2024
579,EMSC3039,Climate Dynamics,First Semester,Undergraduate,6.0,In Person,2024
580,PHYS3039,Climate Dynamics,First Semester,Undergraduate,6.0,In Person,2024
581,LAWS8474,Climate Law,Second Semester,Postgraduate,6.0,Online or In Person,2024
582,LAWS4274,Climate Law,Second Semester,Undergraduate,6.0,Online or In Person,2024
583,ENVS2004,Climate and Its Applications,First Semester,Undergraduate,6.0,In Person,2024
584,ENVS6204,Climate and Its Applications,First Semester,Postgraduate,6.0,In Person,2024
585,NSPO8033,"Climate, the Environment and National Security",Second Semester,Postgraduate,6.0,In Person,2024
586,PSYC8101,Clinical Coursework I,First Semester,Postgraduate,12.0,In Person,2024
587,PSYC8102,Clinical Coursework II,Second Semester,Postgraduate,12.0,In Person,2024
588,PSYC8103,Clinical Coursework III,First Semester,Postgraduate,12.0,In Person,2024
589,PSYC8104,Clinical Coursework IV,Second Semester,Postgraduate,12.0,In Person,2024
590,PSYC8201,Clinical Field Placement I,Autumn Session,Postgraduate,6.0,In Person,2024
591,PSYC8202,Clinical Field Placement II,Spring Session,Postgraduate,6.0,In Person,2024
592,PSYC8203,Clinical Field Placement III,Summer Session/Spring Session,Postgraduate,6.0,In Person,2024
593,PSYC8204,Clinical Field Placement IV,Winter Session,Postgraduate,6.0,In Person,2024
594,PSYC8301,Clinical Research,First Semester/Second Semester,Postgraduate,6.0,In Person,2024
595,PSYC8303,Clinical Research III,,Postgraduate,6.0,In Person,2024
596,PSYC8304,Clinical Research IV,,Postgraduate,6.0,In Person,2024
597,NSPO8030,Coercion and National Security,First Semester,Postgraduate,6.0,In Person,2024
598,PSYC2008,Cognition,Second Semester,Undergraduate,6.0,In Person,2024
599,HUMN8034,Collaborative Curating and Storytelling,,Postgraduate,6.0,In Person,2024
600,MUSC8021,Collections Management Workshop,,Postgraduate,6.0,In Person,2024
601,CBEA3001,College of Business and Economics Special Industry Project,First Semester/Second Semester,Undergraduate,6.0,In Person,2024
602,HIST8015,Colonial Australia in an Imperial World,,Postgraduate,6.0,Online or In Person,2024
603,HIST8016,Colonial Encounters,Second Semester,Postgraduate,6.0,Online or In Person,2024
604,ASIA2120,Colonialism and the rule of law,,Undergraduate,6.0,In Person,2024
605,LAWS4309,Colonialism and the rule of law,,Undergraduate,6.0,In Person,2024
606,HIST2128,Colonies and Post-colony: Nineteenth-Century Australia and its Legacies,Second Semester,Undergraduate,6.0,In Person,2024
607,BUSN8804,Commerce Masters Thesis,First Semester/Second Semester,Postgraduate,6.0,In Person,2024
608,BUSN8801,Commerce Research Report,First Semester,Postgraduate,6.0,In Person,2024
609,BUSN7052,Commercial Law,First Semester/Second Semester,Postgraduate,6.0,In Person,2024
610,LAWS4210,Commercial Law,Second Semester,Undergraduate,6.0,Online or In Person,2024
611,LAWS8140,Commercial Law,Winter Session,Postgraduate,6.0,Online or In Person,2024
612,LAWS8078,Common Law Reasoning,,Postgraduate,6.0,Online or In Person,2024
613,LAWS2202,Commonwealth Constitutional Law,Second Semester,Undergraduate,6.0,In Person,2024
614,LAWS6202,Commonwealth Constitutional Law,Second Semester,Postgraduate,6.0,Online or In Person,2024
615,SCOM4014,Communicating Science with the Public,First Semester,Undergraduate,6.0,In Person,2024
616,SCOM8014,Communicating Science with the Public,First Semester,Postgraduate,6.0,Online or In Person,2024
617,EMDV8007,Communicating for Environment and Climate Policy,First Semester,Postgraduate,6.0,Online or In Person,2024
618,MGMT2100,Communication for Business,First Semester/Second Semester,Undergraduate,6.0,In Person,2024
619,LING2034,Communication in Health Care,,Undergraduate,6.0,In Person,2024
620,LING6034,Communication in Health Care,,Postgraduate,6.0,In Person,2024
621,POGO8242,Community Development Strategies,,Postgraduate,3.0,Online or In Person,2024
622,LAWS6268,Community Law Clinic,First Semester/Second Semester,Postgraduate,6.0,In Person,2024
623,LAWS4268,Community Law Clinic,First Semester/Second Semester,Undergraduate,6.0,In Person,2024
624,BUSN2015,Company Accounting,First Semester/Second Semester,Undergraduate,6.0,In Person,2024
625,MGMT8008,Company Consultancy Project,,Postgraduate,6.0,In Person,2024
626,LAWS8016,Comparative Constitutional Law,,Postgraduate,6.0,Online or In Person,2024
627,EURO3002,Comparative European Politics,Second Semester,Undergraduate,6.0,In Person,2024
628,POLS3031,Comparative Judicial Politics,,Undergraduate,6.0,In Person,2024
629,BIOL6115,Comparative Physiology,Second Semester,Postgraduate,6.0,In Person,2024
630,BIOL2115,Comparative Physiology,Second Semester,Undergraduate,6.0,In Person,2024
631,POLS4039,Comparative Political Behavior,First Semester,Undergraduate,6.0,In Person,2024
632,POLS8039,Comparative Political Behaviour,First Semester,Postgraduate,6.0,In Person,2024
633,POLS8038,Comparative Political Institutions,,Postgraduate,6.0,In Person,2024
634,POLS4038,Comparative Political Institutions,,Undergraduate,6.0,In Person,2024
635,LAWS4255,Competition Law,Second Semester,Undergraduate,6.0,In Person,2024
636,LAWS8154,Competition Law,Second Semester,Postgraduate,6.0,Online or In Person,2024
637,ECON6181,Competition Policy and Regulation,First Semester,Postgraduate,6.0,In Person,2024
638,ECON3181,Competition Policy and Regulation,First Semester,Undergraduate,6.0,In Person,2024
639,COMP8712,Compiler Construction,First Semester,Postgraduate,6.0,In Person,2024
640,COMP4712,Compiler Construction,First Semester,Undergraduate,6.0,In Person,2024
641,MATH6213,Complex Analysis,Second Semester,Postgraduate,6.0,In Person,2024
642,ENVS3040,Complex Environmental Problems in Action,Second Semester,Undergraduate,6.0,In Person,2024
643,ENVS6025,Complex Environmental Problems in Action,Second Semester,Postgraduate,6.0,In Person,2024
644,REGN8056,"Complexity, Catastrophe and Resilience",,Postgraduate,3.0,Online or In Person,2024
645,REGN8055,Compliance and Defiance,Autumn Session,Postgraduate,3.0,Online or In Person,2024
646,ENGN4511,Composite Materials,,Undergraduate,6.0,In Person,2024
647,MUSI2226,Composition for Film and Video Games,Second Semester,Undergraduate,6.0,In Person,2024
648,MUSI1111,"Composition, Arranging, and Sound Design 1",First Semester,Undergraduate,6.0,In Person,2024
649,MUSI1112,"Composition, Arranging, and Sound Design 2",Second Semester,Undergraduate,6.0,In Person,2024
650,MUSI2223,"Composition, Arranging, and Sound Design 3",First Semester,Undergraduate,6.0,In Person,2024
651,MUSI2224,"Composition, Arranging, and Sound Design 4",Second Semester,Undergraduate,6.0,In Person,2024
652,MUSI3314,"Composition, Arranging, and Sound Design 5",First Semester,Undergraduate,6.0,In Person,2024
653,MUSI3315,"Composition, Arranging, and Sound Design 6",Second Semester,Undergraduate,6.0,In Person,2024
654,MEDN3007,Computational Biomedicine Project,Second Semester,Undergraduate,6.0,In Person,2024
655,MEDN8007,Computational Biomedicine Project,Second Semester,Postgraduate,6.0,In Person,2024
656,EMSC4033,"Computational Geosciences: Problem-solving, Logical Thinking and Programming",First Semester,Undergraduate,6.0,In Person,2024
657,EMSC8033,"Computational Geosciences: Problem-solving, Logical Thinking and Programming.",First Semester,Postgraduate,6.0,In Person,2024
658,COMP8880,Computational Methods for Network Science,First Semester,Postgraduate,6.0,In Person,2024
659,COMP4880,Computational Methods for Network Science,First Semester,Undergraduate,6.0,In Person,2024
660,COMP8980,Computational Methods for Network Science,,Postgraduate,6.0,In Person,2024
661,ECON4414,Computational Methods in Economics,,Undergraduate,6.0,In Person,2024
662,ECON8014,Computational Methods in Economics,,Postgraduate,6.0,In Person,2024
663,ECON3127,Computational Methods in Economics,,Undergraduate,6.0,In Person,2024
664,COMP8610,Computer Graphics,First Semester,Postgraduate,6.0,In Person,2024
665,COMP4610,Computer Graphics,First Semester,Undergraduate,6.0,In Person,2024
666,ENGN6539,Computer Networks,First Semester,Postgraduate,6.0,In Person,2024
667,COMP6331,Computer Networks,First Semester,Postgraduate,6.0,In Person,2024
668,COMP3310,Computer Networks,First Semester,Undergraduate,6.0,In Person,2024
669,ENGN3539,Computer Networks,First Semester,Undergraduate,6.0,In Person,2024
670,COMP2300,Computer Organisation and Program Execution,First Semester,Undergraduate,6.0,In Person,2024
671,COMP6300,Computer Organisation and Program Execution,First Semester,Postgraduate,6.0,In Person,2024
672,COMP4006,Computer Science Honours,First Semester/Second Semester,Undergraduate,24.0,In Person,2024
673,COMP4005F,Computer Science IV Honours,First Semester/Second Semester,Undergraduate,12.0,In Person,2024
674,COMP4005P,Computer Science IV Honours,,Undergraduate,12.0,In Person,2024
675,ENGN2219,Computer Systems & Organisation,First Semester,Undergraduate,6.0,In Person,2024
676,ENGN6528,Computer Vision,First Semester,Postgraduate,6.0,In Person,2024
677,COMP4528,Computer Vision,First Semester,Undergraduate,6.0,In Person,2024
678,ENGN4528,Computer Vision,First Semester,Undergraduate,6.0,In Person,2024
679,COMP6528,Computer Vision,First Semester,Postgraduate,6.0,In Person,2024
680,COMP8830,Computing Internship,First Semester/Second Semester,Postgraduate,12.0,In Person,2024
681,COMP3820,Computing Internship,First Semester/Second Semester,Undergraduate,12.0,In Person,2024
682,COMP2550,Computing R&D Methods,First Semester,Undergraduate,6.0,In Person,2024
683,COMP4450,Computing Research Methods,First Semester,Undergraduate,6.0,In Person,2024
684,COMP6445,Computing Research Methods,First Semester,Postgraduate,6.0,In Person,2024
685,COMP4550,Computing Research Project,First Semester/Second Semester,Undergraduate,12.0,In Person,2024
686,COMP3770,Computing Research Project (R&D),First Semester/Second Semester,Undergraduate,6.0,In Person,2024
687,POLS3040,Conflict and change in sub-Saharan Africa,,Undergraduate,6.0,In Person,2024
688,LAWS4212,Conflict of Laws,First Semester,Undergraduate,6.0,In Person,2024
689,LAWS8144,Conflict of Laws,First Semester,Postgraduate,6.0,Online or In Person,2024
690,MKTG2031,Consumer Behaviour,First Semester,Undergraduate,6.0,In Person,2024
691,MKTG7050,Consumer Behaviour & Analysis,First Semester,Postgraduate,6.0,In Person,2024
692,LAWS4259,Consumer Protection and Product Liability Law,Second Semester,Undergraduate,6.0,In Person,2024
693,LAWS8459,Consumer Protection and Product Liability Law,Second Semester,Postgraduate,6.0,Online or In Person,2024
694,ANTH9101,Contemporary Anthropological Theory,Autumn Session,Postgraduate,12.0,In Person,2024
695,ANTH8101,Contemporary Anthropological Theory,Autumn Session,Postgraduate,12.0,In Person,2024
696,ARTH2170,Contemporary Asian Art,,Undergraduate,6.0,In Person,2024
697,INDG2002,Contemporary Australian Indigenous Music Studies,,Undergraduate,6.0,In Person,2024
698,DIPL8002,Contemporary Challenges in Diplomacy,First Semester,Postgraduate,6.0,In Person,2024
699,POGO8239,Contemporary Challenges in Indigenous Policy,,Postgraduate,3.0,In Person,2024
700,SOCY2023,Contemporary Chinese Society: Inequality and Social Stratification,,Undergraduate,6.0,Online or In Person,2024
701,DESN1003,Contemporary Design In Context,Second Semester,Undergraduate,6.0,In Person,2024
702,ANTH9103,Contemporary Development Theory,Summer Session,Postgraduate,12.0,In Person,2024
703,BUSN7005,Contemporary Issues in Accounting,First Semester/Second Semester,Postgraduate,6.0,In Person,2024
704,LAWS8271,Contemporary Issues in Administrative Law,,Postgraduate,6.0,In Person,2024
705,LAWS4213,Contemporary Issues in Constitutional Law,Second Semester,Undergraduate,6.0,In Person,2024
706,LAWS8128,Contemporary Issues in Constitutional Law,Second Semester,Postgraduate,6.0,Online or In Person,2024
707,REGN8014,Contemporary Issues in Technology Governance,First Semester,Postgraduate,6.0,Online or In Person,2024
708,ENVS8016,Contemporary Perspectives in Environment-Society Interaction,Second Semester,Postgraduate,6.0,Online or In Person,2024
709,POLS2044,Contemporary Political Analysis,Second Semester,Undergraduate,6.0,In Person,2024
710,POLS2063,Contemporary Political Theory,,Undergraduate,6.0,Online or In Person,2024
711,SOCY2161,Contemporary Social Theory,,Undergraduate,6.0,In Person,2024
712,ASIA8042,Contemporary Taiwan and its Histories,,Postgraduate,6.0,In Person,2024
713,POLS8053,Contesting the State: Evolution of Armed Conflicts in Asia,,Postgraduate,6.0,In Person,2024
714,ARTV6060,Contexts of Making: Globalisation and Change,,Postgraduate,6.0,In Person,2024
715,ARTV2060,Contexts of Making: Globalisation and Change,,Undergraduate,6.0,In Person,2024
716,ARTV2061,Contexts of Making: Materiality and Situation,,Undergraduate,6.0,In Person,2024
717,PSYC8422,Contextualizing Professional Psychology,Second Semester,Postgraduate,6.0,In Person,2024
718,GREK2119,Continuing Ancient Greek,Second Semester,Undergraduate,6.0,In Person,2024
719,FREN2024,Continuing French I,First Semester,Undergraduate,6.0,In Person,2024
720,FREN2025,Continuing French II,Second Semester,Undergraduate,6.0,In Person,2024
721,INDG2004,Continuing Gamilaraay,,Undergraduate,6.0,Online or In Person,2024
722,LATN2119,Continuing Latin,Second Semester,Undergraduate,6.0,In Person,2024
723,PORT2001,Continuing Portuguese I,,Undergraduate,6.0,In Person,2024
724,PORT2002,Continuing Portuguese II,,Undergraduate,6.0,In Person,2024
725,SPAN2001,Continuing Spanish I,First Semester,Undergraduate,6.0,In Person,2024
726,SPAN2002,Continuing Spanish II,Second Semester,Undergraduate,6.0,In Person,2024
727,FINM3003,Continuous Time Finance,First Semester,Undergraduate,6.0,In Person,2024
728,FINM6006,Continuous Time Finance,First Semester,Postgraduate,6.0,In Person,2024
729,LAWS1204,Contracts,Second Semester,Undergraduate,6.0,In Person,2024
730,LAWS6104,Contracts,First Semester/Second Semester,Postgraduate,6.0,Online or In Person,2024
731,ENGN3223,Control Systems,Second Semester,Undergraduate,6.0,In Person,2024
732,ENGN6223,Control Systems,Second Semester,Postgraduate,6.0,In Person,2024
733,CRIM6003,Controversies in Crime Control,,Postgraduate,6.0,In Person,2024
734,CRIM2003,Controversies in Crime Control,Autumn Session,Undergraduate,6.0,In Person,2024
735,STST1003,Coping with Crisis: The Practice of International Security,Second Semester,Undergraduate,6.0,In Person,2024
736,EMSC3019,Coral Reef Field Studies,Winter Session,Undergraduate,6.0,In Person,2024
737,EMSC6119,Coral Reef Field Studies,Winter Session,Postgraduate,6.0,In Person,2024
738,MGMT7153,Core Leadership,,Postgraduate,6.0,In Person,2024
739,BUSN7050,Corporate Accounting,First Semester/Second Semester,Postgraduate,6.0,In Person,2024
740,FINM2001,Corporate Finance,First Semester/Second Semester,Undergraduate,6.0,In Person,2024
741,BUSN7049,Corporate Financial Reporting,,Postgraduate,6.0,In Person,2024
742,BUSN8045,Corporate Governance,Second Semester,Postgraduate,6.0,In Person,2024
743,BUSN4045,Corporate Governance (Honours),Second Semester,Undergraduate,6.0,In Person,2024
744,BUSN8145,Corporate Governance: Research Preparation,Second Semester,Postgraduate,6.0,In Person,2024
745,LAWS4282,Corporate Insolvency,,Undergraduate,6.0,In Person,2024
746,LAWS8584,Corporate Insolvency,,Postgraduate,6.0,Online or In Person,2024
747,BUSN3017,"Corporate Social Responsibility, Accountability and Reporting",Second Semester,Undergraduate,6.0,In Person,2024
748,BUSN6017,"Corporate Social Responsibility, Accountability and Reporting",,Postgraduate,6.0,Online or In Person,2024
749,MGMT3015,Corporate Strategy,First Semester,Undergraduate,6.0,In Person,2024
750,MGMT2001,Corporate Sustainability,Second Semester,Undergraduate,6.0,In Person,2024
751,FINM3005,Corporate Valuation,First Semester/Second Semester,Undergraduate,6.0,In Person,2024
752,LAWS6203,Corporations Law,First Semester,Postgraduate,6.0,In Person,2024
753,LAWS2203,Corporations Law,First Semester,Undergraduate,6.0,In Person,2024
754,LAWS4597,"Corporations, Law and Technology",First Semester,Undergraduate,6.0,Online or In Person,2024
755,LAWS8597,"Corporations, Law and Technology",First Semester,Postgraduate,6.0,Online,2024
756,REGN8054,"Corporations, Power, Regulation",Autumn Session,Postgraduate,3.0,Online or In Person,2024
757,LING3038,Corpus Linguistics,First Semester,Undergraduate,6.0,Online or In Person,2024
758,LING6038,Corpus Linguistics,First Semester,Postgraduate,6.0,Online or In Person,2024
759,POGO8076,Corruption and Anti-corruption,Winter Session,Postgraduate,6.0,Online or In Person,2024
760,CRIM3002,Corruption in Sport,Second Semester,Undergraduate,6.0,Online or In Person,2024
761,CRIM2009,Corruption in our world,,Undergraduate,6.0,In Person,2024
762,ECON4418,Cost Benefit Analysis,,Undergraduate,6.0,In Person,2024
763,IDEC8088,Cost-Benefit Analysis: Principles and Practice,,Postgraduate,6.0,Online or In Person,2024
764,INDG1001,"Country, Kinship and Continuities: An Introduction to Australian Indigenous Studies",First Semester,Undergraduate,6.0,In Person,2024
765,MGMT8110,Creating Sustainable Value,,Postgraduate,3.0,In Person,2024
766,DESN2003,Creative Data Visualisation: Representing Data in Visual and Material Form,,Undergraduate,6.0,In Person,2024
767,DESN6003,Creative Data Visualisation: Representing Data in Visual and Material Form,,Postgraduate,6.0,In Person,2024
768,MUSI4404,Creative Practice as Research,First Semester,Undergraduate,6.0,In Person,2024
769,MUSI8011,Creative Practice as Research,First Semester,Postgraduate,6.0,In Person,2024
770,ENGL4021,"Creative Reading: Topics in Theory, Methodology and Interpretation",First Semester,Undergraduate,6.0,Online or In Person,2024
771,ARTV3033,Creative Research Practice: Developing an Independent Work Proposal,First Semester,Undergraduate,6.0,In Person,2024
772,ARTV3035,Creative Research Practice: Extending and Consolidating an Independent Project,Second Semester,Undergraduate,12.0,In Person,2024
773,ARTV3034,Creative Research Practice: Extending and Consolidating an Independent Work Proposal,Second Semester,Undergraduate,6.0,In Person,2024
774,ENGL6015,Creative Writing,First Semester,Postgraduate,6.0,In Person,2024
775,ENGL2015,Creative Writing,First Semester,Undergraduate,6.0,In Person,2024
776,ENGL2077,Creative Writing 2: Story to Script to Performance,,Undergraduate,6.0,In Person,2024
777,ENGL6026,Creative Writing 3 Advanced Fiction,,Postgraduate,6.0,In Person,2024
778,ENGL2078,Creative Writing 3: Advanced Fiction,,Undergraduate,6.0,In Person,2024
779,CRIM3006,Crime Prevention: Evaluation Theory and Practice,,Undergraduate,6.0,Online or In Person,2024
780,HIST2232,Crime and Justice: Historical Dilemmas,,Undergraduate,6.0,In Person,2024
781,REGN8013,"Crime, Governance and Security",Second Semester,Postgraduate,6.0,Online or In Person,2024
782,LAWS6106,Criminal Law and Procedure,First Semester,Postgraduate,6.0,In Person,2024
783,LAWS1206,Criminal Law and Procedure,First Semester,Undergraduate,6.0,In Person,2024
784,CRIM1001,Criminological Imaginations: Understanding Criminality,First Semester,Undergraduate,6.0,Online or In Person,2024
785,CRIM1002,Criminological Perspectives: Understanding Crime,Second Semester,Undergraduate,6.0,In Person,2024
786,CRIM3003,Criminology at the Scene 1,,Undergraduate,6.0,In Person,2024
787,CRIM3004,Criminology at the scene - extended,,Undergraduate,12.0,Online or In Person,2024
788,MEAS9001,Critical Approaches and Methods in the Study of the Middle East and Central Asia,First Semester,Postgraduate,12.0,In Person,2024
789,MEAS8001,Critical Approaches and Methods in the Study of the Middle East and Central Asia,First Semester,Postgraduate,12.0,In Person,2024
790,LAWS4395,Critical Approaches to International Law,,Undergraduate,6.0,Online or In Person,2024
791,LAWS8595,Critical Approaches to International Law,,Postgraduate,6.0,Online or In Person,2024
792,PASI8011,Critical Approaches to Pacific and Inclusive Research Methodologies,Spring Session,Postgraduate,6.0,In-Person and Online,2024
793,INDG3009,Critical Indigenous Studies,,Undergraduate,6.0,In Person,2024
794,HUMN8027,Critical Issues in Heritage and Museum Studies,Second Semester,Postgraduate,6.0,Online or In Person,2024
795,HUMN8035,Critical Issues in Intangible Heritage,Second Semester,Postgraduate,6.0,In Person,2024
796,MEAS3003,Critical Perspectives on Arabic Culture,,Undergraduate,6.0,In Person,2024
797,MEAS6003,Critical Perspectives on Arabic Culture,,Postgraduate,6.0,In Person,2024
798,MGMT8101,Critical Thinking and Organisational Decision-Making,,Postgraduate,3.0,In Person,2024
799,LING2021,Cross Cultural Communication,First Semester,Undergraduate,6.0,In Person,2024
800,LING6021,Cross Cultural Communication,First Semester,Postgraduate,6.0,In Person,2024
801,SCOM3029,Cross Cultural Perspectives in Science Communication,Winter Session,Undergraduate,6.0,In Person,2024
802,SCOM6029,Cross Cultural Perspectives in Science Communication,Winter Session,Postgraduate,6.0,Online or In Person,2024
803,ARTH2176,Cross Currents in Australian First Nations and Non-Indigenous Art and Culture,First Semester,Undergraduate,6.0,In Person,2024
804,ARTH8023,Cross Currents in Australian First Nations and Non-Indigenous Art and Culture,,Postgraduate,6.0,In Person,2024
805,ARTH4023,Cross Currents in Australian First Nations and Non-Indigenous Art and Culture,,Undergraduate,6.0,In Person,2024
806,BUSI3029,Cross-Cultural Management,,Undergraduate,6.0,In Person,2024
807,ANTH2129,"Crossing Borders: Migration, Identity and Livelihood",First Semester,Undergraduate,6.0,In Person,2024
808,ANTH6515,"Crossing Borders: Migration, Identity and Livelihood",First Semester,Postgraduate,6.0,In Person,2024
809,LAWS8338,Cryptoassets and the Law,,Postgraduate,6.0,Online,2024
810,ASIA8038,Cultural Creativity and Research in Asia and the Pacific,First Semester,Postgraduate,6.0,Online or In Person,2024
811,ANTH6009,Culture and Development,First Semester,Postgraduate,6.0,Online or In Person,2024
812,ANTH2009,Culture and Development,First Semester,Undergraduate,6.0,In Person,2024
813,ASIA2088,Culture and Environment in Indonesia,,Undergraduate,6.0,In Person,2024
814,ANTH1002,Culture and Human Diversity: Introducing Anthropology,First Semester,Undergraduate,6.0,In Person,2024
815,ANTH6002,Culture and Human Diversity: Introducing Anthropology,First Semester,Postgraduate,6.0,In Person,2024
816,ASIA2302,Culture and Modernity in Asia: Anthropological Perspectives,Second Semester,Undergraduate,6.0,In Person,2024
817,PSYC2012,Culture and Psychology,First Semester,Undergraduate,6.0,In Person,2024
818,ANTH2017,"Culture, Social Justice and Aboriginal Society Today",First Semester,Undergraduate,6.0,Online or In Person,2024
819,ANTH6017,"Culture, Social Justice and Aboriginal Society Today",First Semester,Postgraduate,6.0,In Person,2024
820,ASIA3031,Cultures in Korean Society,First Semester,Undergraduate,6.0,In Person,2024
821,ENGL4019,Cultures of Criticism,Winter Session,Undergraduate,6.0,In Person,2024
822,ARTH3001,Curatorial Practice ,First Semester,Undergraduate,6.0,In Person,2024
823,ARTH4025,Curatorial Project,First Semester,Undergraduate,12.0,In Person,2024
824,ARTH8025,Curatorial Project,First Semester,Postgraduate,12.0,In Person,2024
825,ARTH2045,Curatorship History and Evolution,,Undergraduate,6.0,In Person,2024
826,POLS2132,Current Issues in International Security,,Undergraduate,6.0,Online or In Person,2024
827,CHEM3207,Current Topics in Chemical Biology,Second Semester,Undergraduate,6.0,In Person,2024
828,LAWS8077,Cyber Law,Autumn Session,Postgraduate,6.0,Online,2024
829,COMP2700,Cyber Security Foundations,Second Semester,Undergraduate,6.0,In Person,2024
830,LAWS8035,Cyber Warfare Law,Winter Session,Postgraduate,6.0,Online,2024
831,NSPO8009,Cyber and Emerging Technologies in National Security,Second Semester,Postgraduate,6.0,In Person,2024
832,CRIM2010,Cybercrime: an introduction,Second Semester,Undergraduate,6.0,In Person,2024
833,CECS6002,Cybernetic Practice,,Postgraduate,6.0,In Person,2024
834,CYBN6002,Cybernetic Practice ,Second Semester,Postgraduate,6.0,In Person,2024
835,BIAN4011,Data Analysis and Methods in Biological Anthropology,First Semester,Undergraduate,6.0,Online or In Person,2024
836,BUSN8066,Data Analytics in Contemporary Accounting,First Semester/Second Semester,Postgraduate,6.0,In Person,2024
837,COMP8910,Data Mining,,Postgraduate,6.0,In Person,2024
838,COMP8410,Data Mining,First Semester,Postgraduate,6.0,In Person,2024
839,COMP3425,Data Mining,First Semester,Undergraduate,6.0,In Person,2024
840,EMSC4123,Data Science,Second Semester,Undergraduate,6.0,In Person,2024
841,EMSC8023,Data Science,Second Semester,Postgraduate,6.0,In Person,2024
842,BIOL6207,Data Science for Biologists,First Semester,Postgraduate,6.0,In Person,2024
843,BIOL3207,Data Science for Biologists,First Semester,Undergraduate,6.0,In Person,2024
844,COMP8930,Data Wrangling,,Postgraduate,6.0,In Person,2024
845,COMP8430,Data Wrangling,Second Semester,Postgraduate,6.0,In Person,2024
846,COMP3430,Data Wrangling,Second Semester,Undergraduate,6.0,In Person,2024
847,SOCR3001,Data for Decision Making,First Semester,Undergraduate,6.0,In Person,2024
848,HIST8040,Debating ANZAC,Second Semester,Postgraduate,6.0,In-Person and Online,2024
849,JPNS3102,Debating Japan: Contemporary Intellectual Debates,First Semester,Undergraduate,6.0,Online or In Person,2024
850,POGO8065,Decision Making Under Uncertainty,Winter Session,Postgraduate,6.0,In Person,2024
851,INDG4001,Decolonising Methodologies and other Indigenous Perspectives on Research,,Undergraduate,6.0,In Person,2024
852,STST8057,Defence Leadership in ASEAN A,First Semester,Postgraduate,6.0,In Person,2024
853,STST8058,Defence Leadership in ASEAN B,,Postgraduate,6.0,In Person,2024
854,POGO8123,Delivering Public Value,Summer Session,Postgraduate,6.0,In Person,2024
855,POLS2126,Democracy and Dictatorship,Second Semester,Undergraduate,6.0,In Person,2024
856,HIST2240,Democracy and Dissent: Europe Since 1945,First Semester,Undergraduate,6.0,In Person,2024
857,POLS4019,Democracy and its Discontents,First Semester,Undergraduate,6.0,In Person,2024
858,POLS8019,Democracy and its Discontents,First Semester,Postgraduate,6.0,In Person,2024
859,CLAS2014,"Democrats, Tyrants, and Emperors: The Art of Government in the Ancient Mediterranean",First Semester,Undergraduate,6.0,In Person,2024
860,DEMO3002,Demographic Research Internship,First Semester/Second Semester,Undergraduate,6.0,In Person,2024
861,DEMO4011,Demography Honours Seminar in Theory and Methods,,Undergraduate,12.0,In Person,2024
862,FINM2002,Derivatives,First Semester/Second Semester,Undergraduate,6.0,In Person,2024
863,DESN4012,Design Research: Communication and Presentation,Second Semester,Undergraduate,12.0,In Person,2024
864,DESN4011,Design Research: Theory and Methods,First Semester,Undergraduate,12.0,In Person,2024
865,DESN3011,Design Studio: Engagement and Collaboration,Second Semester,Undergraduate,6.0,In Person,2024
866,DESN6011,Design Studio: Engagement and Collaboration,,Postgraduate,6.0,In Person,2024
867,DESN6010,Design Studio: Independent Practice,,Postgraduate,6.0,In Person,2024
868,DESN3010,Design Studio: Independent Practice,First Semester,Undergraduate,6.0,In Person,2024
869,DESN2008,Design Thinking: Human-Centred Design Methodologies,Second Semester,Undergraduate,6.0,In Person,2024
870,MGMT2009,Design Thinking: Human-Centred Innovation,First Semester,Undergraduate,6.0,In Person,2024
871,STAT3012,Design of Experiments and Surveys,First Semester,Undergraduate,6.0,In Person,2024
872,STAT6029,Design of Experiments and Surveys,First Semester,Postgraduate,6.0,In Person,2024
873,STAT4029,Design of Experiments and Surveys,First Semester,Undergraduate,6.0,In Person,2024
874,POGO8063,Designing Public Policies and Programs,Autumn Session,Postgraduate,6.0,In Person,2024
875,ECON4409,Development Poverty & Famine,,Undergraduate,6.0,In Person,2024
876,ECON2900,Development Poverty and Famine,,Undergraduate,6.0,In Person,2024
877,POGO8072,Development Theories and Themes,Second Semester,Postgraduate,6.0,Online or In Person,2024
878,POLS2011,Development and Change,,Undergraduate,6.0,Online or In Person,2024
879,EMDV8013,Development and Environment in the Anthropocene,Second Semester,Postgraduate,6.0,Online or In Person,2024
880,ANTH8009,Development in Practice,First Semester,Postgraduate,6.0,Online or In Person,2024
881,BIOL3109,Developmental Biology,First Semester,Undergraduate,6.0,In Person,2024
882,BIOL6109,Developmental Biology,First Semester,Postgraduate,6.0,In Person,2024
883,PSYC2002,Developmental Psychology,,Undergraduate,6.0,In Person,2024
884,PSYC3202,Developmental Psychology,First Semester,Undergraduate,6.0,In Person,2024
885,LING6023,Dictionaries and Dictionary-Making,,Postgraduate,6.0,In Person,2024
886,LING2023,Dictionaries and Dictionary-Making,,Undergraduate,6.0,In Person,2024
887,MATH6205,Differential Geometry,First Semester,Postgraduate,6.0,In Person,2024
888,ASTR4020,Diffuse Matter and Star Formation,,Undergraduate,6.0,In Person,2024
889,ASTR8020,Diffuse Matter and Star Formation,,Postgraduate,6.0,In Person,2024
890,ARTH2181,Digital Approaches to Art History and Curatorship,First Semester,Undergraduate,6.0,In Person,2024
891,ASIA3032,Digital Asia: Technology and Society,,Undergraduate,6.0,Online or In Person,2024
892,MGMT7008,Digital Business Model Generation,,Postgraduate,6.0,In Person,2024
893,ENGN6626,Digital Communications,First Semester,Postgraduate,6.0,In Person,2024
894,ENGN3226,Digital Communications,First Semester,Undergraduate,6.0,In Person,2024
895,HUMN8028,Digital Culture and Society & Critical Theories and Methodologies,,Postgraduate,6.0,Online or In Person,2024
896,HUMN4028,Digital Culture and Society - Critical Theories and Methodologies,,Undergraduate,6.0,Online or In Person,2024
897,HUMN1001,Digital Culture: Being Human in the Information Age,,Undergraduate,6.0,Online or In Person,2024
898,LAWS8407,Digital Economies and the Law,Winter Session,Postgraduate,6.0,Online,2024
899,DESN2001,Digital Form and Fabrication,First Semester,Undergraduate,6.0,In Person,2024
900,DESN6001,Digital Form and Fabrication,First Semester,Postgraduate,6.0,In Person,2024
901,HUMN4029,Digital Humanities and Public Culture - Issues and Debates,,Undergraduate,6.0,Online or In Person,2024
902,HUMN8030,Digital Humanities and Public Culture Research Project,First Semester/Second Semester,Postgraduate,6.0,In Person,2024
903,HUMN8031,Digital Humanities and Public Culture Research Project (Advanced),First Semester/Second Semester,Postgraduate,12.0,In Person,2024
904,HUMN8029,Digital Humanities and Public Culture: Issues and debates,Autumn Session,Postgraduate,12.0,Online or In Person,2024
905,HUMN3001,Digital Humanities and Public Culture: Projects and Engagement,First Semester,Undergraduate,6.0,In Person,2024
906,HUMN6003,Digital Humanities and Public Culture: Projects and Engagement,First Semester,Postgraduate,6.0,In Person,2024
907,MKTG7029,Digital Marketing,,Postgraduate,6.0,In Person,2024
908,ARTV1610,Digital Photography and Printing,,Undergraduate,6.0,In Person,2024
909,ARTV6610,Digital Photography and Printing,,Postgraduate,6.0,In Person,2024
910,ENGN4537,Digital Signal Processing,Second Semester,Undergraduate,6.0,In Person,2024
911,ENGN6537,Digital Signal Processing,Second Semester,Postgraduate,6.0,In Person,2024
912,INFS8205,"Digital Strategy, Executive and Operations",First Semester,Postgraduate,6.0,In Person,2024
913,ENGN4213,Digital Systems and Microprocessors,First Semester,Undergraduate,6.0,In Person,2024
914,ENGN6213,Digital Systems and Microprocessors,First Semester,Postgraduate,6.0,In Person,2024
915,INFS7040,Digital Transformation,First Semester/Second Semester,Postgraduate,6.0,In Person,2024
916,MGMT8009,Digital Transformation & Business Strategy,,Postgraduate,6.0,In Person,2024
917,DIPL8018,Diplomacy Research Project,First Semester/Second Semester,Postgraduate,12.0,Online or In Person,2024
918,DIPL8006,"Diplomacy, Politics and the United Nations",,Postgraduate,6.0,Online or In Person,2024
919,DIPL8009,Diplomacy: from cuneiform clay to digital tablets,,Postgraduate,6.0,Online,2024
920,CHMD8001,"Directed Readings in Culture, Health and Medicine",,Postgraduate,6.0,Online,2024
921,EMDV8124,Disaster Risk Reduction and Management,First Semester,Postgraduate,6.0,Online or In Person,2024
922,ASIA8048,Disasters and Epidemics in Asia and the Pacific,Second Semester,Postgraduate,6.0,Online or In Person,2024
923,HIST8045,Disasters: Aftermath and Legacy,First Semester,Postgraduate,6.0,In Person,2024
924,ENGN1211,Discovering Engineering,First Semester,Undergraduate,6.0,In Person,2024
925,MATH1005,Discrete Mathematical Models,First Semester/Second Semester,Undergraduate,6.0,In Person,2024
926,MATH6005,Discrete Mathematical Models,First Semester/Second Semester,Postgraduate,6.0,In Person,2024
927,NSPO8013,"Disease, Security and Biological Weapons",,Postgraduate,6.0,In Person,2024
928,CRIM3005,Diversity and Crime: Equality in the Criminal Justice System,First Semester,Undergraduate,6.0,In Person,2024
929,BIOL1009,Diversity of Life,Second Semester,Undergraduate,6.0,In Person,2024
930,MGMT8113,"Diversity, Inclusion, and Closing Gaps Capstone",,Postgraduate,12.0,In Person,2024
931,FINM8018,Doctoral Studies in Asset Pricing,Second Semester,Postgraduate,6.0,In Person,2024
932,FINM8020,Doctoral Studies in Asset Pricing 2,First Semester,Postgraduate,6.0,In Person,2024
933,FINM8019,Doctoral Studies in Corporate Finance,,Postgraduate,6.0,In Person,2024
934,FINM8021,Doctoral Studies in Corporate Finance Empirical,First Semester,Postgraduate,6.0,In Person,2024
935,COMP6990,Document Analysis,,Postgraduate,6.0,In Person,2024
936,COMP4650,Document Analysis,Second Semester,Undergraduate,6.0,In Person,2024
937,COMP6490,Document Analysis,Second Semester,Postgraduate,6.0,In Person,2024
938,CRIM3010,Doing Criminology: Advanced Research Methods,First Semester,Undergraduate,6.0,In Person,2024
939,ANTH3059,Doing Ethnography: Practicum in Applied Anthropology,Second Semester,Undergraduate,6.0,Online or In Person,2024
940,ANTH8059,Doing Ethnography: Research Practicum on Applied Anthropology,Second Semester,Postgraduate,6.0,Online or In Person,2024
941,EMDV8081,Domestic Climate Change Policy and Economics,Second Semester,Postgraduate,6.0,Online or In Person,2024
942,ARTV6703,Drawing into Print: Etching and Relief,,Postgraduate,6.0,In Person,2024
943,ARTV6704,Drawing into Print: Screen Printing and Stencils,,Postgraduate,6.0,In Person,2024
944,ARTV1020,Drawn from life: Techniques and Perspectives of Observational Drawing,First Semester,Undergraduate,6.0,In Person,2024
945,MEAS4111,Drivers of Violent Extremism: The Local and the Global in the Middle East,Second Semester,Undergraduate,6.0,In Person,2024
946,MEAS8111,Drivers of Violent Extremism: The Local and the Global in the Middle East,Second Semester,Postgraduate,6.0,Online,2024
947,MGMT8111,Dynamic Capabilities and Innovation in the Public Sector Ecosystem,,Postgraduate,3.0,In Person,2024
948,DESN6004,Dynamic Design and Generative Systems,,Postgraduate,6.0,In Person,2024
949,EMSC3034,"Dynamic Earth: Plates, Plumes and Mantle Convection",Second Semester,Undergraduate,6.0,In Person,2024
950,EMSC6034,"Dynamic Earth: Plates, Plumes and Mantle Convection",Second Semester,Postgraduate,6.0,In Person,2024
951,BUSI2023,Dynamics of Asian Business,Second Semester,Undergraduate,6.0,In Person,2024
952,BUSI2024,Dynamics of Business in the Middle East,First Semester,Undergraduate,6.0,In Person,2024
953,BUSI2034,Dynamics of European Business,First Semester,Undergraduate,6.0,In Person,2024
954,MEAS8112,Dynamics of Israeli-Palestinian Conflict,First Semester,Postgraduate,6.0,In Person,2024
955,MKTG2032,E-Marketing,Second Semester,Undergraduate,6.0,In Person,2024
956,EMSC6008,EARTH: The Chemistry and Physics of our Planet,Second Semester,Postgraduate,6.0,In Person,2024
957,EMSC1008,EARTH: The Chemistry and Physics of our Planet,Second Semester,Undergraduate,6.0,In Person,2024
958,ENGL3005,Early Modern to Eighteenth Century Literature,Second Semester,Undergraduate,6.0,In Person,2024
959,ENGL6020,Early Modern to Eighteenth Century Literature,Second Semester,Postgraduate,6.0,In Person,2024
960,EMSC8030,Earth Science Research Project,First Semester/Second Semester,Postgraduate,6.0,In Person,2024
961,EMSC8032,Earth Science Research Proposal &amp; Presentation,First Semester/Second Semester,Postgraduate,6.0,In Person,2024
962,EMSC4005,Earth and Marine Sciences Honours Thesis,First Semester/Second Semester,Undergraduate,3.0,In Person,2024
963,ENVS3014,Ecological Assessment and Management,,Undergraduate,6.0,In Person,2024
964,ENVS6514,Ecological Assessment and Management,,Postgraduate,6.0,In Person,2024
965,EMDV8012,Ecological Economics and Policy,,Postgraduate,6.0,Online or In Person,2024
966,BIOL6004,Ecology,,Postgraduate,6.0,In Person,2024
967,BIOL2131,Ecology,,Undergraduate,6.0,In Person,2024
968,EMET8005,Econometric Methods and Modelling,First Semester/Second Semester,Postgraduate,6.0,In Person,2024
969,IDEC8017,Econometric Techniques,Second Semester,Postgraduate,6.0,Online or In Person,2024
970,EMET6007,Econometrics I: Econometric Methods,First Semester,Postgraduate,6.0,In Person,2024
971,EMET2007,Econometrics I: Econometric Methods,First Semester,Undergraduate,6.0,In Person,2024
972,EMET4007,Econometrics I: Econometric Methods,First Semester,Undergraduate,6.0,In Person,2024
973,EMET3004,Econometrics II: Econometric Modelling,,Undergraduate,6.0,In Person,2024
974,EMET6008,Econometrics II: Econometric Modelling,,Postgraduate,6.0,In Person,2024
975,ECON2080,Economic Analysis of the Digital Economy,,Undergraduate,6.0,In Person,2024
976,ECON8180,Economic Analysis of the Digital Economy,,Postgraduate,6.0,In Person,2024
977,IDEC8022,Economic Development,Second Semester,Postgraduate,6.0,Online or In Person,2024
978,EMSC3007,Economic Geology,Second Semester,Undergraduate,6.0,In Person,2024
979,EMSC6007,Economic Geology,Second Semester,Postgraduate,6.0,In Person,2024
980,ECON8050,Economic Growth,First Semester,Postgraduate,6.0,In Person,2024
981,ECON8003,Economic Policy Issues,,Postgraduate,6.0,In Person,2024
982,ECON3023,Economic Policy Issues,,Undergraduate,6.0,In Person,2024
983,ECON4403,Economic Policy Issues,,Undergraduate,6.0,In Person,2024
984,ECON6003,Economic Policy Issues,,Postgraduate,6.0,In Person,2024
985,ECON2060,Economic Reasoning for Government,,Undergraduate,6.0,In Person,2024
986,ECON3100,Economics 3 (H),Second Semester,Undergraduate,6.0,In Person,2024
987,ECON4488,Economics Honours Research Essay,First Semester/Second Semester,Undergraduate,6.0,In Person,2024
988,ECON1100,Economics I (H),Second Semester,Undergraduate,6.0,In Person,2024
989,ECON2016,Economics II (H),,Undergraduate,6.0,In Person,2024
990,IDEC9024,Economics Seminars,Second Semester,Postgraduate,6.0,Online or In Person,2024
991,POGO8081,Economics for Government,Second Semester,Postgraduate,6.0,In Person,2024
992,ECON8077,Economics for Leaders,,Postgraduate,6.0,In Person,2024
993,ENVS2007,Economics for the Environment,First Semester,Undergraduate,6.0,In Person,2024
994,SOCY1004,Economy and Society,Second Semester,Undergraduate,6.0,In Person,2024
995,SOCY3050,Education and Society,,Undergraduate,6.0,In Person,2024
996,SOCY2021,Education and Society,Second Semester,Undergraduate,6.0,In Person,2024
997,MEAS6008,Egypt: Social and Political Dynamics in a Changing Middle East&nbsp;,,Postgraduate,6.0,In Person,2024
998,MEAS3008,Egypt: Social and Political Dynamics in a Changing Middle East&nbsp;,,Undergraduate,6.0,In Person,2024
999,POLS2111,"Elections, Political Behaviour and Public Opinion in Australia",Winter Session,Undergraduate,6.0,In Person,2024
1000,PHYS2016,Electromagnetism,Second Semester,Undergraduate,6.0,In Person,2024
1001,ENGN2218,Electronic Systems and Design,First Semester,Undergraduate,6.0,In Person,2024
1002,EMSC8712,Electronics and Data Analysis,Second Semester,Postgraduate,6.0,In Person,2024
1003,EMSC4712,Electronics and Data Analysis,Second Semester,Undergraduate,6.0,In Person,2024
1004,TURK1001,Elementary Turkish A,First Semester,Undergraduate,6.0,Online,2024
1005,TURK1002,Elementary Turkish B,Second Semester,Undergraduate,6.0,Online,2024
1006,ENGN8537,Embedded Systems and Real Time Digital Signal Processing,,Postgraduate,6.0,In Person,2024
1007,POLS3004,Emotions in International Politics,,Undergraduate,6.0,In Person,2024
1008,HIST2070,"Emperors, Pilgrims and Crusaders: The World of Byzantium",Second Semester,Undergraduate,6.0,In Person,2024
1009,ENGL6027,Empire and its Fictions,,Postgraduate,6.0,In Person,2024
1010,ENGL2068,Empire and its Fictions,,Undergraduate,6.0,In Person,2024
1011,HIST1214,Empires in Global History,First Semester,Undergraduate,6.0,In Person,2024
1012,IDEC8025,Empirical Public Finance,,Postgraduate,6.0,Online or In Person,2024
1013,BUSN8100,Empirical Research in Financial Accounting,Second Semester,Postgraduate,6.0,In Person,2024
1014,CBEA2000,Employability Fundamentals for Professional Practice,Second Semester,Undergraduate,6.0,Online or In Person,2024
1015,MGMT8109,Empowering People and Teams in Climates of Respect and Psychological Safety,,Postgraduate,3.0,In Person,2024
1016,IDEC8089,Energy Economics,Second Semester,Postgraduate,6.0,Online or In Person,2024
1017,ENGN6516,Energy Resources and Renewable Technologies,Second Semester,Postgraduate,6.0,In Person,2024
1018,ENGN3516,Energy Resources and Renewable Technologies,Second Semester,Undergraduate,6.0,In Person,2024
1019,NSPO8044,Energy Security,,Postgraduate,3.0,In Person,2024
1020,MEAS8109,Energy and Security in Central Asia and the Caucasus,,Postgraduate,6.0,In Person,2024
1021,SCOM8088,Engagement for Policy Impact,Winter Session,Postgraduate,6.0,Online or In Person,2024
1022,ASIA3021,Engaging Asia: Australia and the Asian Century,Autumn Session,Undergraduate,6.0,Online or In Person,2024
1023,ASIA8040,Engaging Asia: Australia and the Asian Century,Autumn Session,Postgraduate,6.0,Online or In Person,2024
1024,POGO8235,Engaging China: Working with Policy in the PRC,Autumn Session,Postgraduate,3.0,Online or In Person,2024
1025,COMP8535,Engineering Data Analytics,First Semester,Postgraduate,6.0,In Person,2024
1026,ENGN8535,Engineering Data Analytics,First Semester,Postgraduate,6.0,In Person,2024
1027,ENGN2300,Engineering Design 2: Systems Approaches for Design,First Semester,Undergraduate,6.0,In Person,2024
1028,ENGN2301,Engineering Design 3: Systems Approaches for Analysis,Second Semester,Undergraduate,6.0,In Person,2024
1029,ENGN3300,Engineering Design 4A: Systems Approaches for Management,First Semester,Undergraduate,6.0,In Person,2024
1030,ENGN3301,Engineering Design 4B: Systems Approaches for Operations,Second Semester,Undergraduate,6.0,In Person,2024
1031,ENGN3230,Engineering Innovation,,Undergraduate,6.0,In Person,2024
1032,ENGN6200,Engineering Internship,Summer Session/First Semester/Autumn Session/Winter Session/Second Semester/Spring Session,Postgraduate,6.0,In Person,2024
1033,ENGN3200,Engineering Internship,Summer Session/First Semester/Autumn Session/Winter Session/Second Semester/Spring Session,Undergraduate,6.0,In Person,2024
1034,ENGN3221,Engineering Management,,Undergraduate,6.0,In Person,2024
1035,ENGN6601,Engineering Materials,,Postgraduate,6.0,In Person,2024
1036,ENGN3601,Engineering Materials,,Undergraduate,6.0,In Person,2024
1037,ENGN4549,Engineering Nuclear Systems,First Semester,Undergraduate,6.0,In Person,2024
1038,ENGN3706,Engineering Research & Development Project,First Semester/Second Semester,Undergraduate,6.0,In Person,2024
1039,ENGN8104,Engineering Research Project,,Postgraduate,12.0,In Person,2024
1040,ENGN4706,Engineering Research and Development Project,First Semester/Second Semester,Undergraduate,6.0,In Person,2024
1041,ENGN3712,Engineering Research and Development Project,First Semester/Second Semester,Undergraduate,6.0,In Person,2024
1042,ENGN4712,Engineering Research and Development Project,First Semester/Second Semester,Undergraduate,6.0,In Person,2024
1043,ENGN4718,Engineering Research and Development Project,First Semester/Second Semester,Undergraduate,6.0,In Person,2024
1044,ENGN2707,Engineering Research and Development Project,First Semester/Second Semester,Undergraduate,6.0,In Person,2024
1045,ENGN2706,Engineering Research and Development Project (Methods),First Semester,Undergraduate,6.0,In Person,2024
1046,ENGN1215,Engineering Sciences,,Undergraduate,6.0,In Person,2024
1047,ENGN6410,Engineering Sustainable Systems,Second Semester,Postgraduate,6.0,In Person,2024
1048,ENGN3410,Engineering Sustainable Systems,Second Semester,Undergraduate,6.0,In Person,2024
1049,ENGN2222,Engineering Thermodynamics,Second Semester,Undergraduate,6.0,In Person,2024
1050,ENGN6013,Engineering for a Humanitarian Context,,Postgraduate,6.0,In Person,2024
1051,ENGN3013,Engineering for a Humanitarian Context,Summer Session/Winter Session,Undergraduate,6.0,In Person,2024
1052,LAWS6001,English in a Legal Context,First Semester/Second Semester,Postgraduate,0.0,In Person,2024
1053,LAWS1001,English in a Legal Context,First Semester/Second Semester,Undergraduate,0.0,In Person,2024
1054,INFS8004,Enterprise Systems and Strategy,First Semester,Postgraduate,6.0,In Person,2024
1055,INFS3002,Enterprise Systems in Business,Second Semester,Undergraduate,6.0,In Person,2024
1056,MGMT3027,Entrepreneurship and Innovation,Second Semester,Undergraduate,6.0,In Person,2024
1057,MGMT8015,Entrepreneurship and Innovation,First Semester/Second Semester,Postgraduate,6.0,Online or In Person,2024
1058,ARTV6921,Environment Studio: field based research and studio practice in visual arts,Second Semester,Postgraduate,6.0,In Person,2024
1059,ARTV2921,Environment Studio: field based research and studio practice in visual arts,First Semester/Second Semester,Undergraduate,6.0,In Person,2024
1060,PASI3013,Environment and Development in the Pacific,Second Semester,Undergraduate,6.0,In Person,2024
1061,HIST1210,Environment and History from 1945,,Undergraduate,6.0,In Person,2024
1062,ENVS1001,Environment and Society: Geography of Sustainability,First Semester,Undergraduate,6.0,In Person,2024
1063,POLS3033,"Environment, Human Security, and Conflict",Second Semester,Undergraduate,6.0,In Person,2024
1064,ENVS3902,Environmental Chemistry and Systems,Second Semester,Undergraduate,6.0,In Person,2024
1065,ENGN3902,Environmental Chemistry and Systems,Second Semester,Undergraduate,6.0,In Person,2024
1066,IDEC8053,Environmental Economics,Second Semester,Postgraduate,6.0,Online or In Person,2024
1067,EMDV8078,Environmental Economics for Public Policy,Second Semester,Postgraduate,6.0,Online or In Person,2024
1068,ENGN3901,Environmental Fluid Mechanics,First Semester,Undergraduate,6.0,In Person,2024
1069,EMDV8104,Environmental Governance,First Semester,Postgraduate,6.0,Online or In Person,2024
1070,ENVS3344,Environmental Justice Practicum,Summer Session,Undergraduate,6.0,In Person,2024
1071,LAWS4344,Environmental Justice Practicum,Summer Session,Undergraduate,6.0,In Person,2024
1072,LAWS4215,Environmental Law,Second Semester,Undergraduate,6.0,Online or In Person,2024
1073,LAWS4281,Environmental Law Clinic,First Semester/Second Semester,Undergraduate,6.0,In Person,2024
1074,LAWS6281,Environmental Law Clinic,First Semester/Second Semester,Postgraduate,6.0,In Person,2024
1075,EMDV8011,Environmental Markets,Summer Session,Postgraduate,6.0,Online or In Person,2024
1076,MATH3133,Environmental Mathematics,Second Semester,Undergraduate,6.0,In Person,2024
1077,ENVS6202,"Environmental Measurement, Modelling and Monitoring",Spring Session,Postgraduate,6.0,In Person,2024
1078,ENVS2002,"Environmental Measurement, Modelling and Monitoring",Spring Session,Undergraduate,6.0,In Person,2024
1079,MATH6102,Environmental Modelling and Integrated Assessment,Second Semester,Postgraduate,6.0,In Person,2024
1080,ENVS3028,Environmental Policy,First Semester,Undergraduate,6.0,In Person,2024
1081,ENVS6528,Environmental Policy,First Semester,Postgraduate,6.0,In Person,2024
1082,LAWS8662,Environmental Risk and Disaster Law,,Postgraduate,6.0,Online or In Person,2024
1083,ENVS6218,Environmental Science Field School,Winter Session,Postgraduate,6.0,In Person,2024
1084,ENVS2018,Environmental Science Field School,Winter Session,Undergraduate,6.0,In Person,2024
1085,ENGN3903,"Environmental Sensing, Mapping and Modelling",Second Semester,Undergraduate,6.0,In Person,2024
1086,ENVS3903,"Environmental Sensing, Mapping and Modelling",Second Semester,Undergraduate,6.0,In Person,2024
1087,SOCY6062,Environmental Sociology,First Semester,Postgraduate,6.0,In Person,2024
1088,SOCY2022,Environmental Sociology,First Semester,Undergraduate,6.0,In Person,2024
1089,LAWS8189,Environmental and Sustainability Law,Second Semester,Postgraduate,6.0,Online or In Person,2024
1090,LAWS8335,Equity and Contemporary Issues,,Postgraduate,6.0,Online or In Person,2024
1091,LAWS6205,Equity and Trusts,Second Semester,Postgraduate,6.0,Online or In Person,2024
1092,LAWS2205,Equity and Trusts,Second Semester,Undergraduate,6.0,In Person,2024
1093,LING4013,Essentials for Thesis Writing in Linguistics,First Semester,Undergraduate,12.0,In Person,2024
1094,LING8032,Essentials for Thesis Writing in Linguistics&nbsp;,First Semester,Postgraduate,6.0,In Person,2024
1095,LING9032,Essentials for Thesis Writing in Linguistics&nbsp;,First Semester,Postgraduate,6.0,In Person,2024
1096,ENVS3015,Essentials of Environmental Law,Winter Session,Undergraduate,6.0,In Person,2024
1097,ENVS6315,Essentials of Environmental Law,Winter Session,Postgraduate,6.0,In Person,2024
1098,NSPO8008,Ethical Challenges for National Security,,Postgraduate,6.0,In Person,2024
1099,PSYC8512,Ethics and Professional Practice,First Semester,Postgraduate,6.0,In Person,2024
1100,INTR8053,Ethics of Peace and War,Second Semester,Postgraduate,6.0,In Person,2024
1101,ANTH8001,Ethnography and Research Ethics Pro-Seminar ,Spring Session,Postgraduate,6.0,Online or In Person,2024
1102,ANTH8062,Ethnography and Theory,Second Semester,Postgraduate,6.0,Online or In Person,2024
1103,HIST2205,"Europe and the Atlantic World, c.1492–1776.",,Undergraduate,6.0,In Person,2024
1104,EURO1004,Europe in the Modern Era,First Semester,Undergraduate,6.0,In Person,2024
1105,ARCH6058,European Prehistory from Cultivation to the Celts,,Postgraduate,6.0,In Person,2024
1106,ARCH2058,European Prehistory from Cultivation to the Celts,,Undergraduate,6.0,In Person,2024
1107,LAWS6207,Evidence,Second Semester,Postgraduate,6.0,Online or In Person,2024
1108,LAWS2207,Evidence,Second Semester,Undergraduate,6.0,In Person,2024
1109,POGO8240,Evidence Based Thinking (EBT): Decision Making and Policy Development,,Postgraduate,3.0,In Person,2024
1110,POGO8500,Evidence and Analysis in Public Policy,First Semester,Postgraduate,6.0,Online or In Person,2024
1111,PSYC8520,Evidence in Professional Psychology,Second Semester,Postgraduate,6.0,In Person,2024
1112,MGMT8102,Evidence-Based Decision Making,,Postgraduate,3.0,In Person,2024
1113,MGMT8007,Evidence-Based Decision-Making and Practice in Organisations Capstone,First Semester/Second Semester,Postgraduate,6.0,In Person,2024
1114,MGMT7250,Evidence-Based Management,First Semester/Autumn Session/Second Semester,Postgraduate,6.0,Online or In Person,2024
1115,PASI8010,Evidence-based program design and implementation in the Pacific,Autumn Session,Postgraduate,6.0,Online or In Person,2024
1116,BIOL2114,Evolution,Second Semester,Undergraduate,6.0,In Person,2024
1117,BIOL6114,Evolution,Second Semester,Postgraduate,6.0,In Person,2024
1118,BIAN3124,Evolution and Human Behaviour,First Semester,Undergraduate,6.0,In Person,2024
1119,BIAN6124,Evolution and Human Behaviour,First Semester,Postgraduate,6.0,In Person,2024
1120,PHIL3079,Evolution and Human Nature,Second Semester,Undergraduate,6.0,Online or In Person,2024
1121,BIOL6206,Evolution of Biodiversity,Second Semester,Postgraduate,6.0,In Person,2024
1122,BIOL3206,Evolution of Biodiversity,Second Semester,Undergraduate,6.0,In Person,2024
1123,INTR8046,Evolution of the International System,Second Semester,Postgraduate,6.0,In Person,2024
1124,GEND2036,Excessive Appetites: Sociocultural Perspectives on Addiction and Drug Use,,Undergraduate,6.0,In Person,2024
1125,SOCY2026,Excessive Appetites: Sociocultural Perspectives on Addiction and Drug Use,,Undergraduate,6.0,In Person,2024
1126,CBEA5922,ExchExchange Program ANU College of Business and Economics - Band 3,,Postgraduate,6.0,In Person,2024
1127,CBEA5920,Exchange Program ANU College of Business and Economics - Band 2,First Semester/Second Semester,Postgraduate,6.0,In Person,2024
1128,CBEA8820,Exchange Program for  ANU College of Business and Economics (PG),,Postgraduate,6.0,In Person,2024
1129,ARTS5920,Exchange Program for Arts Students,First Semester/Second Semester,Undergraduate,6.0,In Person,2024
1130,ARTS5921,Exchange Program for Arts Students (Band 1),First Semester/Second Semester,Undergraduate,6.0,In Person,2024
1131,ARTS5912,Exchange Program for Arts Students (Band 12),First Semester/Second Semester,Undergraduate,6.0,In Person,2024
1132,ARTS5924,Exchange Program for Arts Students (Band 14),First Semester/Second Semester,Undergraduate,6.0,In Person,2024
1133,ARTS5922,Exchange Program for Arts Students (Band 2),First Semester/Second Semester,Undergraduate,6.0,In Person,2024
1134,ARTS8820,Exchange Program for Graduate Arts Students,First Semester/Second Semester,Postgraduate,6.0,In Person,2024
1135,HLMD8820,Exchange Program for Graduate Health and Medicine Students,First Semester/Autumn Session/Winter Session/Second Semester/Spring Session,Postgraduate,6.0,In Person,2024
1136,SCNC8820,Exchange Program for Graduate Science Students,Summer Session/First Semester/Autumn Session/Winter Session/Second Semester/Spring Session,Postgraduate,6.0,In Person,2024
1137,COMP8820,Exchange Program for Graduate Students in Computer Science,First Semester/Second Semester,Postgraduate,6.0,In Person,2024
1138,ENGN8820,Exchange Program for Graduate Students in Engineering,,Postgraduate,6.0,In Person,2024
1139,HLMD5921,Exchange Program for Health and Medicine Students (Band 1),First Semester/Autumn Session/Winter Session/Second Semester,Undergraduate,6.0,In Person,2024
1140,HLMD5920,Exchange Program for Health and Medicine Students (Band 2),First Semester/Winter Session/Second Semester,Undergraduate,6.0,In Person,2024
1141,LAWS5920,Exchange Program for Law Students,First Semester/Second Semester,Undergraduate,6.0,In Person,2024
1142,SCNC5921,Exchange Program for Science Students (Band 1),First Semester/Second Semester,Undergraduate,6.0,In Person,2024
1143,SCNC5920,Exchange Program for Science Students (Band 2),First Semester/Winter Session/Second Semester,Undergraduate,6.0,In Person,2024
1144,COMP5920,Exchange Program in Computer Science,First Semester/Second Semester,Undergraduate,6.0,In Person,2024
1145,ENGN5920,Exchange Program in Engineering,Summer Session/First Semester/Autumn Session/Winter Session/Second Semester/Spring Session,Undergraduate,6.0,In Person,2024
1146,CBEA5921,Exchange – ANU College of Business and Economics _ Bachelor of Social Sciences (Honours),First Semester/Second Semester,Postgraduate,6.0,In Person,2024
1147,LAWS8241,Executive Power,,Postgraduate,6.0,Online or In Person,2024
1148,MUSC8018,Exhibition Design and Delivery,First Semester,Postgraduate,6.0,In Person,2024
1149,ARTV2119,Experimental Ceramics ,Second Semester,Undergraduate,6.0,In Person,2024
1150,BIOL6202,Experimental Design and Analysis in Biology,Second Semester,Postgraduate,6.0,In Person,2024
1151,BIOL2202,Experimental Design and Analysis in Biology,Second Semester,Undergraduate,6.0,In Person,2024
1152,HIST2231,Exploration: From Captain Cook to the Astronauts,,Undergraduate,6.0,In Person,2024
1153,BUSI3024,Export Business Planning,Second Semester,Undergraduate,6.0,In Person,2024
1154,MEDN2222,Exquisite Corpse - Insight into the Human Body,Winter Session,Undergraduate,6.0,In Person,2024
1155,ACST6500,Extension Topics in Actuarial Studies,,Postgraduate,6.0,In Person,2024
1156,CLAS3003,Faith and Belief in Ancient Greece and Rome,,Undergraduate,6.0,In Person,2024
1157,LAWS8417,Family Law,,Postgraduate,6.0,In Person,2024
1158,LAWS4217,Family Law,Second Semester,Undergraduate,6.0,Online or In Person,2024
1159,ARTH2180,Fashion Histories,Second Semester,Undergraduate,6.0,In Person,2024
1160,LAWS8275,Federal Judicial System,,Postgraduate,6.0,Online or In Person,2024
1161,LAWS4275,Federal Judicial System,,Undergraduate,6.0,In Person,2024
1162,LAWS4218,Feminist and Critical Legal Theory,,Undergraduate,6.0,In Person,2024
1163,LING3012,Field Methods in Linguistics,Winter Session,Undergraduate,6.0,Online or In Person,2024
1164,LING6009,Field Methods in Linguistics,Winter Session,Postgraduate,6.0,Online or In Person,2024
1165,BIOL6010,Field Studies in Behavioural Ecology,,Postgraduate,6.0,In Person,2024
1166,BIOL3132,Field Studies in Behavioural Ecology,,Undergraduate,6.0,In Person,2024
1167,BIOL2203,Field Studies in Functional Ecology,Winter Session,Undergraduate,6.0,In Person,2024
1168,ANTH9902,Fieldwork in the Pacific,Winter Session,Postgraduate,6.0,Online or In Person,2024
1169,ARTV6020,Figure & Life,,Postgraduate,6.0,In Person,2024
1170,ARTV1502,Figure and Space in Oil Painting,Second Semester,Undergraduate,6.0,In Person,2024
1171,SCRN2003,Film and History: Hollywood and Beyond,,Undergraduate,6.0,In Person,2024
1172,HONS4601,Final Honours Grade,Summer Session/First Semester/Second Semester,Undergraduate,0.0,In Person,2024
1173,HONS4100,Final Honours Grade,First Semester/Second Semester,Undergraduate,0.0,In Person,2024
1174,HONS4602,Final Honours Grade,Summer Session/First Semester/Second Semester,Undergraduate,0.0,In Person,2024
1175,FINM4500,Finance Honours Thesis,First Semester/Second Semester,Undergraduate,6.0,In Person,2024
1176,FINM7046,Finance for Business,,Postgraduate,6.0,In Person,2024
1177,LAWS8596,Financial Crime Law,Winter Session,Postgraduate,6.0,Online,2024
1178,ECON3006,Financial Economics,Second Semester,Undergraduate,6.0,In Person,2024
1179,ECON8037,Financial Economics,,Postgraduate,6.0,In Person,2024
1180,ECON4437,Financial Economics,,Undergraduate,6.0,In Person,2024
1181,ECON6037,Financial Economics,Second Semester,Postgraduate,6.0,In Person,2024
1182,FINM3006,Financial Intermediation and Debt Markets,First Semester,Undergraduate,6.0,In Person,2024
1183,IDEC8083,Financial Markets and Instruments,,Postgraduate,6.0,Online or In Person,2024
1184,LAWS4237,Financial Markets and Takeovers,First Semester,Undergraduate,6.0,Online or In Person,2024
1185,LAWS8437,Financial Markets and Takeovers,First Semester,Postgraduate,6.0,Online or In Person,2024
1186,STAT2032,Financial Mathematics,First Semester/Second Semester,Undergraduate,6.0,In Person,2024
1187,STAT6046,Financial Mathematics,First Semester/Second Semester,Postgraduate,6.0,In Person,2024
1188,BUSN3008,Financial Reporting By Corporations,First Semester,Undergraduate,6.0,In Person,2024
1189,BUSN6008,Financial Reporting By Corporations,First Semester,Postgraduate,6.0,In Person,2024
1190,BUSN8181,Financial Reporting and Analysis,,Postgraduate,6.0,In Person,2024
1191,BUSN2036,Financial Statement Analysis,First Semester,Undergraduate,6.0,In Person,2024
1192,BUSN7036,Financial Statement Analysis,First Semester,Postgraduate,6.0,In Person,2024
1193,BUSN7008,Financial Statements and Reporting,First Semester/Second Semester,Postgraduate,6.0,In Person,2024
1194,ENGN6615,Finite Element Analysis,,Postgraduate,6.0,In Person,2024
1195,ENGN4615,Finite Element Analysis,,Undergraduate,6.0,In Person,2024
1196,ENVS6308,Fire in the Environment,Summer Session,Postgraduate,6.0,In Person,2024
1197,ENVS3008,Fire in the Environment,Summer Session,Undergraduate,6.0,In Person,2024
1198,INDG8004,First Nations Peoples and Public Policy in Australia,Second Semester,Postgraduate,6.0,Online or In Person,2024
1199,INDG8005,First Nations Peoples and Public Policy in Australia (Advanced),Second Semester,Postgraduate,12.0,Online or In Person,2024
1200,INDG3001,"First Nations Peoples, the State and Public Policy in Australia",Second Semester,Undergraduate,6.0,Online or In Person,2024
1201,INDG3006,"First Peoples and Research Methods: Practice, Collaboration and Ethics",,Undergraduate,6.0,In Person,2024
1202,INDG3007,First Peoples' Social Justice Internship,,Undergraduate,6.0,In Person,2024
1203,INDG3003,First Peoples' economic self-determination and prosperity in the Australian economy,Second Semester,Undergraduate,6.0,In Person,2024
1204,ENGN4337,Flight Dynamics,First Semester,Undergraduate,6.0,In Person,2024
1205,ENGN6224,Fluid Mechanics and Heat Transfer,First Semester,Postgraduate,6.0,In Person,2024
1206,ENGN3224,Fluid Mechanics and Heat Transfer,First Semester,Undergraduate,6.0,In Person,2024
1207,EMDV8082,Food Wars: Food Security and Agricultural Policy,Second Semester,Postgraduate,6.0,Online or In Person,2024
1208,ANTH2132,Food for Thought: Anthropological Theories of Food and Eating,,Undergraduate,6.0,In Person,2024
1209,ANTH6518,Food for Thought: Anthropological theories of food and eating,,Postgraduate,6.0,In Person,2024
1210,POGO8015,Foreign Direct Investment Policy,,Postgraduate,6.0,In Person,2024
1211,POLS3001,Foreign Policy Analysis,First Semester,Undergraduate,6.0,In Person,2024
1212,INTR8068,Foreign Policy Analysis,Second Semester,Postgraduate,6.0,Online or In Person,2024
1213,BUSN8067,Forensic Accounting,First Semester,Postgraduate,6.0,In Person,2024
1214,BIAN2128,Forensic Anthropology and Archaeology,,Undergraduate,6.0,In Person,2024
1215,BIAN6515,Forensic Anthropology and Archaeology,,Postgraduate,6.0,In Person,2024
1216,LING3032,Forensic Linguistics: Forensic Voice and Text Comparison,,Undergraduate,6.0,Online or In Person,2024
1217,LING6032,Forensic Linguistics: Forensic Voice and Text Comparison,,Postgraduate,6.0,In Person,2024
1218,LING6105,Forensic Linguistics: Language and the Law,First Semester,Postgraduate,6.0,In Person,2024
1219,LING2105,Forensic Linguistics: Language and the Law,First Semester,Undergraduate,6.0,In Person,2024
1220,ENVS8105,Forests Research Essay,First Semester/Second Semester,Postgraduate,6.0,In Person,2024
1221,MGMT8103,Forward Thinking and Australia’s Contemporary Outlook,,Postgraduate,3.0,In Person,2024
1222,CRWF9000,Fostering Public Policy Research,Summer Session,Postgraduate,0.0,Online or In Person,2024
1223,POGO8401,Foundations in Public Policy,First Semester,Postgraduate,6.0,Online or In Person,2024
1224,ASTR2013,Foundations of Astrophysics,Second Semester,Undergraduate,6.0,In Person,2024
1225,LAWS6101,Foundations of Australian Law,First Semester/Second Semester,Postgraduate,6.0,In Person,2024
1226,LAWS1201,Foundations of Australian Law,First Semester/Second Semester,Undergraduate,6.0,In Person,2024
1227,ASIA2366,Foundations of Chinese Culture,,Undergraduate,6.0,In Person,2024
1228,COMP6260,Foundations of Computing,Second Semester,Postgraduate,6.0,In Person,2024
1229,COMP1600,Foundations of Computing,Second Semester,Undergraduate,6.0,In Person,2024
1230,ARTV1034,Foundations of Contemporary Arts Practices,First Semester,Undergraduate,6.0,In Person,2024
1231,DESN2002,Foundations of Creative Code,First Semester,Undergraduate,6.0,In Person,2024
1232,DESN6002,Foundations of Creative Code,First Semester,Postgraduate,6.0,In Person,2024
1233,EMET1001,Foundations of Economic and Financial Models,First Semester/Second Semester,Undergraduate,6.0,In Person,2024
1234,FINM1001,Foundations of Finance,First Semester/Second Semester,Undergraduate,6.0,In Person,2024
1235,FINM3015,Foundations of Fintech,Second Semester,Undergraduate,6.0,In Person,2024
1236,MATH8343,Foundations of Mathematics,First Semester,Postgraduate,6.0,In Person,2024
1237,MATH4343,Foundations of Mathematics,First Semester,Undergraduate,6.0,In Person,2024
1238,CHEM2212,Foundations of Physical Chemistry,,Undergraduate,6.0,In Person,2024
1239,PHYS1001,Foundations of Physics,First Semester,Undergraduate,6.0,In Person,2024
1240,LAWS8661,Foundations of Private Law,,Postgraduate,6.0,Online or In Person,2024
1241,PSYC8410,Foundations of Professional Psychology,First Semester,Postgraduate,6.0,In Person,2024
1242,LAWS8660,Foundations of Public Law,,Postgraduate,6.0,Online or In Person,2024
1243,SOCR1001,Foundations of Social Research,Second Semester,Undergraduate,6.0,In Person,2024
1244,LING8004,Foundations of the Study of Language,First Semester,Postgraduate,6.0,In Person,2024
1245,MATH3062,Fractal Geometry and Chaotic Dynamics,,Undergraduate,6.0,In Person,2024
1246,MATH6116,Fractal Geometry and Chaotic Dynamics,,Postgraduate,6.0,In Person,2024
1247,CYBN6001,Framing Questions about Cybernetic Systems,First Semester,Postgraduate,6.0,In Person,2024
1248,CECS6001,Framing Questions about Cybernetic Systems,,Postgraduate,6.0,In Person,2024
1249,LAWS8243,Freedom of Information and Privacy,,Postgraduate,6.0,Online or In Person,2024
1250,FREN3108,From Colonialism to Cinéma-monde: Films of the French-speaking World,,Undergraduate,6.0,In Person,2024
1251,ARCH6037,From Empire to Invasions: The Archaeology of Europe from the Romans to the Vikings,First Semester,Postgraduate,6.0,Online or In Person,2024
1252,ARCH2037,From Empire to Invasions: the Archaeology of Europe from the Romans to the Vikings,First Semester,Undergraduate,6.0,Online or In Person,2024
1253,ARCH1112,From Origins to Civilizations,Second Semester,Undergraduate,6.0,In Person,2024
1254,DESN2006,Front-End Web: Crafting Online Experience,Second Semester,Undergraduate,6.0,In Person,2024
1255,DESN6006,Front-End Web: Crafting Online Experience,Second Semester,Postgraduate,6.0,In Person,2024
1256,PHIL1004,Fundamental Ideas in Philosophy: An Introduction,First Semester,Undergraduate,6.0,In Person,2024
1257,EMSC6021,Fundamentals of Climate Science,Second Semester,Postgraduate,6.0,In Person,2024
1258,EMSC2021,Fundamentals of Climate Science,Second Semester,Undergraduate,6.0,In Person,2024
1259,POPH4100,Fundamentals of Epidemiology,First Semester,Undergraduate,6.0,Online or In Person,2024
1260,POPH8100,Fundamentals of Epidemiology,First Semester,Postgraduate,6.0,Online or In Person,2024
1261,EMSC2023,Fundamentals of Geology,First Semester,Undergraduate,6.0,In Person,2024
1262,EMSC6123,Fundamentals of Geology,First Semester,Postgraduate,6.0,In Person,2024
1263,POGO8238,Fundamentals of Intergovernmental Management,Spring Session,Postgraduate,3.0,In Person,2024
1264,PHYS6711,Fundamentals of Noise and Measurement,First Semester,Postgraduate,6.0,In Person,2024
1265,PHYS3711,Fundamentals of Noise and Measurement,First Semester,Undergraduate,6.0,In Person,2024
1266,ENGN4204,Fundamentals of Nuclear Radiation,,Undergraduate,6.0,In Person,2024
1267,PHYS8204,Fundamentals of Nuclear Radiation,First Semester,Postgraduate,6.0,In Person,2024
1268,PHYS8201,Fundamentals of Nuclear Science,First Semester,Postgraduate,6.0,In Person,2024
1269,REGN8021,Fundamentals of Quantitative Analysis for Regulators,Summer Session,Postgraduate,3.0,Online or In Person,2024
1270,ASIA4001,"Fundamentals of Research Design in Asia-Pacific Culture, History and Languages",First Semester,Undergraduate,12.0,In Person,2024
1271,STST4001,Fundamentals of Research Design in Security Studies,First Semester,Undergraduate,12.0,In Person,2024
1272,POGO8097,Fundamentals of child-centred policy-making,,Postgraduate,3.0,Online or In Person,2024
1273,REGN9021,Fundamentals of quantitative analysis for regulators,Summer Session,Postgraduate,3.0,In Person,2024
1274,ENVS2015,GIS and Spatial Analysis,Second Semester,Undergraduate,6.0,In Person,2024
1275,ENVS6015,GIS and Spatial Analysis,Second Semester,Postgraduate,6.0,In Person,2024
1276,ASTR4006,Galaxies,First Semester,Undergraduate,6.0,In Person,2024
1277,ASTR8006,Galaxies,First Semester,Postgraduate,6.0,In Person,2024
1278,ASTR6002,Galaxies and Cosmology,Second Semester,Postgraduate,6.0,In Person,2024
1279,ASTR3002,Galaxies and Cosmology,Second Semester,Undergraduate,6.0,In Person,2024
1280,MEAS2006,Gallipoli: A transnational history,First Semester,Undergraduate,6.0,In Person,2024
1281,COMP3540,Game Development,Second Semester,Undergraduate,6.0,In Person,2024
1282,COMP6540,Game Development,Second Semester,Postgraduate,6.0,In Person,2024
1283,ECON3152,Game Theory,,Undergraduate,6.0,In Person,2024
1284,ECON4453,Game Theory,,Undergraduate,6.0,In Person,2024
1285,ECON8053,Game Theory,,Postgraduate,6.0,In Person,2024
1286,POLS2125,Game Theory and Social Sciences,,Undergraduate,6.0,Online or In Person,2024
1287,MATH2301,"Games, Graphs and Machines",Second Semester,Undergraduate,6.0,In Person,2024
1288,INDG2003,Gamilaraay - introduction to an Australian Indigenous Language,First Semester,Undergraduate,6.0,Online or In Person,2024
1289,ANTH8038,Gender & Development: Critical Issues in Policy & Practice,Second Semester,Postgraduate,6.0,Online or In Person,2024
1290,ANTH8039,Gender & Development: Critical Issues in Policy & Practice (Advanced),Second Semester,Postgraduate,12.0,Online or In Person,2024
1291,POGO8230,Gender Analysis in Public Policy,Winter Session,Postgraduate,3.0,In Person,2024
1292,GEND2001,Gender and Cultural Studies in Asia and the Pacific,First Semester,Undergraduate,6.0,Online or In Person,2024
1293,ASIA2311,Gender and Cultural Studies in Asia and the Pacific,First Semester,Undergraduate,6.0,Online or In Person,2024
1294,MEAS2005,Gender and Culture In Iran and the Middle East,First Semester,Undergraduate,6.0,In Person,2024
1295,POLS2134,Gender and Politics,,Undergraduate,6.0,In Person,2024
1296,NSPO8040,Gender and Security,Autumn Session,Postgraduate,3.0,In Person,2024
1297,GEND3002,Gender and Sexuality in the Pacific,Winter Session,Undergraduate,6.0,In Person,2024
1298,PASI3002,Gender and Sexuality in the Pacific,Winter Session,Undergraduate,6.0,In Person,2024
1299,PASI8008,Gender and Sexuality in the Pacific,Winter Session,Postgraduate,6.0,In Person,2024
1300,ANTH2025,Gender in Cross-Cultural Perspective,Second Semester,Undergraduate,6.0,In Person,2024
1301,GEND2035,Gender in Cross-Cultural Perspective,Second Semester,Undergraduate,6.0,In Person,2024
1302,ANTH6025,Gender in Cross-Cultural Perspective,Second Semester,Postgraduate,6.0,In Person,2024
1303,ASIA6106,Gender in Korean History,,Postgraduate,6.0,Online or In Person,2024
1304,ASIA2006,Gender in Korean History,,Undergraduate,6.0,In Person,2024
1305,GEND2002,Gender in Korean History,,Undergraduate,6.0,Online or In Person,2024
1306,ANTH8060,Gender in Resource and Environmental Management,,Postgraduate,6.0,Online or In Person,2024
1307,LAWS8329,"Gender, Law and Development",,Postgraduate,6.0,Online or In Person,2024
1308,GEND2023,"Gender, Sex and Sexuality: An Introduction to Feminist Theory",,Undergraduate,6.0,In Person,2024
1309,ANTH8106,"Gender, Violence and Development",Second Semester,Postgraduate,6.0,Online or In Person,2024
1310,INTR8064,"Gender, War, and Justice in South and Southeast Asia",,Postgraduate,6.0,In Person,2024
1311,BIOL6142,General Microbiology,Second Semester,Postgraduate,6.0,In Person,2024
1312,BIOL2142,General Microbiology,Second Semester,Undergraduate,6.0,In Person,2024
1313,PHYS6203,General Relativity,Second Semester,Postgraduate,6.0,In Person,2024
1314,PHYS3203,General Relativity,Second Semester,Undergraduate,6.0,In Person,2024
1315,STAT8130,Generalised Linear Modelling,Summer Session/First Semester/Second Semester,Postgraduate,6.0,In Person,2024
1316,STAT6030,Generalised Linear Modelling,,Postgraduate,6.0,In Person,2024
1317,STAT3015,Generalised Linear Models,Second Semester,Undergraduate,6.0,In Person,2024
1318,STAT4030,Generalised Linear Models,First Semester/Second Semester,Undergraduate,6.0,In Person,2024
1319,BIOL2161,Genes: Replication and Expression,First Semester,Undergraduate,6.0,In Person,2024
1320,BIOL6161,Genes: Replication and Expression,First Semester,Postgraduate,6.0,In Person,2024
1321,BIOL2151,Genetics,First Semester,Undergraduate,6.0,In Person,2024
1322,BIOL6006,Genetics,First Semester,Postgraduate,6.0,In Person,2024
1323,BIOL3204,Genetics of Human Disease 1,First Semester,Undergraduate,6.0,In Person,2024
1324,BIOL6204,Genetics of Human Disease 1,First Semester,Postgraduate,6.0,In Person,2024
1325,BIOL3205,Genetics of Human Disease 2,Second Semester,Undergraduate,6.0,In Person,2024
1326,BIOL6205,Genetics of Human Disease 2,Second Semester,Postgraduate,6.0,In Person,2024
1327,POLS2100,Genocide in the Modern World,,Undergraduate,6.0,In Person,2024
1328,BIOL3161,Genomics and its Applications,First Semester,Undergraduate,6.0,In Person,2024
1329,BIOL6163,Genomics and its Applications,First Semester,Postgraduate,6.0,In Person,2024
1330,EMSC6019,Geobiology and Evolution of Life on Earth,First Semester,Postgraduate,6.0,In Person,2024
1331,EMSC3020,Geobiology and Evolution of Life on Earth,First Semester,Undergraduate,6.0,In Person,2024
1332,EMSC2024,Geochemical Cycles,Second Semester,Undergraduate,6.0,In Person,2024
1333,EMSC6124,Geochemical Cycles,Second Semester,Postgraduate,6.0,In Person,2024
1334,NSPO8032,Geoeconomics and National Security,,Postgraduate,6.0,Online or In Person,2024
1335,MEAS8114,Geopolitics of Central Asia,,Postgraduate,6.0,In Person,2024
1336,GERM2114,German Cultural Studies,Second Semester,Undergraduate,6.0,In Person,2024
1337,GERM3114,German Cultural Studies Advanced,Second Semester,Undergraduate,6.0,In Person,2024
1338,GERM3051,German Literature and Culture,First Semester,Undergraduate,6.0,In Person,2024
1339,GERM3007,German Studies: Advanced German 1,First Semester,Undergraduate,6.0,In Person,2024
1340,GERM3008,German Studies: Advanced German 2,Second Semester,Undergraduate,6.0,In Person,2024
1341,GERM2103,German Studies: Continuing German 1,First Semester,Undergraduate,6.0,In Person,2024
1342,GERM2104,German Studies: Continuing German 2,Second Semester,Undergraduate,6.0,In Person,2024
1343,GERM3101,German Studies: Intermediate German 1,First Semester,Undergraduate,6.0,In Person,2024
1344,GERM3106,German Studies: Intermediate German 2,Second Semester,Undergraduate,6.0,In Person,2024
1345,GERM1021,German Studies: Introduction to German 1,First Semester,Undergraduate,6.0,In Person,2024
1346,GERM1022,German Studies: Introduction to German 2,Second Semester,Undergraduate,6.0,In Person,2024
1347,ARTV2316,Glass Blowing for Contemporary Practice: Utility and Narrative,,Undergraduate,6.0,In Person,2024
1348,ARTV2314,"Glass Blowing, Materiality and Form",,Undergraduate,6.0,In Person,2024
1349,ARTV2313,Glass Kiln Casting,,Undergraduate,6.0,In Person,2024
1350,ARTV1302,Glass Kiln Forming Introduction: Fundamentals for Contemporary Practice,,Undergraduate,6.0,In Person,2024
1351,ARTV2117,Glaze and Colour Development for Ceramics,,Undergraduate,6.0,In Person,2024
1352,CBEA3066,Global Business Immersion,First Semester,Undergraduate,6.0,In Person,2024
1353,MKTG8035,Global Business Project,Second Semester,Postgraduate,6.0,In Person,2024
1354,ANTH1003,"Global Citizen: Culture, Development and Inequality",Second Semester,Undergraduate,6.0,In Person,2024
1355,ANTH6003,"Global Citizen: Culture, Development and Inequality",Second Semester,Postgraduate,6.0,In Person,2024
1356,INTR8080,Global Ethics,First Semester,Postgraduate,6.0,Online or In Person,2024
1357,HLMD1002,Global Experiences in Health and Medicine,Winter Session,Undergraduate,6.0,In Person,2024
1358,SCNC1002,Global Experiences in Science,Summer Session/Winter Session/Spring Session,Undergraduate,6.0,In Person,2024
1359,INTR8045,Global Governance,,Postgraduate,6.0,In Person,2024
1360,BAPA3002,Global Governance in the Asia-Pacific,Spring Session,Undergraduate,6.0,In Person,2024
1361,INTR3002,Global Governance in the Asia-Pacific,,Undergraduate,6.0,In Person,2024
1362,LAWS8582,Global Health Law,,Postgraduate,6.0,Online,2024
1363,CHMD8006,Global Health and Development,,Postgraduate,6.0,Online or In Person,2024
1364,PHIL2113,Global Justice,,Undergraduate,6.0,In Person,2024
1365,LAWS8001,"Global Law, Justice and Development",Spring Session,Postgraduate,6.0,Online or In Person,2024
1366,ASIA8097,Global Learning,First Semester/Winter Session,Postgraduate,6.0,In Person,2024
1367,ASIA2097,Global Learning,Winter Session/Second Semester,Undergraduate,6.0,In Person,2024
1368,FREN3012,"Global Paris: Culture, History and Identity in the French Capital",,Undergraduate,6.0,In Person,2024
1369,POPH8102,Global Population Health,Second Semester,Postgraduate,6.0,Online or In Person,2024
1370,INTR8032,Global Security,First Semester/Winter Session,Postgraduate,6.0,Online or In Person,2024
1371,ASIA5925,Global Semester,First Semester/Second Semester,Undergraduate,6.0,In Person,2024
1372,POGO8044,Global Social Policy,Summer Session,Postgraduate,6.0,In Person,2024
1373,HUMN6004,"Global Vietnam: Gender, Labour and Migration",,Postgraduate,6.0,In Person,2024
1374,HUMN2004,"Global Vietnam: Gender, Labour and Migration",,Undergraduate,6.0,In Person,2024
1375,ANTH8107,Global governance and the role of Multilateral Development Banks,,Postgraduate,6.0,Online or In Person,2024
1376,DEMO1001,Global population challenges,First Semester,Undergraduate,6.0,In Person,2024
1377,INTR8043,Globalisation and Development in the Contemporary Pacific,First Semester,Postgraduate,6.0,Online or In Person,2024
1378,POLS4032,Globalisation: the Interaction of Economics and Politics,,Undergraduate,6.0,In Person,2024
1379,POLS8032,Globalisation: the Interaction of Economics and Politics,,Postgraduate,6.0,In Person,2024
1380,GEND2034,"Going Public: Sex, Sexuality and Feminism",,Undergraduate,6.0,In Person,2024
1381,GEND6034,"Going Public: Sex, Sexuality and Feminism",,Postgraduate,6.0,In Person,2024
1382,REGN8002,Governance and Social Theory,Autumn Session,Postgraduate,6.0,Online or In Person,2024
1383,REGN9053,Governance and Social Theory,Autumn Session,Postgraduate,6.0,Online or In Person,2024
1384,REGN8022,Governance in a Complex and Uncertain World,,Postgraduate,6.0,Online or In Person,2024
1385,REGN8018,Governing Consumptogenic Systems,Winter Session,Postgraduate,3.0,Online or In Person,2024
1386,POGO8504,Governing Contemporary Public Policy,,Postgraduate,6.0,In Person,2024
1387,REGN8023,Governing Global Migration,First Semester,Postgraduate,6.0,Online or In Person,2024
1388,POGO8066,Governing by the Rules,Autumn Session,Postgraduate,6.0,In Person,2024
1389,POGO8212,Governing the Energy Transition,Winter Session,Postgraduate,6.0,Online or In Person,2024
1390,LAWS8220,Government Contracts,Winter Session,Postgraduate,6.0,Online or In Person,2024
1391,MGMT7067,Government Decision Making and Indigenous Communities in Contemporary Society,Summer Session,Postgraduate,6.0,Online or In Person,2024
1392,POGO8064,Government in a Market Economy,Winter Session,Postgraduate,6.0,In Person,2024
1393,CRWF8000,"Government, Markets and Global Change",First Semester,Postgraduate,6.0,Online or In Person,2024
1394,CRWF7900,Graduate Academic and Research Skills for Public Policy,Summer Session/Winter Session,Postgraduate,0.0,Online or In Person,2024
1395,MUSI8005,"Graduate Composition, Arranging, and Sound Design 2",,Postgraduate,12.0,In Person,2024
1396,MUSI8006,"Graduate Composition, Arranging, and Sound Design 3",,Postgraduate,12.0,In Person,2024
1397,EMET4316,Graduate Computational Economics,,Undergraduate,6.0,In Person,2024
1398,EMET8016,Graduate Computational Economics,,Postgraduate,6.0,In Person,2024
1399,IDEC7904,Graduate Preparatory Econometrics,Summer Session/Winter Session,Postgraduate,0.0,Online or In Person,2024
1400,CRWF7902,Graduate Preparatory Economics for Public Policy,Summer Session/Winter Session,Postgraduate,0.0,Online or In Person,2024
1401,EMDV7901,"Graduate Preparatory Environment, Development and Climate Studies",Summer Session/Winter Session,Postgraduate,0.0,Online or In Person,2024
1402,EMDV7902,Graduate Preparatory Environmental Economics,,Postgraduate,0.0,In Person,2024
1403,IDEC7902,Graduate Preparatory Mathematical Methods,Summer Session/Winter Session,Postgraduate,0.0,Online or In Person,2024
1404,POGO7901,"Graduate Preparatory Social, Political and Policy Analysis",Summer Session/Winter Session,Postgraduate,0.0,Online or In Person,2024
1405,LING8001,Graduate Reading Course (Linguistics),First Semester/Second Semester,Postgraduate,6.0,Online or In Person,2024
1406,ARCH8038,Graduate Reading Course in Archaeological Science,Summer Session/First Semester/Autumn Session/Winter Session/Second Semester/Spring Session,Postgraduate,6.0,Online or In Person,2024
1407,LAWS8301,Graduate Research Unit,First Semester/Second Semester,Postgraduate,12.0,In Person,2024
1408,LING2003,Grammar of the World's Languages,Second Semester,Undergraduate,6.0,In Person,2024
1409,LING6003,Grammar of the World's Languages,Second Semester,Postgraduate,6.0,In Person,2024
1410,STAT4026,Graphical Data Analysis,First Semester/Second Semester,Undergraduate,6.0,In Person,2024
1411,STAT6026,Graphical Data Analysis,First Semester/Autumn Session/Second Semester,Postgraduate,6.0,In Person,2024
1412,STAT3011,Graphical Data Analysis,Second Semester,Undergraduate,6.0,In Person,2024
1413,ENGL6222,"Great Writers: Gender, Authorship and History",Second Semester,Postgraduate,6.0,In Person,2024
1414,ENGL2222,"Great Writers: Gender, Authorship and History",Second Semester,Undergraduate,6.0,In Person,2024
1415,ENGN4547,Grid Integration of Renewable and Storage Technologies,Second Semester,Undergraduate,6.0,In Person,2024
1416,ENGN8170,Group Project,First Semester/Second Semester,Postgraduate,12.0,In Person,2024
1417,VCPG6100,Group Research and Innovation Project (GRIP),,Postgraduate,6.0,In Person,2024
1418,VCUG3100,Group Research and Innovation Project (GRIP),Second Semester,Undergraduate,6.0,In Person,2024
1419,BIOL3108,Hallmarks of Cancer,Second Semester,Undergraduate,6.0,In Person,2024
1420,BIOL6108,Hallmarks of Cancer,Second Semester,Postgraduate,6.0,In Person,2024
1421,ARTV6057,Hands On: Material Language,,Postgraduate,6.0,Online or In Person,2024
1422,DIPL8010,Harnessing Diplomacy for International Development,,Postgraduate,6.0,In Person,2024
1423,ECON3004,Health Economics,Second Semester,Undergraduate,6.0,In Person,2024
1424,ECON6039,Health Economics,Second Semester,Postgraduate,6.0,In Person,2024
1425,SOCY8006,Health Inequalities,First Semester,Postgraduate,6.0,Online or In Person,2024
1426,LAWS4219,"Health Law, Bioethics and Human Rights",Second Semester,Undergraduate,6.0,In Person,2024
1427,LAWS8237,"Health Law, Bioethics and Human Rights",Second Semester,Postgraduate,6.0,Online or In Person,2024
1428,SCOM3033,Health Promotion Principles and Practice,Second Semester,Undergraduate,6.0,In Person,2024
1429,POPH6115,Health Promotion and Protection,Second Semester,Postgraduate,6.0,Online or In Person,2024
1430,PSYC3020,Health Psychology,Second Semester,Undergraduate,6.0,In Person,2024
1431,HLTH2001,Health Systems and Policy: An Introduction,First Semester,Undergraduate,6.0,In Person,2024
1432,BIOL8021,Health and Disease in a Changing World,First Semester,Postgraduate,6.0,Online,2024
1433,HLMD9001,Health and Medicine Higher Degree by Research Internship,Summer Session/First Semester/Autumn Session/Winter Session/Second Semester/Spring Session,Postgraduate,3.0,In Person,2024
1434,HLTH4001,Health and Medicine Honours,First Semester/Second Semester,Undergraduate,6.0,In Person,2024
1435,HLMD2000,Health and Medicine Internship,Winter Session/Second Semester/Spring Session,Undergraduate,6.0,In Person,2024
1436,HLMD3000,Health and Medicine Internship,Winter Session/Second Semester/Spring Session,Undergraduate,6.0,In Person,2024
1437,HLMD8000,Health and Medicine Internship,Winter Session/Second Semester/Spring Session,Postgraduate,6.0,In Person,2024
1438,HLMD2021,Health and Medicine Research Project,First Semester/Autumn Session/Winter Session/Second Semester/Spring Session,Undergraduate,6.0,In Person,2024
1439,HLMD8021,Health and Medicine Research Project,First Semester/Autumn Session/Winter Session/Second Semester/Spring Session,Postgraduate,6.0,In Person,2024
1440,HLMD3021,Health and Medicine Research Project,First Semester/Autumn Session/Winter Session/Second Semester/Spring Session,Undergraduate,6.0,In Person,2024
1441,HLTH1001,Health in the 21st Century,First Semester,Undergraduate,6.0,In Person,2024
1442,HUMN8033,Heritage Tourism and Sustainable Development,Autumn Session,Postgraduate,6.0,In Person,2024
1443,HUMN8040,Heritage and Tourism Field School,,Postgraduate,6.0,In Person,2024
1444,COMP3320,High Performance Scientific Computation,Second Semester,Undergraduate,6.0,In Person,2024
1445,COMP6464,High Performance Scientific Computing,Second Semester,Postgraduate,6.0,In Person,2024
1446,MGMT8061,High Performance Teams,First Semester,Postgraduate,6.0,In Person,2024
1447,HIND1100,Hindi 1,First Semester,Undergraduate,6.0,Online or In Person,2024
1448,HIND1200,Hindi 2,Second Semester,Undergraduate,6.0,Online or In Person,2024
1449,HIND2300,Hindi 3,First Semester,Undergraduate,6.0,Online or In Person,2024
1450,HIND2400,Hindi 4,Second Semester,Undergraduate,6.0,Online or In Person,2024
1451,HIND3500,Hindi 5,First Semester,Undergraduate,6.0,Online or In Person,2024
1452,HIND3600,Hindi 6,Second Semester,Undergraduate,6.0,Online or In Person,2024
1453,NSPO8028,History for Policymakers,,Postgraduate,6.0,In Person,2024
1454,ANTH4011,History of Anthropological Theory Extended,Autumn Session,Undergraduate,12.0,In Person,2024
1455,ANTH8035,History of Anthropological Theory Extended,,Postgraduate,12.0,In Person,2024
1456,ARCH3026,History of Archaeology: Discovering the Past,Second Semester,Undergraduate,6.0,In Person,2024
1457,ASIA2307,History of Empire in Asia,First Semester,Undergraduate,6.0,Online or In Person,2024
1458,ASIA2017,History of International Relations in Northeast Asia,First Semester,Undergraduate,6.0,Online or In Person,2024
1459,ASIA2037,History of Modern China,First Semester,Undergraduate,6.0,In Person,2024
1460,ASIA6037,History of Modern China,First Semester,Postgraduate,6.0,In Person,2024
1461,SPAN2603,History of the Spanish language. A linguistic time travel,,Undergraduate,6.0,In Person,2024
1462,ASIA3030,History of the State System in Southeast Asia,First Semester,Undergraduate,6.0,In Person,2024
1463,ASIA6030,History of the State System in Southeast Asia,First Semester,Postgraduate,6.0,Online or In Person,2024
1464,ARTV1033,Hold Everything: Studio Foundation,,Undergraduate,6.0,Online or In Person,2024
1465,STST3003,Honeypots and Overcoats: Australian Intelligence in the World,First Semester,Undergraduate,6.0,In Person,2024
1466,PHYS4110,Honours Research Project,First Semester/Second Semester,Undergraduate,6.0,In Person,2024
1467,ENVS4001,Honours Research Skills,First Semester/Second Semester,Undergraduate,6.0,In Person,2024
1468,PHIL4010,Honours Seminar in Philosophy,Second Semester,Undergraduate,6.0,In Person,2024
1469,ENVS4000,Honours Thesis,First Semester/Second Semester,Undergraduate,6.0,In Person,2024
1470,NSPO8047,How Canberra works: a guide for security policymakers,Autumn Session,Postgraduate,3.0,In Person,2024
1471,PASI8301,How Papua New Guinea Works,Spring Session,Postgraduate,3.0,Online or In Person,2024
1472,MEDN3186,Human Anatomy,First Semester,Undergraduate,6.0,In Person,2024
1473,BIOL1008,Human Biology,First Semester,Undergraduate,6.0,In Person,2024
1474,ENVS2011,Human Ecology,First Semester,Undergraduate,6.0,In Person,2024
1475,ENVS6020,Human Ecology,First Semester,Postgraduate,6.0,In Person,2024
1476,BIAN3113,Human Evolution,First Semester,Undergraduate,6.0,In Person,2024
1477,BIAN6013,Human Evolution,First Semester,Postgraduate,6.0,In Person,2024
1478,POPH8318,"Human Health, Environment and Climate Change",First Semester,Postgraduate,6.0,Online or In Person,2024
1479,ASIA2301,Human Migration and Expansion in the Rise of the Asia-Pacific,First Semester,Undergraduate,6.0,Online or In Person,2024
1480,SOCR8015,Human Research Ethics & Integrity: Principles & Practice,,Postgraduate,6.0,In Person,2024
1481,MGMT2030,Human Resource Management and Strategy,First Semester,Undergraduate,6.0,In Person,2024
1482,POLS2113,Human Rights,Winter Session,Undergraduate,6.0,In Person,2024
1483,LAWS8420,Human Rights Law in Australia,,Postgraduate,6.0,In Person,2024
1484,LAWS4220,Human Rights Law in Australia,,Undergraduate,6.0,Online or In Person,2024
1485,ASIA2081,Human Rights in Asia,,Undergraduate,6.0,In Person,2024
1486,INTR2047,"Human Security: Conflict, Displacement and Peace Building",,Undergraduate,6.0,Online or In Person,2024
1487,BIAN6517,Human Skeletal Analysis,First Semester,Postgraduate,6.0,In Person,2024
1488,BIAN2015,Human Skeletal Analysis,First Semester,Undergraduate,6.0,In Person,2024
1489,COMP6390,Human-Computer Interaction,Second Semester,Postgraduate,6.0,In Person,2024
1490,COMP3900,Human-Computer Interaction,Second Semester,Undergraduate,6.0,In Person,2024
1491,INTR8062,Humanitarianism in World Politics,Second Semester,Postgraduate,6.0,In Person,2024
1492,BAPA3001,"Humanitarianism: Principles, Politics and Practice",Autumn Session,Undergraduate,6.0,Online or In Person,2024
1493,INTR3001,"Humanitarianism: Principles, Politics and Practice",First Semester,Undergraduate,6.0,In Person,2024
1494,PHYS6010,Hydrogen Economy,,Postgraduate,6.0,In Person,2024
1495,PHYS3010,Hydrogen Economy,,Undergraduate,6.0,In Person,2024
1496,POLS2119,Ideas in Politics,First Semester,Undergraduate,6.0,In Person,2024
1497,ENGL2111,Imaginary Journeys: Writing Travel in Australian Literature and Film,Summer Session,Undergraduate,6.0,In Person,2024
1498,ENGL6111,Imaginary Journeys: Writing Travel in Australian Literature and Film,Summer Session,Postgraduate,6.0,In Person,2024
1499,ENGL1200,Imagined Worlds,Second Semester,Undergraduate,6.0,In Person,2024
1500,SOCY2053,Imagining the Future: A Sociology of Utopias,,Undergraduate,6.0,In Person,2024
1501,ARTV2059,Immersive Media,Second Semester,Undergraduate,6.0,In Person,2024
1502,ARTV6059,Immersive Media,,Postgraduate,6.0,In Person,2024
1503,EMDV8103,Impact Assessment and Evaluation for Environmental and Development Projects,Second Semester,Postgraduate,6.0,Online or In Person,2024
1504,LAWS4221,Income Tax,Second Semester,Undergraduate,6.0,Online or In Person,2024
1505,LAWS8421,Income Tax,Winter Session,Postgraduate,6.0,Online or In Person,2024
1506,ENVS3100,Independent Research Project,Summer Session/First Semester/Autumn Session/Winter Session/Second Semester/Spring Session,Undergraduate,6.0,In Person,2024
1507,ENVS8100,Independent Research Project,Summer Session/First Semester/Autumn Session/Winter Session/Second Semester/Spring Session,Postgraduate,6.0,In Person,2024
1508,ASIA2270,India Past and Present: The impact of pre-colonial history on India today,,Undergraduate,6.0,In Person,2024
1509,ASIA6270,India Past and Present: The impact of pre-colonial history on India today,,Postgraduate,6.0,Online or In Person,2024
1510,ASIA6176,India's Culture Wars,,Postgraduate,6.0,Online or In Person,2024
1511,ASIA2116,India’s Culture Wars,,Undergraduate,6.0,Online or In Person,2024
1512,MUSC8006,Indigenous Collections and Exhibitions,Spring Session,Postgraduate,6.0,In Person,2024
1513,LAWS4278,Indigenous Community Legal Clinic,First Semester/Second Semester,Undergraduate,6.0,In Person,2024
1514,LAWS6278,Indigenous Community Legal Clinic,First Semester/Second Semester,Postgraduate,6.0,In Person,2024
1515,INDG2001,Indigenous Cultural and Natural Resource Management,First Semester,Undergraduate,6.0,In Person,2024
1516,ENVS2025,Indigenous Cultural and Natural Resource Management,First Semester,Undergraduate,6.0,In Person,2024
1517,DIPL8019,Indigenous Diplomacy and Sovereignty ,Second Semester,Postgraduate,6.0,In Person,2024
1518,HUMN8039,Indigenous Heritage Management and Debates in Digital Heritage,,Postgraduate,6.0,In Person,2024
1519,CHMD8021,"Indigenous Medicines, Health and Healing",,Postgraduate,6.0,Online or In Person,2024
1520,INDG8002,Indigenous Peoples and Development in Australia (Extended),Second Semester,Postgraduate,12.0,Online or In Person,2024
1521,INDG8001,Indigenous Peoples and Development in Australia: principles and practices for Indigenous-led change,Second Semester,Postgraduate,6.0,Online or In Person,2024
1522,LAWS4238,Indigenous Peoples and the Law,Second Semester,Undergraduate,6.0,In Person,2024
1523,LAWS8438,Indigenous Peoples and the Law,,Postgraduate,6.0,Online or In Person,2024
1524,HIST2142,"Indigenous memory and history: On page, stage and screen",,Undergraduate,6.0,Online or In Person,2024
1525,COMP8755,Individual Computing Project,First Semester/Second Semester,Postgraduate,6.0,In Person,2024
1526,ENGN4200,Individual Project,First Semester/Second Semester,Undergraduate,6.0,In Person,2024
1527,COMP3740,Individual Project,First Semester/Second Semester,Undergraduate,6.0,In Person,2024
1528,ENGN4350,Individual Project,First Semester/Second Semester,Undergraduate,6.0,In Person,2024
1529,ANTH6065,Indonesia Field School : Contemporary Change in Indonesia,,Postgraduate,6.0,In Person,2024
1530,ANTH6066,Indonesia Field School Extension,,Postgraduate,6.0,In Person,2024
1531,ANTH3016,Indonesia Field School Extension,,Undergraduate,6.0,Online or In Person,2024
1532,ANTH3014,Indonesia Field School: Contemporary Change in Indonesia,,Undergraduate,6.0,In Person,2024
1533,ASIA3035,"Indonesia in the Malay World: Culture, Media and Everyday Life",,Undergraduate,6.0,Online or In Person,2024
1534,ASIA2516,"Indonesia: Politics, Society and Development",Second Semester,Undergraduate,6.0,In Person,2024
1535,ASIA6516,"Indonesia:Politics, Society and Development",Second Semester,Postgraduate,6.0,In Person,2024
1536,INDN1002,Indonesian 1,First Semester,Undergraduate,6.0,Online or In Person,2024
1537,INDN1003,Indonesian 2,Second Semester,Undergraduate,6.0,Online or In Person,2024
1538,INDN2002,Indonesian 3,First Semester,Undergraduate,6.0,Online or In Person,2024
1539,INDN2003,Indonesian 4,Second Semester,Undergraduate,6.0,Online or In Person,2024
1540,INDN3002,Indonesian 5,First Semester,Undergraduate,6.0,Online or In Person,2024
1541,INDN3003,Indonesian 6,Second Semester,Undergraduate,6.0,Online or In Person,2024
1542,ASIA2111,Indonesian Foreign and Security Policy,First Semester,Undergraduate,6.0,Online or In Person,2024
1543,LING2110,Indonesian and Interdisciplinary Linguistics,,Undergraduate,6.0,Online or In Person,2024
1544,LING2111,Indonesian and Interdisciplinary Linguistics (L),,Undergraduate,6.0,Online or In Person,2024
1545,INDN3015,Indonesian in Contemporary Society,Second Semester,Undergraduate,6.0,In Person,2024
1546,ENGN8833,Industrial Energy Efficiency and Decarbonisation,First Semester,Postgraduate,6.0,In Person,2024
1547,COMP4800,Industrial Experience,First Semester/Second Semester,Undergraduate,0.0,In Person,2024
1548,ECON3057,Industrial Organisation,First Semester,Undergraduate,6.0,In Person,2024
1549,ECON4438,Industrial Organisation,First Semester,Undergraduate,6.0,In Person,2024
1550,ECON8038,Industrial Organisation,First Semester,Postgraduate,6.0,In Person,2024
1551,PSYC3028,Industrial and Organisational Psychology,,Undergraduate,6.0,In Person,2024
1552,INFS8202,Industry Research Project,First Semester/Second Semester,Postgraduate,6.0,In Person,2024
1553,BIOL3141,Infection and Immunity,First Semester,Undergraduate,6.0,In Person,2024
1554,BIOL6141,Infection and Immunity,First Semester,Postgraduate,6.0,In Person,2024
1555,LAWS4283,Information Law,,Undergraduate,6.0,Online or In Person,2024
1556,INFS2024,Information Systems Analysis,First Semester,Undergraduate,6.0,In Person,2024
1557,INFS3024,Information Systems Management,First Semester,Undergraduate,6.0,In Person,2024
1558,LAWS4245,Information Technology Law,First Semester,Undergraduate,6.0,In Person,2024
1559,LAWS8445,Information Technology Law,First Semester,Postgraduate,6.0,Online,2024
1560,ENGN8534,Information Theory,,Postgraduate,6.0,In Person,2024
1561,COMP6261,Information Theory,Second Semester,Postgraduate,6.0,In Person,2024
1562,COMP2610,Information Theory,Second Semester,Undergraduate,6.0,In Person,2024
1563,ENGN4903,Infrastructure System Design,Second Semester,Undergraduate,6.0,In Person,2024
1564,MGMT7165,Innovation,First Semester,Postgraduate,6.0,In Person,2024
1565,MGMT7251,Innovation in Emerging Markets,,Postgraduate,6.0,In Person,2024
1566,ARTV6822,"Installation, Sculptural, and Documentary Approaches to Memory, Counter-Memory, and the Monumental",,Postgraduate,6.0,In Person,2024
1567,ARTV2802,"Installation, Sculptural, and Documentary Approaches to Memory, Counter-Memory, and the Monumental",,Undergraduate,6.0,In Person,2024
1568,MKTG3033,Integrated Marketing Communications,Second Semester,Undergraduate,6.0,In Person,2024
1569,ENGN8831,Integration of Renewable Energy into Power Systems and Microgrids,First Semester,Postgraduate,6.0,In Person,2024
1570,LAWS4222,Intellectual Property,Summer Session,Undergraduate,6.0,Online or In Person,2024
1571,LAWS8422,Intellectual Property,Summer Session,Postgraduate,6.0,Online or In Person,2024
1572,STST8021,Intelligence and Security,Winter Session,Postgraduate,6.0,In Person,2024
1573,INFS8008,"Intelligent Business Analysis: Models, Processes and Techniques",Second Semester,Postgraduate,6.0,In Person,2024
1574,HUMN9001,"Interdisciplinary Humanities Research: Methods, Theories and Skills",,Postgraduate,6.0,In Person,2024
1575,HUMN9002,"Interdisciplinary Research: Frameworks, Connections and Dissemination",,Postgraduate,6.0,In Person,2024
1576,POLS8046,"Interest Groups, Advocacy and Public Policy",,Postgraduate,6.0,In Person,2024
1577,ARTV2057,Intermedia: Combining Studio Processes and Methodologies ,,Undergraduate,6.0,In Person,2024
1578,GREK2121,Intermediate Ancient Greek I,First Semester,Undergraduate,6.0,In Person,2024
1579,GREK2122,Intermediate Ancient Greek II,Second Semester,Undergraduate,6.0,In Person,2024
1580,ARAB2011,Intermediate Arabic 1,First Semester,Undergraduate,6.0,Online or In Person,2024
1581,ARAB2012,Intermediate Arabic 2,Second Semester,Undergraduate,6.0,Online or In Person,2024
1582,FREN3006,Intermediate French I,First Semester,Undergraduate,6.0,In Person,2024
1583,FREN3007,Intermediate French II,Second Semester,Undergraduate,6.0,In Person,2024
1584,LATN2121,Intermediate Latin I,First Semester,Undergraduate,6.0,In Person,2024
1585,LATN2122,Intermediate Latin II,Second Semester,Undergraduate,6.0,In Person,2024
1586,PERS2003,Intermediate Persian A,First Semester,Undergraduate,6.0,Online,2024
1587,PERS2004,Intermediate Persian B,Second Semester,Undergraduate,6.0,Online,2024
1588,SPAN3001,Intermediate Spanish I,First Semester,Undergraduate,6.0,In Person,2024
1589,SPAN3012,Intermediate Spanish II ,Second Semester,Undergraduate,6.0,In Person,2024
1590,TURK2001,Intermediate Turkish A,First Semester,Undergraduate,6.0,Online,2024
1591,TURK2002,Intermediate Turkish B,Second Semester,Undergraduate,6.0,Online,2024
1592,POGO8098,International Aid Programs and Politics,Second Semester,Postgraduate,6.0,Online or In Person,2024
1593,LAWS4266,International Arbitration and Negotiation Moot Competition in Japan,Spring Session,Undergraduate,6.0,In Person,2024
1594,ARCH2059,International Archaeological Field School,,Undergraduate,6.0,In Person,2024
1595,ARCH2060,International Archaeological Field School Extension,,Undergraduate,6.0,In Person,2024
1596,LAWS8585,International Aviation Law,,Postgraduate,6.0,Online or In Person,2024
1597,BUSI2025,International Business,First Semester/Second Semester,Undergraduate,6.0,In Person,2024
1598,BUSI4500,International Business Honours Thesis,First Semester/Second Semester,Undergraduate,6.0,In Person,2024
1599,BUSI7033,International Business Strategies,First Semester,Postgraduate,6.0,Online or In Person,2024
1600,EMDV8080,International Climate Change Policy and Economics,Second Semester,Postgraduate,6.0,Online or In Person,2024
1601,LAWS8418,International Commercial Arbitration,Spring Session,Postgraduate,6.0,Online,2024
1602,LAWS8566,International Criminal Law,Autumn Session,Postgraduate,6.0,Online or In Person,2024
1603,LAWS4223,International Dispute Resolution,,Undergraduate,6.0,Online or In Person,2024
1604,LAWS8567,International Dispute Resolution,,Postgraduate,6.0,Online or In Person,2024
1605,ECON4415,International Economics,,Undergraduate,6.0,In Person,2024
1606,ECON8015,International Economics,,Postgraduate,6.0,In Person,2024
1607,ECON3103,International Economics,,Undergraduate,6.0,In Person,2024
1608,ENVS6033,International Environmental Policy,Summer Session,Postgraduate,6.0,In Person,2024
1609,ENVS3033,International Environmental Policy,Summer Session,Undergraduate,6.0,In Person,2024
1610,ASIA8049,International History from Asia and the Pacific: Framing Critical Perspectives,,Postgraduate,6.0,Online or In Person,2024
1611,MGMT3025,International Human Resource Management,Second Semester,Undergraduate,6.0,In Person,2024
1612,LAWS8268,International Humanitarian Law,First Semester,Postgraduate,6.0,Online,2024
1613,INDG8006,International Indigenous Studies Research Project,First Semester,Postgraduate,6.0,In Person,2024
1614,LAWS8177,International Internship,,Postgraduate,24.0,In Person,2024
1615,LAWS4306,International Investment Treaty Law and Arbitration,Summer Session,Undergraduate,6.0,Online or In Person,2024
1616,LAWS8336,International Investment Treaty Law and Arbitration,Summer Session,Postgraduate,6.0,Online or In Person,2024
1617,LAWS2250,International Law,Second Semester,Undergraduate,6.0,In Person,2024
1618,LAWS6250,International Law,Second Semester,Postgraduate,6.0,Online or In Person,2024
1619,LAWS4302,International Law Clinic,First Semester/Second Semester,Undergraduate,6.0,In Person,2024
1620,LAWS6302,International Law Clinic,First Semester/Second Semester,Postgraduate,6.0,In Person,2024
1621,LAWS8297,International Law and Australian Government,Autumn Session,Postgraduate,6.0,Online or In Person,2024
1622,LAWS8178,International Law and Use of Force,Summer Session,Postgraduate,6.0,Online,2024
1623,LAWS4225,International Law of Human Rights,,Undergraduate,6.0,Online or In Person,2024
1624,LAWS8264,International Law of the Environment,Summer Session,Postgraduate,6.0,Online or In Person,2024
1625,LAWS4364,International Law of the Environment,,Undergraduate,6.0,Online or In Person,2024
1626,LAWS4224,International Law of the Sea,First Semester,Undergraduate,6.0,Online or In Person,2024
1627,DEMO8047,International Migration,Second Semester,Postgraduate,6.0,In Person,2024
1628,ECON3021,International Monetary Economics,,Undergraduate,6.0,In Person,2024
1629,ECON8009,International Monetary Economics,,Postgraduate,6.0,In Person,2024
1630,LAWS8316,International Nuclear Energy Law,Winter Session,Postgraduate,6.0,Online or In Person,2024
1631,LAWS8458,International Organisations (Geneva),,Postgraduate,6.0,Online or In Person,2024
1632,LAWS4258,International Organisations (Geneva),,Undergraduate,6.0,Online or In Person,2024
1633,POLS2133,International Organisations in World Politics,First Semester,Undergraduate,6.0,Online or In Person,2024
1634,POGO8045,International Policy Making in the Shadow of the Future,First Semester,Postgraduate,6.0,In Person,2024
1635,INTR8013,International Political Economy,Second Semester,Postgraduate,6.0,In Person,2024
1636,LAWS8252,International Refugee Law,Spring Session,Postgraduate,6.0,Online or In Person,2024
1637,DIPL8015,International Relations Internship,Autumn Session/Winter Session/Second Semester/Spring Session,Postgraduate,6.0,Online or In Person,2024
1638,POLS3017,International Relations Theory,First Semester,Undergraduate,6.0,In Person,2024
1639,INTR8011,International Relations Theory,First Semester,Postgraduate,6.0,Online or In Person,2024
1640,POLS4013,International Relations Theory,First Semester,Undergraduate,6.0,In Person,2024
1641,INTR2010,International Relations in the Asia-Pacific,Second Semester,Undergraduate,6.0,In Person,2024
1642,INTR8022,International Relations in the Asia-Pacific,Second Semester,Postgraduate,6.0,Online or In Person,2024
1643,INTR8066,International Relations in the Information Age,First Semester,Postgraduate,6.0,Online or In Person,2024
1644,BUSI3020,International Strategic Management,First Semester,Undergraduate,6.0,In Person,2024
1645,BUSI3030,International Supply Chain Management,,Undergraduate,6.0,In Person,2024
1646,POLS3036,International Terrorism,Second Semester,Undergraduate,6.0,In Person,2024
1647,LAWS8229,International Trade Law,Summer Session,Postgraduate,6.0,Online or In Person,2024
1648,LAWS4226,International Trade Law,Summer Session,Undergraduate,6.0,Online or In Person,2024
1649,LAWS8234,International and Comparative Human Rights Law,,Postgraduate,6.0,Online or In Person,2024
1650,MUSC8004,Internship 1,First Semester/Second Semester,Postgraduate,6.0,In Person,2024
1651,MUSC8005,Internship 2,,Postgraduate,6.0,In Person,2024
1652,POLS8047,"Interpretation, Method, Critique: Interpretivist Methods in the Social Sciences",First Semester,Postgraduate,6.0,In Person,2024
1653,POLS4047,"Interpretation, Method, Critique: Interpretivist Methods in the Social Sciences",First Semester,Undergraduate,6.0,In Person,2024
1654,INTR8078,Interventions and Statebuilding: From Fragility to Resilience,First Semester,Postgraduate,6.0,Online or In Person,2024
1655,ASIA9021,Introduction to Academic Skills for HDR Research - Part A,Autumn Session,Postgraduate,3.0,In Person,2024
1656,ASIA9022,Introduction to Academic Skills for HDR Research - Part B,Spring Session,Postgraduate,3.0,In Person,2024
1657,ARTV1501,Introduction to Acrylic Painting,First Semester,Undergraduate,6.0,In Person,2024
1658,ARCH8032,Introduction to Archaeological and Evolutionary Science,First Semester,Postgraduate,12.0,In Person,2024
1659,ASIA1035,Introduction to Asian Politics,First Semester,Undergraduate,6.0,Online or In Person,2024
1660,STAT3016,Introduction to Bayesian Data Analysis,Second Semester,Undergraduate,6.0,In Person,2024
1661,STAT6016,Introduction to Bayesian Data Analysis,Second Semester,Postgraduate,6.0,In Person,2024
1662,STAT4116,Introduction to Bayesian Data Analysis,Second Semester,Undergraduate,6.0,In Person,2024
1663,BUSN1101,Introduction to Commercial Law,Second Semester,Undergraduate,6.0,In Person,2024
1664,CRIM2014,Introduction to Crime Science,Spring Session,Undergraduate,6.0,In Person,2024
1665,HUMN2051,Introduction to Cultural Heritage Management,,Undergraduate,6.0,In Person,2024
1666,HUMN6051,Introduction to Cultural Heritage Management,Winter Session,Postgraduate,6.0,In Person,2024
1667,COMP6420,"Introduction to Data Management, Analysis and Security",,Postgraduate,6.0,In Person,2024
1668,COMP2420,"Introduction to Data Management, Analysis and Security",,Undergraduate,6.0,Online or In Person,2024
1669,COMP7240,Introduction to Database Concepts,,Postgraduate,6.0,In Person,2024
1670,HUMN2001,"Introduction to Digital Humanities and Public Culture -Tools, Theories and Methods",Winter Session,Undergraduate,6.0,In Person,2024
1671,HUMN6001,"Introduction to Digital Humanities and Public Culture, Theories and Methods",Winter Session,Postgraduate,6.0,In Person,2024
1672,ENGN1218,Introduction to Electronics,Second Semester,Undergraduate,6.0,In Person,2024
1673,ARCH2041,Introduction to Environmental Archaeology,,Undergraduate,6.0,In Person,2024
1674,ARCH6041,Introduction to Environmental Archaeology,,Postgraduate,6.0,In Person,2024
1675,ENVS1003,Introduction to Environmental and Social Research,First Semester,Undergraduate,6.0,In Person,2024
1676,ENVS6103,Introduction to Environmental and Social Research,First Semester,Postgraduate,6.0,In Person,2024
1677,ARTV1703,Introduction to Etching and  Monoprinting,,Undergraduate,6.0,In Person,2024
1678,PHIL1008,Introduction to Ethics,First Semester,Undergraduate,6.0,In Person,2024
1679,MUSI1113,Introduction to Ethnomusicology,First Semester,Undergraduate,6.0,In Person,2024
1680,PSYC2011,Introduction to Forensic and Criminal Psychology,Second Semester,Undergraduate,6.0,In Person,2024
1681,ARTV1301,Introduction to Glass Blowing,First Semester,Undergraduate,6.0,In Person,2024
1682,EMSC6122,Introduction to Global Geophysics,First Semester,Postgraduate,6.0,In Person,2024
1683,EMSC2022,Introduction to Global Geophysics,First Semester,Undergraduate,6.0,In Person,2024
1684,HLTH2002,"Introduction to Global Health: Issues, Theories and Practices",Second Semester,Undergraduate,6.0,In Person,2024
1685,ARTV1101,Introduction to Handformed Ceramics,First Semester,Undergraduate,6.0,In Person,2024
1686,POPH8103,Introduction to Health Services Research and Policy,First Semester,Postgraduate,6.0,Online or In Person,2024
1687,HUMN2000,Introduction to Heritage and Museum Studies,,Undergraduate,6.0,In Person,2024
1688,ANTH8056,Introduction to Humanitarian Action,First Semester,Postgraduate,6.0,Online or In Person,2024
1689,POLS1005,Introduction to International Relations Foundations and Concepts,Second Semester,Undergraduate,6.0,In Person,2024
1690,POLS1006,Introduction to International Relations:  Contemporary Global Issues,First Semester,Undergraduate,6.0,In Person,2024
1691,BAPA1004,Introduction to International Security Studies,Autumn Session,Undergraduate,6.0,In Person,2024
1692,STST1001,Introduction to International Security Studies,First Semester,Undergraduate,6.0,Online or In Person,2024
1693,CHEM8034,Introduction to Laboratory Work in Chemistry,Second Semester,Postgraduate,6.0,In Person,2024
1694,COMP3670,Introduction to Machine Learning,Second Semester,Undergraduate,6.0,In Person,2024
1695,COMP6670,Introduction to Machine Learning,Second Semester,Postgraduate,6.0,In Person,2024
1696,MKTG2004,Introduction to Marketing,First Semester/Second Semester,Undergraduate,6.0,In Person,2024
1697,MATH2222,Introduction to Mathematical Thinking: Problem-Solving and Proofs,First Semester,Undergraduate,6.0,In Person,2024
1698,MATH6222,Introduction to Mathematical Thinking: Problem-Solving and Proofs,First Semester,Postgraduate,6.0,In Person,2024
1699,ENGN1217,Introduction to Mechanics,Second Semester,Undergraduate,6.0,In Person,2024
1700,MUSI6110,Introduction to Music Technology,First Semester/Second Semester,Postgraduate,6.0,In Person,2024
1701,MUSI1110,Introduction to Music Technology,First Semester/Second Semester,Undergraduate,6.0,In Person,2024
1702,EMSC4706,Introduction to Natural Hazards,First Semester,Undergraduate,6.0,In Person,2024
1703,EMSC8706,Introduction to Natural Hazards,First Semester,Postgraduate,6.0,In Person,2024
1704,POLS1002,Introduction to Politics,First Semester,Undergraduate,6.0,In Person,2024
1705,POPH3000,Introduction to Population Health,Second Semester,Undergraduate,6.0,In Person,2024
1706,COMP7230,Introduction to Programming for Data Scientists,,Postgraduate,6.0,In Person,2024
1707,SOCY2043,Introduction to Qualitative Research Methods,Second Semester,Undergraduate,6.0,In Person,2024
1708,BIOL2001,Introduction to Quantitative Biology,First Semester,Undergraduate,6.0,In Person,2024
1709,BIOL6200,Introduction to Quantitative Biology,First Semester,Postgraduate,6.0,In Person,2024
1710,SOCY2038,Introduction to Quantitative Research Methods,First Semester,Undergraduate,6.0,In Person,2024
1711,ARTV1705,Introduction to Relief Printing,First Semester,Undergraduate,6.0,In Person,2024
1712,PASI9001,Introduction to Research in the Pacific: Methods and Research Design,Summer Session,Postgraduate,6.0,Online or In Person,2024
1713,RUSS1003,Introduction to Russian I,First Semester,Undergraduate,6.0,In Person,2024
1714,RUSS1004,Introduction to Russian II,Second Semester,Undergraduate,6.0,In Person,2024
1715,ARTV1704,Introduction to Screen Printing,Second Semester,Undergraduate,6.0,In Person,2024
1716,SCRN1001,Introduction to Screen Studies,First Semester,Undergraduate,6.0,In Person,2024
1717,SOCR8201,Introduction to Social Science Methods and Types of Data,First Semester/Spring Session,Postgraduate,6.0,Online or In Person,2024
1718,SPAN1001,Introduction to Spanish I,First Semester,Undergraduate,6.0,In Person,2024
1719,SPAN1002,Introduction to Spanish II,Second Semester,Undergraduate,6.0,Online or In Person,2024
1720,STAT2005,Introduction to Stochastic Processes,Second Semester,Undergraduate,6.0,In Person,2024
1721,STAT7004,Introduction to Stochastic Processes,Second Semester,Postgraduate,6.0,In Person,2024
1722,ENGN8100,Introduction to Systems Engineering,First Semester,Postgraduate,6.0,In Person,2024
1723,ARTV1902,"Introduction to Textiles: Pattern Methods, Making and Meaning",,Undergraduate,6.0,In Person,2024
1724,ARTV1102,Introduction to Wheelformed Ceramics ,Second Semester,Undergraduate,6.0,In Person,2024
1725,INDG2005,Introduction to an Australian Indigenous Language,Second Semester,Undergraduate,6.0,Online or In Person,2024
1726,MEAS1001,Introduction to the Modern Middle East,First Semester,Undergraduate,6.0,Online or In Person,2024
1727,LING1001,Introduction to the Study of Language,First Semester,Undergraduate,6.0,In Person,2024
1728,GREK1001,Introductory Ancient Greek,First Semester,Undergraduate,6.0,In Person,2024
1729,ARAB1003,Introductory Arabic 2,Second Semester,Undergraduate,6.0,Online or In Person,2024
1730,FREN1003,Introductory French I,First Semester,Undergraduate,6.0,In Person,2024
1731,FREN1004,Introductory French II,Second Semester,Undergraduate,6.0,In Person,2024
1732,LATN1001,Introductory Latin,First Semester,Undergraduate,6.0,In Person,2024
1733,STAT2001,Introductory Mathematical Statistics,First Semester/Second Semester,Undergraduate,6.0,In Person,2024
1734,STAT2013,Introductory Mathematical Statistics for Actuarial Studies,First Semester/Second Semester,Undergraduate,6.0,In Person,2024
1735,PERS1001,Introductory Persian A,First Semester,Undergraduate,6.0,Online,2024
1736,PERS1002,Introductory Persian B,Second Semester,Undergraduate,6.0,Online,2024
1737,PORT1001,Introductory Portuguese I,,Undergraduate,6.0,Online,2024
1738,PORT1002,Introductory Portuguese II,,Undergraduate,6.0,Online,2024
1739,STAT7055,Introductory Statistics for Business and Finance,First Semester/Second Semester,Postgraduate,6.0,In Person,2024
1740,FINM2003,Investments,First Semester/Second Semester,Undergraduate,6.0,In Person,2024
1741,MEAS3004,Iran in World Politics,First Semester,Undergraduate,6.0,Online,2024
1742,MEAS6004,Iran in World Politics,First Semester,Postgraduate,6.0,Online,2024
1743,MEAS2000,Iranian History and Culture,Second Semester,Undergraduate,6.0,Online,2024
1744,MEAS8117,Islam in Central Asia,,Postgraduate,6.0,In Person,2024
1745,MEAS4117,Islam in Central Asia,,Undergraduate,6.0,In Person,2024
1746,ASIA6165,Islam in Southeast Asia,,Postgraduate,6.0,In Person,2024
1747,ASIA2165,Islam in Southeast Asia,,Undergraduate,6.0,In Person,2024
1748,MEAS4115,Islam in World Politics,Second Semester,Undergraduate,6.0,In Person,2024
1749,MEAS8115,Islam in World Politics,Second Semester,Postgraduate,6.0,In Person,2024
1750,MEAS1002,Islam: History and Institutions ,Second Semester,Undergraduate,6.0,In Person,2024
1751,IDEC8035,Islamic Economies in Practice,,Postgraduate,6.0,Online or In Person,2024
1752,MEAS8102,Islamic Radicalism,First Semester,Postgraduate,6.0,In Person,2024
1753,MEAS4102,Islamic Radicalism,First Semester,Undergraduate,6.0,In Person,2024
1754,ENVS2005,Island Sustainable Development: Fiji Field School,Winter Session,Undergraduate,6.0,In Person,2024
1755,ENVS6205,Island Sustainable Development: Fiji Field School,Winter Session,Postgraduate,6.0,In Person,2024
1756,INTR8071,Issues and Concepts in International Relations,First Semester/Second Semester,Postgraduate,6.0,Online or In Person,2024
1757,IDEC8030,Issues in Applied Macroeconomics,Second Semester,Postgraduate,6.0,Online or In Person,2024
1758,IDEC8029,Issues in Applied Microeconomics,First Semester,Postgraduate,6.0,Online or In Person,2024
1759,INTR8017,Issues in Australian Foreign Policy,,Postgraduate,6.0,Online,2024
1760,PSYC2595,Issues in Contemporary Clinical Psychology,,Undergraduate,6.0,In Person,2024
1761,ARTH6167,Issues in Contemporary Craft and Design,,Postgraduate,6.0,In Person,2024
1762,ARTH2167,Issues in Contemporary Craft and Design,First Semester,Undergraduate,6.0,In Person,2024
1763,IDEC8003,Issues in Development Policy,First Semester,Postgraduate,6.0,Online or In Person,2024
1764,POLS2094,Issues in International Political Economy,Second Semester,Undergraduate,6.0,Online or In Person,2024
1765,POGO8220,Issues in Japanese Policy,Winter Session,Postgraduate,6.0,In Person,2024
1766,ASIA3027,Issues in Japanese Policy in their global context,Winter Session,Undergraduate,6.0,In Person,2024
1767,MEAS8108,Issues of Development in the Middle East,,Postgraduate,6.0,In Person,2024
1768,ITAL2006,Italian Studies - Continuing 2,Second Semester,Undergraduate,6.0,In Person,2024
1769,ITAL3505,Italian Studies - Intermediate I,First Semester,Undergraduate,6.0,In Person,2024
1770,ITAL3506,Italian Studies - Intermediate II,Second Semester,Undergraduate,6.0,In Person,2024
1771,ITAL1003,Italian Studies - Introductory 2,Second Semester,Undergraduate,6.0,In Person,2024
1772,ITAL1002,Italian Studies - Introductory I,First Semester,Undergraduate,6.0,In Person,2024
1773,ITAL2005,Italian Studies Continuing 1,First Semester,Undergraduate,6.0,In Person,2024
1774,ITAL3020,Italy on Screen,,Undergraduate,6.0,In Person,2024
1775,GEND2022,Jane Austen History and Fiction,First Semester,Undergraduate,6.0,In Person,2024
1776,ENGL2022,Jane Austen History and Fiction,First Semester,Undergraduate,6.0,In Person,2024
1777,INTR8063,"Japan and the World: Politics, Identity and Security",,Postgraduate,6.0,In Person,2024
1778,JPNS3013,Japanese - English Translation,,Undergraduate,6.0,Online or In Person,2024
1779,JPNS1012,Japanese 1: Spoken,First Semester,Undergraduate,6.0,In Person,2024
1780,JPNS1014,Japanese 1: Written,First Semester,Undergraduate,6.0,Online or In Person,2024
1781,JPNS2003,Japanese 2: Spoken,Second Semester,Undergraduate,6.0,In Person,2024
1782,JPNS2005,Japanese 2: Written,Second Semester,Undergraduate,6.0,In Person,2024
1783,JPNS2012,Japanese 3,First Semester,Undergraduate,6.0,Online or In Person,2024
1784,JPNS2013,Japanese 4,Second Semester,Undergraduate,6.0,Online or In Person,2024
1785,JPNS3001,Japanese 5,First Semester,Undergraduate,6.0,In Person,2024
1786,JPNS3002,Japanese 6,Second Semester,Undergraduate,6.0,Online or In Person,2024
1787,ECON2108,Japanese Economy and Economic Policy,Second Semester,Undergraduate,6.0,In Person,2024
1788,INTR2018,Japanese Foreign and Security Policy,Second Semester,Undergraduate,6.0,In Person,2024
1789,JPNS2024,Japanese Grammar and Expressions,First Semester,Undergraduate,6.0,In Person,2024
1790,LAWS4227,Japanese Law and Society,,Undergraduate,6.0,In Person,2024
1791,LING2028,Japanese Linguistics,,Undergraduate,6.0,In Person,2024
1792,LING6028,Japanese Linguistics,,Postgraduate,6.0,In Person,2024
1793,ASIA2031,Japanese Politics,First Semester,Undergraduate,6.0,In Person,2024
1794,ASIA6031,Japanese Politics,First Semester,Postgraduate,6.0,In Person,2024
1795,ASIA2058,"Japanese Popular Culture: Manga, Anime, Film & the Visual Arts",,Undergraduate,6.0,Online or In Person,2024
1796,LAWS6010,Jessup Moot,Summer Session,Postgraduate,6.0,In Person,2024
1797,LAWS4010,Jessup Moot,Summer Session,Undergraduate,6.0,In Person,2024
1798,BUSN8200,Judgement and Decision Making Research in Accounting,First Semester,Postgraduate,6.0,In Person,2024
1799,LAWS4351,Judicial Reasoning,Second Semester,Undergraduate,6.0,Online or In Person,2024
1800,LAWS8141,Judicial Review of Government Action,,Postgraduate,6.0,Online or In Person,2024
1801,ANTH8007,Key Concepts in Anthropology of Development,Second Semester,Postgraduate,6.0,Online or In Person,2024
1802,INTR8052,Key Debates in Peace and Conflict Studies,First Semester,Postgraduate,6.0,Online or In Person,2024
1803,HIST4013,Key Issues in History,Second Semester,Undergraduate,12.0,In Person,2024
1804,INTR8088,Key Skills in Peace and Conflict Studies,,Postgraduate,6.0,In Person,2024
1805,LAWS4313,Kimberley Aboriginal Justice Clinic,,Undergraduate,6.0,In Person,2024
1806,LAWS6313,Kimberley Aboriginal Justice Clinic,,Postgraduate,6.0,In Person,2024
1807,POGO8241,Knowledge Systems and Public Policy,Summer Session,Postgraduate,3.0,Online or In Person,2024
1808,KORE1020,Korean 1,First Semester,Undergraduate,6.0,Online or In Person,2024
1809,KORE1021,Korean 2,Second Semester,Undergraduate,6.0,In Person,2024
1810,KORE2521,Korean 3,First Semester,Undergraduate,6.0,Online or In Person,2024
1811,KORE2522,Korean 4,Second Semester,Undergraduate,6.0,Online or In Person,2024
1812,KORE3012,Korean 5,First Semester,Undergraduate,6.0,Online or In Person,2024
1813,KORE3013,Korean 6,Second Semester,Undergraduate,6.0,In Person,2024
1814,LAWS4171,Kyoto Seminar: Japanese Law and Society,,Undergraduate,6.0,In Person,2024
1815,LAWS8171,Kyoto Seminar: Japanese Law and Society,,Postgraduate,6.0,In Person,2024
1816,ECON4441,Labour Economics & Industrial Relations,,Undergraduate,6.0,In Person,2024
1817,ECON6041,Labour Economics and Industrial Relations,First Semester,Postgraduate,6.0,In Person,2024
1818,ECON2009,Labour Economics and Industrial Relations,First Semester,Undergraduate,6.0,In Person,2024
1819,ECON8041,Labour Economics and Industrial Relations,,Postgraduate,6.0,In Person,2024
1820,LAWS4228,Labour Law,Second Semester,Undergraduate,6.0,In Person,2024
1821,LAWS8428,Labour Law,Second Semester,Postgraduate,6.0,Online or In Person,2024
1822,ANTH8047,Land Rights and Resource Development,,Postgraduate,6.0,Online or In Person,2024
1823,ENVS3004,Land and Catchment Management,,Undergraduate,6.0,In Person,2024
1824,ENVS6304,Land and Catchment Management,,Postgraduate,6.0,In Person,2024
1825,LAWS8280,"Land, Water and Biodiversity Law",,Postgraduate,6.0,Online or In Person,2024
1826,LING6005,Language Across Time,,Postgraduate,6.0,Online or In Person,2024
1827,LING2005,Language Across Time,,Undergraduate,6.0,Online or In Person,2024
1828,ASIA8051,Language and Power in Asia and the Pacific,Summer Session,Postgraduate,6.0,Online or In Person,2024
1829,LING6311,Language and Social Interaction,First Semester,Postgraduate,6.0,In Person,2024
1830,LING2106,Language and Social Interaction,First Semester,Undergraduate,6.0,In Person,2024
1831,LING8013,Language and Society,Second Semester,Postgraduate,6.0,Online or In Person,2024
1832,LING1002,Language and Society,Second Semester,Undergraduate,6.0,In Person,2024
1833,LING2016,Language and Society in Indigenous Australia,First Semester,Undergraduate,6.0,In Person,2024
1834,LING6016,Language and Society in Indigenous Australia,First Semester,Postgraduate,6.0,In Person,2024
1835,ASIA2001,Language in Asia and the Pacific,First Semester,Undergraduate,6.0,Online or In Person,2024
1836,ASIA2103,Language in Asia and the Pacific (L),First Semester,Undergraduate,6.0,Online or In Person,2024
1837,LING2029,"Language, Assessment and Policy",,Undergraduate,6.0,Online or In Person,2024
1838,LING6029,"Language, Assessment and Policy",,Postgraduate,6.0,Online or In Person,2024
1839,LING6015,"Language, Culture and Translation",,Postgraduate,6.0,In Person,2024
1840,LING2015,"Language, Culture, Translation",,Undergraduate,6.0,In Person,2024
1841,LING6018,Languages in Contact,Second Semester,Postgraduate,6.0,In Person,2024
1842,LING2018,Languages in Contact,Second Semester,Undergraduate,6.0,In Person,2024
1843,LAWS6700,Law Capstone Project,First Semester/Second Semester,Postgraduate,6.0,In Person,2024
1844,LAWS4430,Law Internship,Summer Session/First Semester/Winter Session/Second Semester,Undergraduate,6.0,In Person,2024
1845,LAWS8430,Law Internship,Summer Session/First Semester/Winter Session/Second Semester,Postgraduate,6.0,In Person,2024
1846,LAWS6230,Law Internship (Capstone),Summer Session/First Semester/Winter Session/Second Semester,Postgraduate,6.0,In Person,2024
1847,LAWS4230,Law Internship (Capstone),Summer Session/First Semester/Winter Session/Second Semester,Undergraduate,6.0,In Person,2024
1848,LAWS6011,Law Mooting and Advocacy,Summer Session,Postgraduate,6.0,In Person,2024
1849,LAWS4011,Law Mooting and Advocacy,Summer Session,Undergraduate,6.0,In Person,2024
1850,LAWS4700,Law Research Capstone Project,First Semester/Second Semester,Undergraduate,6.0,Online or In Person,2024
1851,LAWS4239,Law and Armed Conflict,,Undergraduate,6.0,In Person,2024
1852,LAWS4231,Law and Art: Representation and Critique,,Undergraduate,6.0,In Person,2024
1853,LAWS4301,Law and Development Clinic,Summer Session,Undergraduate,6.0,Online or In Person,2024
1854,LAWS6301,Law and Development Clinic,,Postgraduate,6.0,Online or In Person,2024
1855,LAWS4315,Law and Development in the Contemporary South Pacific,,Undergraduate,6.0,Online or In Person,2024
1856,LAWS8006,Law and Development in the Contemporary South Pacific,Summer Session,Postgraduate,6.0,Online or In Person,2024
1857,ECON4447,Law and Economics,,Undergraduate,6.0,In Person,2024
1858,LAWS8228,Law and Economics,,Postgraduate,6.0,In Person,2024
1859,ECON8047,Law and Economics,,Postgraduate,6.0,In Person,2024
1860,PASI8312,Law and Justice in the Pacific,,Postgraduate,3.0,Online or In Person,2024
1861,LAWS8586,Law and Legal Institutions,Summer Session/Winter Session,Postgraduate,6.0,Online or In Person,2024
1862,LAWS4279,Law and Politics of European Integration,,Undergraduate,6.0,Online or In Person,2024
1863,LAWS4260,Law and Psychology,First Semester,Undergraduate,6.0,In Person,2024
1864,LAWS8589,Law and Religion in Australia,,Postgraduate,6.0,Online,2024
1865,LAWS4321,Law and Social Movements ,Second Semester,Undergraduate,6.0,In Person,2024
1866,LAWS8594,Law and Society in South East Asia,,Postgraduate,6.0,Online or In Person,2024
1867,LAWS4229,Law and Society in South East Asia,,Undergraduate,6.0,In Person,2024
1868,LAWS4280,Law and the Humanities,Second Semester,Undergraduate,6.0,In Person,2024
1869,LAWS8480,Law and the Humanities,Second Semester,Postgraduate,6.0,In Person,2024
1870,BUSN2101,Law of Business Entities,First Semester,Undergraduate,6.0,In Person,2024
1871,LAWS8253,Law of The Sea,Autumn Session,Postgraduate,6.0,Online or In Person,2024
1872,LAWS8256,"Law, Gender Identities and Sexualities",,Postgraduate,6.0,In Person,2024
1873,LAWS4256,"Law, Gender Identities and Sexualities",,Undergraduate,6.0,In Person,2024
1874,LAWS4341,"Law, Markets and Justice",,Undergraduate,6.0,Online or In Person,2024
1875,LAWS4350,"Law, Work and Technology",,Undergraduate,6.0,Online or In Person,2024
1876,LAWS1202,Lawyers Justice and Ethics,Second Semester,Undergraduate,6.0,In Person,2024
1877,LAWS6102,"Lawyers, Justice and Ethics",Second Semester,Postgraduate,6.0,Online or In Person,2024
1878,MGMT3021,Leadership,First Semester,Undergraduate,6.0,In Person,2024
1879,DIPL2000,Leadership and Diplomacy,,Undergraduate,6.0,In Person,2024
1880,VCPG6003,Leadership and Influence in a Complex World,First Semester,Postgraduate,6.0,In Person,2024
1881,VCUG2002,Leadership and Influence in a Complex World,First Semester,Undergraduate,6.0,In Person,2024
1882,NSPO8012,"Leadership, Risk and National Security Crisis Management",First Semester,Postgraduate,6.0,In Person,2024
1883,MGMT8270,Leading People and Change,First Semester/Second Semester,Postgraduate,6.0,Online or In Person,2024
1884,POGO8067,Leading Public Sector Change,Summer Session,Postgraduate,6.0,In Person,2024
1885,POGO8505,Leading and Influencing Public Policy,,Postgraduate,6.0,In Person,2024
1886,MGMT8063,Leading for Social Impact,Second Semester,Postgraduate,6.0,In Person,2024
1887,CHIN2525,Learning Language Locally: China,Winter Session,Undergraduate,6.0,In Person,2024
1888,INDN2525,Learning Language Locally: Indonesia,Summer Session,Undergraduate,6.0,In Person,2024
1889,JPNS2525,Learning Language Locally: Japan,Summer Session,Undergraduate,6.0,In Person,2024
1890,KORE2525,Learning Language Locally: Korea,,Undergraduate,6.0,In Person,2024
1891,LAWS6307,Legal Education for True Justice: Indigenous Perspectives and Deep Listening on Country,Autumn Session,Postgraduate,6.0,Online or In Person,2024
1892,LAWS4307,Legal Education for True Justice: Indigenous Perspectives and Deep Listening on Country,Autumn Session,Undergraduate,6.0,Online or In Person,2024
1893,LAWS8587,Legal Framework of Regulation,,Postgraduate,6.0,Online or In Person,2024
1894,LAWS2248,Legal Research and Writing,Second Semester,Undergraduate,6.0,In Person,2024
1895,LAWS6249,Legal Theory,Second Semester,Postgraduate,6.0,Online or In Person,2024
1896,LAWS2249,Legal Theory,Second Semester,Undergraduate,6.0,In Person,2024
1897,LAWS8104,Legislation and Legislative Drafting,Winter Session,Postgraduate,6.0,Online,2024
1898,PHIL2289,"Leviathan, Art and Law: Constituting the Body Politic",,Undergraduate,6.0,In Person,2024
1899,LAWS4289,"Leviathan, Art, and Law: Constituting the Body Politic",,Undergraduate,6.0,Online or In Person,2024
1900,ASIA6145,"Lies, Conspiracies and Propaganda",,Postgraduate,6.0,In Person,2024
1901,ASIA2045,"Lies, Conspiracy and Propaganda",,Undergraduate,6.0,In Person,2024
1902,STAT3037,Life Contingencies,Second Semester,Undergraduate,6.0,In Person,2024
1903,STAT6043,Life Contingencies,Second Semester,Postgraduate,6.0,In Person,2024
1904,DEMO4092,Life Course Analytics,Second Semester,Undergraduate,6.0,In Person,2024
1905,DEMO8092,Life Course Analytics,Second Semester,Postgraduate,6.0,Online or In Person,2024
1906,POPH8918,Life Course Approaches to Human Ageing,,Postgraduate,6.0,Online or In Person,2024
1907,PHYS1004,Life Physics,Second Semester,Undergraduate,6.0,In Person,2024
1908,CLAS3002,"Life, Love, and Loss in Ancient Greece and Rome",Second Semester,Undergraduate,6.0,In Person,2024
1909,ASIA2308,Linguistic Histories in Asia and the Pacific,First Semester,Undergraduate,6.0,Online or In Person,2024
1910,ASIA6308,Linguistic Histories in Asia and the Pacific,First Semester,Postgraduate,6.0,Online or In Person,2024
1911,ASIA2100,Linguistic Histories in Asia and the Pacific (L),First Semester,Undergraduate,6.0,Online or In Person,2024
1912,CHIN2019,Literary Chinese 1,First Semester,Undergraduate,6.0,Online or In Person,2024
1913,CHIN2021,Literary Chinese 2,Second Semester,Undergraduate,6.0,Online or In Person,2024
1914,ASIA6040,Literary and Cultural Discourse in Modern Japan,First Semester,Postgraduate,6.0,In Person,2024
1915,ASIA3040,Literary and Cultural Discourse in Modern Japan,First Semester,Undergraduate,6.0,Online or In Person,2024
1916,ENGL3022,Literature and Modernity,,Undergraduate,6.0,In Person,2024
1917,ENGL6022,Literature and Modernity,,Postgraduate,6.0,In Person,2024
1918,ENGL3037,"Literature, Law and Human Rights",,Undergraduate,6.0,In Person,2024
1919,LAWS4286,"Literature, Law and Human Rights",,Undergraduate,6.0,Online or In Person,2024
1920,LAWS6244,Litigation and Dispute Management,First Semester,Postgraduate,6.0,Online or In Person,2024
1921,LAWS2244,Litigation and Dispute Management,First Semester,Undergraduate,6.0,In Person,2024
1922,PHIL2080,Logic,First Semester,Undergraduate,6.0,In Person,2024
1923,COMP6262,Logic,First Semester,Postgraduate,6.0,In Person,2024
1924,COMP2620,Logic,First Semester,Undergraduate,6.0,In Person,2024
1925,PHIL1005,Logic and Critical Thinking,Second Semester,Undergraduate,6.0,In Person,2024
1926,ECON7074,Macroeconomic Analysis,First Semester/Second Semester,Postgraduate,6.0,In Person,2024
1927,IDEC8002,Macroeconomic Analysis and Policy,Second Semester,Postgraduate,6.0,Online or In Person,2024
1928,ECON4422,Macroeconomic Theory,First Semester/Second Semester,Undergraduate,6.0,In Person,2024
1929,ECON8022,Macroeconomic Theory (Master),First Semester/Second Semester,Postgraduate,6.0,In Person,2024
1930,ECON1102,Macroeconomics 1,First Semester/Second Semester,Undergraduate,6.0,In Person,2024
1931,ECON2102,Macroeconomics 2,First Semester/Second Semester,Undergraduate,6.0,In Person,2024
1932,ECON3102,Macroeconomics 3,Second Semester,Undergraduate,6.0,In Person,2024
1933,EMSC3024,Magmatism and Metamorphism,First Semester,Undergraduate,6.0,In Person,2024
1934,EMSC6024,Magmatism and Metamorphism,First Semester,Postgraduate,6.0,In Person,2024
1935,ASIA2041,Mainland Southeast Asia: Colonial and Postcolonial Predicaments,Second Semester,Undergraduate,6.0,In Person,2024
1936,DESN2010,Making Creative and Critical Technologies: Physical Computing for Design and Art,First Semester,Undergraduate,6.0,In Person,2024
1937,HIST3007,Making History,Second Semester,Undergraduate,6.0,In Person,2024
1938,SCOM3032,Making Modern Science,Second Semester,Undergraduate,6.0,In Person,2024
1939,SCOM6032,Making Modern Science,Second Semester,Postgraduate,6.0,Online or In Person,2024
1940,BUSN2011,Management Accounting,First Semester/Second Semester,Undergraduate,6.0,In Person,2024
1941,BUSN7031,Management Accounting and Cost Analysis,First Semester/Second Semester,Postgraduate,6.0,In Person,2024
1942,MGMT4500,Management Honours Thesis,First Semester/Second Semester,Undergraduate,6.0,In Person,2024
1943,MGMT4006,Management Research Methods,First Semester,Undergraduate,6.0,In Person,2024
1944,MGMT8006,Management Research Methods,First Semester,Postgraduate,6.0,In Person,2024
1945,MGMT1003,"Management, People and Organisations",First Semester/Second Semester,Undergraduate,6.0,In Person,2024
1946,ECON2014,Managerial Economics,First Semester,Undergraduate,6.0,In Person,2024
1947,ECON6014,Managerial Economics,First Semester,Postgraduate,6.0,In Person,2024
1948,MGMT8207,Managing Across Cultures,Second Semester,Postgraduate,6.0,In Person,2024
1949,ENVS3041,Managing Forested Landscapes,First Semester,Undergraduate,6.0,In Person,2024
1950,ENVS6026,Managing Forested Landscapes,First Semester,Postgraduate,6.0,In Person,2024
1951,POGO8057,Managing Government Finances,Second Semester,Postgraduate,6.0,Online or In Person,2024
1952,MGMT8062,Managing Major Projects,First Semester,Postgraduate,6.0,In Person,2024
1953,MGMT2035,Managing Organisational Change,,Undergraduate,6.0,In Person,2024
1954,POGO8300,Managing Public Sector Organisations,Spring Session,Postgraduate,6.0,Online or In Person,2024
1955,COMP3120,Managing Software Development,,Undergraduate,6.0,In Person,2024
1956,COMP8110,Managing Software Projects in a System Context,,Postgraduate,6.0,In Person,2024
1957,COMP4130,Managing Software Quality and Process,First Semester,Undergraduate,6.0,In Person,2024
1958,BUSI7280,Managing in a Global Context,First Semester/Second Semester,Postgraduate,6.0,Online or In Person,2024
1959,BUSI7001,Managing the Global Supply Chain,First Semester,Postgraduate,6.0,In Person,2024
1960,ENGN6212,Manufacturing Technologies,,Postgraduate,6.0,In Person,2024
1961,ENGN4212,Manufacturing Technologies,,Undergraduate,6.0,In Person,2024
1962,ASIA2018,Maps and Mapping in Asia and the Pacific,Second Semester,Undergraduate,6.0,In Person,2024
1963,ASIA6018,Maps and Mapping in Asia and the Pacific,Second Semester,Postgraduate,6.0,In Person,2024
1964,EMSC3023,Marine Biogeochemistry,First Semester,Undergraduate,6.0,In Person,2024
1965,EMSC6023,Marine Biogeochemistry,First Semester,Postgraduate,6.0,In Person,2024
1966,LAWS8315,Maritime Security Law,,Postgraduate,6.0,Online,2024
1967,MKTG4500,Marketing Honours Thesis,First Semester/Second Semester,Undergraduate,6.0,In Person,2024
1968,MKTG7260,Marketing Management,First Semester/Second Semester,Postgraduate,6.0,Online or In Person,2024
1969,MKTG3001,Marketing Research,Second Semester,Undergraduate,6.0,In Person,2024
1970,MKTG8027,Marketing Strategy,First Semester,Postgraduate,6.0,In Person,2024
1971,MKTG2003,Marketing for Financial Services,,Undergraduate,6.0,In Person,2024
1972,MKTG7001,Marketing for Leaders,,Postgraduate,6.0,In Person,2024
1973,ENGN8180,Master Thesis Project,,Postgraduate,12.0,In Person,2024
1974,PHYS8207,Master of Nuclear Science Research Project,Summer Session/First Semester/Autumn Session/Winter Session/Second Semester/Spring Session,Postgraduate,6.0,In Person,2024
1975,SCOM8000,Master of Science Communication Research Project,First Semester/Second Semester,Postgraduate,6.0,Online or In Person,2024
1976,MMIB8006,Master's Thesis (Business Studies),First Semester/Second Semester,Postgraduate,6.0,In Person,2024
1977,ARCH8037,Masterclass in Archaeological and Evolutionary Science,Winter Session/Spring Session,Postgraduate,6.0,In Person,2024
1978,IDEC8064,Masters Microeconomics,First Semester,Postgraduate,6.0,Online or In Person,2024
1979,IDEC8011,Masters Research Essay,First Semester/Second Semester,Postgraduate,6.0,Online or In Person,2024
1980,PHYS8000,Masters Research Project,First Semester/Second Semester,Postgraduate,12.0,In Person,2024
1981,MATH8705,Masters Special Topics in Mathematics,First Semester/Second Semester,Postgraduate,6.0,In Person,2024
1982,PHYS8750,Masters Special Topics in Physics,Summer Session/First Semester/Autumn Session/Second Semester/Spring Session,Postgraduate,6.0,Online or In Person,2024
1983,ENVS8000P,Masters Thesis,,Postgraduate,12.0,In Person,2024
1984,ENVS8000,Masters Thesis,First Semester/Second Semester,Postgraduate,12.0,In Person,2024
1985,CHEM2213,Materials Chemistry,Second Semester,Undergraduate,6.0,In Person,2024
1986,CHEM6213,Materials Chemistry,Second Semester,Postgraduate,6.0,In Person,2024
1987,MUSI1510,"Materials of Music: Sound, Perception and Documentation",Second Semester,Undergraduate,6.0,Online or In Person,2024
1988,MATH1113,Mathematical Foundations for Actuarial Studies,Second Semester,Undergraduate,6.0,In Person,2024
1989,IDEC8015,Mathematical Methods in Applied Economics,First Semester,Postgraduate,6.0,Online or In Person,2024
1990,EMET7001,Mathematical Techniques for Economic Analysis,First Semester/Second Semester,Postgraduate,6.0,In Person,2024
1991,MATH8702,Mathematics Reading Course,Summer Session/First Semester/Second Semester,Postgraduate,6.0,In Person,2024
1992,MATH8701,Mathematics Research Project,Summer Session/First Semester/Second Semester,Postgraduate,6.0,In Person,2024
1993,MATH1013,Mathematics and Applications 1,First Semester/Second Semester,Undergraduate,6.0,In Person,2024
1994,MATH1014,Mathematics and Applications 2,First Semester/Second Semester,Undergraduate,6.0,In Person,2024
1995,MATH6112,Matrix Computations,,Postgraduate,6.0,In Person,2024
1996,MATH3512,Matrix Computations,,Undergraduate,6.0,In Person,2024
1997,POLS2137,"Meaning in Politics: Interpretation, Method and Critique",First Semester,Undergraduate,6.0,In Person,2024
1998,ENGN2217,Mechanical Systems and Design,First Semester,Undergraduate,6.0,In Person,2024
1999,ARAB3011,Media Arabic 1,,Undergraduate,6.0,Online or In Person,2024
2000,ARAB3008,Media Arabic 2,,Undergraduate,6.0,Online or In Person,2024
2001,LAWS4202,Media Law,Second Semester,Undergraduate,6.0,Online or In Person,2024
2002,LAWS8402,Media Law,Second Semester,Postgraduate,6.0,Online or In Person,2024
2003,POLS3038,Media and Politics,,Undergraduate,6.0,In Person,2024
2004,SOCY2170,"Media, Technology and Society",Second Semester,Undergraduate,6.0,In Person,2024
2005,LAWS4343,Mediation Skills Practicum,,Undergraduate,6.0,In Person,2024
2006,MEDN2001,Medical Physiology and Pharmacology,First Semester,Undergraduate,6.0,In Person,2024
2007,MEDN6001,Medical Physiology and Pharmacology,First Semester,Postgraduate,6.0,In Person,2024
2008,MEDN4001,Medical Research Honours,First Semester/Second Semester,Undergraduate,12.0,In Person,2024
2009,MEDN8701,Medical Research Project,First Semester/Second Semester,Postgraduate,12.0,In Person,2024
2010,BIOL3190,Medical Science in the Workplace,Second Semester,Undergraduate,6.0,In Person,2024
2011,MEDI8011,Medicine 1A,First Semester,Postgraduate,24.0,In Person,2024
2012,MEDI8012,Medicine 1B,Second Semester,Postgraduate,24.0,In Person,2024
2013,MEDI8020,Medicine 2,First Semester/Second Semester,Postgraduate,21.0,In Person,2024
2014,MEDI8030,Medicine 3,First Semester/Second Semester,Postgraduate,24.0,In Person,2024
2015,MEDI8040,Medicine 4,First Semester/Second Semester,Postgraduate,24.0,In Person,2024
2016,MEDI8000,Medicine Elective Placement ,Summer Session/Spring Session,Postgraduate,0.0,In Person,2024
2017,ANTH2026,"Medicine, Healing and the Body",,Undergraduate,6.0,In Person,2024
2018,ANTH6026,"Medicine, Healing and the Body",,Postgraduate,6.0,In Person,2024
2019,INTR8086,Meet the Practitioners Series,,Postgraduate,0.0,In Person,2024
2020,EMSC3032,"Melting Polar Ice Sheets, Sea Level Variations and Climate Change",First Semester,Undergraduate,6.0,In Person,2024
2021,EMSC6032,"Melting Polar Ice Sheets, Sea Level Variations and Climate Change",First Semester,Postgraduate,6.0,In Person,2024
2022,PHIL2129,Meta-ethics: The Nature of Moral Judgment,,Undergraduate,6.0,In Person,2024
2023,ARTV8041,Methodologies of Contemporary Art Practices ,First Semester,Postgraduate,18.0,In Person,2024
2024,REGN8001,Methods in Interdisciplinary Research,Winter Session,Postgraduate,6.0,Online or In Person,2024
2025,REGN9076,Methods in Interdisciplinary Research,Winter Session,Postgraduate,6.0,Online or In Person,2024
2026,ARCH8040,Microanalysis in Archaeological Science,First Semester,Postgraduate,6.0,In Person,2024
2027,ECON7073,Microeconomic Analysis,First Semester/Second Semester,Postgraduate,6.0,In Person,2024
2028,IDEC8016,Microeconomic Analysis and Policy,First Semester,Postgraduate,6.0,Online or In Person,2024
2029,ECON4411,Microeconomic Theory,First Semester,Undergraduate,6.0,In Person,2024
2030,ECON8011,Microeconomic Theory,First Semester/Second Semester,Postgraduate,6.0,In Person,2024
2031,ECON1101,Microeconomics 1,First Semester/Second Semester,Undergraduate,6.0,In Person,2024
2032,ECON2101,Microeconomics 2,First Semester/Second Semester,Undergraduate,6.0,In Person,2024
2033,ECON3101,Microeconomics 3,First Semester,Undergraduate,6.0,In Person,2024
2034,IDEC8028,Microeconomics of Development,,Postgraduate,6.0,Online or In Person,2024
2035,MEAS6508,Middle East and Central Asia Study Tour,,Postgraduate,6.0,In Person,2024
2036,MEAS2008,Middle East and Central Asia Study Tour,,Undergraduate,6.0,In Person,2024
2037,IDEC8034,Middle Eastern Economies,First Semester,Postgraduate,6.0,Online or In Person,2024
2038,DEMO2003,Migration in the Modern World,,Undergraduate,6.0,In Person,2024
2039,SOCR8011,Mixed Methods Social Research,Winter Session,Postgraduate,6.0,In Person,2024
2040,IDEC8127,Modelling the Global Economy: techniques and policy implications,Second Semester,Postgraduate,6.0,Online or In Person,2024
2041,CHIN1012,Modern Chinese 1: Spoken,First Semester,Undergraduate,6.0,In Person,2024
2042,CHIN1013,Modern Chinese 1: Written,First Semester,Undergraduate,6.0,In Person,2024
2043,CHIN2022,Modern Chinese 2: Spoken,Second Semester,Undergraduate,6.0,In Person,2024
2044,CHIN2023,Modern Chinese 2: Written,Second Semester,Undergraduate,6.0,In Person,2024
2045,CHIN2014,Modern Chinese 3,First Semester,Undergraduate,6.0,Online or In Person,2024
2046,CHIN2017,Modern Chinese 4,Second Semester,Undergraduate,6.0,Online or In Person,2024
2047,CHIN3022,Modern Chinese 5,First Semester,Undergraduate,6.0,In Person,2024
2048,CHIN3023,Modern Chinese 6,Second Semester,Undergraduate,6.0,In Person,2024
2049,MEAS6005,"Modern Iraq: State, Politics and Society",First Semester,Postgraduate,6.0,In Person,2024
2050,MEAS3005,"Modern Iraq: State, Politics and Society",First Semester,Undergraduate,6.0,Online or In Person,2024
2051,CHEM8032,Modern Materials Applications,First Semester,Postgraduate,6.0,In Person,2024
2052,CHEM8030,Modern Materials Characterisation,First Semester,Postgraduate,6.0,In Person,2024
2053,PHIL2074,Modern Theories of Knowledge,,Undergraduate,6.0,In Person,2024
2054,MEAS2003,"Modern Turkey: History, Society and Culture",,Undergraduate,6.0,In Person,2024
2055,MEAS6503,"Modern Turkey: History, Society and Culture",,Postgraduate,6.0,In Person,2024
2056,BIOL2162,Molecular Gene Technology,Second Semester,Undergraduate,6.0,In Person,2024
2057,BIOL6162,Molecular Gene Technology,Second Semester,Postgraduate,6.0,In Person,2024
2058,CHEM3208,Molecular Modeling and Computational Chemistry,Second Semester,Undergraduate,6.0,In Person,2024
2059,CHEM6208,Molecular Modelling and Computational Chemistry,Second Semester,Postgraduate,6.0,In Person,2024
2060,ECON2026,Money and Banking,Second Semester,Undergraduate,6.0,In Person,2024
2061,MNGL1002,Mongolian 1,First Semester,Undergraduate,6.0,Online,2024
2062,MNGL1003,Mongolian 2,,Undergraduate,6.0,Online,2024
2063,MNGL2002,Mongolian 3,First Semester,Undergraduate,6.0,Online,2024
2064,MNGL2003,Mongolian 4,Second Semester,Undergraduate,6.0,Online,2024
2065,ARTV2125,"Moulding, Casting and Digital Forming for Ceramics",,Undergraduate,6.0,In Person,2024
2066,SCRN2001,Moving Pictures: Genre and Theory in Screen Studies,Winter Session,Undergraduate,6.0,In Person,2024
2067,MUSC8017,Museums and Collections: Key Concepts and Practices,First Semester,Postgraduate,6.0,Online or In Person,2024
2068,MUSC8011,Museums and Heritage Extended Research Project,Summer Session/First Semester/Autumn Session/Winter Session/Second Semester/Spring Session,Postgraduate,12.0,Online or In Person,2024
2069,MUSC8009,Museums and Heritage Research Project,Summer Session/First Semester/Autumn Session/Winter Session/Second Semester/Spring Session,Postgraduate,6.0,Online or In Person,2024
2070,MUSI2220,Music Ensemble,First Semester/Second Semester,Undergraduate,6.0,In Person,2024
2071,MUSI8012,Music Graduate Exegesis,,Postgraduate,6.0,In Person,2024
2072,MUSI4412,Music Honours Ensemble,First Semester/Second Semester,Undergraduate,6.0,In Person,2024
2073,MUSI4410,Music Honours Exegesis,Second Semester,Undergraduate,6.0,In Person,2024
2074,MUSI4411,Music Honours Extended Exegesis,Second Semester,Undergraduate,12.0,In Person,2024
2075,MUSI1101,Music Performance 1,First Semester,Undergraduate,6.0,In Person,2024
2076,MUSI1102,Music Performance 2,First Semester/Second Semester,Undergraduate,6.0,In Person,2024
2077,MUSI2201,Music Performance 3,First Semester/Second Semester,Undergraduate,6.0,In Person,2024
2078,MUSI2202,Music Performance 4,First Semester/Second Semester,Undergraduate,6.0,In Person,2024
2079,MUSI3301,Music Performance 5,First Semester/Second Semester,Undergraduate,6.0,In Person,2024
2080,MUSI3302,Music Performance 6,First Semester/Second Semester,Undergraduate,6.0,In Person,2024
2081,MUSI2205,Music Project,First Semester/Second Semester,Undergraduate,6.0,Online or In Person,2024
2082,MUSI6209,Music Recording and Production Techniques,Second Semester,Postgraduate,6.0,In Person,2024
2083,MUSI2209,Music Recording and Production Techniques,Second Semester,Undergraduate,6.0,In Person,2024
2084,MUSI3309,Music and Digital Media,First Semester,Undergraduate,6.0,In Person,2024
2085,MUSI6009,Music and Digital Media,First Semester,Postgraduate,6.0,In Person,2024
2086,MUSI6007,Music and Globalisation,,Postgraduate,6.0,In Person,2024
2087,MUSI3310,Music and Globalisation,,Undergraduate,6.0,In Person,2024
2088,MUSI2228,Music from 1900 to the Present: A Century of Crisis and Change,Second Semester,Undergraduate,6.0,In Person,2024
2089,MUSI2222,Music in the Long 19th Century: From Classicism to Modernism,,Undergraduate,6.0,In Person,2024
2090,MUSI2227,"Music, Sound and the Moving Image",First Semester,Undergraduate,6.0,In Person,2024
2091,SPAN2102,Más que palabras: A Journey around the Hispanic World,Second Semester,Undergraduate,6.0,In Person,2024
2092,CHEM6313,NMR Spectroscopy and Mass Spectrometry of Small and Large Molecules,,Postgraduate,6.0,In Person,2024
2093,CHEM3013,NMR spectroscopy and mass spectrometry of small and large molecules,,Undergraduate,6.0,In Person,2024
2094,ENGN4810,Nanotechnology and Applications,,Undergraduate,6.0,In Person,2024
2095,ARTV2708,Narrative and Meaning with Drawing,Winter Session,Undergraduate,6.0,In Person,2024
2096,HIST8026,Nation and Memory: The Purposes and Politics of Remembrance,,Postgraduate,6.0,Online or In Person,2024
2097,NSPO8006,National Security Policymaking,Second Semester,Postgraduate,6.0,In Person,2024
2098,NSPO8050,"National Security, Human Rights, and International Law",First Semester,Postgraduate,6.0,Online or In Person,2024
2099,NSPO8007,National Security: Concepts and Methods,First Semester,Postgraduate,6.0,In Person,2024
2100,ASIA8020,National and Transnational Histories in Asia and the Pacific,First Semester,Postgraduate,6.0,Online or In Person,2024
2101,ASIA2093,Natural Resource Conflicts in Asia and the Pacific,Second Semester,Undergraduate,6.0,Online or In Person,2024
2102,HIST2226,Nazi Germany,,Undergraduate,6.0,In Person,2024
2103,MGMT2004,Negotiation,Second Semester,Undergraduate,6.0,In Person,2024
2104,DIPL8044,Negotiation and Conflict Resolution,,Postgraduate,6.0,In Person,2024
2105,ENGN6628,Network Optimisation and Control,Second Semester,Postgraduate,6.0,In Person,2024
2106,COMP3704,Network Security,Second Semester,Undergraduate,6.0,In Person,2024
2107,COMP2410,Networked Information Systems,,Undergraduate,6.0,In Person,2024
2108,COMP6340,Networked Information Systems,,Postgraduate,6.0,In Person,2024
2109,COMP8920,"Neural Networks, Deep Learning and Bio-inspired Computing",,Postgraduate,6.0,In Person,2024
2110,COMP4660,"Neural Networks, Deep Learning and Bio-inspired Computing",,Undergraduate,6.0,In Person,2024
2111,COMP8420,"Neural Networks, Deep Learning and Bio-inspired Computing",,Postgraduate,6.0,In Person,2024
2112,PSYC3016,Neuropsychology and Cognitive Neuroscience,First Semester,Undergraduate,6.0,In Person,2024
2113,PSYC6016,Neuropsychology and Cognitive Neuroscience,First Semester,Postgraduate,6.0,In Person,2024
2114,NEUR8704,Neuroscience Essay,Summer Session/First Semester/Autumn Session/Winter Session/Second Semester/Spring Session,Postgraduate,6.0,In Person,2024
2115,NEUR4005,Neuroscience IV Honours (S),,Undergraduate,6.0,In Person,2024
2116,NEUR8010,Neuroscience Research Project,Summer Session/First Semester/Autumn Session/Winter Session/Second Semester/Spring Session,Postgraduate,6.0,In Person,2024
2117,NEUR8700,Neuroscience Research proposal,Summer Session/First Semester/Autumn Session/Winter Session/Second Semester/Spring Session,Postgraduate,6.0,In Person,2024
2118,MEAS2001,New States of Eurasia: Emerging Issues in Politics and Security,Second Semester,Undergraduate,6.0,In-Person and Online,2024
2119,MGMT7161,New Venture Creation,First Semester,Postgraduate,6.0,In Person,2024
2120,PHIL2087,Nietzsche,,Undergraduate,6.0,In Person,2024
2121,ENGN9820,Non Award Engineering and Computer Science Research Exchange,Summer Session/First Semester/Autumn Session/Winter Session/Second Semester/Spring Session,Postgraduate,3.0,In Person,2024
2122,PHYS4303,Nonlinear Dynamics in Physics,First Semester,Undergraduate,6.0,In Person,2024
2123,PHYS8303,Nonlinear Dynamics in Physics,First Semester,Postgraduate,6.0,In Person,2024
2124,ASIA2096,"North Korea: History, Culture, Politics",,Undergraduate,6.0,Online or In Person,2024
2125,ENGN4205,Nuclear Fuel Cycle,,Undergraduate,6.0,In Person,2024
2126,PHYS8205,Nuclear Fuel Cycle,Second Semester,Postgraduate,6.0,In Person,2024
2127,PHYS8206,Nuclear Measurement,Second Semester,Postgraduate,6.0,In Person,2024
2128,STST8026,Nuclear Strategy,First Semester,Postgraduate,6.0,Online or In Person,2024
2129,PHYS3106,Nuclear Technologies and Applications,,Undergraduate,6.0,In Person,2024
2130,LAWS8013,Nuclear Weapons Law,Winter Session,Postgraduate,6.0,Online,2024
2131,PHYS2101,Nuclear and Radiation Physics,,Undergraduate,6.0,In Person,2024
2132,MATH3301,Number Theory and Cryptography,Second Semester,Undergraduate,6.0,In Person,2024
2133,MATH6114,Number Theory and Cryptography,Second Semester,Postgraduate,6.0,In Person,2024
2134,MATH6119,Numerical Optimisation,Second Semester,Postgraduate,6.0,In Person,2024
2135,MATH3514,Numerical Optimisation,Second Semester,Undergraduate,6.0,In Person,2024
2136,BIAN2119,"Nutrition, Disease and the Environment",,Undergraduate,6.0,In Person,2024
2137,ASTR8011,Observational Techniques,First Semester,Postgraduate,6.0,In Person,2024
2138,ASTR4011,Observational Techniques,First Semester,Undergraduate,6.0,In Person,2024
2139,INDG3008,On-Country immersive learning experience,,Undergraduate,6.0,In Person,2024
2140,SOCR8006,Online Research Methods,Second Semester,Postgraduate,6.0,Online or In Person,2024
2141,SOCR4006,Online Research Methods,Second Semester,Undergraduate,6.0,Online or In Person,2024
2142,SOCY2169,Online Research Methods,Second Semester,Undergraduate,6.0,Online or In Person,2024
2143,SOCY3169,Online Research Methods,,Undergraduate,6.0,Online or In Person,2024
2144,IDEC8008,"Open Economy Macroeconomics, Finance, and Development",Second Semester,Postgraduate,6.0,Online or In Person,2024
2145,ARTV3507,Open to Influence: Studio Research,,Undergraduate,6.0,In Person,2024
2146,ARTV6507,Open to Influence: Studio Research,,Postgraduate,6.0,In Person,2024
2147,COMP6330,Operating Systems Implementation,Second Semester,Postgraduate,6.0,In Person,2024
2148,COMP3300,Operating Systems Implementation,Second Semester,Undergraduate,6.0,In Person,2024
2149,ASTR8016,Optical Instrumentation,Second Semester,Postgraduate,6.0,In Person,2024
2150,PHYS3057,Optical Physics,First Semester,Undergraduate,6.0,In Person,2024
2151,ENGN3512,Optical Physics,First Semester,Undergraduate,6.0,In Person,2024
2152,PHYS6500,Optical Physics,First Semester,Postgraduate,6.0,In Person,2024
2153,ENGN6512,Optical Physics,First Semester,Postgraduate,6.0,In Person,2024
2154,COMP4691,Optimisation,Second Semester,Undergraduate,6.0,In Person,2024
2155,COMP8691,Optimisation,Second Semester,Postgraduate,6.0,In Person,2024
2156,ENGN4628,Optimisation and Control with Uncertainty and Constraints,Second Semester,Undergraduate,6.0,In Person,2024
2157,ECON2125,Optimisation for Economics and Financial Economics,First Semester/Second Semester,Undergraduate,6.0,In Person,2024
2158,ECON6012,Optimisation for Economics and Financial Economics,First Semester/Second Semester,Postgraduate,6.0,In Person,2024
2159,ECON8013,Optimisation for Economics and Financial Economics,,Postgraduate,6.0,In Person,2024
2160,SCNC2201,Optimism and Agency in Times of Change,Second Semester,Undergraduate,6.0,In Person,2024
2161,PHYS8017,Optoelectronics and Integrated Optics,Second Semester,Postgraduate,6.0,In Person,2024
2162,HUMN8038,Oral History and Heritage Practice and Theory,,Postgraduate,6.0,In Person,2024
2163,CRIM2007,Order in the Courts: An Introduction to the Australian Judicial System,,Undergraduate,6.0,Online or In Person,2024
2164,MATH6405,Ordinary Differential Equations and Advanced Vector Calculus,First Semester,Postgraduate,6.0,In Person,2024
2165,MGMT2007,Organisational Behaviour,Second Semester,Undergraduate,6.0,In Person,2024
2166,MGMT8003,Organisational Behaviour,First Semester/Second Semester/Spring Session,Postgraduate,6.0,In Person,2024
2167,ECON8078,Organisational Economics,First Semester,Postgraduate,6.0,In Person,2024
2168,ECON4492,Organisational Economics,First Semester,Undergraduate,6.0,In Person,2024
2169,MGMT8108,Organisational Learning and Behavioural Change,,Postgraduate,3.0,In Person,2024
2170,MGMT8010,Organisational and Ethical Dimensions in Digital Transformation,,Postgraduate,6.0,In Person,2024
2171,CRIM2002,Organised Crime: Understanding the Underworld,,Undergraduate,6.0,In Person,2024
2172,CHEM3203,Organometallic Chemistry,First Semester,Undergraduate,6.0,In Person,2024
2173,CHEM6323,Organometallic Chemistry,First Semester,Postgraduate,6.0,In Person,2024
2174,POPH8316,Outbreak Investigation,,Postgraduate,6.0,In Person,2024
2175,COMP4630,Overview of Logic and Computation,,Undergraduate,6.0,In Person,2024
2176,PPEI4000,PPE Honours Research Methods,First Semester,Undergraduate,12.0,In Person,2024
2177,POLS1008,PPE Integration 1,Second Semester,Undergraduate,6.0,In Person,2024
2178,PHIL2116,PPE Integration 2,Second Semester,Undergraduate,6.0,In Person,2024
2179,ECON3056,"PPE Integration 3: Classic Literature in Politics, Philosophy and Economics",Second Semester,Undergraduate,6.0,In Person,2024
2180,DIPL8013,Pacific Diplomacy,First Semester,Postgraduate,6.0,Online or In Person,2024
2181,IDEC8037,Pacific Economies and Politics,Second Semester,Postgraduate,6.0,Online or In Person,2024
2182,PASI1011,Pacific Encounters: An introduction to Pacific Studies,First Semester,Undergraduate,6.0,In Person,2024
2183,BAPA1003,Pacific Encounters: An introduction to Pacific Studies,Autumn Session,Undergraduate,6.0,In Person,2024
2184,PASI3010,Pacific Engagement Project,Second Semester,Undergraduate,6.0,Online or In Person,2024
2185,PASI8305,Pacific Feminisms,,Postgraduate,3.0,Online or In Person,2024
2186,PASI8002,Pacific Foundations: From Maritime Societies to Global Cultures,First Semester,Postgraduate,6.0,Online or In Person,2024
2187,PASI8004,Pacific Health Development Post-Covid,,Postgraduate,6.0,Online or In Person,2024
2188,PASI3005,Pacific Islands Field School,,Undergraduate,6.0,In Person,2024
2189,PASI6005,Pacific Islands Field School,,Postgraduate,6.0,In Person,2024
2190,POLS2055,Pacific Politics,Second Semester,Undergraduate,6.0,In Person,2024
2191,PASI2001,Pacific Studies in a Globalising World,First Semester,Undergraduate,6.0,Online or In Person,2024
2192,PASI6001,Pacific Studies in a Globalising World,First Semester,Postgraduate,6.0,Online or In Person,2024
2193,PASI1012,Pacific Worlds: critical inquiry in Oceania,Second Semester,Undergraduate,6.0,Online or In Person,2024
2194,ARTV2507,Painting in the Photo-Digital Age,Second Semester,Undergraduate,6.0,In Person,2024
2195,ARTV2509,Painting: Approaches to Composition and Colour,,Undergraduate,6.0,In Person,2024
2196,ARTV6508,Painting: Materiality and Meaning,,Postgraduate,6.0,In Person,2024
2197,ARTV3508,Painting: Materiality and Meaning,,Undergraduate,6.0,In Person,2024
2198,ENVS6529,Palaeo-Environmental Reconstruction,Autumn Session,Postgraduate,6.0,In Person,2024
2199,ENVS3029,Palaeo-Environmental Reconstruction,Autumn Session,Undergraduate,6.0,In Person,2024
2200,EMSC6027,Palaeoclimatology and Climate Change,,Postgraduate,6.0,In Person,2024
2201,EMSC3027,Palaeoclimatology and Climate Change,,Undergraduate,6.0,Online or In Person,2024
2202,NSPO8043,"Pandemics, Infectious Diseases and National Security",,Postgraduate,3.0,In Person,2024
2203,LING3031,Papuan Languages,Summer Session,Undergraduate,6.0,Online or In Person,2024
2204,LING6031,Papuan languages,Summer Session,Postgraduate,6.0,Online or In Person,2024
2205,COMP4300,Parallel Systems,First Semester,Undergraduate,6.0,In Person,2024
2206,COMP8300,Parallel Systems,First Semester,Postgraduate,6.0,In Person,2024
2207,MATH6406,"Partial Differential Equations,  Fourier Analysis and Complex Analysis",Second Semester,Postgraduate,6.0,In Person,2024
2208,POGO8136,Participating in Public Policy: Citizen Engagement and Public Talk,Summer Session,Postgraduate,6.0,In Person,2024
2209,ENVS3007,Participatory Resource Management: Working with Communities and Stakeholders,Spring Session,Undergraduate,6.0,In Person,2024
2210,ENVS6021,Participatory Resource Management: Working with Communities and Stakeholders,Spring Session,Postgraduate,6.0,In Person,2024
2211,ENVS8018,Partnership Research for Agricultural and Natural Resource-Based Development,First Semester,Postgraduate,6.0,In Person,2024
2212,MEDN6002,Pathogenesis of Human Disease,Second Semester,Postgraduate,6.0,In Person,2024
2213,MEDN2002,Pathogenesis of Human Disease,Second Semester,Undergraduate,6.0,In Person,2024
2214,POLS2123,Peace and Conflict Studies,Second Semester,Undergraduate,6.0,In Person,2024
2215,INTR1022,Peacebuilding and Conflict Resolution,Second Semester,Undergraduate,6.0,In Person,2024
2216,MGMT2006,Personal Leadership,Second Semester,Undergraduate,6.0,In Person,2024
2217,PSYC3026,Personality Psychology,Second Semester,Undergraduate,6.0,In Person,2024
2218,CHMD8014,"Perspectives on Culture, Health and Medicine",Second Semester,Postgraduate,6.0,Online or In Person,2024
2219,POGO8232,Persuasion for Policymakers,Spring Session,Postgraduate,3.0,In Person,2024
2220,PHIL2122,Philosophy and Public Policy,First Semester,Undergraduate,6.0,In Person,2024
2221,PHIL2123,Philosophy and Science Fiction,,Undergraduate,6.0,In Person,2024
2222,PHIL2061,Philosophy of Mind,,Undergraduate,6.0,In Person,2024
2223,PHIL2128,Philosophy of Physics,Second Semester,Undergraduate,6.0,In Person,2024
2224,PHIL2057,Philosophy of Science,First Semester,Undergraduate,6.0,Online or In Person,2024
2225,PHIL2042,Philosophy of the Cosmos,First Semester,Undergraduate,6.0,In Person,2024
2226,MATH1042,Philosophy of the Cosmos,First Semester,Undergraduate,6.0,In Person,2024
2227,PHIL3076,Philosophy of the Life Sciences,First Semester,Undergraduate,6.0,In Person,2024
2228,PHIL2290,"Philosophy, AI and Society",First Semester,Undergraduate,6.0,In Person,2024
2229,ARTH2050,Photography and Art,,Undergraduate,6.0,In Person,2024
2230,ARTH6050,Photography and Art,,Postgraduate,6.0,In Person,2024
2231,ARTV6606,Photomedia: Digital Photography and Studio Lighting,,Postgraduate,6.0,In Person,2024
2232,ARTV2606,Photomedia: Digital Photography and Studio Lighting,,Undergraduate,6.0,In Person,2024
2233,ARTV2608,Photomedia: Experimental Processes,,Undergraduate,6.0,In Person,2024
2234,ARTV6608,Photomedia: Experimental Processes,,Postgraduate,6.0,In Person,2024
2235,ENGN4613,Photonic Sensing Systems,Second Semester,Undergraduate,6.0,In Person,2024
2236,PHYS3051,Photonic Sensing Systems,Second Semester,Undergraduate,6.0,In Person,2024
2237,ENGN6613,Photonic Sensing Systems,Second Semester,Postgraduate,6.0,In Person,2024
2238,PHYS6502,Photonic Sensing Systems,Second Semester,Postgraduate,6.0,In Person,2024
2239,ENGN8830,Photovoltaic Power Plants,Second Semester,Postgraduate,6.0,In Person,2024
2240,ENGN4524,Photovoltaic Technologies,First Semester,Undergraduate,6.0,In Person,2024
2241,ENGN6524,Photovoltaic Technologies,First Semester,Postgraduate,6.0,In Person,2024
2242,PHYS1201,Physics 2,Second Semester,Undergraduate,6.0,In Person,2024
2243,PHYS3104,Physics Advanced Laboratory,First Semester/Second Semester,Undergraduate,6.0,In Person,2024
2244,PHYS1101,Physics I,First Semester/Second Semester,Undergraduate,6.0,In Person,2024
2245,PHYS6205,Physics for Future Leaders,Second Semester,Postgraduate,6.0,In Person,2024
2246,PHYS2205,Physics for Future Leaders,Second Semester,Undergraduate,6.0,In Person,2024
2247,PHYS3105,Physics of Matter,First Semester,Undergraduate,6.0,In Person,2024
2248,PHYS6105,Physics of Matter,First Semester,Postgraduate,6.0,In Person,2024
2249,PHYS3070,Physics of the Earth,Second Semester,Undergraduate,6.0,In Person,2024
2250,PHYS6070,Physics of the Earth,Second Semester,Postgraduate,6.0,In Person,2024
2251,EMSC4008,Physics of the Earth Honours Reseach Project,First Semester/Second Semester,Undergraduate,3.0,In Person,2024
2252,SPAN2107,Picturing Latin America and Spain,,Undergraduate,6.0,In Person,2024
2253,SCRN2107,Picturing Latin America and Spain,,Undergraduate,6.0,In Person,2024
2254,ARTV1804,"Place, time, and wood",,Undergraduate,6.0,In Person,2024
2255,HIST2112,"Plagues, Pandemics and Public Health in History",,Undergraduate,6.0,In Person,2024
2256,EMSC3022,Planetary Science,Second Semester,Undergraduate,6.0,In Person,2024
2257,EMSC6022,Planetary Science,Second Semester,Postgraduate,6.0,In Person,2024
2258,BIOL3125,Plants and Global Climate Change,Second Semester,Undergraduate,6.0,In Person,2024
2259,BIOL6125,Plants and Global Climate Change,Second Semester,Postgraduate,6.0,In Person,2024
2260,BIOL3002,Plants: Genes and the Environment,,Undergraduate,6.0,In Person,2024
2261,BIOL6002,Plants: Genes to Environment,,Postgraduate,6.0,In Person,2024
2262,ARTH8022,Points of View: Developing Strategies for Independent Research in Art & Design,,Postgraduate,12.0,In Person,2024
2263,CRIM2013,Policing,First Semester,Undergraduate,6.0,In Person,2024
2264,POGO8083,Policy Advocacy,Autumn Session,Postgraduate,6.0,Online or In Person,2024
2265,POGO8096,Policy Research,Second Semester,Postgraduate,6.0,In Person,2024
2266,POGO8233,Policy Tools & Mixes,Winter Session,Postgraduate,3.0,Online or In Person,2024
2267,POLS2102,Political Belief and Deceit,,Undergraduate,6.0,In Person,2024
2268,PASI8009,Political Economy of Elections in Melanesia,Summer Session,Postgraduate,6.0,Online or In Person,2024
2269,POLS3039,Political Leadership and Executive Government,,Undergraduate,6.0,In Person,2024
2270,PASI3001,Politics and Development in the Contemporary Pacific,First Semester,Undergraduate,6.0,Online or In Person,2024
2271,BAPA3003,Politics and Development in the Contemporary Pacific,Autumn Session,Undergraduate,6.0,Online or In Person,2024
2272,ASIA2049,Politics and Society in Contemporary Korea,Second Semester,Undergraduate,6.0,Online or In Person,2024
2273,POLS3070,Politics in Central Asia,,Undergraduate,6.0,In Person,2024
2274,POLS2095,Politics in Latin America,First Semester,Undergraduate,6.0,In Person,2024
2275,POLS2069,Politics in Russia,First Semester,Undergraduate,6.0,In Person,2024
2276,POLS2031,Politics in the Middle East,Second Semester,Undergraduate,6.0,In Person,2024
2277,ASIA2118,Pollution in past societies: the science and history that shaped the modern world,Winter Session,Undergraduate,6.0,In Person,2024
2278,ASIA6118,Pollution in past societies: the science and history that shaped the modern world,Winter Session,Postgraduate,6.0,In Person,2024
2279,ASIA2074,Popular Culture in East Asia,Autumn Session,Undergraduate,6.0,Online,2024
2280,ASIA6074,Popular Culture in East Asia,Autumn Session,Postgraduate,6.0,In Person,2024
2281,MUSI3317,Popular Music: In Culture and in Context,,Undergraduate,6.0,In Person,2024
2282,MUSI6006,Popular Music: In Culture and in Context,,Postgraduate,6.0,Online or In Person,2024
2283,DEMO2002,Population Analysis,First Semester,Undergraduate,6.0,Online or In Person,2024
2284,POPH4005,Population Health Honours project,First Semester/Second Semester,Undergraduate,6.0,Online or In Person,2024
2285,DEMO8090,Population Issues in Asia and their Implications for World Development,Second Semester,Postgraduate,6.0,In Person,2024
2286,DEMO3001,Population Policy Case Studies,Second Semester,Undergraduate,6.0,In Person,2024
2287,DEMO9024,Population and Society,,Postgraduate,12.0,In Person,2024
2288,DEMO8024,Population and Society: Theory and Empirical Perspectives,First Semester,Postgraduate,6.0,In Person,2024
2289,FINM3008,Portfolio Construction,First Semester/Second Semester,Undergraduate,6.0,In Person,2024
2290,MGMT8107,Portfolio Management: Insights from Implementation and Integrations Sciences,,Postgraduate,3.0,In Person,2024
2291,LAWS8314,Post Conflict Situations and International Law,Autumn Session,Postgraduate,6.0,In Person,2024
2292,ARTV6614,Post-Digital Photography,First Semester,Postgraduate,6.0,In Person,2024
2293,ARTV1614,Post-Digital Photography: Bending the Image,First Semester,Undergraduate,6.0,In Person,2024
2294,PHIL9011,Postgraduate Training in Philosophy: Foundations Seminar,First Semester/Autumn Session/Second Semester/Spring Session,Postgraduate,12.0,In Person,2024
2295,SOCY3010,Posthuman Bodies,,Undergraduate,6.0,In Person,2024
2296,GEND3001,Posthuman Bodies,,Undergraduate,6.0,In Person,2024
2297,GEND6501,Posthuman bodies,,Postgraduate,6.0,In Person,2024
2298,POGO8004,Poverty Reduction,First Semester,Postgraduate,6.0,Online or In Person,2024
2299,ENGN6625,Power Systems and Power Electronics,Second Semester,Postgraduate,6.0,In Person,2024
2300,ENGN4625,Power Systems and Power Electronics,Second Semester,Undergraduate,6.0,In Person,2024
2301,POLS2136,Power and influence in world politics,Spring Session,Undergraduate,6.0,In Person,2024
2302,ENGN3100,Practical Experience,Summer Session/First Semester/Winter Session/Second Semester,Undergraduate,0.0,In Person,2024
2303,POGO8140,Practice-Based Project,,Postgraduate,12.0,In Person,2024
2304,ARTV8038,Practice-led Research Project,,Postgraduate,6.0,In Person,2024
2305,ARTV8039,Practice-led Research Project - Major,First Semester/Second Semester,Postgraduate,12.0,In Person,2024
2306,ARTV9030,Practice-led Research: Writing Methods,Autumn Session,Postgraduate,6.0,In Person,2024
2307,DESN1005,Precise Drawing and Model Making,Second Semester,Undergraduate,6.0,In Person,2024
2308,PSYC8513,Preparation for Professional Psychology Placement,First Semester,Postgraduate,6.0,In Person,2024
2309,POLS2043,Pressure Groups and Political Lobbying,,Undergraduate,6.0,In Person,2024
2310,BIAN6514,Primate Behaviour and Conservation,Second Semester,Postgraduate,6.0,Online or In Person,2024
2311,BIAN3127,Primate Behaviour and Conservation,Second Semester,Undergraduate,6.0,Online or In Person,2024
2312,PHYS8013,Principles of Energy Generation and Transformation,First Semester,Postgraduate,6.0,In Person,2024
2313,LAWS8182,Principles of International Law,Summer Session/Winter Session,Postgraduate,6.0,Online or In Person,2024
2314,MGMT8999,Principles of Management,Autumn Session/Spring Session,Postgraduate,0.0,In Person,2024
2315,STAT6039,Principles of Mathematical Statistics,,Postgraduate,6.0,In Person,2024
2316,STAT7039,Principles of Mathematical Statistics,First Semester/Second Semester,Postgraduate,6.0,In Person,2024
2317,STAT6013,Principles of Mathematical Statistics for Actuarial Studies,First Semester/Second Semester,Postgraduate,6.0,In Person,2024
2318,DEMO8008,Principles of Population Analysis,First Semester,Postgraduate,6.0,Online or In Person,2024
2319,DEMO9008,Principles of Population Analysis,First Semester,Postgraduate,12.0,In Person,2024
2320,COMP3610,Principles of Programming Languages,,Undergraduate,6.0,In Person,2024
2321,COMP6361,Principles of Programming Languages,,Postgraduate,6.0,In Person,2024
2322,POGO8084,Principles of Social Policy,Winter Session,Postgraduate,6.0,Online or In Person,2024
2323,BUSN3014,Principles of Tax Law,First Semester/Second Semester,Undergraduate,6.0,In Person,2024
2324,ARTV2706,Printmedia and Drawing: Drawing Beyond the Line,,Undergraduate,6.0,In Person,2024
2325,ARTV2727,Printmedia and Drawing: Lithography,,Undergraduate,6.0,In Person,2024
2326,LAWS6304,Prison Legal Clinic,First Semester/Second Semester,Postgraduate,6.0,In Person,2024
2327,LAWS4304,Prison Legal Clinic,First Semester/Second Semester,Undergraduate,6.0,In Person,2024
2328,MATH3029,Probability Theory with Applications,First Semester,Undergraduate,6.0,In Person,2024
2329,MATH6109,Probability Theory with Applications,First Semester,Postgraduate,6.0,In Person,2024
2330,ENGN8538,Probability and Stochastic Processes in Engineering,First Semester,Postgraduate,6.0,In Person,2024
2331,ARCH6066,Professional Archaeology,Summer Session,Postgraduate,6.0,Online or In Person,2024
2332,ARCH3006,Professional Archaeology,Summer Session,Undergraduate,6.0,In Person,2024
2333,CRIM3001,Professional Perspectives on Crime and Prevention,Second Semester,Undergraduate,6.0,Online or In Person,2024
2334,MEDI8015,Professional Practice 1,First Semester/Second Semester,Postgraduate,0.0,In Person,2024
2335,MEDI8025,Professional Practice 2,First Semester/Second Semester,Postgraduate,0.0,In Person,2024
2336,MEDI8035,Professional Practice 3,First Semester/Second Semester,Postgraduate,0.0,In Person,2024
2337,MEDI8045,Professional Practice 4,First Semester/Second Semester,Postgraduate,0.0,In Person,2024
2338,ARTV2028,Professional Practice Internship,First Semester/Second Semester,Undergraduate,6.0,In Person,2024
2339,HLTH3002,Professional Practice in Health Science,First Semester/Second Semester,Undergraduate,6.0,In Person,2024
2340,ARTV6027,Professional Practice: Economies and Ecologies in the Australian Cultural Sector,,Postgraduate,6.0,In Person,2024
2341,ARTV2027,Professional Practice: Economies and Ecologies in the Australian Cultural Sector,Second Semester,Undergraduate,6.0,In Person,2024
2342,COMP6250,Professional Practice: Holistic Thinking and Communication,First Semester,Postgraduate,6.0,In Person,2024
2343,ENGN6250,Professional Practice: Holistic Thinking and Communication,First Semester,Postgraduate,6.0,In Person,2024
2344,COMP8260,Professional Practice: Responsible Innovation and Leadership,Second Semester,Postgraduate,6.0,In Person,2024
2345,ENGN8260,Professional Practice: Responsible Innovation and Leadership,Second Semester,Postgraduate,6.0,In Person,2024
2346,PSYC8522,Professional Psychology Placement,Second Semester,Postgraduate,12.0,In Person,2024
2347,PSYC8412,Professional Psychology Research Project,First Semester/Second Semester,Postgraduate,6.0,In Person,2024
2348,COMP1100,Programming as Problem Solving,First Semester/Second Semester,Undergraduate,6.0,In Person,2024
2349,COMP1130,Programming as Problem Solving (Advanced),First Semester,Undergraduate,6.0,In Person,2024
2350,COMP1730,Programming for Scientists,First Semester/Second Semester,Undergraduate,6.0,In Person,2024
2351,COMP6730,Programming for Scientists,First Semester/Second Semester,Postgraduate,6.0,In Person,2024
2352,HUMN4005,Project Development and Critical Theory in Digital Humanities,,Undergraduate,6.0,Online or In Person,2024
2353,MGMT8170,Project Management Masters Thesis,First Semester/Second Semester,Postgraduate,6.0,In Person,2024
2354,INFS3059,Project Management and Information Systems,Second Semester,Undergraduate,6.0,In Person,2024
2355,MGMT7024,Project Monitoring and Control,First Semester,Postgraduate,6.0,In Person,2024
2356,MGMT8005,Project Risk and Issues Management,Second Semester,Postgraduate,6.0,In Person,2024
2357,CYBN8002,Projects in Applied Cybernetics,,Postgraduate,6.0,In Person,2024
2358,CECS8002,Projects in Applied Cybernetics,,Postgraduate,6.0,In Person,2024
2359,NSPO8045,Propaganda and information war,,Postgraduate,3.0,In Person,2024
2360,LAWS6204,Property,First Semester,Postgraduate,6.0,Online or In Person,2024
2361,LAWS2204,Property,First Semester,Undergraduate,6.0,In Person,2024
2362,ENGN4338,Propulsion Systems,First Semester,Undergraduate,6.0,In Person,2024
2363,PHYS8702,Prototyping and Systems Integration,Second Semester,Postgraduate,6.0,In Person,2024
2364,PSYC8413,Psychological Assessment,First Semester,Postgraduate,6.0,In Person,2024
2365,PSYC8421,Psychological Interventions,Second Semester,Postgraduate,6.0,In Person,2024
2366,PSYC1003,"Psychology 1: Understanding Mind, Brain and Behaviour",First Semester,Undergraduate,6.0,In Person,2024
2367,PSYC1004,Psychology 2: Understanding People in Context,Second Semester,Undergraduate,6.0,In Person,2024
2368,PSYC4011,Psychology Honours,First Semester/Second Semester,Undergraduate,6.0,In Person,2024
2369,PSYC3030,Psychology Undergraduate Research Experience,Summer Session/First Semester/Second Semester/Spring Session,Undergraduate,6.0,In Person,2024
2370,PSYC3025,Psychopathology Across the Lifespan,First Semester,Undergraduate,6.0,In Person,2024
2371,POGO8137,Public Administration Foundations,First Semester,Postgraduate,6.0,Online or In Person,2024
2372,POLS2130,Public Choice and Politics,First Semester,Undergraduate,6.0,In Person,2024
2373,POGO8048,Public Finance,Spring Session,Postgraduate,6.0,In Person,2024
2374,POGO8301,Public Financial Management,Winter Session,Postgraduate,6.0,In Person,2024
2375,POPH8106,Public Health Research Project,Summer Session/First Semester/Autumn Session/Winter Session/Second Semester/Spring Session,Postgraduate,6.0,Online or In Person,2024
2376,POPH8317,Public Health Surveillance,Second Semester,Postgraduate,6.0,In Person,2024
2377,CRWF8020,Public Policy Professional Experience,Summer Session/Winter Session,Postgraduate,0.0,In Person,2024
2378,CRWF8019,Public Policy and Professional Internship,Summer Session/Winter Session,Postgraduate,6.0,In Person,2024
2379,POGO8132,Public Policy in Cities - Integrating and Governing Change,Summer Session,Postgraduate,3.0,Online or In Person,2024
2380,POLS2002,Public Policy: Theory and Practice,Second Semester,Undergraduate,6.0,In Person,2024
2381,BUSN3006,Public Sector Accounting,,Undergraduate,6.0,In Person,2024
2382,BUSN7006,Public Sector Accounting and Reporting,,Postgraduate,6.0,In Person,2024
2383,ECON8034,Public Sector Economics,First Semester,Postgraduate,6.0,In Person,2024
2384,ECON4434,Public Sector Economics,First Semester,Undergraduate,6.0,In Person,2024
2385,ECON2131,Public Sector Economics,First Semester,Undergraduate,6.0,In Person,2024
2386,LAWS8522,Public Sector Employment Law,,Postgraduate,6.0,Online or In Person,2024
2387,POGO8021,Public Sector Ethics,Autumn Session,Postgraduate,6.0,Online or In Person,2024
2388,POGO8062,Public Sector Management,Second Semester,Postgraduate,6.0,In Person,2024
2389,MGMT8106,Public Sector Resources Management,,Postgraduate,3.0,In Person,2024
2390,POGO8236,Public Strategy,Spring Session,Postgraduate,3.0,Online or In Person,2024
2391,CRIM2008,Punishment and Society: An Introduction to Penology,,Undergraduate,6.0,In Person,2024
2392,CHMD8004,Qualitative Methodologies for Health Research,First Semester,Postgraduate,6.0,Online or In Person,2024
2393,POLS3045,Qualitative Methods in Political Science Research,,Undergraduate,6.0,In Person,2024
2394,SOCR8003,Qualitative Research Analysis,Second Semester,Postgraduate,6.0,In Person,2024
2395,SOCR4003,Qualitative Research Analysis,Second Semester,Undergraduate,6.0,In Person,2024
2396,MGMT4018,Qualitative Research Methods,First Semester,Undergraduate,6.0,In Person,2024
2397,MGMT8018,Qualitative Research Methods,First Semester,Postgraduate,6.0,In Person,2024
2398,LING9026,Qualitative Research Methods in Language Studies,First Semester,Postgraduate,6.0,In Person,2024
2399,LING8026,Qualitative Research Methods in Language Studies,First Semester,Postgraduate,6.0,Online or In Person,2024
2400,LING4103,Qualitative Research Methods in Language Studies,First Semester,Undergraduate,6.0,Online or In Person,2024
2401,POLS8044,Qualitative Research in Politics,,Postgraduate,6.0,In Person,2024
2402,POLS4044,Qualitative Research in Politics,,Undergraduate,6.0,In Person,2024
2403,POLS9001,Qualitative Research in Politics,,Postgraduate,6.0,In Person,2024
2404,SOCR4008,Qualitative Social Research,First Semester,Undergraduate,6.0,In Person,2024
2405,SOCR8008,Qualitative data collection,First Semester,Postgraduate,6.0,In Person,2024
2406,BIOL3130,Quantitative Ecology,Second Semester,Undergraduate,6.0,In Person,2024
2407,BIOL6130,Quantitative Ecology,Second Semester,Postgraduate,6.0,In Person,2024
2408,IDEC8014,Quantitative Financial Economics,Winter Session,Postgraduate,6.0,Online or In Person,2024
2409,IDEC8010,Quantitative International Economics,Second Semester,Postgraduate,6.0,Online or In Person,2024
2410,IDEC8012,Quantitative Methods for Monetary Policy Analysis,,Postgraduate,6.0,In Person,2024
2411,PSYC2009,Quantitative Methods in Psychology,First Semester,Undergraduate,6.0,In Person,2024
2412,IDEC8026,Quantitative Policy Impact Evaluation,Second Semester,Postgraduate,6.0,Online or In Person,2024
2413,SOCY3005,Quantitative Projects for Inclusion and Diversity,First Semester,Undergraduate,6.0,In Person,2024
2414,STAT1008,Quantitative Research Methods,First Semester/Second Semester,Undergraduate,6.0,In Person,2024
2415,LING4100,Quantitative Research Methods in Linguistics,Second Semester,Undergraduate,6.0,In Person,2024
2416,LING8027,Quantitative Research Methods in Linguistics,Second Semester,Postgraduate,6.0,In Person,2024
2417,LING9027,Quantitative Research Methods in Linguistics,Second Semester,Postgraduate,6.0,In Person,2024
2418,MGMT4019,Quantitative Research Methods in Management,First Semester,Undergraduate,6.0,In Person,2024
2419,MGMT8019,Quantitative Research Methods in Management,First Semester,Postgraduate,6.0,In Person,2024
2420,POLS8042,Quantitative Research for Political Science,Second Semester,Postgraduate,6.0,In Person,2024
2421,SOCR4009,Quantitative Social Research,,Undergraduate,6.0,In Person,2024
2422,PHYS6201,Quantum Field Theory,Second Semester,Postgraduate,6.0,In Person,2024
2423,PHYS3201,Quantum Field Theory,Second Semester,Undergraduate,6.0,In Person,2024
2424,PHYS8302,Quantum Field Theory II,First Semester,Postgraduate,6.0,In Person,2024
2425,PHYS8752,Quantum Industry,Second Semester,Postgraduate,6.0,In Person,2024
2426,PHYS6013,Quantum Mechanics,First Semester,Postgraduate,6.0,In Person,2024
2427,PHYS2013,Quantum Mechanics,First Semester,Undergraduate,6.0,In Person,2024
2428,PHYS4304,Quantum Scattering,First Semester,Undergraduate,6.0,In Person,2024
2429,PHYS8304,Quantum Scattering,First Semester,Postgraduate,6.0,In Person,2024
2430,PHYS8751,Quantum Technology,Second Semester,Postgraduate,6.0,In Person,2024
2431,ACST8500,RSFAS Masters Thesis,First Semester/Second Semester,Postgraduate,12.0,In Person,2024
2432,STAT8500,RSFAS Masters Thesis,First Semester/Second Semester,Postgraduate,6.0,In Person,2024
2433,FINM8500,RSFAS Masters Thesis,First Semester/Second Semester,Postgraduate,12.0,In Person,2024
2434,INTR8083,Race and Global Politics: Re-imagining a Discipline,Second Semester,Postgraduate,6.0,In Person,2024
2435,HIST2133,"Race and Racism in Western Culture, c.1450–1950",First Semester,Undergraduate,6.0,In Person,2024
2436,POLS2135,"Race, Ethnicity and Representation",,Undergraduate,6.0,Online,2024
2437,PHYS6701,Rapid Prototyping,First Semester,Postgraduate,6.0,In Person,2024
2438,PHIL2125,Rationality and Social Cooperation,,Undergraduate,6.0,In Person,2024
2439,PHYS8202,Reactor Science,First Semester,Postgraduate,6.0,In Person,2024
2440,CHST3211,Reading China: Past and Present,First Semester,Undergraduate,6.0,Online or In Person,2024
2441,CHST3212,Reading Chinese Literature: Theory and Criticism,Second Semester,Undergraduate,6.0,Online or In Person,2024
2442,GEND1002,Reading Popular Culture: An Introduction to Cultural Studies,Second Semester,Undergraduate,6.0,In Person,2024
2443,GEND6002,Reading Popular Culture: An Introduction to Cultural Studies,,Postgraduate,6.0,In Person,2024
2444,INTR9072,"Reading, Thinking, Doing International Relations",Second Semester,Postgraduate,6.0,Online or In Person,2024
2445,LING8003,Readings in Applied Linguistics,First Semester/Second Semester,Postgraduate,6.0,Online or In Person,2024
2446,ASIA3012,Readings in Asian Societies and Histories,Summer Session/First Semester/Autumn Session/Winter Session/Second Semester/Spring Session,Undergraduate,6.0,In Person,2024
2447,HIST8021,Readings in History,First Semester/Second Semester,Postgraduate,6.0,Online or In Person,2024
2448,PASI3012,Readings in Indigenous Studies,First Semester/Second Semester,Undergraduate,6.0,In Person,2024
2449,INDG9002,Readings in Indigenous Studies,First Semester/Second Semester,Postgraduate,6.0,In Person,2024
2450,NEUR8701,Readings in Neuroscience,First Semester/Second Semester,Postgraduate,6.0,In Person,2024
2451,BIAN8003,Readings in Primatology/Palaeoanthropology,First Semester/Second Semester,Postgraduate,6.0,In Person,2024
2452,ENGL2087,"Reality Effects: Truth, Representation and Narrative Form",First Semester,Undergraduate,6.0,In Person,2024
2453,ENGL6087,"Reality Effects: Truth, Representation and Narrative Form",First Semester,Postgraduate,6.0,In Person,2024
2454,ASIA6042,Reconciliation and the Memory of Conflict in Asia,First Semester,Postgraduate,6.0,Online or In Person,2024
2455,ASIA3029,Reconciliation and the Memory of Conflict in Asia,First Semester,Undergraduate,6.0,Online or In Person,2024
2456,BIOL3178,Recovering Threatened Species and Ecosystems,First Semester,Undergraduate,6.0,In Person,2024
2457,BIOL6178,Recovering Threatened Species and Ecosystems,First Semester,Postgraduate,6.0,In Person,2024
2458,CHMD8011,Refugee Health: From Displacement to Resettlement,First Semester,Postgraduate,6.0,Online or In Person,2024
2459,LAWS4271,Refugee Law,,Undergraduate,6.0,In Person,2024
2460,LAWS8471,Refugee Law,,Postgraduate,6.0,Online or In Person,2024
2461,POLS6101,Refugee Politics: Displacement and Exclusion in the 20th and 21st Centuries,,Postgraduate,6.0,In Person,2024
2462,POLS2101,Refugee Politics: Displacement and Exclusion in the 20th and 21st Centuries,Spring Session,Undergraduate,6.0,In Person,2024
2463,INTR8082,Regionalism and Southeast Asia,First Semester,Postgraduate,6.0,In Person,2024
2464,STAT2008,Regression Modelling,First Semester/Second Semester,Undergraduate,6.0,In Person,2024
2465,STAT6038,Regression Modelling,,Postgraduate,6.0,In Person,2024
2466,STAT7038,Regression Modelling,First Semester/Autumn Session/Second Semester,Postgraduate,6.0,In Person,2024
2467,STAT6014,Regression Modelling for Actuarial Studies,First Semester/Second Semester,Postgraduate,6.0,In Person,2024
2468,STAT2014,Regression Modelling for Actuarial Studies,First Semester/Second Semester,Undergraduate,6.0,In Person,2024
2469,REGN8049,Regulating Disruptive Technologies,Winter Session,Postgraduate,3.0,Online or In Person,2024
2470,REGN8024,Regulating Nuclear Capabilities,Autumn Session,Postgraduate,6.0,Online or In Person,2024
2471,REGN8052,Regulation and Governance,Summer Session,Postgraduate,6.0,Online or In Person,2024
2472,REGN9052,Regulation and Governance,Summer Session,Postgraduate,6.0,Online or In Person,2024
2473,REGN8009,Regulation and Governance Research Project,First Semester/Second Semester,Postgraduate,6.0,Online or In Person,2024
2474,REGN8057,Regulation and Governance Research and Practice Clinic,,Postgraduate,6.0,Online or In Person,2024
2475,REGN8051,Regulatory Complexity in Asia,,Postgraduate,3.0,Online or In Person,2024
2476,COMP6240,Relational Databases,First Semester/Second Semester,Postgraduate,6.0,In Person,2024
2477,COMP2400,Relational Databases,First Semester/Second Semester,Undergraduate,6.0,In Person,2024
2478,SOCY2057,"Relationships, Marriage and Family",,Undergraduate,6.0,In Person,2024
2479,GEND2057,"Relationships, Marriage and Family",,Undergraduate,6.0,In Person,2024
2480,CLAS3100,Remembering and Forgetting in the Roman Empire,,Undergraduate,6.0,In Person,2024
2481,EMSC3025,Remote Sensing of Water Resources,Second Semester,Undergraduate,6.0,In Person,2024
2482,EMSC6025,Remote Sensing of Water Resources,Second Semester,Postgraduate,6.0,In Person,2024
2483,MUSC8022,"Repatriation, Social Justice and Museums",Autumn Session,Postgraduate,6.0,Online or In Person,2024
2484,MUSC8019,"Repatriation: Principles, Policy and Practice",Winter Session,Postgraduate,6.0,Online,2024
2485,CHMD8005,"Representing Medicine: Performance, Drama and Identity",Second Semester,Postgraduate,6.0,Online or In Person,2024
2486,POGO9098,Research Analysis and Statistics,,Postgraduate,6.0,In Person,2024
2487,BIAN6019,Research Design and Analysis in Archaeological and Evolutionary Science,Second Semester,Postgraduate,6.0,In Person,2024
2488,BIAN3014,Research Design and Analysis in Biological Anthropology,Second Semester,Undergraduate,6.0,In Person,2024
2489,ANTH8070,Research Design and Field Methods in Anthropology,,Postgraduate,6.0,In Person,2024
2490,POPH4315,Research Design and Methods,First Semester,Undergraduate,6.0,Online or In Person,2024
2491,POPH8315,Research Design and Methods,First Semester,Postgraduate,6.0,Online or In Person,2024
2492,INTR8072,Research Design and Methods in Global Politics,First Semester,Postgraduate,6.0,Online or In Person,2024
2493,ARCH9106,Research Design and Research Proposal,First Semester/Second Semester,Postgraduate,12.0,In Person,2024
2494,ASIA9075,"Research Design and Writing in International, Political, and Strategic Studies",First Semester,Postgraduate,6.0,Online or In Person,2024
2495,POGO9097,Research Design for Public Policy,First Semester,Postgraduate,6.0,In Person,2024
2496,PHIL4009,Research Design in Philosophy,First Semester,Undergraduate,6.0,In Person,2024
2497,POLS8058,Research Design in Political Science,First Semester,Postgraduate,6.0,In Person,2024
2498,ACST8050,Research Essay in Actuarial Studies,First Semester/Second Semester,Postgraduate,6.0,In Person,2024
2499,STAT8053,Research Essay in Statistics,First Semester/Second Semester,Postgraduate,6.0,In Person,2024
2500,ARTH4027,Research Focus,First Semester/Second Semester,Undergraduate,12.0,In Person,2024
2501,ARTH8027,Research Focus,First Semester/Second Semester,Postgraduate,12.0,In Person,2024
2502,SOCY3001,Research Internship,Second Semester,Undergraduate,6.0,In Person,2024
2503,PSYC8411,Research Methods and Statistics in Professional Psychology,First Semester,Postgraduate,6.0,In Person,2024
2504,EMSC8017,Research Methods for Earth Sciences,First Semester/Second Semester,Postgraduate,6.0,In Person,2024
2505,EMSC4017,Research Methods for Earth Sciences,First Semester/Second Semester,Undergraduate,6.0,In Person,2024
2506,EMDV8102,Research Methods for Environmental Management and Development,First Semester,Postgraduate,6.0,Online or In Person,2024
2507,SCOM4019,Research Methods for Science Communication,First Semester,Undergraduate,6.0,Online or In Person,2024
2508,ASIA4044,Research Methods in Chinese Studies,First Semester,Undergraduate,6.0,In Person,2024
2509,ASIA8044,Research Methods in Chinese Studies,First Semester,Postgraduate,6.0,In Person,2024
2510,ASIA9044,Research Methods in Chinese Studies,First Semester,Postgraduate,6.0,In Person,2024
2511,SCOM8019,Research Methods in Science Communication,First Semester,Postgraduate,6.0,Online or In Person,2024
2512,HLTH1002,Research Methods in the Health Sciences,Second Semester,Undergraduate,6.0,In Person,2024
2513,EMSC8034,Research Orientation: Big Questions in the Earth Sciences,First Semester/Second Semester,Postgraduate,6.0,In Person,2024
2514,BIOL8291,Research Presentation Skills,First Semester/Second Semester,Postgraduate,6.0,In Person,2024
2515,ARTV4022,Research Principles and Methods 1,First Semester,Undergraduate,12.0,Online or In Person,2024
2516,ARTV4023,Research Principles and Methods 2,Second Semester,Undergraduate,12.0,Online or In Person,2024
2517,EMDV8066,Research Project,Second Semester,Postgraduate,12.0,Online or In Person,2024
2518,ENGN8601,Research Project,First Semester/Second Semester,Postgraduate,6.0,In Person,2024
2519,NSPO8037,Research Project,First Semester/Second Semester,Postgraduate,6.0,In Person,2024
2520,MEDI8022,Research Project,First Semester/Second Semester,Postgraduate,3.0,In Person,2024
2521,IDEC8033,Research Project,First Semester/Second Semester,Postgraduate,6.0,Online or In Person,2024
2522,ENGN8602,Research Project,First Semester/Second Semester,Postgraduate,6.0,In Person,2024
2523,POGO8135,Research Project (12 units),First Semester/Second Semester,Postgraduate,12.0,In Person,2024
2524,POGO8035,Research Project (6 units),First Semester/Second Semester,Postgraduate,6.0,In Person,2024
2525,MEDI8023,Research Project (Advanced),First Semester/Second Semester,Postgraduate,3.0,In Person,2024
2526,BIOL8701,Research Project for Advanced Masters,First Semester/Second Semester,Postgraduate,6.0,In Person,2024
2527,CHEM3060,Research Project in Chemistry,Summer Session/First Semester/Second Semester,Undergraduate,6.0,In Person,2024
2528,CHEM8003,Research Project in Chemistry,First Semester/Second Semester,Postgraduate,6.0,In Person,2024
2529,CHEM8033,Research Project in Materials Science,First Semester/Second Semester,Postgraduate,6.0,In Person,2024
2530,EMDV8008,Research Proposal,First Semester,Postgraduate,6.0,Online or In Person,2024
2531,BIOL8700,Research Proposal,First Semester/Second Semester,Postgraduate,12.0,In Person,2024
2532,PHYS3042,Research Topics Physics,Summer Session/First Semester/Second Semester/Spring Session,Undergraduate,6.0,In Person,2024
2533,ASIA3108,Research Topics in Asian and Pacific Languages (L),First Semester/Second Semester,Undergraduate,6.0,Online or In Person,2024
2534,JPNS3023,Research Topics in Japanese: History & Society,,Undergraduate,6.0,In Person,2024
2535,JPNS3024,Research Topics in Japanese: International Relations & Politics,First Semester,Undergraduate,6.0,Online or In Person,2024
2536,POLS4011,Research Training: Scope and Methods,First Semester,Undergraduate,12.0,Online or In Person,2024
2537,POLS1009,Research and Writing in Political Science,Second Semester,Undergraduate,6.0,Online or In Person,2024
2538,ENVS8013,Research in Climate Change Vulnerability and Adaptation,First Semester,Postgraduate,6.0,In Person,2024
2539,EMDV8014,Research in Environmental and Climate Change Policy,Second Semester,Postgraduate,6.0,Online or In Person,2024
2540,POPM8001,"Research, Treatment, Policy: Current Issues in Mental Health",Second Semester,Postgraduate,6.0,In Person,2024
2541,INDG1002,"Resilience, Responsibility, and Resurgence: First Peoples' Experiences and Ways of Being",Second Semester,Undergraduate,6.0,In Person,2024
2542,ECON3128,Resource and Environmental Economics,,Undergraduate,6.0,In Person,2024
2543,ECON6040,Resource and Environmental Economics,,Postgraduate,6.0,In Person,2024
2544,EMDV8018,"Resources, environment and politics in Australia",First Semester,Postgraduate,6.0,Online or In Person,2024
2545,MGMT8104,Responsible Management and Stewardship ,,Postgraduate,3.0,In Person,2024
2546,LAWS4254,Restitution,First Semester,Undergraduate,6.0,Online or In Person,2024
2547,LAWS8454,Restitution,,Postgraduate,6.0,Online or In Person,2024
2548,HUMN8036,Restitution and the archive? Using Archives and Special Collections,,Postgraduate,6.0,Online or In Person,2024
2549,REGN8005,Restorative Justice in the World,,Postgraduate,6.0,Online or In Person,2024
2550,ASIA8011,"Rethinking Northeast Asia: Region, Culture and Society",Second Semester,Postgraduate,6.0,In Person,2024
2551,ASIA3033,"Rethinking Northeast Asia: Region, Culture and Society",Second Semester,Undergraduate,6.0,In Person,2024
2552,INTR8084,"Revolution, Resistance, Rebellion, Riot: Unruly Politics in the Contemporary World",,Postgraduate,6.0,In Person,2024
2553,STAT6057,Risk Modelling 1,First Semester,Postgraduate,6.0,In Person,2024
2554,STAT3057,Risk Modelling 1,First Semester,Undergraduate,6.0,In Person,2024
2555,STAT3058,Risk Modelling 2,Second Semester,Undergraduate,6.0,In Person,2024
2556,STAT6058,Risk Modelling 2,Second Semester,Postgraduate,6.0,In Person,2024
2557,ENGN6627,Robotics,Second Semester,Postgraduate,6.0,In Person,2024
2558,ENGN4627,Robotics,Second Semester,Undergraduate,6.0,In Person,2024
2559,LANG3007,Romance Linguistics,First Semester,Undergraduate,6.0,Online or In Person,2024
2560,CLAS3001,Rome: The Eternal City from Antiquity to the Early Middle Ages,,Undergraduate,6.0,In Person,2024
2561,CLAS1005,Rome: The Story of an Empire,Second Semester,Undergraduate,6.0,In Person,2024
2562,ASIA3011,Samurai Society and Social Control in Japan,,Undergraduate,6.0,Online or In Person,2024
2563,ASIA6511,Samurai Society and Social Control in Japan,,Postgraduate,6.0,Online or In Person,2024
2564,SKRT1002,Sanskrit 1,First Semester,Undergraduate,6.0,Online,2024
2565,SKRT1003,Sanskrit 2,Second Semester,Undergraduate,6.0,Online,2024
2566,SKRT2103,Sanskrit 3,First Semester,Undergraduate,6.0,Online,2024
2567,SKRT2104,Sanskrit 4,Second Semester,Undergraduate,6.0,Online,2024
2568,SKRT3004,Sanskrit 5,First Semester,Undergraduate,6.0,Online,2024
2569,SKRT3005,Sanskrit 6,Second Semester,Undergraduate,6.0,Online,2024
2570,SKRT3002,Sanskrit 7,First Semester,Undergraduate,6.0,Online,2024
2571,SKRT3003,Sanskrit 8,Second Semester,Undergraduate,6.0,Online,2024
2572,SCOM1001,Science Communication 1: Science and Public Awareness,First Semester,Undergraduate,6.0,In Person,2024
2573,SCOM1002,Science Communication 2: Scientific Evidence and Social Change,Second Semester,Undergraduate,6.0,In Person,2024
2574,SCOM8004,Science Communication Fieldwork Placement,First Semester/Second Semester,Postgraduate,12.0,In Person,2024
2575,SCOM3004,Science Communication Internship,Summer Session/First Semester/Autumn Session/Winter Session/Second Semester/Spring Session,Undergraduate,6.0,Online or In Person,2024
2576,SCOM6004,Science Communication Internship,Summer Session/First Semester/Autumn Session/Winter Session/Second Semester/Spring Session,Postgraduate,6.0,Online or In Person,2024
2577,SCOM3007,Science Communication Project Design and Delivery,Winter Session,Undergraduate,6.0,In Person,2024
2578,SCOM6007,Science Communication Project Design and Delivery,Autumn Session,Postgraduate,6.0,Online or In Person,2024
2579,SCOM3003,Science Communication Research Project,First Semester/Second Semester,Undergraduate,6.0,Online or In Person,2024
2580,SCOM3012,Science Communication and the Web,,Undergraduate,6.0,In Person,2024
2581,SCOM6012,Science Communication and the Web,,Postgraduate,6.0,Online or In Person,2024
2582,SCNC8001,Science Higher Degree by Research Internship,Summer Session/First Semester/Autumn Session/Winter Session/Second Semester/Spring Session,Postgraduate,3.0,In Person,2024
2583,SCNC4000,Science Honours,First Semester/Second Semester,Undergraduate,6.0,In Person,2024
2584,SCNC8000,Science Internship,Summer Session/First Semester/Autumn Session/Winter Session/Second Semester/Spring Session,Postgraduate,6.0,In Person,2024
2585,SCNC2000,Science Internship,Summer Session/First Semester/Autumn Session/Winter Session/Second Semester/Spring Session,Undergraduate,6.0,In Person,2024
2586,SCNC3000,Science Internship,Summer Session/First Semester/Autumn Session/Winter Session/Second Semester/Spring Session,Undergraduate,6.0,In Person,2024
2587,SCOM3027,Science Politics,First Semester,Undergraduate,6.0,In Person,2024
2588,SCOM6027,Science Politics,First Semester,Postgraduate,6.0,Online or In Person,2024
2589,SCNC2021,Science Research Project,Summer Session/First Semester/Autumn Session/Winter Session/Second Semester/Spring Session,Undergraduate,6.0,In Person,2024
2590,SCNC3021,Science Research Project,Summer Session/First Semester/Autumn Session/Winter Session/Second Semester/Spring Session,Undergraduate,6.0,In Person,2024
2591,SCNC8021,Science Research Project,Summer Session/First Semester/Autumn Session/Winter Session/Second Semester/Spring Session,Postgraduate,3.0,In Person,2024
2592,SCOM2006,Science and Humour,Winter Session,Undergraduate,6.0,Online,2024
2593,SCOM6006,Science and Humour,Winter Session,Postgraduate,6.0,Online,2024
2594,SCOM2003,Science in Popular Fiction,Summer Session,Undergraduate,6.0,In Person,2024
2595,SCOM6003,Science in Popular Fiction,Summer Session,Postgraduate,6.0,Online or In Person,2024
2596,PHIL2126,"Science in Society: Ethics, Public Policy and Scientific Practice",,Undergraduate,6.0,Online or In Person,2024
2597,SCOM2016,Science in the Media,First Semester,Undergraduate,6.0,In Person,2024
2598,SCOM6016,Science in the Media,First Semester,Postgraduate,6.0,Online or In Person,2024
2599,SCOM6031,"Science, Risk and Ethics",,Postgraduate,6.0,Online or In Person,2024
2600,SCOM2031,"Science, Risk and Ethics",,Undergraduate,6.0,In Person,2024
2601,VCPG8138,"Science, Technology and Public Policy",,Postgraduate,6.0,In Person,2024
2602,POGO8138,"Science, Technology and Public Policy",,Postgraduate,6.0,In Person,2024
2603,MATH6111,Scientific Computing,First Semester,Postgraduate,6.0,In Person,2024
2604,MATH3511,Scientific Computing,First Semester,Undergraduate,6.0,In Person,2024
2605,ARCH6042,Scientific Dating in Archaeology and Palaeoenvironmental Studies,Second Semester,Postgraduate,6.0,In Person,2024
2606,ARCH3042,Scientific Dating in Archaeology and Palaeoenvironmental Studies,Second Semester,Undergraduate,6.0,In Person,2024
2607,BIOL8001,Scientific Reasoning and Consulting in Quantitative Biology,Second Semester,Postgraduate,6.0,In Person,2024
2608,MATH6103,Scientific and Industrial Modelling,Second Semester,Postgraduate,6.0,In Person,2024
2609,MATH3501,Scientific and Industrial Modelling,Second Semester,Undergraduate,6.0,In Person,2024
2610,SCRN2005,Screen Cultures,,Undergraduate,6.0,In Person,2024
2611,SCRN3003,Screen Studies Capstone Project,First Semester/Second Semester,Undergraduate,6.0,In Person,2024
2612,SCRN3002,Screening the Real,,Undergraduate,6.0,In Person,2024
2613,LING3101,Second Language Acquisition,Second Semester,Undergraduate,6.0,In Person,2024
2614,LING6101,Second Language Acquisition,Second Semester,Postgraduate,6.0,In Person,2024
2615,ENGL1100,Secrets and Lies: Literature and the Self,First Semester,Undergraduate,6.0,In Person,2024
2616,STST2001,Security Concepts in the Asia-Pacific,First Semester,Undergraduate,6.0,Online or In Person,2024
2617,MEAS3009,Security and Politics in the Persian Gulf,First Semester,Undergraduate,6.0,In Person,2024
2618,NSPO8049,Security in the Indo-Pacific ,,Postgraduate,3.0,Online or In Person,2024
2619,LAWS4257,Selected Topics in Australian-United States Comparative Law (ANU),,Undergraduate,6.0,Online or In Person,2024
2620,LAWS4248,Selected Topics in Australian-United States Comparative Law (Alabama),,Undergraduate,6.0,In Person,2024
2621,FREN3021,Selected Topics in French Studies,Second Semester,Undergraduate,6.0,In Person,2024
2622,SOCY1002,Self and Society,First Semester,Undergraduate,6.0,Online or In Person,2024
2623,LING3035,Semantic Typology,Second Semester,Undergraduate,6.0,In Person,2024
2624,LING6035,Semantic Typology,Second Semester,Postgraduate,6.0,In Person,2024
2625,LING6008,Semantics,Second Semester,Postgraduate,6.0,Online or In Person,2024
2626,LING2008,Semantics,Second Semester,Undergraduate,6.0,In Person,2024
2627,ASIA5920,Semester in Asia,First Semester/Second Semester,Undergraduate,6.0,In Person,2024
2628,BUSN8111,Seminal Research in Accounting,Second Semester,Postgraduate,6.0,In Person,2024
2629,BUSN4111,Seminal Research in Accounting,Second Semester,Undergraduate,6.0,In Person,2024
2630,HIST8037,Seminar in Advanced Historical Research,Second Semester,Postgraduate,6.0,Online or In Person,2024
2631,HIST8027,Seminar in Advanced Historical Research,,Postgraduate,12.0,Online or In Person,2024
2632,HIST4011,Seminar in Advanced Historiography,First Semester,Undergraduate,12.0,In Person,2024
2633,HIST8024,Seminar in Advanced Historiography,First Semester,Postgraduate,6.0,In Person,2024
2634,HIST8234,Seminar in Public History,,Postgraduate,6.0,Online or In Person,2024
2635,BUSN4013,Seminar in Research Method in Commerce,First Semester/Second Semester,Undergraduate,6.0,In Person,2024
2636,BUSN8013,Seminar in Research Method in Commerce,First Semester/Second Semester,Postgraduate,6.0,In Person,2024
2637,LAWS4314,Sentencing,Second Semester,Undergraduate,6.0,In Person,2024
2638,LAWS8214,Sentencing,Second Semester,Postgraduate,6.0,In Person,2024
2639,MKTG2023,Services Marketing,Second Semester,Undergraduate,6.0,Online or In Person,2024
2640,MKTG7023,Services Marketing,,Postgraduate,6.0,In Person,2024
2641,PHIL2082,Sex and Death: the Philosophy of Biology,,Undergraduate,6.0,In Person,2024
2642,GEND1001,"Sex, Gender and Identity: An Introduction to Gender Studies",First Semester,Undergraduate,6.0,In Person,2024
2643,DEMO8048,"Sex, Gender, and Population",First Semester,Postgraduate,6.0,In Person,2024
2644,MGMT8105,Shared Purpose and Strategic Leadership Processes,,Postgraduate,3.0,In Person,2024
2645,POLS3029,Sharing Power: Federalism in Comparative Perspective,First Semester,Undergraduate,6.0,In Person,2024
2646,ENGN2228,Signals and Systems,Second Semester,Undergraduate,6.0,In Person,2024
2647,ARTH4026,Sir William Dobell Research Seminar,Second Semester,Undergraduate,12.0,In Person,2024
2648,ARTH8026,Sir William Dobell Research Seminar,Second Semester,Postgraduate,12.0,In Person,2024
2649,HIST8014,Sites of Memory: The Uses of History,,Postgraduate,6.0,Online or In Person,2024
2650,ARTV8042,Situating Contemporary Art Practices with Independent Research,Second Semester,Postgraduate,12.0,In Person,2024
2651,ANTH8019,Social Analysis and Community Politics,Second Semester,Postgraduate,6.0,Online or In Person,2024
2652,ENVS3045,Social Applications of GIS,,Undergraduate,6.0,In Person,2024
2653,ENVS6345,Social Applications of GIS,,Postgraduate,6.0,In Person,2024
2654,ASIA8050,Social Conflict and Environmental Change,Winter Session/Spring Session,Postgraduate,6.0,Online,2024
2655,CBEA3002,Social Enterprise Experience,,Undergraduate,6.0,In Person,2024
2656,MGMT2008,Social Enterprises and Social Business,Second Semester,Undergraduate,6.0,In Person,2024
2657,SOCY2030,Social Inequalities and Development,Second Semester,Undergraduate,6.0,In Person,2024
2658,SOCY6045,Social Inequalities and Development,Second Semester,Postgraduate,6.0,In Person,2024
2659,DEMO2004,Social Inequalities in Health,Second Semester,Undergraduate,6.0,In Person,2024
2660,POGO8025,Social Policy Analysis,Autumn Session,Postgraduate,6.0,Online or In Person,2024
2661,SOCY2101,Social Policy: Principles and Practice,First Semester,Undergraduate,6.0,In Person,2024
2662,ASIA2099,Social Power in China: Family to Family-State,First Semester,Undergraduate,6.0,In Person,2024
2663,ASIA6099,Social Power in China: Family to Family-State,First Semester,Postgraduate,6.0,In Person,2024
2664,PSYC2001,Social Psychology,Second Semester,Undergraduate,6.0,In Person,2024
2665,SOCR8082,Social Research Practice,First Semester,Postgraduate,6.0,Online or In Person,2024
2666,SOCY9001,Social Research Theory and Design,First Semester/Second Semester,Postgraduate,6.0,In Person,2024
2667,SOCY6066,Social Science of the Internet,Winter Session,Postgraduate,6.0,In Person,2024
2668,SOCY2166,Social Science of the Internet,Winter Session,Undergraduate,6.0,In Person,2024
2669,POPH8108,Social and Cultural Determinants of Health,Second Semester,Postgraduate,6.0,Online or In Person,2024
2670,ARTV6811,"Socially Engaged Art Practice: Authorship, Dialogue and Community",,Postgraduate,6.0,In Person,2024
2671,ARTV2801,"Socially Engaged Art Practice: Authorship, Dialogue and Community",,Undergraduate,6.0,In Person,2024
2672,SOCY1006,Society & Technological Change,,Undergraduate,6.0,In Person,2024
2673,ENVS2013,Society and Environmental Change,Second Semester,Undergraduate,6.0,In Person,2024
2674,ENVS6013,Society and Environmental Change,Second Semester,Postgraduate,6.0,In Person,2024
2675,SOCY4010,Sociology Honours Methods Seminar,First Semester,Undergraduate,12.0,In Person,2024
2676,SOCY4009,Sociology Honours Theory Seminar,First Semester,Undergraduate,12.0,In Person,2024
2677,SOCY2162,Sociology of Health and Illness,,Undergraduate,6.0,In Person,2024
2678,SOCY2059,Sociology of Resistance,,Undergraduate,6.0,In Person,2024
2679,COMP6442,Software Construction,First Semester/Second Semester,Postgraduate,6.0,In Person,2024
2680,COMP2100,Software Construction,First Semester/Second Semester,Undergraduate,6.0,In Person,2024
2681,COMP6120,Software Engineering,Second Semester,Postgraduate,6.0,In Person,2024
2682,COMP2120,Software Engineering,Second Semester,Undergraduate,6.0,In Person,2024
2683,COMP3500,Software Engineering Project,First Semester/Second Semester,Undergraduate,6.0,In Person,2024
2684,COMP4500,Software Engineering Team Project,First Semester/Second Semester,Undergraduate,6.0,In Person,2024
2685,COMP3703,Software Security,First Semester,Undergraduate,6.0,In Person,2024
2686,ENGN6525,Solar Thermal Technologies,,Postgraduate,6.0,In Person,2024
2687,ENGN4525,Solar Thermal Technologies,,Undergraduate,6.0,In Person,2024
2688,PHYS3032,Solid State Physics,Second Semester,Undergraduate,6.0,In Person,2024
2689,PHYS6032,Solid State Physics,Second Semester,Postgraduate,6.0,In Person,2024
2690,MUSI3321,Songwriting: Concepts and Craft,First Semester,Undergraduate,6.0,In Person,2024
2691,MUSI6008,Sound Archiving,,Postgraduate,6.0,In Person,2024
2692,MUSI3318,Sound Archiving,,Undergraduate,6.0,In Person,2024
2693,COMP8350,Sound and Music Computing,,Postgraduate,6.0,In Person,2024
2694,COMP4350,Sound and Music Computing,,Undergraduate,6.0,In Person,2024
2695,LING2010,Sounds of the World's Languages: Phonetics and Phonology,,Undergraduate,6.0,In Person,2024
2696,LING6010,Sounds of the World's Languages: Phonetics and Phonology,,Postgraduate,6.0,In Person,2024
2697,ASIA2060,Southeast Asian Security,First Semester,Undergraduate,6.0,Online or In Person,2024
2698,LAWS4340,Space Law and Governance,,Undergraduate,6.0,Online,2024
2699,LAWS8340,Space Law and Governance,Winter Session,Postgraduate,6.0,Online,2024
2700,DEMO4063,Spatial Population Data Analysis,,Undergraduate,6.0,In Person,2024
2701,DEMO8063,Spatial Population Data Analysis,,Postgraduate,6.0,In Person,2024
2702,ARTV2820,"Spatial Practice: Installation, Sculpture, Performance",First Semester,Undergraduate,6.0,In Person,2024
2703,ARTV6820,"Spatial Practice: Installation, Sculpture, Performance",,Postgraduate,6.0,In Person,2024
2704,SCOM6015,Speaking of Science,Second Semester,Postgraduate,6.0,In Person,2024
2705,SCOM2015,Speaking of Science,Second Semester,Undergraduate,6.0,In Person,2024
2706,MGMT8172,Special Management Topic,,Postgraduate,6.0,In Person,2024
2707,MMIB8003,Special Research Topic 1,First Semester/Second Semester,Postgraduate,6.0,In Person,2024
2708,MMIB8004,Special Research Topic 2,First Semester/Second Semester,Postgraduate,18.0,In Person,2024
2709,ENVS3016,Special Topic,First Semester/Autumn Session/Winter Session/Second Semester/Spring Session,Undergraduate,6.0,In Person,2024
2710,STST2004,Special Topic in International Security,,Undergraduate,6.0,In Person,2024
2711,MATH6209,Special Topic in Mathematical Sciences,Summer Session/First Semester/Second Semester,Postgraduate,6.0,In Person,2024
2712,MEAS8105,Special Topic in Middle Eastern and Central Asian Studies,,Postgraduate,6.0,In Person,2024
2713,SOCR8004,Special Topic in Social Research,Second Semester,Postgraduate,6.0,In Person,2024
2714,EMSC3050,Special Topics,Summer Session/First Semester/Autumn Session/Winter Session/Second Semester/Spring Session,Undergraduate,6.0,In Person,2024
2715,ECON3112,Special Topics  in Macroeconomics,,Undergraduate,6.0,In Person,2024
2716,ECON8112,Special Topics  in Macroeconomics,,Postgraduate,6.0,In Person,2024
2717,FINM8002,Special Topics - Finance (Corporate and Behavioural Finance),,Postgraduate,6.0,In Person,2024
2718,ENGN6521,Special Topics In  Engineering II,,Postgraduate,6.0,In Person,2024
2719,BUSN3060,Special Topics In Commerce,,Undergraduate,6.0,In Person,2024
2720,BUSN6060,Special Topics In Commerce,,Postgraduate,6.0,In Person,2024
2721,POLS8041,Special Topics In Comparative Politics,,Postgraduate,6.0,In Person,2024
2722,ACST3001,Special Topics in Actuarial Studies,,Undergraduate,6.0,In Person,2024
2723,ACST4051,Special Topics in Actuarial Studies 1,First Semester,Undergraduate,6.0,In Person,2024
2724,ACST8051,Special Topics in Actuarial Studies 1,First Semester,Postgraduate,6.0,In Person,2024
2725,ACST8052,Special Topics in Actuarial Studies 2,,Postgraduate,6.0,In Person,2024
2726,STAT8024,Special Topics in Applied Statistics 1,,Postgraduate,6.0,In Person,2024
2727,STAT8025,Special Topics in Applied Statistics 2,,Postgraduate,6.0,In Person,2024
2728,ARAB3006,Special Topics in Arabic,,Undergraduate,6.0,In Person,2024
2729,ASIA6022,Special Topics in Asian and Pacific Studies,Second Semester,Postgraduate,6.0,In Person,2024
2730,ASIA2112,Special Topics in Asian and Pacific Studies,Second Semester,Undergraduate,6.0,In Person,2024
2731,ASTR8023,Special Topics in Astronomy and Astrophysics,,Postgraduate,6.0,In Person,2024
2732,INDG3005,Special Topics in Australian Indigenous Studies,,Undergraduate,6.0,In Person,2024
2733,BIOL3023,Special Topics in Biology,Second Semester/Spring Session,Undergraduate,6.0,In Person,2024
2734,BIOL6123,Special Topics in Biology,Second Semester/Spring Session,Postgraduate,6.0,In Person,2024
2735,BUSN8010,Special Topics in Commerce,,Postgraduate,6.0,In Person,2024
2736,BUSN4010,Special Topics in Commerce,,Undergraduate,6.0,In Person,2024
2737,BUSN8101,Special Topics in Commerce,,Postgraduate,6.0,In Person,2024
2738,BUSN4101,Special Topics in Commerce,,Undergraduate,6.0,In Person,2024
2739,POLS4041,Special Topics in Comparative Politics,,Undergraduate,6.0,In Person,2024
2740,COMP2710,Special Topics in Computer Science,,Undergraduate,6.0,In Person,2024
2741,COMP6470,Special Topics in Computing,Summer Session,Postgraduate,6.0,In Person,2024
2742,CRIM2011,Special Topics in Criminology,First Semester/Second Semester,Undergraduate,6.0,In Person,2024
2743,DIPL8012,Special Topics in Diplomacy,First Semester,Postgraduate,6.0,Online or In Person,2024
2744,EMSC8014,Special Topics in Earth Science,Summer Session/First Semester/Autumn Session/Winter Session/Second Semester/Spring Session,Postgraduate,6.0,In Person,2024
2745,EMET3020,Special Topics in Econometrics,,Undergraduate,6.0,In Person,2024
2746,ECON8099,Special Topics in Economic Dynamics,,Postgraduate,6.0,In Person,2024
2747,ECON3099,Special Topics in Economic Dynamics,,Undergraduate,6.0,In Person,2024
2748,ECON3020,Special Topics in Economics: Computing and Data Skills,Second Semester,Undergraduate,6.0,In Person,2024
2749,ENGN4521,Special Topics in Engineering 2,,Undergraduate,6.0,In Person,2024
2750,ENGN4522,Special Topics in Engineering 3,,Undergraduate,6.0,In Person,2024
2751,ENGN4523,Special Topics in Engineering 4,,Undergraduate,6.0,In Person,2024
2752,ENGN6520,Special Topics in Engineering I,,Postgraduate,6.0,In Person,2024
2753,ENGN4520,Special Topics in Engineering I,Summer Session,Undergraduate,6.0,In Person,2024
2754,EMDV8041,Special Topics in Environmental Management and Development,,Postgraduate,6.0,In Person,2024
2755,FINM4600,Special Topics in Finance,,Undergraduate,6.0,In Person,2024
2756,FINM3004,Special Topics in Finance,,Undergraduate,6.0,In Person,2024
2757,HLMD1022,Special Topics in Health and Medicine,,Undergraduate,6.0,In Person,2024
2758,HLMD2022,Special Topics in Health and Medicine,,Undergraduate,6.0,In Person,2024
2759,HLMD3022,Special Topics in Health and Medicine,,Undergraduate,6.0,In Person,2024
2760,HLMD8022,Special Topics in Health and Medicine ,,Postgraduate,6.0,In Person,2024
2761,INTR8018,Special Topics in International Relations,,Postgraduate,6.0,Online or In Person,2024
2762,LAWS8148,Special Topics in Law,,Postgraduate,6.0,Online or In Person,2024
2763,LAWS4148,Special Topics in Law,,Undergraduate,6.0,Online or In Person,2024
2764,LING6525,Special Topics in Linguistics,,Postgraduate,6.0,In Person,2024
2765,LING3025,Special Topics in Linguistics,Second Semester,Undergraduate,6.0,In Person,2024
2766,MATH3349,Special Topics in Mathematics,First Semester/Second Semester,Undergraduate,6.0,In Person,2024
2767,MATH4349,Special Topics in Mathematics,First Semester/Second Semester,Undergraduate,6.0,In Person,2024
2768,ECON8110,Special Topics in Microeconomics,,Postgraduate,6.0,In Person,2024
2769,ECON3110,Special Topics in Microeconomics,,Undergraduate,6.0,In Person,2024
2770,MEAS4001,Special Topics in Middle Eastern and Central Asian Studies,,Undergraduate,6.0,In Person,2024
2771,POLS4009,Special Topics in Politics and International Relations 1,,Undergraduate,6.0,In Person,2024
2772,POLS4010,Special Topics in Politics and International Relations 2,,Undergraduate,6.0,In Person,2024
2773,DEMO4091,Special Topics in Population Change,First Semester,Undergraduate,6.0,In Person,2024
2774,DEMO8091,Special Topics in Population Change ,First Semester,Postgraduate,6.0,In Person,2024
2775,PSYC3023,Special Topics in Psychology,Second Semester/Spring Session,Undergraduate,6.0,In Person,2024
2776,REGN8012,Special Topics in Regulation and Governance,First Semester,Postgraduate,6.0,Online or In Person,2024
2777,SCNC1022,Special Topics in Science,Spring Session,Undergraduate,6.0,In Person,2024
2778,SCNC3022,Special Topics in Science,Spring Session,Undergraduate,6.0,In Person,2024
2779,SCNC8022,Special Topics in Science,,Postgraduate,6.0,In Person,2024
2780,SCNC2022,Special Topics in Science,,Undergraduate,6.0,In Person,2024
2781,SCOM3005,Special Topics in Science Communication,Summer Session/First Semester/Autumn Session/Winter Session/Second Semester/Spring Session,Undergraduate,6.0,Online or In Person,2024
2782,SCOM6005,Special Topics in Science Communication,Summer Session/First Semester/Autumn Session/Winter Session/Second Semester/Spring Session,Postgraduate,6.0,Online or In Person,2024
2783,SOCY2168,Special Topics in Sociology,,Undergraduate,6.0,In Person,2024
2784,STAT3039,Special Topics in Statistics,,Undergraduate,6.0,In Person,2024
2785,STAT8016,Special Topics in Statistics 1,,Postgraduate,6.0,In Person,2024
2786,STST8017,Special Topics in Strategic Studies,,Postgraduate,6.0,In Person,2024
2787,ANTH8063,Special Topics: Research-Led Seminar in Anthropology and Planetary Futures,Second Semester,Postgraduate,6.0,Online or In Person,2024
2788,DESN2007,Speculative and Critical Design,First Semester,Undergraduate,6.0,In Person,2024
2789,ASTR6007,Stars,First Semester,Postgraduate,6.0,In Person,2024
2790,ASTR3007,Stars,First Semester,Undergraduate,6.0,In Person,2024
2791,ASTR4022,Stars II and Exoplanets,,Undergraduate,6.0,In Person,2024
2792,ASTR8022,Stars II and Exoplanets,,Postgraduate,6.0,In Person,2024
2793,POLS8043,State Formation and Contested Political Orders,Second Semester,Postgraduate,6.0,Online or In Person,2024
2794,ANTH6134,States and Citizens: Anthropological Perspectives,First Semester,Postgraduate,6.0,In Person,2024
2795,ANTH2134,States and Citizens: Anthropological Perspectives,First Semester,Undergraduate,6.0,In Person,2024
2796,STAT6027,Statistical Inference,First Semester,Postgraduate,6.0,In Person,2024
2797,STAT3013,Statistical Inference,First Semester,Undergraduate,6.0,In Person,2024
2798,STAT4027,Statistical Inference,First Semester,Undergraduate,6.0,In Person,2024
2799,STAT6040,Statistical Learning,,Postgraduate,6.0,In Person,2024
2800,STAT8140,Statistical Learning,First Semester,Postgraduate,6.0,In Person,2024
2801,STAT3040,Statistical Learning,First Semester,Undergraduate,6.0,In Person,2024
2802,STAT4040,Statistical Learning,First Semester,Undergraduate,6.0,In Person,2024
2803,COMP8600,Statistical Machine Learning,First Semester,Postgraduate,6.0,In Person,2024
2804,COMP4670,Statistical Machine Learning,First Semester,Undergraduate,6.0,In Person,2024
2805,COMP8960,Statistical Machine Learning,,Postgraduate,6.0,In Person,2024
2806,STAT1003,Statistical Techniques,First Semester,Undergraduate,6.0,In Person,2024
2807,STAT4500,Statistics Honours Thesis,First Semester/Second Semester,Undergraduate,6.0,In Person,2024
2808,SOCR4001,Statistics for Social Scientists,First Semester,Undergraduate,6.0,In Person,2024
2809,SOCR8001,Statistics for Social Scientists,First Semester,Postgraduate,6.0,Online or In Person,2024
2810,LAWS8072,Statutory Interpretation,Autumn Session,Postgraduate,6.0,Online or In Person,2024
2811,MATH3015,Stochastic Analysis with Financial Applications,Second Semester,Undergraduate,6.0,In Person,2024
2812,MATH6115,Stochastic Analysis with Financial Applications,Second Semester,Postgraduate,6.0,In Person,2024
2813,STAT4018,Stochastic Modelling,First Semester,Undergraduate,6.0,In Person,2024
2814,STAT6018,Stochastic Modelling,First Semester,Postgraduate,6.0,In Person,2024
2815,STAT3004,Stochastic Modelling,First Semester,Undergraduate,6.0,In Person,2024
2816,ENGL2085,Strange Home: Rethinking Australian Literature,First Semester,Undergraduate,6.0,In Person,2024
2817,ENGL6085,Strange Home: Rethinking Australian Literature,First Semester,Postgraduate,6.0,In Person,2024
2818,MKTG7030,Strategic Digital Marketing,First Semester,Postgraduate,6.0,In Person,2024
2819,LAWS8409,Strategic Issues in the Law of Armed Conflict,Winter Session,Postgraduate,6.0,Online,2024
2820,MGMT8022,Strategic Management,First Semester/Second Semester,Postgraduate,6.0,In Person,2024
2821,MKTG3023,Strategic Marketing,First Semester,Undergraduate,6.0,In Person,2024
2822,MKTG7028,Strategic Marketing Communications,Second Semester,Postgraduate,6.0,In Person,2024
2823,POGO8506,Strategic Policymaking,,Postgraduate,6.0,Online or In Person,2024
2824,STST8001,Strategic Studies,First Semester,Postgraduate,6.0,In Person,2024
2825,STST9010,Strategic Studies Concepts and Asia Pacific Conflict,First Semester,Postgraduate,6.0,Online or In Person,2024
2826,STST8010,Strategic Studies Concepts and Asia Pacific Conflict,First Semester,Postgraduate,6.0,Online or In Person,2024
2827,STST8064,Strategic Studies Experience,,Postgraduate,0.0,In Person,2024
2828,STST8059,Strategic Studies Internship,,Postgraduate,6.0,In Person,2024
2829,ECON2141,Strategic Thinking: An introduction to Game Theory,Second Semester,Undergraduate,6.0,In Person,2024
2830,SCOM6501,Strategies in Science Communication,Winter Session,Postgraduate,6.0,Online or In Person,2024
2831,SCOM3501,Strategies in Science Communication,Winter Session,Undergraduate,6.0,In Person,2024
2832,STST8066,"Strategy, Statecraft and Diplomacy for the 21st Century",Second Semester,Postgraduate,6.0,In Person,2024
2833,EMSC6030,Structural Geology and Tectonics,,Postgraduate,6.0,In Person,2024
2834,CHEM3204,Structural Methods in Chemical Biology,Winter Session,Undergraduate,6.0,In Person,2024
2835,CHEM2210,Structure Elucidation in Chemistry,Summer Session/First Semester,Undergraduate,6.0,In Person,2024
2836,CHEM6210,Structure Elucidation in Chemistry,Summer Session/First Semester,Postgraduate,6.0,In Person,2024
2837,EMSC3002,Structure and Tectonic Evolution of the Australian Plate,Second Semester,Undergraduate,6.0,In Person,2024
2838,LING2020,Structure of English,First Semester,Undergraduate,6.0,In Person,2024
2839,COMP6710,Structured Programming,First Semester/Second Semester,Postgraduate,6.0,In Person,2024
2840,COMP1110,Structured Programming,First Semester/Second Semester,Undergraduate,6.0,In Person,2024
2841,COMP1140,Structured Programming (Advanced),Second Semester,Undergraduate,6.0,In Person,2024
2842,FINM6009,Student Managed Fund,First Semester/Second Semester,Postgraduate,6.0,In Person,2024
2843,FINM3009,Student Managed Fund,First Semester/Second Semester,Undergraduate,6.0,In Person,2024
2844,FINM3010,Student Managed Fund Extension,First Semester/Second Semester,Undergraduate,6.0,In Person,2024
2845,FINM6010,Student Managed Fund Extension,First Semester/Second Semester,Postgraduate,6.0,In Person,2024
2846,COMP2560,Studies in Advanced Computing R&D,Second Semester,Undergraduate,6.0,In Person,2024
2847,ARTV2508,Studio Methodologies for Painting,Second Semester,Undergraduate,6.0,In Person,2024
2848,ASIA2022,Study Tour: Cultural Landscapes and Environmental Change in Asia and the Pacific,,Undergraduate,6.0,In Person,2024
2849,ASIA6012,Study Tour: Cultural Landscapes and Environmental Change in Asia and the Pacific,,Postgraduate,6.0,In Person,2024
2850,EMDV8015,Study Tour: Eco-Cultural Tourism,,Postgraduate,6.0,In Person,2024
2851,ASIA2084,"Study Tour: Modern Mongolia - Challenges to the Environment, Economy and Empire",Winter Session,Undergraduate,6.0,In Person,2024
2852,PASI6030,Study Tour: Regional Policymaking for Pacific Development,Winter Session,Postgraduate,6.0,In Person,2024
2853,PASI2030,Study Tour: Regional Policymaking for Pacific Development,Winter Session,Undergraduate,6.0,In Person,2024
2854,STST2020,Study tour: Southeast Asia's Security Choices,,Undergraduate,6.0,In Person,2024
2855,INTR8069,Studying International Relations,First Semester/Second Semester,Postgraduate,6.0,Online or In Person,2024
2856,ARTV2907,"Subverting Stitch: Labour, Gender and Image",First Semester,Undergraduate,6.0,In Person,2024
2857,LAWS4236,Succession,Second Semester,Undergraduate,6.0,Online or In Person,2024
2858,LAWS8436,Succession,,Postgraduate,6.0,Online or In Person,2024
2859,ARCH8029,Supervised Field School Project in Archaeological Science,Spring Session,Postgraduate,6.0,In Person,2024
2860,ASIA8512,Supervised Project in Asia-Pacific Studies,First Semester/Second Semester,Postgraduate,6.0,Online or In Person,2024
2861,LAWS4300,Supervised Research Paper,First Semester/Second Semester,Undergraduate,12.0,In Person,2024
2862,ANTH3010,Supervised Research in Anthropology,First Semester/Second Semester,Undergraduate,6.0,In Person,2024
2863,BIAN3129,Supervised Research in Biological Anthropology,First Semester/Second Semester,Undergraduate,6.0,In Person,2024
2864,DESN2015,"Supporting Bodies: Now that we’re here, where do we sit?",Second Semester,Undergraduate,6.0,In Person,2024
2865,ARTV6823,Supports: Conceptual and Material,,Postgraduate,6.0,In Person,2024
2866,ARTV1803,Supports: Conceptual and Material,Second Semester,Undergraduate,6.0,In Person,2024
2867,SOCY6064,Surveillance and Society,,Postgraduate,6.0,In Person,2024
2868,SOCY2157,Surveillance and Society,,Undergraduate,6.0,In Person,2024
2869,SOCR8002,Survey Data Analysis,Second Semester,Postgraduate,6.0,In Person,2024
2870,SOCR4002,Survey Data Analysis,Second Semester,Undergraduate,6.0,In Person,2024
2871,LAWS4247,Survey of United States Law,,Undergraduate,6.0,In Person,2024
2872,STAT3032,Survival Models,First Semester,Undergraduate,6.0,In Person,2024
2873,STAT4072,Survival Models,First Semester,Undergraduate,6.0,In Person,2024
2874,STAT6042,Survival Models,First Semester,Postgraduate,6.0,In Person,2024
2875,BUSN7017,"Sustainability and Corporate Social Responsibility, Accountability and Reporting",Second Semester,Postgraduate,6.0,In Person,2024
2876,ENVS6223,Sustainable Agricultural Systems,First Semester,Postgraduate,6.0,In Person,2024
2877,ENVS2023,Sustainable Agricultural Systems,First Semester,Undergraduate,6.0,In Person,2024
2878,MGMT7007,Sustainable Business Strategy: Net Zero and Beyond ,,Postgraduate,6.0,In Person,2024
2879,ENVS1008,Sustainable Development,Second Semester,Undergraduate,6.0,In Person,2024
2880,LAWS8037,Sustainable Energy Law,,Postgraduate,6.0,Online or In Person,2024
2881,ENVS8019,Sustainable Futures: Thinking in Systems,Second Semester,Postgraduate,6.0,In Person,2024
2882,MKTG2002,Sustainable Marketing,First Semester,Undergraduate,6.0,In Person,2024
2883,ENGN4027,Sustainable Nanomaterials,,Undergraduate,6.0,In Person,2024
2884,ENVS2012,Sustainable Urban Systems,Spring Session,Undergraduate,6.0,In Person,2024
2885,ENVS8605,Sustainable Urban Systems,Second Semester,Postgraduate,6.0,In Person,2024
2886,CHEM3201,Synthetic Aspects of Medicinal Chemistry,First Semester,Undergraduate,6.0,In Person,2024
2887,MEAS6007,"Syria in the Levant: State, Society, and the Current Turmoil",Second Semester,Postgraduate,6.0,In Person,2024
2888,MEAS3007,"Syria in the Levant: State, Society, and the Current Turmoil",Second Semester,Undergraduate,6.0,In Person,2024
2889,ENGN3331,System Dynamics,First Semester,Undergraduate,6.0,In Person,2024
2890,ENGN6331,Systems Dynamics,First Semester,Postgraduate,6.0,In Person,2024
2891,ENGN4221,Systems Engineering Project,,Undergraduate,6.0,In Person,2024
2892,ENGN8120,Systems Modelling,Second Semester,Postgraduate,6.0,In Person,2024
2893,NEUR6102,Systems Neuroscience,Second Semester,Postgraduate,6.0,In Person,2024
2894,NEUR3112,Systems Neuroscience,Second Semester,Undergraduate,6.0,In Person,2024
2895,COMP6310,"Systems, Networks and Concurrency",Second Semester,Postgraduate,6.0,In Person,2024
2896,COMP2310,"Systems, Networks, and Concurrency",Second Semester,Undergraduate,6.0,In Person,2024
2897,ASIA6072,Taiwan: History and Culture,Second Semester,Postgraduate,6.0,Online or In Person,2024
2898,ASIA2072,Taiwan: History and Culture,Second Semester,Undergraduate,6.0,In Person,2024
2899,CHIN2013,Taiwanese (Southern Min),Autumn Session,Undergraduate,6.0,In Person,2024
2900,ASIA2222,Taiwanese Society and Politics,Summer Session,Undergraduate,6.0,In Person,2024
2901,CRIM2015,Targeted Violence: Criminological Approaches to Understanding and Prevention,,Undergraduate,6.0,In Person,2024
2902,BUSN7021,Taxation Law,First Semester/Second Semester,Postgraduate,6.0,In Person,2024
2903,JPNS3012,Teaching Japanese: Content,First Semester,Undergraduate,6.0,Online or In Person,2024
2904,JPNS3014,Teaching Japanese: Method,,Undergraduate,6.0,In Person,2024
2905,LING2013,Teaching Languages,,Undergraduate,6.0,Online or In Person,2024
2906,LING6013,Teaching Languages,,Postgraduate,6.0,Online or In Person,2024
2907,MGMT3002,Techniques for Business Project Management,Second Semester,Undergraduate,6.0,In Person,2024
2908,MGMT7020,Technology and Project Management,First Semester/Winter Session/Second Semester,Postgraduate,6.0,Online or In Person,2024
2909,ENGL2116,Televisual: Investigating Narrative Television,Second Semester,Undergraduate,6.0,In Person,2024
2910,ENGL6116,Televisual: Investigating Narrative Television,Second Semester,Postgraduate,6.0,In Person,2024
2911,HIST1209,Terror to Terrorism: A History,Second Semester,Undergraduate,6.0,In Person,2024
2912,POLS8027,Terrorism and Counter Terrorism,,Postgraduate,6.0,In Person,2024
2913,POLS4027,Terrorism and Counter Terrorism,,Undergraduate,6.0,In Person,2024
2914,NSPO8046,Terrorism and national security,Spring Session,Postgraduate,3.0,In Person,2024
2915,TETM1002,Tetum 1,First Semester,Undergraduate,6.0,Online,2024
2916,TETM1003,Tetum 2,Second Semester,Undergraduate,6.0,Online,2024
2917,TETM2004,Tetum 3,First Semester,Undergraduate,6.0,Online,2024
2918,TETM2005,Tetum 4,Second Semester,Undergraduate,6.0,Online,2024
2919,ARTV2911,Textiles Thinking: Synthesising Philosophical and Material Approaches  ,,Undergraduate,6.0,In Person,2024
2920,ENGL2020,Texts in Performance,,Undergraduate,6.0,In Person,2024
2921,THAI1002,Thai 1,First Semester,Undergraduate,6.0,Online,2024
2922,THAI1003,Thai 2,Second Semester,Undergraduate,6.0,Online,2024
2923,THAI2002,Thai 3,First Semester,Undergraduate,6.0,Online or In Person,2024
2924,THAI2003,Thai 4,Second Semester,Undergraduate,6.0,Online or In Person,2024
2925,THAI3002,Thai 5,First Semester,Undergraduate,6.0,Online or In Person,2024
2926,THAI3008,Thai 6,Second Semester,Undergraduate,6.0,Online or In Person,2024
2927,HIST2206,"The Anzac Battlefields and Beyond: A Study Tour of Gallipoli, London, Paris and the Western Front",,Undergraduate,12.0,In Person,2024
2928,ARCH6050,The Archaeology of South East Asia,First Semester,Postgraduate,6.0,In Person,2024
2929,ARTH6057,The Art and Politics of Collecting,,Postgraduate,12.0,In Person,2024
2930,ECHI1006,The Australian Economy: Past and Present,First Semester,Undergraduate,6.0,In Person,2024
2931,HIST2221,The Birth of Modernity: Britain 1688-1848,,Undergraduate,6.0,In Person,2024
2932,EMSC1006,The Blue Planet: An Introduction to Earth System Science,First Semester,Undergraduate,6.0,In Person,2024
2933,EMSC6107,The Blue Planet: an Introduction to Earth System Science,First Semester,Postgraduate,6.0,In Person,2024
2934,ASIA8023,The Body in Contemporary Chinese Cultures,,Postgraduate,6.0,Online or In Person,2024
2935,ARTV2717,The Book as Art,First Semester,Undergraduate,6.0,In Person,2024
2936,ARTV6717,The Book as Art,First Semester,Postgraduate,6.0,In Person,2024
2937,PASI8306,The China Alternative? Changing Geopolitics in the Pacific,,Postgraduate,3.0,Online or In Person,2024
2938,IDEC8021,The Chinese Economy,First Semester,Postgraduate,6.0,Online or In Person,2024
2939,HIST2141,The Cold War: 1945-1989,,Undergraduate,6.0,In Person,2024
2940,ASIA3034,The Contemporary Chinese World: From Mao to Now,,Undergraduate,6.0,In Person,2024
2941,HIST9101,"The Craft of History: Approaches, Themes, Methods",First Semester,Postgraduate,6.0,In Person,2024
2942,POGO8016,The Economic Way of Thinking,First Semester,Postgraduate,6.0,In Person,2024
2943,IDEC8081,The Economics of Incentives and Institutions,First Semester,Postgraduate,6.0,Online or In Person,2024
2944,ECON2091,"The Economy, Politics and the State",,Undergraduate,6.0,In Person,2024
2945,ECON4491,"The Economy, Politics and the State",,Undergraduate,6.0,In Person,2024
2946,ECON8091,"The Economy, Politics and the State",,Postgraduate,6.0,In Person,2024
2947,ARTV1202,The Elevated Surface: concepts and joinery for wooden tables,Second Semester,Undergraduate,6.0,In Person,2024
2948,HIST8228,The Enlightenment and Its Critics: 1700 to the Present,Second Semester,Postgraduate,6.0,Online or In Person,2024
2949,HIST2228,The Enlightenment: Europe and the World 1660-1800,Second Semester,Undergraduate,6.0,In Person,2024
2950,ENGN4902,The Environmental Impacts of Engineered Systems,First Semester,Undergraduate,6.0,In Person,2024
2951,DESN2012,The Ethics of Making: Design for Reparative Practices,,Undergraduate,6.0,In Person,2024
2952,NSPO8018,The Evolution of National Security Policy since 1945,First Semester,Postgraduate,6.0,In Person,2024
2953,NSPO8048,The Future of Intelligence,Winter Session,Postgraduate,3.0,In Person,2024
2954,POGO8213,The Global Trading System,,Postgraduate,6.0,In Person,2024
2955,HIST2214,The Great War. The Conflict that Changed the World.,First Semester,Undergraduate,6.0,In Person,2024
2956,MEAS4113,The Gulf Strategic Environment,,Undergraduate,6.0,In Person,2024
2957,MEAS8113,The Gulf Strategic Environment,,Postgraduate,6.0,In Person,2024
2958,ARCH6006,The History of Archaeology: Discovering the Past,Second Semester,Postgraduate,6.0,In Person,2024
2959,BIAN6001,The Human Voyage: Intoduction to Biological Anthropology,Second Semester,Postgraduate,6.0,Online or In Person,2024
2960,BIAN1001,The Human Voyage: Introduction to Biological Anthropology,Second Semester,Undergraduate,6.0,In Person,2024
2961,CRIM2000,The Illicit Economy,,Undergraduate,6.0,Online,2024
2962,WARS2003,The Korean War,,Undergraduate,6.0,Online or In Person,2024
2963,WARS6088,The Korean War,,Postgraduate,6.0,Online or In Person,2024
2964,LAWS8125,The Law of Corporate Governance,,Postgraduate,6.0,Online or In Person,2024
2965,LAWS4312,The Law of Money,,Undergraduate,6.0,Online or In Person,2024
2966,LAWS8401,The Law of Weaponry and Targeting,Winter Session,Postgraduate,6.0,Online,2024
2967,ENGL2040,The Making of Literature: Topics in Literary Production and Reception,First Semester,Undergraduate,6.0,In Person,2024
2968,ENGL6040,The Making of Literature: Topics in Literary Production and Reception,First Semester,Postgraduate,6.0,In Person,2024
2969,ASIA6010,The Making of Modern Japan: From Samurai to Economic Superpower and Beyond,First Semester,Postgraduate,6.0,In Person,2024
2970,ASIA2009,The Making of Modern Japan: From Samurai to Economic Superpower and Beyond,First Semester,Undergraduate,6.0,In Person,2024
2971,ASIA6006,The Making of Modern Korea,,Postgraduate,6.0,Online or In Person,2024
2972,ASIA2040,The Making of Modern Korea,,Undergraduate,6.0,Online or In Person,2024
2973,ASIA6271,The Making of South Asia,First Semester,Postgraduate,6.0,Online or In Person,2024
2974,ASIA2271,The Making of South Asia,First Semester,Undergraduate,6.0,Online or In Person,2024
2975,PHIL3077,The Metaphysics of David Lewis,,Undergraduate,6.0,In Person,2024
2976,ASIA6116,The Mongol Empire in World History,,Postgraduate,6.0,Online or In Person,2024
2977,ASIA2016,The Mongol Empire in World History,,Undergraduate,6.0,Online or In Person,2024
2978,CLAS2013,"The Muse and the Machine: The Arts, Technology and Society in Graeco-Roman Antiquity",,Undergraduate,6.0,In Person,2024
2979,ASIA1999,The Origins of Political Order in Asia,Second Semester,Undergraduate,6.0,In Person,2024
2980,BAPA1001,The Origins of Political Order in Asia,Spring Session,Undergraduate,6.0,In Person,2024
2981,DESN1004,"The Past as Prototype: History, Ethics and Concepts for Design in the Twenty-First Century",First Semester,Undergraduate,6.0,In Person,2024
2982,PHIL3078,The Philosophy of Emotions,,Undergraduate,6.0,In Person,2024
2983,PHIL3075,"The Philosophy of Gender: Knowledge, Power, Bodies",,Undergraduate,6.0,In Person,2024
2984,PHIL2127,The Philosophy of Time,,Undergraduate,6.0,In Person,2024
2985,ARTV6605,The Photographic Document: Materiality and Form,,Postgraduate,6.0,In Person,2024
2986,ARTV2605,The Photographic Document: Materiality and Form,,Undergraduate,6.0,In Person,2024
2987,ASIA2275,The Pleasures and Powers of Stories in South and Southeast Asia,Winter Session,Undergraduate,6.0,Online or In Person,2024
2988,REGN8050,The Policy and Practice of Regulation,Winter Session,Postgraduate,6.0,Online or In Person,2024
2989,PASI8307,The Political Economy of Service Delivery in Melanesia,,Postgraduate,3.0,Online or In Person,2024
2990,MEAS2105,The Political Economy of the Middle East,First Semester,Undergraduate,6.0,In Person,2024
2991,POGO8402,The Political and Institutional Architecture of Public Policy,Second Semester,Postgraduate,6.0,In Person,2024
2992,PASI8005,The Politics of Aid and Development in the Pacific,Second Semester,Postgraduate,6.0,In Person,2024
2993,ASIA6026,The Politics of China,Second Semester,Postgraduate,6.0,In Person,2024
2994,ASIA2026,The Politics of China,Second Semester,Undergraduate,6.0,In Person,2024
2995,POLS3032,The Politics of Empire,Second Semester,Undergraduate,6.0,In Person,2024
2996,POLS6100,The Politics of Empire,Second Semester,Postgraduate,6.0,In Person,2024
2997,POLS3035,The Politics of International Law,Second Semester,Undergraduate,6.0,Online or In Person,2024
2998,INTR2024,The Politics of Nuclear Weapons,,Undergraduate,6.0,In Person,2024
2999,HIST9102,The Professional Historian: Advanced Training,Second Semester,Postgraduate,6.0,In Person,2024
3000,ARTV2909,"The Public Project: engagement strategies for artists, designers, institutions and communities",First Semester,Undergraduate,6.0,In Person,2024
3001,STST8052,The Resort to Force: Understanding Military Power,Second Semester,Postgraduate,6.0,In Person,2024
3002,DIPL8016,The Role of Non-State Actors in East Asian Diplomacy,,Postgraduate,6.0,Online or In Person,2024
3003,LAWS8339,The Rule of Law and Constitutionalism in Greater China,Second Semester,Postgraduate,6.0,Online or In Person,2024
3004,LAWS4339,The Rule of Law and Constitutionalism in Greater China,Second Semester,Undergraduate,6.0,Online or In Person,2024
3005,MUSI4401,The Scholar Musician 1,First Semester,Undergraduate,6.0,In Person,2024
3006,MUSI7003,The Scholar Musician 1,First Semester,Postgraduate,6.0,In Person,2024
3007,MUSI8001,The Scholar Musician 2,Second Semester,Postgraduate,6.0,In Person,2024
3008,MUSI4402,The Scholar Musician 2,Second Semester,Undergraduate,6.0,In Person,2024
3009,PSYC3002,The Social Psychology of Group Processes and Social Change,First Semester,Undergraduate,6.0,In Person,2024
3010,HIST2242,The Soviet Union: From the Russian Revolution to the Collapse of Communism,Second Semester,Undergraduate,6.0,In Person,2024
3011,LING6020,The Structure of English,First Semester,Postgraduate,6.0,Online or In Person,2024
3012,WARS2002,The Vietnam Wars: 1941-1989,,Undergraduate,6.0,Online or In Person,2024
3013,PSYC1005,The Wellbeing Formula: The Science and Practice of Making a Good Life,Second Semester,Undergraduate,6.0,Online or In Person,2024
3014,ECHI6009,The World Economy Since 1800,,Postgraduate,6.0,In Person,2024
3015,ASIA2130,"The archaeology of rock art in Asia, Pacific and Australia ",Summer Session,Undergraduate,6.0,In Person,2024
3016,ARCH6130,"The archaeology of rock art in Asia, Pacific and Australia ",Summer Session,Postgraduate,6.0,In Person,2024
3017,FREN3515,The sounds of French: Phonetics and Pronunciation,,Undergraduate,6.0,In Person,2024
3018,ENGL6008,Theories and Methodologies for Literary Studies,,Postgraduate,6.0,In Person,2024
3019,ENGL3008,Theories and Methodologies for Literary Studies,,Undergraduate,6.0,In Person,2024
3020,ARTH3007,Theories of Art History and Curatorial Studies,Second Semester,Undergraduate,6.0,In Person,2024
3021,CRIM4001,Theories of Crime and Justice,First Semester,Undergraduate,6.0,In Person,2024
3022,PHIL2020,Theories of Social Justice,,Undergraduate,6.0,In Person,2024
3023,WARS2001,Theories of War: An historical and global perspective,First Semester,Undergraduate,6.0,In Person,2024
3024,BIAN8005,Theory Seminar in Biological Anthropology,First Semester,Postgraduate,6.0,In Person,2024
3025,BIAN4010,Theory Seminar in Biological Anthropology and Archaeology,First Semester,Undergraduate,12.0,In Person,2024
3026,ANTH4012,Theory and Ethnography in the Analysis of Cultures,,Undergraduate,12.0,In Person,2024
3027,MMIB8008,Theory in Management: Process and Content,,Postgraduate,6.0,Online or In Person,2024
3028,COMP6363,Theory of Computation,First Semester,Postgraduate,6.0,In Person,2024
3029,COMP3630,Theory of Computation,First Semester,Undergraduate,6.0,In Person,2024
3030,MATH8202,Theory of Partial Differential Equations,Second Semester,Postgraduate,6.0,In Person,2024
3031,MATH4202,Theory of Partial Differential Equations Honours,Second Semester,Undergraduate,6.0,In Person,2024
3032,PHYS2020,Thermal and Statistical Physics,First Semester,Undergraduate,6.0,In Person,2024
3033,PHYS6020,Thermal and Statistical Physics,First Semester,Postgraduate,6.0,In Person,2024
3034,THES4102,Thesis,First Semester/Second Semester,Undergraduate,6.0,In Person,2024
3035,THES4103,Thesis,First Semester/Second Semester,Undergraduate,6.0,In Person,2024
3036,THES8103,Thesis,First Semester/Second Semester,Postgraduate,6.0,In Person,2024
3037,THES8105,Thesis,First Semester/Second Semester,Postgraduate,6.0,In Person,2024
3038,INTR8038,Thesis,First Semester/Second Semester,Postgraduate,24.0,Online or In Person,2024
3039,DIPL8011,Thesis,First Semester/Second Semester,Postgraduate,24.0,Online or In Person,2024
3040,EMDV8016,Thesis,First Semester/Second Semester,Postgraduate,12.0,Online or In Person,2024
3041,NSPO8031,Thesis,First Semester/Second Semester,Postgraduate,12.0,Online or In Person,2024
3042,REGN8008,Thesis,First Semester/Second Semester,Postgraduate,24.0,Online or In Person,2024
3043,THES4100,Thesis,First Semester/Second Semester,Undergraduate,6.0,In Person,2024
3044,THES4501,Thesis,First Semester/Second Semester,Undergraduate,6.0,In Person,2024
3045,THES8100,Thesis,First Semester/Second Semester,Postgraduate,6.0,In Person,2024
3046,ANTH8050,Thesis,,Postgraduate,6.0,Online or In Person,2024
3047,THES4105,Thesis,First Semester/Second Semester,Undergraduate,6.0,In Person,2024
3048,THES4502,Thesis,First Semester/Second Semester,Undergraduate,6.0,In Person,2024
3049,THES8102,Thesis,First Semester/Second Semester,Postgraduate,6.0,In Person,2024
3050,ASIA8500,Thesis (24 units),First Semester/Second Semester,Postgraduate,24.0,Online or In Person,2024
3051,THES8113,Thesis (Online),First Semester/Second Semester,Postgraduate,6.0,Online,2024
3052,INTR8039,Thesis (Part Time),First Semester/Second Semester,Postgraduate,12.0,Online or In Person,2024
3053,DIPL8017,Thesis (Part-time),First Semester/Second Semester,Postgraduate,12.0,Online or In Person,2024
3054,STST8071,Thesis - Full-time,First Semester/Second Semester,Postgraduate,24.0,In Person,2024
3055,STST8072,Thesis - Part-time,First Semester/Second Semester,Postgraduate,12.0,In Person,2024
3056,REGN8025,Thesis - Part-time,First Semester/Second Semester,Postgraduate,12.0,Online or In Person,2024
3057,ENGL4020,Thesis Writing Workshop,First Semester/Second Semester,Undergraduate,6.0,In Person,2024
3058,HUMN9104,Thesis Writing Workshop: The Five Essential Elements of a Thesis,Second Semester,Postgraduate,6.0,In Person,2024
3059,MATH4005,Thesis and Presentations in Mathematics,Summer Session/First Semester/Second Semester,Undergraduate,6.0,In Person,2024
3060,SCOM4005,Thesis and Seminar in Science Communication,First Semester/Second Semester,Undergraduate,6.0,In Person,2024
3061,ARCH3023,Thinking Through the Past: Archaeological Theory from 1950,,Undergraduate,6.0,In Person,2024
3062,ARCH6023,Thinking Through the Past: Archaeological Theory from 1950,,Postgraduate,6.0,In Person,2024
3063,MGMT7060,Thought Leadership in Organisations,Second Semester,Postgraduate,6.0,In Person,2024
3064,TIBN1002,Tibetan 1,First Semester,Undergraduate,6.0,Online,2024
3065,TIBN1003,Tibetan 2,,Undergraduate,6.0,Online,2024
3066,TIBN2004,Tibetan 3,First Semester,Undergraduate,6.0,Online,2024
3067,TIBN2005,Tibetan 4,,Undergraduate,6.0,Online,2024
3068,TOKP1002,Tok Pisin 1,First Semester,Undergraduate,6.0,Online,2024
3069,TOKP1003,Tok Pisin 2,Second Semester,Undergraduate,6.0,Online,2024
3070,TOKP2001,Tok Pisin 3,First Semester,Undergraduate,6.0,Online,2024
3071,TOKP2002,Tok Pisin 4,Second Semester,Undergraduate,6.0,Online,2024
3072,MGMT7170,Tools and Techniques for Business Project Management,First Semester,Postgraduate,6.0,Online or In Person,2024
3073,LANG4002,Topics in Advanced Language Studies 1,First Semester/Second Semester,Undergraduate,6.0,In Person,2024
3074,LANG4003,Topics in Advanced Language Studies 2,First Semester/Second Semester,Undergraduate,6.0,In Person,2024
3075,LING6026,Topics in Advanced Syntax and Morphology,Second Semester,Postgraduate,6.0,In Person,2024
3076,LING3126,Topics in Advanced Syntax and Morphology,Second Semester,Undergraduate,6.0,In Person,2024
3077,PHIL2014,Topics in Analytic Philosophy,,Undergraduate,6.0,In Person,2024
3078,ASIA9051,Topics in Asia and Pacific Research,First Semester/Second Semester,Postgraduate,6.0,In Person,2024
3079,CLAS4008,Topics in Classics,Second Semester,Undergraduate,12.0,In Person,2024
3080,CLAS8008,Topics in Classics,Second Semester,Postgraduate,12.0,In Person,2024
3081,MATH8201,Topics in Computational Maths,First Semester,Postgraduate,6.0,In Person,2024
3082,MATH4201,Topics in Computational Maths Honours,First Semester,Undergraduate,6.0,In Person,2024
3083,COMP3710,Topics in Computer Science,Summer Session/Spring Session,Undergraduate,6.0,In Person,2024
3084,ENVS8048,Topics in Environment & Society,First Semester/Autumn Session/Second Semester/Spring Session,Postgraduate,6.0,In Person,2024
3085,FINM8007,Topics in International Finance,First Semester/Second Semester,Postgraduate,6.0,In Person,2024
3086,LING9001,Topics in Linguistics,First Semester,Postgraduate,6.0,In Person,2024
3087,ECON4401,Topics in Macroeconomics,,Undergraduate,6.0,In Person,2024
3088,ECON8001,Topics in Macroeconomics,,Postgraduate,6.0,In Person,2024
3089,MATH6211,Topics in Mathematical Physics,Second Semester,Postgraduate,6.0,In Person,2024
3090,ECON4421,Topics in Microeconomic Theory,Second Semester,Undergraduate,6.0,In Person,2024
3091,ECON8021,Topics in Microeconomic Theory,Second Semester,Postgraduate,6.0,In Person,2024
3092,LAWS4233,Tort Liability and Public Authorities,First Semester,Undergraduate,6.0,Online or In Person,2024
3093,LAWS8142,Tort Liability and Public Authorities,First Semester,Postgraduate,6.0,Online or In Person,2024
3094,LAWS6103,Torts,First Semester,Postgraduate,6.0,Online or In Person,2024
3095,LAWS1203,Torts,First Semester,Undergraduate,6.0,In Person,2024
3096,EMDV8017,Toxic: Environmental Pollution and Waste,First Semester,Postgraduate,6.0,Online or In Person,2024
3097,FINM4017,Trading and Markets,Second Semester,Undergraduate,6.0,In Person,2024
3098,FINM8017,Trading and Markets,Second Semester,Postgraduate,6.0,In Person,2024
3099,ANTH2005,"Traditional Australian Indigenous Cultures, Societies and Environment",Second Semester,Undergraduate,6.0,In Person,2024
3100,ANTH6005,"Traditional Australian Indigenous Cultures, Societies and Environment",Second Semester,Postgraduate,6.0,In Person,2024
3101,EMDV8101,Transformative Approaches to Socio-Environmental Change and Sustainability,Second Semester,Postgraduate,6.0,Online or In Person,2024
3102,SOCY3124,Transforming Society,,Undergraduate,6.0,In Person,2024
3103,LANG8016,Translation Project,Second Semester,Postgraduate,6.0,In Person,2024
3104,LANG6002,Translation across Languages: Specialised Materials,,Postgraduate,6.0,In Person,2024
3105,LANG6001,Translation across Languages: The Translation of Literary Texts,,Postgraduate,6.0,In Person,2024
3106,LANG3002,Translation across Languages: specialised material,,Undergraduate,6.0,In Person,2024
3107,LANG3001,Translation across Languages: the translation of literary texts,,Undergraduate,6.0,In Person,2024
3108,LAWS8009,Transnational Anti-Corruption Laws,Winter Session,Postgraduate,6.0,Online or In Person,2024
3109,LANG4100,Transnational Cultural Studies,Second Semester,Undergraduate,12.0,In Person,2024
3110,DIPL8001,Transnational Diplomacy,First Semester,Postgraduate,6.0,Online or In Person,2024
3111,SCRN3001,Transnational Screens: Crossing Borders and Identities,,Undergraduate,6.0,In Person,2024
3112,ASIA6272,Truth and Falsity in Indian History and Politics,First Semester,Postgraduate,6.0,Online or In Person,2024
3113,ASIA3272,Truth and Falsity in Indian History and Politics,First Semester,Undergraduate,6.0,Online or In Person,2024
3114,MMIB8007,Tsinghua Research Project,,Postgraduate,6.0,Online or In Person,2024
3115,HIST2219,"Tudor-Stuart England, c.1485-1714: Politics, Society and Culture",,Undergraduate,6.0,In Person,2024
3116,MEAS6006,Turkish History: Ottoman State to Modern Turkey,,Postgraduate,6.0,In Person,2024
3117,MEAS6504,Turkish Politics and Foreign Policy,Second Semester,Postgraduate,6.0,In Person,2024
3118,MEAS2004,Turkish Politics and Foreign Policy,Second Semester,Undergraduate,6.0,In Person,2024
3119,DESN2009,Typography in Context,Second Semester,Undergraduate,6.0,In Person,2024
3120,POLS2127,U.S. Politics,,Undergraduate,6.0,In Person,2024
3121,HUMN8019,UNESCO and World Heritage: Conserving Heritage Values,Autumn Session,Postgraduate,6.0,Online,2024
3122,INTR2016,US Foreign and Security Policy in Asia,,Undergraduate,6.0,In Person,2024
3123,INTR8067,US Foreign and Security Policy in the Asia-Pacific,,Postgraduate,6.0,In Person,2024
3124,INTR8085,US-China Great Power Politics,,Postgraduate,6.0,In-Person and Online,2024
3125,MUSC8012,Understanding Learning in Museums and Heritage,Winter Session,Postgraduate,6.0,Online or In Person,2024
3126,SOCY3007,Understanding Neoliberalism,Second Semester,Undergraduate,6.0,Online or In Person,2024
3127,BAPA1002,Understanding Peace and Conflict,Spring Session,Undergraduate,6.0,In Person,2024
3128,INTR1021,Understanding Peace and Conflict,First Semester,Undergraduate,6.0,In Person,2024
3129,DEMO2001,Understanding Population Change,Second Semester,Undergraduate,6.0,In Person,2024
3130,PASI8303,"Understanding the Pacific 1: Foundational Concepts, Critical Perspectives",,Postgraduate,3.0,Online or In Person,2024
3131,PASI8304,"Understanding the Pacific 2: New Actors, Contemporary Issues",,Postgraduate,3.0,Online or In Person,2024
3132,EURO2012,"Uniting Europe: history, politics, theory",,Undergraduate,6.0,In Person,2024
3133,POGO8234,Unpacking Policy Capacity,Winter Session,Postgraduate,3.0,In Person,2024
3134,VCUG3001,Unravelling Complexity,Second Semester,Undergraduate,6.0,In Person,2024
3135,LAWS4001,Unravelling Complexity,Second Semester,Undergraduate,6.0,In Person,2024
3136,VCPG6001,Unravelling Complexity,Second Semester,Postgraduate,6.0,In Person,2024
3137,ENGN8832,Urban Energy and Energy Efficiency,Second Semester,Postgraduate,6.0,Online,2024
3138,SOCR8202,Using Data to Answer Policy Questions and Evaluate Policy,Autumn Session/Second Semester,Postgraduate,6.0,Online or In Person,2024
3139,ENGL3036,Victorian Literature,Second Semester,Undergraduate,6.0,In Person,2024
3140,ENGL6036,Victorian Literature,Second Semester,Postgraduate,6.0,In Person,2024
3141,ARTV1612,Video Art: Editing and Montage,First Semester,Undergraduate,6.0,In Person,2024
3142,ARTV6612,Video Art: Editing and Montage,First Semester,Postgraduate,6.0,In Person,2024
3143,ENVS6017,Vietnam Field School,Summer Session,Postgraduate,6.0,In Person,2024
3144,ENVS2017,Vietnam Field School,Summer Session,Undergraduate,6.0,In Person,2024
3145,VIET1002,Vietnamese 1,First Semester,Undergraduate,6.0,Online,2024
3146,VIET1003,Vietnamese 2,Second Semester,Undergraduate,6.0,Online,2024
3147,VIET2002,Vietnamese 3,First Semester,Undergraduate,6.0,Online,2024
3148,VIET2003,Vietnamese 4,Second Semester,Undergraduate,6.0,Online,2024
3149,VIET3002,Vietnamese 5,First Semester,Undergraduate,6.0,Online,2024
3150,VIET3003,Vietnamese 6,,Undergraduate,6.0,Online,2024
3151,POLS4043,Violence and Political Order,Second Semester,Undergraduate,6.0,In Person,2024
3152,SPAN3100,Violence and Power in Hispanic Literature: Crímenes Perfectos,Second Semester,Undergraduate,6.0,Online or In Person,2024
3153,ANTH2130,Violence and Terror,First Semester,Undergraduate,6.0,In Person,2024
3154,ANTH6516,Violence and Terror,First Semester,Postgraduate,6.0,In Person,2024
3155,DESN1002,Visual Communication: Design and Production,First Semester,Undergraduate,6.0,In Person,2024
3156,PSYC3015,Visual and Cognitive Neuroscience,Second Semester,Undergraduate,6.0,In Person,2024
3157,FREN3107,Voyages littéraires: Literature in French,,Undergraduate,6.0,In Person,2024
3158,WARS2004,War in the Islands: The Second World War in the Pacific,,Undergraduate,6.0,In Person,2024
3159,WARS6006,War in the Islands: The Second World War in the Pacific,,Postgraduate,6.0,Online or In Person,2024
3160,WARS1001,"War in the Modern World, 1789 to today",First Semester,Undergraduate,6.0,Online or In Person,2024
3161,POLS3022,Washington DC Internship,,Undergraduate,12.0,In Person,2024
3162,EMDV8079,"Water Justice, Management and Governance",Autumn Session,Postgraduate,6.0,Online or In Person,2024
3163,ENVS6555,Water Management,First Semester,Postgraduate,6.0,In Person,2024
3164,ENVS3005,Water Management,First Semester,Undergraduate,6.0,In Person,2024
3165,ENVS2020,Water Science,Summer Session,Undergraduate,6.0,In Person,2024
3166,ENVS6022,Water Science,Summer Session,Postgraduate,6.0,In Person,2024
3167,ENGN4901,Water Systems Engineering,First Semester,Undergraduate,6.0,In Person,2024
3168,MEAS4002,"Ways of Reading the Middle East, Central Asia and their Diasporas: the Big Issues",,Undergraduate,6.0,In Person,2024
3169,COMP6780,Web Development and Design,First Semester,Postgraduate,6.0,In Person,2024
3170,COMP1710,Web Development and Design,First Semester,Undergraduate,6.0,In Person,2024
3171,ASIA2304,What is Literature? Asian Perspectives,First Semester,Undergraduate,6.0,In Person,2024
3172,ENGN4548,Wind Energy,Second Semester,Undergraduate,6.0,In Person,2024
3173,ENGN6548,Wind Energy,Second Semester,Postgraduate,6.0,In Person,2024
3174,ENGN6536,Wireless Communications,Second Semester,Postgraduate,6.0,In Person,2024
3175,ENGN4536,Wireless Communications,Second Semester,Undergraduate,6.0,In Person,2024
3176,INTR8077,"Women, Peace and Security: Defining and Addressing Complex Security Challenges of the 21st Century",First Semester,Postgraduate,6.0,Online or In Person,2024
3177,POGO8068,Work Based Research Project,Autumn Session,Postgraduate,12.0,In Person,2024
3178,LAWS8341,Work and the Gig Economy,,Postgraduate,6.0,Online,2024
3179,ECHI3009,World Economy Since 1800,,Undergraduate,6.0,In Person,2024
3180,HIST2136,"World at War, 1939-1945",,Undergraduate,6.0,Online or In Person,2024
3181,ARTV2908,Woven Worlds,,Undergraduate,6.0,In Person,2024
3182,ARTH8021,Writing About Art and Creative Practice,,Postgraduate,6.0,In Person,2024
3183,GEND3016,Writing Lives: Autobiography in Fiction and Memoir,,Undergraduate,6.0,In Person,2024
3184,MUSI6211,Writing about Music 1: Styles and Theories,First Semester,Postgraduate,6.0,In Person,2024
3185,MUSI2211,Writing about Music 1: Styles and Theories,First Semester,Undergraduate,6.0,In Person,2024
3186,MUSI3313,Writing about Music 2: Sources and Methods,,Undergraduate,6.0,In Person,2024
3187,ARTV8030,Writing about practice-led research,Autumn Session,Postgraduate,6.0,In Person,2024
3188,ENGL2451,"Writing and Technology: Theories, Texts and Debates",,Undergraduate,6.0,In Person,2024
3189,ENGL9002,Writing for Publication: Developing an Academic Paper,First Semester,Postgraduate,6.0,In Person,2024
3190,HUMN8026,Writing in the Public Sphere,,Postgraduate,6.0,Online or In Person,2024
3191,ENGL9020,Writing the Thesis,First Semester,Postgraduate,6.0,In Person,2024
3192,HUMN8012,"Writing, World Histories and Lives: Research Project",,Postgraduate,6.0,In Person,2024
3193,ASIA3551,Year in Asia,First Semester/Second Semester,Undergraduate,24.0,In Person,2024
3194,CRIM2006,Young People and Crime: Developmental Criminology and its Discontents,,Undergraduate,6.0,In Person,2024
3195,GEND2037,"Young People, Sex and Consent",Second Semester,Undergraduate,6.0,In Person,2024
3196,LAWS4267,Youth Law Clinic,First Semester/Second Semester,Undergraduate,6.0,In Person,2024
3197,LAWS6267,Youth Law Clinic,First Semester/Second Semester,Postgraduate,6.0,In Person,2024
