,CourseCode,Name,Session,Career,Units,ModeOfDelivery,Year
0,MGMT7169,A Management Framework For Business Projects,Second Semester,Postgraduate,6.0,In Person,2025
1,DIPL8020,A Sociology of Diplomacy ,Autumn Session,Postgraduate,6.0,Online or In Person,2025
2,CBEA6070,ANU College of Business and Economics Internship Program (PG),First Semester/Second Semester,Postgraduate,6.0,In Person,2025
3,CBEA3070,ANU College of Business and Economics Internship Program (UG),First Semester/Second Semester,Undergraduate,6.0,In Person,2025
4,EXTN1007A,ANU Extension Advanced Japanese A,,Undergraduate,0.0,In Person,2025
5,EXTN1007B,ANU Extension Advanced Japanese B,,Undergraduate,6.0,In Person,2025
6,EXTN1001A,ANU Extension Astrophysics A,,Undergraduate,0.0,In Person,2025
7,EXTN1001B,ANU Extension Astrophysics B,Autumn Session,Undergraduate,6.0,In Person,2025
8,EXTN1004A,ANU Extension Biodiversity A,,Undergraduate,0.0,In Person,2025
9,EXTN1004B,ANU Extension Biodiversity B,Autumn Session,Undergraduate,6.0,In Person,2025
10,EXTN1002A,ANU Extension Chemistry A,,Undergraduate,0.0,In Person,2025
11,EXTN1002B,ANU Extension Chemistry B,Autumn Session,Undergraduate,6.0,In Person,2025
12,EXTN1003A,ANU Extension Continuing Chinese A,,Undergraduate,0.0,In Person,2025
13,EXTN1003B,ANU Extension Continuing Chinese B,,Undergraduate,6.0,In Person,2025
14,EXTN1006A,ANU Extension Continuing Japanese A,,Undergraduate,0.0,In Person,2025
15,EXTN1006B,ANU Extension Continuing Japanese B,Autumn Session,Undergraduate,6.0,In Person,2025
16,EXTN1019A,ANU Extension Creative Computing A,,Undergraduate,0.0,In Person,2025
17,EXTN1019B,ANU Extension Creative Computing B,Autumn Session,Undergraduate,6.0,In Person,2025
18,EXTN1005A,ANU Extension Discovering Engineering A,,Undergraduate,0.0,In Person,2025
19,EXTN1005B,ANU Extension Discovering Engineering B,Autumn Session,Undergraduate,6.0,In Person,2025
20,EXTN1020B,ANU Extension Global Perspectives in Commerce B,Autumn Session,Undergraduate,6.0,In Person,2025
21,EXTN1010A,ANU Extension Indonesian Politics and Culture A,,Undergraduate,0.0,In Person,2025
22,EXTN1010B,ANU Extension Indonesian Politics and Culture B,,Undergraduate,6.0,In Person,2025
23,EXTN1008A,ANU Extension Korean Language and Culture A,,Undergraduate,0.0,In Person,2025
24,EXTN1008B,ANU Extension Korean Language and Culture B,,Undergraduate,6.0,In Person,2025
25,EXTN1011A,ANU Extension Physics A,,Undergraduate,0.0,In Person,2025
26,EXTN1011B,ANU Extension Physics B,Autumn Session,Undergraduate,6.0,In Person,2025
27,EXTN1012A,ANU Extension Specialist Mathematics A,,Undergraduate,0.0,In Person,2025
28,EXTN1012B,ANU Extension Specialist Mathematics B,Autumn Session,Undergraduate,6.0,In Person,2025
29,BIOL3188,ANU SynBio Challenge Team Project,Second Semester,Undergraduate,6.0,In Person,2025
30,BIOL6188,ANU SynBio Challenge Team Project,Second Semester,Postgraduate,6.0,In Person,2025
31,SCNC5922,ANU/NUS JD (Band 2 NP),First Semester/Second Semester,Undergraduate,6.0,In Person,2025
32,HLTH3001,Aboriginal and Torres Strait Islander Health,First Semester,Undergraduate,6.0,In Person,2025
33,HIST2022,Aboriginal and Torres Strait Islander History,First Semester,Undergraduate,6.0,In Person,2025
34,PHYS8203,Accelerators and their Application,First Semester,Postgraduate,6.0,In Person,2025
35,BUSN6051,Accounting Analytics,,Postgraduate,6.0,In Person,2025
36,BUSN7051,Accounting Analytics,,Postgraduate,6.0,In Person,2025
37,BUSN4500,Accounting Honours Thesis,First Semester/Second Semester,Undergraduate,6.0,In Person,2025
38,INFS2005,Accounting Information Systems,First Semester/Second Semester,Undergraduate,6.0,In Person,2025
39,INFS7004,Accounting Information Systems,First Semester/Second Semester,Postgraduate,6.0,In Person,2025
40,BUSN1002,Accounting Processes and Systems,First Semester/Second Semester,Undergraduate,6.0,In Person,2025
41,BUSN3001,Accounting Theory,First Semester/Second Semester,Undergraduate,6.0,In Person,2025
42,BUSN8068,Accounting for Sustainability,First Semester/Second Semester,Postgraduate,6.0,In Person,2025
43,ASIA8021,Activism and Social Change in Asia and the Pacific,Second Semester,Postgraduate,6.0,In Person,2025
44,ACST4031,Actuarial Control Cycle 1,First Semester,Undergraduate,6.0,In Person,2025
45,ACST8040,Actuarial Control Cycle 1,First Semester,Postgraduate,6.0,In Person,2025
46,ACST8041,Actuarial Control Cycle 2,Second Semester,Postgraduate,6.0,In Person,2025
47,ACST4032,Actuarial Control Cycle 2,Second Semester,Undergraduate,6.0,In Person,2025
48,ACST6032,Actuarial Data Analysis,Second Semester,Postgraduate,6.0,In Person,2025
49,ACST3032,Actuarial Data Analysis,Second Semester,Undergraduate,6.0,In Person,2025
50,ACST4062,Actuarial Data Analysis,Second Semester,Undergraduate,6.0,In Person,2025
51,ACST4500,Actuarial Honours Thesis,First Semester/Second Semester,Undergraduate,6.0,In Person,2025
52,STAT3038,Actuarial Techniques,Second Semester,Undergraduate,6.0,In Person,2025
53,STAT6045,Actuarial Techniques,Second Semester,Postgraduate,6.0,In Person,2025
54,ENGL2067,Adaptation: From Text to Screen,Second Semester,Undergraduate,6.0,In Person,2025
55,ENGL6067,Adaptation: From Text to Screen,,Postgraduate,6.0,In Person,2025
56,LAWS6201,Administrative Law,First Semester,Postgraduate,6.0,In Person,2025
57,LAWS2201,Administrative Law,First Semester,Undergraduate,6.0,In Person,2025
58,BUSN3051,Advanced Accounting Data Analytics ,Second Semester,Undergraduate,6.0,In Person,2025
59,LAWS4262,Advanced Administrative Law,,Undergraduate,6.0,In Person,2025
60,LAWS8462,Advanced Administrative Law,,Postgraduate,6.0,Online or In Person,2025
61,MATH2322,"Advanced Algebra 1: Groups, Rings and Linear Algebra",Second Semester,Undergraduate,6.0,In Person,2025
62,MATH3345,Advanced Algebra 2: Field extensions and Galois Theory,First Semester,Undergraduate,6.0,In Person,2025
63,COMP4600,Advanced Algorithms,,Undergraduate,6.0,In Person,2025
64,COMP8460,Advanced Algorithms,,Postgraduate,6.0,In Person,2025
65,MATH2320,Advanced Analysis 1: Metric Spaces and Applications,First Semester,Undergraduate,6.0,In Person,2025
66,MATH3320,Advanced Analysis 2: Lebesgue Integration and Hilbert Spaces,First Semester,Undergraduate,6.0,In Person,2025
67,BUSN8051,Advanced Analytics in Contemporary Accounting,First Semester/Second Semester,Postgraduate,6.0,In Person,2025
68,GREK3125,Advanced Ancient Greek,First Semester/Second Semester,Undergraduate,6.0,In Person,2025
69,PSYC8521,Advanced Applications in Psychological Practice,Second Semester,Postgraduate,6.0,In Person,2025
70,IDEC8064,Advanced Applied Microeconomics,First Semester,Postgraduate,6.0,Online or In Person,2025
71,ARAB3001,Advanced Arabic 1,First Semester,Undergraduate,6.0,Online or In Person,2025
72,ARAB3002,Advanced Arabic 2,Second Semester,Undergraduate,6.0,Online or In Person,2025
73,ARAB3100,Advanced Arabic 3 ,,Undergraduate,6.0,Online,2025
74,PSYC8510,Advanced Assessment in Professional Psychology,First Semester,Postgraduate,6.0,In Person,2025
75,ECON6080,Advanced Behavioral Economics,,Postgraduate,6.0,In Person,2025
76,ECON3180,Advanced Behavioral Economics,,Undergraduate,6.0,In Person,2025
77,ECON4480,Advanced Behavioral Economics,,Undergraduate,6.0,In Person,2025
78,ECON8080,Advanced Behavioral Economics,,Postgraduate,6.0,In Person,2025
79,EMET8020,Advanced Case Studies in Applied Econometrics and Applied Economics,,Postgraduate,6.0,In Person,2025
80,MATH3228,Advanced Complex Analysis,Second Semester,Undergraduate,6.0,In Person,2025
81,COMP4820,Advanced Computing Internship,First Semester/Second Semester,Undergraduate,12.0,In Person,2025
82,COMP4560,Advanced Computing Project,Summer Session/First Semester/Second Semester,Undergraduate,6.0,In Person,2025
83,COMP8800,Advanced Computing Research Project,First Semester/Second Semester,Postgraduate,12.0,In Person,2025
84,COMP8715,Advanced Computing Team Project,First Semester/Second Semester,Postgraduate,6.0,In Person,2025
85,LAWS8218,Advanced Contracts,,Postgraduate,6.0,Online or In Person,2025
86,ENGN8224,Advanced Control Systems,Second Semester,Postgraduate,6.0,In Person,2025
87,FINM4015,Advanced Corporate Finance,First Semester/Second Semester,Undergraduate,6.0,In Person,2025
88,FINM8004,Advanced Corporate Finance,First Semester/Second Semester,Postgraduate,6.0,In Person,2025
89,ENGL3078,Advanced Creative Writing: Genre and Literary Value,Second Semester,Undergraduate,6.0,In Person,2025
90,CRIM8005,Advanced Criminological Theory,,Postgraduate,6.0,Online or In Person,2025
91,CRIM4001,Advanced Criminology Seminar,First Semester,Undergraduate,6.0,In Person,2025
92,CRIM8012,Advanced Criminology Seminar,,Postgraduate,6.0,In Person,2025
93,FINM6007,Advanced Derivatives Pricing and Applications,Second Semester,Postgraduate,6.0,In Person,2025
94,FINM3007,Advanced Derivatives Pricing and Applications,Second Semester,Undergraduate,6.0,In Person,2025
95,MATH3342,Advanced Differential Geometry,First Semester,Undergraduate,6.0,In Person,2025
96,EMET4314,Advanced Econometrics I,First Semester,Undergraduate,6.0,In Person,2025
97,EMET8014,Advanced Econometrics I,First Semester,Postgraduate,6.0,In Person,2025
98,EMET4308,Advanced Econometrics II,,Undergraduate,6.0,In Person,2025
99,EMET8008,Advanced Econometrics II,,Postgraduate,6.0,In Person,2025
100,PHYS3102,Advanced Electromagnetism,First Semester,Undergraduate,6.0,In Person,2025
101,PHYS6102,Advanced Electromagnetism,First Semester,Postgraduate,6.0,In Person,2025
102,PHIL3073,"Advanced Ethics, Social and Political Philosophy",First Semester/Second Semester,Undergraduate,6.0,In Person,2025
103,BIOL3303,Advanced Field Studies in Functional Ecology,Spring Session,Undergraduate,6.0,In Person,2025
104,BIOL6303,Advanced Field Studies in Functional Ecology,Spring Session,Postgraduate,6.0,In Person,2025
105,ARCH8002,Advanced Field Training in Archaeological Science,Winter Session,Postgraduate,6.0,In Person,2025
106,FREN3103,Advanced French Studies I,First Semester,Undergraduate,6.0,In Person,2025
107,FREN3104,Advanced French Studies II,Second Semester,Undergraduate,6.0,In Person,2025
108,MATH6214,"Advanced Functional Analysis, Spectral Theory, and Applications",Second Semester,Postgraduate,6.0,In Person,2025
109,MATH3325,"Advanced Functional Analysis, Spectral Theory, and Applications",Second Semester,Undergraduate,6.0,In Person,2025
110,PERS3002,Advanced Functional Persian,,Undergraduate,6.0,Online,2025
111,STAT3065,Advanced General Insurance,First Semester,Undergraduate,6.0,In Person,2025
112,STAT6065,Advanced General Insurance,First Semester,Postgraduate,6.0,In Person,2025
113,GERM3103,Advanced German Studies I,First Semester,Undergraduate,6.0,In Person,2025
114,GERM3104,Advanced German Studies II,Second Semester,Undergraduate,6.0,In Person,2025
115,PHYS8721,Advanced Imaging Methods and Systems,First Semester,Postgraduate,6.0,In Person,2025
116,LAWS4264,Advanced International Law,,Undergraduate,6.0,In Person,2025
117,FINM4106,Advanced Investments,First Semester/Second Semester,Undergraduate,6.0,In Person,2025
118,FINM8006,Advanced Investments,First Semester/Second Semester,Postgraduate,6.0,In Person,2025
119,ITAL3103,Advanced Italian Studies I,First Semester,Undergraduate,6.0,In Person,2025
120,ITAL3104,Advanced Italian Studies II,Second Semester,Undergraduate,6.0,In Person,2025
121,JPNS3006,Advanced Japanese:  Language in Context,,Undergraduate,6.0,In Person,2025
122,JPNS3005,Advanced Japanese: Issues in Contemporary Japan,Second Semester,Undergraduate,6.0,In Person,2025
123,JPNS3007,Advanced Japanese: Readings in Culture and Society,First Semester,Undergraduate,6.0,In Person,2025
124,JPNS3008,Advanced Japanese: Readings in Literature,,Undergraduate,6.0,In Person,2025
125,KORE3015,Advanced Korean A: Film and Society,First Semester,Undergraduate,6.0,In Person,2025
126,KORE3018,Advanced Korean B: Culture and History,Second Semester,Undergraduate,6.0,In Person,2025
127,LATN3125,Advanced Latin,First Semester/Second Semester,Undergraduate,6.0,In Person,2025
128,LAWS8800,Advanced Legal Methods and Legal Writing,First Semester/Second Semester,Postgraduate,6.0,Online or In Person,2025
129,LAWS9800,Advanced Legal Methods and Legal Writing,First Semester/Second Semester,Postgraduate,6.0,Online or In Person,2025
130,CHIN3015,Advanced Literary Chinese,Second Semester,Undergraduate,6.0,Online or In Person,2025
131,ECON8026,Advanced Macroeconomic Analysis,First Semester/Second Semester,Postgraduate,6.0,In Person,2025
132,BUSN6003,Advanced Management Accounting,,Postgraduate,6.0,In Person,2025
133,BUSN3003,Advanced Management Accounting,,Undergraduate,6.0,In Person,2025
134,BUSN8003,Advanced Managerial Decision Making,,Postgraduate,6.0,In Person,2025
135,CHEM3202,Advanced Materials,First Semester,Undergraduate,6.0,In Person,2025
136,CHEM6202,Advanced Materials,First Semester,Postgraduate,6.0,In Person,2025
137,CHEM8031,Advanced Materials Manufacturing,Second Semester,Postgraduate,6.0,In Person,2025
138,MATH6208,Advanced Mathematical Bioinformatics,First Semester,Postgraduate,6.0,In Person,2025
139,MATH3353,Advanced Mathematical Bioinformatics,First Semester,Undergraduate,6.0,In Person,2025
140,STAT6056,Advanced Mathematical Statistics,Second Semester,Postgraduate,6.0,In Person,2025
141,STAT3056,Advanced Mathematical Statistics,Second Semester,Undergraduate,6.0,In Person,2025
142,MATH1116,Advanced Mathematics and Applications  2,Second Semester,Undergraduate,6.0,In Person,2025
143,MATH1115,Advanced Mathematics and Applications 1,First Semester,Undergraduate,6.0,In Person,2025
144,ECON8025,Advanced Microeconomic Analysis,First Semester/Second Semester,Postgraduate,6.0,In Person,2025
145,BIOL3203,Advanced Microscopy in Biosciences,Winter Session,Undergraduate,6.0,In Person,2025
146,BIOL6203,Advanced Microscopy in Biosciences,Winter Session,Postgraduate,6.0,In Person,2025
147,PERS3005,Advanced Persian A,,Undergraduate,6.0,Online,2025
148,PERS3006,Advanced Persian B,,Undergraduate,6.0,Online,2025
149,PHIL3074,Advanced Philosophical Topics,Second Semester,Undergraduate,6.0,In Person,2025
150,LAWS8183,Advanced Principles of International Law,,Postgraduate,6.0,Online or In Person,2025
151,PSYC8511,Advanced Psychological Interventions,First Semester,Postgraduate,6.0,In Person,2025
152,PHYS3101,Advanced Quantum Mechanics,First Semester,Undergraduate,6.0,In Person,2025
153,PHYS6101,Advanced Quantum Mechanics,First Semester,Postgraduate,6.0,In Person,2025
154,ENGN4222,Advanced Reactor Science,Second Semester,Undergraduate,6.0,In Person,2025
155,PHYS8212,Advanced Reactor Science,Second Semester,Postgraduate,6.0,In Person,2025
156,CLAS9001,Advanced Readings in Classical Studies,,Postgraduate,6.0,In Person,2025
157,LING4106,Advanced Readings in Linguistics,First Semester/Second Semester,Undergraduate,6.0,In Person,2025
158,ECON8887,Advanced Research Essay,First Semester/Second Semester,Postgraduate,6.0,In Person,2025
159,PSYC3018,Advanced Research Methods,First Semester,Undergraduate,6.0,In Person,2025
160,EMDV9102,Advanced Research Methods for Environmental Management and Development,First Semester,Postgraduate,6.0,Online or In Person,2025
161,EMDV9066,Advanced Research Project in Environmental Management & Development,Second Semester,Postgraduate,12.0,Online or In Person,2025
162,EMDV9008,Advanced Research Proposal for Environmental Management and Development,First Semester,Postgraduate,6.0,Online or In Person,2025
163,BIOL8702,Advanced Research Techniques,First Semester,Postgraduate,12.0,In Person,2025
164,SOCY9002,Advanced Social Research Methods,Second Semester,Postgraduate,6.0,In Person,2025
165,LING3036,Advanced Sociolinguistics,First Semester,Undergraduate,6.0,In Person,2025
166,LING6036,Advanced Sociolinguistics,First Semester,Postgraduate,6.0,In Person,2025
167,SPAN3030,Advanced Spanish topics in Language and Culture,,Undergraduate,6.0,In Person,2025
168,STAT4050,Advanced Statistical Learning,Second Semester,Undergraduate,6.0,In Person,2025
169,STAT3050,Advanced Statistical Learning,Second Semester,Undergraduate,6.0,In Person,2025
170,STAT6050,Advanced Statistical Learning,Second Semester,Postgraduate,6.0,In Person,2025
171,PHYS3103,Advanced Statistical Mechanics,Second Semester,Undergraduate,6.0,In Person,2025
172,PHYS6103,Advanced Statistical Mechanics,Second Semester,Postgraduate,6.0,In Person,2025
173,STAT3006,Advanced Stochastic Processes,Second Semester,Undergraduate,6.0,In Person,2025
174,STAT6060,Advanced Stochastic Processes,Second Semester,Postgraduate,6.0,In Person,2025
175,SCNC3101,Advanced Studies Course,Summer Session/First Semester/Autumn Session/Winter Session/Second Semester/Spring Session,Undergraduate,6.0,In Person,2025
176,SCNC2101,Advanced Studies Course,Summer Session/First Semester/Autumn Session/Winter Session/Second Semester/Spring Session,Undergraduate,6.0,In Person,2025
177,BPHB1114,Advanced Studies in the Social Sciences and Humanities 1,Second Semester,Undergraduate,6.0,In Person,2025
178,BPHB2114,Advanced Studies in the Social Sciences and Humanities 2,Summer Session/First Semester/Autumn Session/Winter Session/Second Semester/Spring Session,Undergraduate,6.0,In Person,2025
179,BPHB3114,Advanced Studies in the Social Sciences and Humanities 3,Summer Session/First Semester/Autumn Session/Winter Session/Second Semester/Spring Session,Undergraduate,12.0,In Person,2025
180,SOCR8010,Advanced Survey Data Analysis,Second Semester,Postgraduate,6.0,In Person,2025
181,SOCR8203,Advanced Techniques in the Creation of Social Science Data,,Postgraduate,6.0,Online or In Person,2025
182,MATH3354,Advanced Topics in Algebra,Second Semester,Undergraduate,6.0,In Person,2025
183,MATH6216,Advanced Topics in Algebra,Second Semester,Postgraduate,6.0,In Person,2025
184,COMP4620,Advanced Topics in Artificial Intelligence,Second Semester,Undergraduate,6.0,In Person,2025
185,COMP8620,Advanced Topics in Artificial intelligence,Second Semester,Postgraduate,6.0,In Person,2025
186,BIAN8010,Advanced Topics in Biological Anthropology,Winter Session,Postgraduate,6.0,Online or In Person,2025
187,ENGN8637,Advanced Topics in Communications and Signal Processing,,Postgraduate,6.0,In Person,2025
188,COMP4045,Advanced Topics in Computer Systems,Second Semester,Undergraduate,6.0,In Person,2025
189,COMP8045,Advanced Topics in Computer Systems & Architecture,Second Semester,Postgraduate,6.0,In Person,2025
190,ENGN8501,Advanced Topics in Computer Vision,Second Semester,Postgraduate,6.0,In Person,2025
191,COMP8539,Advanced Topics in Computer Vision,Second Semester,Postgraduate,6.0,In Person,2025
192,COMP8536,Advanced Topics in Deep Learning for Computer Vision,,Postgraduate,6.0,In Person,2025
193,COMP4011,Advanced Topics in Formal Methods and Programming Languages    ,First Semester,Undergraduate,6.0,In Person,2025
194,COMP8011,Advanced Topics in Formal Methods and Programming Languages    ,First Semester,Postgraduate,6.0,In Person,2025
195,COMP4680,Advanced Topics in Machine Learning,Second Semester,Undergraduate,6.0,In Person,2025
196,COMP8650,Advanced Topics in Machine Learning,Second Semester,Postgraduate,6.0,In Person,2025
197,MATH3351,Advanced Topics in Mathematical Physics,Second Semester,Undergraduate,6.0,In Person,2025
198,MUSI3324,Advanced Topics in Music Analysis,,Undergraduate,6.0,In Person,2025
199,PHIL4011,Advanced Topics in Philosophy,First Semester/Second Semester,Undergraduate,6.0,In Person,2025
200,PHIL4012,Advanced Topics in Philosophy 2,First Semester/Second Semester,Undergraduate,6.0,In Person,2025
201,ECON6901,"Advanced Topics in Poverty, Public Policy and Development",Second Semester,Postgraduate,6.0,In Person,2025
202,ECON8901,"Advanced Topics in Poverty, Public Policy and Development",,Postgraduate,6.0,In Person,2025
203,BIOL8002,Advanced Topics in Quantitative Biology,Second Semester,Postgraduate,6.0,In Person,2025
204,ENGN8536,Advanced Topics in Robotics and Autonomous Systems,Second Semester,Postgraduate,6.0,In Person,2025
205,BIOL3144,Advanced and Applied Immunology,Second Semester,Undergraduate,6.0,In Person,2025
206,BIOL6144,Advanced and Applied Immunology,Second Semester,Postgraduate,6.0,In Person,2025
207,BIOL6107,Advances in Medical and Plant Biochemistry,First Semester,Postgraduate,6.0,In Person,2025
208,BIOL3107,Advances in Medical and Plant Biochemistry,First Semester,Undergraduate,6.0,In Person,2025
209,BIOL3177,Advances in Molecular Plant Science,First Semester,Undergraduate,6.0,In Person,2025
210,BIOL6177,Advances in Molecular Plant Science,First Semester,Postgraduate,6.0,In Person,2025
211,ENGN3338,Aerodynamics,First Semester,Undergraduate,6.0,In Person,2025
212,ENGN3339,Aerospace Structures and Materials,First Semester,Undergraduate,6.0,In Person,2025
213,ENVS3042,Agricultural Innovation,Second Semester,Undergraduate,6.0,In Person,2025
214,ENVS6342,Agricultural Innovation,Second Semester,Postgraduate,6.0,In Person,2025
215,ENVS2024,Agricultural Systems,Winter Session,Undergraduate,6.0,In Person,2025
216,ENVS6224,Agricultural Systems,Winter Session,Postgraduate,6.0,In Person,2025
217,IDEC8018,Agricultural and Resource Economics ,Second Semester,Postgraduate,6.0,Online or In Person,2025
218,ENGN4339,Aircraft and Spacecraft - Design and Performance,Second Semester,Undergraduate,6.0,In Person,2025
219,ASIA2747,"Airlines in Asia and the Pacific: Histories, Technologies, Cultures, and Geographies",Second Semester,Undergraduate,6.0,In Person,2025
220,CRIM2005,"Alcohol, Drugs and Crime: Promoting Health and Preventing Consequences",,Undergraduate,6.0,In Person,2025
221,CLAS2015,Alexander the Great and the Hellenistic World: An Age of Transformation and Discovery,,Undergraduate,6.0,In Person,2025
222,MATH6118,"Algebra 1: Groups, Rings and Advanced Linear Algebra",Second Semester,Postgraduate,6.0,In Person,2025
223,MATH6215,Algebra 2: Field extensions and Galois Theory,First Semester,Postgraduate,6.0,In Person,2025
224,MATH1003,Algebra and Calculus Methods,First Semester,Undergraduate,6.0,In Person,2025
225,MATH8204,Algebraic Topology,Second Semester,Postgraduate,6.0,In Person,2025
226,MATH4204,Algebraic Topology Honours,Second Semester,Undergraduate,6.0,In Person,2025
227,COMP6466,Algorithms,Second Semester,Postgraduate,6.0,In Person,2025
228,COMP3600,Algorithms,Second Semester,Undergraduate,6.0,In Person,2025
229,STST8053,"Alliances in Asia: theory, history and practice",Second Semester,Postgraduate,6.0,In Person,2025
230,ENGL3021,"American Literature: Nature, Retreat, Experiment",First Semester,Undergraduate,6.0,In Person,2025
231,MATH6110,Analysis 1: Metric spaces and Applications,First Semester,Postgraduate,6.0,In Person,2025
232,MATH6212,Analysis 2: Lebesgue Integration and Hilbert Spaces,First Semester,Postgraduate,6.0,In Person,2025
233,BUSN4007,Analysis of Financial Reporting,First Semester,Undergraduate,6.0,In Person,2025
234,BUSN8007,Analysis of Financial Reporting,First Semester,Postgraduate,6.0,In Person,2025
235,POPH8313,Analysis of Public Health Data,Second Semester,Postgraduate,6.0,Online or In Person,2025
236,ARCH6043,Analysis of Vertebrate Remains,Autumn Session,Postgraduate,6.0,In Person,2025
237,ARCH3043,Analysis of Vertebrate Remains,Autumn Session,Undergraduate,6.0,In Person,2025
238,INFS8211,Analytics for Digital Transformation,,Postgraduate,6.0,In Person,2025
239,ARCH8044,Ancient Biomolecules And Our Past,Second Semester,Postgraduate,6.0,In Person,2025
240,CLAS1006,"Ancient Greece: History, Culture and Society",Second Semester,Undergraduate,6.0,In Person,2025
241,BIAN3125,Ancient Health and Disease,,Undergraduate,6.0,In Person,2025
242,BIAN6512,Ancient Health and Disease,,Postgraduate,6.0,In Person,2025
243,ARCH2030,Angkor: Power and Glory. The Rise of States in Southeast Asia,Second Semester,Undergraduate,6.0,Online or In Person,2025
244,ARCH3108,Animal and Plant Domestication,First Semester,Undergraduate,6.0,In Person,2025
245,ARCH6108,Animal and Plant Domestication,First Semester,Postgraduate,6.0,In Person,2025
246,CHMD8009,Anthropological Approaches to Health Interventions,Second Semester,Postgraduate,6.0,Online or In Person,2025
247,ANTH9112,Anthropological Field Methods,Autumn Session,Postgraduate,12.0,In Person,2025
248,ANTH9949,Anthropological Methods for PhD students,Autumn Session,Postgraduate,12.0,In Person,2025
249,ANTH9901,Anthropology PhD Thesis Writing Workshop,First Semester/Second Semester,Postgraduate,12.0,In Person,2025
250,ANTH8061,Anthropology and Planetary Futures,First Semester,Postgraduate,6.0,Online or In Person,2025
251,BIAN2064,Anthropology of Environmental Disasters,,Undergraduate,6.0,In Person,2025
252,ANTH6064,Anthropology of Environmental Disasters,,Postgraduate,6.0,In Person,2025
253,ANTH1003,Anthropology: Critical Foundations,Second Semester,Undergraduate,6.0,In Person,2025
254,ANTH6003,Anthropology: Critical Foundations ,Second Semester,Postgraduate,6.0,In Person,2025
255,ARAB3010,Applied Arabic,Spring Session,Undergraduate,12.0,In Person,2025
256,FINM7007,Applied Corporate Finance,First Semester/Second Semester,Postgraduate,6.0,In Person,2025
257,CECS8005,Applied Cybernetics Professional Experience,,Postgraduate,0.0,In Person,2025
258,CYBN8005,Applied Cybernetics Professional Experience,Autumn Session/Winter Session/Second Semester/Spring Session,Postgraduate,0.0,In Person,2025
259,FINM6041,Applied Derivatives,First Semester/Second Semester,Postgraduate,6.0,In Person,2025
260,IDEC8020,Applied Economic Dynamics,First Semester,Postgraduate,6.0,Online or In Person,2025
261,MGMT8020,Applied Entrepreneurship and Innovation,,Postgraduate,6.0,In Person,2025
262,FINM8014,Applied Financial Intermediation and Debt Markets,,Postgraduate,6.0,In Person,2025
263,FINM7006,Applied Foundations of Finance,First Semester/Second Semester,Postgraduate,6.0,In Person,2025
264,FINM6015,Applied Foundations of Fintech,Second Semester,Postgraduate,6.0,In Person,2025
265,EMSC3033,Applied Geophysics,First Semester,Undergraduate,6.0,In Person,2025
266,FINM7008,Applied Investments,First Semester/Second Semester,Postgraduate,6.0,In Person,2025
267,EMET4310,Applied Macro & Financial Econometrics,Second Semester,Undergraduate,6.0,In Person,2025
268,EMET8010,Applied Macro and Financial Econometrics,,Postgraduate,6.0,In Person,2025
269,EMET3008,Applied Macro and Financial Econometrics,Second Semester,Undergraduate,6.0,In Person,2025
270,EMET6010,Applied Macro and Financial Econometrics,Second Semester,Postgraduate,6.0,In Person,2025
271,MKTG8060,Applied Market Research,Second Semester,Postgraduate,6.0,In Person,2025
272,PHYS4301,Applied Mathematical Methods in Physics,First Semester,Undergraduate,6.0,In Person,2025
273,PHYS8301,Applied Mathematical Methods in Physics,First Semester,Postgraduate,6.0,In Person,2025
274,MATH2305,Applied Mathematics I,First Semester,Undergraduate,6.0,In Person,2025
275,MATH6405,Applied Mathematics I: Ordinary Differential Equations and Vector Calculus,First Semester,Postgraduate,6.0,In Person,2025
276,MATH2306,Applied Mathematics II,Second Semester,Undergraduate,6.0,In Person,2025
277,EMET3006,Applied Micro-econometrics,First Semester/Second Semester,Undergraduate,6.0,In Person,2025
278,EMET6001,Applied Micro-econometrics,First Semester/Second Semester,Postgraduate,6.0,In Person,2025
279,EMET4301,Applied Micro-econometrics,First Semester/Second Semester,Undergraduate,6.0,In Person,2025
280,ENGN4613,Applied Optics,Second Semester,Undergraduate,6.0,In Person,2025
281,ENGN6613,Applied Optics,Second Semester,Postgraduate,6.0,In Person,2025
282,PHYS6502,Applied Optics,Second Semester,Postgraduate,6.0,In Person,2025
283,PHYS3051,Applied Optics,Second Semester,Undergraduate,6.0,In Person,2025
284,CRWF7000,Applied Policy Project,,Postgraduate,6.0,In Person,2025
285,FINM6016,Applied Portfolio Construction,First Semester/Second Semester,Postgraduate,6.0,In Person,2025
286,FINM8100,Applied Project in Finance,First Semester/Second Semester,Postgraduate,6.0,In Person,2025
287,STAT4102,Applied Time Series Analysis,First Semester,Undergraduate,6.0,In Person,2025
288,STAT8002,Applied Time Series Analysis,First Semester,Postgraduate,6.0,In Person,2025
289,MMIB4001,Applied Topics in Business Honours Studies,First Semester/Second Semester,Undergraduate,6.0,In Person,2025
290,MMIB8001,Applied Topics in Business Studies,Summer Session/First Semester/Autumn Session/Second Semester,Postgraduate,6.0,In Person,2025
291,FINM6005,Applied Valuation,First Semester/Second Semester,Postgraduate,6.0,In Person,2025
292,ECON8113,Applied Welfare Economics,,Postgraduate,6.0,In Person,2025
293,ECON4040,Applied Welfare Economics,,Undergraduate,6.0,In Person,2025
294,EMET6002,Applied micro-econometrics,,Postgraduate,6.0,In Person,2025
295,EMET8001,Applied micro-econometrics,,Postgraduate,6.0,In Person,2025
296,BIOL6210,Appreciating Parasites: From Molecules to Ecosystems,Spring Session,Postgraduate,6.0,In Person,2025
297,BIOL3210,Appreciating Parasites: From Molecules to Ecosystems,Spring Session,Undergraduate,6.0,In Person,2025
298,HIST2110,Approaches to History,First Semester,Undergraduate,6.0,In Person,2025
299,HIST3110,Approaches to History,First Semester,Undergraduate,6.0,In Person,2025
300,ASIA8022,"Approaching Asia and the Pacific: Concepts, Tools, and Methods ",First Semester,Postgraduate,6.0,In Person,2025
301,ARCH6008,Archaeological Field Methods,Second Semester,Postgraduate,6.0,In Person,2025
302,ARCH2061,Archaeological Field Methods,Second Semester,Undergraduate,6.0,In Person,2025
303,ARCH2055,Archaeological Fieldschools and Fieldwork Practice,Spring Session,Undergraduate,6.0,In Person,2025
304,ARCH2007,Archaeological Laboratory Methods,,Undergraduate,6.0,In Person,2025
305,ARCH8042,Archaeological Science Internship,Summer Session/First Semester/Autumn Session/Winter Session/Second Semester/Spring Session,Postgraduate,6.0,In Person,2025
306,ARCH8031,Archaeological Science Research Project 2,Summer Session/First Semester/Autumn Session/Winter Session/Second Semester/Spring Session,Postgraduate,6.0,In Person,2025
307,ARCH8030,Archaeological and Evolutionary Science Research Project 1,Summer Session/First Semester/Autumn Session/Winter Session/Second Semester/Spring Session,Postgraduate,6.0,Online or In Person,2025
308,ARCH4003,Archaeology and Biological Anthropology Honours Writing Seminar,Second Semester,Undergraduate,6.0,In Person,2025
309,ARCH2052,Archaeology in Film and Fiction,,Undergraduate,6.0,In Person,2025
310,ASIA6202,Archaeology of China,Second Semester,Postgraduate,6.0,In Person,2025
311,ASIA2203,Archaeology of China,Second Semester,Undergraduate,6.0,In Person,2025
312,ARCH6030,Archaeology of Ritual and Religion,,Postgraduate,6.0,In Person,2025
313,ARCH3030,Archaeology of Ritual and Religion,,Undergraduate,6.0,In Person,2025
314,ARCH2050,Archaeology of Southeast Asia,,Undergraduate,6.0,In Person,2025
315,ARCH6005,Archaeology of the Pacific Islanders,,Postgraduate,6.0,In Person,2025
316,ARCH2005,Archaeology of the Pacific Islanders,,Undergraduate,6.0,In Person,2025
317,ARCH8033,"Archaeology, Climate Change and Society",Second Semester,Postgraduate,6.0,Online or In Person,2025
318,ARTH1006,Art History and Curatorial Studies 1: Cultures and Meaning,First Semester,Undergraduate,6.0,Online or In Person,2025
319,ARTH1007,Art History and Curatorial Studies 2: Vision and Materiality,Second Semester,Undergraduate,6.0,In Person,2025
320,ARTH2001,Art History and Curatorial Studies In-Country,Autumn Session,Undergraduate,12.0,In Person,2025
321,ARTH6001,Art History and Curatorial Studies In-Country,Autumn Session,Postgraduate,12.0,In Person,2025
322,ARTH4030,Art Museum Internship,Summer Session/First Semester/Autumn Session/Winter Session/Second Semester/Spring Session,Undergraduate,12.0,In Person,2025
323,ARTH8030,Art Museum Internship,Summer Session/First Semester/Autumn Session/Winter Session/Second Semester/Spring Session,Postgraduate,12.0,In Person,2025
324,ARTH3005,Art and Colour: Pigment and Politics,Second Semester,Undergraduate,6.0,In Person,2025
325,COMP6720,Art and Interaction Computing,Second Semester,Postgraduate,6.0,In Person,2025
326,COMP1720,Art and Interaction Computing,,Undergraduate,6.0,In Person,2025
327,ARTH2044,"Art and Its Context: Materials, Techniques, Display",,Undergraduate,6.0,In Person,2025
328,ARTH3057,Art and Politics of Collecting,First Semester,Undergraduate,6.0,In Person,2025
329,ARTH2174,Art and the Body: Gender and Sexuality,,Undergraduate,6.0,In Person,2025
330,ARTV2066,Art in Context,First Semester/Second Semester,Undergraduate,6.0,In Person,2025
331,ARTH2052,Art of the Multiple,Second Semester,Undergraduate,6.0,In Person,2025
332,COMP3620,Artificial Intelligence,First Semester,Undergraduate,6.0,In Person,2025
333,COMP6320,Artificial Intelligence,First Semester,Postgraduate,6.0,In Person,2025
334,LAWS4251,Artificial Intelligence and the Law,Second Semester,Undergraduate,6.0,In Person,2025
335,LAWS8405,"Artificial Intelligence, Law & Society",,Postgraduate,6.0,Online,2025
336,ASIA6220,Asia Pacific In-Country Learning,Summer Session,Postgraduate,6.0,In Person,2025
337,ASIA3023,Asia Pacific Week Internship,First Semester,Undergraduate,6.0,In Person,2025
338,ASIA1030,Asia and the Pacific in Motion,Second Semester,Undergraduate,6.0,In Person,2025
339,ASIA1025,"Asia and the Pacific: Power, diversity and change",First Semester,Undergraduate,6.0,In Person,2025
340,EMDV8009,Asia-Pacific Environmental Conflicts,Second Semester,Postgraduate,6.0,Online or In Person,2025
341,ASIA3220,Asia-Pacific In-Country Learning,Summer Session/Winter Session/Spring Session,Undergraduate,6.0,In Person,2025
342,BUSI7055,Asian Business Systems,Second Semester,Postgraduate,6.0,In Person,2025
343,FINM3045,Asian Capital Markets,First Semester/Second Semester,Undergraduate,6.0,In Person,2025
344,FINM6045,Asian Capital Markets,First Semester/Second Semester,Postgraduate,6.0,In Person,2025
345,ASIA2067,Asian Economies,,Undergraduate,6.0,In Person,2025
346,ARTH2169,"Asian Modernisms: Art, Nation and World, c.1860-1970",,Undergraduate,6.0,In Person,2025
347,STST8068,"Asian Strategy and Security: History, Theory and Practice",Second Semester,Postgraduate,6.0,In Person,2025
348,ASIA2065,Asia’s Changing Politics in Comparative Perspective,Second Semester,Undergraduate,6.0,In Person,2025
349,ASTR8004,Astronomical Computing,Second Semester,Postgraduate,6.0,In Person,2025
350,ASTR4004,Astronomical Computing,Second Semester,Undergraduate,6.0,In Person,2025
351,ASTR4005,Astronomy and Astrophysics IV Honours Research Project,First Semester/Second Semester,Undergraduate,6.0,In Person,2025
352,ASTR8001,Astronomy and Astrophysics Research Project,First Semester/Second Semester,Postgraduate,6.0,In Person,2025
353,ASTR1003,Astronomy and Space,Summer Session/First Semester/Winter Session/Second Semester,Undergraduate,6.0,Online,2025
354,ASTR3013,Astrophysical Processes,First Semester,Undergraduate,6.0,In Person,2025
355,ASTR6013,Astrophysical Processes,First Semester,Postgraduate,6.0,In Person,2025
356,ASTR4021,Astrophysical Processes II,,Undergraduate,6.0,In Person,2025
357,ASTR8021,Astrophysical Processes II,,Postgraduate,6.0,In Person,2025
358,ASTR1001,Astrophysics,Summer Session/First Semester/Second Semester,Undergraduate,6.0,Online or In Person,2025
359,ASTR8010,Astrophysics Research Project,First Semester/Second Semester,Postgraduate,6.0,In Person,2025
360,ASTR3005,Astrophysics Research Topic,Summer Session/First Semester/Second Semester,Undergraduate,6.0,In Person,2025
361,INTR8020,Atrocity prevention in the 21st century,Second Semester,Postgraduate,6.0,In Person,2025
362,BUSN3002,Auditing,First Semester,Undergraduate,6.0,In Person,2025
363,BUSN7054,Auditing and Assurance Services,First Semester/Second Semester,Postgraduate,6.0,In Person,2025
364,MUSI1502,Aural Skills and Music Theory 2,,Undergraduate,6.0,In Person,2025
365,STST2003,Australia and Security in the Pacific Islands,First Semester,Undergraduate,6.0,Online or In Person,2025
366,PASI6002,Australia in Oceania in the 19th and 20th centuries,,Postgraduate,6.0,Online or In Person,2025
367,PASI2002,Australia in Oceania in the 19th and 20th centuries,,Undergraduate,6.0,Online or In Person,2025
368,ENVS1004,Australia's Environment,Second Semester,Undergraduate,6.0,In Person,2025
369,ARCH2004,Australian Archaeology,First Semester,Undergraduate,6.0,In Person,2025
370,ARCH6004,Australian Archaeology,First Semester,Postgraduate,6.0,In Person,2025
371,ARTH2040,"Australian Art, Design, and the Environment",First Semester,Undergraduate,6.0,In Person,2025
372,EMDV8018,"Australian Environmental Policy: Problems, Practices, Politics",First Semester,Postgraduate,6.0,Online or In Person,2025
373,ARTH2098,Australian First Nations Art and Culture,Second Semester,Undergraduate,6.0,In Person,2025
374,CBEA2001,Australian Indigenous Perspectives in Business and Economics,First Semester/Second Semester,Undergraduate,6.0,In Person,2025
375,INDG9004,Australian Indigenous Policy,,Postgraduate,6.0,Online or In Person,2025
376,INDG3004,Australian Indigenous Studies Research Project,Autumn Session,Undergraduate,6.0,In Person,2025
377,LAWS8328,Australian Legal Responses to National Security and Counter Terrorism,,Postgraduate,6.0,Online or In Person,2025
378,ANIP3003,Australian National Internships Program A,First Semester/Second Semester,Undergraduate,6.0,In Person,2025
379,ANIP6503,Australian National Internships Program A,First Semester/Second Semester,Postgraduate,6.0,In Person,2025
380,ANIP3005,Australian National Internships Program B,First Semester/Second Semester,Undergraduate,12.0,In Person,2025
381,ANIP6505,Australian National Internships Program B,First Semester/Second Semester,Postgraduate,12.0,In Person,2025
382,ANIP3007,Australian National Internships Program D,First Semester/Second Semester,Undergraduate,24.0,In Person,2025
383,ANIP6507,Australian National Internships Program D,First Semester/Second Semester,Postgraduate,24.0,In Person,2025
384,LAWS8485,Australian National Security Law,,Postgraduate,6.0,Online or In Person,2025
385,LAWS4285,Australian National Security Law,First Semester,Undergraduate,6.0,In Person,2025
386,NSPO8036,Australian National Security Law: An introduction for policymakers,Second Semester,Postgraduate,6.0,Online or In Person,2025
387,HIST2227,Australian Political History,First Semester,Undergraduate,6.0,In Person,2025
388,POLS2114,Australian Politics,First Semester,Undergraduate,6.0,In Person,2025
389,LAWS6105,Australian Public Law,First Semester/Second Semester,Postgraduate,6.0,In Person,2025
390,LAWS1205,Australian Public Law,First Semester,Undergraduate,6.0,In Person,2025
391,STST8004,Australian Strategic and Defence Policy,Second Semester,Postgraduate,6.0,In Person,2025
392,BIOL6213,Australian Wildlife,Second Semester,Postgraduate,6.0,In Person,2025
393,BIOL3213,Australian Wildlife,Second Semester,Undergraduate,6.0,In Person,2025
394,CBEA3003,Australian and First Nations Business Immersion ,,Undergraduate,6.0,In Person,2025
395,NSPO8035,Australia’s Strategic Environment and future security challenges,Second Semester,Postgraduate,6.0,Online or In Person,2025
396,LING6040,Austronesian languages,,Postgraduate,6.0,In Person,2025
397,LING2040,Austronesian languages,,Undergraduate,6.0,In Person,2025
398,POLS8051,Authoritarian Politics: Comparative Perspectives,Second Semester,Postgraduate,6.0,In Person,2025
399,MEAS4116,"Authoritarianism, Democratisation and Protest in the Muslim Middle East",,Undergraduate,6.0,In Person,2025
400,MEAS8116,"Authoritarianism, Democratisation and Protest in the Muslim Middle East",,Postgraduate,6.0,In Person,2025
401,DESN2004,Autonomous Agents: natural and algorithmic systems in art and design,Second Semester,Undergraduate,6.0,In Person,2025
402,ECON2013,Behavioral Economics,Second Semester,Undergraduate,6.0,In Person,2025
403,BIOL6631,Behavioural Ecology,First Semester,Postgraduate,6.0,In Person,2025
404,BIOL3131,Behavioural Ecology,First Semester,Undergraduate,6.0,In Person,2025
405,LAWS4005,Beyond Chaos,,Undergraduate,6.0,Online or In Person,2025
406,STAT3017,Big Data Statistics,Second Semester,Undergraduate,6.0,In Person,2025
407,STAT6017,Big Data Statistics,Second Semester,Postgraduate,6.0,In Person,2025
408,BIOL6201,Big Questions in Biology,,Postgraduate,6.0,In Person,2025
409,ENGN4820,Bio Micro and Nano Electro-Mechanical Systems (BioMEMS and BioNEMS),,Undergraduate,6.0,In Person,2025
410,BIOL2171,Biochemistry and Nutrition,First Semester,Undergraduate,6.0,In Person,2025
411,BIOL6171,Biochemistry and Nutrition,First Semester,Postgraduate,6.0,In Person,2025
412,ENVS6024,Biodiversity Conservation,Second Semester,Postgraduate,6.0,In Person,2025
413,ENVS3039,Biodiversity Conservation,Second Semester,Undergraduate,6.0,In Person,2025
414,ENVS2001,"Biodiversity Science: Wildlife, Vegetation and Landscape Ecology",Second Semester,Undergraduate,6.0,In Person,2025
415,ENVS6201,"Biodiversity Science: Wildlife, Vegetation and Landscape Ecology",Second Semester,Postgraduate,6.0,In Person,2025
416,BIOL6191,Bioethics and Society,First Semester,Postgraduate,6.0,In Person,2025
417,BIOL3191,Bioethics and Society,First Semester,Undergraduate,6.0,In Person,2025
418,HIST8011,Biography and History,First Semester,Postgraduate,6.0,In Person,2025
419,MATH2307,Bioinformatics and Biological Modelling,Second Semester,Undergraduate,6.0,In Person,2025
420,MATH6100,Bioinformatics and Biological Modelling,Second Semester,Postgraduate,6.0,In Person,2025
421,BIOL3157,Bioinformatics and its Applications,First Semester,Undergraduate,6.0,In Person,2025
422,BIOL6243,Bioinformatics and its Applications,First Semester,Postgraduate,6.0,In Person,2025
423,PSYC2007,Biological Basis of Behaviour,Second Semester,Undergraduate,6.0,In Person,2025
424,PSYC6010,Biological Basis of Behaviour,Second Semester,Postgraduate,6.0,In Person,2025
425,BIOL6194,Biological Sciences in the Workplace,Second Semester,Postgraduate,6.0,In Person,2025
426,BIOL3194,Biological Sciences in the Workplace ,Second Semester,Undergraduate,6.0,In Person,2025
427,BIOL6035,"Biology 1: Evolution, Ecology and Genetics",First Semester,Postgraduate,6.0,In Person,2025
428,BIOL1003,"Biology 1: Evolution, Ecology and Genetics",First Semester,Undergraduate,6.0,In Person,2025
429,BIOL6036,Biology 2: Molecular & Cell Biology,Second Semester,Postgraduate,6.0,In Person,2025
430,BIOL1004,Biology 2: Molecular and Cell Biology,Second Semester,Undergraduate,6.0,In Person,2025
431,BIOL4001,Biology IV Honours,First Semester/Second Semester,Undergraduate,12.0,In Person,2025
432,BIOL8704,Biology Literature Research Project,First Semester/Second Semester,Postgraduate,6.0,In Person,2025
433,BIOL3209,Biology Research Project,Summer Session/First Semester/Autumn Session/Winter Session/Second Semester/Spring Session,Undergraduate,12.0,In Person,2025
434,BIOL3208,Biology Research Project,Summer Session/First Semester/Autumn Session/Winter Session/Second Semester/Spring Session,Undergraduate,6.0,In Person,2025
435,BIOL8706,Biology Research Project,First Semester/Second Semester,Postgraduate,6.0,In Person,2025
436,MEDN3820,"Biomedical Imaging:  Principles, Technologies and Applications in Health Sciences",Second Semester,Undergraduate,6.0,In Person,2025
437,MEDN6820,"Biomedical Imaging: Principles, Technologies and Applications in Health Sciences",Second Semester,Postgraduate,6.0,In Person,2025
438,ENGN3820,"Biomedical Imaging: Principles, Technologies and Applications in Health Sciences",,Undergraduate,6.0,In Person,2025
439,BIOL3142,Biomedical Parasitology,First Semester,Undergraduate,6.0,In Person,2025
440,BIOL6143,Biomedical Parasitology,First Semester,Postgraduate,6.0,In Person,2025
441,BIOL3106,Biosecurity,First Semester,Undergraduate,6.0,In Person,2025
442,BIOL6106,Biosecurity,First Semester,Postgraduate,6.0,In Person,2025
443,POPH8101,Biostatistics in Population Health,First Semester,Postgraduate,6.0,Online or In Person,2025
444,POPH4101,Biostatistics in Population Health,First Semester,Undergraduate,6.0,Online or In Person,2025
445,REGN8019,Biyam-burru-wa-la-nha: Indigenous Peoples and Self-Governing Systems,,Postgraduate,3.0,Online or In Person,2025
446,LAWS8101,Blockchain Legal Innovation I,First Semester,Postgraduate,6.0,Online,2025
447,LAWS8102,Blockchain and Legal Innovation II,Second Semester,Postgraduate,6.0,Online,2025
448,HIST8023,"Body and Society in Early Modern England, c. 1500–1800",,Postgraduate,6.0,Online or In Person,2025
449,NSPO8041,"Borders, Migration And Security",,Postgraduate,3.0,Online or In Person,2025
450,PASI8302,Bougainville in Transition,,Postgraduate,3.0,Online or In Person,2025
451,HIST2221,Britain in the Age of Revolutions and Empires 1688-1848,Second Semester,Undergraduate,6.0,In Person,2025
452,PHIL2012,Buddhist Philosophy,,Undergraduate,6.0,In Person,2025
453,POGO8237,"Budgeting for Outcomes: Purposes, Programs and Performance",,Postgraduate,3.0,In Person,2025
454,CECS8001,Building Cyber-Physical Systems,,Postgraduate,12.0,In Person,2025
455,CYBN8001,Building Cyber-Physical Systems,First Semester/Second Semester,Postgraduate,12.0,In Person,2025
456,STST8054,Building a defence force: Defence force structure planning and acquisition,,Postgraduate,6.0,In Person,2025
457,POLS3009,"Bureaucracy, Politics and Power",Second Semester,Undergraduate,6.0,In Person,2025
458,ASIA2039,Burma/Myanmar - a Country in Crisis,First Semester,Undergraduate,6.0,In Person,2025
459,ASIA6039,Burma/Myanmar: a Country in Crisis,First Semester,Postgraduate,6.0,In Person,2025
460,BURM1002,Burmese 1,First Semester,Undergraduate,6.0,Online,2025
461,BURM1003,Burmese 2,Second Semester,Undergraduate,6.0,Online,2025
462,BURM2001,Burmese 3,First Semester,Undergraduate,6.0,Online,2025
463,BURM2002,Burmese 4,Second Semester,Undergraduate,6.0,Online,2025
464,EMET4312,Business & Economic Forecasting,Second Semester,Undergraduate,6.0,In Person,2025
465,INFS8210,Business Analytics for Managers,First Semester,Postgraduate,6.0,In Person,2025
466,BUSN7057,Business Association Law,First Semester/Second Semester,Postgraduate,6.0,In Person,2025
467,MGMT2003,Business Decision Making,Second Semester,Undergraduate,6.0,In Person,2025
468,ECON8069,Business Economics,First Semester/Second Semester,Postgraduate,6.0,In Person,2025
469,MGMT3016,Business Ethics,Second Semester,Undergraduate,6.0,In Person,2025
470,MGMT8242,Business Growth Strategies,,Postgraduate,6.0,In Person,2025
471,INFS1001,Business Information Systems,First Semester/Second Semester,Undergraduate,6.0,In Person,2025
472,INFS4500,Business Information Systems Honours Thesis,First Semester/Second Semester,Undergraduate,6.0,In Person,2025
473,BUSN1001,Business Reporting and Analysis,First Semester/Second Semester,Undergraduate,6.0,In Person,2025
474,MGMT8112,Business Skills for the Public Sector Ecosystem,,Postgraduate,3.0,In Person,2025
475,EMET8012,Business and Economic Forecasting,,Postgraduate,6.0,In Person,2025
476,EMET3007,Business and Economic Forecasting,Second Semester,Undergraduate,6.0,In Person,2025
477,EMET6012,Business and Economic Forecasting,Second Semester,Postgraduate,6.0,In Person,2025
478,MGMT3102,Business and its Social Stakeholders,First Semester,Undergraduate,6.0,In Person,2025
479,BUSI3028,Business in China,,Undergraduate,6.0,In Person,2025
480,LAWS8254,"Business, Human Rights and Corporate Responsibility",,Postgraduate,6.0,Online or In Person,2025
481,PAAS9805,CAP Doctor of Philosophy Internship,Summer Session/First Semester/Autumn Session/Winter Session/Second Semester/Spring Session,Postgraduate,3.0,In Person,2025
482,PAAS8905,CAP Master of Philosophy Internship,Summer Session/First Semester/Autumn Session/Winter Session/Second Semester/Spring Session,Postgraduate,3.0,In Person,2025
483,SOCR9005,CSRM Thesis Design,Second Semester,Postgraduate,12.0,In Person,2025
484,CHIN2024,Cantonese 1,First Semester,Undergraduate,6.0,In Person,2025
485,CHIN2025,Cantonese 2,Second Semester,Undergraduate,6.0,In Person,2025
486,ENGN4300,Capstone Design Project,First Semester/Second Semester,Undergraduate,6.0,In Person,2025
487,MGMT2005,Career Planning and Management,Second Semester,Undergraduate,6.0,In Person,2025
488,IDEC8023,Case Studies in Applied Econometrics,First Semester,Postgraduate,6.0,Online or In Person,2025
489,EMET8002,Case Studies in Applied Economic Analysis and Econometrics,First Semester/Second Semester,Postgraduate,6.0,In Person,2025
490,POGO8403,Cases in Contemporary Public Policy,Winter Session,Postgraduate,6.0,In Person,2025
491,CHEM3206,Catalysis in Chemistry,Second Semester,Undergraduate,6.0,In Person,2025
492,CHEM6206,Catalysis in Chemistry,Second Semester,Postgraduate,6.0,In Person,2025
493,SOCR8204,Causal Inference,,Postgraduate,6.0,Online or In Person,2025
494,BIOL2117,Cell Biology,Second Semester,Undergraduate,6.0,In Person,2025
495,BIOL6117,Cell Biology,Second Semester,Postgraduate,6.0,In Person,2025
496,BIOL6174,Cell Physiology in Health and Disease,Second Semester,Postgraduate,6.0,In Person,2025
497,BIOL2174,Cell Physiology in Health and Disease,Second Semester,Undergraduate,6.0,In Person,2025
498,NEUR3101,Cellular Neuroscience,First Semester,Undergraduate,6.0,In Person,2025
499,NEUR6101,Cellular Neuroscience,First Semester,Postgraduate,6.0,In Person,2025
500,ARTV1150,Ceramics 1,First Semester/Second Semester,Undergraduate,6.0,In Person,2025
501,ARTV2150,Ceramics 2,First Semester/Second Semester,Undergraduate,6.0,In Person,2025
502,ANTH8125,"Challenges of Emergence, Recognition, and Futurity",,Postgraduate,6.0,Online or In Person,2025
503,INTR8043,Changing Geopolitics and International Relations in the Pacific,First Semester,Postgraduate,6.0,Online or In Person,2025
504,CHEM2211,Chemical Biology 1,First Semester,Undergraduate,6.0,In Person,2025
505,CHEM6211,Chemical Biology 1,First Semester,Postgraduate,6.0,In Person,2025
506,CHEM6228,Chemical Biology 2,Second Semester,Postgraduate,6.0,In Person,2025
507,CHEM2208,Chemical Biology 2,Second Semester,Undergraduate,6.0,In Person,2025
508,CHEM2214,Chemical Physics,First Semester,Undergraduate,6.0,In Person,2025
509,CHEM2202,Chemical Structure and Reactivity 1,First Semester,Undergraduate,6.0,In Person,2025
510,CHEM2203,Chemical Structure and Reactivity 2,Second Semester,Undergraduate,6.0,In Person,2025
511,CHEM6203,Chemical Structure and Reactivity 2,Second Semester,Postgraduate,6.0,In Person,2025
512,CHEM1101,Chemistry 1,First Semester,Undergraduate,6.0,In Person,2025
513,CHEM1201,Chemistry 2,Second Semester,Undergraduate,6.0,In Person,2025
514,CHEM4005,Chemistry IV Honours (S),First Semester/Second Semester,Undergraduate,12.0,In Person,2025
515,LING2521,Child Language Acquisition,Second Semester,Undergraduate,6.0,In Person,2025
516,LING6521,Child Language Acquisition,Second Semester,Postgraduate,6.0,In Person,2025
517,INTR8060,China's Global Engagement ,Second Semester,Postgraduate,6.0,In Person,2025
518,NSPO8034,"China, America and National Security ",First Semester,Postgraduate,6.0,Online or In Person,2025
519,ASIA2014,"China: Language, Discourse, and Political Culture",,Undergraduate,6.0,In Person,2025
520,ASIA6014,"China: Language, Discourse, and Political Culture",,Postgraduate,6.0,In Person,2025
521,INTR2012,Chinese Foreign and Security Policy,,Undergraduate,6.0,In Person,2025
522,ASIA2044,Chinese History: The Imperial Period (221 BC - 1800),,Undergraduate,6.0,In Person,2025
523,ASIA6044,Chinese History: The Imperial Period (221 BC - 1800),,Postgraduate,6.0,In Person,2025
524,LAWS4276,Chinese Law and Society,First Semester,Undergraduate,6.0,In Person,2025
525,LAWS8276,Chinese Law and Society,First Semester,Postgraduate,6.0,Online or In Person,2025
526,LING6017,Chinese Linguistics,,Postgraduate,6.0,In Person,2025
527,LING2017,Chinese Linguistics,,Undergraduate,6.0,In Person,2025
528,ASIA2003,Chinese Literature,,Undergraduate,6.0,In Person,2025
529,ASIA2054,Chinese Philosophy: Creation and Development,First Semester,Undergraduate,6.0,In Person,2025
530,CHIN3216,Chinese-English Interpreting,First Semester,Undergraduate,6.0,In Person,2025
531,CHIN3041,Chinese-English Translation,Second Semester,Undergraduate,6.0,In Person,2025
532,SOCY2035,Cities and Urban Transformation,,Undergraduate,6.0,In Person,2025
533,POLS8053,Civil War and Political Violence in Asia,Second Semester,Postgraduate,6.0,In Person,2025
534,NSPO8042,Civil-Military Coordination,,Postgraduate,3.0,Online or In Person,2025
535,POLS4021,Civilian Protection in Conflict and Post-Conflict Zones,,Undergraduate,6.0,In Person,2025
536,PHYS2201,Classical Mechanics,Second Semester,Undergraduate,6.0,In Person,2025
537,CLAS1003,Classical Mythology,First Semester,Undergraduate,6.0,In Person,2025
538,SOCY2040,Classical Social Theory,,Undergraduate,6.0,In Person,2025
539,CLAS4022,Classics Now!,First Semester,Undergraduate,12.0,In Person,2025
540,CLAS8022,Classics Now!,First Semester,Postgraduate,12.0,In Person,2025
541,ENVS8003,Climate Change Vulnerability and Adaptation,Spring Session,Postgraduate,6.0,Online or In Person,2025
542,INTR8087,"Climate Change, Peace and Security: Transforming Global Politics at a time of Multiple Crises",,Postgraduate,6.0,In Person,2025
543,ENVS3013,"Climate Change: Past, Present and Future",First Semester,Undergraduate,6.0,In Person,2025
544,ENVS6303,"Climate Change: Past, Present and Future",First Semester,Postgraduate,6.0,In Person,2025
545,ENVS6307,"Climate Change: Science, Society, and Policy",Second Semester,Postgraduate,6.0,Online or In Person,2025
546,ENVS3020,"Climate Change: Science, Society, and Policy",Second Semester,Undergraduate,6.0,In Person,2025
547,EMSC3039,Climate Dynamics,First Semester,Undergraduate,6.0,In Person,2025
548,PHYS3039,Climate Dynamics,First Semester,Undergraduate,6.0,In Person,2025
549,LAWS8474,Climate Law,Second Semester,Postgraduate,6.0,Online or In Person,2025
550,LAWS4274,Climate Law,Second Semester,Undergraduate,6.0,Online or In Person,2025
551,ENVS2004,Climate and Its Applications,First Semester,Undergraduate,6.0,In Person,2025
552,ENVS6204,Climate and Its Applications,First Semester,Postgraduate,6.0,In Person,2025
553,NSPO8033,"Climate, the Environment and National Security",Second Semester,Postgraduate,6.0,In Person,2025
554,PSYC8101,Clinical Coursework I,First Semester,Postgraduate,12.0,In Person,2025
555,PSYC8102,Clinical Coursework II,Second Semester,Postgraduate,12.0,In Person,2025
556,PSYC8103,Clinical Coursework III,First Semester,Postgraduate,12.0,In Person,2025
557,PSYC8104,Clinical Coursework IV,Second Semester,Postgraduate,12.0,In Person,2025
558,PSYC8201,Clinical Field Placement I,Autumn Session,Postgraduate,6.0,In Person,2025
559,PSYC8202,Clinical Field Placement II,Spring Session,Postgraduate,6.0,In Person,2025
560,PSYC8203,Clinical Field Placement III,Summer Session,Postgraduate,6.0,In Person,2025
561,PSYC8204,Clinical Field Placement IV,Winter Session,Postgraduate,6.0,In Person,2025
562,PSYC8301,Clinical Research,First Semester/Second Semester,Postgraduate,6.0,In Person,2025
563,NSPO8030,Coercion and National Security,First Semester,Postgraduate,6.0,Online or In Person,2025
564,PSYC2008,Cognition,Second Semester,Undergraduate,6.0,In Person,2025
565,HUMN8034,Collaborative Curating and Storytelling,,Postgraduate,6.0,In Person,2025
566,MUSC8021,Collections Management Workshop,,Postgraduate,6.0,In Person,2025
567,CBEA3001,College of Business and Economics Special Industry Project,First Semester/Second Semester,Undergraduate,6.0,In Person,2025
568,HIST8015,Colonial Australia in an Imperial World,First Semester,Postgraduate,6.0,Online or In Person,2025
569,HIST8016,Colonial Encounters,Second Semester,Postgraduate,6.0,Online or In Person,2025
570,ASIA2120,Colonialism and the rule of law,,Undergraduate,6.0,In Person,2025
571,LAWS4309,Colonialism and the rule of law,First Semester,Undergraduate,6.0,In Person,2025
572,HIST2128,Colonies and Post-colony: Nineteenth-Century Australia and its Legacies,,Undergraduate,6.0,In Person,2025
573,BUSN8804,Commerce Masters Thesis,First Semester/Second Semester,Postgraduate,6.0,In Person,2025
574,BUSN8801,Commerce Research Report,First Semester,Postgraduate,6.0,In Person,2025
575,LAWS4210,Commercial Law,,Undergraduate,6.0,Online or In Person,2025
576,BUSN7052,Commercial Law,First Semester/Second Semester,Postgraduate,6.0,In Person,2025
577,LAWS8140,Commercial Law,,Postgraduate,6.0,Online or In Person,2025
578,LAWS8078,Common Law Reasoning,,Postgraduate,6.0,Online or In Person,2025
579,LAWS2202,Commonwealth Constitutional Law,Second Semester,Undergraduate,6.0,In Person,2025
580,LAWS6202,Commonwealth Constitutional Law,Second Semester,Postgraduate,6.0,Online or In Person,2025
581,SCOM3012,Communicating Science Online,Winter Session,Undergraduate,6.0,In Person,2025
582,SCOM6012,Communicating Science Online,Winter Session,Postgraduate,6.0,Online or In Person,2025
583,SCOM4014,Communicating Science with the Public,First Semester,Undergraduate,6.0,In Person,2025
584,SCOM8014,Communicating Science with the Public,First Semester,Postgraduate,6.0,Online or In Person,2025
585,EMDV8007,Communicating for Environment and Climate Policy,First Semester,Postgraduate,6.0,Online or In Person,2025
586,MGMT8110,Communication and Influence,,Postgraduate,3.0,In Person,2025
587,MGMT2100,Communication for Business,First Semester/Second Semester,Undergraduate,6.0,In Person,2025
588,LING2034,Communication in Health Care,Second Semester,Undergraduate,6.0,In Person,2025
589,LING6034,Communication in Health Care,Second Semester,Postgraduate,6.0,In Person,2025
590,POGO8242,Community Development Strategies,,Postgraduate,3.0,Online or In Person,2025
591,LAWS4268,Community Law Clinic,First Semester/Second Semester,Undergraduate,6.0,In Person,2025
592,LAWS6268,Community Law Clinic,First Semester/Second Semester,Postgraduate,6.0,In Person,2025
593,BUSN2015,Company Accounting,First Semester/Second Semester,Undergraduate,6.0,In Person,2025
594,MGMT8008,Company Consultancy Project,,Postgraduate,6.0,In Person,2025
595,LAWS8016,Comparative Constitutional Law,,Postgraduate,6.0,Online or In Person,2025
596,POLS3002,Comparative European Politics,,Undergraduate,6.0,Online or In Person,2025
597,LAWS4601,Comparative Human Rights ,,Undergraduate,6.0,In Person,2025
598,LAWS8601,Comparative Human Rights ,,Postgraduate,6.0,Online or In Person,2025
599,BIOL6115,Comparative Physiology,Second Semester,Postgraduate,6.0,In Person,2025
600,BIOL2115,Comparative Physiology,Second Semester,Undergraduate,6.0,In Person,2025
601,POLS4039,Comparative Political Behavior,First Semester,Undergraduate,6.0,In Person,2025
602,POLS8039,Comparative Political Behaviour,First Semester,Postgraduate,6.0,In Person,2025
603,POLS8038,Comparative Political Institutions,First Semester,Postgraduate,6.0,In Person,2025
604,POLS4038,Comparative Political Institutions,First Semester,Undergraduate,6.0,In Person,2025
605,POLS2010,Comparative Politics,,Undergraduate,6.0,In Person,2025
606,LAWS4255,Competition Law,Second Semester,Undergraduate,6.0,In Person,2025
607,LAWS8154,Competition Law,Second Semester,Postgraduate,6.0,Online or In Person,2025
608,ECON3181,Competition Policy and Regulation,First Semester,Undergraduate,6.0,In Person,2025
609,ECON6181,Competition Policy and Regulation,First Semester,Postgraduate,6.0,In Person,2025
610,COMP4712,Compiler Construction,First Semester,Undergraduate,6.0,In Person,2025
611,COMP8712,Compiler Construction,First Semester,Postgraduate,6.0,In Person,2025
612,MATH6213,Complex Analysis,Second Semester,Postgraduate,6.0,In Person,2025
613,ENVS6025,Complex Environmental Problems in Action,Second Semester,Postgraduate,6.0,In Person,2025
614,ENVS3040,Complex Environmental Problems in Action,Second Semester,Undergraduate,6.0,In Person,2025
615,REGN8056,"Complexity, Catastrophe and Resilience",,Postgraduate,3.0,Online or In Person,2025
616,MGMT8101,"Complexity, Judgement and Decision-Making",,Postgraduate,3.0,In Person,2025
617,REGN8055,Compliance and Defiance,Winter Session,Postgraduate,3.0,Online or In Person,2025
618,MUSI1112,Composing for Ensembles ,Second Semester,Undergraduate,6.0,In Person,2025
619,MUSI1114,Composing for Film and Video Games,Second Semester,Undergraduate,6.0,In Person,2025
620,MUSI3315,Composition Capstone,Second Semester,Undergraduate,6.0,In Person,2025
621,MUSI3314,Composition Industry Project,First Semester,Undergraduate,6.0,In Person,2025
622,MUSI2229,Composition: Methods and Craft,First Semester/Second Semester,Undergraduate,6.0,In Person,2025
623,MEDN3007,Computational Biomedicine Project,Second Semester,Undergraduate,6.0,In Person,2025
624,MEDN8007,Computational Biomedicine Project,Second Semester,Postgraduate,6.0,In Person,2025
625,COMP4880,Computational Methods for Network Science,First Semester,Undergraduate,6.0,In Person,2025
626,COMP8880,Computational Methods for Network Science,First Semester,Postgraduate,6.0,In Person,2025
627,COMP8980,Computational Methods for Network Science,,Postgraduate,6.0,In Person,2025
628,ECON4414,Computational Methods in Economics,,Undergraduate,6.0,In Person,2025
629,ECON3127,Computational Methods in Economics,,Undergraduate,6.0,In Person,2025
630,ECON8014,Computational Methods in Economics,,Postgraduate,6.0,In Person,2025
631,COMP6300,Computer Architecture,First Semester,Postgraduate,6.0,In Person,2025
632,COMP2300,Computer Architecture,First Semester,Undergraduate,6.0,In Person,2025
633,ENGN2219,Computer Architecture,First Semester,Undergraduate,6.0,In Person,2025
634,COMP8610,Computer Graphics,First Semester,Postgraduate,6.0,In Person,2025
635,COMP4610,Computer Graphics,First Semester,Undergraduate,6.0,In Person,2025
636,ENGN3539,Computer Networks,First Semester,Undergraduate,6.0,In Person,2025
637,COMP3310,Computer Networks,First Semester,Undergraduate,6.0,In Person,2025
638,COMP6331,Computer Networks,First Semester,Postgraduate,6.0,In Person,2025
639,ENGN6539,Computer Networks,First Semester,Postgraduate,6.0,In Person,2025
640,COMP4006,Computer Science Honours,First Semester/Second Semester,Undergraduate,24.0,In Person,2025
641,ENGN4528,Computer Vision,First Semester,Undergraduate,6.0,In Person,2025
642,COMP6528,Computer Vision,First Semester,Postgraduate,6.0,In Person,2025
643,COMP4528,Computer Vision,First Semester,Undergraduate,6.0,In Person,2025
644,ENGN6528,Computer Vision,First Semester,Postgraduate,6.0,In Person,2025
645,COMP3820,Computing Internship,,Undergraduate,12.0,In Person,2025
646,COMP8830,Computing Internship,First Semester/Second Semester,Postgraduate,12.0,In Person,2025
647,COMP2550,Computing R&D Methods,First Semester,Undergraduate,6.0,In Person,2025
648,COMP4450,Computing Research Methods,First Semester,Undergraduate,6.0,In Person,2025
649,COMP6445,Computing Research Methods,First Semester,Postgraduate,6.0,In Person,2025
650,COMP4550,Computing Research Project,First Semester/Second Semester,Undergraduate,12.0,In Person,2025
651,COMP3770,Computing Research Project (R&D),First Semester/Second Semester,Undergraduate,6.0,In Person,2025
652,LAWS4212,Conflict of Laws,First Semester,Undergraduate,6.0,In Person,2025
653,LAWS8144,Conflict of Laws,First Semester,Postgraduate,6.0,Online or In Person,2025
654,MKTG2031,Consumer Behaviour,First Semester,Undergraduate,6.0,In Person,2025
655,MKTG7050,Consumer Behaviour & Analysis,First Semester,Postgraduate,6.0,In Person,2025
656,LAWS4259,Consumer Protection and Product Liability Law,Second Semester,Undergraduate,6.0,In Person,2025
657,LAWS8459,Consumer Protection and Product Liability Law,Second Semester,Postgraduate,6.0,Online or In Person,2025
658,ANTH8101,Contemporary Anthropological Theory,Autumn Session,Postgraduate,12.0,In Person,2025
659,ANTH9101,Contemporary Anthropological Theory,Autumn Session,Postgraduate,12.0,In Person,2025
660,ANTH3010,Contemporary Anthropological Theory: Special Topics,Winter Session,Undergraduate,6.0,In Person,2025
661,ARTH2170,Contemporary Asian Art,,Undergraduate,6.0,In Person,2025
662,INDG2002,Contemporary Australian Indigenous Music Studies,Second Semester,Undergraduate,6.0,In Person,2025
663,DIPL8002,Contemporary Challenges in Diplomacy,,Postgraduate,6.0,Online or In Person,2025
664,POGO8239,Contemporary Challenges in Indigenous Policy,Winter Session,Postgraduate,3.0,In Person,2025
665,DESN1003,Contemporary Design In Context,Second Semester,Undergraduate,6.0,In Person,2025
666,BUSN7005,Contemporary Issues in Accounting,First Semester/Second Semester,Postgraduate,6.0,In Person,2025
667,LAWS8271,Contemporary Issues in Administrative Law,,Postgraduate,6.0,In Person,2025
668,LAWS8128,Contemporary Issues in Constitutional Law,First Semester,Postgraduate,6.0,Online or In Person,2025
669,LAWS4213,Contemporary Issues in Constitutional Law,First Semester,Undergraduate,6.0,In Person,2025
670,REGN8014,Contemporary Issues in Technology Governance,First Semester,Postgraduate,6.0,Online or In Person,2025
671,MUSI3326,Contemporary Music Production: Delivering an Independent Project,,Undergraduate,6.0,In Person,2025
672,MUSI3325,Contemporary Music Production: Planning and Developing an Independent Project,,Undergraduate,6.0,In Person,2025
673,ENVS8016,Contemporary Perspectives in Environment-Society Interaction,Second Semester,Postgraduate,6.0,In Person,2025
674,SOCY2161,Contemporary Social Theory,Second Semester,Undergraduate,6.0,In Person,2025
675,ASIA8042,Contemporary Taiwan and its Histories,Second Semester,Postgraduate,6.0,In Person,2025
676,PSYC8422,Contextualizing Professional Psychology,Second Semester,Postgraduate,6.0,In Person,2025
677,GREK2119,Continuing Ancient Greek,Second Semester,Undergraduate,6.0,In Person,2025
678,FREN2101,Continuing French Studies I,First Semester,Undergraduate,6.0,In Person,2025
679,FREN2102,Continuing French Studies II,Second Semester,Undergraduate,6.0,In Person,2025
680,INDG2004,Continuing Gamilaraay,Winter Session,Undergraduate,6.0,Online or In Person,2025
681,GERM2101,Continuing German Studies I,First Semester,Undergraduate,6.0,In Person,2025
682,GERM2102,Continuing German Studies II,Second Semester,Undergraduate,6.0,In Person,2025
683,ITAL2101,Continuing Italian Studies I,First Semester,Undergraduate,6.0,In Person,2025
684,ITAL2102,Continuing Italian Studies II,Second Semester,Undergraduate,6.0,In Person,2025
685,LATN2119,Continuing Latin,Second Semester,Undergraduate,6.0,In Person,2025
686,SPAN2001,Continuing Spanish Studies I,First Semester,Undergraduate,6.0,In Person,2025
687,SPAN2002,Continuing Spanish Studies II,Second Semester,Undergraduate,6.0,In Person,2025
688,FINM3003,Continuous Time Finance,First Semester,Undergraduate,6.0,In Person,2025
689,FINM6006,Continuous Time Finance,First Semester,Postgraduate,6.0,In Person,2025
690,LAWS6104,Contracts,First Semester/Second Semester,Postgraduate,6.0,Online or In Person,2025
691,LAWS1204,Contracts,Second Semester,Undergraduate,6.0,In Person,2025
692,ENGN3223,Control Systems,Second Semester,Undergraduate,6.0,In Person,2025
693,ENGN6223,Control Systems,Second Semester,Postgraduate,6.0,In Person,2025
694,CRIM2003,Controversies in Crime Control,,Undergraduate,6.0,In Person,2025
695,STST1003,Coping with Crisis: The Practice of International Security,Second Semester,Undergraduate,6.0,In Person,2025
696,EMSC3019,Coral Reef Field Studies,Spring Session,Undergraduate,6.0,In Person,2025
697,EMSC6119,Coral Reef Field Studies,Spring Session,Postgraduate,6.0,In Person,2025
698,MGMT7153,Core Leadership,,Postgraduate,6.0,In Person,2025
699,BUSN7050,Corporate Accounting,First Semester/Second Semester,Postgraduate,6.0,In Person,2025
700,FINM2001,Corporate Finance,First Semester/Second Semester,Undergraduate,6.0,In Person,2025
701,BUSN7049,Corporate Financial Reporting,,Postgraduate,6.0,In Person,2025
702,BUSN8045,Corporate Governance,Second Semester,Postgraduate,6.0,In Person,2025
703,BUSN4045,Corporate Governance (Honours),Second Semester,Undergraduate,6.0,In Person,2025
704,BUSN8145,Corporate Governance: Research Preparation,Second Semester,Postgraduate,6.0,In Person,2025
705,LAWS8584,Corporate Insolvency,,Postgraduate,6.0,Online or In Person,2025
706,BUSN3017,"Corporate Social Responsibility, Accountability and Reporting",Second Semester,Undergraduate,6.0,In Person,2025
707,BUSN6017,"Corporate Social Responsibility, Accountability and Reporting",,Postgraduate,6.0,Online or In Person,2025
708,MGMT3015,Corporate Strategy,First Semester,Undergraduate,6.0,In Person,2025
709,MGMT2001,Corporate Sustainability,First Semester,Undergraduate,6.0,In Person,2025
710,FINM3005,Corporate Valuation,First Semester/Second Semester,Undergraduate,6.0,In Person,2025
711,LAWS6203,Corporations Law,First Semester,Postgraduate,6.0,In Person,2025
712,LAWS2203,Corporations Law,First Semester,Undergraduate,6.0,In Person,2025
713,LAWS4597,"Corporations, Law and Technology",Second Semester,Undergraduate,6.0,Online or In Person,2025
714,LAWS8597,"Corporations, Law and Technology",Second Semester,Postgraduate,6.0,Online,2025
715,REGN8054,"Corporations, Power, Regulation",Second Semester,Postgraduate,3.0,Online or In Person,2025
716,LING6038,Corpus Linguistics,,Postgraduate,6.0,In Person,2025
717,LING3038,Corpus Linguistics,,Undergraduate,6.0,In Person,2025
718,POGO8076,Corruption and Anti-corruption,Winter Session,Postgraduate,6.0,Online or In Person,2025
719,CRIM3002,Corruption in Sport,,Undergraduate,6.0,Online or In Person,2025
720,CRIM2009,Corruption in our world,Summer Session,Undergraduate,6.0,In Person,2025
721,ECON4418,Cost Benefit Analysis,,Undergraduate,6.0,In Person,2025
722,IDEC8088,Cost-Benefit Analysis: Principles and Practice,Second Semester,Postgraduate,6.0,Online or In Person,2025
723,INDG1001,"Country, Kinship and Continuities: An Introduction to Australian Indigenous Studies",First Semester,Undergraduate,6.0,In Person,2025
724,DESN6003,Creative Data Visualisation: Representing Data in Visual and Material Form,,Postgraduate,6.0,In Person,2025
725,DESN2003,Creative Data Visualisation: Representing Data in Visual and Material Form,,Undergraduate,6.0,In Person,2025
726,ENGL4021,"Creative Reading: Topics in Theory, Methodology and Interpretation",First Semester,Undergraduate,6.0,Online or In Person,2025
727,ARTV3033,Creative Research Practice: Developing an Independent Work Proposal,First Semester,Undergraduate,6.0,In Person,2025
728,ARTV3035,Creative Research Practice: Extending and Consolidating an Independent Project,Second Semester,Undergraduate,12.0,In Person,2025
729,ARTV3034,Creative Research Practice: Extending and Consolidating an Independent Work Proposal,Second Semester,Undergraduate,6.0,In Person,2025
730,ENGL6015,Creative Writing,,Postgraduate,6.0,In Person,2025
731,ENGL2015,Creative Writing,,Undergraduate,6.0,In Person,2025
732,ENGL2077,Creative Writing 2: Story to Script to Performance,,Undergraduate,6.0,In Person,2025
733,CRIM3006,Crime Prevention: Evaluation Theory and Practice,,Undergraduate,6.0,Online or In Person,2025
734,HIST2232,Crime and Justice: Historical Dilemmas,,Undergraduate,6.0,In Person,2025
735,REGN8013,"Crime, Governance and Security",,Postgraduate,6.0,Online or In Person,2025
736,LAWS6106,Criminal Law and Procedure,First Semester,Postgraduate,6.0,In Person,2025
737,LAWS1206,Criminal Law and Procedure,First Semester,Undergraduate,6.0,In Person,2025
738,CRIM1001,Criminological Imaginations: Understanding Criminality,First Semester,Undergraduate,6.0,In Person,2025
739,CRIM1002,Criminological Perspectives: Understanding Crime,Second Semester,Undergraduate,6.0,In Person,2025
740,CRIM3003,Criminology at the Scene 1,Autumn Session,Undergraduate,6.0,In Person,2025
741,MEAS8001,Critical Approaches and Methods in the Study of the Middle East and Central Asia,First Semester,Postgraduate,12.0,Online or In Person,2025
742,MEAS9001,Critical Approaches and Methods in the Study of the Middle East and Central Asia,First Semester,Postgraduate,12.0,In Person,2025
743,LAWS8595,Critical Approaches to International Law,Second Semester,Postgraduate,6.0,Online or In Person,2025
744,LAWS4395,Critical Approaches to International Law,Second Semester,Undergraduate,6.0,Online or In Person,2025
745,PASI8011,Critical Approaches to Pacific and Inclusive Research Methodologies,Spring Session,Postgraduate,6.0,In-Person and Online,2025
746,INDG3009,Critical Indigenous Studies,,Undergraduate,6.0,In Person,2025
747,HUMN8027,Critical Issues in Heritage and Museum Studies,Second Semester,Postgraduate,6.0,Online or In Person,2025
748,HUMN8035,Critical Issues in Intangible Heritage,Second Semester,Postgraduate,6.0,In Person,2025
749,MUSI2235,Critical Music Studies,,Undergraduate,6.0,In Person,2025
750,MEAS3003,Critical Perspectives on Arabic Culture,,Undergraduate,6.0,In Person,2025
751,MEAS6003,Critical Perspectives on Arabic Culture,,Postgraduate,6.0,In Person,2025
752,LING2021,Cross Cultural Communication,First Semester,Undergraduate,6.0,In Person,2025
753,LING6021,Cross Cultural Communication,First Semester,Postgraduate,6.0,In Person,2025
754,ARTH2176,Cross Currents in Australian First Nations and Non-Indigenous Art and Culture,,Undergraduate,6.0,In Person,2025
755,BUSI3029,Cross-Cultural Management,,Undergraduate,6.0,In Person,2025
756,ANTH6515,"Crossing Borders: Migration, Displacement and Im/mobility",First Semester,Postgraduate,6.0,In Person,2025
757,ANTH2129,"Crossing Borders: Migration, Displacement and Im/mobility",First Semester,Undergraduate,6.0,In Person,2025
758,LAWS8338,Cryptoassets and the Law,,Postgraduate,6.0,Online,2025
759,ASIA8038,Cultural Creativity and Research in Asia and the Pacific,First Semester,Postgraduate,6.0,In Person,2025
760,ANTH2009,Culture and Development,First Semester,Undergraduate,6.0,In Person,2025
761,ANTH6009,Culture and Development,First Semester,Postgraduate,6.0,Online or In Person,2025
762,ASIA2088,Culture and Environment in Indonesia,,Undergraduate,6.0,In Person,2025
763,ANTH1002,Culture and Human Diversity: Introducing Anthropology,First Semester,Undergraduate,6.0,In Person,2025
764,ANTH6002,Culture and Human Diversity: Introducing Anthropology,First Semester,Postgraduate,6.0,In Person,2025
765,ASIA2302,Culture and Modernity in Asia: Anthropological Perspectives,Second Semester,Undergraduate,6.0,In Person,2025
766,PSYC2012,Culture and Psychology,First Semester,Undergraduate,6.0,In Person,2025
767,ANTH6017,"Culture, Social Justice and Aboriginal Society Today",First Semester,Postgraduate,6.0,In Person,2025
768,ANTH2017,"Culture, Social Justice and Aboriginal Society Today",First Semester,Undergraduate,6.0,In Person,2025
769,ASIA3031,Cultures in Korean Society,Second Semester,Undergraduate,6.0,In Person,2025
770,ENGL4019,Cultures of Criticism,Winter Session,Undergraduate,6.0,In Person,2025
771,ANTH2020,Cultures of Innovation: Anthropology of Science and Technology,First Semester,Undergraduate,6.0,In Person,2025
772,ARTH3001,Curatorial Practice ,,Undergraduate,6.0,In Person,2025
773,ARTH4025,Curatorial Project,First Semester,Undergraduate,12.0,In Person,2025
774,ARTH8025,Curatorial Project,First Semester,Postgraduate,12.0,In Person,2025
775,CHEM3207,Current Topics in Chemical Biology,Second Semester,Undergraduate,6.0,In Person,2025
776,CHEM6327,Current Topics in Chemical Biology,Second Semester,Postgraduate,6.0,In Person,2025
777,LAWS8077,Cyber Law,Summer Session,Postgraduate,6.0,Online,2025
778,COMP2700,Cyber Security Foundations,Second Semester,Undergraduate,6.0,In Person,2025
779,LAWS8035,Cyber Warfare Law,,Postgraduate,6.0,Online,2025
780,NSPO8009,Cyber and Emerging Technologies in National Security,Second Semester,Postgraduate,6.0,In Person,2025
781,CRIM2010,Cybercrime: an introduction,Winter Session,Undergraduate,6.0,In Person,2025
782,CECS6002,Cybernetic Practice,,Postgraduate,6.0,In Person,2025
783,CYBN6002,Cybernetic Practice ,Second Semester,Postgraduate,6.0,In Person,2025
784,BIAN4011,Data Analysis and Methods in Biological Anthropology,First Semester,Undergraduate,6.0,Online or In Person,2025
785,BUSN8066,Data Analytics in Contemporary Accounting,,Postgraduate,6.0,In Person,2025
786,BUSN7066,Data Analytics in Contemporary Accounting,First Semester/Second Semester,Postgraduate,6.0,In Person,2025
787,COMP3425,Data Mining,First Semester,Undergraduate,6.0,In Person,2025
788,COMP8410,Data Mining,First Semester,Postgraduate,6.0,In Person,2025
789,COMP8910,Data Mining,,Postgraduate,6.0,In Person,2025
790,EMSC4123,Data Science,Second Semester,Undergraduate,6.0,In Person,2025
791,EMSC8023,Data Science,Second Semester,Postgraduate,6.0,In Person,2025
792,BIOL3207,Data Science for Biologists,First Semester,Undergraduate,6.0,In Person,2025
793,BIOL6207,Data Science for Biologists,First Semester,Postgraduate,6.0,In Person,2025
794,COMP8930,Data Wrangling,,Postgraduate,6.0,In Person,2025
795,COMP3430,Data Wrangling,Second Semester,Undergraduate,6.0,In Person,2025
796,COMP8430,Data Wrangling,Second Semester,Postgraduate,6.0,In Person,2025
797,SOCR3001,Data for Decision Making,First Semester,Undergraduate,6.0,In Person,2025
798,HIST8040,Debating ANZAC,,Postgraduate,6.0,In-Person and Online,2025
799,JPNS3102,Debating Japan: Contemporary Intellectual Debates,,Undergraduate,6.0,Online or In Person,2025
800,POGO8065,Decision Making Under Uncertainty,Winter Session,Postgraduate,6.0,In Person,2025
801,INDG4001,Decolonising Methodologies and other Indigenous Perspectives on Research,,Undergraduate,6.0,In Person,2025
802,STST8057,Defence Leadership in ASEAN A,,Postgraduate,6.0,In Person,2025
803,STST8058,Defence Leadership in ASEAN B,First Semester,Postgraduate,6.0,In Person,2025
804,POGO8123,Delivering Public Value,Summer Session,Postgraduate,6.0,In Person,2025
805,POLS2126,Democracy and Dictatorship,,Undergraduate,6.0,In Person,2025
806,POLS3126,Democracy and Dictatorship,,Undergraduate,6.0,In Person,2025
807,HIST2240,Democracy and Dissent: Europe Since 1945,,Undergraduate,6.0,In Person,2025
808,POLS4019,Democracy and its Discontents,Second Semester,Undergraduate,6.0,In Person,2025
809,POLS8019,Democracy and its Discontents,Second Semester,Postgraduate,6.0,In Person,2025
810,CLAS2014,"Democrats, Tyrants, and Emperors: The Art of Government in the Ancient Mediterranean",,Undergraduate,6.0,In Person,2025
811,DEMO3002,Demographic Research Internship,First Semester/Second Semester,Undergraduate,6.0,In Person,2025
812,DEMO4011,Demography Honours Seminar in Theory and Methods,,Undergraduate,12.0,In Person,2025
813,FINM2002,Derivatives,First Semester/Second Semester,Undergraduate,6.0,In Person,2025
814,DESN4012,Design Research: Communication and Presentation,Second Semester,Undergraduate,12.0,In Person,2025
815,DESN4011,Design Research: Theory and Methods,First Semester,Undergraduate,12.0,In Person,2025
816,DESN3011,Design Studio: Engagement and Collaboration,Second Semester,Undergraduate,6.0,In Person,2025
817,DESN3010,Design Studio: Independent Practice,First Semester,Undergraduate,6.0,In Person,2025
818,DESN3012,Design Studio: Professional Practice,,Undergraduate,6.0,In Person,2025
819,DESN2008,Design Thinking: Human-Centred Design Methodologies,Second Semester,Undergraduate,6.0,In Person,2025
820,MGMT2009,Design Thinking: Human-Centred Innovation,First Semester,Undergraduate,6.0,In Person,2025
821,STAT3012,Design of Experiments and Surveys,First Semester,Undergraduate,6.0,In Person,2025
822,STAT4029,Design of Experiments and Surveys,First Semester,Undergraduate,6.0,In Person,2025
823,STAT6029,Design of Experiments and Surveys,First Semester,Postgraduate,6.0,In Person,2025
824,POGO8063,Designing Public Policies and Programs,Winter Session,Postgraduate,6.0,In Person,2025
825,ECON4409,Development Poverty & Famine,Second Semester,Undergraduate,6.0,In Person,2025
826,ECON2900,Development Poverty and Famine,Second Semester,Undergraduate,6.0,In Person,2025
827,PASI8010,Development Programs in Pacific Contexts: (Re)design and (re)evaluation,First Semester,Postgraduate,6.0,Online or In Person,2025
828,POGO8072,Development Theories and Themes,Second Semester,Postgraduate,6.0,Online or In Person,2025
829,EMDV8013,Development and Environment in the Anthropocene,Second Semester,Postgraduate,6.0,Online or In Person,2025
830,ANTH8009,Development in Practice,,Postgraduate,6.0,Online or In Person,2025
831,BIOL3109,Developmental Biology,First Semester,Undergraduate,6.0,In Person,2025
832,BIOL6109,Developmental Biology,First Semester,Postgraduate,6.0,In Person,2025
833,PSYC3202,Developmental Psychology,First Semester,Undergraduate,6.0,In Person,2025
834,PSYC2002,Developmental Psychology,,Undergraduate,6.0,In Person,2025
835,LING2023,Dictionaries and Dictionary-Making,Second Semester,Undergraduate,6.0,In Person,2025
836,LING6023,Dictionaries and Dictionary-Making,Second Semester,Postgraduate,6.0,In Person,2025
837,MATH6205,Differential Geometry,First Semester,Postgraduate,6.0,In Person,2025
838,ASTR4020,Diffuse Matter and Star Formation,First Semester,Undergraduate,6.0,In Person,2025
839,ASTR8020,Diffuse Matter and Star Formation,First Semester,Postgraduate,6.0,In Person,2025
840,ARTH2181,Digital Approaches to Art History and Curatorship,,Undergraduate,6.0,In Person,2025
841,ASIA3032,Digital Asia: Technology and Society,,Undergraduate,6.0,In Person,2025
842,MGMT7008,Digital Business Model Generation,,Postgraduate,6.0,In Person,2025
843,ENGN3226,Digital Communications,First Semester,Undergraduate,6.0,In Person,2025
844,ENGN6626,Digital Communications,First Semester,Postgraduate,6.0,In Person,2025
845,HUMN4028,Digital Culture and Society - Critical Theories and Methodologies,,Undergraduate,6.0,Online or In Person,2025
846,LAWS8407,Digital Economies and the Law,Autumn Session,Postgraduate,6.0,Online,2025
847,DESN2001,Digital Form and Fabrication,First Semester,Undergraduate,6.0,In Person,2025
848,DESN6001,Digital Form and Fabrication,First Semester,Postgraduate,6.0,In Person,2025
849,HUMN8028,Digital Humanities Methods and Projects,Winter Session,Postgraduate,6.0,Online or In Person,2025
850,HUMN8031,Digital Humanities Research Project,First Semester/Second Semester,Postgraduate,12.0,Online or In Person,2025
851,HUMN8029,Digital Humanities Theories and Debates,Autumn Session,Postgraduate,6.0,In Person,2025
852,MKTG7029,Digital Marketing,,Postgraduate,6.0,In Person,2025
853,ENGN4537,Digital Signal Processing,Second Semester,Undergraduate,6.0,In Person,2025
854,ENGN6537,Digital Signal Processing,Second Semester,Postgraduate,6.0,In Person,2025
855,INFS8205,"Digital Strategy, Executive and Operations",First Semester,Postgraduate,6.0,In Person,2025
856,ENGN6213,Digital Systems and Microprocessors,First Semester,Postgraduate,6.0,In Person,2025
857,ENGN4213,Digital Systems and Microprocessors,First Semester,Undergraduate,6.0,In Person,2025
858,INFS7040,Digital Transformation,First Semester/Second Semester,Postgraduate,6.0,In Person,2025
859,MGMT8009,Digital Transformation & Business Strategy,,Postgraduate,6.0,In Person,2025
860,DIPL8018,Diplomacy Research Project,First Semester/Second Semester,Postgraduate,12.0,Online or In Person,2025
861,DIPL8006,"Diplomacy, Politics and the United Nations",,Postgraduate,6.0,Online or In Person,2025
862,EMDV8124,Disaster Risk Reduction and Management,First Semester,Postgraduate,6.0,Online or In Person,2025
863,ASIA8048,Disasters and Epidemics in Asia and the Pacific,,Postgraduate,6.0,In Person,2025
864,HIST8045,Disasters: Aftermath and Legacy,Second Semester,Postgraduate,6.0,In Person,2025
865,MATH1005,Discrete Mathematical Models,First Semester,Undergraduate,6.0,In Person,2025
866,MATH6005,Discrete Mathematical Models,First Semester,Postgraduate,6.0,In Person,2025
867,CRIM3005,Diversity and Crime: Equality in the Criminal Justice System,First Semester,Undergraduate,6.0,In Person,2025
868,BIOL1009,Diversity of Life,Second Semester,Undergraduate,6.0,In Person,2025
869,FINM8018,Doctoral Studies in Asset Pricing,Second Semester,Postgraduate,6.0,In Person,2025
870,FINM8020,Doctoral Studies in Asset Pricing 2,First Semester,Postgraduate,6.0,In Person,2025
871,FINM8019,Doctoral Studies in Corporate Finance,Second Semester,Postgraduate,6.0,In Person,2025
872,FINM8021,Doctoral Studies in Corporate Finance Empirical,First Semester,Postgraduate,6.0,In Person,2025
873,COMP6490,Document Analysis,Second Semester,Postgraduate,6.0,In Person,2025
874,COMP4650,Document Analysis,Second Semester,Undergraduate,6.0,In Person,2025
875,COMP6990,Document Analysis,,Postgraduate,6.0,In Person,2025
876,CRIM3010,Doing Criminology: Advanced Research Methods,First Semester,Undergraduate,6.0,In Person,2025
877,ANTH8059,Doing Ethnography: Research Practicum on Applied Anthropology,Second Semester,Postgraduate,6.0,Online or In Person,2025
878,EMDV8081,Domestic Climate Change Policy and Economics,First Semester,Postgraduate,6.0,Online or In Person,2025
879,ARTV2752,Drawing 2,Second Semester,Undergraduate,6.0,In Person,2025
880,MEAS8111,Drivers of Violent Extremism: The Local and the Global in the Middle East,,Postgraduate,6.0,Online,2025
881,EMSC3034,"Dynamic Earth: Plates, Plumes and Mantle Convection",Second Semester,Undergraduate,6.0,In Person,2025
882,EMSC6034,"Dynamic Earth: Plates, Plumes and Mantle Convection",Second Semester,Postgraduate,6.0,In Person,2025
883,BUSI2023,Dynamics of Asian Business,Second Semester,Undergraduate,6.0,In Person,2025
884,BUSI2024,Dynamics of Business in the Middle East,First Semester,Undergraduate,6.0,In Person,2025
885,BUSI2034,Dynamics of European Business,First Semester,Undergraduate,6.0,In Person,2025
886,MEAS8112,Dynamics of Israeli-Palestinian Conflict,Second Semester,Postgraduate,6.0,In Person,2025
887,MKTG2032,E-Marketing,Second Semester,Undergraduate,6.0,In Person,2025
888,EMSC1008,EARTH: The Chemistry and Physics of our Planet,Second Semester,Undergraduate,6.0,In Person,2025
889,EMSC6008,EARTH: The Chemistry and Physics of our Planet,Second Semester,Postgraduate,6.0,In Person,2025
890,ENGL3005,Early Modern to Eighteenth Century Literature,,Undergraduate,6.0,In Person,2025
891,EMSC8030,Earth Science Research Project,First Semester/Second Semester,Postgraduate,6.0,In Person,2025
892,EMSC8032,Earth Science Research Proposal and Presentation,First Semester/Second Semester,Postgraduate,6.0,In Person,2025
893,EMSC4005,Earth and Marine Sciences Honours Thesis,First Semester/Second Semester,Undergraduate,3.0,In Person,2025
894,BIOL6004,Ecology,,Postgraduate,6.0,In Person,2025
895,BIOL2131,Ecology,,Undergraduate,6.0,In Person,2025
896,EMET8005,Econometric Methods and Modelling,First Semester/Second Semester,Postgraduate,6.0,In Person,2025
897,IDEC8017,Econometric Techniques,Second Semester,Postgraduate,6.0,Online or In Person,2025
898,EMET2007,Econometrics I: Econometric Methods,First Semester,Undergraduate,6.0,In Person,2025
899,EMET6007,Econometrics I: Econometric Methods,First Semester,Postgraduate,6.0,In Person,2025
900,EMET4007,Econometrics I: Econometric Methods,First Semester,Undergraduate,6.0,In Person,2025
901,EMET3004,Econometrics II: Econometric Modelling,,Undergraduate,6.0,In Person,2025
902,EMET6008,Econometrics II: Econometric Modelling,,Postgraduate,6.0,In Person,2025
903,ECON2080,Economic Analysis of the Digital Economy,,Undergraduate,6.0,In Person,2025
904,ECON8180,Economic Analysis of the Digital Economy,,Postgraduate,6.0,In Person,2025
905,ANTH2122,Economic Anthropology: cross-cultural alternatives to capitalism ,Second Semester,Undergraduate,6.0,In Person,2025
906,IDEC8022,Economic Development,Second Semester,Postgraduate,6.0,Online or In Person,2025
907,EMSC3007,Economic Geology,Second Semester,Undergraduate,6.0,In Person,2025
908,EMSC6007,Economic Geology,Second Semester,Postgraduate,6.0,In Person,2025
909,ECON4500,Economic Growth,,Undergraduate,6.0,In Person,2025
910,ECON8050,Economic Growth,First Semester,Postgraduate,6.0,In Person,2025
911,ECON4403,Economic Policy Issues,,Undergraduate,6.0,In Person,2025
912,ECON3023,Economic Policy Issues,Second Semester,Undergraduate,6.0,In Person,2025
913,ECON6003,Economic Policy Issues,Second Semester,Postgraduate,6.0,In Person,2025
914,ECON8003,Economic Policy Issues,,Postgraduate,6.0,In Person,2025
915,ECON3100,Economics 3 (H),Second Semester,Undergraduate,6.0,In Person,2025
916,ECON4488,Economics Honours Research Essay,First Semester/Second Semester,Undergraduate,6.0,In Person,2025
917,ECON1100,Economics I (H),,Undergraduate,6.0,In Person,2025
918,ECON2016,Economics II (H),,Undergraduate,6.0,In Person,2025
919,IDEC8924,Economics Seminars,Second Semester,Postgraduate,6.0,Online or In Person,2025
920,IDEC9024,Economics Seminars,Second Semester,Postgraduate,6.0,Online or In Person,2025
921,POGO8081,Economics for Government,Second Semester,Postgraduate,6.0,In Person,2025
922,ECON8077,Economics for Leaders,,Postgraduate,6.0,In Person,2025
923,ENVS2007,Economics for the Environment,,Undergraduate,6.0,In Person,2025
924,SOCY1004,Economy and Society,Second Semester,Undergraduate,6.0,In Person,2025
925,SOCY3050,Education and Society,,Undergraduate,6.0,In Person,2025
926,MEAS6008,Egypt: Social and Political Dynamics in a Changing Middle East,First Semester,Postgraduate,6.0,Online or In Person,2025
927,MEAS3008,Egypt: Social and Political Dynamics in a Changing Middle East,First Semester,Undergraduate,6.0,Online or In Person,2025
928,POLS3111,"Elections, Political Behaviour and Public Opinion in Australia",Winter Session,Undergraduate,6.0,In Person,2025
929,LAWS8598,Electoral Law in a Digital Age,Spring Session,Postgraduate,6.0,Online,2025
930,PHYS2016,Electromagnetism,Second Semester,Undergraduate,6.0,In Person,2025
931,ENGN2218,Electronic Systems and Design,First Semester,Undergraduate,6.0,In Person,2025
932,EMSC8712,Electronics and Data Analysis,Second Semester,Postgraduate,6.0,In Person,2025
933,EMSC4712,Electronics and Data Analysis,Second Semester,Undergraduate,6.0,In Person,2025
934,TURK1001,Elementary Turkish A,First Semester,Undergraduate,6.0,Online or In Person,2025
935,TURK1002,Elementary Turkish B,Second Semester,Undergraduate,6.0,Online,2025
936,ENGN8537,Embedded Systems and Real Time Digital Signal Processing,,Postgraduate,6.0,In Person,2025
937,POLS3004,Emotions in International Politics,,Undergraduate,6.0,In Person,2025
938,POLS8049,Emotions in Peace and Conflict,Second Semester,Postgraduate,6.0,Online or In Person,2025
939,HIST2070,"Emperors, Pilgrims and Crusaders: The World of Byzantium",,Undergraduate,6.0,In Person,2025
940,ENGL2068,Empire: the Black Atlantic and Colonial Romanticism,Second Semester,Undergraduate,6.0,In Person,2025
941,HIST1214,Empires in Global History,First Semester,Undergraduate,6.0,In Person,2025
942,IDEC8025,Empirical Public Finance,,Postgraduate,6.0,Online or In Person,2025
943,BUSN8100,Empirical Research in Financial Accounting,Second Semester,Postgraduate,6.0,In Person,2025
944,CBEA2000,Employability Fundamentals for Professional Practice,,Undergraduate,6.0,Online or In Person,2025
945,IDEC8089,Energy Economics,Second Semester,Postgraduate,6.0,Online or In Person,2025
946,ENGN3516,Energy Resources and Renewable Technologies,Second Semester,Undergraduate,6.0,In Person,2025
947,ENGN6516,Energy Resources and Renewable Technologies,Second Semester,Postgraduate,6.0,In Person,2025
948,NSPO8044,Energy Security ,,Postgraduate,3.0,Online or In Person,2025
949,MEAS8109,Energy and Security in Central Asia and the Caucasus,Second Semester,Postgraduate,6.0,In Person,2025
950,SCOM8088,Engagement for Policy Impact,,Postgraduate,6.0,Online or In Person,2025
951,ASIA3021,Engaging Asia: Australia and the Asian Century,,Undergraduate,6.0,In Person,2025
952,ASIA6121,Engaging Asia: Australia and the Asian Century,,Postgraduate,6.0,In Person,2025
953,POGO8235,Engaging China: Working with Policy in the PRC,Spring Session,Postgraduate,3.0,In-Person and Online,2025
954,ENGN8535,Engineering Data Analytics,First Semester,Postgraduate,6.0,In Person,2025
955,COMP8535,Engineering Data Analytics,First Semester,Postgraduate,6.0,In Person,2025
956,ENGN1211,Engineering Design 1: Discovering Engineering ,First Semester,Undergraduate,6.0,In Person,2025
957,ENGN2300,Engineering Design 2: Systems Approaches for Design,First Semester,Undergraduate,6.0,In Person,2025
958,ENGN2301,Engineering Design 3: Systems Approaches for Analysis,Second Semester,Undergraduate,6.0,In Person,2025
959,ENGN3300,Engineering Design 4A: Systems Approaches for Management,First Semester,Undergraduate,6.0,In Person,2025
960,ENGN3301,Engineering Design 4B: Systems Approaches for Operations,Second Semester,Undergraduate,6.0,In Person,2025
961,ENGN3200,Engineering Internship,Summer Session/First Semester/Autumn Session/Winter Session/Second Semester/Spring Session,Undergraduate,6.0,In Person,2025
962,ENGN6200,Engineering Internship,Summer Session/First Semester/Autumn Session/Winter Session/Second Semester/Spring Session,Postgraduate,6.0,In Person,2025
963,ENGN3601,Engineering Materials,,Undergraduate,6.0,In Person,2025
964,ENGN6601,Engineering Materials,,Postgraduate,6.0,In Person,2025
965,ENGN4549,Engineering Nuclear Systems,First Semester,Undergraduate,6.0,In Person,2025
966,ENGN3706,Engineering Research & Development Project,First Semester/Second Semester,Undergraduate,6.0,In Person,2025
967,ENGN3712,Engineering Research and Development Project,First Semester/Second Semester,Undergraduate,6.0,In Person,2025
968,ENGN2707,Engineering Research and Development Project,First Semester/Second Semester,Undergraduate,6.0,In Person,2025
969,ENGN4706,Engineering Research and Development Project,First Semester/Second Semester,Undergraduate,6.0,In Person,2025
970,ENGN4712,Engineering Research and Development Project,First Semester/Second Semester,Undergraduate,6.0,In Person,2025
971,ENGN4718,Engineering Research and Development Project,First Semester/Second Semester,Undergraduate,6.0,In Person,2025
972,ENGN2706,Engineering Research and Development Project (Methods),First Semester,Undergraduate,6.0,In Person,2025
973,ENGN3410,Engineering Sustainable Systems,,Undergraduate,6.0,In Person,2025
974,ENGN6410,Engineering Sustainable Systems,,Postgraduate,6.0,In Person,2025
975,ENGN2222,Engineering Thermodynamics,Second Semester,Undergraduate,6.0,In Person,2025
976,ENGN6013,Engineering for a Humanitarian Context,,Postgraduate,6.0,In Person,2025
977,ENGN3013,Engineering for a Humanitarian Context,Summer Session/Winter Session,Undergraduate,6.0,In Person,2025
978,ENGL3100,"English Capstone: Understanding, Communicating, Creating",Second Semester,Undergraduate,6.0,In Person,2025
979,INFS8004,Enterprise Systems and Strategy,First Semester,Postgraduate,6.0,In Person,2025
980,INFS3002,Enterprise Systems in Business,Second Semester,Undergraduate,6.0,In Person,2025
981,MGMT3027,Entrepreneurship and Innovation,Second Semester,Undergraduate,6.0,In Person,2025
982,MGMT8015,Entrepreneurship and Innovation,First Semester/Second Semester,Postgraduate,6.0,In Person,2025
983,ARTV2921,Environment Studio: field based research and studio practice in visual arts,First Semester/Second Semester,Undergraduate,6.0,In Person,2025
984,PASI3013,Environment and Development in the Pacific,Second Semester,Undergraduate,6.0,In Person,2025
985,ENVS1001,Environment and Society: Geography of Sustainability,First Semester,Undergraduate,6.0,In Person,2025
986,ENGN3902,Environmental Chemistry and Systems,Second Semester,Undergraduate,6.0,In Person,2025
987,ENVS3902,Environmental Chemistry and Systems,Second Semester,Undergraduate,6.0,In Person,2025
988,IDEC8053,Environmental Economics,Second Semester,Postgraduate,6.0,Online or In Person,2025
989,EMDV8078,Environmental Economics for Public Policy,Second Semester,Postgraduate,6.0,Online or In Person,2025
990,ENGN3901,Environmental Fluid Mechanics,First Semester,Undergraduate,6.0,In Person,2025
991,EMDV8104,Environmental Governance,First Semester,Postgraduate,6.0,Online or In Person,2025
992,LAWS4344,Environmental Justice Practicum,Summer Session,Undergraduate,6.0,In Person,2025
993,ENVS3344,Environmental Justice Practicum,Summer Session,Undergraduate,6.0,In Person,2025
994,LAWS4215,Environmental Law,,Undergraduate,6.0,Online or In Person,2025
995,LAWS4281,Environmental Law Clinic,First Semester/Second Semester,Undergraduate,6.0,In Person,2025
996,LAWS6281,Environmental Law Clinic,First Semester/Second Semester,Postgraduate,6.0,In Person,2025
997,EMDV8011,Environmental Markets,First Semester,Postgraduate,6.0,Online or In Person,2025
998,MATH3133,Environmental Mathematics,Second Semester,Undergraduate,6.0,In Person,2025
999,ENVS6202,"Environmental Measurement, Modelling and Monitoring",Spring Session,Postgraduate,6.0,In Person,2025
1000,ENVS2002,"Environmental Measurement, Modelling and Monitoring",Spring Session,Undergraduate,6.0,In Person,2025
1001,MATH6102,Environmental Modelling and Integrated Assessment,Second Semester,Postgraduate,6.0,In Person,2025
1002,ENVS3028,Environmental Policy,First Semester,Undergraduate,6.0,In Person,2025
1003,ENVS6528,Environmental Policy,First Semester,Postgraduate,6.0,In Person,2025
1004,LAWS8662,Environmental Risk and Disaster Law,,Postgraduate,6.0,Online or In Person,2025
1005,ENVS2018,Environmental Science Field School,Winter Session,Undergraduate,6.0,In Person,2025
1006,ENVS6218,Environmental Science Field School,Winter Session,Postgraduate,6.0,In Person,2025
1007,ENGN3903,"Environmental Sensing, Mapping and Modelling",Second Semester,Undergraduate,6.0,In Person,2025
1008,ENVS3903,"Environmental Sensing, Mapping and Modelling",Second Semester,Undergraduate,6.0,In Person,2025
1009,SOCY2022,Environmental Sociology,First Semester,Undergraduate,6.0,In Person,2025
1010,SOCY6062,Environmental Sociology,First Semester,Postgraduate,6.0,In Person,2025
1011,LAWS8189,Environmental and Sustainability Law,,Postgraduate,6.0,Online or In Person,2025
1012,LAWS8335,Equity and Contemporary Issues,,Postgraduate,6.0,Online or In Person,2025
1013,LAWS6205,Equity and Trusts,Second Semester,Postgraduate,6.0,In Person,2025
1014,LAWS2205,Equity and Trusts,Second Semester,Undergraduate,6.0,In Person,2025
1015,LING4013,Essentials for Thesis Writing in Linguistics,First Semester,Undergraduate,12.0,In Person,2025
1016,LING9032,Essentials for Thesis Writing in Linguistics&nbsp;,First Semester,Postgraduate,6.0,In Person,2025
1017,LING8032,Essentials for Thesis Writing in Linguistics&nbsp;,First Semester,Postgraduate,6.0,In Person,2025
1018,ENVS3015,Essentials of Environmental Law,Winter Session,Undergraduate,6.0,In Person,2025
1019,ENVS6315,Essentials of Environmental Law,Winter Session,Postgraduate,6.0,In Person,2025
1020,NSPO8008,Ethical Challenges for National Security,,Postgraduate,6.0,In Person,2025
1021,PSYC8512,Ethics and Professional Practice,First Semester,Postgraduate,6.0,In Person,2025
1022,INTR8053,Ethics of Peace and War,Second Semester,Postgraduate,6.0,In Person,2025
1023,ANTH2027,EthnoLab 1: Anthropological Methods,Second Semester,Undergraduate,6.0,In Person,2025
1024,ANTH3059,EthnoLab 2: Applied Anthropology,First Semester,Undergraduate,6.0,In Person,2025
1025,ANTH8001,Ethnography and Research Ethics Pro-Seminar ,Spring Session,Postgraduate,6.0,Online or In Person,2025
1026,ANTH8062,Ethnography and Theory,Second Semester,Postgraduate,6.0,Online or In Person,2025
1027,MUSI3327,Ethnomusicology,,Undergraduate,6.0,In Person,2025
1028,HIST2205,"Europe and the Atlantic World, c.1492—1776.",,Undergraduate,6.0,In Person,2025
1029,ARCH6058,European Prehistory from Cultivation to the Celts,First Semester,Postgraduate,6.0,In Person,2025
1030,ARCH2058,European Prehistory from Cultivation to the Celts,First Semester,Undergraduate,6.0,In Person,2025
1031,LAWS6207,Evidence,Second Semester,Postgraduate,6.0,Online or In Person,2025
1032,LAWS2207,Evidence,Second Semester,Undergraduate,6.0,In Person,2025
1033,POGO8240,Evidence Based Thinking (EBT): Decision Making and Policy Development,,Postgraduate,3.0,In Person,2025
1034,POGO8500,Evidence and Analysis in Public Policy,First Semester,Postgraduate,6.0,Online or In Person,2025
1035,PSYC8520,Evidence in Professional Psychology,Second Semester,Postgraduate,6.0,In Person,2025
1036,MGMT8007,Evidence-Based Decision-Making and Practice in Organisations Capstone,,Postgraduate,6.0,In Person,2025
1037,MGMT7250,Evidence-Based Management,First Semester/Autumn Session/Second Semester,Postgraduate,6.0,Online or In Person,2025
1038,MGMT8102,Evidence-Based Practice,,Postgraduate,3.0,In Person,2025
1039,BIOL2114,Evolution,Second Semester,Undergraduate,6.0,In Person,2025
1040,BIOL6114,Evolution,Second Semester,Postgraduate,6.0,In Person,2025
1041,BIAN3124,Evolution and Human Behaviour,First Semester,Undergraduate,6.0,In Person,2025
1042,BIAN6124,Evolution and Human Behaviour,First Semester,Postgraduate,6.0,In Person,2025
1043,PHIL3079,Evolution and Human Nature,,Undergraduate,6.0,Online or In Person,2025
1044,BIOL3206,Evolution of Biodiversity,Second Semester,Undergraduate,6.0,In Person,2025
1045,BIOL6206,Evolution of Biodiversity,Second Semester,Postgraduate,6.0,In Person,2025
1046,GEND2036,Excessive Appetites: Sociocultural Perspectives on Addiction and Drug Use,Second Semester,Undergraduate,6.0,In Person,2025
1047,SOCY2026,Excessive Appetites: Sociocultural Perspectives on Addiction and Drug Use,Second Semester,Undergraduate,6.0,In Person,2025
1048,CBEA5920,Exchange Program ANU College of Business and Economics - Band 2,First Semester/Second Semester,Postgraduate,6.0,In Person,2025
1049,ARTS5920,Exchange Program for Arts Students,First Semester/Second Semester,Undergraduate,6.0,In Person,2025
1050,ARTS5921,Exchange Program for Arts Students (Band 1),First Semester/Second Semester,Undergraduate,6.0,In Person,2025
1051,ARTS5912,Exchange Program for Arts Students (Band 12),First Semester/Second Semester,Undergraduate,6.0,In Person,2025
1052,ARTS5924,Exchange Program for Arts Students (Band 14),First Semester/Second Semester,Undergraduate,6.0,In Person,2025
1053,ARTS5922,Exchange Program for Arts Students (Band 2),First Semester/Second Semester,Undergraduate,6.0,In Person,2025
1054,HLMD8820,Exchange Program for Graduate Health and Medicine Students,Summer Session/First Semester/Autumn Session/Winter Session/Second Semester/Spring Session,Postgraduate,6.0,In Person,2025
1055,SCNC8820,Exchange Program for Graduate Science Students,Summer Session/First Semester/Autumn Session/Winter Session/Second Semester/Spring Session,Postgraduate,6.0,In Person,2025
1056,COMP8820,Exchange Program for Graduate Students in Computer Science,First Semester/Second Semester,Postgraduate,6.0,In Person,2025
1057,ENGN8820,Exchange Program for Graduate Students in Engineering,,Postgraduate,6.0,In Person,2025
1058,HLMD5921,Exchange Program for Health and Medicine Students (Band 1),First Semester/Second Semester,Undergraduate,6.0,In Person,2025
1059,HLMD5920,Exchange Program for Health and Medicine Students (Band 2),First Semester/Winter Session/Second Semester,Undergraduate,6.0,In Person,2025
1060,LAWS5920,Exchange Program for Law Students,First Semester/Second Semester,Undergraduate,6.0,In Person,2025
1061,SCNC5920,Exchange Program for Science Students (Band 2),First Semester/Winter Session/Second Semester,Undergraduate,6.0,In Person,2025
1062,COMP5920,Exchange Program in Computer Science,First Semester/Second Semester,Undergraduate,6.0,In Person,2025
1063,ENGN5920,Exchange Program in Engineering,Summer Session/First Semester/Autumn Session/Winter Session/Second Semester/Spring Session,Undergraduate,6.0,In Person,2025
1064,CBEA5921,Exchange – ANU College of Business and Economics _ Bachelor of Social Sciences (Honours),First Semester/Second Semester,Postgraduate,6.0,In Person,2025
1065,LAWS8241,Executive Power,,Postgraduate,6.0,Online or In Person,2025
1066,MUSC8018,Exhibition Design and Delivery,Second Semester,Postgraduate,6.0,In Person,2025
1067,BIOL2202,Experimental Design and Analysis in Biology,Second Semester,Undergraduate,6.0,In Person,2025
1068,BIOL6202,Experimental Design and Analysis in Biology,Second Semester,Postgraduate,6.0,In Person,2025
1069,HIST2231,Exploration: From Captain Cook to the Astronauts,First Semester,Undergraduate,6.0,In Person,2025
1070,BUSI3024,Export Business Planning,Second Semester,Undergraduate,6.0,In Person,2025
1071,MEDN2222,Exquisite Corpse - Insight into the Human Body,Winter Session,Undergraduate,6.0,In Person,2025
1072,CLAS3003,Faith and Belief in Ancient Greece and Rome,Second Semester,Undergraduate,6.0,In Person,2025
1073,LAWS4217,Family Law,,Undergraduate,6.0,Online or In Person,2025
1074,LAWS8417,Family Law,,Postgraduate,6.0,In Person,2025
1075,ARTH2180,Fashion Histories,,Undergraduate,6.0,In Person,2025
1076,LAWS4275,Federal Judicial System,Summer Session,Undergraduate,6.0,In Person,2025
1077,LAWS8275,Federal Judicial System,Summer Session,Postgraduate,6.0,Online or In Person,2025
1078,ENGL2023,Feeling Bad in Contemporary Literature,First Semester,Undergraduate,6.0,In Person,2025
1079,LAWS4218,Feminist and Critical Legal Theory,,Undergraduate,6.0,In Person,2025
1080,LING3012,Field Methods in Linguistics,,Undergraduate,6.0,In Person,2025
1081,LING6009,Field Methods in Linguistics,,Postgraduate,6.0,In Person,2025
1082,BIOL3132,Field Studies in Behavioural Ecology,,Undergraduate,6.0,In Person,2025
1083,BIOL6010,Field Studies in Behavioural Ecology,,Postgraduate,6.0,In Person,2025
1084,BIOL2203,Field Studies in Functional Ecology,Spring Session,Undergraduate,6.0,In Person,2025
1085,ANTH9902,Fieldwork in the Pacific,Winter Session,Postgraduate,6.0,Online or In Person,2025
1086,SCRN2003,Film and History: Hollywood and Beyond,,Undergraduate,6.0,In Person,2025
1087,HONS4601,Final Honours Grade,Summer Session/First Semester/Second Semester,Undergraduate,0.0,In Person,2025
1088,HONS4602,Final Honours Grade,Summer Session/First Semester/Second Semester,Undergraduate,0.0,In Person,2025
1089,HONS4100,Final Honours Grade,First Semester/Second Semester,Undergraduate,0.0,In Person,2025
1090,FINM4500,Finance Honours Thesis,First Semester/Second Semester,Undergraduate,24.0,In Person,2025
1091,LAWS8596,Financial Crime Law,Second Semester,Postgraduate,6.0,Online,2025
1092,ECON4437,Financial Economics,Second Semester,Undergraduate,6.0,In Person,2025
1093,ECON3006,Financial Economics,Second Semester,Undergraduate,6.0,In Person,2025
1094,ECON6037,Financial Economics,Second Semester,Postgraduate,6.0,In Person,2025
1095,ECON8037,Financial Economics,,Postgraduate,6.0,In Person,2025
1096,FINM3006,Financial Intermediation and Debt Markets,First Semester,Undergraduate,6.0,In Person,2025
1097,LAWS8437,Financial Markets and Takeovers,Second Semester,Postgraduate,6.0,Online or In Person,2025
1098,LAWS4237,Financial Markets and Takeovers,Second Semester,Undergraduate,6.0,In Person,2025
1099,STAT2032,Financial Mathematics,First Semester/Second Semester,Undergraduate,6.0,In Person,2025
1100,STAT6046,Financial Mathematics,First Semester/Second Semester,Postgraduate,6.0,In Person,2025
1101,BUSN6008,Financial Reporting By Corporations,,Postgraduate,6.0,In Person,2025
1102,BUSN3008,Financial Reporting By Corporations,,Undergraduate,6.0,In Person,2025
1103,BUSN8181,Financial Reporting and Analysis,,Postgraduate,6.0,In Person,2025
1104,BUSN2036,Financial Statement Analysis,First Semester,Undergraduate,6.0,In Person,2025
1105,BUSN7036,Financial Statement Analysis,First Semester,Postgraduate,6.0,In Person,2025
1106,BUSN7008,Financial Statements and Reporting,First Semester/Second Semester,Postgraduate,6.0,In Person,2025
1107,ENVS6308,Fire in the Environment,,Postgraduate,6.0,In Person,2025
1108,ENVS3008,Fire in the Environment,,Undergraduate,6.0,In Person,2025
1109,INDG8004,First Nations Peoples and Public Policy in Australia,,Postgraduate,6.0,Online or In Person,2025
1110,INDG8005,First Nations Peoples and Public Policy in Australia (Advanced),,Postgraduate,12.0,Online,2025
1111,INDG3001,"First Nations Peoples, the State and Public Policy in Australia",Second Semester,Undergraduate,6.0,In Person,2025
1112,INDG3006,"First Peoples and Research Methods: Practice, Collaboration and Ethics",,Undergraduate,6.0,In Person,2025
1113,INDG3007,First Peoples' Social Justice Internship,,Undergraduate,6.0,In Person,2025
1114,INDG3003,First Peoples' economic self-determination and prosperity in the Australian economy,Second Semester,Undergraduate,6.0,In Person,2025
1115,ENGN4337,Flight Dynamics,First Semester,Undergraduate,6.0,In Person,2025
1116,ENGN3224,Fluid Mechanics and Heat Transfer,First Semester,Undergraduate,6.0,In Person,2025
1117,ENGN6224,Fluid Mechanics and Heat Transfer,First Semester,Postgraduate,6.0,In Person,2025
1118,EMDV8082,Food Wars: Food Security and Agricultural Policy,Second Semester,Postgraduate,6.0,Online or In Person,2025
1119,ANTH2132,Food for Thought: Anthropological Theories of Food and Eating,,Undergraduate,6.0,In Person,2025
1120,ANTH6518,Food for Thought: Anthropological theories of food and eating,,Postgraduate,6.0,In Person,2025
1121,POGO8015,Foreign Direct Investment Policy,,Postgraduate,6.0,In Person,2025
1122,INTR8068,Foreign Policy Analysis,Second Semester,Postgraduate,6.0,Online or In Person,2025
1123,POLS3001,Foreign Policy Analysis,First Semester,Undergraduate,6.0,In Person,2025
1124,BUSN8067,Forensic Accounting,First Semester,Postgraduate,6.0,In Person,2025
1125,BIAN6515,Forensic Anthropology and Archaeology,Second Semester,Postgraduate,6.0,In Person,2025
1126,BIAN2128,Forensic Anthropology and Archaeology,Second Semester,Undergraduate,6.0,In Person,2025
1127,LING6032,Forensic Linguistics: Forensic Voice and Text Comparison,First Semester,Postgraduate,6.0,In Person,2025
1128,LING3032,Forensic Linguistics: Forensic Voice and Text Comparison,First Semester,Undergraduate,6.0,In Person,2025
1129,LING2105,Forensic Linguistics: Language and the Law,,Undergraduate,6.0,In Person,2025
1130,LING6105,Forensic Linguistics: Language and the Law,,Postgraduate,6.0,In Person,2025
1131,ENVS8105,Forests Research Essay,First Semester/Second Semester,Postgraduate,6.0,In Person,2025
1132,CRWF9000,Fostering Public Policy Research,Summer Session,Postgraduate,0.0,Online or In Person,2025
1133,POGO8900,Fostering Public Policy Research,Summer Session,Postgraduate,0.0,Online or In Person,2025
1134,MUSI1501,Foundational Musicianship,First Semester,Undergraduate,6.0,In Person,2025
1135,POGO8401,Foundations in Public Policy,First Semester,Postgraduate,6.0,Online or In Person,2025
1136,ASTR2013,Foundations of Astrophysics,Second Semester,Undergraduate,6.0,In Person,2025
1137,LAWS1201,Foundations of Australian Law,First Semester/Second Semester,Undergraduate,6.0,In Person,2025
1138,LAWS6101,Foundations of Australian Law,First Semester/Second Semester,Postgraduate,6.0,In Person,2025
1139,ASIA2366,Foundations of Chinese Culture,,Undergraduate,6.0,In Person,2025
1140,MUSI1111,Foundations of Composition ,First Semester,Undergraduate,6.0,In Person,2025
1141,COMP1600,Foundations of Computing,Second Semester,Undergraduate,6.0,In Person,2025
1142,COMP6260,Foundations of Computing,Second Semester,Postgraduate,6.0,In Person,2025
1143,ARTV1034,Foundations of Contemporary Arts Practices,First Semester,Undergraduate,6.0,In Person,2025
1144,DESN2002,Foundations of Creative Code,First Semester,Undergraduate,6.0,In Person,2025
1145,DESN6002,Foundations of Creative Code,First Semester,Postgraduate,6.0,In Person,2025
1146,EMET1001,Foundations of Economic and Financial Models,First Semester/Second Semester,Undergraduate,6.0,In Person,2025
1147,FINM1001,Foundations of Finance,First Semester/Second Semester,Undergraduate,6.0,In Person,2025
1148,FINM3015,Foundations of Fintech,Second Semester,Undergraduate,6.0,In Person,2025
1149,MATH4343,Foundations of Mathematics,First Semester,Undergraduate,6.0,In Person,2025
1150,MATH8343,Foundations of Mathematics,First Semester,Postgraduate,6.0,In Person,2025
1151,PHYS1001,Foundations of Physics,First Semester,Undergraduate,6.0,In Person,2025
1152,LAWS8661,Foundations of Private Law,,Postgraduate,6.0,Online or In Person,2025
1153,PSYC8410,Foundations of Professional Psychology,First Semester,Postgraduate,6.0,In Person,2025
1154,LAWS8660,Foundations of Public Law,,Postgraduate,6.0,Online or In Person,2025
1155,SOCR1001,Foundations of Social Research,Second Semester,Undergraduate,6.0,In Person,2025
1156,MATH3062,Fractal Geometry and Chaotic Dynamics,First Semester,Undergraduate,6.0,In Person,2025
1157,MATH6116,Fractal Geometry and Chaotic Dynamics,First Semester,Postgraduate,6.0,In Person,2025
1158,CYBN6001,Framing Questions about Cybernetic Systems,First Semester,Postgraduate,6.0,In Person,2025
1159,CECS6001,Framing Questions about Cybernetic Systems,,Postgraduate,6.0,In Person,2025
1160,LAWS8243,Freedom of Information and Privacy,,Postgraduate,6.0,Online or In Person,2025
1161,FREN3108,From Colonialism to Cinéma-monde: Films of the French-speaking World,,Undergraduate,6.0,In Person,2025
1162,SCOM3007,From Creativity to Impact: Science Communication Project Design,Winter Session,Undergraduate,6.0,In Person,2025
1163,SCOM6007,From Creativity to Impact: Science Communication Project Design,Autumn Session,Postgraduate,6.0,Online or In Person,2025
1164,ARCH6037,From Empire to Invasions: The Archaeology of Europe from the Romans to the Vikings,,Postgraduate,6.0,Online or In Person,2025
1165,ARCH2037,From Empire to Invasions: the Archaeology of Europe from the Romans to the Vikings,,Undergraduate,6.0,Online or In Person,2025
1166,DESN2006,Front-End Web: Crafting Online Experience,,Undergraduate,6.0,In Person,2025
1167,DESN6006,Front-End Web: Crafting Online Experience,,Postgraduate,6.0,In Person,2025
1168,PHIL1004,Fundamental Ideas in Philosophy: An Introduction,First Semester,Undergraduate,6.0,In Person,2025
1169,BUSN2037,Fundamentals of Accounting Data Analytics,First Semester/Second Semester,Undergraduate,6.0,In Person,2025
1170,EMSC6021,Fundamentals of Climate Science,Second Semester,Postgraduate,6.0,In Person,2025
1171,EMSC2021,Fundamentals of Climate Science,Second Semester,Undergraduate,6.0,In Person,2025
1172,ENVS1008,Fundamentals of Environment and Sustainability,First Semester,Undergraduate,6.0,In Person,2025
1173,POPH4100,Fundamentals of Epidemiology,First Semester,Undergraduate,6.0,Online or In Person,2025
1174,POPH8100,Fundamentals of Epidemiology,First Semester,Postgraduate,6.0,Online or In Person,2025
1175,EMSC2023,Fundamentals of Geology,First Semester,Undergraduate,6.0,In Person,2025
1176,EMSC6123,Fundamentals of Geology,First Semester,Postgraduate,6.0,In Person,2025
1177,POGO8238,Fundamentals of Intergovernmental Management,Autumn Session,Postgraduate,3.0,Online or In Person,2025
1178,PHYS6711,Fundamentals of Noise and Measurement,First Semester,Postgraduate,6.0,In Person,2025
1179,PHYS3711,Fundamentals of Noise and Measurement,First Semester,Undergraduate,6.0,In Person,2025
1180,ENGN4204,Fundamentals of Nuclear Radiation,First Semester,Undergraduate,6.0,In Person,2025
1181,PHYS8204,Fundamentals of Nuclear Radiation,First Semester,Postgraduate,6.0,In Person,2025
1182,PHYS8201,Fundamentals of Nuclear Science,First Semester,Postgraduate,6.0,In Person,2025
1183,REGN8021,Fundamentals of Quantitative Analysis for Regulators,Autumn Session,Postgraduate,3.0,Online or In Person,2025
1184,ASIA4001,"Fundamentals of Research Design in Asia-Pacific Culture, History and Languages",First Semester,Undergraduate,12.0,In Person,2025
1185,STST4001,Fundamentals of Research Design in Security Studies,First Semester,Undergraduate,12.0,In Person,2025
1186,POGO8097,Fundamentals of child-centred policy-making,,Postgraduate,3.0,Online or In Person,2025
1187,REGN9021,Fundamentals of quantitative analysis for regulators,Autumn Session,Postgraduate,3.0,In Person,2025
1188,MGMT8103,Future Analysis,,Postgraduate,3.0,In Person,2025
1189,ENVS2015,GIS and Spatial Analysis,Second Semester,Undergraduate,6.0,In Person,2025
1190,ENVS6015,GIS and Spatial Analysis,Second Semester,Postgraduate,6.0,In Person,2025
1191,ASTR8006,Galaxies,,Postgraduate,6.0,In Person,2025
1192,ASTR4006,Galaxies,,Undergraduate,6.0,In Person,2025
1193,ASTR3002,Galaxies and Cosmology,Second Semester,Undergraduate,6.0,In Person,2025
1194,ASTR6002,Galaxies and Cosmology,Second Semester,Postgraduate,6.0,In Person,2025
1195,MEAS2006,Gallipoli: A transnational history,,Undergraduate,6.0,In Person,2025
1196,COMP3540,Game Development,,Undergraduate,6.0,In Person,2025
1197,COMP6540,Game Development,,Postgraduate,6.0,In Person,2025
1198,ECON3152,Game Theory,,Undergraduate,6.0,In Person,2025
1199,ECON6053,Game Theory,,Postgraduate,6.0,In Person,2025
1200,ECON8053,Game Theory,,Postgraduate,6.0,In Person,2025
1201,ECON4453,Game Theory,,Undergraduate,6.0,In Person,2025
1202,POLS3125,Game Theory and Social Sciences,Second Semester,Undergraduate,6.0,Online or In Person,2025
1203,MATH2301,"Games, Graphs and Machines",Second Semester,Undergraduate,6.0,In Person,2025
1204,INDG2003,Gamilaraay - introduction to an Australian Indigenous Language,First Semester,Undergraduate,6.0,Online or In Person,2025
1205,ANTH8038,Gender & Development: Critical Issues in Policy & Practice,Second Semester,Postgraduate,6.0,Online or In Person,2025
1206,ANTH8039,Gender & Development: Critical Issues in Policy & Practice (Advanced),,Postgraduate,12.0,Online or In Person,2025
1207,POGO8230,Gender Analysis in Public Policy,Winter Session,Postgraduate,3.0,In Person,2025
1208,ASIA2311,Gender and Cultural Studies in Asia and the Pacific,First Semester,Undergraduate,6.0,In Person,2025
1209,GEND2001,Gender and Cultural Studies in Asia and the Pacific,First Semester,Undergraduate,6.0,In Person,2025
1210,MEAS2005,Gender and Culture in the Middle East,First Semester,Undergraduate,6.0,Online or In Person,2025
1211,NSPO8040,Gender and Security,Spring Session,Postgraduate,3.0,Online or In Person,2025
1212,PASI6008,Gender and Sexuality in the Pacific,Second Semester,Postgraduate,6.0,In Person,2025
1213,PASI3002,Gender and Sexuality in the Pacific,Second Semester,Undergraduate,6.0,In Person,2025
1214,GEND3002,Gender and Sexuality in the Pacific,Second Semester,Undergraduate,6.0,In Person,2025
1215,ANTH2025,Gender in Cross-Cultural Perspective,,Undergraduate,6.0,In Person,2025
1216,ANTH6025,Gender in Cross-Cultural Perspective,,Postgraduate,6.0,In Person,2025
1217,GEND2035,Gender in Cross-Cultural Perspective,,Undergraduate,6.0,In Person,2025
1218,ASIA2006,Gender in Korean History,First Semester,Undergraduate,6.0,In Person,2025
1219,ASIA6106,Gender in Korean History,First Semester,Postgraduate,6.0,In Person,2025
1220,GEND2002,Gender in Korean History,First Semester,Undergraduate,6.0,In Person,2025
1221,ANTH8060,Gender in Resource and Environmental Management,,Postgraduate,6.0,Online or In Person,2025
1222,LAWS8329,"Gender, Law and Development",,Postgraduate,6.0,Online or In Person,2025
1223,GEND2023,"Gender, Sex and Sexuality: An Introduction to Feminist Theory",Second Semester,Undergraduate,6.0,In Person,2025
1224,INTR8064,"Gender, War, and Justice in South and Southeast Asia",,Postgraduate,6.0,In Person,2025
1225,BIOL6142,General Microbiology,Second Semester,Postgraduate,6.0,In Person,2025
1226,BIOL2142,General Microbiology,Second Semester,Undergraduate,6.0,In Person,2025
1227,PHYS3203,General Relativity,Second Semester,Undergraduate,6.0,In Person,2025
1228,PHYS6203,General Relativity,Second Semester,Postgraduate,6.0,In Person,2025
1229,STAT8130,Generalised Linear Modelling,First Semester/Second Semester,Postgraduate,6.0,In Person,2025
1230,STAT4030,Generalised Linear Models,First Semester/Second Semester,Undergraduate,6.0,In Person,2025
1231,STAT3015,Generalised Linear Models,Second Semester,Undergraduate,6.0,In Person,2025
1232,BIOL2161,Genes: Replication and Expression,First Semester,Undergraduate,6.0,In Person,2025
1233,BIOL6161,Genes: Replication and Expression,First Semester,Postgraduate,6.0,In Person,2025
1234,BIOL2151,Genetics,First Semester,Undergraduate,6.0,In Person,2025
1235,BIOL6006,Genetics,First Semester,Postgraduate,6.0,In Person,2025
1236,BIOL3204,Genetics of Human Disease,First Semester,Undergraduate,6.0,In Person,2025
1237,BIOL6204,Genetics of Human Disease,First Semester,Postgraduate,6.0,In Person,2025
1238,POLS2100,Genocide in the Modern World,Second Semester,Undergraduate,6.0,In Person,2025
1239,BIOL3205,Genomic Medicine,Second Semester,Undergraduate,6.0,In Person,2025
1240,BIOL6205,Genomic Medicine,Second Semester,Postgraduate,6.0,In Person,2025
1241,BIOL6163,Genomics and its Applications,First Semester,Postgraduate,6.0,In Person,2025
1242,BIOL3161,Genomics and its Applications,First Semester,Undergraduate,6.0,In Person,2025
1243,EMSC3020,Geobiology and Evolution of Life on Earth,First Semester,Undergraduate,6.0,In Person,2025
1244,EMSC6019,Geobiology and Evolution of Life on Earth,First Semester,Postgraduate,6.0,In Person,2025
1245,EMSC6124,Geochemical Cycles,Second Semester,Postgraduate,6.0,In Person,2025
1246,EMSC2024,Geochemical Cycles,Second Semester,Undergraduate,6.0,In Person,2025
1247,NSPO8032,Geoeconomics and National Security,First Semester,Postgraduate,6.0,Online or In Person,2025
1248,MEAS8114,Geopolitics of Central Asia,First Semester,Postgraduate,6.0,In Person,2025
1249,GERM2114,German Cultural Studies,First Semester,Undergraduate,6.0,In Person,2025
1250,GERM3114,German Cultural Studies Advanced,First Semester,Undergraduate,6.0,In Person,2025
1251,ARTV1350,Glass 1,First Semester/Second Semester,Undergraduate,6.0,In Person,2025
1252,ARTV2350,Glass 2,First Semester/Second Semester,Undergraduate,6.0,In Person,2025
1253,CBEA3066,Global Business Immersion,,Undergraduate,6.0,In Person,2025
1254,MKTG8035,Global Business Project,Second Semester,Postgraduate,6.0,In Person,2025
1255,POLS2133,Global Cooperation and Institutions,First Semester,Undergraduate,6.0,Online or In Person,2025
1256,HIST2211,Global Environmental History Since 1945,Second Semester,Undergraduate,6.0,In Person,2025
1257,INTR8080,Global Ethics ,First Semester,Postgraduate,6.0,In Person,2025
1258,HLMD1002,Global Experiences in Health and Medicine,Summer Session,Undergraduate,6.0,In Person,2025
1259,SCNC1002,Global Experiences in Science,Summer Session,Undergraduate,6.0,In Person,2025
1260,INTR8045,Global Governance,,Postgraduate,6.0,In Person,2025
1261,INTR3002,Global Governance in the Asia-Pacific,Second Semester,Undergraduate,6.0,In Person,2025
1262,BAPA3002,Global Governance in the Asia-Pacific,Spring Session,Undergraduate,6.0,Online or In Person,2025
1263,LAWS8582,Global Health Law,,Postgraduate,6.0,Online,2025
1264,CHMD8006,Global Health and Development,,Postgraduate,6.0,Online or In Person,2025
1265,LAWS8001,"Global Law, Justice and Development",,Postgraduate,6.0,Online or In Person,2025
1266,ASIA2097,Global Learning,Winter Session,Undergraduate,6.0,In Person,2025
1267,ASIA6097,Global Learning,,Postgraduate,6.0,In Person,2025
1268,FREN3109,"Global Paris: Culture, History and Identity in the French Capital",Autumn Session,Undergraduate,6.0,In Person,2025
1269,POPH8102,Global Population Health,Second Semester,Postgraduate,6.0,Online or In Person,2025
1270,POGO8078,Global Public Policy Challenges,,Postgraduate,6.0,Online,2025
1271,INTR8032,Global Security,Winter Session,Postgraduate,6.0,Online or In Person,2025
1272,ASIA5925,Global Semester,First Semester/Second Semester,Undergraduate,6.0,In Person,2025
1273,POGO8044,Global Social Policy,,Postgraduate,6.0,Online or In Person,2025
1274,HUMN2004,"Global Vietnam: Gender, Labour and Migration",Spring Session,Undergraduate,6.0,In Person,2025
1275,HUMN6004,"Global Vietnam: Gender, Labour and Migration",Spring Session,Postgraduate,6.0,In Person,2025
1276,ANTH8107,Global governance and the role of Multilateral Development Banks,,Postgraduate,6.0,Online or In Person,2025
1277,DEMO1001,Global population challenges,First Semester,Undergraduate,6.0,Online or In Person,2025
1278,POLS4032,Globalisation: the Interaction of Economics and Politics,,Undergraduate,6.0,In Person,2025
1279,GEND2034,"Going Public: Sex, Sexuality and Feminism",,Undergraduate,6.0,In Person,2025
1280,GEND6034,"Going Public: Sex, Sexuality and Feminism",,Postgraduate,6.0,In Person,2025
1281,REGN8002,Governance and Social Theory,Autumn Session,Postgraduate,6.0,Online or In Person,2025
1282,REGN9053,Governance and Social Theory,Autumn Session,Postgraduate,6.0,Online or In Person,2025
1283,REGN8022,Governance in a Complex and Uncertain World,Second Semester,Postgraduate,6.0,Online or In Person,2025
1284,REGN8018,Governing Consumptogenic Systems,Winter Session,Postgraduate,3.0,Online or In Person,2025
1285,POGO8504,Governing Contemporary Public Policy,,Postgraduate,6.0,In Person,2025
1286,REGN8023,Governing Global Migration,,Postgraduate,6.0,Online or In Person,2025
1287,POGO8066,Governing by the Rules,Autumn Session,Postgraduate,6.0,In Person,2025
1288,POGO8212,Governing the Energy Transition,Second Semester,Postgraduate,6.0,Online or In Person,2025
1289,LAWS8220,Government Contracts,,Postgraduate,6.0,Online or In Person,2025
1290,MGMT7067,Government Decision Making and Indigenous Communities in Contemporary Society,Summer Session,Postgraduate,6.0,In Person,2025
1291,POGO8064,Government in a Market Economy,Autumn Session,Postgraduate,6.0,In Person,2025
1292,IDEC8000,"Government, Markets and Global Change",First Semester,Postgraduate,6.0,Online or In Person,2025
1293,CRWF7900,Graduate Academic and Research Skills for Public Policy,Summer Session/Winter Session,Postgraduate,0.0,Online or In Person,2025
1294,MUSI8005,"Graduate Composition, Arranging, and Sound Design 2",,Postgraduate,12.0,In Person,2025
1295,MUSI8006,"Graduate Composition, Arranging, and Sound Design 3",,Postgraduate,12.0,In Person,2025
1296,EMET4316,Graduate Computational Economics,,Undergraduate,6.0,In Person,2025
1297,EMET8016,Graduate Computational Economics,,Postgraduate,6.0,In Person,2025
1298,IDEC7904,Graduate Preparatory Econometrics,Summer Session/Winter Session,Postgraduate,0.0,Online or In Person,2025
1299,CRWF7902,Graduate Preparatory Economics for Public Policy,Summer Session/Winter Session,Postgraduate,0.0,Online or In Person,2025
1300,EMDV7901,"Graduate Preparatory Environment, Development and Climate Studies",Summer Session/Winter Session,Postgraduate,0.0,Online or In Person,2025
1301,IDEC7902,Graduate Preparatory Mathematical Methods,Summer Session/Winter Session,Postgraduate,0.0,Online or In Person,2025
1302,POGO7901,"Graduate Preparatory Social, Political and Policy Analysis",Summer Session/Winter Session,Postgraduate,0.0,Online or In Person,2025
1303,LING8001,Graduate Reading Course (Linguistics),First Semester/Second Semester,Postgraduate,6.0,In Person,2025
1304,ARCH8038,Graduate Reading Course in Archaeological Science,Summer Session/First Semester/Autumn Session/Winter Session/Second Semester/Spring Session,Postgraduate,6.0,Online or In Person,2025
1305,LING6003,Grammar of the World's Languages,Second Semester,Postgraduate,6.0,In Person,2025
1306,LING2003,Grammar of the World's Languages,Second Semester,Undergraduate,6.0,In Person,2025
1307,STAT4026,Graphical Data Analysis,First Semester/Second Semester,Undergraduate,6.0,In Person,2025
1308,STAT3011,Graphical Data Analysis,First Semester/Second Semester,Undergraduate,6.0,In Person,2025
1309,STAT6026,Graphical Data Analysis,First Semester/Second Semester,Postgraduate,6.0,In Person,2025
1310,ENGL2222,"Great Writers: Special Topics in Gender, Authorship and History",,Undergraduate,6.0,In Person,2025
1311,ENGN4547,Grid Integration of Renewable and Storage Technologies,First Semester,Undergraduate,6.0,In Person,2025
1312,ENGN8170,Group Project,First Semester/Second Semester,Postgraduate,12.0,In Person,2025
1313,BIOL3108,Hallmarks of Cancer,Second Semester,Undergraduate,6.0,In Person,2025
1314,BIOL6108,Hallmarks of Cancer,Second Semester,Postgraduate,6.0,In Person,2025
1315,DIPL8010,Harnessing Diplomacy for International Development,Second Semester,Postgraduate,6.0,Online or In Person,2025
1316,ECON3004,Health Economics,Second Semester,Undergraduate,6.0,In Person,2025
1317,ECON6039,Health Economics,Second Semester,Postgraduate,6.0,In Person,2025
1318,CHMD6005,Health Humanities,Second Semester,Postgraduate,6.0,Online or In Person,2025
1319,CHMD2005,Health Humanities,Second Semester,Undergraduate,6.0,In Person,2025
1320,SOCY8006,Health Inequalities,First Semester,Postgraduate,6.0,Online or In Person,2025
1321,LAWS8237,"Health Law, Bioethics and Human Rights",Second Semester,Postgraduate,6.0,Online or In Person,2025
1322,LAWS4219,"Health Law, Bioethics and Human Rights",Second Semester,Undergraduate,6.0,In Person,2025
1323,POPH6115,Health Promotion Principles and Practice,Second Semester,Postgraduate,6.0,Online or In Person,2025
1324,SCOM3033,Health Promotion Principles and Practice,Second Semester,Undergraduate,6.0,In Person,2025
1325,PSYC3020,Health Psychology,Second Semester,Undergraduate,6.0,In Person,2025
1326,HLTH2001,Health Systems and Policy: An Introduction,First Semester,Undergraduate,6.0,In Person,2025
1327,BIOL8021,Health and Disease in a Changing World,,Postgraduate,6.0,Online,2025
1328,MEDN2001,Health and Medical Physiology,First Semester,Undergraduate,6.0,In Person,2025
1329,MEDN6001,Health and Medical Physiology,First Semester,Postgraduate,6.0,In Person,2025
1330,HLTH4001,Health and Medicine Honours,First Semester/Second Semester,Undergraduate,6.0,In Person,2025
1331,HLMD2000,Health and Medicine Internship,Summer Session/First Semester/Autumn Session/Winter Session/Second Semester/Spring Session,Undergraduate,6.0,In Person,2025
1332,HLMD8000,Health and Medicine Internship,Summer Session/First Semester/Autumn Session/Winter Session/Second Semester/Spring Session,Postgraduate,6.0,In Person,2025
1333,HLMD3000,Health and Medicine Internship,Summer Session/First Semester/Autumn Session/Winter Session/Second Semester/Spring Session,Undergraduate,6.0,In Person,2025
1334,HLMD2021,Health and Medicine Research Project,Summer Session/First Semester/Autumn Session/Winter Session/Second Semester/Spring Session,Undergraduate,6.0,In Person,2025
1335,HLMD3021,Health and Medicine Research Project,Summer Session/First Semester/Autumn Session/Winter Session/Second Semester/Spring Session,Undergraduate,6.0,In Person,2025
1336,HLMD8021,Health and Medicine Research Project,Summer Session/First Semester/Autumn Session/Winter Session/Second Semester/Spring Session,Postgraduate,6.0,In Person,2025
1337,NSPO8043,Health and National Security,,Postgraduate,3.0,Online or In Person,2025
1338,HLTH1001,Health in the 21st Century,First Semester,Undergraduate,6.0,In Person,2025
1339,HUMN8033,Heritage Tourism and Sustainable Development,Winter Session,Postgraduate,6.0,In Person,2025
1340,HUMN8040,Heritage and Tourism Field School,Spring Session,Postgraduate,6.0,In Person,2025
1341,COMP3320,High Performance Scientific Computation,,Undergraduate,6.0,In Person,2025
1342,COMP6464,High Performance Scientific Computing,,Postgraduate,6.0,In Person,2025
1343,MGMT8061,High Performance Teams,First Semester,Postgraduate,6.0,In Person,2025
1344,HIND1100,Hindi 1,First Semester,Undergraduate,6.0,Online or In Person,2025
1345,HIND1200,Hindi 2,Second Semester,Undergraduate,6.0,Online or In Person,2025
1346,HIND2300,Hindi 3,First Semester,Undergraduate,6.0,Online or In Person,2025
1347,HIND2400,Hindi 4,Second Semester,Undergraduate,6.0,Online or In Person,2025
1348,HIND3500,Hindi 5,First Semester,Undergraduate,6.0,Online or In Person,2025
1349,HIND3600,Hindi 6,Second Semester,Undergraduate,6.0,Online or In Person,2025
1350,NSPO8028,History for Policymakers,,Postgraduate,6.0,In Person,2025
1351,ANTH4011,History of Anthropological Theory Extended,Autumn Session,Undergraduate,12.0,In Person,2025
1352,ARCH3026,History of Archaeology: Discovering the Past,,Undergraduate,6.0,In Person,2025
1353,ASIA2307,History of Empire in Asia,,Undergraduate,6.0,In Person,2025
1354,ASIA2017,History of International Relations in Northeast Asia,,Undergraduate,6.0,In Person,2025
1355,ASIA2037,History of Modern China,Second Semester,Undergraduate,6.0,In Person,2025
1356,ASIA6037,History of Modern China,Second Semester,Postgraduate,6.0,In Person,2025
1357,SPAN3603,History of the Spanish language. A linguistic time travel,First Semester,Undergraduate,6.0,In Person,2025
1358,ASIA3030,History of the State System in Southeast Asia,,Undergraduate,6.0,In Person,2025
1359,ASIA6030,History of the State System in Southeast Asia,,Postgraduate,6.0,In Person,2025
1360,STST3003,Honeypots and Overcoats: Australian Intelligence in the World,,Undergraduate,6.0,In Person,2025
1361,PHYS4110,Honours Research Project,Summer Session/First Semester/Second Semester,Undergraduate,6.0,In Person,2025
1362,ENVS4001,Honours Research Skills,First Semester/Second Semester,Undergraduate,6.0,In Person,2025
1363,PHIL4010,Honours Seminar in Philosophy,First Semester/Second Semester,Undergraduate,6.0,In Person,2025
1364,ENVS4000,Honours Thesis,First Semester/Second Semester,Undergraduate,6.0,In Person,2025
1365,NSPO8047,How Canberra works: a guide for security policymakers&nbsp;,Autumn Session,Postgraduate,3.0,Online or In Person,2025
1366,STST1004,How Nations Fight: From Tsushima to Taiwan,Second Semester,Undergraduate,6.0,In Person,2025
1367,PASI8301,How Papua New Guinea Works,Spring Session,Postgraduate,3.0,Online or In Person,2025
1368,MEDN3186,Human Anatomy,First Semester,Undergraduate,6.0,In Person,2025
1369,BIOL1008,Human Biology,First Semester,Undergraduate,6.0,In Person,2025
1370,ENVS2011,Human Ecology,First Semester,Undergraduate,6.0,In Person,2025
1371,ENVS6020,Human Ecology,First Semester,Postgraduate,6.0,In Person,2025
1372,BIAN3113,Human Evolution,First Semester,Undergraduate,6.0,In Person,2025
1373,BIAN6013,Human Evolution,First Semester,Postgraduate,6.0,In Person,2025
1374,POPH8318,"Human Health, Environment and Climate Change",First Semester,Postgraduate,6.0,Online or In Person,2025
1375,ASIA2301,Human Migration and Expansion in the Rise of the Asia-Pacific,First Semester,Undergraduate,6.0,In Person,2025
1376,SOCR8015,Human Research Ethics & Integrity: Principles & Practice,First Semester,Postgraduate,6.0,In Person,2025
1377,SOCS9015,Human Research Ethics and Integrity: Principles and Practice,First Semester,Postgraduate,6.0,In Person,2025
1378,MGMT2030,Human Resource Management and Strategy,First Semester,Undergraduate,6.0,In Person,2025
1379,POLS3113,Human Rights,Winter Session,Undergraduate,6.0,In Person,2025
1380,LAWS8420,Human Rights Law in Australia,,Postgraduate,6.0,In Person,2025
1381,ASIA2081,Human Rights in Asia,,Undergraduate,6.0,In Person,2025
1382,PASI8004,Human Security and Well-being in the Pacific Region,Second Semester,Postgraduate,6.0,Online or In Person,2025
1383,INTR2047,"Human Security: Conflict, Displacement and Peace Building",,Undergraduate,6.0,In Person,2025
1384,BIAN6517,Human Skeletal Analysis,First Semester,Postgraduate,6.0,In Person,2025
1385,BIAN2015,Human Skeletal Analysis,First Semester,Undergraduate,6.0,In Person,2025
1386,COMP3900,Human-Computer Interaction,Second Semester,Undergraduate,6.0,In Person,2025
1387,COMP6390,Human-Computer Interaction,Second Semester,Postgraduate,6.0,In Person,2025
1388,INTR8062,Humanitarianism in World Politics,,Postgraduate,6.0,In Person,2025
1389,INTR3001,"Humanitarianism: Principles, Politics and Practice",First Semester,Undergraduate,6.0,In Person,2025
1390,BAPA3001,"Humanitarianism: Principles, Politics and Practice",Autumn Session,Undergraduate,6.0,Online or In Person,2025
1391,POLS2119,Ideas in Politics,First Semester,Undergraduate,6.0,In Person,2025
1392,ENGL2111,Imaginary Journeys: Writing Travel in Australian Literature and Film,,Undergraduate,6.0,In Person,2025
1393,ENGL1200,Imagined Worlds,Second Semester,Undergraduate,6.0,In Person,2025
1394,EMDV8103,Impact Assessment and Evaluation for Environmental and Development Projects,Second Semester,Postgraduate,6.0,Online or In Person,2025
1395,LAWS4221,Income Tax,Second Semester,Undergraduate,6.0,Online or In Person,2025
1396,LAWS8421,Income Tax,,Postgraduate,6.0,Online or In Person,2025
1397,ENVS3100,Independent Research Project,Summer Session/First Semester/Autumn Session/Winter Session/Second Semester/Spring Session,Undergraduate,6.0,In Person,2025
1398,ENVS8100,Independent Research Project,Summer Session/First Semester/Autumn Session/Winter Session/Second Semester/Spring Session,Postgraduate,6.0,In Person,2025
1399,ASIA6270,India Past and Present: The impact of pre-colonial history on India today,,Postgraduate,6.0,In Person,2025
1400,ASIA2270,India Past and Present: The impact of pre-colonial history on India today,,Undergraduate,6.0,In Person,2025
1401,ASIA6176,India's Culture Wars,First Semester,Postgraduate,6.0,In Person,2025
1402,ASIA2116,India’s Culture Wars,First Semester,Undergraduate,6.0,In Person,2025
1403,MUSC8006,Indigenous Collections and Exhibitions,Spring Session,Postgraduate,6.0,In Person,2025
1404,LAWS4278,Indigenous Community Legal Clinic,First Semester/Second Semester,Undergraduate,6.0,In Person,2025
1405,LAWS6278,Indigenous Community Legal Clinic,First Semester/Second Semester,Postgraduate,6.0,In Person,2025
1406,ENVS2025,Indigenous Cultural and Natural Resource Management,First Semester,Undergraduate,6.0,In Person,2025
1407,INDG2001,Indigenous Cultural and Natural Resource Management,First Semester,Undergraduate,6.0,In Person,2025
1408,DIPL8019,Indigenous Diplomacy and Sovereignty ,Second Semester,Postgraduate,6.0,In Person,2025
1409,HUMN8039,Indigenous Heritage Management and Debates in Digital Heritage,,Postgraduate,6.0,In Person,2025
1410,HIST3142,"Indigenous History, Memory and Politics",,Undergraduate,6.0,In Person,2025
1411,CHMD8021,"Indigenous Medicines, Health and Healing",,Postgraduate,6.0,Online or In Person,2025
1412,INDG8002,Indigenous Peoples and Development in Australia (Extended),,Postgraduate,12.0,Online or In Person,2025
1413,INDG8001,Indigenous Peoples and Development in Australia: principles and practices for Indigenous-led change,,Postgraduate,6.0,Online or In Person,2025
1414,LAWS4238,Indigenous Peoples and Law,,Undergraduate,6.0,Online or In Person,2025
1415,LAWS8438,Indigenous Peoples and the Law,,Postgraduate,6.0,Online or In Person,2025
1416,COMP3740,Individual Project,First Semester/Second Semester,Undergraduate,6.0,In Person,2025
1417,ENGN4200,Individual Project,First Semester/Second Semester,Undergraduate,6.0,In Person,2025
1418,ENGN4350,Individual Project,First Semester/Second Semester,Undergraduate,6.0,In Person,2025
1419,ASIA2516,"Indonesia: Politics, Society and Development",Second Semester,Undergraduate,6.0,In Person,2025
1420,ASIA6516,"Indonesia: Politics, Society and Development",Second Semester,Postgraduate,6.0,In Person,2025
1421,ASIA2416,"Indonesia: Politics, Society and Development (L)",,Undergraduate,6.0,In Person,2025
1422,INDN1002,Indonesian 1,First Semester,Undergraduate,6.0,In Person,2025
1423,INDN1003,Indonesian 2,Second Semester,Undergraduate,6.0,In Person,2025
1424,INDN2002,Indonesian 3,First Semester,Undergraduate,6.0,In Person,2025
1425,INDN2003,Indonesian 4,Second Semester,Undergraduate,6.0,In Person,2025
1426,INDN3002,Indonesian 5,First Semester,Undergraduate,6.0,In Person,2025
1427,INDN3003,Indonesian 6,Second Semester,Undergraduate,6.0,In Person,2025
1428,ASIA2111,Indonesian Foreign and Security Policy,First Semester,Undergraduate,6.0,In Person,2025
1429,ASIA2411,Indonesian Foreign and Security Policy (L),First Semester,Undergraduate,6.0,In Person,2025
1430,LING2110,Indonesian and Interdisciplinary Linguistics,,Undergraduate,6.0,In Person,2025
1431,LING2111,Indonesian and Interdisciplinary Linguistics (L),,Undergraduate,6.0,In Person,2025
1432,INDN3015,Indonesian in Contemporary Society,Second Semester,Undergraduate,6.0,In Person,2025
1433,ENGN8833,Industrial Energy Efficiency and Decarbonisation,First Semester,Postgraduate,6.0,In Person,2025
1434,ECON4438,Industrial Organisation,,Undergraduate,6.0,In Person,2025
1435,ECON3057,Industrial Organisation,First Semester,Undergraduate,6.0,In Person,2025
1436,ECON6038,Industrial Organisation,First Semester,Postgraduate,6.0,In Person,2025
1437,ECON8038,Industrial Organisation,,Postgraduate,6.0,In Person,2025
1438,PSYC3028,Industrial and Organisational Psychology,,Undergraduate,6.0,In Person,2025
1439,INFS8202,Industry Research Project,First Semester/Second Semester,Postgraduate,6.0,In Person,2025
1440,BIOL6141,Infection and Immunity,First Semester,Postgraduate,6.0,In Person,2025
1441,BIOL3141,Infection and Immunity,First Semester,Undergraduate,6.0,In Person,2025
1442,INFS2024,Information Systems Analysis,First Semester,Undergraduate,6.0,In Person,2025
1443,INFS3024,Information Systems Management,First Semester,Undergraduate,6.0,In Person,2025
1444,LAWS4245,Information Technology Law,First Semester,Undergraduate,6.0,In Person,2025
1445,LAWS8445,Information Technology Law,First Semester,Postgraduate,6.0,Online or In Person,2025
1446,COMP6261,Information Theory,Second Semester,Postgraduate,6.0,In Person,2025
1447,COMP2610,Information Theory,Second Semester,Undergraduate,6.0,In Person,2025
1448,ENGN4903,Infrastructure System Design,Second Semester,Undergraduate,6.0,In Person,2025
1449,MGMT7165,Innovation,First Semester,Postgraduate,6.0,In Person,2025
1450,MGMT7251,Innovation in Emerging Markets,,Postgraduate,6.0,In Person,2025
1451,MGMT8111,Innovation in the Public Sector,,Postgraduate,3.0,In Person,2025
1452,MKTG3033,Integrated Marketing Communications,Second Semester,Undergraduate,6.0,In Person,2025
1453,ENGN8831,Integration of Renewable Energy into Power Systems and Microgrids,First Semester,Postgraduate,6.0,In Person,2025
1454,LAWS4222,Intellectual Property,Summer Session,Undergraduate,6.0,In Person,2025
1455,LAWS8422,Intellectual Property,Summer Session,Postgraduate,6.0,Online or In Person,2025
1456,STST8021,Intelligence and Security,,Postgraduate,6.0,In Person,2025
1457,INFS8008,"Intelligent Business Analysis: Models, Processes and Techniques",Second Semester,Postgraduate,6.0,In Person,2025
1458,POLS8046,"Interest Groups, Advocacy and Public Policy",,Postgraduate,6.0,In Person,2025
1459,GREK2121,Intermediate Ancient Greek ,First Semester,Undergraduate,6.0,In Person,2025
1460,ARAB2011,Intermediate Arabic 1,First Semester,Undergraduate,6.0,Online or In Person,2025
1461,ARAB2012,Intermediate Arabic 2,Second Semester,Undergraduate,6.0,Online or In Person,2025
1462,FREN3101,Intermediate French Studies I,First Semester,Undergraduate,6.0,In Person,2025
1463,FREN3102,Intermediate French Studies II,Second Semester,Undergraduate,6.0,In Person,2025
1464,GERM3101,Intermediate German Studies I,First Semester,Undergraduate,6.0,In Person,2025
1465,GERM3102,Intermediate German Studies II,Second Semester,Undergraduate,6.0,In Person,2025
1466,ITAL3101,Intermediate Italian Studies I,First Semester,Undergraduate,6.0,In Person,2025
1467,ITAL3102,Intermediate Italian Studies II,Second Semester,Undergraduate,6.0,In Person,2025
1468,LATN2121,Intermediate Latin,First Semester,Undergraduate,6.0,In Person,2025
1469,PERS2003,Intermediate Persian A,,Undergraduate,6.0,Online or In Person,2025
1470,PERS2004,Intermediate Persian B,Second Semester,Undergraduate,6.0,Online,2025
1471,SPAN3001,Intermediate Spanish Studies I,First Semester,Undergraduate,6.0,In Person,2025
1472,SPAN3012,Intermediate Spanish Studies II ,Second Semester,Undergraduate,6.0,In Person,2025
1473,TURK2001,Intermediate Turkish A,,Undergraduate,6.0,Online,2025
1474,TURK2002,Intermediate Turkish B,,Undergraduate,6.0,Online,2025
1475,MGMT8113,Internal Consulting Capstone,,Postgraduate,3.0,In Person,2025
1476,POGO8098,International Aid Programs and Politics,Second Semester,Postgraduate,6.0,Online or In Person,2025
1477,LAWS4266,International Arbitration and Negotiation Moot Competition in Japan,Second Semester,Undergraduate,6.0,In Person,2025
1478,LAWS8585,International Aviation Law,,Postgraduate,6.0,Online or In Person,2025
1479,BUSI2025,International Business,First Semester/Second Semester,Undergraduate,6.0,In Person,2025
1480,BUSI4500,International Business Honours Thesis,First Semester/Second Semester,Undergraduate,6.0,In Person,2025
1481,BUSI7033,International Business Strategies,First Semester,Postgraduate,6.0,In Person,2025
1482,EMDV8080,International Climate Change Policy and Economics,Second Semester,Postgraduate,6.0,Online or In Person,2025
1483,LAWS8418,International Commercial Arbitration,,Postgraduate,6.0,Online,2025
1484,LAWS8566,International Criminal Law,,Postgraduate,6.0,Online or In Person,2025
1485,LAWS8567,International Dispute Resolution,Summer Session,Postgraduate,6.0,Online or In Person,2025
1486,LAWS4223,International Dispute Resolution,Summer Session/Winter Session,Undergraduate,6.0,Online or In Person,2025
1487,ECON6016,International Economics,,Postgraduate,6.0,In Person,2025
1488,ECON8015,International Economics,,Postgraduate,6.0,In Person,2025
1489,ECON3103,International Economics,,Undergraduate,6.0,In Person,2025
1490,ECON4415,International Economics,,Undergraduate,6.0,In Person,2025
1491,ENVS3033,International Environmental Policy,Summer Session,Undergraduate,6.0,In Person,2025
1492,ENVS6033,International Environmental Policy,Summer Session,Postgraduate,6.0,In Person,2025
1493,ASIA8049,International History from Asia and the Pacific: Framing Critical Perspectives,,Postgraduate,6.0,In Person,2025
1494,MGMT3025,International Human Resource Management,Second Semester,Undergraduate,6.0,In Person,2025
1495,LAWS8268,International Humanitarian Law,First Semester,Postgraduate,6.0,Online,2025
1496,LAWS4306,International Investment Treaty Law and Arbitration,,Undergraduate,6.0,In Person,2025
1497,LAWS8336,International Investment Treaty Law and Arbitration,,Postgraduate,6.0,Online or In Person,2025
1498,LAWS6250,International Law,Second Semester,Postgraduate,6.0,In Person,2025
1499,LAWS2250,International Law,Second Semester,Undergraduate,6.0,In Person,2025
1500,LAWS4302,International Law Clinic,First Semester/Second Semester,Undergraduate,6.0,In Person,2025
1501,LAWS6302,International Law Clinic,First Semester/Second Semester,Postgraduate,6.0,In Person,2025
1502,LAWS8297,International Law and Australian Government,,Postgraduate,6.0,Online or In Person,2025
1503,LAWS8178,International Law and Use of Force,,Postgraduate,6.0,Online,2025
1504,LAWS4225,International Law of Human Rights,Second Semester,Undergraduate,6.0,Online or In Person,2025
1505,LAWS8264,International Law of the Environment,,Postgraduate,6.0,Online or In Person,2025
1506,LAWS4364,International Law of the Environment,,Undergraduate,6.0,Online or In Person,2025
1507,LAWS4224,International Law of the Sea,,Undergraduate,6.0,Online or In Person,2025
1508,DEMO8047,International Migration,Second Semester,Postgraduate,6.0,In Person,2025
1509,ECON3021,International Monetary Economics,,Undergraduate,6.0,In Person,2025
1510,ECON8009,International Monetary Economics,,Postgraduate,6.0,In Person,2025
1511,LAWS8316,International Nuclear Energy Law,,Postgraduate,6.0,Online or In Person,2025
1512,POGO8045,International Policy Making in the Shadow of the Future,Second Semester,Postgraduate,6.0,In Person,2025
1513,INTR8013,International Political Economy,First Semester,Postgraduate,6.0,In Person,2025
1514,POLS2094,International Political Economy,First Semester,Undergraduate,6.0,In Person,2025
1515,LAWS8252,International Refugee Law,,Postgraduate,6.0,Online or In Person,2025
1516,DIPL8015,International Relations Internship,Summer Session/First Semester/Autumn Session/Winter Session/Second Semester/Spring Session,Postgraduate,6.0,Online or In Person,2025
1517,POLS4013,International Relations Theory,,Undergraduate,6.0,In Person,2025
1518,POLS2017,International Relations Theory,Second Semester,Undergraduate,6.0,In Person,2025
1519,INTR8011,International Relations Theory,First Semester,Postgraduate,6.0,Online or In Person,2025
1520,INTR2010,International Relations in the Asia-Pacific,,Undergraduate,6.0,In Person,2025
1521,INTR8022,International Relations in the Asia-Pacific,Second Semester,Postgraduate,6.0,Online or In Person,2025
1522,INTR8066,International Relations in the Information Age,,Postgraduate,6.0,Online or In Person,2025
1523,STST3005,International Security in the 21st Century ,,Undergraduate,6.0,In Person,2025
1524,BUSI3020,International Strategic Management,First Semester,Undergraduate,6.0,In Person,2025
1525,LAWS6001,International Student Legal Orientation,First Semester/Second Semester,Postgraduate,0.0,In Person,2025
1526,LAWS1001,International Student Legal Orientation,First Semester/Second Semester,Undergraduate,0.0,In Person,2025
1527,BUSI3030,International Supply Chain Management,Second Semester,Undergraduate,6.0,In Person,2025
1528,POLS3036,International Terrorism,Second Semester,Undergraduate,6.0,In Person,2025
1529,LAWS4226,International Trade Law,,Undergraduate,6.0,In Person,2025
1530,LAWS8229,International Trade Law,,Postgraduate,6.0,Online or In Person,2025
1531,LAWS8234,International and Comparative Human Rights Law,,Postgraduate,6.0,Online or In Person,2025
1532,MUSC8004,Internship 1,First Semester/Second Semester,Postgraduate,6.0,In Person,2025
1533,MUSC8005,Internship 2,,Postgraduate,6.0,In Person,2025
1534,POLS4047,"Interpretation, Method, Critique: Interpretivist Methods in the Social Sciences",First Semester,Undergraduate,6.0,In Person,2025
1535,POLS8047,"Interpretation, Method, Critique: Interpretivist Methods in the Social Sciences",First Semester,Postgraduate,6.0,In Person,2025
1536,INTR8078,Interventions and Statebuilding: From Fragility to Resilience,,Postgraduate,6.0,Online or In Person,2025
1537,ASIA9021,Introduction to Academic Skills for HDR Research - Part A,Autumn Session,Postgraduate,3.0,In Person,2025
1538,ASIA9022,Introduction to Academic Skills for HDR Research - Part B,Spring Session,Postgraduate,3.0,In Person,2025
1539,ARCH8032,Introduction to Archaeological and Evolutionary Science,First Semester,Postgraduate,12.0,In Person,2025
1540,ASIA1035,Introduction to Asian Politics,First Semester,Undergraduate,6.0,In Person,2025
1541,STAT3016,Introduction to Bayesian Data Analysis,Second Semester,Undergraduate,6.0,In Person,2025
1542,STAT4116,Introduction to Bayesian Data Analysis,Second Semester,Undergraduate,6.0,In Person,2025
1543,STAT6016,Introduction to Bayesian Data Analysis,Second Semester,Postgraduate,6.0,In Person,2025
1544,BUSN1101,Introduction to Commercial Law,Second Semester,Undergraduate,6.0,In Person,2025
1545,CRIM2014,Introduction to Crime Science,,Undergraduate,6.0,In Person,2025
1546,HUMN6051,Introduction to Cultural Heritage Management,First Semester,Postgraduate,6.0,In Person,2025
1547,HUMN2051,Introduction to Cultural Heritage Management,First Semester,Undergraduate,6.0,In Person,2025
1548,POLS1009,Introduction to Data and Methods for Political Science and International Relations,Second Semester,Undergraduate,6.0,Online or In Person,2025
1549,COMP7240,Introduction to Database Concepts,,Postgraduate,6.0,In Person,2025
1550,ENGN1218,Introduction to Electronics,Second Semester,Undergraduate,6.0,In Person,2025
1551,ARCH2041,Introduction to Environmental Archaeology,Second Semester,Undergraduate,6.0,In Person,2025
1552,ARCH6041,Introduction to Environmental Archaeology,Second Semester,Postgraduate,6.0,In Person,2025
1553,ENVS6103,Introduction to Environmental and Social Research,Second Semester,Postgraduate,6.0,In Person,2025
1554,ENVS1003,Introduction to Environmental and Social Research,Second Semester,Undergraduate,6.0,In Person,2025
1555,PSYC2011,Introduction to Forensic and Criminal Psychology,Second Semester,Undergraduate,6.0,In Person,2025
1556,EMSC2022,Introduction to Global Geophysics,First Semester,Undergraduate,6.0,In Person,2025
1557,EMSC6122,Introduction to Global Geophysics,First Semester,Postgraduate,6.0,In Person,2025
1558,HLTH2002,"Introduction to Global Health: Issues, Theories and Practices",Second Semester,Undergraduate,6.0,In Person,2025
1559,POPH8103,Introduction to Health Services Research and Policy,First Semester,Postgraduate,6.0,Online or In Person,2025
1560,HUMN2000,Introduction to Heritage and Museum Studies,Second Semester,Undergraduate,6.0,In Person,2025
1561,ANTH8056,Introduction to Humanitarian Action,First Semester,Postgraduate,6.0,Online or In Person,2025
1562,POLS1005,Introduction to International Relations Foundations and Concepts,First Semester,Undergraduate,6.0,In Person,2025
1563,BAPA1004,Introduction to International Security Studies,Autumn Session,Undergraduate,6.0,In Person,2025
1564,STST1001,Introduction to International Security Studies,First Semester,Undergraduate,6.0,In Person,2025
1565,CHEM8034,Introduction to Laboratory Work in Chemistry,Second Semester,Postgraduate,6.0,In Person,2025
1566,COMP6670,Introduction to Machine Learning,Second Semester,Postgraduate,6.0,In Person,2025
1567,COMP3670,Introduction to Machine Learning,Second Semester,Undergraduate,6.0,In Person,2025
1568,MKTG2004,Introduction to Marketing,First Semester/Second Semester,Undergraduate,6.0,In Person,2025
1569,MATH6222,Introduction to Mathematical Thinking: Problem-Solving and Proofs,First Semester,Postgraduate,6.0,In Person,2025
1570,MATH2222,Introduction to Mathematical Thinking: Problem-Solving and Proofs,First Semester,Undergraduate,6.0,In Person,2025
1571,ENGN1217,Introduction to Mechanics,Second Semester,Undergraduate,6.0,In Person,2025
1572,MUSI6110,Introduction to Music Technology,,Postgraduate,6.0,In Person,2025
1573,MUSI1110,Introduction to Music Technology,First Semester/Second Semester,Undergraduate,6.0,In Person,2025
1574,EMSC4706,Introduction to Natural Hazards,First Semester,Undergraduate,6.0,In Person,2025
1575,EMSC8706,Introduction to Natural Hazards,First Semester,Postgraduate,6.0,In Person,2025
1576,PNPI1001,"Introduction to Philosophy, Neuroscience, and Psychology",Second Semester,Undergraduate,6.0,In Person,2025
1577,POLS1002,Introduction to Politics,First Semester,Undergraduate,6.0,In Person,2025
1578,POPH3000,Introduction to Population Health,Second Semester,Undergraduate,6.0,In Person,2025
1579,COMP7230,Introduction to Programming for Data Scientists,,Postgraduate,6.0,In Person,2025
1580,SOCY2043,Introduction to Qualitative Research Methods,Second Semester,Undergraduate,6.0,In Person,2025
1581,BIOL6200,Introduction to Quantitative Biology,First Semester,Postgraduate,6.0,In Person,2025
1582,BIOL2001,Introduction to Quantitative Biology,First Semester,Undergraduate,6.0,In Person,2025
1583,SOCY2038,Introduction to Quantitative Research Methods,First Semester,Undergraduate,6.0,In Person,2025
1584,PASI9001,Introduction to Research in the Pacific: Methods and Research Design,,Postgraduate,6.0,Online or In Person,2025
1585,SOCR8201,Introduction to Social Science Methods and Types of Data,First Semester,Postgraduate,6.0,In Person,2025
1586,STAT2005,Introduction to Stochastic Processes,Second Semester,Undergraduate,6.0,In Person,2025
1587,STAT7004,Introduction to Stochastic Processes,Second Semester,Postgraduate,6.0,In Person,2025
1588,ENGN8100,Introduction to Systems Engineering,First Semester,Postgraduate,6.0,In Person,2025
1589,MEAS1001,Introduction to the Modern Middle East,First Semester,Undergraduate,6.0,Online or In Person,2025
1590,GREK1001,Introductory Ancient Greek,First Semester,Undergraduate,6.0,In Person,2025
1591,ARAB1002,Introductory Arabic 1,First Semester,Undergraduate,6.0,Online or In Person,2025
1592,ARAB1003,Introductory Arabic 2,Second Semester,Undergraduate,6.0,Online or In Person,2025
1593,FREN1101,Introductory French Studies I ,First Semester,Undergraduate,6.0,In Person,2025
1594,FREN1102,Introductory French Studies II ,Second Semester,Undergraduate,6.0,In Person,2025
1595,GERM1101,Introductory German Studies I,First Semester,Undergraduate,6.0,In Person,2025
1596,GERM1102,Introductory German Studies II,Second Semester,Undergraduate,6.0,In Person,2025
1597,ITAL1101,Introductory Italian Studies I,First Semester,Undergraduate,6.0,In Person,2025
1598,ITAL1102,Introductory Italian Studies II,Second Semester,Undergraduate,6.0,In Person,2025
1599,LATN1001,Introductory Latin,First Semester,Undergraduate,6.0,In Person,2025
1600,STAT2001,Introductory Mathematical Statistics,First Semester/Second Semester,Undergraduate,6.0,In Person,2025
1601,STAT2013,Introductory Mathematical Statistics for Actuarial Studies,First Semester/Second Semester,Undergraduate,6.0,In Person,2025
1602,PERS1001,Introductory Persian A,,Undergraduate,6.0,Online or In Person,2025
1603,PERS1002,Introductory Persian B,Second Semester,Undergraduate,6.0,Online,2025
1604,PORT1001,Introductory Portuguese Studies I,,Undergraduate,6.0,Online,2025
1605,PORT1002,Introductory Portuguese Studies II,,Undergraduate,6.0,Online,2025
1606,RUSS1101,Introductory Russian Studies I,First Semester,Undergraduate,6.0,In Person,2025
1607,RUSS1102,Introductory Russian Studies II,Second Semester,Undergraduate,6.0,In Person,2025
1608,SPAN1001,Introductory Spanish Studies I,First Semester,Undergraduate,6.0,In Person,2025
1609,SPAN1002,Introductory Spanish Studies II,Second Semester,Undergraduate,6.0,Online or In Person,2025
1610,STAT7055,Introductory Statistics for Business and Finance,First Semester/Second Semester,Postgraduate,6.0,In Person,2025
1611,FINM3011,Investments,First Semester/Second Semester,Undergraduate,6.0,In Person,2025
1612,FINM2003,Investments,,Undergraduate,6.0,In Person,2025
1613,MEAS3004,Iran in World Politics,Second Semester,Undergraduate,6.0,Online or In Person,2025
1614,MEAS6004,Iran in World Politics,Second Semester,Postgraduate,6.0,Online or In Person,2025
1615,MEAS2000,Iranian History and Culture,,Undergraduate,6.0,Online,2025
1616,MEAS4117,Islam in Central Asia,,Undergraduate,6.0,In Person,2025
1617,MEAS8117,Islam in Central Asia,,Postgraduate,6.0,In Person,2025
1618,MEAS8115,Islam in World Politics,,Postgraduate,6.0,In Person,2025
1619,MEAS1002,Islam: History and Institutions ,Second Semester,Undergraduate,6.0,In Person,2025
1620,IDEC8035,Islamic Economies in Practice,,Postgraduate,6.0,Online or In Person,2025
1621,MEAS4102,Islamic Radicalism,,Undergraduate,6.0,In Person,2025
1622,MEAS8102,Islamic Radicalism,,Postgraduate,6.0,In Person,2025
1623,ENVS2005,Island Sustainable Development: Fiji Field School,Winter Session,Undergraduate,6.0,In Person,2025
1624,ENVS6205,Island Sustainable Development: Fiji Field School,Winter Session,Postgraduate,6.0,In Person,2025
1625,INTR8071,Issues and Concepts in International Relations,Second Semester,Postgraduate,6.0,Online or In Person,2025
1626,IDEC8030,Issues in Applied Macroeconomics,Second Semester,Postgraduate,6.0,Online or In Person,2025
1627,IDEC8029,Issues in Applied Microeconomics,First Semester,Postgraduate,6.0,Online or In Person,2025
1628,PSYC2595,Issues in Contemporary Clinical Psychology,,Undergraduate,6.0,In Person,2025
1629,ARTH2167,Issues in Contemporary Craft and Design,,Undergraduate,6.0,In Person,2025
1630,IDEC8003,Issues in Development Policy,First Semester,Postgraduate,6.0,Online or In Person,2025
1631,POGO8220,Issues in Japanese Policy,,Postgraduate,6.0,In Person,2025
1632,ASIA3027,Issues in Japanese Policy in their global context,,Undergraduate,6.0,In Person,2025
1633,MEAS8108,Issues of Development in the Middle East,Second Semester,Postgraduate,6.0,In Person,2025
1634,ENGL2022,Jane Austen History and Fiction,,Undergraduate,6.0,In Person,2025
1635,GEND2022,Jane Austen History and Fiction,,Undergraduate,6.0,In Person,2025
1636,INTR8063,"Japan and the World: Politics, Diplomacy, Security",,Postgraduate,6.0,Online or In Person,2025
1637,JPNS3013,Japanese - English Translation,Second Semester,Undergraduate,6.0,In Person,2025
1638,JPNS1012,Japanese 1: Spoken,First Semester,Undergraduate,6.0,In Person,2025
1639,JPNS1014,Japanese 1: Written,First Semester,Undergraduate,6.0,In Person,2025
1640,JPNS2003,Japanese 2: Spoken,Second Semester,Undergraduate,6.0,In Person,2025
1641,JPNS2005,Japanese 2: Written,Second Semester,Undergraduate,6.0,In Person,2025
1642,JPNS3201,Japanese 3,First Semester,Undergraduate,6.0,In Person,2025
1643,JPNS3202,Japanese 4,Second Semester,Undergraduate,6.0,In Person,2025
1644,JPNS3203,Japanese 5,First Semester,Undergraduate,6.0,In Person,2025
1645,JPNS3204,Japanese 6,Second Semester,Undergraduate,6.0,In Person,2025
1646,ECON2108,Japanese Economy and Economic Policy,First Semester,Undergraduate,6.0,In Person,2025
1647,INTR2018,Japanese Foreign and Security Policy,,Undergraduate,6.0,In Person,2025
1648,JPNS2024,Japanese Grammar and Expressions,First Semester,Undergraduate,6.0,In Person,2025
1649,LAWS4227,Japanese Law and Society,First Semester,Undergraduate,6.0,In Person,2025
1650,LING6028,Japanese Linguistics,First Semester,Postgraduate,6.0,In Person,2025
1651,LING2028,Japanese Linguistics,First Semester,Undergraduate,6.0,In Person,2025
1652,ASIA2031,Japanese Politics,First Semester,Undergraduate,6.0,In Person,2025
1653,ASIA6031,Japanese Politics,First Semester,Postgraduate,6.0,In Person,2025
1654,ASIA2058,"Japanese Popular Culture: Manga, Anime, Film & the Visual Arts",,Undergraduate,6.0,In Person,2025
1655,LAWS6010,Jessup Moot,Summer Session,Postgraduate,6.0,In Person,2025
1656,LAWS4010,Jessup Moot,Summer Session,Undergraduate,6.0,In Person,2025
1657,BUSN8200,Judgement and Decision Making Research in Accounting,First Semester,Postgraduate,6.0,In Person,2025
1658,LAWS4351,Judicial Reasoning,Second Semester,Undergraduate,6.0,Online or In Person,2025
1659,LAWS8141,Judicial Review of Government Action,,Postgraduate,6.0,Online or In Person,2025
1660,ANTH8007,Key Concepts in Anthropology of Development,Second Semester,Postgraduate,6.0,Online or In Person,2025
1661,INTR8052,Key Debates in Peace and Conflict Studies,First Semester,Postgraduate,6.0,Online or In Person,2025
1662,HIST4013,Key Issues in History,Second Semester,Undergraduate,12.0,In Person,2025
1663,INTR8088,Key Skills in Peace and Conflict Studies,Second Semester,Postgraduate,6.0,Online or In Person,2025
1664,POGO8241,Knowledge Systems and Public Policy,,Postgraduate,3.0,Online or In Person,2025
1665,KORE1020,Korean 1,First Semester,Undergraduate,6.0,In Person,2025
1666,KORE1021,Korean 2,Second Semester,Undergraduate,6.0,In Person,2025
1667,KORE2521,Korean 3,First Semester,Undergraduate,6.0,In Person,2025
1668,KORE2522,Korean 4,Second Semester,Undergraduate,6.0,In Person,2025
1669,KORE3012,Korean 5,First Semester,Undergraduate,6.0,In Person,2025
1670,KORE3013,Korean 6,Second Semester,Undergraduate,6.0,In Person,2025
1671,ECON4441,Labour Economics & Industrial Relations,,Undergraduate,6.0,In Person,2025
1672,ECON8041,Labour Economics and Industrial Relations,,Postgraduate,6.0,In Person,2025
1673,ECON2009,Labour Economics and Industrial Relations,First Semester,Undergraduate,6.0,In Person,2025
1674,ECON6041,Labour Economics and Industrial Relations,First Semester,Postgraduate,6.0,In Person,2025
1675,LAWS4228,Labour Law,,Undergraduate,6.0,In Person,2025
1676,LAWS8428,Labour Law,,Postgraduate,6.0,Online or In Person,2025
1677,ANTH8047,Land Rights and Resource Development,First Semester,Postgraduate,6.0,Online or In Person,2025
1678,ENVS6304,Land and Catchment Management,Second Semester,Postgraduate,6.0,In Person,2025
1679,ENVS3004,Land and Catchment Management,Second Semester,Undergraduate,6.0,In Person,2025
1680,LAWS8280,"Land, Water and Biodiversity Law",,Postgraduate,6.0,Online or In Person,2025
1681,LING2005,Language Across Time,Second Semester,Undergraduate,6.0,In Person,2025
1682,LING6005,Language Across Time,Second Semester,Postgraduate,6.0,In Person,2025
1683,LING8004,Language Unlocked: An introduction to linguistics,First Semester,Postgraduate,6.0,In Person,2025
1684,ASIA8051,Language and Power in Asia and the Pacific,First Semester,Postgraduate,6.0,In Person,2025
1685,LING2106,Language and Social Interaction,,Undergraduate,6.0,In Person,2025
1686,LING6311,Language and Social Interaction,,Postgraduate,6.0,In Person,2025
1687,LING2016,Language and Society in Indigenous Australia,First Semester,Undergraduate,6.0,In Person,2025
1688,LING6016,Language and Society in Indigenous Australia,First Semester,Postgraduate,6.0,In Person,2025
1689,LING1002,Language and Society: The Social Life of Language,Second Semester,Undergraduate,6.0,In Person,2025
1690,ASIA2001,Language in Asia and the Pacific,First Semester,Undergraduate,6.0,In Person,2025
1691,ASIA2103,Language in Asia and the Pacific (L),First Semester,Undergraduate,6.0,In Person,2025
1692,LING1001,Language unlocked: An introduction to linguistics,First Semester,Undergraduate,6.0,In Person,2025
1693,LING2029,"Language, Assessment and Policy",Second Semester,Undergraduate,6.0,In Person,2025
1694,LING6029,"Language, Assessment and Policy",Second Semester,Postgraduate,6.0,Online or In Person,2025
1695,LING2015,"Language, Culture and Translation",Second Semester,Undergraduate,6.0,In Person,2025
1696,LING6015,"Language, Culture and Translation",Second Semester,Postgraduate,6.0,In Person,2025
1697,LING2018,Languages in Contact,,Undergraduate,6.0,In Person,2025
1698,LING6018,Languages in Contact,,Postgraduate,6.0,In Person,2025
1699,LAWS6700,Law Capstone Project,First Semester/Second Semester,Postgraduate,6.0,In Person,2025
1700,LAWS4430,Law Internship,Summer Session/First Semester/Winter Session/Second Semester,Undergraduate,6.0,In Person,2025
1701,LAWS8430,Law Internship,Summer Session/First Semester/Winter Session/Second Semester,Postgraduate,6.0,In Person,2025
1702,LAWS4230,Law Internship (Capstone),Summer Session/First Semester/Winter Session/Second Semester,Undergraduate,6.0,In Person,2025
1703,LAWS6230,Law Internship (Capstone),Summer Session/First Semester/Winter Session/Second Semester,Postgraduate,6.0,In Person,2025
1704,LAWS6011,Law Mooting and Advocacy,Summer Session,Postgraduate,6.0,In Person,2025
1705,LAWS4011,Law Mooting and Advocacy,Summer Session,Undergraduate,6.0,In Person,2025
1706,LAWS4700,Law Research Capstone Project,First Semester/Second Semester,Undergraduate,6.0,Online or In Person,2025
1707,LAWS4231,Law and Art: Representation and Critique,Second Semester,Undergraduate,6.0,In Person,2025
1708,LAWS4301,Law and Development Clinic,Summer Session,Undergraduate,6.0,Online or In Person,2025
1709,LAWS6301,Law and Development Clinic,Summer Session,Postgraduate,6.0,Online or In Person,2025
1710,LAWS4315,Law and Development in the Contemporary South Pacific,Winter Session,Undergraduate,6.0,In Person,2025
1711,LAWS8006,Law and Development in the Contemporary South Pacific,Summer Session,Postgraduate,6.0,Online or In Person,2025
1712,LAWS8228,Law and Economics,Second Semester,Postgraduate,6.0,Online or In Person,2025
1713,ECON8047,Law and Economics,,Postgraduate,6.0,In Person,2025
1714,ECON4447,Law and Economics,,Undergraduate,6.0,In Person,2025
1715,LAWS8586,Law and Legal Institutions,Summer Session/Winter Session,Postgraduate,6.0,Online or In Person,2025
1716,LAWS4279,Law and Politics of European Integration,,Undergraduate,6.0,Online or In Person,2025
1717,LAWS4260,Law and Psychology,Winter Session,Undergraduate,6.0,In Person,2025
1718,LAWS8589,Law and Religion in Australia,Summer Session,Postgraduate,6.0,Online,2025
1719,LAWS4321,Law and Social Movements ,Second Semester,Undergraduate,6.0,In Person,2025
1720,LAWS4229,Law and Society in South East Asia,Second Semester,Undergraduate,6.0,In Person,2025
1721,LAWS8594,Law and Society in South East Asia,,Postgraduate,6.0,Online or In Person,2025
1722,LAWS4280,Law and the Humanities,,Undergraduate,6.0,In Person,2025
1723,LAWS8480,Law and the Humanities,,Postgraduate,6.0,In Person,2025
1724,BUSN2101,Law of Business Entities,First Semester,Undergraduate,6.0,In Person,2025
1725,LAWS8253,Law of The Sea,Summer Session,Postgraduate,6.0,Online or In Person,2025
1726,LAWS4299,Law's History and Context,Winter Session,Undergraduate,6.0,In Person,2025
1727,LAWS4256,"Law, Gender Identities and Sexualities",Second Semester,Undergraduate,6.0,In Person,2025
1728,LAWS8256,"Law, Gender Identities and Sexualities",Second Semester,Postgraduate,6.0,In Person,2025
1729,LAWS4341,"Law, Markets and Justice",,Undergraduate,6.0,Online or In Person,2025
1730,LAWS4350,"Law, Work and Technology",,Undergraduate,6.0,Online or In Person,2025
1731,LAWS1202,Lawyers Justice and Ethics,Second Semester,Undergraduate,6.0,In Person,2025
1732,LAWS6102,"Lawyers, Justice and Ethics",Second Semester,Postgraduate,6.0,In Person,2025
1733,MGMT3021,Leadership,Second Semester,Undergraduate,6.0,In Person,2025
1734,NSPO8012,"Leadership, Risk, Resilience, and Crisis",First Semester,Postgraduate,6.0,Online or In Person,2025
1735,MGMT8270,Leading People and Change,First Semester/Second Semester,Postgraduate,6.0,In Person,2025
1736,POGO8067,Leading Public Sector Change,Summer Session,Postgraduate,6.0,In Person,2025
1737,MGMT8109,Leading for High Performance and Resilience,,Postgraduate,3.0,In Person,2025
1738,MGMT8063,Leading for Social Impact,Second Semester,Postgraduate,6.0,In Person,2025
1739,ASIA3525,Learning Language Locally,Summer Session/Winter Session,Undergraduate,6.0,In Person,2025
1740,LAWS4307,Legal Education for True Justice: Indigenous Perspectives and Deep Listening on Country,Summer Session,Undergraduate,6.0,In Person,2025
1741,LAWS6307,Legal Education for True Justice: Indigenous Perspectives and Deep Listening on Country,Summer Session,Postgraduate,6.0,Online or In Person,2025
1742,LAWS8587,Legal Framework of Regulation,,Postgraduate,6.0,Online or In Person,2025
1743,LAWS2248,Legal Research and Writing,Second Semester,Undergraduate,6.0,In Person,2025
1744,LAWS6249,Legal Theory,Second Semester,Postgraduate,6.0,Online or In Person,2025
1745,LAWS2249,Legal Theory,Second Semester,Undergraduate,6.0,In Person,2025
1746,LAWS8104,Legislation and Legislative Drafting,,Postgraduate,6.0,Online or In Person,2025
1747,PHIL2289,"Leviathan, Art and Law: Constituting the Body Politic",,Undergraduate,6.0,In Person,2025
1748,LAWS4289,"Leviathan, Art, and Law: Constituting the Body Politic",,Undergraduate,6.0,In Person,2025
1749,STAT6043,Life Contingencies,Second Semester,Postgraduate,6.0,In Person,2025
1750,STAT3037,Life Contingencies,Second Semester,Undergraduate,6.0,In Person,2025
1751,DEMO4092,Life Course Analytics,Second Semester,Undergraduate,6.0,In Person,2025
1752,DEMO8092,Life Course Analytics,Second Semester,Postgraduate,6.0,Online or In Person,2025
1753,PHYS1004,Life Physics,Second Semester,Undergraduate,6.0,In Person,2025
1754,CLAS3002,"Life, Love, and Loss in Ancient Greece and Rome",,Undergraduate,6.0,In Person,2025
1755,ASIA2308,Linguistic Histories in Asia and the Pacific,,Undergraduate,6.0,In Person,2025
1756,ASIA6308,Linguistic Histories in Asia and the Pacific,,Postgraduate,6.0,In Person,2025
1757,ASIA2100,Linguistic Histories in Asia and the Pacific (L),,Undergraduate,6.0,In Person,2025
1758,CHIN2019,Literary Chinese 1,First Semester,Undergraduate,6.0,Online or In Person,2025
1759,CHIN2021,Literary Chinese 2,Second Semester,Undergraduate,6.0,Online or In Person,2025
1760,ASIA6040,Literary and Cultural Discourse in Modern Japan,Second Semester,Postgraduate,6.0,In Person,2025
1761,ASIA3040,Literary and Cultural Discourse in Modern Japan,Second Semester,Undergraduate,6.0,In Person,2025
1762,ENGL3022,Literature and Modernity&nbsp;,Second Semester,Undergraduate,6.0,In Person,2025
1763,ENGL3037,"Literature, Law and Human Rights",,Undergraduate,6.0,In Person,2025
1764,LAWS4286,"Literature, Law and Human Rights",,Undergraduate,6.0,In Person,2025
1765,LAWS6244,Litigation and Dispute Management,First Semester,Postgraduate,6.0,In Person,2025
1766,LAWS2244,Litigation and Dispute Management,First Semester,Undergraduate,6.0,In Person,2025
1767,BAPA3004,Living with Giants: Australia's Security in a Contested Asia,Spring Session,Undergraduate,6.0,Online or In Person,2025
1768,STST3002,Living with Giants: Australia's Security in a Contested Asia,Second Semester,Undergraduate,6.0,In Person,2025
1769,COMP2620,Logic,First Semester,Undergraduate,6.0,In Person,2025
1770,COMP6262,Logic,First Semester,Postgraduate,6.0,In Person,2025
1771,PHIL1005,Logic and Critical Thinking,Second Semester,Undergraduate,6.0,In Person,2025
1772,ECON7074,Macroeconomic Analysis,First Semester/Second Semester,Postgraduate,6.0,In Person,2025
1773,IDEC8002,Macroeconomic Analysis and Policy,Second Semester,Postgraduate,6.0,Online or In Person,2025
1774,ECON4422,Macroeconomic Theory,First Semester/Second Semester,Undergraduate,6.0,In Person,2025
1775,ECON8022,Macroeconomic Theory (Master),First Semester/Second Semester,Postgraduate,6.0,In Person,2025
1776,ECON1102,Macroeconomics 1,First Semester/Second Semester,Undergraduate,6.0,In Person,2025
1777,ECON2102,Macroeconomics 2,First Semester/Second Semester,Undergraduate,6.0,In Person,2025
1778,ECON3102,Macroeconomics 3,Second Semester,Undergraduate,6.0,In Person,2025
1779,EMSC3024,Magmatism and Metamorphism,First Semester,Undergraduate,6.0,In Person,2025
1780,EMSC6024,Magmatism and Metamorphism,First Semester,Postgraduate,6.0,In Person,2025
1781,ASIA2041,Mainland Southeast Asia: Colonial and Postcolonial Predicaments,Second Semester,Undergraduate,6.0,In Person,2025
1782,DESN2010,Making Creative and Critical Technologies: Physical Computing for Design and Art,First Semester,Undergraduate,6.0,In Person,2025
1783,HIST3007,Making History,Second Semester,Undergraduate,6.0,In Person,2025
1784,SCOM3032,Making Modern Science,Second Semester,Undergraduate,6.0,In Person,2025
1785,SCOM6032,Making Modern Science,Second Semester,Postgraduate,6.0,Online or In Person,2025
1786,BUSN2011,Management Accounting,First Semester/Second Semester,Undergraduate,6.0,In Person,2025
1787,BUSN7031,Management Accounting and Cost Analysis,First Semester/Second Semester,Postgraduate,6.0,In Person,2025
1788,MGMT4500,Management Honours Thesis,First Semester/Second Semester,Undergraduate,6.0,In Person,2025
1789,MGMT8006,Management Research Methods,First Semester,Postgraduate,6.0,In Person,2025
1790,MGMT4006,Management Research Methods,First Semester,Undergraduate,6.0,In Person,2025
1791,MGMT1003,"Management, People and Organisations",First Semester/Second Semester,Undergraduate,6.0,In Person,2025
1792,ECON2014,Managerial Economics,First Semester,Undergraduate,6.0,In Person,2025
1793,ECON6014,Managerial Economics,First Semester,Postgraduate,6.0,In Person,2025
1794,MGMT8207,Managing Across Cultures,Second Semester,Postgraduate,6.0,In Person,2025
1795,ENVS6026,Managing Forested Landscapes,First Semester,Postgraduate,6.0,In Person,2025
1796,ENVS3041,Managing Forested Landscapes,First Semester,Undergraduate,6.0,In Person,2025
1797,POGO8057,Managing Government Finances,Second Semester,Postgraduate,6.0,Online or In Person,2025
1798,MGMT8062,Managing Major Projects,First Semester,Postgraduate,6.0,In Person,2025
1799,MGMT2035,Managing Organisational Change,Second Semester,Undergraduate,6.0,In Person,2025
1800,POGO8300,Managing Public Sector Organisations,Spring Session,Postgraduate,6.0,Online or In Person,2025
1801,COMP4130,Managing Software Quality and Process,First Semester,Undergraduate,6.0,In Person,2025
1802,BUSI7280,Managing in a Global Context,First Semester/Second Semester,Postgraduate,6.0,Online or In Person,2025
1803,BUSI7001,Managing the Global Supply Chain,First Semester,Postgraduate,6.0,In Person,2025
1804,ENGN4212,Manufacturing Technologies,,Undergraduate,6.0,In Person,2025
1805,ASIA6018,Maps and Mapping in Asia and the Pacific,,Postgraduate,6.0,In Person,2025
1806,ASIA2018,Maps and Mapping in Asia and the Pacific,,Undergraduate,6.0,In Person,2025
1807,EMSC3023,Marine Biogeochemistry,,Undergraduate,6.0,In Person,2025
1808,EMSC6023,Marine Biogeochemistry,,Postgraduate,6.0,In Person,2025
1809,LAWS8315,Maritime Security Law,Autumn Session,Postgraduate,6.0,Online or In Person,2025
1810,MKTG4500,Marketing Honours Thesis,First Semester/Second Semester,Undergraduate,6.0,In Person,2025
1811,MKTG7260,Marketing Management,First Semester/Second Semester,Postgraduate,6.0,Online or In Person,2025
1812,MKTG3001,Marketing Research,Second Semester,Undergraduate,6.0,In Person,2025
1813,MKTG8027,Marketing Strategy,First Semester,Postgraduate,6.0,In Person,2025
1814,MKTG7001,Marketing for Leaders,,Postgraduate,6.0,In Person,2025
1815,ENGN8180,Master Thesis Project,,Postgraduate,12.0,In Person,2025
1816,PHYS8207,Master of Nuclear Science Research Project,Summer Session/First Semester/Autumn Session/Winter Session/Second Semester/Spring Session,Postgraduate,6.0,In Person,2025
1817,SCOM8000,Master of Science Communication Research Project,First Semester/Second Semester,Postgraduate,6.0,Online or In Person,2025
1818,MMIB8006,Master's Thesis (Business Studies),First Semester/Second Semester,Postgraduate,6.0,In Person,2025
1819,ARCH8037,Masterclass in Archaeological and Evolutionary Science,Winter Session,Postgraduate,6.0,In Person,2025
1820,PHYS8000,Masters Research Project,First Semester/Second Semester,Postgraduate,12.0,In Person,2025
1821,MATH8705,Masters Special Topics in Mathematics,First Semester/Second Semester,Postgraduate,6.0,In Person,2025
1822,PHYS8750,Masters Special Topics in Physics,Summer Session/First Semester/Second Semester,Postgraduate,6.0,Online or In Person,2025
1823,ENVS8000P,Masters Thesis,,Postgraduate,12.0,In Person,2025
1824,ENVS8000,Masters Thesis,First Semester/Second Semester,Postgraduate,12.0,In Person,2025
1825,CHEM2213,Materials Chemistry,Second Semester,Undergraduate,6.0,In Person,2025
1826,CHEM6213,Materials Chemistry,Second Semester,Postgraduate,6.0,In Person,2025
1827,MUSI2233,Materials of Music ,,Undergraduate,6.0,In Person,2025
1828,MATH1113,Mathematical Foundations for Actuarial Studies,Second Semester,Undergraduate,6.0,In Person,2025
1829,IDEC8015,Mathematical Methods in Applied Economics,First Semester,Postgraduate,6.0,Online or In Person,2025
1830,EMET7001,Mathematical Techniques for Economic Analysis,First Semester/Second Semester,Postgraduate,6.0,In Person,2025
1831,MATH8702,Mathematics Reading Course,Summer Session/First Semester/Second Semester,Postgraduate,6.0,In Person,2025
1832,MATH8701,Mathematics Research Project,Summer Session/First Semester/Second Semester,Postgraduate,6.0,In Person,2025
1833,MATH1013,Mathematics and Applications 1,First Semester/Second Semester,Undergraduate,6.0,In Person,2025
1834,MATH1014,Mathematics and Applications 2,First Semester/Second Semester,Undergraduate,6.0,In Person,2025
1835,MATH3512,Matrix Computations,Second Semester,Undergraduate,6.0,In Person,2025
1836,MATH6112,Matrix Computations,Second Semester,Postgraduate,6.0,In Person,2025
1837,POLS2137,"Meaning in Politics: Interpretation, Method and Critique",First Semester,Undergraduate,6.0,In Person,2025
1838,ENGN2217,Mechanical Systems and Design,First Semester,Undergraduate,6.0,In Person,2025
1839,ARAB3011,Media Arabic 1,First Semester,Undergraduate,6.0,Online or In Person,2025
1840,ARAB3008,Media Arabic 2,Second Semester,Undergraduate,6.0,Online or In Person,2025
1841,LAWS4202,Media Law,Second Semester,Undergraduate,6.0,Online or In Person,2025
1842,LAWS8402,Media Law,Second Semester,Postgraduate,6.0,Online or In Person,2025
1843,SOCY2170,"Media, Technology and Society",Second Semester,Undergraduate,6.0,In Person,2025
1844,DESN2015,Mediating Spaces Through Object Design,First Semester,Undergraduate,6.0,In Person,2025
1845,LAWS4343,Mediation Skills Practicum,Winter Session,Undergraduate,6.0,In Person,2025
1846,MEDN4001,Medical Research Honours,First Semester/Second Semester,Undergraduate,12.0,In Person,2025
1847,MEDN8701,Medical Research Project,First Semester/Second Semester,Postgraduate,12.0,In Person,2025
1848,BIOL3190,Medical Science in the Workplace,Second Semester,Undergraduate,6.0,In Person,2025
1849,MEDI8011,Medicine 1A,First Semester,Postgraduate,24.0,In Person,2025
1850,MEDI8012,Medicine 1B,Second Semester,Postgraduate,24.0,In Person,2025
1851,MEDI8020,Medicine 2,First Semester/Second Semester,Postgraduate,21.0,In Person,2025
1852,MEDI8030,Medicine 3,First Semester/Second Semester,Postgraduate,24.0,In Person,2025
1853,MEDI8040,Medicine 4,First Semester/Second Semester,Postgraduate,24.0,In Person,2025
1854,MEDI8000,Medicine Elective Placement ,Spring Session,Postgraduate,0.0,In Person,2025
1855,ANTH6026,"Medicine, Healing and the Body",,Postgraduate,6.0,In Person,2025
1856,ANTH2026,"Medicine, Healing and the Body",,Undergraduate,6.0,In Person,2025
1857,INTR8086,Meet the Practitioners Series,Second Semester,Postgraduate,0.0,In Person,2025
1858,EMSC6032,"Melting Polar Ice Sheets, Sea Level Variations and Climate Change",First Semester,Postgraduate,6.0,In Person,2025
1859,EMSC3032,"Melting Polar Ice Sheets, Sea Level Variations and Climate Change",First Semester,Undergraduate,6.0,In Person,2025
1860,ARTV8041,Methodologies of Contemporary Art Practices ,First Semester,Postgraduate,18.0,In Person,2025
1861,REGN8001,Methods in Interdisciplinary Research,Winter Session,Postgraduate,6.0,Online or In Person,2025
1862,REGN9076,Methods in Interdisciplinary Research,Winter Session,Postgraduate,6.0,Online or In Person,2025
1863,ARCH8040,Microanalysis in Archaeological Science,First Semester,Postgraduate,6.0,In Person,2025
1864,ECON7073,Microeconomic Analysis,First Semester/Second Semester,Postgraduate,6.0,In Person,2025
1865,IDEC8016,Microeconomic Analysis and Policy,First Semester,Postgraduate,6.0,Online or In Person,2025
1866,ECON4411,Microeconomic Theory,First Semester,Undergraduate,6.0,In Person,2025
1867,ECON8011,Microeconomic Theory,First Semester/Second Semester,Postgraduate,6.0,In Person,2025
1868,ECON1101,Microeconomics 1,First Semester/Second Semester,Undergraduate,6.0,In Person,2025
1869,ECON2101,Microeconomics 2,First Semester/Second Semester,Undergraduate,6.0,In Person,2025
1870,ECON3101,Microeconomics 3,First Semester,Undergraduate,6.0,In Person,2025
1871,IDEC8028,Microeconomics of Development,First Semester,Postgraduate,6.0,Online or In Person,2025
1872,MEAS6508,Middle East and Central Asia Study Tour,,Postgraduate,6.0,In Person,2025
1873,MEAS2008,Middle East and Central Asia Study Tour,,Undergraduate,6.0,In Person,2025
1874,IDEC8034,Middle Eastern Economies,,Postgraduate,6.0,Online or In Person,2025
1875,DEMO2003,Migration in the Modern World,First Semester,Undergraduate,6.0,In Person,2025
1876,SCOM2031,"Misinformation, Disinformation, and Risk",First Semester,Undergraduate,6.0,In Person,2025
1877,SCOM6031,"Misinformation, Disinformation, and Risk ",First Semester,Postgraduate,6.0,Online or In Person,2025
1878,SOCS9011,Mixed Methods Social Research,Winter Session,Postgraduate,6.0,In Person,2025
1879,SOCR8011,Mixed Methods Social Research,Winter Session,Postgraduate,6.0,In Person,2025
1880,IDEC8127,Modelling the Global Economy,,Postgraduate,6.0,Online or In Person,2025
1881,MEAS3009,"Modern Arabian Peninsula: Politics, Security and Society",First Semester,Undergraduate,6.0,Online or In Person,2025
1882,CHIN1012,Modern Chinese 1: Spoken,First Semester,Undergraduate,6.0,In Person,2025
1883,CHIN1013,Modern Chinese 1: Written,First Semester,Undergraduate,6.0,In Person,2025
1884,CHIN2022,Modern Chinese 2: Spoken,Second Semester,Undergraduate,6.0,In Person,2025
1885,CHIN2023,Modern Chinese 2: Written,Second Semester,Undergraduate,6.0,In Person,2025
1886,CHIN3017,Modern Chinese 3,First Semester,Undergraduate,6.0,In Person,2025
1887,CHIN3018,Modern Chinese 4,Second Semester,Undergraduate,6.0,In Person,2025
1888,CHIN3022,Modern Chinese 5,First Semester,Undergraduate,6.0,In Person,2025
1889,CHIN3023,Modern Chinese 6,Second Semester,Undergraduate,6.0,In Person,2025
1890,CHIN3024,Modern Chinese 7,First Semester,Undergraduate,6.0,In Person,2025
1891,CHIN3025,Modern Chinese 8,Second Semester,Undergraduate,6.0,In Person,2025
1892,MEAS3005,"Modern Iraq: State, Politics and Society",,Undergraduate,6.0,Online or In Person,2025
1893,MEAS6005,"Modern Iraq: State, Politics and Society",,Postgraduate,6.0,In Person,2025
1894,CHEM8032,Modern Materials Applications,First Semester,Postgraduate,6.0,In Person,2025
1895,CHEM8030,Modern Materials Characterisation,First Semester,Postgraduate,6.0,In Person,2025
1896,PHIL2074,Modern Theories of Knowledge,,Undergraduate,6.0,In Person,2025
1897,MEAS6503,"Modern Turkey: History, Society and Culture",,Postgraduate,6.0,In Person,2025
1898,MEAS2003,"Modern Turkey: History, Society and Culture",,Undergraduate,6.0,In Person,2025
1899,BIOL2162,Molecular Gene Technology,Second Semester,Undergraduate,6.0,In Person,2025
1900,BIOL6162,Molecular Gene Technology,Second Semester,Postgraduate,6.0,In Person,2025
1901,CHEM3208,Molecular Modelling and Computational Chemistry,Second Semester,Undergraduate,6.0,In Person,2025
1902,CHEM6208,Molecular Modelling and Computational Chemistry,Second Semester,Postgraduate,6.0,In Person,2025
1903,ECON2026,Money and Banking,Second Semester,Undergraduate,6.0,In Person,2025
1904,MNGL1002,Mongolian 1,First Semester,Undergraduate,6.0,Online,2025
1905,MNGL1003,Mongolian 2,Second Semester,Undergraduate,6.0,Online,2025
1906,MNGL2002,Mongolian 3,First Semester,Undergraduate,6.0,Online,2025
1907,MNGL2003,Mongolian 4,Second Semester,Undergraduate,6.0,Online,2025
1908,ARTV1651,Moving Image 1,Second Semester,Undergraduate,6.0,In Person,2025
1909,ARTV2651,Moving Image 2,,Undergraduate,6.0,In Person,2025
1910,MUSC8017,Museums and Collections: Key Concepts and Practices,First Semester,Postgraduate,6.0,Online or In Person,2025
1911,MUSC8009,Museums and Heritage Research Project,First Semester/Second Semester,Postgraduate,6.0,Online or In Person,2025
1912,MUSI2220,Music Ensemble,First Semester/Second Semester,Undergraduate,6.0,In Person,2025
1913,MUSI4411,Music Honours Extended Exegesis,,Undergraduate,12.0,In Person,2025
1914,MUSI1101,Music Performance 1,First Semester,Undergraduate,6.0,In Person,2025
1915,MUSI1102,Music Performance 2,Second Semester,Undergraduate,6.0,In Person,2025
1916,MUSI2201,Music Performance 3,First Semester,Undergraduate,6.0,In Person,2025
1917,MUSI2202,Music Performance 4,First Semester/Second Semester,Undergraduate,6.0,In Person,2025
1918,MUSI3301,Music Performance 5,First Semester/Second Semester,Undergraduate,6.0,In Person,2025
1919,MUSI3302,Music Performance 6,First Semester/Second Semester,Undergraduate,6.0,In Person,2025
1920,MUSI3328,Music Practice as Research,,Undergraduate,6.0,In Person,2025
1921,MUSI2205,Music Project,Second Semester,Undergraduate,6.0,Online or In Person,2025
1922,MUSI2209,Music Recording and Production Techniques,Second Semester,Undergraduate,6.0,In Person,2025
1923,MUSI6209,Music Recording and Production Techniques,,Postgraduate,6.0,In Person,2025
1924,MUSI4401,Music Research Methods,First Semester,Undergraduate,12.0,In Person,2025
1925,MUSI4402,Music Research Theories,First Semester,Undergraduate,12.0,In Person,2025
1926,MUSI3309,Music and Digital Media,Second Semester,Undergraduate,6.0,In Person,2025
1927,MUSI6009,Music and Digital Media,,Postgraduate,6.0,In Person,2025
1928,MUSI6007,Music and Globalisation,,Postgraduate,6.0,In Person,2025
1929,MUSI2236,Music and Globalisation,Second Semester,Undergraduate,6.0,In Person,2025
1930,MUSI2234,"Music, History, and Culture",First Semester/Second Semester,Undergraduate,6.0,In Person,2025
1931,MUSI2227,"Music, Sound and the Moving Image",First Semester,Undergraduate,6.0,In Person,2025
1932,SPAN2102,Más que palabras: A Journey around the Hispanic World,Second Semester,Undergraduate,6.0,In Person,2025
1933,CHEM6313,NMR Spectroscopy and Mass Spectrometry of Small and Large Molecules,,Postgraduate,6.0,In Person,2025
1934,CHEM3013,NMR spectroscopy and mass spectrometry of small and large molecules,,Undergraduate,6.0,In Person,2025
1935,ENGN4810,Nanotechnology and Applications,,Undergraduate,6.0,In Person,2025
1936,HIST8026,Nation and Memory: The Purposes and Politics of Remembrance,First Semester,Postgraduate,6.0,Online or In Person,2025
1937,NSPO8006,National Security Policymaking,Second Semester,Postgraduate,6.0,In Person,2025
1938,NSPO8050,"National Security, Human Rights, and International Law",First Semester,Postgraduate,6.0,Online or In Person,2025
1939,NSPO8007,National Security: Concepts and Methods,First Semester,Postgraduate,6.0,Online or In Person,2025
1940,ASIA8020,National and Transnational Histories in Asia and the Pacific,Second Semester,Postgraduate,6.0,In Person,2025
1941,ASIA2093,Natural Resource Conflicts in Asia and the Pacific,Second Semester,Undergraduate,6.0,In Person,2025
1942,HIST2226,Nazi Germany,,Undergraduate,6.0,In Person,2025
1943,MGMT2004,Negotiation,,Undergraduate,6.0,In Person,2025
1944,DIPL8044,Negotiation and Conflict Resolution,,Postgraduate,6.0,In Person,2025
1945,ENGN6628,Network Optimisation and Control,Second Semester,Postgraduate,6.0,In Person,2025
1946,COMP3704,Network Security,Second Semester,Undergraduate,6.0,In Person,2025
1947,COMP8920,"Neural Networks, Deep Learning and Bio-inspired Computing",,Postgraduate,6.0,In Person,2025
1948,PSYC3016,Neuropsychology and Cognitive Neuroscience,First Semester,Undergraduate,6.0,In Person,2025
1949,PSYC6016,Neuropsychology and Cognitive Neuroscience,First Semester,Postgraduate,6.0,In Person,2025
1950,NEUR8704,Neuroscience Essay,Summer Session/First Semester/Autumn Session/Winter Session/Second Semester/Spring Session,Postgraduate,6.0,In Person,2025
1951,NEUR8010,Neuroscience Research Project,Summer Session/First Semester/Autumn Session/Winter Session/Second Semester/Spring Session,Postgraduate,6.0,In Person,2025
1952,NEUR8700,Neuroscience Research proposal,Summer Session/First Semester/Autumn Session/Winter Session/Second Semester/Spring Session,Postgraduate,6.0,In Person,2025
1953,MEAS2001,New States of Eurasia: Emerging Issues in Politics and Security,Second Semester,Undergraduate,6.0,In-Person and Online,2025
1954,MGMT7161,New Venture Creation,First Semester,Postgraduate,6.0,In Person,2025
1955,PHIL2087,Nietzsche,,Undergraduate,6.0,In Person,2025
1956,ENGN9820,Non Award Engineering and Computer Science Research Exchange,Summer Session/First Semester/Autumn Session/Winter Session/Second Semester/Spring Session,Postgraduate,3.0,In Person,2025
1957,PHYS4303,Nonlinear Dynamics in Physics,First Semester,Undergraduate,6.0,In Person,2025
1958,PHYS8303,Nonlinear Dynamics in Physics,First Semester,Postgraduate,6.0,In Person,2025
1959,PHIL2129,Normative Ethical Theory,Second Semester,Undergraduate,6.0,In Person,2025
1960,POLS3035,Norms and International Law in World Politics,First Semester,Undergraduate,6.0,In Person,2025
1961,ASIA2096,"North Korea: History, Culture, Politics",Summer Session,Undergraduate,6.0,In Person,2025
1962,PHYS8205,Nuclear Fuel Cycle,Second Semester,Postgraduate,6.0,In Person,2025
1963,ENGN4205,Nuclear Fuel Cycle,Second Semester,Undergraduate,6.0,In Person,2025
1964,PHYS8206,Nuclear Measurement,Second Semester,Postgraduate,6.0,In Person,2025
1965,REGN8027,Nuclear Safeguards Practice,Second Semester,Postgraduate,6.0,Online or In Person,2025
1966,REGN8026,"Nuclear Safeguards Regulation: Frameworks, institutions and standards",Autumn Session,Postgraduate,6.0,Online or In Person,2025
1967,STST8026,Nuclear Strategy,First Semester,Postgraduate,6.0,Online or In Person,2025
1968,PHYS3106,Nuclear Technologies and Applications,,Undergraduate,6.0,In Person,2025
1969,LAWS8013,Nuclear Weapons Law,,Postgraduate,6.0,Online,2025
1970,PHYS2101,Nuclear and Radiation Physics,First Semester,Undergraduate,6.0,In Person,2025
1971,MATH3301,Number Theory and Cryptography,Second Semester,Undergraduate,6.0,In Person,2025
1972,MATH6114,Number Theory and Cryptography,Second Semester,Postgraduate,6.0,In Person,2025
1973,MATH6119,Numerical Optimisation,,Postgraduate,6.0,In Person,2025
1974,MATH3514,Numerical Optimisation,,Undergraduate,6.0,In Person,2025
1975,BIAN2119,"Nutrition, Disease and the Environment",First Semester,Undergraduate,6.0,In Person,2025
1976,ARTV1020,Observational Drawing of the Human Figure ,Second Semester,Undergraduate,6.0,In Person,2025
1977,ASTR4011,Observational Techniques,First Semester,Undergraduate,6.0,In Person,2025
1978,ASTR8011,Observational Techniques,First Semester,Postgraduate,6.0,In Person,2025
1979,INDG3008,On-Country immersive learning experience,,Undergraduate,6.0,In Person,2025
1980,SOCR8006,Online Research Methods,Second Semester,Postgraduate,6.0,Online or In Person,2025
1981,SOCR4006,Online Research Methods,Second Semester,Undergraduate,6.0,Online or In Person,2025
1982,SOCY3169,Online Research Methods,Second Semester,Undergraduate,6.0,Online or In Person,2025
1983,IDEC8008,"Open Economy Macroeconomics, Finance, and Development",Second Semester,Postgraduate,6.0,Online or In Person,2025
1984,COMP3300,Operating Systems Implementation,Second Semester,Undergraduate,6.0,In Person,2025
1985,COMP6330,Operating Systems Implementation,Second Semester,Postgraduate,6.0,In Person,2025
1986,ASTR8016,Optical Instrumentation,Second Semester,Postgraduate,6.0,In Person,2025
1987,PHYS3057,Optical Physics,First Semester,Undergraduate,6.0,In Person,2025
1988,PHYS6500,Optical Physics,First Semester,Postgraduate,6.0,In Person,2025
1989,COMP4691,Optimisation,,Undergraduate,6.0,In Person,2025
1990,COMP8691,Optimisation,,Postgraduate,6.0,In Person,2025
1991,ENGN4628,Optimisation and Control with Uncertainty and Constraints,Second Semester,Undergraduate,6.0,In Person,2025
1992,ECON8013,Optimisation for Economics and Financial Economics,,Postgraduate,6.0,In Person,2025
1993,ECON2125,Optimisation for Economics and Financial Economics,First Semester/Second Semester,Undergraduate,6.0,In Person,2025
1994,ECON6012,Optimisation for Economics and Financial Economics,First Semester/Second Semester,Postgraduate,6.0,In Person,2025
1995,SCNC2201,Optimism and Agency in Times of Change,,Undergraduate,6.0,In Person,2025
1996,PHYS8017,Optoelectronics and Integrated Optics,Second Semester,Postgraduate,6.0,In Person,2025
1997,HUMN8038,Oral History and Heritage Practice and Theory,First Semester,Postgraduate,6.0,In Person,2025
1998,CRIM2007,Order in the Courts: An Introduction to the Australian Judicial System,Second Semester,Undergraduate,6.0,Online or In Person,2025
1999,MGMT8003,Organisational Behaviour,First Semester/Second Semester/Spring Session,Postgraduate,6.0,In Person,2025
2000,MGMT2007,Organisational Behaviour,Second Semester,Undergraduate,6.0,In Person,2025
2001,ECON4492,Organisational Economics,First Semester,Undergraduate,6.0,In Person,2025
2002,ECON8078,Organisational Economics,First Semester,Postgraduate,6.0,In Person,2025
2003,MGMT8108,Organisational Learning and Change,,Postgraduate,3.0,In Person,2025
2004,MGMT8010,Organisational and Ethical Dimensions in Digital Transformation,,Postgraduate,6.0,In Person,2025
2005,CRIM2002,Organised Crime: Understanding the Underworld,Autumn Session,Undergraduate,6.0,In Person,2025
2006,CHEM3203,Organometallic Chemistry,First Semester,Undergraduate,6.0,In Person,2025
2007,CHEM6323,Organometallic Chemistry,First Semester,Postgraduate,6.0,In Person,2025
2008,POPH8316,Outbreak Investigation,Second Semester,Postgraduate,6.0,In Person,2025
2009,PPEI4000,PPE Honours Research Methods,First Semester,Undergraduate,6.0,In Person,2025
2010,PPEI1001,PPE Integration 1,Second Semester,Undergraduate,6.0,In Person,2025
2011,PPEI2001,PPE Integration 2,Second Semester,Undergraduate,6.0,In Person,2025
2012,PPEI3001,"PPE Integration 3: Classic Literature in Politics, Philosophy and Economics",Second Semester,Undergraduate,6.0,In Person,2025
2013,ECON3056,"PPE Integration 3: Classic Literature in Politics, Philosophy and Economics",,Undergraduate,6.0,In Person,2025
2014,DIPL8013,Pacific Diplomacy,First Semester,Postgraduate,6.0,Online or In Person,2025
2015,IDEC8037,Pacific Economies and Politics,Second Semester,Postgraduate,6.0,Online or In Person,2025
2016,PASI1011,Pacific Encounters: An introduction to Pacific Studies,First Semester,Undergraduate,6.0,In Person,2025
2017,BAPA1003,Pacific Encounters: An introduction to Pacific Studies,Autumn Session,Undergraduate,6.0,In Person,2025
2018,PASI8305,Pacific Feminisms,,Postgraduate,3.0,Online or In Person,2025
2019,PASI8002,Pacific Foundations: From Maritime Societies to Global Cultures,First Semester,Postgraduate,6.0,In Person,2025
2020,PASI3005,Pacific Islands Field School,,Undergraduate,6.0,In Person,2025
2021,POLS2055,Pacific Politics,Second Semester,Undergraduate,6.0,In Person,2025
2022,PASI6001,Pacific Studies in a Globalising World,First Semester,Postgraduate,6.0,Online or In Person,2025
2023,PASI2001,Pacific Studies in a Globalising World,First Semester,Undergraduate,6.0,In Person,2025
2024,PASI1012,Pacific Worlds: critical inquiry in Oceania,Second Semester,Undergraduate,6.0,In Person,2025
2025,ARTV1550,Painting 1,First Semester/Second Semester,Undergraduate,6.0,In Person,2025
2026,ARTV2550,Painting 2,First Semester/Second Semester,Undergraduate,6.0,In Person,2025
2027,ENVS3029,Palaeo-Environmental Reconstruction,Autumn Session,Undergraduate,6.0,In Person,2025
2028,ENVS6529,Palaeo-Environmental Reconstruction,Autumn Session,Postgraduate,6.0,In Person,2025
2029,EMSC6027,Palaeoclimatology and Climate Change,,Postgraduate,6.0,In Person,2025
2030,EMSC3027,Palaeoclimatology and Climate Change,,Undergraduate,6.0,Online or In Person,2025
2031,LING3031,Papuan Languages,,Undergraduate,6.0,In Person,2025
2032,LING6031,Papuan languages,,Postgraduate,6.0,In Person,2025
2033,COMP4300,Parallel Systems,First Semester,Undergraduate,6.0,In Person,2025
2034,COMP8300,Parallel Systems,First Semester,Postgraduate,6.0,In Person,2025
2035,MATH6406,"Partial Differential Equations,  Fourier Analysis and Complex Analysis",Second Semester,Postgraduate,6.0,In Person,2025
2036,POGO8136,Participating in Public Policy: Citizen Engagement and Public Talk,Summer Session,Postgraduate,6.0,Online or In Person,2025
2037,ENVS6021,Participatory Resource Management: Working with Communities and Stakeholders,Spring Session,Postgraduate,6.0,In Person,2025
2038,ENVS3007,Participatory Resource Management: Working with Communities and Stakeholders,Spring Session,Undergraduate,6.0,In Person,2025
2039,ENVS8018,Partnership Research for Agricultural and Natural Resource-Based Development,,Postgraduate,6.0,In Person,2025
2040,MEDN2002,Pathogenesis of Human Disease,Second Semester,Undergraduate,6.0,In Person,2025
2041,MEDN6002,Pathogenesis of Human Disease,Second Semester,Postgraduate,6.0,In Person,2025
2042,INTR1022,Peacebuilding and Conflict Resolution,Second Semester,Undergraduate,6.0,In Person,2025
2043,MGMT2006,Personal Leadership,,Undergraduate,6.0,In Person,2025
2044,PSYC3026,Personality Psychology,Second Semester,Undergraduate,6.0,In Person,2025
2045,CHMD8014,"Perspectives on Culture, Health and Medicine",Second Semester,Postgraduate,6.0,Online or In Person,2025
2046,INTR3003,Perspectives on Peace and Conflict,Second Semester,Undergraduate,6.0,In Person,2025
2047,DEMO3010,"Perspectives on Sex, Gender and Population",Second Semester,Undergraduate,6.0,Online or In Person,2025
2048,POGO8232,Persuasion for Policymakers,,Postgraduate,3.0,Online or In Person,2025
2049,PHIL2122,Philosophy and Public Policy,,Undergraduate,6.0,In Person,2025
2050,PHIL2061,Philosophy of Mind,Second Semester,Undergraduate,6.0,In Person,2025
2051,PHIL2128,Philosophy of Physics,,Undergraduate,6.0,In Person,2025
2052,PHIL2057,Philosophy of Science,First Semester,Undergraduate,6.0,Online or In Person,2025
2053,MATH1042,Philosophy of the Cosmos,First Semester,Undergraduate,6.0,In Person,2025
2054,PHIL2042,Philosophy of the Cosmos,First Semester,Undergraduate,6.0,In Person,2025
2055,PHIL3076,Philosophy of the Life Sciences,Second Semester,Undergraduate,6.0,In Person,2025
2056,PHIL2290,"Philosophy, AI and Society",,Undergraduate,6.0,In Person,2025
2057,ARTH2050,Photography and Art,First Semester,Undergraduate,6.0,In Person,2025
2058,ARTV1650,Photomedia 1,First Semester/Second Semester,Undergraduate,6.0,In Person,2025
2059,ARTV2650,Photomedia 2,Second Semester,Undergraduate,6.0,In Person,2025
2060,ENGN8830,Photovoltaic Power Plants,Second Semester,Postgraduate,6.0,In Person,2025
2061,ENGN6524,Photovoltaic Technologies,First Semester,Postgraduate,6.0,In Person,2025
2062,ENGN4524,Photovoltaic Technologies,First Semester,Undergraduate,6.0,In Person,2025
2063,PHYS1201,Physics 2,Second Semester,Undergraduate,6.0,In Person,2025
2064,PHYS3104,Physics Advanced Laboratory,First Semester/Second Semester,Undergraduate,6.0,In Person,2025
2065,PHYS1101,Physics I,First Semester/Second Semester,Undergraduate,6.0,In Person,2025
2066,PHYS2205,Physics for Future Leaders,Second Semester,Undergraduate,6.0,In Person,2025
2067,PHYS6205,Physics for Future Leaders,Second Semester,Postgraduate,6.0,In Person,2025
2068,PHYS3105,Physics of Matter,First Semester,Undergraduate,6.0,In Person,2025
2069,PHYS6105,Physics of Matter,First Semester,Postgraduate,6.0,In Person,2025
2070,PHYS3070,Physics of the Earth,Second Semester,Undergraduate,6.0,In Person,2025
2071,PHYS6070,Physics of the Earth,Second Semester,Postgraduate,6.0,In Person,2025
2072,EMSC4008,Physics of the Earth Honours Reseach Project,First Semester/Second Semester,Undergraduate,3.0,In Person,2025
2073,SCRN2107,Picturing Latin America and Spain,,Undergraduate,6.0,In Person,2025
2074,SPAN2107,Picturing Latin America and Spain,Second Semester,Undergraduate,6.0,In Person,2025
2075,HIST3112,"Plagues, Pandemics and Public Health in History",Second Semester,Undergraduate,6.0,In Person,2025
2076,EMSC6022,Planetary Science,Second Semester,Postgraduate,6.0,In Person,2025
2077,EMSC3022,Planetary Science,Second Semester,Undergraduate,6.0,In Person,2025
2078,ARTV1751,Planographic Print 1,Second Semester,Undergraduate,6.0,In Person,2025
2079,ARTV2751,Planographic Print 2,First Semester,Undergraduate,6.0,In Person,2025
2080,BIOL6125,Plants and Global Climate Change,Second Semester,Postgraduate,6.0,In Person,2025
2081,BIOL3125,Plants and Global Climate Change,Second Semester,Undergraduate,6.0,In Person,2025
2082,BIOL3002,Plants: Genes and the Environment,,Undergraduate,6.0,In Person,2025
2083,BIOL6002,Plants: Genes to Environment,,Postgraduate,6.0,In Person,2025
2084,ENGL2230,Poetry and Poetics: From Renaissance to Now,First Semester,Undergraduate,6.0,In Person,2025
2085,CRIM2013,Policing,,Undergraduate,6.0,In Person,2025
2086,POGO8083,Policy Advocacy,Autumn Session,Postgraduate,6.0,Online or In Person,2025
2087,POGO8096,Policy Research,Second Semester,Postgraduate,6.0,Online or In Person,2025
2088,POGO8233,Policy Tools & Mixes,Summer Session,Postgraduate,3.0,Online or In Person,2025
2089,POLS2102,Political Belief and Deceit,Spring Session,Undergraduate,6.0,In Person,2025
2090,PASI8009,Political Economy of Elections in Melanesia,,Postgraduate,6.0,Online or In Person,2025
2091,PASI3001,Politics and Development in the Contemporary Pacific,First Semester,Undergraduate,6.0,In Person,2025
2092,BAPA3003,Politics and Development in the Contemporary Pacific,Autumn Session,Undergraduate,6.0,In Person,2025
2093,ASIA2049,Politics and Society in Contemporary Korea,,Undergraduate,6.0,Online or In Person,2025
2094,POLS3070,Politics in Central Asia,,Undergraduate,6.0,In Person,2025
2095,POLS3095,Politics in Latin America,,Undergraduate,6.0,In Person,2025
2096,POLS2069,Politics in Russia,First Semester,Undergraduate,6.0,Online or In Person,2025
2097,POLS2031,Politics in the Middle East,Second Semester,Undergraduate,6.0,Online or In Person,2025
2098,ENVS3003,Pollution in Practice,Winter Session,Undergraduate,6.0,In Person,2025
2099,ASIA2118,Pollution in past societies: the science and history that shaped the modern world,Winter Session,Undergraduate,6.0,In Person,2025
2100,ASIA6118,Pollution in past societies: the science and history that shaped the modern world,Winter Session,Postgraduate,6.0,In Person,2025
2101,ASIA2074,Popular Culture in East Asia,First Semester,Undergraduate,6.0,In Person,2025
2102,ASIA6074,Popular Culture in East Asia,First Semester,Postgraduate,6.0,In Person,2025
2103,MUSI3317,Popular Music Studies,First Semester,Undergraduate,6.0,In Person,2025
2104,MUSI6006,Popular Music: In Culture and in Context,,Postgraduate,6.0,Online or In Person,2025
2105,DEMO2002,Population Analysis,First Semester,Undergraduate,6.0,Online or In Person,2025
2106,POPH4005,Population Health Honours project,First Semester/Second Semester,Undergraduate,6.0,Online or In Person,2025
2107,DEMO8090,Population Issues in Asia and their Implications for World Development,Second Semester,Postgraduate,6.0,In Person,2025
2108,DEMO3001,Population Policy Case Studies,,Undergraduate,6.0,In Person,2025
2109,DEMO9024,Population and Society,First Semester,Postgraduate,12.0,In Person,2025
2110,DEMO8024,Population and Society: Theory and Empirical Perspectives,First Semester,Postgraduate,6.0,Online or In Person,2025
2111,SOCY3167,"Populism: Gender, Race, Class and Backlash",First Semester,Undergraduate,6.0,In Person,2025
2112,FINM3008,Portfolio Construction,First Semester/Second Semester,Undergraduate,6.0,In Person,2025
2113,LAWS8314,Post Conflict Situations and International Law,,Postgraduate,6.0,In Person,2025
2114,LAWS8301,Postgraduate Law Dissertation,First Semester/Second Semester,Postgraduate,12.0,In Person,2025
2115,PHIL9011,Postgraduate Training in Philosophy: Foundations Seminar,First Semester/Autumn Session/Second Semester/Spring Session,Postgraduate,12.0,In Person,2025
2116,SOCY3010,Posthuman Bodies,Second Semester,Undergraduate,6.0,In Person,2025
2117,GEND3001,Posthuman Bodies,Second Semester,Undergraduate,6.0,In Person,2025
2118,GEND6501,Posthuman bodies,Second Semester,Postgraduate,6.0,In Person,2025
2119,POGO8004,Poverty Reduction,Summer Session,Postgraduate,6.0,Online or In Person,2025
2120,ENGN6625,Power Systems and Power Electronics,Second Semester,Postgraduate,6.0,In Person,2025
2121,ENGN4625,Power Systems and Power Electronics,Second Semester,Undergraduate,6.0,In Person,2025
2122,POLS3136,Power and influence in world politics,Spring Session,Undergraduate,6.0,In Person,2025
2123,ENGN3100,Practical Experience,Summer Session/First Semester/Winter Session/Second Semester,Undergraduate,0.0,In Person,2025
2124,ARTV8038,Practice-led Research Project,,Postgraduate,6.0,In Person,2025
2125,ARTV8039,Practice-led Research Project - Major,,Postgraduate,12.0,In Person,2025
2126,ARTV9030,Practice-led Research: Writing Methods,Autumn Session,Postgraduate,6.0,In Person,2025
2127,DESN1005,Precise Drawing and Model Making,Second Semester,Undergraduate,6.0,In Person,2025
2128,PSYC8513,Preparation for Professional Psychology Placement,First Semester,Postgraduate,6.0,In Person,2025
2129,ARTV1750,Press-based Print 1,First Semester,Undergraduate,6.0,In Person,2025
2130,ARTV2750,Press-based Print 2,Second Semester,Undergraduate,6.0,In Person,2025
2131,POLS3043,Pressure Groups and Political Lobbying,Second Semester,Undergraduate,6.0,In Person,2025
2132,BIAN3127,Primate Behaviour and Conservation,Second Semester,Undergraduate,6.0,Online or In Person,2025
2133,BIAN6514,Primate Behaviour and Conservation,Second Semester,Postgraduate,6.0,Online or In Person,2025
2134,PHYS8013,Principles of Energy Generation and Transformation,First Semester,Postgraduate,6.0,In Person,2025
2135,LAWS8182,Principles of International Law,Summer Session/Winter Session,Postgraduate,6.0,Online or In Person,2025
2136,MGMT8999,Principles of Management,,Postgraduate,0.0,In Person,2025
2137,STAT7039,Principles of Mathematical Statistics,First Semester/Second Semester,Postgraduate,6.0,In Person,2025
2138,STAT6013,Principles of Mathematical Statistics for Actuarial Studies,First Semester/Second Semester,Postgraduate,6.0,In Person,2025
2139,DEMO8008,Principles of Population Analysis,First Semester,Postgraduate,6.0,Online or In Person,2025
2140,DEMO9008,Principles of Population Analysis,First Semester,Postgraduate,12.0,In Person,2025
2141,COMP3610,Principles of Programming Languages,Second Semester,Undergraduate,6.0,In Person,2025
2142,COMP6361,Principles of Programming Languages,Second Semester,Postgraduate,6.0,In Person,2025
2143,POGO8084,Principles of Social Policy,Winter Session,Postgraduate,6.0,Online or In Person,2025
2144,BUSN3014,Principles of Tax Law,First Semester/Second Semester,Undergraduate,6.0,In Person,2025
2145,LAWS6304,Prison Legal Clinic,First Semester/Second Semester,Postgraduate,6.0,In Person,2025
2146,LAWS4304,Prison Legal Clinic,First Semester/Second Semester,Undergraduate,6.0,In Person,2025
2147,MATH6109,Probability Theory with Applications,First Semester,Postgraduate,6.0,In Person,2025
2148,MATH3029,Probability Theory with Applications,First Semester,Undergraduate,6.0,In Person,2025
2149,ENGN8538,Probability and Stochastic Processes in Engineering,First Semester,Postgraduate,6.0,In Person,2025
2150,ARCH6066,Professional Archaeology,Summer Session,Postgraduate,6.0,Online or In Person,2025
2151,ARCH3006,Professional Archaeology,Summer Session,Undergraduate,6.0,In Person,2025
2152,CRIM3001,Professional Perspectives on Crime and Prevention,Second Semester,Undergraduate,6.0,In Person,2025
2153,MEDI8015,Professional Practice 1,First Semester/Second Semester,Postgraduate,0.0,In Person,2025
2154,MEDI8025,Professional Practice 2,First Semester/Second Semester,Postgraduate,0.0,In Person,2025
2155,MEDI8035,Professional Practice 3,First Semester/Second Semester,Postgraduate,0.0,In Person,2025
2156,MEDI8045,Professional Practice 4,First Semester/Second Semester,Postgraduate,0.0,In Person,2025
2157,ARTV2028,Professional Practice Internship,First Semester/Second Semester,Undergraduate,6.0,In Person,2025
2158,HLTH3002,Professional Practice in Health Science,Second Semester,Undergraduate,6.0,In Person,2025
2159,ARTV2027,Professional Practice: Economies and Ecologies in the Australian Cultural Sector,Second Semester,Undergraduate,6.0,In Person,2025
2160,ENGN6250,Professional Practice: Holistic Thinking and Communication,First Semester,Postgraduate,6.0,In Person,2025
2161,COMP6250,Professional Practice: Holistic Thinking and Communication,First Semester,Postgraduate,6.0,In Person,2025
2162,COMP8260,Professional Practice: Responsible Innovation and Leadership,Second Semester,Postgraduate,6.0,In Person,2025
2163,ENGN8260,Professional Practice: Responsible Innovation and Leadership,Second Semester,Postgraduate,6.0,In Person,2025
2164,PSYC8522,Professional Psychology Placement,Second Semester,Postgraduate,12.0,In Person,2025
2165,PSYC8412,Professional Psychology Research Project,First Semester/Second Semester,Postgraduate,6.0,In Person,2025
2166,MGMT8107,Program Implementation and Management,,Postgraduate,3.0,In Person,2025
2167,COMP1100,Programming as Problem Solving,First Semester/Second Semester,Undergraduate,6.0,In Person,2025
2168,COMP1130,Programming as Problem Solving (Advanced),First Semester,Undergraduate,6.0,In Person,2025
2169,COMP6730,Programming for Scientists,First Semester/Second Semester,Postgraduate,6.0,In Person,2025
2170,COMP1730,Programming for Scientists,First Semester/Second Semester,Undergraduate,6.0,In Person,2025
2171,HUMN4005,Project Development and Critical Theory in Digital Humanities,,Undergraduate,6.0,Online or In Person,2025
2172,MGMT8170,Project Management Masters Thesis,First Semester/Second Semester,Postgraduate,6.0,In Person,2025
2173,INFS3059,Project Management and Information Systems,Second Semester,Undergraduate,6.0,In Person,2025
2174,MGMT7024,Project Monitoring and Control,First Semester,Postgraduate,6.0,In Person,2025
2175,MGMT8005,Project Risk and Issues Management,Second Semester,Postgraduate,6.0,In Person,2025
2176,CECS8002,Projects in Applied Cybernetics,,Postgraduate,6.0,In Person,2025
2177,CYBN8002,Projects in Applied Cybernetics,First Semester/Second Semester,Postgraduate,6.0,In Person,2025
2178,NSPO8045,Propaganda and information war,Spring Session,Postgraduate,3.0,In Person,2025
2179,LAWS6204,Property,First Semester,Postgraduate,6.0,Online or In Person,2025
2180,LAWS2204,Property,First Semester,Undergraduate,6.0,In Person,2025
2181,ENGN4338,Propulsion Systems,Second Semester,Undergraduate,6.0,In Person,2025
2182,PHYS8702,Prototyping and Systems Integration,Second Semester,Postgraduate,6.0,In Person,2025
2183,PSYC8413,Psychological Assessment,First Semester,Postgraduate,6.0,In Person,2025
2184,PSYC8417,Psychological Assessment for Applied Psychology,,Postgraduate,6.0,In Person,2025
2185,PSYC8421,Psychological Interventions,Second Semester,Postgraduate,6.0,In Person,2025
2186,PSYC8414,Psychological Wellbeing in the Workplace,,Postgraduate,6.0,In Person,2025
2187,PSYC1003,"Psychology 1: Understanding Mind, Brain and Behaviour",First Semester,Undergraduate,6.0,In Person,2025
2188,PSYC1004,Psychology 2: Understanding People in Context,Second Semester,Undergraduate,6.0,In Person,2025
2189,PSYC4011,Psychology Honours,First Semester/Second Semester,Undergraduate,6.0,In Person,2025
2190,PSYC3030,Psychology Undergraduate Research Experience,Summer Session/First Semester/Second Semester,Undergraduate,6.0,In Person,2025
2191,PSYC3025,Psychopathology Across the Lifespan,First Semester,Undergraduate,6.0,In Person,2025
2192,POGO8137,Public Administration Foundations,,Postgraduate,6.0,Online or In Person,2025
2193,POLS2130,Public Choice and Politics,First Semester,Undergraduate,6.0,In Person,2025
2194,POGO8048,Public Finance,,Postgraduate,6.0,In Person,2025
2195,POGO8301,Public Financial Management,Winter Session,Postgraduate,6.0,In Person,2025
2196,POPH8106,Public Health Research Project,Summer Session/First Semester/Autumn Session/Winter Session/Second Semester/Spring Session,Postgraduate,6.0,Online or In Person,2025
2197,POPH8317,Public Health Surveillance,,Postgraduate,6.0,In Person,2025
2198,CRWF8020,Public Policy Professional Experience,Summer Session/Winter Session,Postgraduate,0.0,In Person,2025
2199,CRWF8019,Public Policy and Professional Internship,Summer Session/Winter Session,Postgraduate,6.0,In Person,2025
2200,POGO8132,Public Policy in Cities - Integrating and Governing Change,,Postgraduate,3.0,Online or In Person,2025
2201,POLS2002,Public Policy: Theory and Practice,Second Semester,Undergraduate,6.0,In Person,2025
2202,BUSN3006,Public Sector Accounting,,Undergraduate,6.0,In Person,2025
2203,BUSN7006,Public Sector Accounting and Reporting,,Postgraduate,6.0,In Person,2025
2204,ECON2131,Public Sector Economics,First Semester,Undergraduate,6.0,In Person,2025
2205,ECON4434,Public Sector Economics,First Semester,Undergraduate,6.0,In Person,2025
2206,ECON6034,Public Sector Economics,First Semester,Postgraduate,6.0,In Person,2025
2207,ECON8034,Public Sector Economics,,Postgraduate,6.0,In Person,2025
2208,POGO8021,Public Sector Ethics,First Semester,Postgraduate,6.0,Online or In Person,2025
2209,POGO8062,Public Sector Management,First Semester,Postgraduate,6.0,In Person,2025
2210,MGMT8106,Public Sector Resources Management,,Postgraduate,3.0,In Person,2025
2211,SCOM2015,Public Speaking About Science,Second Semester,Undergraduate,6.0,In Person,2025
2212,SCOM6015,Public Speaking About Science,Second Semester,Postgraduate,6.0,In Person,2025
2213,POGO8236,Public Strategy,,Postgraduate,3.0,Online or In Person,2025
2214,CRIM2008,Punishment and Society: An Introduction to Penology,,Undergraduate,6.0,Online or In Person,2025
2215,MGMT8105,Purpose and Strategic Performance,,Postgraduate,3.0,In Person,2025
2216,CHMD8004,Qualitative Methodologies for Health Research,First Semester,Postgraduate,6.0,Online or In Person,2025
2217,POLS2045,Qualitative Methods in Political Science and International Relations Research,,Undergraduate,6.0,In Person,2025
2218,SOCR4003,Qualitative Research Analysis,Second Semester,Undergraduate,6.0,In Person,2025
2219,SOCR8003,Qualitative Research Analysis,Second Semester,Postgraduate,6.0,In Person,2025
2220,MGMT4018,Qualitative Research Methods,,Undergraduate,6.0,In Person,2025
2221,MGMT8018,Qualitative Research Methods,,Postgraduate,6.0,In Person,2025
2222,LING8026,Qualitative Research Methods in Language Studies,First Semester,Postgraduate,6.0,Online or In Person,2025
2223,LING4103,Qualitative Research Methods in Language Studies,First Semester,Undergraduate,6.0,Online or In Person,2025
2224,LING9026,Qualitative Research Methods in Language Studies,First Semester,Postgraduate,6.0,In Person,2025
2225,POLS8044,Qualitative Research in Politics,First Semester,Postgraduate,6.0,In Person,2025
2226,POLS9001,Qualitative Research in Politics,First Semester,Postgraduate,6.0,In Person,2025
2227,POLS4044,Qualitative Research in Politics,First Semester,Undergraduate,6.0,In Person,2025
2228,SOCR4008,Qualitative Social Research,First Semester,Undergraduate,6.0,In Person,2025
2229,SOCR8008,Qualitative data collection,First Semester,Postgraduate,6.0,In Person,2025
2230,BIOL6130,Quantitative Ecology,Second Semester,Postgraduate,6.0,In Person,2025
2231,BIOL3130,Quantitative Ecology,Second Semester,Undergraduate,6.0,In Person,2025
2232,IDEC8014,Quantitative Financial Economics,,Postgraduate,6.0,Online or In Person,2025
2233,IDEC8010,Quantitative International Economics,Second Semester,Postgraduate,6.0,Online or In Person,2025
2234,IDEC8012,Quantitative Methods for Monetary Policy Analysis,Winter Session,Postgraduate,6.0,Online or In Person,2025
2235,POLS2044,Quantitative Methods in Political Science and International Relations,Second Semester,Undergraduate,6.0,In Person,2025
2236,PSYC2009,Quantitative Methods in Psychology,First Semester,Undergraduate,6.0,In Person,2025
2237,IDEC8026,Quantitative Policy Impact Evaluation,Second Semester,Postgraduate,6.0,Online or In Person,2025
2238,SOCY3005,Quantitative Projects for Inclusion and Diversity,First Semester,Undergraduate,6.0,In Person,2025
2239,STAT1008,Quantitative Research Methods,First Semester/Second Semester,Undergraduate,6.0,In Person,2025
2240,LING9027,Quantitative Research Methods in Linguistics,Second Semester,Postgraduate,6.0,In Person,2025
2241,LING4100,Quantitative Research Methods in Linguistics,Second Semester,Undergraduate,6.0,In Person,2025
2242,LING8027,Quantitative Research Methods in Linguistics,Second Semester,Postgraduate,6.0,In Person,2025
2243,MGMT4019,Quantitative Research Methods in Management,,Undergraduate,6.0,In Person,2025
2244,MGMT8019,Quantitative Research Methods in Management,,Postgraduate,6.0,In Person,2025
2245,POLS8042,Quantitative Research for Political Science,Second Semester,Postgraduate,6.0,In Person,2025
2246,PHYS3201,Quantum Field Theory,Second Semester,Undergraduate,6.0,In Person,2025
2247,PHYS6201,Quantum Field Theory,Second Semester,Postgraduate,6.0,In Person,2025
2248,PHYS8302,Quantum Field Theory II,First Semester,Postgraduate,6.0,In Person,2025
2249,PHYS8752,Quantum Industry,Second Semester,Postgraduate,6.0,In Person,2025
2250,PHYS2013,Quantum Mechanics,First Semester,Undergraduate,6.0,In Person,2025
2251,PHYS6013,Quantum Mechanics,First Semester,Postgraduate,6.0,In Person,2025
2252,PHYS8304,Quantum Scattering,First Semester,Postgraduate,6.0,In Person,2025
2253,PHYS4304,Quantum Scattering,First Semester,Undergraduate,6.0,In Person,2025
2254,PHYS8751,Quantum Technology,Second Semester,Postgraduate,6.0,In Person,2025
2255,STAT8500,RSFAS Masters Thesis,First Semester/Second Semester,Postgraduate,6.0,In Person,2025
2256,ACST8500,RSFAS Masters Thesis,First Semester/Second Semester,Postgraduate,12.0,In Person,2025
2257,FINM8500,RSFAS Masters Thesis,First Semester/Second Semester,Postgraduate,12.0,In Person,2025
2258,INTR8083,Race and Global Politics: Re-imagining a Discipline,First Semester,Postgraduate,6.0,In Person,2025
2259,HIST3133,"Race and Racism in Western Culture, c.1450–1950",,Undergraduate,6.0,In Person,2025
2260,PHYS6701,Rapid Prototyping,First Semester,Postgraduate,6.0,In Person,2025
2261,PHIL2125,Rationality and Social Cooperation,First Semester,Undergraduate,6.0,In Person,2025
2262,PHYS8202,Reactor Science,First Semester,Postgraduate,6.0,In Person,2025
2263,CHST3211,Reading China: Past and Present,First Semester,Undergraduate,6.0,In Person,2025
2264,CHST3212,Reading Chinese Literature: Theory and Criticism,Second Semester,Undergraduate,6.0,In Person,2025
2265,GEND1002,Reading Popular Culture: An Introduction to Cultural Studies,Second Semester,Undergraduate,6.0,In Person,2025
2266,INTR9072,"Reading, Thinking, Doing International Relations",Second Semester,Postgraduate,6.0,Online or In Person,2025
2267,LING8003,Readings in Applied Linguistics,First Semester/Second Semester,Postgraduate,6.0,In Person,2025
2268,ASIA3012,Readings in Asian Societies and Histories,Summer Session/First Semester/Autumn Session/Winter Session/Second Semester/Spring Session,Undergraduate,6.0,In Person,2025
2269,HIST8021,Readings in History,First Semester/Second Semester,Postgraduate,6.0,Online or In Person,2025
2270,PASI3012,Readings in Indigenous Studies,First Semester/Second Semester,Undergraduate,6.0,In Person,2025
2271,INDG9002,Readings in Indigenous Studies,First Semester/Second Semester,Postgraduate,6.0,In Person,2025
2272,NEUR8701,Readings in Neuroscience,First Semester/Second Semester,Postgraduate,6.0,In Person,2025
2273,BIAN8003,Readings in Primatology/Palaeoanthropology,First Semester/Second Semester,Postgraduate,6.0,In Person,2025
2274,ENGL2087,"Reality Effects: Truth, Representation and Narrative Form",Second Semester,Undergraduate,6.0,In Person,2025
2275,ASIA3029,Reconciliation and the Memory of Conflict in Asia,First Semester,Undergraduate,6.0,In Person,2025
2276,ASIA6042,Reconciliation and the Memory of Conflict in Asia,First Semester,Postgraduate,6.0,In Person,2025
2277,BIOL3178,Recovering Threatened Species and Ecosystems,,Undergraduate,6.0,In Person,2025
2278,BIOL6178,Recovering Threatened Species and Ecosystems,,Postgraduate,6.0,In Person,2025
2279,CHMD8011,Refugee Health: From Displacement to Resettlement,,Postgraduate,6.0,Online or In Person,2025
2280,LAWS4271,Refugee Law,Second Semester,Undergraduate,6.0,In Person,2025
2281,LAWS8471,Refugee Law,,Postgraduate,6.0,Online or In Person,2025
2282,INTR8082,Regionalism and Southeast Asia,First Semester,Postgraduate,6.0,Online or In Person,2025
2283,STAT7038,Regression Modelling,First Semester/Second Semester,Postgraduate,6.0,In Person,2025
2284,STAT2008,Regression Modelling,First Semester/Second Semester,Undergraduate,6.0,In Person,2025
2285,STAT2014,Regression Modelling for Actuarial Studies,First Semester/Second Semester,Undergraduate,6.0,In Person,2025
2286,STAT6014,Regression Modelling for Actuarial Studies,First Semester/Second Semester,Postgraduate,6.0,In Person,2025
2287,REGN8049,Regulating Disruptive Technologies,Winter Session,Postgraduate,3.0,Online or In Person,2025
2288,REGN8024,Regulating Nuclear Capabilities,First Semester,Postgraduate,6.0,Online or In Person,2025
2289,REGN8052,Regulation and Governance,Summer Session,Postgraduate,6.0,Online or In Person,2025
2290,REGN9052,Regulation and Governance,Summer Session,Postgraduate,6.0,Online or In Person,2025
2291,REGN8009,Regulation and Governance Research Project,First Semester/Second Semester,Postgraduate,6.0,Online or In Person,2025
2292,REGN8057,Regulation and Governance Research and Practice Clinic,,Postgraduate,6.0,Online or In Person,2025
2293,REGN8051,Regulatory Complexity in Asia,,Postgraduate,3.0,Online or In Person,2025
2294,COMP2400,Relational Databases,First Semester/Second Semester,Undergraduate,6.0,In Person,2025
2295,COMP6240,Relational Databases,First Semester/Second Semester,Postgraduate,6.0,In Person,2025
2296,SOCY3057,"Relationships, Marriage and Family",,Undergraduate,6.0,In Person,2025
2297,GEND3057,"Relationships, Marriage and Family",,Undergraduate,6.0,In Person,2025
2298,CLAS3100,Remembering and Forgetting in Imperial Greece and Rome,First Semester,Undergraduate,6.0,In Person,2025
2299,EMSC3025,Remote Sensing of Water Resources,Second Semester,Undergraduate,6.0,In Person,2025
2300,EMSC6025,Remote Sensing of Water Resources,Second Semester,Postgraduate,6.0,In Person,2025
2301,MUSC8022,"Repatriation, Social Justice and Museums",,Postgraduate,6.0,Online or In Person,2025
2302,MUSC8019,"Repatriation: Principles, Policy and Practice",Winter Session,Postgraduate,6.0,Online,2025
2303,POGO9098,Research Analysis and Statistics,,Postgraduate,6.0,In Person,2025
2304,BIAN6019,Research Design and Analysis in Archaeological and Evolutionary Science,Second Semester,Postgraduate,6.0,In Person,2025
2305,BIAN3014,Research Design and Analysis in Biological Anthropology,Second Semester,Undergraduate,6.0,In Person,2025
2306,POPH4315,Research Design and Methods,First Semester,Undergraduate,6.0,Online or In Person,2025
2307,POPH8315,Research Design and Methods,First Semester,Postgraduate,6.0,Online or In Person,2025
2308,INTR8072,Research Design and Methods in Global Politics,First Semester,Postgraduate,6.0,Online or In Person,2025
2309,ARCH9106,Research Design and Research Proposal,First Semester/Second Semester,Postgraduate,12.0,In Person,2025
2310,ASIA9075,"Research Design and Writing in International, Political, and Strategic Studies",Autumn Session,Postgraduate,6.0,Online or In Person,2025
2311,POGO8997,Research Design for Public Policy,First Semester,Postgraduate,6.0,Online or In Person,2025
2312,POGO9097,Research Design for Public Policy,First Semester,Postgraduate,6.0,In Person,2025
2313,PHIL4009,Research Design in Philosophy,First Semester/Second Semester,Undergraduate,6.0,In Person,2025
2314,POLS8058,Research Design in Political Science,First Semester,Postgraduate,6.0,In Person,2025
2315,IDEC8011,Research Essay,First Semester/Second Semester,Postgraduate,6.0,Online or In Person,2025
2316,ACST8050,Research Essay in Actuarial Studies,First Semester/Second Semester,Postgraduate,6.0,In Person,2025
2317,STAT8053,Research Essay in Statistics,First Semester/Second Semester,Postgraduate,6.0,In Person,2025
2318,ARTH4027,Research Focus,First Semester/Second Semester,Undergraduate,12.0,In Person,2025
2319,ARTH8027,Research Focus,First Semester/Second Semester,Postgraduate,12.0,In Person,2025
2320,SOCY3001,Research Internship,Second Semester,Undergraduate,6.0,In Person,2025
2321,PSYC8411,Research Methods and Statistics in Professional Psychology,First Semester,Postgraduate,6.0,In Person,2025
2322,EMSC4017,Research Methods for Earth Sciences,First Semester/Second Semester,Undergraduate,6.0,In Person,2025
2323,EMSC8017,Research Methods for Earth Sciences,First Semester/Second Semester,Postgraduate,6.0,In Person,2025
2324,EMDV8102,Research Methods for Environmental Management and Development,First Semester,Postgraduate,6.0,Online or In Person,2025
2325,SCOM4019,Research Methods for Science Communication,First Semester,Undergraduate,6.0,Online or In Person,2025
2326,ASIA4044,Research Methods in Chinese Studies,,Undergraduate,6.0,In Person,2025
2327,ASIA8044,Research Methods in Chinese Studies,,Postgraduate,6.0,In Person,2025
2328,ASIA9044,Research Methods in Chinese Studies,,Postgraduate,6.0,In Person,2025
2329,SCOM8019,Research Methods in Science Communication,First Semester,Postgraduate,6.0,Online or In Person,2025
2330,HLTH1002,Research Methods in the Health Sciences,Second Semester,Undergraduate,6.0,In Person,2025
2331,BIOL8291,Research Presentation Skills,First Semester/Second Semester,Postgraduate,6.0,In Person,2025
2332,ARTV4022,Research Principles and Methods 1,First Semester,Undergraduate,12.0,Online or In Person,2025
2333,ARTV4023,Research Principles and Methods 2,Second Semester,Undergraduate,12.0,Online or In Person,2025
2334,ENGN8602,Research Project,First Semester/Second Semester,Postgraduate,6.0,In Person,2025
2335,IDEC8033,Research Project,First Semester/Second Semester,Postgraduate,6.0,Online or In Person,2025
2336,MEDI8022,Research Project,First Semester/Second Semester,Postgraduate,3.0,In Person,2025
2337,NSPO8037,Research Project,Second Semester,Postgraduate,6.0,Online or In Person,2025
2338,EMDV8066,Research Project,Second Semester,Postgraduate,12.0,Online or In Person,2025
2339,ENGN8601,Research Project,First Semester/Second Semester,Postgraduate,6.0,In Person,2025
2340,POGO8135,Research Project (12 units),First Semester/Second Semester,Postgraduate,6.0,Online or In Person,2025
2341,POGO8035,Research Project (6 units),First Semester/Second Semester,Postgraduate,6.0,Online or In Person,2025
2342,MEDI8023,Research Project (Advanced),First Semester/Second Semester,Postgraduate,3.0,In Person,2025
2343,BIOL8701,Research Project for Advanced Masters,First Semester/Second Semester,Postgraduate,6.0,In Person,2025
2344,ASIA3039,Research Project in Asian and Pacific Studies,,Undergraduate,6.0,In Person,2025
2345,CHEM8003,Research Project in Chemistry,First Semester/Second Semester,Postgraduate,6.0,In Person,2025
2346,CHEM3060,Research Project in Chemistry,Summer Session/First Semester/Second Semester,Undergraduate,6.0,In Person,2025
2347,EMSC8025,Research Project in Earth Science,First Semester/Second Semester,Postgraduate,6.0,In Person,2025
2348,CHEM8033,Research Project in Materials Science,First Semester/Second Semester,Postgraduate,6.0,In Person,2025
2349,PNPI3001,"Research Project in Philosophy, Neuroscience, and Psychology",,Undergraduate,6.0,In Person,2025
2350,EMDV8008,Research Proposal,First Semester,Postgraduate,6.0,Online or In Person,2025
2351,BIOL8700,Research Proposal,First Semester/Second Semester,Postgraduate,12.0,In Person,2025
2352,PHYS3042,Research Topics Physics,Summer Session/First Semester/Second Semester,Undergraduate,6.0,In Person,2025
2353,ASIA3108,Research Topics in Asian and Pacific Languages (L),First Semester/Second Semester,Undergraduate,6.0,In Person,2025
2354,JPNS3023,Research Topics in Japanese: History & Society,Second Semester,Undergraduate,6.0,In Person,2025
2355,POLS4011,Research Training: Scope and Methods,First Semester,Undergraduate,6.0,In Person,2025
2356,ENVS8013,Research in Climate Change Vulnerability and Adaptation,First Semester,Postgraduate,6.0,In Person,2025
2357,EMDV8014,Research in Environmental and Climate Change Policy,Second Semester,Postgraduate,6.0,Online or In Person,2025
2358,POPM8001,"Research, Treatment, Policy: Current Issues in Mental Health",Second Semester,Postgraduate,6.0,In Person,2025
2359,INDG1002,"Resilience, Responsibility, and Resurgence: First Peoples' Experiences and Ways of Being",Second Semester,Undergraduate,6.0,In Person,2025
2360,ECON3128,Resource and Environmental Economics,,Undergraduate,6.0,In Person,2025
2361,ECON6040,Resource and Environmental Economics,,Postgraduate,6.0,In Person,2025
2362,MGMT8104,Responsible Stewardship and Integrity,,Postgraduate,3.0,In Person,2025
2363,LAWS8454,Restitution,,Postgraduate,6.0,Online or In Person,2025
2364,LAWS4254,Restitution,,Undergraduate,6.0,In Person,2025
2365,HUMN8036,Restitution and the archive? Using Archives and Special Collections,Winter Session,Postgraduate,6.0,Online or In Person,2025
2366,REGN8005,Restorative Justice in the World,Autumn Session,Postgraduate,6.0,Online or In Person,2025
2367,ASIA3033,"Rethinking Northeast Asia: Region, Culture and Society",Second Semester,Undergraduate,6.0,In Person,2025
2368,ASIA6133,"Rethinking Northeast Asia: Region, Culture and Society",Second Semester,Postgraduate,6.0,In Person,2025
2369,INTR8084,"Revolution, Resistance, Rebellion, Riot: Unruly Politics in the Contemporary World",First Semester,Postgraduate,6.0,In Person,2025
2370,STAT6057,Risk Modelling 1,First Semester,Postgraduate,6.0,In Person,2025
2371,STAT3057,Risk Modelling 1,First Semester,Undergraduate,6.0,In Person,2025
2372,STAT3058,Risk Modelling 2,Second Semester,Undergraduate,6.0,In Person,2025
2373,STAT6058,Risk Modelling 2,Second Semester,Postgraduate,6.0,In Person,2025
2374,ENGN4627,Robotics,Second Semester,Undergraduate,6.0,In Person,2025
2375,ENGN6627,Robotics,Second Semester,Postgraduate,6.0,In Person,2025
2376,LANG3007,Romance Linguistics,,Undergraduate,6.0,Online or In Person,2025
2377,CLAS3001,Rome: The Eternal City from Antiquity to the Early Middle Ages,Second Semester,Undergraduate,6.0,In Person,2025
2378,CLAS1005,Rome: The Story of an Empire,,Undergraduate,6.0,In Person,2025
2379,ASIA3011,Samurai Society and Social Control in Japan,,Undergraduate,6.0,In Person,2025
2380,ASIA6511,Samurai Society and Social Control in Japan,,Postgraduate,6.0,In Person,2025
2381,SKRT1002,Sanskrit 1,First Semester,Undergraduate,6.0,Online,2025
2382,SKRT1003,Sanskrit 2,Second Semester,Undergraduate,6.0,Online,2025
2383,SKRT2103,Sanskrit 3,First Semester,Undergraduate,6.0,Online,2025
2384,SKRT2104,Sanskrit 4,Second Semester,Undergraduate,6.0,Online,2025
2385,SKRT3004,Sanskrit 5,First Semester,Undergraduate,6.0,Online,2025
2386,SKRT3005,Sanskrit 6,Second Semester,Undergraduate,6.0,Online,2025
2387,SKRT3002,Sanskrit 7,First Semester,Undergraduate,6.0,Online,2025
2388,SKRT3003,Sanskrit 8,Second Semester,Undergraduate,6.0,Online,2025
2389,SCOM1001,Science Communication 1: Introduction to Science Communication,First Semester,Undergraduate,6.0,In Person,2025
2390,SCOM1002,Science Communication 2: Evidence and Social Change,Second Semester,Undergraduate,6.0,In Person,2025
2391,SCOM8004,Science Communication Fieldwork Placement,First Semester/Second Semester,Postgraduate,12.0,In Person,2025
2392,SCOM6004,Science Communication Internship,Summer Session/First Semester/Autumn Session/Winter Session/Second Semester/Spring Session,Postgraduate,6.0,Online or In Person,2025
2393,SCOM3004,Science Communication Internship,Summer Session/First Semester/Autumn Session/Winter Session/Second Semester/Spring Session,Undergraduate,6.0,Online or In Person,2025
2394,SCOM3003,Science Communication Research Project,First Semester/Second Semester,Undergraduate,6.0,Online or In Person,2025
2395,SCOM3501,Science Communication Strategy and Leadership,Winter Session,Undergraduate,6.0,In Person,2025
2396,SCOM6501,Science Communication Strategy and Leadership,Winter Session,Postgraduate,6.0,Online or In Person,2025
2397,SCOM6029,Science Communication and Planetary Crises,Winter Session,Postgraduate,6.0,Online or In Person,2025
2398,SCOM3029,Science Communication and Planetary Crises,Winter Session,Undergraduate,6.0,In Person,2025
2399,SCNC8001,Science Higher Degree by Research Internship,Summer Session/First Semester/Autumn Session/Winter Session/Second Semester/Spring Session,Postgraduate,3.0,In Person,2025
2400,SCNC4000,Science Honours,First Semester/Second Semester,Undergraduate,6.0,In Person,2025
2401,SCNC3000,Science Internship,Summer Session/First Semester/Autumn Session/Winter Session/Second Semester/Spring Session,Undergraduate,6.0,In Person,2025
2402,SCNC8000,Science Internship,Summer Session/First Semester/Autumn Session/Winter Session/Second Semester/Spring Session,Postgraduate,6.0,In Person,2025
2403,SCNC2000,Science Internship,Summer Session/First Semester/Autumn Session/Winter Session/Second Semester/Spring Session,Undergraduate,6.0,In Person,2025
2404,SCOM3027,Science Politics,First Semester,Undergraduate,6.0,In Person,2025
2405,SCOM6027,Science Politics,First Semester,Postgraduate,6.0,Online or In Person,2025
2406,SCNC3021,Science Research Project,Summer Session/First Semester/Autumn Session/Winter Session/Second Semester/Spring Session,Undergraduate,6.0,In Person,2025
2407,SCNC2021,Science Research Project,Summer Session/First Semester/Autumn Session/Winter Session/Second Semester/Spring Session,Undergraduate,6.0,In Person,2025
2408,SCNC8021,Science Research Project,Summer Session/First Semester/Autumn Session/Winter Session/Second Semester/Spring Session,Postgraduate,3.0,In Person,2025
2409,SCOM2003,Science in Film and Fiction,Summer Session,Undergraduate,6.0,In Person,2025
2410,SCOM6003,Science in Film and Fiction,Summer Session,Postgraduate,6.0,Online or In Person,2025
2411,PHIL2126,"Science in Society: Ethics, Public Policy and Scientific Practice",Second Semester,Undergraduate,6.0,In Person,2025
2412,SCOM6006,"Science, Humour and Popular Culture",Winter Session,Postgraduate,6.0,Online,2025
2413,SCOM2006,"Science, Humour and Popular Culture",Winter Session,Undergraduate,6.0,Online,2025
2414,SCOM2016,"Science, Journalism and Society",Autumn Session,Undergraduate,6.0,In Person,2025
2415,SCOM6016,"Science, Journalism and Society",Autumn Session,Postgraduate,6.0,Online or In Person,2025
2416,POGO8138,"Science, Technology and Public Policy",,Postgraduate,6.0,In Person,2025
2417,MATH6111,Scientific Computing,First Semester,Postgraduate,6.0,In Person,2025
2418,MATH3511,Scientific Computing,First Semester,Undergraduate,6.0,In Person,2025
2419,ARCH6042,Scientific Dating in Archaeology and Palaeoenvironmental Studies,Second Semester,Postgraduate,6.0,In Person,2025
2420,ARCH3042,Scientific Dating in Archaeology and Palaeoenvironmental Studies,Second Semester,Undergraduate,6.0,In Person,2025
2421,BIOL8001,Scientific Reasoning and Consulting in Quantitative Biology,Second Semester,Postgraduate,6.0,In Person,2025
2422,MATH3501,Scientific and Industrial Modelling,Second Semester,Undergraduate,6.0,In Person,2025
2423,MATH6103,Scientific and Industrial Modelling,Second Semester,Postgraduate,6.0,In Person,2025
2424,SCRN2005,Screen Cultures,First Semester/Second Semester,Undergraduate,6.0,In Person,2025
2425,SCRN3003,Screen Studies Capstone Project,First Semester/Second Semester,Undergraduate,6.0,In Person,2025
2426,ARTV1850,Sculpture and Spatial Practice 1,First Semester/Second Semester,Undergraduate,6.0,In Person,2025
2427,ARTV2850,Sculpture and Spatial Practice 2,Second Semester,Undergraduate,6.0,In Person,2025
2428,LING3101,Second Language Acquisition,,Undergraduate,6.0,In Person,2025
2429,LING6101,Second Language Acquisition,,Postgraduate,6.0,In Person,2025
2430,ENGL1100,Secrets and Lies: Literature and the Self,First Semester,Undergraduate,6.0,In Person,2025
2431,STST2001,Security Concepts in the Asia-Pacific,First Semester,Undergraduate,6.0,In Person,2025
2432,NSPO8049,Security in the Indo-Pacific ,,Postgraduate,3.0,Online or In Person,2025
2433,LAWS4257,Selected Topics in Australian-United States Comparative Law (ANU),,Undergraduate,6.0,Online or In Person,2025
2434,FREN3110,Selected Topics in French Studies,First Semester,Undergraduate,6.0,In Person,2025
2435,SOCY1002,Self and Society,First Semester,Undergraduate,6.0,In Person,2025
2436,LING3035,Semantic Typology,,Undergraduate,6.0,In Person,2025
2437,LING6035,Semantic Typology,,Postgraduate,6.0,In Person,2025
2438,LING6008,Semantics,,Postgraduate,6.0,In Person,2025
2439,LING2008,Semantics,,Undergraduate,6.0,In Person,2025
2440,BUSN4111,Seminal Research in Accounting,Second Semester,Undergraduate,6.0,In Person,2025
2441,BUSN8111,Seminal Research in Accounting,Second Semester,Postgraduate,6.0,In Person,2025
2442,HIST8037,Seminar in Advanced Historical Research,Second Semester,Postgraduate,6.0,Online or In Person,2025
2443,HIST4011,Seminar in Advanced Historiography,First Semester,Undergraduate,12.0,In Person,2025
2444,HIST8024,Seminar in Advanced Historiography,First Semester,Postgraduate,6.0,In Person,2025
2445,HIST8234,Seminar in Public History,Second Semester,Postgraduate,6.0,Online or In Person,2025
2446,BUSN8013,Seminar in Research Method in Commerce,First Semester/Second Semester,Postgraduate,6.0,In Person,2025
2447,BUSN4013,Seminar in Research Method in Commerce,First Semester/Second Semester,Undergraduate,6.0,In Person,2025
2448,LAWS4314,Sentencing,First Semester,Undergraduate,6.0,In Person,2025
2449,LAWS8214,Sentencing,,Postgraduate,6.0,In Person,2025
2450,MKTG2023,Services Marketing,Second Semester,Undergraduate,6.0,In Person,2025
2451,MKTG7023,Services Marketing,First Semester,Postgraduate,6.0,In Person,2025
2452,GEND1001,"Sex, Gender and Identity: An Introduction to Gender Studies",First Semester,Undergraduate,6.0,In Person,2025
2453,DEMO8048,"Sex, Gender, and Population",Second Semester,Postgraduate,6.0,In Person,2025
2454,POLS3029,Sharing Power: Federalism in Comparative Perspective,First Semester,Undergraduate,6.0,In Person,2025
2455,ENGN2228,Signals and Systems,Second Semester,Undergraduate,6.0,In Person,2025
2456,ARTH8026,Sir William Dobell Research Seminar,Second Semester,Postgraduate,12.0,In Person,2025
2457,ARTH4026,Sir William Dobell Research Seminar,Second Semester,Undergraduate,12.0,In Person,2025
2458,ARTV8042,Situating Contemporary Art Practices with Independent Research,Second Semester,Postgraduate,12.0,In Person,2025
2459,AATD2001,SoCIETIE Initiative,First Semester/Second Semester,Undergraduate,6.0,Online or In Person,2025
2460,AATD1001,SoCIETIE Initiative,First Semester/Second Semester,Undergraduate,6.0,Online or In Person,2025
2461,AATD3001,SoCIETIE Initiative,First Semester/Second Semester,Undergraduate,6.0,Online or In Person,2025
2462,AATD6001,SoCIETIE Initiative,First Semester/Second Semester,Postgraduate,6.0,Online or In Person,2025
2463,ANTH8019,Social Analysis and Community Politics,,Postgraduate,6.0,Online or In Person,2025
2464,ENVS3045,Social Applications of GIS,Winter Session,Undergraduate,6.0,In Person,2025
2465,ENVS6345,Social Applications of GIS,Winter Session,Postgraduate,6.0,In Person,2025
2466,ASIA8050,Social Conflict and Environmental Change,Spring Session,Postgraduate,6.0,Online,2025
2467,MGMT2008,Social Enterprises and Social Business,,Undergraduate,6.0,In Person,2025
2468,SOCY2030,Social Inequalities and Development,Second Semester,Undergraduate,6.0,In Person,2025
2469,SOCY6045,Social Inequalities and Development,Second Semester,Postgraduate,6.0,In Person,2025
2470,DEMO2004,Social Inequalities in Health,Second Semester,Undergraduate,6.0,In Person,2025
2471,POGO8025,Social Policy Analysis,Second Semester,Postgraduate,6.0,Online or In Person,2025
2472,SOCY2101,Social Policy: Principles and Practice,Autumn Session,Undergraduate,6.0,In Person,2025
2473,ASIA2099,Social Power in China: Family to Family-State,First Semester,Undergraduate,6.0,In Person,2025
2474,ASIA6099,Social Power in China: Family to Family-State,First Semester,Postgraduate,6.0,In Person,2025
2475,PSYC2001,Social Psychology,Second Semester,Undergraduate,6.0,In Person,2025
2476,SOCS9082,Social Research Practice,First Semester,Postgraduate,6.0,In Person,2025
2477,SOCR8082,Social Research Practice,First Semester,Postgraduate,6.0,Online or In Person,2025
2478,SOCY2166,Social Science of the Internet,,Undergraduate,6.0,In Person,2025
2479,SOCY6066,Social Science of the Internet,,Postgraduate,6.0,In Person,2025
2480,POPH8108,Social and Cultural Determinants of Health,Second Semester,Postgraduate,6.0,Online or In Person,2025
2481,SOCY1006,Society & Technological Change,,Undergraduate,6.0,In Person,2025
2482,ENVS2013,Society and Environmental Change,Second Semester,Undergraduate,6.0,In Person,2025
2483,ENVS6013,Society and Environmental Change,Second Semester,Postgraduate,6.0,In Person,2025
2484,SOCY4010,Sociology Honours Methods Seminar,First Semester,Undergraduate,12.0,In Person,2025
2485,SOCY4009,Sociology Honours Theory Seminar,First Semester,Undergraduate,12.0,In Person,2025
2486,SOCY2162,Sociology of Health and Illness,Second Semester,Undergraduate,6.0,In Person,2025
2487,SOCY2059,Sociology of Resistance,,Undergraduate,6.0,In Person,2025
2488,COMP2100,Software Construction,First Semester/Second Semester,Undergraduate,6.0,In Person,2025
2489,COMP6442,Software Construction,First Semester/Second Semester,Postgraduate,6.0,In Person,2025
2490,COMP6120,Software Engineering,Second Semester,Postgraduate,6.0,In Person,2025
2491,COMP2120,Software Engineering,Second Semester,Undergraduate,6.0,In Person,2025
2492,COMP3500,Software Engineering Project,First Semester/Second Semester,Undergraduate,6.0,In Person,2025
2493,COMP4500,Software Engineering Team Project,First Semester/Second Semester,Undergraduate,6.0,In Person,2025
2494,COMP3703,Software Security,First Semester,Undergraduate,6.0,In Person,2025
2495,PHYS3032,Solid State Physics,Second Semester,Undergraduate,6.0,In Person,2025
2496,PHYS6032,Solid State Physics,Second Semester,Postgraduate,6.0,In Person,2025
2497,MUSI2230,Songwriting: Concepts and Craft,Second Semester,Undergraduate,6.0,In Person,2025
2498,MUSI3318,Sound Archiving,,Undergraduate,6.0,In Person,2025
2499,COMP4350,Sound and Music Computing,First Semester,Undergraduate,6.0,In Person,2025
2500,COMP8350,Sound and Music Computing,First Semester,Postgraduate,6.0,In Person,2025
2501,LING2010,Sounds of the World's Languages: Phonetics and Phonology,Second Semester,Undergraduate,6.0,In Person,2025
2502,LING6010,Sounds of the World's Languages: Phonetics and Phonology,Second Semester,Postgraduate,6.0,In Person,2025
2503,ASIA2060,Southeast Asian Security,,Undergraduate,6.0,Online or In Person,2025
2504,LAWS8340,Space Law and Governance,Winter Session,Postgraduate,6.0,Online,2025
2505,MGMT8172,Special Management Topic,,Postgraduate,6.0,In Person,2025
2506,MMIB8003,Special Research Topic 1,First Semester/Second Semester,Postgraduate,6.0,In Person,2025
2507,MMIB8004,Special Research Topic 2,First Semester/Second Semester,Postgraduate,18.0,In Person,2025
2508,ENVS3016,Special Topic,Summer Session/First Semester/Autumn Session/Winter Session/Second Semester/Spring Session,Undergraduate,6.0,In Person,2025
2509,STST2004,Special Topic in International Security,,Undergraduate,6.0,In Person,2025
2510,MATH6209,Special Topic in Mathematical Sciences,Summer Session/First Semester/Second Semester,Postgraduate,6.0,In Person,2025
2511,MEAS8105,Special Topic in Middle Eastern and Central Asian Studies,,Postgraduate,6.0,In Person,2025
2512,SOCR8004,Special Topic in Social Research,First Semester/Second Semester,Postgraduate,6.0,In Person,2025
2513,EMSC3050,Special Topics,Summer Session/First Semester/Autumn Session/Winter Session/Second Semester/Spring Session,Undergraduate,6.0,In Person,2025
2514,ECON8112,Special Topics  in Macroeconomics,,Postgraduate,6.0,In Person,2025
2515,ECON3112,Special Topics  in Macroeconomics,,Undergraduate,6.0,In Person,2025
2516,FINM8002,Special Topics - Finance (Corporate and Behavioural Finance),,Postgraduate,6.0,In Person,2025
2517,ENGN6521,Special Topics In  Engineering II,,Postgraduate,6.0,In Person,2025
2518,BUSN6060,Special Topics In Commerce,,Postgraduate,6.0,In Person,2025
2519,BUSN3060,Special Topics In Commerce,,Undergraduate,6.0,In Person,2025
2520,POLS8041,Special Topics In Comparative Politics,,Postgraduate,6.0,In Person,2025
2521,ACST3001,Special Topics in Actuarial Studies,,Undergraduate,6.0,In Person,2025
2522,ACST8052,Special Topics in Actuarial Studies 2,,Postgraduate,6.0,In Person,2025
2523,STAT8024,Special Topics in Applied Statistics 1,,Postgraduate,6.0,In Person,2025
2524,STAT8025,Special Topics in Applied Statistics 2,,Postgraduate,6.0,In Person,2025
2525,ARAB3006,Special Topics in Arabic,,Undergraduate,6.0,Online or In Person,2025
2526,ASIA6022,Special Topics in Asian and Pacific Studies,Winter Session/Second Semester,Postgraduate,6.0,In Person,2025
2527,ASIA2112,Special Topics in Asian and Pacific Studies,Winter Session/Second Semester,Undergraduate,6.0,In Person,2025
2528,ASTR8023,Special Topics in Astronomy and Astrophysics,,Postgraduate,6.0,In Person,2025
2529,INDG3005,Special Topics in Australian Indigenous Studies,,Undergraduate,6.0,In Person,2025
2530,BIOL6123,Special Topics in Biology,Summer Session/First Semester/Autumn Session/Winter Session/Second Semester/Spring Session,Postgraduate,6.0,In Person,2025
2531,BIOL3023,Special Topics in Biology,Summer Session/First Semester/Autumn Session/Winter Session/Second Semester/Spring Session,Undergraduate,6.0,In Person,2025
2532,BUSN4101,Special Topics in Commerce,,Undergraduate,6.0,In Person,2025
2533,BUSN8010,Special Topics in Commerce,,Postgraduate,6.0,In Person,2025
2534,BUSN8101,Special Topics in Commerce,,Postgraduate,6.0,In Person,2025
2535,BUSN4010,Special Topics in Commerce,,Undergraduate,6.0,In Person,2025
2536,POLS4041,Special Topics in Comparative Politics,,Undergraduate,6.0,In Person,2025
2537,COMP2710,Special Topics in Computer Science,,Undergraduate,6.0,In Person,2025
2538,COMP6470,Special Topics in Computing,First Semester,Postgraduate,6.0,In Person,2025
2539,CRIM2011,Special Topics in Criminology,Second Semester,Undergraduate,6.0,In Person,2025
2540,DIPL8012,Special Topics in Diplomacy,Summer Session,Postgraduate,6.0,Online or In Person,2025
2541,EMSC8014,Special Topics in Earth Science,Summer Session/First Semester/Autumn Session/Winter Session/Second Semester/Spring Session,Postgraduate,6.0,In Person,2025
2542,EMET3020,Special Topics in Econometrics,,Undergraduate,6.0,In Person,2025
2543,ECON3099,Special Topics in Economic Dynamics,,Undergraduate,6.0,In Person,2025
2544,ECON8099,Special Topics in Economic Dynamics,,Postgraduate,6.0,In Person,2025
2545,ECON3020,Special Topics in Economics: Computing and Data Skills,,Undergraduate,6.0,In Person,2025
2546,ENGN4521,Special Topics in Engineering 2,,Undergraduate,6.0,In Person,2025
2547,ENGN4522,Special Topics in Engineering 3,,Undergraduate,6.0,In Person,2025
2548,ENGN4523,Special Topics in Engineering 4,,Undergraduate,6.0,In Person,2025
2549,ENGN6520,Special Topics in Engineering I,,Postgraduate,6.0,In Person,2025
2550,ENGN4520,Special Topics in Engineering I,,Undergraduate,6.0,In Person,2025
2551,FINM3004,Special Topics in Finance,,Undergraduate,6.0,In Person,2025
2552,FINM4600,Special Topics in Finance,,Undergraduate,6.0,In Person,2025
2553,GERM3051,Special Topics in German Literature and Culture,,Undergraduate,6.0,In Person,2025
2554,HLMD2022,Special Topics in Health and Medicine,,Undergraduate,6.0,In Person,2025
2555,HLMD1022,Special Topics in Health and Medicine,,Undergraduate,6.0,In Person,2025
2556,HLMD3022,Special Topics in Health and Medicine,,Undergraduate,6.0,In Person,2025
2557,HLMD8022,Special Topics in Health and Medicine ,,Postgraduate,6.0,In Person,2025
2558,INTR8018,Special Topics in International Relations,First Semester,Postgraduate,6.0,In Person,2025
2559,LAWS4148,Special Topics in Law,,Undergraduate,6.0,Online or In Person,2025
2560,LAWS8148,Special Topics in Law,First Semester,Postgraduate,6.0,Online or In Person,2025
2561,LING6525,Special Topics in Linguistics,,Postgraduate,6.0,In Person,2025
2562,LING3025,Special Topics in Linguistics,,Undergraduate,6.0,In Person,2025
2563,MATH4349,Special Topics in Mathematics,First Semester/Second Semester,Undergraduate,6.0,In Person,2025
2564,MATH3349,Special Topics in Mathematics,Summer Session/First Semester/Second Semester,Undergraduate,6.0,In Person,2025
2565,ECON3110,Special Topics in Microeconomics,,Undergraduate,6.0,In Person,2025
2566,ECON8110,Special Topics in Microeconomics,,Postgraduate,6.0,In Person,2025
2567,MEAS4001,Special Topics in Middle Eastern and Central Asian Studies,,Undergraduate,6.0,In Person,2025
2568,PASI8312,Special Topics in Pacific Development ,Spring Session,Postgraduate,3.0,Online or In Person,2025
2569,DEMO4091,Special Topics in Population Change,First Semester,Undergraduate,6.0,In Person,2025
2570,DEMO8091,Special Topics in Population Change ,First Semester,Postgraduate,6.0,In Person,2025
2571,PSYC3023,Special Topics in Psychology,Second Semester,Undergraduate,6.0,In Person,2025
2572,REGN8012,Special Topics in Regulation and Governance,,Postgraduate,6.0,Online or In Person,2025
2573,SCNC2022,Special Topics in Science,,Undergraduate,6.0,In Person,2025
2574,SCNC8022,Special Topics in Science,,Postgraduate,6.0,In Person,2025
2575,SCNC1022,Special Topics in Science,,Undergraduate,6.0,In Person,2025
2576,SCNC3022,Special Topics in Science,,Undergraduate,6.0,In Person,2025
2577,SCOM6005,Special Topics in Science Communication,Summer Session/First Semester/Autumn Session/Winter Session/Second Semester/Spring Session,Postgraduate,6.0,Online or In Person,2025
2578,SCOM3005,Special Topics in Science Communication,Summer Session/First Semester/Autumn Session/Winter Session/Second Semester/Spring Session,Undergraduate,6.0,Online or In Person,2025
2579,SOCY2168,Special Topics in Sociology,,Undergraduate,6.0,In Person,2025
2580,STAT3039,Special Topics in Statistics,,Undergraduate,6.0,In Person,2025
2581,STAT8016,Special Topics in Statistics 1,,Postgraduate,6.0,In Person,2025
2582,STST8017,Special Topics in Strategic Studies,,Postgraduate,6.0,In Person,2025
2583,ANTH8063,Special Topics: Research-Led Seminar in Anthropology and Planetary Futures,First Semester,Postgraduate,6.0,Online or In Person,2025
2584,DESN2007,Speculative and Critical Design,First Semester,Undergraduate,6.0,In Person,2025
2585,ASTR6007,Stars,First Semester,Postgraduate,6.0,In Person,2025
2586,ASTR3007,Stars,First Semester,Undergraduate,6.0,In Person,2025
2587,ASTR4022,Stars II and Exoplanets,Second Semester,Undergraduate,6.0,In Person,2025
2588,ASTR8022,Stars II and Exoplanets,Second Semester,Postgraduate,6.0,In Person,2025
2589,POLS8043,State Formation and Contested Political Orders,Second Semester,Postgraduate,6.0,Online or In Person,2025
2590,POLS4043,State Formation and Contested Political Orders,Second Semester,Undergraduate,6.0,In Person,2025
2591,ANTH2134,States and Citizens: Anthropological Perspectives,,Undergraduate,6.0,In Person,2025
2592,ANTH6134,States and Citizens: Anthropological Perspectives,,Postgraduate,6.0,In Person,2025
2593,STAT6027,Statistical Inference,First Semester,Postgraduate,6.0,In Person,2025
2594,STAT3013,Statistical Inference,First Semester,Undergraduate,6.0,In Person,2025
2595,STAT4027,Statistical Inference,First Semester,Undergraduate,6.0,In Person,2025
2596,STAT3040,Statistical Learning,First Semester,Undergraduate,6.0,In Person,2025
2597,STAT4040,Statistical Learning,First Semester,Undergraduate,6.0,In Person,2025
2598,STAT8140,Statistical Learning,First Semester,Postgraduate,6.0,In Person,2025
2599,COMP4670,Statistical Machine Learning,First Semester,Undergraduate,6.0,In Person,2025
2600,COMP8960,Statistical Machine Learning,,Postgraduate,6.0,In Person,2025
2601,COMP8600,Statistical Machine Learning,First Semester,Postgraduate,6.0,In Person,2025
2602,STAT1003,Statistical Techniques,First Semester,Undergraduate,6.0,In Person,2025
2603,STAT4500,Statistics Honours Thesis,First Semester/Second Semester,Undergraduate,24.0,In Person,2025
2604,SOCR4001,Statistics for Social Scientists,First Semester,Undergraduate,6.0,In Person,2025
2605,SOCR8001,Statistics for Social Scientists,First Semester,Postgraduate,6.0,Online or In Person,2025
2606,LAWS8072,Statutory Interpretation,,Postgraduate,6.0,Online or In Person,2025
2607,MATH3015,Stochastic Analysis with Financial Applications,Second Semester,Undergraduate,6.0,In Person,2025
2608,MATH6115,Stochastic Analysis with Financial Applications,Second Semester,Postgraduate,6.0,In Person,2025
2609,STAT3004,Stochastic Processes,First Semester,Undergraduate,6.0,In Person,2025
2610,STAT4018,Stochastic Processes,First Semester,Undergraduate,6.0,In Person,2025
2611,STAT6018,Stochastic Processes,First Semester,Postgraduate,6.0,In Person,2025
2612,ENGL2085,Strange Home: Rethinking Australian Literature,,Undergraduate,6.0,In Person,2025
2613,MKTG7030,Strategic Digital Marketing,First Semester,Postgraduate,6.0,In Person,2025
2614,LAWS8409,Strategic Issues in the Law of Armed Conflict,,Postgraduate,6.0,Online,2025
2615,MGMT8022,Strategic Management,First Semester/Second Semester,Postgraduate,6.0,In Person,2025
2616,MKTG3023,Strategic Marketing,First Semester,Undergraduate,6.0,In Person,2025
2617,MKTG7028,Strategic Marketing Communications,Second Semester,Postgraduate,6.0,In Person,2025
2618,STST8001,Strategic Studies,First Semester,Postgraduate,6.0,In Person,2025
2619,STST8010,Strategic Studies Concepts and Asia Pacific Conflict,First Semester,Postgraduate,6.0,In Person,2025
2620,STST9010,Strategic Studies Concepts and Asia Pacific Conflict,First Semester,Postgraduate,6.0,Online or In Person,2025
2621,STST8064,Strategic Studies Experience,,Postgraduate,0.0,In Person,2025
2622,STST8059,Strategic Studies Internship,,Postgraduate,6.0,In Person,2025
2623,ECON2141,Strategic Thinking: An introduction to Game Theory,Second Semester,Undergraduate,6.0,In Person,2025
2624,STST8066,"Strategy, Statecraft and Diplomacy for the 21st Century",First Semester,Postgraduate,6.0,Online or In Person,2025
2625,EMSC6030,Structural Geology and Tectonics,Second Semester,Postgraduate,6.0,In Person,2025
2626,CHEM3204,Structural Methods in Chemical Biology,Winter Session,Undergraduate,6.0,In Person,2025
2627,CHEM6324,Structural Methods in Chemical Biology,Winter Session,Postgraduate,6.0,In Person,2025
2628,CHEM2210,Structure Elucidation in Chemistry,Summer Session/First Semester,Undergraduate,6.0,In Person,2025
2629,CHEM6210,Structure Elucidation in Chemistry,First Semester,Postgraduate,6.0,In Person,2025
2630,EMSC3002,Structure and Tectonic Evolution of the Australian Plate,Second Semester,Undergraduate,6.0,In Person,2025
2631,LING2020,Structure of English,,Undergraduate,6.0,In Person,2025
2632,COMP1110,Structured Programming,First Semester/Second Semester,Undergraduate,6.0,In Person,2025
2633,COMP6710,Structured Programming,First Semester/Second Semester,Postgraduate,6.0,In Person,2025
2634,COMP1140,Structured Programming (Advanced),Second Semester,Undergraduate,6.0,In Person,2025
2635,FINM3009,Student Managed Fund,First Semester/Second Semester,Undergraduate,6.0,In Person,2025
2636,FINM6009,Student Managed Fund,First Semester/Second Semester,Postgraduate,6.0,In Person,2025
2637,FINM3010,Student Managed Fund Extension,First Semester/Second Semester,Undergraduate,6.0,In Person,2025
2638,FINM6010,Student Managed Fund Extension,First Semester/Second Semester,Postgraduate,6.0,In Person,2025
2639,ASIA3037,Study Tour: Cultural Landscapes and Environmental Change in Asia and the Pacific,,Undergraduate,6.0,In Person,2025
2640,ASIA6012,Study Tour: Cultural Landscapes and Environmental Change in Asia and the Pacific,,Postgraduate,6.0,In Person,2025
2641,ASIA2022,Study Tour: Cultural Landscapes and Environmental Change in Asia and the Pacific,,Undergraduate,6.0,In Person,2025
2642,ASIA3084,"Study Tour: Modern Mongolia - Challenges to the Environment, Economy and Empire",Winter Session,Undergraduate,6.0,In Person,2025
2643,PASI2030,Study Tour: Regional Policymaking for Pacific Development,Winter Session/Second Semester,Undergraduate,6.0,In Person,2025
2644,PASI6030,Study Tour: Regional Policymaking for Pacific Development,Winter Session,Postgraduate,6.0,In Person,2025
2645,STST2020,Study tour: Southeast Asia's Security Choices,,Undergraduate,6.0,In Person,2025
2646,INTR8069,Studying International Relations,First Semester,Postgraduate,6.0,In Person,2025
2647,LAWS4236,Succession,Winter Session,Undergraduate,6.0,Online or In Person,2025
2648,LAWS8436,Succession,,Postgraduate,6.0,Online or In Person,2025
2649,ARCH8029,Supervised Field School Project in Archaeological Science,Spring Session,Postgraduate,6.0,In Person,2025
2650,ASIA8512,Supervised Project in Asia-Pacific Studies,Summer Session/First Semester/Autumn Session/Winter Session/Second Semester/Spring Session,Postgraduate,6.0,Online or In Person,2025
2651,BIAN3129,Supervised Research in Biological Anthropology,First Semester/Second Semester,Undergraduate,6.0,In Person,2025
2652,SOCY2157,Surveillance and Society,,Undergraduate,6.0,In Person,2025
2653,SOCY6064,Surveillance and Society,,Postgraduate,6.0,In Person,2025
2654,SOCR4002,Survey Data Analysis,Second Semester,Undergraduate,6.0,In Person,2025
2655,SOCR8002,Survey Data Analysis,Second Semester,Postgraduate,6.0,In Person,2025
2656,STAT3032,Survival Models,First Semester,Undergraduate,6.0,In Person,2025
2657,STAT4072,Survival Models,First Semester,Undergraduate,6.0,In Person,2025
2658,STAT6042,Survival Models,First Semester,Postgraduate,6.0,In Person,2025
2659,BUSN7017,"Sustainability and Corporate Social Responsibility, Accountability and Reporting",Second Semester,Postgraduate,6.0,In Person,2025
2660,ENVS2023,Sustainable Agricultural Systems,First Semester,Undergraduate,6.0,In Person,2025
2661,ENVS6223,Sustainable Agricultural Systems,First Semester,Postgraduate,6.0,In Person,2025
2662,MGMT7007,Sustainable Business Strategy: Net Zero and Beyond ,,Postgraduate,6.0,In Person,2025
2663,ENVS8019,Sustainable Futures: Thinking in Systems,Second Semester,Postgraduate,6.0,In Person,2025
2664,MKTG2002,Sustainable Marketing,First Semester,Undergraduate,6.0,In Person,2025
2665,ENVS2012,Sustainable Urban Systems,Spring Session,Undergraduate,6.0,In Person,2025
2666,ENVS8605,Sustainable Urban Systems,,Postgraduate,6.0,In Person,2025
2667,CHEM3201,Synthetic Aspects of Medicinal Chemistry,First Semester,Undergraduate,6.0,In Person,2025
2668,MEAS6007,"Syria in the Levant: State, Society, and the Current Turmoil",First Semester,Postgraduate,6.0,In Person,2025
2669,MEAS3007,"Syria in the Levant: State, Society, and the Current Turmoil",First Semester,Undergraduate,6.0,In Person,2025
2670,ENGN3331,System Dynamics,First Semester,Undergraduate,6.0,In Person,2025
2671,ENGN6331,Systems Dynamics,First Semester,Postgraduate,6.0,In Person,2025
2672,ENGN4221,Systems Engineering Project,,Undergraduate,6.0,In Person,2025
2673,ENGN8120,Systems Modelling,Second Semester,Postgraduate,6.0,In Person,2025
2674,NEUR3112,Systems Neuroscience,Second Semester,Undergraduate,6.0,In Person,2025
2675,NEUR6102,Systems Neuroscience,Second Semester,Postgraduate,6.0,In Person,2025
2676,COMP6310,"Systems, Networks and Concurrency",Second Semester,Postgraduate,6.0,In Person,2025
2677,COMP2310,"Systems, Networks, and Concurrency",Second Semester,Undergraduate,6.0,In Person,2025
2678,ASIA2072,Taiwan: History and Culture,Second Semester,Undergraduate,6.0,In Person,2025
2679,ASIA6072,Taiwan: History and Culture,Second Semester,Postgraduate,6.0,In Person,2025
2680,CHIN2013,Taiwanese (Southern Min),Autumn Session,Undergraduate,6.0,In Person,2025
2681,ASIA2222,Taiwanese Society and Politics,Summer Session,Undergraduate,6.0,In Person,2025
2682,CRIM2015,Targeted Violence: Criminological Approaches to Understanding and Prevention,Second Semester,Undergraduate,6.0,Online or In Person,2025
2683,BUSN7021,Taxation Law,First Semester/Second Semester,Postgraduate,6.0,In Person,2025
2684,JPNS3012,Teaching Japanese: Content,,Undergraduate,6.0,In Person,2025
2685,JPNS3014,Teaching Japanese: Method,Second Semester,Undergraduate,6.0,In Person,2025
2686,LING2013,Teaching Languages,First Semester,Undergraduate,6.0,In Person,2025
2687,LING6013,Teaching Languages,First Semester,Postgraduate,6.0,In Person,2025
2688,MGMT3002,Techniques for Business Project Management,Second Semester,Undergraduate,6.0,In Person,2025
2689,MGMT7020,Technology and Project Management,First Semester/Winter Session/Second Semester,Postgraduate,6.0,Online or In Person,2025
2690,ENGL2116,Televisual: Investigating Narrative Television,,Undergraduate,6.0,In Person,2025
2691,HIST1209,Terror to Terrorism: A History,Second Semester,Undergraduate,6.0,In Person,2025
2692,POLS8027,Terrorism and Counter Terrorism,,Postgraduate,6.0,In Person,2025
2693,POLS4027,Terrorism and Counter Terrorism,,Undergraduate,6.0,In Person,2025
2694,NSPO8046,Terrorism and national security,Spring Session,Postgraduate,3.0,In Person,2025
2695,TETM1002,Tetum 1,First Semester,Undergraduate,6.0,Online,2025
2696,TETM1003,Tetum 2,Second Semester,Undergraduate,6.0,Online,2025
2697,TETM2004,Tetum 3,First Semester,Undergraduate,6.0,Online,2025
2698,TETM2005,Tetum 4,Second Semester,Undergraduate,6.0,Online,2025
2699,ARTV1950,Textiles 1,First Semester/Second Semester,Undergraduate,6.0,In Person,2025
2700,ARTV2950,Textiles 2,First Semester/Second Semester,Undergraduate,6.0,In Person,2025
2701,ENGL2020,Texts in Performance,,Undergraduate,6.0,In Person,2025
2702,THAI1002,Thai 1,First Semester,Undergraduate,6.0,Online,2025
2703,THAI1003,Thai 2,Second Semester,Undergraduate,6.0,Online,2025
2704,THAI2002,Thai 3,First Semester,Undergraduate,6.0,Online or In Person,2025
2705,THAI2003,Thai 4,Second Semester,Undergraduate,6.0,Online or In Person,2025
2706,THAI3002,Thai 5,First Semester,Undergraduate,6.0,Online or In Person,2025
2707,THAI3008,Thai 6,Second Semester,Undergraduate,6.0,Online or In Person,2025
2708,ARCH6050,The Archaeology of South East Asia,,Postgraduate,6.0,In Person,2025
2709,ECHI1006,The Australian Economy: Past and Present,First Semester,Undergraduate,6.0,In Person,2025
2710,EMSC1006,The Blue Planet: An Introduction to Earth System Science,First Semester,Undergraduate,6.0,In Person,2025
2711,EMSC6107,The Blue Planet: an Introduction to Earth System Science,First Semester,Postgraduate,6.0,In Person,2025
2712,ASIA8023,The Body in Contemporary Chinese Cultures,,Postgraduate,6.0,In Person,2025
2713,IDEC8021,The Chinese Economy,Second Semester,Postgraduate,6.0,Online or In Person,2025
2714,HIST2141,The Cold War: 1945-1989,Second Semester,Undergraduate,6.0,In Person,2025
2715,ASIA3034,The Contemporary Chinese World: From Mao to Now,Second Semester,Undergraduate,6.0,In Person,2025
2716,SOCS9101,"The Craft of History: Approaches, Themes, Methods",First Semester,Postgraduate,6.0,In Person,2025
2717,POGO8016,The Economic Way of Thinking,First Semester,Postgraduate,6.0,In Person,2025
2718,IDEC8081,The Economics of Incentives and Institutions,,Postgraduate,6.0,Online or In Person,2025
2719,ECON4491,"The Economy, Politics and the State",,Undergraduate,6.0,In Person,2025
2720,ECON8091,"The Economy, Politics and the State",,Postgraduate,6.0,In Person,2025
2721,ECON2091,"The Economy, Politics and the State",,Undergraduate,6.0,In Person,2025
2722,HIST8228,The Enlightenment and Its Critics: 1700 to the Present,,Postgraduate,6.0,Online or In Person,2025
2723,HIST3228,The Enlightenment: Europe and the World 1660-1800,,Undergraduate,6.0,In Person,2025
2724,ENGN4902,The Environmental Impacts of Engineered Systems,First Semester,Undergraduate,6.0,In Person,2025
2725,DESN2012,The Ethics of Making: Design for Reparative Practices,Second Semester,Undergraduate,6.0,In Person,2025
2726,NSPO8018,The Evolution of National Security Policy since 1945,First Semester,Postgraduate,6.0,In Person,2025
2727,INTR8046,The Evolution of the International System,Second Semester,Postgraduate,6.0,In Person,2025
2728,NSPO8048,The Future of Intelligence,Winter Session,Postgraduate,3.0,Online or In Person,2025
2729,POGO8213,The Global Trading System,,Postgraduate,6.0,In Person,2025
2730,HIST2214,The Great War. The Conflict that Changed the World.,First Semester,Undergraduate,6.0,In Person,2025
2731,HIST2206,"The Great War’s Battlefields: A Study Tour of Gallipoli, the Western Front and Paris",Autumn Session,Undergraduate,12.0,In Person,2025
2732,MEAS4113,The Gulf Strategic Environment,First Semester,Undergraduate,6.0,In Person,2025
2733,MEAS8113,The Gulf Strategic Environment,First Semester,Postgraduate,6.0,Online or In Person,2025
2734,ARCH6006,The History of Archaeology: Discovering the Past,,Postgraduate,6.0,In Person,2025
2735,BIAN6001,The Human Voyage: Intoduction to Biological Anthropology,Second Semester,Postgraduate,6.0,Online or In Person,2025
2736,BIAN1001,The Human Voyage: Introduction to Biological Anthropology,Second Semester,Undergraduate,6.0,In Person,2025
2737,ASIA3088,The Korean War,Second Semester,Undergraduate,6.0,In Person,2025
2738,ASIA6087,The Korean War,Second Semester,Postgraduate,6.0,In Person,2025
2739,LAWS8125,The Law of Corporate Governance,Winter Session,Postgraduate,6.0,Online or In Person,2025
2740,LAWS4312,The Law of Money,,Undergraduate,6.0,In Person,2025
2741,LAWS8401,The Law of Weaponry and Targeting,,Postgraduate,6.0,Online,2025
2742,POGO8243,The Localist Revolution – The Changing Face of Local Government ,Autumn Session,Postgraduate,3.0,Online or In Person,2025
2743,ENGL2040,The Making of Literature: Topics in Literary Production and Reception,,Undergraduate,6.0,In Person,2025
2744,ASIA2009,The Making of Modern Japan: From Samurai to Economic Superpower and Beyond,First Semester,Undergraduate,6.0,In Person,2025
2745,ASIA6010,The Making of Modern Japan: From Samurai to Economic Superpower and Beyond,First Semester,Postgraduate,6.0,In Person,2025
2746,ASIA6006,The Making of Modern Korea,First Semester,Postgraduate,6.0,In Person,2025
2747,ASIA2040,The Making of Modern Korea,First Semester,Undergraduate,6.0,In Person,2025
2748,ASIA2271,The Making of South Asia,,Undergraduate,6.0,In Person,2025
2749,ASIA6271,The Making of South Asia,,Postgraduate,6.0,In Person,2025
2750,PHIL3077,The Metaphysics of David Lewis,,Undergraduate,6.0,In Person,2025
2751,ASIA2016,The Mongol Empire in World History,,Undergraduate,6.0,In Person,2025
2752,ASIA6116,The Mongol Empire in World History,,Postgraduate,6.0,In Person,2025
2753,CLAS2013,"The Muse and the Machine: The Arts, Technology and Society in Graeco-Roman Antiquity",Second Semester,Undergraduate,6.0,In Person,2025
2754,ARCH8045,The Ochre Card: Effective Indigenous engagement and learning country through our eyes,Autumn Session,Postgraduate,6.0,In Person,2025
2755,ASIA1999,The Origins of Political Order in Asia,Second Semester,Undergraduate,6.0,In Person,2025
2756,BAPA1001,The Origins of Political Order in Asia,Spring Session,Undergraduate,6.0,In Person,2025
2757,DESN1004,"The Past as Prototype: History, Ethics and Concepts for Design in the Twenty-First Century",First Semester,Undergraduate,6.0,In Person,2025
2758,PHIL3078,The Philosophy of Emotions,Second Semester,Undergraduate,6.0,In Person,2025
2759,PHIL3075,"The Philosophy of Gender: Knowledge, Power, Bodies",First Semester,Undergraduate,6.0,In Person,2025
2760,PHIL2127,The Philosophy of Time,Second Semester,Undergraduate,6.0,In Person,2025
2761,ASIA2275,The Pleasures and Powers of Stories in South and Southeast Asia,,Undergraduate,6.0,In Person,2025
2762,REGN8050,The Policy and Practice of Regulation,Second Semester,Postgraduate,6.0,Online or In Person,2025
2763,PASI8307,The Political Economy of Service Delivery in Melanesia,,Postgraduate,3.0,Online or In Person,2025
2764,MEAS2105,The Political Economy of the Middle East,First Semester,Undergraduate,6.0,Online or In Person,2025
2765,POGO8402,The Political and Institutional Architecture of Public Policy,Second Semester,Postgraduate,6.0,Online or In Person,2025
2766,PASI8005,The Politics of Aid and Development in the Pacific,Second Semester,Postgraduate,6.0,Online or In Person,2025
2767,ASIA6026,The Politics of China,Second Semester,Postgraduate,6.0,In Person,2025
2768,ASIA2026,The Politics of China,Second Semester,Undergraduate,6.0,In Person,2025
2769,POLS6100,The Politics of Empire,Second Semester,Postgraduate,6.0,In Person,2025
2770,POLS3032,The Politics of Empire,Second Semester,Undergraduate,6.0,In Person,2025
2771,POLS3134,"The Politics of Gender, Race and Indentity",,Undergraduate,6.0,Online or In Person,2025
2772,INTR2024,The Politics of Nuclear Weapons,,Undergraduate,6.0,In Person,2025
2773,HIST9102,The Professional Historian: Advanced Training,Second Semester,Postgraduate,6.0,In Person,2025
2774,PSYC8416,"The Psychology of Equity, Diversity and Intergroup Relations",,Postgraduate,6.0,In Person,2025
2775,PSYC8415,"The Psychology of Leadership, Performance and Change",,Postgraduate,6.0,In Person,2025
2776,ARTV2909,The Public Project: Engaging with Institutions and Communities,Summer Session,Undergraduate,6.0,In Person,2025
2777,STST8052,The Resort to Force: Understanding Military Power,Second Semester,Postgraduate,6.0,In Person,2025
2778,DIPL8016,The Role of Non-State Actors in East Asian Diplomacy,First Semester,Postgraduate,6.0,Online or In Person,2025
2779,LAWS4339,The Rule of Law and Constitutionalism in Greater China,,Undergraduate,6.0,Online or In Person,2025
2780,LAWS8339,The Rule of Law and Constitutionalism in Greater China,,Postgraduate,6.0,Online or In Person,2025
2781,MUSI7003,The Scholar Musician 1,,Postgraduate,6.0,In Person,2025
2782,LING8013,The Social Life of Language,Second Semester,Postgraduate,6.0,In Person,2025
2783,PSYC3002,The Social Psychology of Group Processes and Social Change,First Semester,Undergraduate,6.0,In Person,2025
2784,FREN3515,The Sounds of French: Phonetics and Pronunciation,Second Semester,Undergraduate,6.0,In Person,2025
2785,HIST2242,The Soviet Union: From the Russian Revolution to the Collapse of Communism,,Undergraduate,6.0,In Person,2025
2786,LING6020,The Structure of English,,Postgraduate,6.0,Online or In Person,2025
2787,PSYC1005,The Wellbeing Formula: The Science and Practice of Making a Good Life,Second Semester,Undergraduate,6.0,Online or In Person,2025
2788,ECHI6009,The World Economy Since 1800,Second Semester,Postgraduate,6.0,In Person,2025
2789,ARCH6130,"The archaeology of rock art in Asia, Pacific and Australia ",Summer Session,Postgraduate,6.0,In Person,2025
2790,ASIA2130,"The archaeology of rock art in Asia, Pacific and Australia ",Summer Session,Undergraduate,6.0,In Person,2025
2791,ENGL3008,Theories and Methodologies for Literary Studies,First Semester,Undergraduate,6.0,In Person,2025
2792,ARTH3007,Theories of Art History and Curatorial Studies,Second Semester,Undergraduate,6.0,In Person,2025
2793,PHIL2020,Theories of Social Justice,First Semester,Undergraduate,6.0,In Person,2025
2794,BIAN8005,Theory Seminar in Biological Anthropology,First Semester,Postgraduate,6.0,In Person,2025
2795,BIAN4010,Theory Seminar in Biological Anthropology and Archaeology,First Semester,Undergraduate,12.0,In Person,2025
2796,MMIB8008,Theory in Business Management: Process and Content,First Semester,Postgraduate,6.0,In Person,2025
2797,COMP3630,Theory of Computation,First Semester,Undergraduate,6.0,In Person,2025
2798,COMP6363,Theory of Computation,First Semester,Postgraduate,6.0,In Person,2025
2799,MATH8202,Theory of Partial Differential Equations,Second Semester,Postgraduate,6.0,In Person,2025
2800,MATH4202,Theory of Partial Differential Equations Honours,Second Semester,Undergraduate,6.0,In Person,2025
2801,PHYS2020,Thermal and Statistical Physics,First Semester,Undergraduate,6.0,In Person,2025
2802,PHYS6020,Thermal and Statistical Physics,First Semester,Postgraduate,6.0,In Person,2025
2803,INTR8038,Thesis,First Semester/Second Semester,Postgraduate,24.0,Online or In Person,2025
2804,THES4103,Thesis,First Semester/Second Semester,Undergraduate,6.0,In Person,2025
2805,THES4502,Thesis,First Semester/Second Semester,Undergraduate,6.0,In Person,2025
2806,THES8100,Thesis,First Semester/Second Semester,Postgraduate,6.0,In Person,2025
2807,THES8102,Thesis,First Semester/Second Semester,Postgraduate,6.0,In Person,2025
2808,THES8105,Thesis,First Semester/Second Semester,Postgraduate,6.0,In Person,2025
2809,NSPO8031,Thesis,First Semester/Second Semester,Postgraduate,12.0,Online or In Person,2025
2810,EMDV8016,Thesis,Second Semester,Postgraduate,12.0,Online or In Person,2025
2811,THES4102,Thesis,First Semester/Second Semester,Undergraduate,6.0,In Person,2025
2812,THES4501,Thesis,First Semester/Second Semester,Undergraduate,6.0,In Person,2025
2813,REGN8008,Thesis,First Semester/Second Semester,Postgraduate,24.0,Online or In Person,2025
2814,THES4100,Thesis,First Semester/Second Semester,Undergraduate,6.0,In Person,2025
2815,THES4105,Thesis,First Semester/Second Semester,Undergraduate,6.0,In Person,2025
2816,THES8103,Thesis,First Semester/Second Semester,Postgraduate,6.0,In Person,2025
2817,ASIA8500,Thesis (24 units),First Semester/Second Semester,Postgraduate,24.0,In Person,2025
2818,THES8113,Thesis (Online),First Semester/Second Semester,Postgraduate,6.0,Online,2025
2819,INTR8039,Thesis (Part Time),First Semester/Second Semester,Postgraduate,12.0,Online or In Person,2025
2820,STST8071,Thesis - Full-time,First Semester/Second Semester,Postgraduate,24.0,In Person,2025
2821,STST8072,Thesis - Part-time,First Semester/Second Semester,Postgraduate,12.0,In Person,2025
2822,REGN8025,Thesis - Part-time,First Semester/Second Semester,Postgraduate,12.0,Online or In Person,2025
2823,ENGL4020,Thesis Writing Workshop,First Semester/Second Semester,Undergraduate,6.0,In Person,2025
2824,HCAI9104,Thesis Writing Workshop: The Five Essential Elements of a Thesis,Second Semester,Postgraduate,6.0,In Person,2025
2825,MATH4005,Thesis and Presentations in Mathematics,Summer Session/First Semester/Second Semester,Undergraduate,6.0,In Person,2025
2826,SCOM4005,Thesis and Seminar in Science Communication,First Semester/Second Semester,Undergraduate,6.0,In Person,2025
2827,ARCH3023,Thinking Through the Past: Archaeological Theory from 1950,First Semester,Undergraduate,6.0,In Person,2025
2828,MGMT7060,Thought Leadership in Organisations,Second Semester,Postgraduate,6.0,In Person,2025
2829,TIBN1002,Tibetan 1,First Semester,Undergraduate,6.0,Online,2025
2830,TIBN1003,Tibetan 2,Second Semester,Undergraduate,6.0,Online,2025
2831,TIBN2004,Tibetan 3,First Semester,Undergraduate,6.0,Online,2025
2832,TIBN2005,Tibetan 4,Second Semester,Undergraduate,6.0,Online,2025
2833,TOKP1002,Tok Pisin 1,First Semester,Undergraduate,6.0,Online,2025
2834,TOKP1003,Tok Pisin 2,Second Semester,Undergraduate,6.0,Online,2025
2835,TOKP2001,Tok Pisin 3,First Semester,Undergraduate,6.0,Online,2025
2836,TOKP2002,Tok Pisin 4,Second Semester,Undergraduate,6.0,Online,2025
2837,MGMT7170,Tools and Techniques for Business Project Management,First Semester,Postgraduate,6.0,In Person,2025
2838,LING3126,Topics in Advanced Syntax and Morphology,,Undergraduate,6.0,In Person,2025
2839,LING6026,Topics in Advanced Syntax and Morphology,,Postgraduate,6.0,In Person,2025
2840,PHIL2014,Topics in Analytic Philosophy,,Undergraduate,6.0,In Person,2025
2841,ASIA9051,Topics in Asia and Pacific Research,First Semester/Second Semester,Postgraduate,6.0,In Person,2025
2842,CLAS8008,Topics in Classics,Second Semester,Postgraduate,12.0,In Person,2025
2843,CLAS4008,Topics in Classics,Second Semester,Undergraduate,12.0,In Person,2025
2844,MATH8201,Topics in Computational Maths,First Semester,Postgraduate,6.0,In Person,2025
2845,MATH4201,Topics in Computational Maths Honours,First Semester,Undergraduate,6.0,In Person,2025
2846,COMP3710,Topics in Computer Science,,Undergraduate,6.0,In Person,2025
2847,ENVS8048,Topics in Environment and Society,Summer Session/First Semester/Autumn Session/Winter Session/Second Semester/Spring Session,Postgraduate,6.0,In Person,2025
2848,HIST3012,Topics in History,First Semester,Undergraduate,6.0,In Person,2025
2849,FINM8007,Topics in International Finance,First Semester/Second Semester,Postgraduate,6.0,In Person,2025
2850,LING9001,Topics in Linguistics,Second Semester,Postgraduate,6.0,In Person,2025
2851,ECON4401,Topics in Macroeconomics,,Undergraduate,6.0,In Person,2025
2852,ECON8001,Topics in Macroeconomics,,Postgraduate,6.0,In Person,2025
2853,MATH6211,Topics in Mathematical Physics,Second Semester,Postgraduate,6.0,In Person,2025
2854,ECON8021,Topics in Microeconomic Theory,Second Semester,Postgraduate,6.0,In Person,2025
2855,ECON4421,Topics in Microeconomic Theory,Second Semester,Undergraduate,6.0,In Person,2025
2856,MUSI2231,Topics in Music Analysis,First Semester/Second Semester,Undergraduate,6.0,In Person,2025
2857,MUSI2232,Topics in Music Technology,,Undergraduate,6.0,In Person,2025
2858,PNPI2001,"Topics in Philosophy, Neuroscience, and Psychology",,Undergraduate,6.0,In Person,2025
2859,PHIL2082,Topics in the Philosophy of Biology,,Undergraduate,6.0,In Person,2025
2860,LAWS4233,Tort Liability and Public Authorities,First Semester,Undergraduate,6.0,Online or In Person,2025
2861,LAWS8142,Tort Liability and Public Authorities,First Semester,Postgraduate,6.0,Online or In Person,2025
2862,LAWS1203,Torts,First Semester,Undergraduate,6.0,In Person,2025
2863,LAWS6103,Torts,First Semester,Postgraduate,6.0,In Person,2025
2864,EMDV8017,Toxic: Environmental Pollution and Waste,,Postgraduate,6.0,Online or In Person,2025
2865,FINM4017,Trading and Markets,Second Semester,Undergraduate,6.0,In Person,2025
2866,FINM8017,Trading and Markets,Second Semester,Postgraduate,6.0,In Person,2025
2867,ANTH6005,"Traditional Australian Indigenous Cultures, Societies and Environment",,Postgraduate,6.0,In Person,2025
2868,ANTH2005,"Traditional Australian Indigenous Cultures, Societies and Environment",,Undergraduate,6.0,In Person,2025
2869,EMDV8101,Transformative Approaches to Sustainability,Second Semester,Postgraduate,6.0,Online or In Person,2025
2870,SOCY3124,Transforming Society,Second Semester,Undergraduate,6.0,In Person,2025
2871,LANG8016,Translation Project,Second Semester,Postgraduate,6.0,In Person,2025
2872,LANG6002,Translation across Languages: Specialised Materials,,Postgraduate,6.0,In Person,2025
2873,LAWS8009,Transnational Anti-Corruption Laws,Second Semester,Postgraduate,6.0,Online or In Person,2025
2874,LANG4100,Transnational Cultural Studies,,Undergraduate,12.0,In Person,2025
2875,DIPL8001,Transnational Diplomacy,First Semester,Postgraduate,6.0,Online or In Person,2025
2876,SCRN3001,Transnational Screens: Crossing Borders and Identities,First Semester,Undergraduate,6.0,In Person,2025
2877,ASIA3272,Truth and Falsity in Indian History and Politics,,Undergraduate,6.0,In Person,2025
2878,ASIA6272,Truth and Falsity in Indian History and Politics,,Postgraduate,6.0,Online or In Person,2025
2879,MMIB8007,Tsinghua Research Project,,Postgraduate,6.0,Online or In Person,2025
2880,HIST2219,"Tudor-Stuart England, c.1485-1714: Politics, Society and Culture",First Semester,Undergraduate,6.0,In Person,2025
2881,MEAS2004,Turkish Politics and Foreign Policy,,Undergraduate,6.0,In Person,2025
2882,MEAS6504,Turkish Politics and Foreign Policy,,Postgraduate,6.0,In Person,2025
2883,DESN2009,Typography in Context,Second Semester,Undergraduate,6.0,In Person,2025
2884,POLS3127,U.S. Politics,First Semester,Undergraduate,6.0,In Person,2025
2885,HUMN8019,UNESCO and World Heritage: Conserving Heritage Values,Autumn Session,Postgraduate,6.0,Online,2025
2886,INTR8085,US-China Great Power Politics,,Postgraduate,6.0,In-Person and Online,2025
2887,ARCH1001,Uncovering the Past: A survey of global archaeology and methods,Second Semester,Undergraduate,6.0,In Person,2025
2888,LAWS4300,Undergraduate Law Dissertation,First Semester/Second Semester,Undergraduate,12.0,In Person,2025
2889,MUSC8012,Understanding Learning in Museums and Heritage,Winter Session,Postgraduate,6.0,Online or In Person,2025
2890,SOCY3007,Understanding Neoliberalism,,Undergraduate,6.0,Online or In Person,2025
2891,INTR1021,Understanding Peace and Conflict,First Semester,Undergraduate,6.0,In Person,2025
2892,BAPA1002,Understanding Peace and Conflict,Spring Session,Undergraduate,6.0,In Person,2025
2893,DEMO2001,Understanding Population Change,Second Semester,Undergraduate,6.0,In Person,2025
2894,ANTH3018,"Unfreedoms: Anthropological Explorations of Oppression, Tyranny and Domination",First Semester,Undergraduate,6.0,In Person,2025
2895,POGO8234,Unpacking Policy Capacity,Summer Session,Postgraduate,3.0,In Person,2025
2896,LAWS4001,Unravelling Complexity,First Semester/Second Semester,Undergraduate,6.0,In Person,2025
2897,INDG2009,Unsettling: Critical Indigenous Studies in Australia,Autumn Session,Undergraduate,6.0,In Person,2025
2898,ENGN8832,Urban Energy and Energy Efficiency,Second Semester,Postgraduate,6.0,Online,2025
2899,SOCR8202,Using Data to Answer Policy Questions and Evaluate Policy,Second Semester,Postgraduate,6.0,Online or In Person,2025
2900,ENGL3036,Victorian Literature,,Undergraduate,6.0,In Person,2025
2901,ENVS2017,Vietnam Field School,Summer Session,Undergraduate,6.0,In Person,2025
2902,ENVS6017,Vietnam Field School,Summer Session,Postgraduate,6.0,In Person,2025
2903,VIET1002,Vietnamese 1,First Semester,Undergraduate,6.0,Online,2025
2904,VIET1003,Vietnamese 2,Second Semester,Undergraduate,6.0,Online,2025
2905,VIET2002,Vietnamese 3,First Semester,Undergraduate,6.0,Online,2025
2906,VIET2003,Vietnamese 4,Second Semester,Undergraduate,6.0,Online,2025
2907,VIET3002,Vietnamese 5,First Semester,Undergraduate,6.0,Online,2025
2908,VIET3003,Vietnamese 6,Second Semester,Undergraduate,6.0,Online,2025
2909,SPAN3100,Violence and Power in Hispanic Literature: Crímenes Perfectos,,Undergraduate,6.0,Online or In Person,2025
2910,ANTH2130,Violence and Terror,,Undergraduate,6.0,In Person,2025
2911,ANTH6516,Violence and Terror,,Postgraduate,6.0,In Person,2025
2912,DESN1002,Visual Communication: Design and Production,First Semester,Undergraduate,6.0,In Person,2025
2913,PSYC3015,Visual and Cognitive Neuroscience,Second Semester,Undergraduate,6.0,In Person,2025
2914,FREN3107,Voyages littéraires: Literature in French,,Undergraduate,6.0,In Person,2025
2915,POLS2132,War and International Relations,Second Semester,Undergraduate,6.0,Online or In Person,2025
2916,WARS2004,War in the Islands: The Second World War in the Pacific,,Undergraduate,6.0,In Person,2025
2917,WARS6006,War in the Islands: The Second World War in the Pacific,,Postgraduate,6.0,Online or In Person,2025
2918,EMDV8079,"Water Justice, Management and Governance",Autumn Session,Postgraduate,6.0,Online or In Person,2025
2919,ENVS3005,Water Management,First Semester,Undergraduate,6.0,In Person,2025
2920,ENVS6555,Water Management,First Semester,Postgraduate,6.0,In Person,2025
2921,ENVS2020,Water Science,Summer Session,Undergraduate,6.0,In Person,2025
2922,ENVS6022,Water Science,Summer Session,Postgraduate,6.0,In Person,2025
2923,ENGN4901,Water Systems Engineering,First Semester,Undergraduate,6.0,In Person,2025
2924,MEAS4002,"Ways of Reading the Middle East, Central Asia and their Diasporas: the Big Issues",,Undergraduate,6.0,In Person,2025
2925,COMP1710,Web Development and Design,,Undergraduate,6.0,In Person,2025
2926,COMP6780,Web Development and Design,,Postgraduate,6.0,In Person,2025
2927,ASIA2304,What is Literature? Asian Perspectives,First Semester,Undergraduate,6.0,In Person,2025
2928,STST2005,Why Nations Fight: The Causes of International Conflict,,Undergraduate,6.0,In Person,2025
2929,HLTH6004,Wicked Problems in Health Science,Second Semester,Postgraduate,6.0,In Person,2025
2930,HLTH3004,Wicked Problems in Health Science,Second Semester,Undergraduate,6.0,In Person,2025
2931,ENGN4548,Wind Energy,Second Semester,Undergraduate,6.0,In Person,2025
2932,ENGN6548,Wind Energy,Second Semester,Postgraduate,6.0,In Person,2025
2933,ENGN6536,Wireless Communications,Second Semester,Postgraduate,6.0,In Person,2025
2934,ENGN4536,Wireless Communications,Second Semester,Undergraduate,6.0,In Person,2025
2935,INTR8077,"Women, Peace and Security: Defining and Addressing Complex Security Challenges of the 21st Century",Winter Session,Postgraduate,6.0,In Person,2025
2936,POGO8068,Work Based Research Project,Autumn Session,Postgraduate,12.0,In Person,2025
2937,LAWS8341,Work and the Gig Economy ,,Postgraduate,6.0,Online,2025
2938,ECHI3009,World Economy Since 1800,Second Semester,Undergraduate,6.0,In Person,2025
2939,HIST2136,"World at War, 1939-1945",,Undergraduate,6.0,Online or In Person,2025
2940,ENGL2789,Writing Climate: Form and Crisis,,Undergraduate,6.0,In Person,2025
2941,GEND3016,Writing Lives: Autobiography in Fiction and Memoir,First Semester,Undergraduate,6.0,In Person,2025
2942,ARTV8030,Writing about practice-led research,Autumn Session,Postgraduate,6.0,In Person,2025
2943,ENGL2451,"Writing and Technology: Theories, Texts and Debates",,Undergraduate,6.0,In Person,2025
2944,HCAI9002,Writing for Publication: Developing an Academic Paper,First Semester,Postgraduate,6.0,In Person,2025
2945,HUMN8026,Writing in the Public Sphere,,Postgraduate,6.0,Online or In Person,2025
2946,ASIA3551,Year in Asia,First Semester/Second Semester,Undergraduate,24.0,In Person,2025
2947,CRIM2006,Young People and Crime: Developmental Criminology and its Discontents,,Undergraduate,6.0,In Person,2025
2948,GEND2037,"Young People, Sex and Consent",,Undergraduate,6.0,In Person,2025
2949,LAWS6267,Youth Law Clinic,Summer Session/First Semester/Second Semester,Postgraduate,6.0,In Person,2025
2950,LAWS4267,Youth Law Clinic,Summer Session/First Semester/Second Semester,Undergraduate,6.0,In Person,2025
